epoch,lr-AdamW/pg1,lr-AdamW/pg2,step,train/acc_speed,train/acc_x,train/acc_y,train/acc_yaw,train/loss_all,train/loss_egospeed,train/loss_forecast,train/loss_path,train/loss_speed,train/loss_wp,train/loss_x,train/loss_y,train/loss_yaw,val/loss_all,val/loss_egospeed,val/loss_forecast,val/loss_path,val/loss_wp
,7.207207207207207e-07,7.207207207207207e-07,4,,,,,,,,,,,,,,,,,,
,1.6216216216216216e-06,1.6216216216216216e-06,9,,,,,,,,,,,,,,,,,,
,2.5225225225225225e-06,2.5225225225225225e-06,14,,,,,,,,,,,,,,,,,,
,3.4234234234234234e-06,3.4234234234234234e-06,19,,,,,,,,,,,,,,,,,,
,4.324324324324324e-06,4.324324324324324e-06,24,,,,,,,,,,,,,,,,,,
,5.225225225225225e-06,5.225225225225225e-06,29,,,,,,,,,,,,,,,,,,
,6.1261261261261255e-06,6.1261261261261255e-06,34,,,,,,,,,,,,,,,,,,
,7.027027027027027e-06,7.027027027027027e-06,39,,,,,,,,,,,,,,,,,,
,7.927927927927927e-06,7.927927927927927e-06,44,,,,,,,,,,,,,,,,,,
,8.828828828828828e-06,8.828828828828828e-06,49,,,,,,,,,,,,,,,,,,
,9.72972972972973e-06,9.72972972972973e-06,54,,,,,,,,,,,,,,,,,,
,1.0630630630630629e-05,1.0630630630630629e-05,59,,,,,,,,,,,,,,,,,,
,1.153153153153153e-05,1.153153153153153e-05,64,,,,,,,,,,,,,,,,,,
,1.2432432432432431e-05,1.2432432432432431e-05,69,,,,,,,,,,,,,,,,,,
,1.3333333333333333e-05,1.3333333333333333e-05,74,,,,,,,,,,,,,,,,,,
,1.4234234234234234e-05,1.4234234234234234e-05,79,,,,,,,,,,,,,,,,,,
,1.5135135135135132e-05,1.5135135135135132e-05,84,,,,,,,,,,,,,,,,,,
,1.6036036036036033e-05,1.6036036036036033e-05,89,,,,,,,,,,,,,,,,,,
,1.6936936936936935e-05,1.6936936936936935e-05,94,,,,,,,,,,,,,,,,,,
,1.7837837837837837e-05,1.7837837837837837e-05,99,,,,,,,,,,,,,,,,,,
,1.8738738738738736e-05,1.8738738738738736e-05,104,,,,,,,,,,,,,,,,,,
,1.963963963963964e-05,1.963963963963964e-05,109,,,,,,,,,,,,,,,,,,
,2.0540540540540537e-05,2.0540540540540537e-05,114,,,,,,,,,,,,,,,,,,
,2.144144144144144e-05,2.144144144144144e-05,119,,,,,,,,,,,,,,,,,,
,2.234234234234234e-05,2.234234234234234e-05,124,,,,,,,,,,,,,,,,,,
,2.324324324324324e-05,2.324324324324324e-05,129,,,,,,,,,,,,,,,,,,
,2.4144144144144142e-05,2.4144144144144142e-05,134,,,,,,,,,,,,,,,,,,
,2.5045045045045044e-05,2.5045045045045044e-05,139,,,,,,,,,,,,,,,,,,
,2.5945945945945946e-05,2.5945945945945946e-05,144,,,,,,,,,,,,,,,,,,
,2.6846846846846845e-05,2.6846846846846845e-05,149,,,,,,,,,,,,,,,,,,
,2.7747747747747744e-05,2.7747747747747744e-05,154,,,,,,,,,,,,,,,,,,
,2.8648648648648646e-05,2.8648648648648646e-05,159,,,,,,,,,,,,,,,,,,
,2.9549549549549545e-05,2.9549549549549545e-05,164,,,,,,,,,,,,,,,,,,
,3.0450450450450447e-05,3.0450450450450447e-05,169,,,,,,,,,,,,,,,,,,
,3.135135135135135e-05,3.135135135135135e-05,174,,,,,,,,,,,,,,,,,,
,3.225225225225225e-05,3.225225225225225e-05,179,,,,,,,,,,,,,,,,,,
,3.315315315315315e-05,3.315315315315315e-05,184,,,,,,,,,,,,,,,,,,
,3.4054054054054055e-05,3.4054054054054055e-05,189,,,,,,,,,,,,,,,,,,
,3.495495495495495e-05,3.495495495495495e-05,194,,,,,,,,,,,,,,,,,,
,3.585585585585585e-05,3.585585585585585e-05,199,,,,,,,,,,,,,,,,,,
,3.675675675675675e-05,3.675675675675675e-05,204,,,,,,,,,,,,,,,,,,
,3.765765765765766e-05,3.765765765765766e-05,209,,,,,,,,,,,,,,,,,,
,3.8558558558558556e-05,3.8558558558558556e-05,214,,,,,,,,,,,,,,,,,,
,3.9459459459459455e-05,3.9459459459459455e-05,219,,,,,,,,,,,,,,,,,,
,4.036036036036036e-05,4.036036036036036e-05,224,,,,,,,,,,,,,,,,,,
,4.126126126126125e-05,4.126126126126125e-05,229,,,,,,,,,,,,,,,,,,
,4.216216216216216e-05,4.216216216216216e-05,234,,,,,,,,,,,,,,,,,,
,4.3063063063063056e-05,4.3063063063063056e-05,239,,,,,,,,,,,,,,,,,,
,4.396396396396396e-05,4.396396396396396e-05,244,,,,,,,,,,,,,,,,,,
,4.486486486486486e-05,4.486486486486486e-05,249,,,,,,,,,,,,,,,,,,
,4.576576576576576e-05,4.576576576576576e-05,254,,,,,,,,,,,,,,,,,,
,4.6666666666666665e-05,4.6666666666666665e-05,259,,,,,,,,,,,,,,,,,,
,4.7567567567567564e-05,4.7567567567567564e-05,264,,,,,,,,,,,,,,,,,,
,4.846846846846847e-05,4.846846846846847e-05,269,,,,,,,,,,,,,,,,,,
,4.936936936936936e-05,4.936936936936936e-05,274,,,,,,,,,,,,,,,,,,
,5.0270270270270267e-05,5.0270270270270267e-05,279,,,,,,,,,,,,,,,,,,
,5.1171171171171165e-05,5.1171171171171165e-05,284,,,,,,,,,,,,,,,,,,
,5.207207207207207e-05,5.207207207207207e-05,289,,,,,,,,,,,,,,,,,,
,5.297297297297297e-05,5.297297297297297e-05,294,,,,,,,,,,,,,,,,,,
,5.387387387387387e-05,5.387387387387387e-05,299,,,,,,,,,,,,,,,,,,
,5.4774774774774774e-05,5.4774774774774774e-05,304,,,,,,,,,,,,,,,,,,
,5.5675675675675666e-05,5.5675675675675666e-05,309,,,,,,,,,,,,,,,,,,
,5.657657657657657e-05,5.657657657657657e-05,314,,,,,,,,,,,,,,,,,,
,5.747747747747747e-05,5.747747747747747e-05,319,,,,,,,,,,,,,,,,,,
,5.8378378378378376e-05,5.8378378378378376e-05,324,,,,,,,,,,,,,,,,,,
,5.9279279279279274e-05,5.9279279279279274e-05,329,,,,,,,,,,,,,,,,,,
,6.018018018018017e-05,6.018018018018017e-05,334,,,,,,,,,,,,,,,,,,
,6.108108108108108e-05,6.108108108108108e-05,339,,,,,,,,,,,,,,,,,,
,6.198198198198198e-05,6.198198198198198e-05,344,,,,,,,,,,,,,,,,,,
,6.288288288288288e-05,6.288288288288288e-05,349,,,,,,,,,,,,,,,,,,
,6.378378378378377e-05,6.378378378378377e-05,354,,,,,,,,,,,,,,,,,,
,6.468468468468469e-05,6.468468468468469e-05,359,,,,,,,,,,,,,,,,,,
,6.558558558558557e-05,6.558558558558557e-05,364,,,,,,,,,,,,,,,,,,
,6.648648648648648e-05,6.648648648648648e-05,369,,,,,,,,,,,,,,,,,,
,6.738738738738738e-05,6.738738738738738e-05,374,,,,,,,,,,,,,,,,,,
,6.828828828828828e-05,6.828828828828828e-05,379,,,,,,,,,,,,,,,,,,
,6.918918918918918e-05,6.918918918918918e-05,384,,,,,,,,,,,,,,,,,,
,7.009009009009008e-05,7.009009009009008e-05,389,,,,,,,,,,,,,,,,,,
,7.099099099099099e-05,7.099099099099099e-05,394,,,,,,,,,,,,,,,,,,
,7.189189189189189e-05,7.189189189189189e-05,399,,,,,,,,,,,,,,,,,,
,7.279279279279279e-05,7.279279279279279e-05,404,,,,,,,,,,,,,,,,,,
,7.369369369369369e-05,7.369369369369369e-05,409,,,,,,,,,,,,,,,,,,
,7.459459459459459e-05,7.459459459459459e-05,414,,,,,,,,,,,,,,,,,,
,7.549549549549549e-05,7.549549549549549e-05,419,,,,,,,,,,,,,,,,,,
,7.639639639639638e-05,7.639639639639638e-05,424,,,,,,,,,,,,,,,,,,
,7.729729729729728e-05,7.729729729729728e-05,429,,,,,,,,,,,,,,,,,,
,7.81981981981982e-05,7.81981981981982e-05,434,,,,,,,,,,,,,,,,,,
,7.90990990990991e-05,7.90990990990991e-05,439,,,,,,,,,,,,,,,,,,
,7.999999999999999e-05,7.999999999999999e-05,444,,,,,,,,,,,,,,,,,,
,8.090090090090089e-05,8.090090090090089e-05,449,,,,,,,,,,,,,,,,,,
,8.18018018018018e-05,8.18018018018018e-05,454,,,,,,,,,,,,,,,,,,
,8.27027027027027e-05,8.27027027027027e-05,459,,,,,,,,,,,,,,,,,,
,8.36036036036036e-05,8.36036036036036e-05,464,,,,,,,,,,,,,,,,,,
,8.45045045045045e-05,8.45045045045045e-05,469,,,,,,,,,,,,,,,,,,
,8.540540540540539e-05,8.540540540540539e-05,474,,,,,,,,,,,,,,,,,,
,8.630630630630631e-05,8.630630630630631e-05,479,,,,,,,,,,,,,,,,,,
,8.72072072072072e-05,8.72072072072072e-05,484,,,,,,,,,,,,,,,,,,
,8.81081081081081e-05,8.81081081081081e-05,489,,,,,,,,,,,,,,,,,,
,8.9009009009009e-05,8.9009009009009e-05,494,,,,,,,,,,,,,,,,,,
,8.990990990990989e-05,8.990990990990989e-05,499,,,,,,,,,,,,,,,,,,
,9.08108108108108e-05,9.08108108108108e-05,504,,,,,,,,,,,,,,,,,,
,9.17117117117117e-05,9.17117117117117e-05,509,,,,,,,,,,,,,,,,,,
,9.26126126126126e-05,9.26126126126126e-05,514,,,,,,,,,,,,,,,,,,
,9.35135135135135e-05,9.35135135135135e-05,519,,,,,,,,,,,,,,,,,,
,9.441441441441441e-05,9.441441441441441e-05,524,,,,,,,,,,,,,,,,,,
,9.531531531531531e-05,9.531531531531531e-05,529,,,,,,,,,,,,,,,,,,
,9.621621621621621e-05,9.621621621621621e-05,534,,,,,,,,,,,,,,,,,,
,9.711711711711711e-05,9.711711711711711e-05,539,,,,,,,,,,,,,,,,,,
,9.801801801801801e-05,9.801801801801801e-05,544,,,,,,,,,,,,,,,,,,
,9.891891891891892e-05,9.891891891891892e-05,549,,,,,,,,,,,,,,,,,,
,9.981981981981982e-05,9.981981981981982e-05,554,,,,,,,,,,,,,,,,,,
,0.0001007207207207207,0.0001007207207207207,559,,,,,,,,,,,,,,,,,,
,0.0001016216216216216,0.0001016216216216216,564,,,,,,,,,,,,,,,,,,
,0.00010252252252252252,0.00010252252252252252,569,,,,,,,,,,,,,,,,,,
,0.00010342342342342341,0.00010342342342342341,574,,,,,,,,,,,,,,,,,,
,0.00010432432432432431,0.00010432432432432431,579,,,,,,,,,,,,,,,,,,
,0.00010522522522522521,0.00010522522522522521,584,,,,,,,,,,,,,,,,,,
,0.00010612612612612611,0.00010612612612612611,589,,,,,,,,,,,,,,,,,,
,0.00010702702702702702,0.00010702702702702702,594,,,,,,,,,,,,,,,,,,
,0.00010792792792792792,0.00010792792792792792,599,,,,,,,,,,,,,,,,,,
,0.00010882882882882882,0.00010882882882882882,604,,,,,,,,,,,,,,,,,,
,0.00010972972972972972,0.00010972972972972972,609,,,,,,,,,,,,,,,,,,
,0.00011063063063063063,0.00011063063063063063,614,,,,,,,,,,,,,,,,,,
,0.00011153153153153153,0.00011153153153153153,619,,,,,,,,,,,,,,,,,,
,0.00011243243243243243,0.00011243243243243243,624,,,,,,,,,,,,,,,,,,
,0.00011333333333333331,0.00011333333333333331,629,,,,,,,,,,,,,,,,,,
,0.00011423423423423421,0.00011423423423423421,634,,,,,,,,,,,,,,,,,,
,0.00011513513513513513,0.00011513513513513513,639,,,,,,,,,,,,,,,,,,
,0.00011603603603603602,0.00011603603603603602,644,,,,,,,,,,,,,,,,,,
,0.00011693693693693692,0.00011693693693693692,649,,,,,,,,,,,,,,,,,,
,0.00011783783783783782,0.00011783783783783782,654,,,,,,,,,,,,,,,,,,
,0.00011873873873873872,0.00011873873873873872,659,,,,,,,,,,,,,,,,,,
,0.00011963963963963963,0.00011963963963963963,664,,,,,,,,,,,,,,,,,,
,0.00012054054054054053,0.00012054054054054053,669,,,,,,,,,,,,,,,,,,
,0.00012144144144144143,0.00012144144144144143,674,,,,,,,,,,,,,,,,,,
,0.00012234234234234233,0.00012234234234234233,679,,,,,,,,,,,,,,,,,,
,0.00012324324324324324,0.00012324324324324324,684,,,,,,,,,,,,,,,,,,
,0.00012414414414414413,0.00012414414414414413,689,,,,,,,,,,,,,,,,,,
0,,,693,,,,,,,,,,,,,,8.739356994628906,2.2977118492126465,3.6374802589416504,0.462588906288147,0.4912204444408417
0,,,693,0.2778055965900421,0.014234477654099464,0.022224536165595055,0.15597496926784515,9.148015975952148,2.1094181537628174,3.8542635440826416,0.5085564851760864,2.0657992362976074,0.6415555477142334,5.283205032348633,4.871586322784424,3.196471929550171,,,,,
,0.00012504504504504504,0.00012504504504504504,694,,,,,,,,,,,,,,,,,,
,0.00012594594594594592,0.00012594594594594592,699,,,,,,,,,,,,,,,,,,
,0.00012684684684684684,0.00012684684684684684,704,,,,,,,,,,,,,,,,,,
,0.00012774774774774775,0.00012774774774774775,709,,,,,,,,,,,,,,,,,,
,0.00012864864864864863,0.00012864864864864863,714,,,,,,,,,,,,,,,,,,
,0.00012954954954954955,0.00012954954954954955,719,,,,,,,,,,,,,,,,,,
,0.00013045045045045043,0.00013045045045045043,724,,,,,,,,,,,,,,,,,,
,0.00013135135135135134,0.00013135135135135134,729,,,,,,,,,,,,,,,,,,
,0.00013225225225225226,0.00013225225225225226,734,,,,,,,,,,,,,,,,,,
,0.00013315315315315314,0.00013315315315315314,739,,,,,,,,,,,,,,,,,,
,0.00013405405405405403,0.00013405405405405403,744,,,,,,,,,,,,,,,,,,
,0.00013495495495495494,0.00013495495495495494,749,,,,,,,,,,,,,,,,,,
,0.00013585585585585585,0.00013585585585585585,754,,,,,,,,,,,,,,,,,,
,0.00013675675675675674,0.00013675675675675674,759,,,,,,,,,,,,,,,,,,
,0.00013765765765765765,0.00013765765765765765,764,,,,,,,,,,,,,,,,,,
,0.00013855855855855853,0.00013855855855855853,769,,,,,,,,,,,,,,,,,,
,0.00013945945945945945,0.00013945945945945945,774,,,,,,,,,,,,,,,,,,
,0.00014036036036036036,0.00014036036036036036,779,,,,,,,,,,,,,,,,,,
,0.00014126126126126124,0.00014126126126126124,784,,,,,,,,,,,,,,,,,,
,0.00014216216216216216,0.00014216216216216216,789,,,,,,,,,,,,,,,,,,
,0.00014306306306306304,0.00014306306306306304,794,,,,,,,,,,,,,,,,,,
,0.00014396396396396395,0.00014396396396396395,799,,,,,,,,,,,,,,,,,,
,0.00014486486486486487,0.00014486486486486487,804,,,,,,,,,,,,,,,,,,
,0.00014576576576576575,0.00014576576576576575,809,,,,,,,,,,,,,,,,,,
,0.00014666666666666664,0.00014666666666666664,814,,,,,,,,,,,,,,,,,,
,0.00014756756756756758,0.00014756756756756758,819,,,,,,,,,,,,,,,,,,
,0.00014846846846846846,0.00014846846846846846,824,,,,,,,,,,,,,,,,,,
,0.00014936936936936935,0.00014936936936936935,829,,,,,,,,,,,,,,,,,,
,0.00015027027027027026,0.00015027027027027026,834,,,,,,,,,,,,,,,,,,
,0.00015117117117117117,0.00015117117117117117,839,,,,,,,,,,,,,,,,,,
,0.00015207207207207206,0.00015207207207207206,844,,,,,,,,,,,,,,,,,,
,0.00015297297297297297,0.00015297297297297297,849,,,,,,,,,,,,,,,,,,
,0.00015387387387387388,0.00015387387387387388,854,,,,,,,,,,,,,,,,,,
,0.00015477477477477477,0.00015477477477477477,859,,,,,,,,,,,,,,,,,,
,0.00015567567567567568,0.00015567567567567568,864,,,,,,,,,,,,,,,,,,
,0.00015657657657657656,0.00015657657657657656,869,,,,,,,,,,,,,,,,,,
,0.00015747747747747747,0.00015747747747747747,874,,,,,,,,,,,,,,,,,,
,0.0001583783783783784,0.0001583783783783784,879,,,,,,,,,,,,,,,,,,
,0.00015927927927927927,0.00015927927927927927,884,,,,,,,,,,,,,,,,,,
,0.00016018018018018018,0.00016018018018018018,889,,,,,,,,,,,,,,,,,,
,0.00016108108108108104,0.00016108108108108104,894,,,,,,,,,,,,,,,,,,
,0.00016198198198198196,0.00016198198198198196,899,,,,,,,,,,,,,,,,,,
,0.0001628828828828829,0.0001628828828828829,904,,,,,,,,,,,,,,,,,,
,0.00016378378378378375,0.00016378378378378375,909,,,,,,,,,,,,,,,,,,
,0.00016468468468468466,0.00016468468468468466,914,,,,,,,,,,,,,,,,,,
,0.00016558558558558555,0.00016558558558558555,919,,,,,,,,,,,,,,,,,,
,0.00016648648648648646,0.00016648648648648646,924,,,,,,,,,,,,,,,,,,
,0.00016738738738738737,0.00016738738738738737,929,,,,,,,,,,,,,,,,,,
,0.00016828828828828826,0.00016828828828828826,934,,,,,,,,,,,,,,,,,,
,0.00016918918918918917,0.00016918918918918917,939,,,,,,,,,,,,,,,,,,
,0.00017009009009009006,0.00017009009009009006,944,,,,,,,,,,,,,,,,,,
,0.00017099099099099097,0.00017099099099099097,949,,,,,,,,,,,,,,,,,,
,0.00017189189189189188,0.00017189189189189188,954,,,,,,,,,,,,,,,,,,
,0.00017279279279279277,0.00017279279279279277,959,,,,,,,,,,,,,,,,,,
,0.00017369369369369368,0.00017369369369369368,964,,,,,,,,,,,,,,,,,,
,0.0001745945945945946,0.0001745945945945946,969,,,,,,,,,,,,,,,,,,
,0.00017549549549549548,0.00017549549549549548,974,,,,,,,,,,,,,,,,,,
,0.0001763963963963964,0.0001763963963963964,979,,,,,,,,,,,,,,,,,,
,0.00017729729729729727,0.00017729729729729727,984,,,,,,,,,,,,,,,,,,
,0.0001781981981981982,0.0001781981981981982,989,,,,,,,,,,,,,,,,,,
,0.0001790990990990991,0.0001790990990990991,994,,,,,,,,,,,,,,,,,,
,0.00017999999999999998,0.00017999999999999998,999,,,,,,,,,,,,,,,,,,
,0.0001809009009009009,0.0001809009009009009,1004,,,,,,,,,,,,,,,,,,
,0.00018180180180180178,0.00018180180180180178,1009,,,,,,,,,,,,,,,,,,
,0.0001827027027027027,0.0001827027027027027,1014,,,,,,,,,,,,,,,,,,
,0.0001836036036036036,0.0001836036036036036,1019,,,,,,,,,,,,,,,,,,
,0.0001845045045045045,0.0001845045045045045,1024,,,,,,,,,,,,,,,,,,
,0.0001854054054054054,0.0001854054054054054,1029,,,,,,,,,,,,,,,,,,
,0.00018630630630630626,0.00018630630630630626,1034,,,,,,,,,,,,,,,,,,
,0.0001872072072072072,0.0001872072072072072,1039,,,,,,,,,,,,,,,,,,
,0.00018810810810810811,0.00018810810810810811,1044,,,,,,,,,,,,,,,,,,
,0.00018900900900900897,0.00018900900900900897,1049,,,,,,,,,,,,,,,,,,
,0.00018990990990990988,0.00018990990990990988,1054,,,,,,,,,,,,,,,,,,
,0.00019081081081081082,0.00019081081081081082,1059,,,,,,,,,,,,,,,,,,
,0.00019171171171171168,0.00019171171171171168,1064,,,,,,,,,,,,,,,,,,
,0.0001926126126126126,0.0001926126126126126,1069,,,,,,,,,,,,,,,,,,
,0.00019351351351351348,0.00019351351351351348,1074,,,,,,,,,,,,,,,,,,
,0.0001944144144144144,0.0001944144144144144,1079,,,,,,,,,,,,,,,,,,
,0.0001953153153153153,0.0001953153153153153,1084,,,,,,,,,,,,,,,,,,
,0.0001962162162162162,0.0001962162162162162,1089,,,,,,,,,,,,,,,,,,
,0.0001971171171171171,0.0001971171171171171,1094,,,,,,,,,,,,,,,,,,
,0.00019801801801801799,0.00019801801801801799,1099,,,,,,,,,,,,,,,,,,
,0.0001989189189189189,0.0001989189189189189,1104,,,,,,,,,,,,,,,,,,
,0.0001998198198198198,0.0001998198198198198,1109,,,,,,,,,,,,,,,,,,
,0.0002007207207207207,0.0002007207207207207,1114,,,,,,,,,,,,,,,,,,
,0.0002016216216216216,0.0002016216216216216,1119,,,,,,,,,,,,,,,,,,
,0.0002025225225225225,0.0002025225225225225,1124,,,,,,,,,,,,,,,,,,
,0.0002034234234234234,0.0002034234234234234,1129,,,,,,,,,,,,,,,,,,
,0.00020432432432432432,0.00020432432432432432,1134,,,,,,,,,,,,,,,,,,
,0.0002052252252252252,0.0002052252252252252,1139,,,,,,,,,,,,,,,,,,
,0.00020612612612612612,0.00020612612612612612,1144,,,,,,,,,,,,,,,,,,
,0.000207027027027027,0.000207027027027027,1149,,,,,,,,,,,,,,,,,,
,0.0002079279279279279,0.0002079279279279279,1154,,,,,,,,,,,,,,,,,,
,0.00020882882882882883,0.00020882882882882883,1159,,,,,,,,,,,,,,,,,,
,0.0002097297297297297,0.0002097297297297297,1164,,,,,,,,,,,,,,,,,,
,0.00021063063063063062,0.00021063063063063062,1169,,,,,,,,,,,,,,,,,,
,0.00021153153153153154,0.00021153153153153154,1174,,,,,,,,,,,,,,,,,,
,0.00021243243243243242,0.00021243243243243242,1179,,,,,,,,,,,,,,,,,,
,0.00021333333333333333,0.00021333333333333333,1184,,,,,,,,,,,,,,,,,,
,0.0002142342342342342,0.0002142342342342342,1189,,,,,,,,,,,,,,,,,,
,0.00021513513513513513,0.00021513513513513513,1194,,,,,,,,,,,,,,,,,,
,0.00021603603603603604,0.00021603603603603604,1199,,,,,,,,,,,,,,,,,,
,0.0002169369369369369,0.0002169369369369369,1204,,,,,,,,,,,,,,,,,,
,0.0002178378378378378,0.0002178378378378378,1209,,,,,,,,,,,,,,,,,,
,0.0002187387387387387,0.0002187387387387387,1214,,,,,,,,,,,,,,,,,,
,0.0002196396396396396,0.0002196396396396396,1219,,,,,,,,,,,,,,,,,,
,0.00022054054054054052,0.00022054054054054052,1224,,,,,,,,,,,,,,,,,,
,0.0002214414414414414,0.0002214414414414414,1229,,,,,,,,,,,,,,,,,,
,0.00022234234234234232,0.00022234234234234232,1234,,,,,,,,,,,,,,,,,,
,0.0002232432432432432,0.0002232432432432432,1239,,,,,,,,,,,,,,,,,,
,0.00022414414414414412,0.00022414414414414412,1244,,,,,,,,,,,,,,,,,,
,0.00022504504504504503,0.00022504504504504503,1249,,,,,,,,,,,,,,,,,,
,0.00022594594594594592,0.00022594594594594592,1254,,,,,,,,,,,,,,,,,,
,0.00022684684684684683,0.00022684684684684683,1259,,,,,,,,,,,,,,,,,,
,0.00022774774774774774,0.00022774774774774774,1264,,,,,,,,,,,,,,,,,,
,0.00022864864864864862,0.00022864864864864862,1269,,,,,,,,,,,,,,,,,,
,0.00022954954954954954,0.00022954954954954954,1274,,,,,,,,,,,,,,,,,,
,0.00023045045045045042,0.00023045045045045042,1279,,,,,,,,,,,,,,,,,,
,0.00023135135135135133,0.00023135135135135133,1284,,,,,,,,,,,,,,,,,,
,0.00023225225225225225,0.00023225225225225225,1289,,,,,,,,,,,,,,,,,,
,0.00023315315315315313,0.00023315315315315313,1294,,,,,,,,,,,,,,,,,,
,0.00023405405405405404,0.00023405405405405404,1299,,,,,,,,,,,,,,,,,,
,0.00023495495495495493,0.00023495495495495493,1304,,,,,,,,,,,,,,,,,,
,0.00023585585585585584,0.00023585585585585584,1309,,,,,,,,,,,,,,,,,,
,0.00023675675675675675,0.00023675675675675675,1314,,,,,,,,,,,,,,,,,,
,0.00023765765765765764,0.00023765765765765764,1319,,,,,,,,,,,,,,,,,,
,0.00023855855855855855,0.00023855855855855855,1324,,,,,,,,,,,,,,,,,,
,0.00023945945945945944,0.00023945945945945944,1329,,,,,,,,,,,,,,,,,,
,0.00024036036036036035,0.00024036036036036035,1334,,,,,,,,,,,,,,,,,,
,0.00024126126126126126,0.00024126126126126126,1339,,,,,,,,,,,,,,,,,,
,0.00024216216216216212,0.00024216216216216212,1344,,,,,,,,,,,,,,,,,,
,0.00024306306306306306,0.00024306306306306306,1349,,,,,,,,,,,,,,,,,,
,0.00024396396396396392,0.00024396396396396392,1354,,,,,,,,,,,,,,,,,,
,0.00024486486486486486,0.00024486486486486486,1359,,,,,,,,,,,,,,,,,,
,0.00024576576576576574,0.00024576576576576574,1364,,,,,,,,,,,,,,,,,,
,0.0002466666666666666,0.0002466666666666666,1369,,,,,,,,,,,,,,,,,,
,0.00024756756756756757,0.00024756756756756757,1374,,,,,,,,,,,,,,,,,,
,0.00024846846846846845,0.00024846846846846845,1379,,,,,,,,,,,,,,,,,,
,0.00024936936936936934,0.00024936936936936934,1384,,,,,,,,,,,,,,,,,,
1,,,1387,,,,,,,,,,,,,,9.271136283874512,3.4618406295776367,3.418031692504883,0.4000343680381775,0.3910942077636719
1,,,1387,0.3519630432128906,0.023284368216991425,0.03775075450539589,0.24017548561096191,6.305784225463867,1.1765961647033691,3.447756767272949,0.2771705090999603,1.7694123983383179,0.29557058215141296,4.898836135864258,4.449504375457764,2.6732826232910156,,,,,
,0.0002502702702702703,0.0002502702702702703,1389,,,,,,,,,,,,,,,,,,
,0.00025117117117117116,0.00025117117117117116,1394,,,,,,,,,,,,,,,,,,
,0.00025207207207207205,0.00025207207207207205,1399,,,,,,,,,,,,,,,,,,
,0.000252972972972973,0.000252972972972973,1404,,,,,,,,,,,,,,,,,,
,0.00025387387387387387,0.00025387387387387387,1409,,,,,,,,,,,,,,,,,,
,0.00025477477477477476,0.00025477477477477476,1414,,,,,,,,,,,,,,,,,,
,0.00025567567567567564,0.00025567567567567564,1419,,,,,,,,,,,,,,,,,,
,0.0002565765765765765,0.0002565765765765765,1424,,,,,,,,,,,,,,,,,,
,0.00025747747747747747,0.00025747747747747747,1429,,,,,,,,,,,,,,,,,,
,0.00025837837837837835,0.00025837837837837835,1434,,,,,,,,,,,,,,,,,,
,0.00025927927927927924,0.00025927927927927924,1439,,,,,,,,,,,,,,,,,,
,0.0002601801801801801,0.0002601801801801801,1444,,,,,,,,,,,,,,,,,,
,0.00026108108108108106,0.00026108108108108106,1449,,,,,,,,,,,,,,,,,,
,0.00026198198198198195,0.00026198198198198195,1454,,,,,,,,,,,,,,,,,,
,0.00026288288288288283,0.00026288288288288283,1459,,,,,,,,,,,,,,,,,,
,0.00026378378378378377,0.00026378378378378377,1464,,,,,,,,,,,,,,,,,,
,0.00026468468468468466,0.00026468468468468466,1469,,,,,,,,,,,,,,,,,,
,0.00026558558558558554,0.00026558558558558554,1474,,,,,,,,,,,,,,,,,,
,0.0002664864864864865,0.0002664864864864865,1479,,,,,,,,,,,,,,,,,,
,0.00026738738738738737,0.00026738738738738737,1484,,,,,,,,,,,,,,,,,,
,0.00026828828828828825,0.00026828828828828825,1489,,,,,,,,,,,,,,,,,,
,0.0002691891891891892,0.0002691891891891892,1494,,,,,,,,,,,,,,,,,,
,0.0002700900900900901,0.0002700900900900901,1499,,,,,,,,,,,,,,,,,,
,0.00027099099099099096,0.00027099099099099096,1504,,,,,,,,,,,,,,,,,,
,0.00027189189189189185,0.00027189189189189185,1509,,,,,,,,,,,,,,,,,,
,0.0002727927927927928,0.0002727927927927928,1514,,,,,,,,,,,,,,,,,,
,0.00027369369369369367,0.00027369369369369367,1519,,,,,,,,,,,,,,,,,,
,0.00027459459459459456,0.00027459459459459456,1524,,,,,,,,,,,,,,,,,,
,0.0002754954954954955,0.0002754954954954955,1529,,,,,,,,,,,,,,,,,,
,0.0002763963963963964,0.0002763963963963964,1534,,,,,,,,,,,,,,,,,,
,0.00027729729729729727,0.00027729729729729727,1539,,,,,,,,,,,,,,,,,,
,0.0002781981981981982,0.0002781981981981982,1544,,,,,,,,,,,,,,,,,,
,0.0002790990990990991,0.0002790990990990991,1549,,,,,,,,,,,,,,,,,,
,0.00028,0.00028,1554,,,,,,,,,,,,,,,,,,
,0.00028090090090090086,0.00028090090090090086,1559,,,,,,,,,,,,,,,,,,
,0.0002818018018018018,0.0002818018018018018,1564,,,,,,,,,,,,,,,,,,
,0.0002827027027027027,0.0002827027027027027,1569,,,,,,,,,,,,,,,,,,
,0.00028360360360360357,0.00028360360360360357,1574,,,,,,,,,,,,,,,,,,
,0.00028450450450450446,0.00028450450450450446,1579,,,,,,,,,,,,,,,,,,
,0.0002854054054054054,0.0002854054054054054,1584,,,,,,,,,,,,,,,,,,
,0.0002863063063063063,0.0002863063063063063,1589,,,,,,,,,,,,,,,,,,
,0.00028720720720720717,0.00028720720720720717,1594,,,,,,,,,,,,,,,,,,
,0.00028810810810810805,0.00028810810810810805,1599,,,,,,,,,,,,,,,,,,
,0.000289009009009009,0.000289009009009009,1604,,,,,,,,,,,,,,,,,,
,0.0002899099099099099,0.0002899099099099099,1609,,,,,,,,,,,,,,,,,,
,0.00029081081081081076,0.00029081081081081076,1614,,,,,,,,,,,,,,,,,,
,0.0002917117117117117,0.0002917117117117117,1619,,,,,,,,,,,,,,,,,,
,0.0002926126126126126,0.0002926126126126126,1624,,,,,,,,,,,,,,,,,,
,0.00029351351351351347,0.00029351351351351347,1629,,,,,,,,,,,,,,,,,,
,0.0002944144144144144,0.0002944144144144144,1634,,,,,,,,,,,,,,,,,,
,0.0002953153153153153,0.0002953153153153153,1639,,,,,,,,,,,,,,,,,,
,0.0002962162162162162,0.0002962162162162162,1644,,,,,,,,,,,,,,,,,,
,0.00029711711711711707,0.00029711711711711707,1649,,,,,,,,,,,,,,,,,,
,0.000298018018018018,0.000298018018018018,1654,,,,,,,,,,,,,,,,,,
,0.0002989189189189189,0.0002989189189189189,1659,,,,,,,,,,,,,,,,,,
,0.0002998198198198198,0.0002998198198198198,1664,,,,,,,,,,,,,,,,,,
,0.00029999994729889055,0.00029999994729889055,1669,,,,,,,,,,,,,,,,,,
,0.000299999733200697,0.000299999733200697,1674,,,,,,,,,,,,,,,,,,
,0.0002999993544118349,0.0002999993544118349,1679,,,,,,,,,,,,,,,,,,
,0.0002999988109327201,0.0002999988109327201,1684,,,,,,,,,,,,,,,,,,
,0.00029999810276394936,0.00029999810276394936,1689,,,,,,,,,,,,,,,,,,
,0.00029999722990630014,0.00029999722990630014,1694,,,,,,,,,,,,,,,,,,
,0.0002999961923607309,0.0002999961923607309,1699,,,,,,,,,,,,,,,,,,
,0.00029999499012838064,0.00029999499012838064,1704,,,,,,,,,,,,,,,,,,
,0.0002999936232105694,0.0002999936232105694,1709,,,,,,,,,,,,,,,,,,
,0.000299992091608798,0.000299992091608798,1714,,,,,,,,,,,,,,,,,,
,0.00029999039532474807,0.00029999039532474807,1719,,,,,,,,,,,,,,,,,,
,0.00029998853436028194,0.00029998853436028194,1724,,,,,,,,,,,,,,,,,,
,0.0002999865087174429,0.0002999865087174429,1729,,,,,,,,,,,,,,,,,,
,0.00029998431839845506,0.00029998431839845506,1734,,,,,,,,,,,,,,,,,,
,0.0002999819634057231,0.0002999819634057231,1739,,,,,,,,,,,,,,,,,,
,0.00029997944374183274,0.00029997944374183274,1744,,,,,,,,,,,,,,,,,,
,0.00029997675940955046,0.00029997675940955046,1749,,,,,,,,,,,,,,,,,,
,0.0002999739104118234,0.0002999739104118234,1754,,,,,,,,,,,,,,,,,,
,0.00029997089675177965,0.00029997089675177965,1759,,,,,,,,,,,,,,,,,,
,0.000299967718432728,0.000299967718432728,1764,,,,,,,,,,,,,,,,,,
,0.0002999643754581581,0.0002999643754581581,1769,,,,,,,,,,,,,,,,,,
,0.0002999608678317403,0.0002999608678317403,1774,,,,,,,,,,,,,,,,,,
,0.0002999571955573257,0.0002999571955573257,1779,,,,,,,,,,,,,,,,,,
,0.00029995335863894633,0.00029995335863894633,1784,,,,,,,,,,,,,,,,,,
,0.0002999493570808149,0.0002999493570808149,1789,,,,,,,,,,,,,,,,,,
,0.0002999451908873248,0.0002999451908873248,1794,,,,,,,,,,,,,,,,,,
,0.00029994086006305035,0.00029994086006305035,1799,,,,,,,,,,,,,,,,,,
,0.00029993636461274646,0.00029993636461274646,1804,,,,,,,,,,,,,,,,,,
,0.0002999317045413489,0.0002999317045413489,1809,,,,,,,,,,,,,,,,,,
,0.00029992687985397413,0.00029992687985397413,1814,,,,,,,,,,,,,,,,,,
,0.0002999218905559194,0.0002999218905559194,1819,,,,,,,,,,,,,,,,,,
,0.0002999167366526626,0.0002999167366526626,1824,,,,,,,,,,,,,,,,,,
,0.0002999114181498625,0.0002999114181498625,1829,,,,,,,,,,,,,,,,,,
,0.0002999059350533583,0.0002999059350533583,1834,,,,,,,,,,,,,,,,,,
,0.00029990028736917037,0.00029990028736917037,1839,,,,,,,,,,,,,,,,,,
,0.00029989447510349933,0.00029989447510349933,1844,,,,,,,,,,,,,,,,,,
,0.00029988849826272676,0.00029988849826272676,1849,,,,,,,,,,,,,,,,,,
,0.00029988235685341494,0.00029988235685341494,1854,,,,,,,,,,,,,,,,,,
,0.0002998760508823067,0.0002998760508823067,1859,,,,,,,,,,,,,,,,,,
,0.00029986958035632563,0.00029986958035632563,1864,,,,,,,,,,,,,,,,,,
,0.0002998629452825759,0.0002998629452825759,1869,,,,,,,,,,,,,,,,,,
,0.00029985614566834255,0.00029985614566834255,1874,,,,,,,,,,,,,,,,,,
,0.00029984918152109105,0.00029984918152109105,1879,,,,,,,,,,,,,,,,,,
,0.0002998420528484677,0.0002998420528484677,1884,,,,,,,,,,,,,,,,,,
,0.0002998347596582993,0.0002998347596582993,1889,,,,,,,,,,,,,,,,,,
,0.0002998273019585933,0.0002998273019585933,1894,,,,,,,,,,,,,,,,,,
,0.00029981967975753785,0.00029981967975753785,1899,,,,,,,,,,,,,,,,,,
,0.0002998118930635017,0.0002998118930635017,1904,,,,,,,,,,,,,,,,,,
,0.0002998039418850341,0.0002998039418850341,1909,,,,,,,,,,,,,,,,,,
,0.00029979582623086503,0.00029979582623086503,1914,,,,,,,,,,,,,,,,,,
,0.00029978754610990495,0.00029978754610990495,1919,,,,,,,,,,,,,,,,,,
,0.0002997791015312449,0.0002997791015312449,1924,,,,,,,,,,,,,,,,,,
,0.0002997704925041566,0.0002997704925041566,1929,,,,,,,,,,,,,,,,,,
,0.00029976171903809215,0.00029976171903809215,1934,,,,,,,,,,,,,,,,,,
,0.00029975278114268436,0.00029975278114268436,1939,,,,,,,,,,,,,,,,,,
,0.0002997436788277465,0.0002997436788277465,1944,,,,,,,,,,,,,,,,,,
,0.0002997344121032723,0.0002997344121032723,1949,,,,,,,,,,,,,,,,,,
,0.00029972498097943616,0.00029972498097943616,1954,,,,,,,,,,,,,,,,,,
,0.0002997153854665929,0.0002997153854665929,1959,,,,,,,,,,,,,,,,,,
,0.0002997056255752776,0.0002997056255752776,1964,,,,,,,,,,,,,,,,,,
,0.0002996957013162062,0.0002996957013162062,1969,,,,,,,,,,,,,,,,,,
,0.000299685612700275,0.000299685612700275,1974,,,,,,,,,,,,,,,,,,
,0.00029967535973856056,0.00029967535973856056,1979,,,,,,,,,,,,,,,,,,
,0.0002996649424423201,0.0002996649424423201,1984,,,,,,,,,,,,,,,,,,
,0.0002996543608229911,0.0002996543608229911,1989,,,,,,,,,,,,,,,,,,
,0.0002996436148921917,0.0002996436148921917,1994,,,,,,,,,,,,,,,,,,
,0.00029963270466172007,0.00029963270466172007,1999,,,,,,,,,,,,,,,,,,
,0.0002996216301435551,0.0002996216301435551,2004,,,,,,,,,,,,,,,,,,
,0.00029961039134985596,0.00029961039134985596,2009,,,,,,,,,,,,,,,,,,
,0.0002995989882929621,0.0002995989882929621,2014,,,,,,,,,,,,,,,,,,
,0.0002995874209853935,0.0002995874209853935,2019,,,,,,,,,,,,,,,,,,
,0.0002995756894398502,0.0002995756894398502,2024,,,,,,,,,,,,,,,,,,
,0.0002995637936692129,0.0002995637936692129,2029,,,,,,,,,,,,,,,,,,
,0.00029955173368654235,0.00029955173368654235,2034,,,,,,,,,,,,,,,,,,
,0.0002995395095050797,0.0002995395095050797,2039,,,,,,,,,,,,,,,,,,
,0.00029952712113824636,0.00029952712113824636,2044,,,,,,,,,,,,,,,,,,
,0.00029951456859964406,0.00029951456859964406,2049,,,,,,,,,,,,,,,,,,
,0.00029950185190305464,0.00029950185190305464,2054,,,,,,,,,,,,,,,,,,
,0.00029948897106244035,0.00029948897106244035,2059,,,,,,,,,,,,,,,,,,
,0.0002994759260919435,0.0002994759260919435,2064,,,,,,,,,,,,,,,,,,
,0.00029946271700588675,0.00029946271700588675,2069,,,,,,,,,,,,,,,,,,
,0.0002994493438187728,0.0002994493438187728,2074,,,,,,,,,,,,,,,,,,
,0.00029943580654528474,0.00029943580654528474,2079,,,,,,,,,,,,,,,,,,
2,,,2081,,,,,,,,,,,,,,9.34255599975586,3.504509687423706,3.297764539718628,0.43197521567344666,0.38040608167648315
2,,,2081,0.382795125246048,0.033851295709609985,0.057591214776039124,0.29286688566207886,5.615306854248047,0.9910842776298523,3.230544090270996,0.23327864706516266,1.6802442073822021,0.22728656232357025,4.677799224853516,4.169042110443115,2.395099639892578,,,,,
,0.00029942210520028553,0.00029942210520028553,2084,,,,,,,,,,,,,,,,,,
,0.0002994082397988186,0.0002994082397988186,2089,,,,,,,,,,,,,,,,,,
,0.00029939421035610707,0.00029939421035610707,2094,,,,,,,,,,,,,,,,,,
,0.00029938001688755464,0.00029938001688755464,2099,,,,,,,,,,,,,,,,,,
,0.0002993656594087448,0.0002993656594087448,2104,,,,,,,,,,,,,,,,,,
,0.0002993511379354412,0.0002993511379354412,2109,,,,,,,,,,,,,,,,,,
,0.0002993364524835875,0.0002993364524835875,2114,,,,,,,,,,,,,,,,,,
,0.0002993216030693076,0.0002993216030693076,2119,,,,,,,,,,,,,,,,,,
,0.0002993065897089051,0.0002993065897089051,2124,,,,,,,,,,,,,,,,,,
,0.0002992914124188638,0.0002992914124188638,2129,,,,,,,,,,,,,,,,,,
,0.00029927607121584747,0.00029927607121584747,2134,,,,,,,,,,,,,,,,,,
,0.00029926056611669983,0.00029926056611669983,2139,,,,,,,,,,,,,,,,,,
,0.00029924489713844453,0.00029924489713844453,2144,,,,,,,,,,,,,,,,,,
,0.0002992290642982852,0.0002992290642982852,2149,,,,,,,,,,,,,,,,,,
,0.0002992130676136053,0.0002992130676136053,2154,,,,,,,,,,,,,,,,,,
,0.00029919690710196825,0.00029919690710196825,2159,,,,,,,,,,,,,,,,,,
,0.00029918058278111733,0.00029918058278111733,2164,,,,,,,,,,,,,,,,,,
,0.0002991640946689756,0.0002991640946689756,2169,,,,,,,,,,,,,,,,,,
,0.00029914744278364605,0.00029914744278364605,2174,,,,,,,,,,,,,,,,,,
,0.0002991306271434115,0.0002991306271434115,2179,,,,,,,,,,,,,,,,,,
,0.00029911364776673445,0.00029911364776673445,2184,,,,,,,,,,,,,,,,,,
,0.0002990965046722572,0.0002990965046722572,2189,,,,,,,,,,,,,,,,,,
,0.00029907919787880194,0.00029907919787880194,2194,,,,,,,,,,,,,,,,,,
,0.0002990617274053704,0.0002990617274053704,2199,,,,,,,,,,,,,,,,,,
,0.0002990440932711441,0.0002990440932711441,2204,,,,,,,,,,,,,,,,,,
,0.00029902629549548434,0.00029902629549548434,2209,,,,,,,,,,,,,,,,,,
,0.0002990083340979319,0.0002990083340979319,2214,,,,,,,,,,,,,,,,,,
,0.0002989902090982074,0.0002989902090982074,2219,,,,,,,,,,,,,,,,,,
,0.0002989719205162109,0.0002989719205162109,2224,,,,,,,,,,,,,,,,,,
,0.00029895346837202234,0.00029895346837202234,2229,,,,,,,,,,,,,,,,,,
,0.0002989348526859009,0.0002989348526859009,2234,,,,,,,,,,,,,,,,,,
,0.0002989160734782855,0.0002989160734782855,2239,,,,,,,,,,,,,,,,,,
,0.0002988971307697947,0.0002988971307697947,2244,,,,,,,,,,,,,,,,,,
,0.00029887802458122625,0.00029887802458122625,2249,,,,,,,,,,,,,,,,,,
,0.00029885875493355777,0.00029885875493355777,2254,,,,,,,,,,,,,,,,,,
,0.00029883932184794604,0.00029883932184794604,2259,,,,,,,,,,,,,,,,,,
,0.0002988197253457275,0.0002988197253457275,2264,,,,,,,,,,,,,,,,,,
,0.0002987999654484179,0.0002987999654484179,2269,,,,,,,,,,,,,,,,,,
,0.0002987800421777125,0.0002987800421777125,2274,,,,,,,,,,,,,,,,,,
,0.00029875995555548576,0.00029875995555548576,2279,,,,,,,,,,,,,,,,,,
,0.00029873970560379156,0.00029873970560379156,2284,,,,,,,,,,,,,,,,,,
,0.0002987192923448632,0.0002987192923448632,2289,,,,,,,,,,,,,,,,,,
,0.00029869871580111317,0.00029869871580111317,2294,,,,,,,,,,,,,,,,,,
,0.00029867797599513325,0.00029867797599513325,2299,,,,,,,,,,,,,,,,,,
,0.00029865707294969454,0.00029865707294969454,2304,,,,,,,,,,,,,,,,,,
,0.0002986360066877473,0.0002986360066877473,2309,,,,,,,,,,,,,,,,,,
,0.00029861477723242105,0.00029861477723242105,2314,,,,,,,,,,,,,,,,,,
,0.00029859338460702444,0.00029859338460702444,2319,,,,,,,,,,,,,,,,,,
,0.00029857182883504527,0.00029857182883504527,2324,,,,,,,,,,,,,,,,,,
,0.00029855010994015043,0.00029855010994015043,2329,,,,,,,,,,,,,,,,,,
,0.00029852822794618607,0.00029852822794618607,2334,,,,,,,,,,,,,,,,,,
,0.00029850618287717725,0.00029850618287717725,2339,,,,,,,,,,,,,,,,,,
,0.00029848397475732807,0.00029848397475732807,2344,,,,,,,,,,,,,,,,,,
,0.00029846160361102176,0.00029846160361102176,2349,,,,,,,,,,,,,,,,,,
,0.00029843906946282054,0.00029843906946282054,2354,,,,,,,,,,,,,,,,,,
,0.00029841637233746546,0.00029841637233746546,2359,,,,,,,,,,,,,,,,,,
,0.00029839351225987665,0.00029839351225987665,2364,,,,,,,,,,,,,,,,,,
,0.000298370489255153,0.000298370489255153,2369,,,,,,,,,,,,,,,,,,
,0.0002983473033485725,0.0002983473033485725,2374,,,,,,,,,,,,,,,,,,
,0.0002983239545655919,0.0002983239545655919,2379,,,,,,,,,,,,,,,,,,
,0.0002983004429318467,0.0002983004429318467,2384,,,,,,,,,,,,,,,,,,
,0.00029827676847315115,0.00029827676847315115,2389,,,,,,,,,,,,,,,,,,
,0.0002982529312154986,0.0002982529312154986,2394,,,,,,,,,,,,,,,,,,
,0.0002982289311850607,0.0002982289311850607,2399,,,,,,,,,,,,,,,,,,
,0.00029820476840818815,0.00029820476840818815,2404,,,,,,,,,,,,,,,,,,
,0.00029818044291141023,0.00029818044291141023,2409,,,,,,,,,,,,,,,,,,
,0.00029815595472143486,0.00029815595472143486,2414,,,,,,,,,,,,,,,,,,
,0.0002981313038651486,0.0002981313038651486,2419,,,,,,,,,,,,,,,,,,
,0.0002981064903696166,0.0002981064903696166,2424,,,,,,,,,,,,,,,,,,
,0.0002980815142620825,0.0002980815142620825,2429,,,,,,,,,,,,,,,,,,
,0.00029805637556996873,0.00029805637556996873,2434,,,,,,,,,,,,,,,,,,
,0.000298031074320876,0.000298031074320876,2439,,,,,,,,,,,,,,,,,,
,0.00029800561054258345,0.00029800561054258345,2444,,,,,,,,,,,,,,,,,,
,0.00029797998426304886,0.00029797998426304886,2449,,,,,,,,,,,,,,,,,,
,0.00029795419551040833,0.00029795419551040833,2454,,,,,,,,,,,,,,,,,,
,0.00029792824431297635,0.00029792824431297635,2459,,,,,,,,,,,,,,,,,,
,0.0002979021306992458,0.0002979021306992458,2464,,,,,,,,,,,,,,,,,,
,0.00029787585469788784,0.00029787585469788784,2469,,,,,,,,,,,,,,,,,,
,0.00029784941633775186,0.00029784941633775186,2474,,,,,,,,,,,,,,,,,,
,0.00029782281564786576,0.00029782281564786576,2479,,,,,,,,,,,,,,,,,,
,0.00029779605265743534,0.00029779605265743534,2484,,,,,,,,,,,,,,,,,,
,0.00029776912739584477,0.00029776912739584477,2489,,,,,,,,,,,,,,,,,,
,0.00029774203989265644,0.00029774203989265644,2494,,,,,,,,,,,,,,,,,,
,0.0002977147901776107,0.0002977147901776107,2499,,,,,,,,,,,,,,,,,,
,0.0002976873782806262,0.0002976873782806262,2504,,,,,,,,,,,,,,,,,,
,0.00029765980423179946,0.00029765980423179946,2509,,,,,,,,,,,,,,,,,,
,0.0002976320680614052,0.0002976320680614052,2514,,,,,,,,,,,,,,,,,,
,0.000297604169799896,0.000297604169799896,2519,,,,,,,,,,,,,,,,,,
,0.0002975761094779025,0.0002975761094779025,2524,,,,,,,,,,,,,,,,,,
,0.0002975478871262332,0.0002975478871262332,2529,,,,,,,,,,,,,,,,,,
,0.00029751950277587464,0.00029751950277587464,2534,,,,,,,,,,,,,,,,,,
,0.00029749095645799107,0.00029749095645799107,2539,,,,,,,,,,,,,,,,,,
,0.00029746224820392456,0.00029746224820392456,2544,,,,,,,,,,,,,,,,,,
,0.00029743337804519513,0.00029743337804519513,2549,,,,,,,,,,,,,,,,,,
,0.0002974043460135005,0.0002974043460135005,2554,,,,,,,,,,,,,,,,,,
,0.000297375152140716,0.000297375152140716,2559,,,,,,,,,,,,,,,,,,
,0.0002973457964588948,0.0002973457964588948,2564,,,,,,,,,,,,,,,,,,
,0.0002973162790002676,0.0002973162790002676,2569,,,,,,,,,,,,,,,,,,
,0.0002972865997972429,0.0002972865997972429,2574,,,,,,,,,,,,,,,,,,
,0.00029725675888240665,0.00029725675888240665,2579,,,,,,,,,,,,,,,,,,
,0.0002972267562885223,0.0002972267562885223,2584,,,,,,,,,,,,,,,,,,
,0.0002971965920485309,0.0002971965920485309,2589,,,,,,,,,,,,,,,,,,
,0.0002971662661955511,0.0002971662661955511,2594,,,,,,,,,,,,,,,,,,
,0.0002971357787628787,0.0002971357787628787,2599,,,,,,,,,,,,,,,,,,
,0.0002971051297839872,0.0002971051297839872,2604,,,,,,,,,,,,,,,,,,
,0.0002970743192925272,0.0002970743192925272,2609,,,,,,,,,,,,,,,,,,
,0.0002970433473223268,0.0002970433473223268,2614,,,,,,,,,,,,,,,,,,
,0.00029701221390739146,0.00029701221390739146,2619,,,,,,,,,,,,,,,,,,
,0.0002969809190819037,0.0002969809190819037,2624,,,,,,,,,,,,,,,,,,
,0.0002969494628802233,0.0002969494628802233,2629,,,,,,,,,,,,,,,,,,
,0.00029691784533688746,0.00029691784533688746,2634,,,,,,,,,,,,,,,,,,
,0.0002968860664866101,0.0002968860664866101,2639,,,,,,,,,,,,,,,,,,
,0.00029685412636428263,0.00029685412636428263,2644,,,,,,,,,,,,,,,,,,
,0.00029682202500497343,0.00029682202500497343,2649,,,,,,,,,,,,,,,,,,
,0.0002967897624439277,0.0002967897624439277,2654,,,,,,,,,,,,,,,,,,
,0.0002967573387165679,0.0002967573387165679,2659,,,,,,,,,,,,,,,,,,
,0.0002967247538584933,0.0002967247538584933,2664,,,,,,,,,,,,,,,,,,
,0.00029669200790548013,0.00029669200790548013,2669,,,,,,,,,,,,,,,,,,
,0.00029665910089348146,0.00029665910089348146,2674,,,,,,,,,,,,,,,,,,
,0.00029662603285862714,0.00029662603285862714,2679,,,,,,,,,,,,,,,,,,
,0.0002965928038372239,0.0002965928038372239,2684,,,,,,,,,,,,,,,,,,
,0.00029655941386575536,0.00029655941386575536,2689,,,,,,,,,,,,,,,,,,
,0.00029652586298088154,0.00029652586298088154,2694,,,,,,,,,,,,,,,,,,
,0.0002964921512194393,0.0002964921512194393,2699,,,,,,,,,,,,,,,,,,
,0.00029645827861844216,0.00029645827861844216,2704,,,,,,,,,,,,,,,,,,
,0.00029642424521508017,0.00029642424521508017,2709,,,,,,,,,,,,,,,,,,
,0.00029639005104671996,0.00029639005104671996,2714,,,,,,,,,,,,,,,,,,
,0.0002963556961509047,0.0002963556961509047,2719,,,,,,,,,,,,,,,,,,
,0.000296321180565354,0.000296321180565354,2724,,,,,,,,,,,,,,,,,,
,0.0002962865043279638,0.0002962865043279638,2729,,,,,,,,,,,,,,,,,,
,0.00029625166747680666,0.00029625166747680666,2734,,,,,,,,,,,,,,,,,,
,0.00029621667005013124,0.00029621667005013124,2739,,,,,,,,,,,,,,,,,,
,0.00029618151208636264,0.00029618151208636264,2744,,,,,,,,,,,,,,,,,,
,0.0002961461936241021,0.0002961461936241021,2749,,,,,,,,,,,,,,,,,,
,0.0002961107147021273,0.0002961107147021273,2754,,,,,,,,,,,,,,,,,,
,0.000296075075359392,0.000296075075359392,2759,,,,,,,,,,,,,,,,,,
,0.0002960392756350258,0.0002960392756350258,2764,,,,,,,,,,,,,,,,,,
,0.0002960033155683349,0.0002960033155683349,2769,,,,,,,,,,,,,,,,,,
,0.00029596719519880114,0.00029596719519880114,2774,,,,,,,,,,,,,,,,,,
3,,,2775,,,,,,,,,,,,,,9.890884399414062,4.682638168334961,3.2084572315216064,0.3321634531021118,0.3389691412448883
3,,,2775,0.4146898090839386,0.04934776946902275,0.084316186606884,0.3526708781719208,5.046685218811035,0.8742918372154236,3.0092012882232666,0.19524984061717987,1.5869477987289429,0.18694274127483368,4.4333577156066895,3.8906397819519043,2.1258647441864014,,,,,
,0.00029593091456608256,0.00029593091456608256,2779,,,,,,,,,,,,,,,,,,
,0.00029589447371001305,0.00029589447371001305,2784,,,,,,,,,,,,,,,,,,
,0.00029585787267060257,0.00029585787267060257,2789,,,,,,,,,,,,,,,,,,
,0.00029582111148803683,0.00029582111148803683,2794,,,,,,,,,,,,,,,,,,
,0.00029578419020267734,0.00029578419020267734,2799,,,,,,,,,,,,,,,,,,
,0.0002957471088550615,0.0002957471088550615,2804,,,,,,,,,,,,,,,,,,
,0.0002957098674859023,0.0002957098674859023,2809,,,,,,,,,,,,,,,,,,
,0.0002956724661360887,0.0002956724661360887,2814,,,,,,,,,,,,,,,,,,
,0.0002956349048466849,0.0002956349048466849,2819,,,,,,,,,,,,,,,,,,
,0.0002955971836589311,0.0002955971836589311,2824,,,,,,,,,,,,,,,,,,
,0.00029555930261424283,0.00029555930261424283,2829,,,,,,,,,,,,,,,,,,
,0.0002955212617542113,0.0002955212617542113,2834,,,,,,,,,,,,,,,,,,
,0.0002954830611206029,0.0002954830611206029,2839,,,,,,,,,,,,,,,,,,
,0.00029544470075535973,0.00029544470075535973,2844,,,,,,,,,,,,,,,,,,
,0.0002954061807005992,0.0002954061807005992,2849,,,,,,,,,,,,,,,,,,
,0.00029536750099861384,0.00029536750099861384,2854,,,,,,,,,,,,,,,,,,
,0.00029532866169187184,0.00029532866169187184,2859,,,,,,,,,,,,,,,,,,
,0.0002952896628230163,0.0002952896628230163,2864,,,,,,,,,,,,,,,,,,
,0.0002952505044348656,0.0002952505044348656,2869,,,,,,,,,,,,,,,,,,
,0.00029521118657041345,0.00029521118657041345,2874,,,,,,,,,,,,,,,,,,
,0.0002951717092728283,0.0002951717092728283,2879,,,,,,,,,,,,,,,,,,
,0.00029513207258545396,0.00029513207258545396,2884,,,,,,,,,,,,,,,,,,
,0.0002950922765518091,0.0002950922765518091,2889,,,,,,,,,,,,,,,,,,
,0.00029505232121558735,0.00029505232121558735,2894,,,,,,,,,,,,,,,,,,
,0.0002950122066206573,0.0002950122066206573,2899,,,,,,,,,,,,,,,,,,
,0.00029497193281106227,0.00029497193281106227,2904,,,,,,,,,,,,,,,,,,
,0.0002949314998310206,0.0002949314998310206,2909,,,,,,,,,,,,,,,,,,
,0.00029489090772492525,0.00029489090772492525,2914,,,,,,,,,,,,,,,,,,
,0.0002948501565373438,0.0002948501565373438,2919,,,,,,,,,,,,,,,,,,
,0.00029480924631301864,0.00029480924631301864,2924,,,,,,,,,,,,,,,,,,
,0.0002947681770968668,0.0002947681770968668,2929,,,,,,,,,,,,,,,,,,
,0.00029472694893397966,0.00029472694893397966,2934,,,,,,,,,,,,,,,,,,
,0.00029468556186962346,0.00029468556186962346,2939,,,,,,,,,,,,,,,,,,
,0.00029464401594923856,0.00029464401594923856,2944,,,,,,,,,,,,,,,,,,
,0.0002946023112184399,0.0002946023112184399,2949,,,,,,,,,,,,,,,,,,
,0.0002945604477230168,0.0002945604477230168,2954,,,,,,,,,,,,,,,,,,
,0.00029451842550893285,0.00029451842550893285,2959,,,,,,,,,,,,,,,,,,
,0.0002944762446223258,0.0002944762446223258,2964,,,,,,,,,,,,,,,,,,
,0.00029443390510950794,0.00029443390510950794,2969,,,,,,,,,,,,,,,,,,
,0.00029439140701696524,0.00029439140701696524,2974,,,,,,,,,,,,,,,,,,
,0.0002943487503913583,0.0002943487503913583,2979,,,,,,,,,,,,,,,,,,
,0.00029430593527952133,0.00029430593527952133,2984,,,,,,,,,,,,,,,,,,
,0.00029426296172846287,0.00029426296172846287,2989,,,,,,,,,,,,,,,,,,
,0.0002942198297853652,0.0002942198297853652,2994,,,,,,,,,,,,,,,,,,
,0.0002941765394975847,0.0002941765394975847,2999,,,,,,,,,,,,,,,,,,
,0.0002941330909126513,0.0002941330909126513,3004,,,,,,,,,,,,,,,,,,
,0.00029408948407826915,0.00029408948407826915,3009,,,,,,,,,,,,,,,,,,
,0.0002940457190423158,0.0002940457190423158,3014,,,,,,,,,,,,,,,,,,
,0.0002940017958528427,0.0002940017958528427,3019,,,,,,,,,,,,,,,,,,
,0.0002939577145580748,0.0002939577145580748,3024,,,,,,,,,,,,,,,,,,
,0.0002939134752064107,0.0002939134752064107,3029,,,,,,,,,,,,,,,,,,
,0.0002938690778464226,0.0002938690778464226,3034,,,,,,,,,,,,,,,,,,
,0.0002938245225268561,0.0002938245225268561,3039,,,,,,,,,,,,,,,,,,
,0.00029377980929663023,0.00029377980929663023,3044,,,,,,,,,,,,,,,,,,
,0.00029373493820483747,0.00029373493820483747,3049,,,,,,,,,,,,,,,,,,
,0.00029368990930074356,0.00029368990930074356,3054,,,,,,,,,,,,,,,,,,
,0.00029364472263378747,0.00029364472263378747,3059,,,,,,,,,,,,,,,,,,
,0.00029359937825358147,0.00029359937825358147,3064,,,,,,,,,,,,,,,,,,
,0.00029355387620991105,0.00029355387620991105,3069,,,,,,,,,,,,,,,,,,
,0.00029350821655273456,0.00029350821655273456,3074,,,,,,,,,,,,,,,,,,
,0.0002934623993321836,0.0002934623993321836,3079,,,,,,,,,,,,,,,,,,
,0.0002934164245985628,0.0002934164245985628,3084,,,,,,,,,,,,,,,,,,
,0.00029337029240234956,0.00029337029240234956,3089,,,,,,,,,,,,,,,,,,
,0.0002933240027941943,0.0002933240027941943,3094,,,,,,,,,,,,,,,,,,
,0.0002932775558249202,0.0002932775558249202,3099,,,,,,,,,,,,,,,,,,
,0.0002932309515455232,0.0002932309515455232,3104,,,,,,,,,,,,,,,,,,
,0.0002931841900071721,0.0002931841900071721,3109,,,,,,,,,,,,,,,,,,
,0.00029313727126120806,0.00029313727126120806,3114,,,,,,,,,,,,,,,,,,
,0.0002930901953591452,0.0002930901953591452,3119,,,,,,,,,,,,,,,,,,
,0.00029304296235266997,0.00029304296235266997,3124,,,,,,,,,,,,,,,,,,
,0.0002929955722936414,0.0002929955722936414,3129,,,,,,,,,,,,,,,,,,
,0.0002929480252340909,0.0002929480252340909,3134,,,,,,,,,,,,,,,,,,
,0.00029290032122622223,0.00029290032122622223,3139,,,,,,,,,,,,,,,,,,
,0.00029285246032241156,0.00029285246032241156,3144,,,,,,,,,,,,,,,,,,
,0.00029280444257520725,0.00029280444257520725,3149,,,,,,,,,,,,,,,,,,
,0.00029275626803732993,0.00029275626803732993,3154,,,,,,,,,,,,,,,,,,
,0.0002927079367616723,0.0002927079367616723,3159,,,,,,,,,,,,,,,,,,
,0.00029265944880129926,0.00029265944880129926,3164,,,,,,,,,,,,,,,,,,
,0.0002926108042094476,0.0002926108042094476,3169,,,,,,,,,,,,,,,,,,
,0.0002925620030395261,0.0002925620030395261,3174,,,,,,,,,,,,,,,,,,
,0.0002925130453451156,0.0002925130453451156,3179,,,,,,,,,,,,,,,,,,
,0.00029246393117996877,0.00029246393117996877,3184,,,,,,,,,,,,,,,,,,
,0.00029241466059800984,0.00029241466059800984,3189,,,,,,,,,,,,,,,,,,
,0.000292365233653335,0.000292365233653335,3194,,,,,,,,,,,,,,,,,,
,0.00029231565040021206,0.00029231565040021206,3199,,,,,,,,,,,,,,,,,,
,0.00029226591089308047,0.00029226591089308047,3204,,,,,,,,,,,,,,,,,,
,0.00029221601518655116,0.00029221601518655116,3209,,,,,,,,,,,,,,,,,,
,0.00029216596333540666,0.00029216596333540666,3214,,,,,,,,,,,,,,,,,,
,0.0002921157553946009,0.0002921157553946009,3219,,,,,,,,,,,,,,,,,,
,0.0002920653914192591,0.0002920653914192591,3224,,,,,,,,,,,,,,,,,,
,0.0002920148714646779,0.0002920148714646779,3229,,,,,,,,,,,,,,,,,,
,0.00029196419558632516,0.00029196419558632516,3234,,,,,,,,,,,,,,,,,,
,0.00029191336383984,0.00029191336383984,3239,,,,,,,,,,,,,,,,,,
,0.00029186237628103253,0.00029186237628103253,3244,,,,,,,,,,,,,,,,,,
,0.00029181123296588405,0.00029181123296588405,3249,,,,,,,,,,,,,,,,,,
,0.0002917599339505469,0.0002917599339505469,3254,,,,,,,,,,,,,,,,,,
,0.00029170847929134425,0.00029170847929134425,3259,,,,,,,,,,,,,,,,,,
,0.00029165686904477023,0.00029165686904477023,3264,,,,,,,,,,,,,,,,,,
,0.0002916051032674897,0.0002916051032674897,3269,,,,,,,,,,,,,,,,,,
,0.0002915531820163385,0.0002915531820163385,3274,,,,,,,,,,,,,,,,,,
,0.0002915011053483229,0.0002915011053483229,3279,,,,,,,,,,,,,,,,,,
,0.00029144887332062006,0.00029144887332062006,3284,,,,,,,,,,,,,,,,,,
,0.00029139648599057756,0.00029139648599057756,3289,,,,,,,,,,,,,,,,,,
,0.0002913439434157135,0.0002913439434157135,3294,,,,,,,,,,,,,,,,,,
,0.0002912912456537165,0.0002912912456537165,3299,,,,,,,,,,,,,,,,,,
,0.0002912383927624455,0.0002912383927624455,3304,,,,,,,,,,,,,,,,,,
,0.00029118538479992983,0.00029118538479992983,3309,,,,,,,,,,,,,,,,,,
,0.000291132221824369,0.000291132221824369,3314,,,,,,,,,,,,,,,,,,
,0.0002910789038941327,0.0002910789038941327,3319,,,,,,,,,,,,,,,,,,
,0.00029102543106776095,0.00029102543106776095,3324,,,,,,,,,,,,,,,,,,
,0.0002909718034039636,0.0002909718034039636,3329,,,,,,,,,,,,,,,,,,
,0.0002909180209616206,0.0002909180209616206,3334,,,,,,,,,,,,,,,,,,
,0.00029086408379978184,0.00029086408379978184,3339,,,,,,,,,,,,,,,,,,
,0.000290809991977667,0.000290809991977667,3344,,,,,,,,,,,,,,,,,,
,0.00029075574555466576,0.00029075574555466576,3349,,,,,,,,,,,,,,,,,,
,0.0002907013445903374,0.0002907013445903374,3354,,,,,,,,,,,,,,,,,,
,0.0002906467891444109,0.0002906467891444109,3359,,,,,,,,,,,,,,,,,,
,0.00029059207927678473,0.00029059207927678473,3364,,,,,,,,,,,,,,,,,,
,0.0002905372150475272,0.0002905372150475272,3369,,,,,,,,,,,,,,,,,,
,0.0002904821965168758,0.0002904821965168758,3374,,,,,,,,,,,,,,,,,,
,0.0002904270237452376,0.0002904270237452376,3379,,,,,,,,,,,,,,,,,,
,0.00029037169679318905,0.00029037169679318905,3384,,,,,,,,,,,,,,,,,,
,0.0002903162157214757,0.0002903162157214757,3389,,,,,,,,,,,,,,,,,,
,0.0002902605805910125,0.0002902605805910125,3394,,,,,,,,,,,,,,,,,,
,0.00029020479146288353,0.00029020479146288353,3399,,,,,,,,,,,,,,,,,,
,0.0002901488483983417,0.0002901488483983417,3404,,,,,,,,,,,,,,,,,,
,0.0002900927514588093,0.0002900927514588093,3409,,,,,,,,,,,,,,,,,,
,0.00029003650070587723,0.00029003650070587723,3414,,,,,,,,,,,,,,,,,,
,0.0002899800962013056,0.0002899800962013056,3419,,,,,,,,,,,,,,,,,,
,0.00028992353800702303,0.00028992353800702303,3424,,,,,,,,,,,,,,,,,,
,0.00028986682618512705,0.00028986682618512705,3429,,,,,,,,,,,,,,,,,,
,0.0002898099607978839,0.0002898099607978839,3434,,,,,,,,,,,,,,,,,,
,0.0002897529419077282,0.0002897529419077282,3439,,,,,,,,,,,,,,,,,,
,0.0002896957695772633,0.0002896957695772633,3444,,,,,,,,,,,,,,,,,,
,0.0002896384438692611,0.0002896384438692611,3449,,,,,,,,,,,,,,,,,,
,0.00028958096484666166,0.00028958096484666166,3454,,,,,,,,,,,,,,,,,,
,0.0002895233325725735,0.0002895233325725735,3459,,,,,,,,,,,,,,,,,,
,0.00028946554711027335,0.00028946554711027335,3464,,,,,,,,,,,,,,,,,,
,0.0002894076085232062,0.0002894076085232062,3469,,,,,,,,,,,,,,,,,,
4,,,3469,,,,,,,,,,,,,,8.747332572937012,3.890897750854492,2.9579901695251465,0.31501758098602295,0.323358952999115
4,,,3469,0.45752763748168945,0.06848645210266113,0.11531133204698563,0.4250452220439911,4.577143669128418,0.8045034408569336,2.7572526931762695,0.17035141587257385,1.4584108591079712,0.16362662613391876,4.136216163635254,3.5863287448883057,1.848058819770813,,,,,
,0.0002893495168749852,0.0002893495168749852,3474,,,,,,,,,,,,,,,,,,
,0.0002892912722293913,0.0002892912722293913,3479,,,,,,,,,,,,,,,,,,
,0.00028923287465037383,0.00028923287465037383,3484,,,,,,,,,,,,,,,,,,
,0.00028917432420204965,0.00028917432420204965,3489,,,,,,,,,,,,,,,,,,
,0.00028911562094870364,0.00028911562094870364,3494,,,,,,,,,,,,,,,,,,
,0.0002890567649547886,0.0002890567649547886,3499,,,,,,,,,,,,,,,,,,
,0.00028899775628492464,0.00028899775628492464,3504,,,,,,,,,,,,,,,,,,
,0.0002889385950038998,0.0002889385950038998,3509,,,,,,,,,,,,,,,,,,
,0.0002888792811766697,0.0002888792811766697,3514,,,,,,,,,,,,,,,,,,
,0.0002888198148683572,0.0002888198148683572,3519,,,,,,,,,,,,,,,,,,
,0.0002887601961442528,0.0002887601961442528,3524,,,,,,,,,,,,,,,,,,
,0.0002887004250698143,0.0002887004250698143,3529,,,,,,,,,,,,,,,,,,
,0.0002886405017106667,0.0002886405017106667,3534,,,,,,,,,,,,,,,,,,
,0.0002885804261326022,0.0002885804261326022,3539,,,,,,,,,,,,,,,,,,
,0.0002885201984015802,0.0002885201984015802,3544,,,,,,,,,,,,,,,,,,
,0.0002884598185837272,0.0002884598185837272,3549,,,,,,,,,,,,,,,,,,
,0.0002883992867453364,0.0002883992867453364,3554,,,,,,,,,,,,,,,,,,
,0.00028833860295286837,0.00028833860295286837,3559,,,,,,,,,,,,,,,,,,
,0.00028827776727295,0.00028827776727295,3564,,,,,,,,,,,,,,,,,,
,0.0002882167797723754,0.0002882167797723754,3569,,,,,,,,,,,,,,,,,,
,0.00028815564051810503,0.00028815564051810503,3574,,,,,,,,,,,,,,,,,,
,0.0002880943495772662,0.0002880943495772662,3579,,,,,,,,,,,,,,,,,,
,0.00028803290701715265,0.00028803290701715265,3584,,,,,,,,,,,,,,,,,,
,0.0002879713129052246,0.0002879713129052246,3589,,,,,,,,,,,,,,,,,,
,0.00028790956730910864,0.00028790956730910864,3594,,,,,,,,,,,,,,,,,,
,0.0002878476702965978,0.0002878476702965978,3599,,,,,,,,,,,,,,,,,,
,0.0002877856219356512,0.0002877856219356512,3604,,,,,,,,,,,,,,,,,,
,0.0002877234222943942,0.0002877234222943942,3609,,,,,,,,,,,,,,,,,,
,0.00028766107144111825,0.00028766107144111825,3614,,,,,,,,,,,,,,,,,,
,0.00028759856944428087,0.00028759856944428087,3619,,,,,,,,,,,,,,,,,,
,0.00028753591637250555,0.00028753591637250555,3624,,,,,,,,,,,,,,,,,,
,0.0002874731122945814,0.0002874731122945814,3629,,,,,,,,,,,,,,,,,,
,0.0002874101572794637,0.0002874101572794637,3634,,,,,,,,,,,,,,,,,,
,0.0002873470513962731,0.0002873470513962731,3639,,,,,,,,,,,,,,,,,,
,0.0002872837947142962,0.0002872837947142962,3644,,,,,,,,,,,,,,,,,,
,0.000287220387302985,0.000287220387302985,3649,,,,,,,,,,,,,,,,,,
,0.0002871568292319569,0.0002871568292319569,3654,,,,,,,,,,,,,,,,,,
,0.000287093120570995,0.000287093120570995,3659,,,,,,,,,,,,,,,,,,
,0.00028702926139004747,0.00028702926139004747,3664,,,,,,,,,,,,,,,,,,
,0.00028696525175922786,0.00028696525175922786,3669,,,,,,,,,,,,,,,,,,
,0.0002869010917488148,0.0002869010917488148,3674,,,,,,,,,,,,,,,,,,
,0.0002868367814292523,0.0002868367814292523,3679,,,,,,,,,,,,,,,,,,
,0.0002867723208711491,0.0002867723208711491,3684,,,,,,,,,,,,,,,,,,
,0.00028670771014527904,0.00028670771014527904,3689,,,,,,,,,,,,,,,,,,
,0.00028664294932258076,0.00028664294932258076,3694,,,,,,,,,,,,,,,,,,
,0.0002865780384741578,0.0002865780384741578,3699,,,,,,,,,,,,,,,,,,
,0.0002865129776712783,0.0002865129776712783,3704,,,,,,,,,,,,,,,,,,
,0.00028644776698537517,0.00028644776698537517,3709,,,,,,,,,,,,,,,,,,
,0.00028638240648804576,0.00028638240648804576,3714,,,,,,,,,,,,,,,,,,
,0.00028631689625105194,0.00028631689625105194,3719,,,,,,,,,,,,,,,,,,
,0.0002862512363463201,0.0002862512363463201,3724,,,,,,,,,,,,,,,,,,
,0.0002861854268459408,0.0002861854268459408,3729,,,,,,,,,,,,,,,,,,
,0.00028611946782216885,0.00028611946782216885,3734,,,,,,,,,,,,,,,,,,
,0.0002860533593474234,0.0002860533593474234,3739,,,,,,,,,,,,,,,,,,
,0.0002859871014942875,0.0002859871014942875,3744,,,,,,,,,,,,,,,,,,
,0.0002859206943355082,0.0002859206943355082,3749,,,,,,,,,,,,,,,,,,
,0.0002858541379439967,0.0002858541379439967,3754,,,,,,,,,,,,,,,,,,
,0.0002857874323928279,0.0002857874323928279,3759,,,,,,,,,,,,,,,,,,
,0.0002857205777552404,0.0002857205777552404,3764,,,,,,,,,,,,,,,,,,
,0.00028565357410463663,0.00028565357410463663,3769,,,,,,,,,,,,,,,,,,
,0.00028558642151458246,0.00028558642151458246,3774,,,,,,,,,,,,,,,,,,
,0.00028551912005880743,0.00028551912005880743,3779,,,,,,,,,,,,,,,,,,
,0.00028545166981120464,0.00028545166981120464,3784,,,,,,,,,,,,,,,,,,
,0.00028538407084583014,0.00028538407084583014,3789,,,,,,,,,,,,,,,,,,
,0.0002853163232369037,0.0002853163232369037,3794,,,,,,,,,,,,,,,,,,
,0.000285248427058808,0.000285248427058808,3799,,,,,,,,,,,,,,,,,,
,0.0002851803823860891,0.0002851803823860891,3804,,,,,,,,,,,,,,,,,,
,0.0002851121892934558,0.0002851121892934558,3809,,,,,,,,,,,,,,,,,,
,0.0002850438478557801,0.0002850438478557801,3814,,,,,,,,,,,,,,,,,,
,0.0002849753581480967,0.0002849753581480967,3819,,,,,,,,,,,,,,,,,,
,0.00028490672024560326,0.00028490672024560326,3824,,,,,,,,,,,,,,,,,,
,0.00028483793422366,0.00028483793422366,3829,,,,,,,,,,,,,,,,,,
,0.00028476900015778983,0.00028476900015778983,3834,,,,,,,,,,,,,,,,,,
,0.0002846999181236783,0.0002846999181236783,3839,,,,,,,,,,,,,,,,,,
,0.0002846306881971731,0.0002846306881971731,3844,,,,,,,,,,,,,,,,,,
,0.00028456131045428475,0.00028456131045428475,3849,,,,,,,,,,,,,,,,,,
,0.00028449178497118576,0.00028449178497118576,3854,,,,,,,,,,,,,,,,,,
,0.00028442211182421086,0.00028442211182421086,3859,,,,,,,,,,,,,,,,,,
,0.000284352291089857,0.000284352291089857,3864,,,,,,,,,,,,,,,,,,
,0.00028428232284478315,0.00028428232284478315,3869,,,,,,,,,,,,,,,,,,
,0.0002842122071658102,0.0002842122071658102,3874,,,,,,,,,,,,,,,,,,
,0.000284141944129921,0.000284141944129921,3879,,,,,,,,,,,,,,,,,,
,0.00028407153381426005,0.00028407153381426005,3884,,,,,,,,,,,,,,,,,,
,0.00028400097629613374,0.00028400097629613374,3889,,,,,,,,,,,,,,,,,,
,0.0002839302716530099,0.0002839302716530099,3894,,,,,,,,,,,,,,,,,,
,0.0002838594199625179,0.0002838594199625179,3899,,,,,,,,,,,,,,,,,,
,0.00028378842130244875,0.00028378842130244875,3904,,,,,,,,,,,,,,,,,,
,0.0002837172757507547,0.0002837172757507547,3909,,,,,,,,,,,,,,,,,,
,0.0002836459833855492,0.0002836459833855492,3914,,,,,,,,,,,,,,,,,,
,0.000283574544285107,0.000283574544285107,3919,,,,,,,,,,,,,,,,,,
,0.00028350295852786394,0.00028350295852786394,3924,,,,,,,,,,,,,,,,,,
,0.0002834312261924168,0.0002834312261924168,3929,,,,,,,,,,,,,,,,,,
,0.0002833593473575235,0.0002833593473575235,3934,,,,,,,,,,,,,,,,,,
,0.00028328732210210254,0.00028328732210210254,3939,,,,,,,,,,,,,,,,,,
,0.0002832151505052334,0.0002832151505052334,3944,,,,,,,,,,,,,,,,,,
,0.0002831428326461561,0.0002831428326461561,3949,,,,,,,,,,,,,,,,,,
,0.0002830703686042713,0.0002830703686042713,3954,,,,,,,,,,,,,,,,,,
,0.0002829977584591401,0.0002829977584591401,3959,,,,,,,,,,,,,,,,,,
,0.00028292500229048416,0.00028292500229048416,3964,,,,,,,,,,,,,,,,,,
,0.00028285210017818535,0.00028285210017818535,3969,,,,,,,,,,,,,,,,,,
,0.0002827790522022857,0.0002827790522022857,3974,,,,,,,,,,,,,,,,,,
,0.0002827058584429876,0.0002827058584429876,3979,,,,,,,,,,,,,,,,,,
,0.0002826325189806534,0.0002826325189806534,3984,,,,,,,,,,,,,,,,,,
,0.00028255903389580526,0.00028255903389580526,3989,,,,,,,,,,,,,,,,,,
,0.00028248540326912547,0.00028248540326912547,3994,,,,,,,,,,,,,,,,,,
,0.000282411627181456,0.000282411627181456,3999,,,,,,,,,,,,,,,,,,
,0.0002823377057137986,0.0002823377057137986,4004,,,,,,,,,,,,,,,,,,
,0.0002822636389473146,0.0002822636389473146,4009,,,,,,,,,,,,,,,,,,
,0.00028218942696332485,0.00028218942696332485,4014,,,,,,,,,,,,,,,,,,
,0.00028211506984330946,0.00028211506984330946,4019,,,,,,,,,,,,,,,,,,
,0.00028204056766890825,0.00028204056766890825,4024,,,,,,,,,,,,,,,,,,
,0.0002819659205219201,0.0002819659205219201,4029,,,,,,,,,,,,,,,,,,
,0.000281891128484303,0.000281891128484303,4034,,,,,,,,,,,,,,,,,,
,0.00028181619163817413,0.00028181619163817413,4039,,,,,,,,,,,,,,,,,,
,0.00028174111006580967,0.00028174111006580967,4044,,,,,,,,,,,,,,,,,,
,0.00028166588384964463,0.00028166588384964463,4049,,,,,,,,,,,,,,,,,,
,0.0002815905130722729,0.0002815905130722729,4054,,,,,,,,,,,,,,,,,,
,0.000281514997816447,0.000281514997816447,4059,,,,,,,,,,,,,,,,,,
,0.0002814393381650781,0.0002814393381650781,4064,,,,,,,,,,,,,,,,,,
,0.000281363534201236,0.000281363534201236,4069,,,,,,,,,,,,,,,,,,
,0.000281287586008149,0.000281287586008149,4074,,,,,,,,,,,,,,,,,,
,0.0002812114936692034,0.0002812114936692034,4079,,,,,,,,,,,,,,,,,,
,0.00028113525726794416,0.00028113525726794416,4084,,,,,,,,,,,,,,,,,,
,0.0002810588768880742,0.0002810588768880742,4089,,,,,,,,,,,,,,,,,,
,0.0002809823526134546,0.0002809823526134546,4094,,,,,,,,,,,,,,,,,,
,0.00028090568452810436,0.00028090568452810436,4099,,,,,,,,,,,,,,,,,,
,0.0002808288727162005,0.0002808288727162005,4104,,,,,,,,,,,,,,,,,,
,0.0002807519172620777,0.0002807519172620777,4109,,,,,,,,,,,,,,,,,,
,0.0002806748182502284,0.0002806748182502284,4114,,,,,,,,,,,,,,,,,,
,0.0002805975757653027,0.0002805975757653027,4119,,,,,,,,,,,,,,,,,,
,0.00028052018989210815,0.00028052018989210815,4124,,,,,,,,,,,,,,,,,,
,0.0002804426607156098,0.0002804426607156098,4129,,,,,,,,,,,,,,,,,,
,0.0002803649883209301,0.0002803649883209301,4134,,,,,,,,,,,,,,,,,,
,0.0002802871727933486,0.0002802871727933486,4139,,,,,,,,,,,,,,,,,,
,0.00028020921421830196,0.00028020921421830196,4144,,,,,,,,,,,,,,,,,,
,0.0002801311126813841,0.0002801311126813841,4149,,,,,,,,,,,,,,,,,,
,0.0002800528682683458,0.0002800528682683458,4154,,,,,,,,,,,,,,,,,,
,0.0002799744810650947,0.0002799744810650947,4159,,,,,,,,,,,,,,,,,,
5,,,4163,,,,,,,,,,,,,,9.612264633178711,5.578181743621826,2.082571029663086,0.3234163522720337,0.3344310522079468
5,,,4163,0.5819202661514282,0.1052396148443222,0.164994016289711,0.5463800430297852,3.9264278411865234,0.7632738947868347,2.241025447845459,0.1543528139591217,1.1184369325637817,0.1503628045320511,3.4690561294555664,3.006013870239258,1.370598554611206,,,,,
,0.00027989595115769525,0.00027989595115769525,4164,,,,,,,,,,,,,,,,,,
,0.00027981727863236845,0.00027981727863236845,4169,,,,,,,,,,,,,,,,,,
,0.00027973846357549215,0.00027973846357549215,4174,,,,,,,,,,,,,,,,,,
,0.00027965950607360037,0.00027965950607360037,4179,,,,,,,,,,,,,,,,,,
,0.0002795804062133838,0.0002795804062133838,4184,,,,,,,,,,,,,,,,,,
,0.00027950116408168935,0.00027950116408168935,4189,,,,,,,,,,,,,,,,,,
,0.00027942177976551997,0.00027942177976551997,4194,,,,,,,,,,,,,,,,,,
,0.00027934225335203496,0.00027934225335203496,4199,,,,,,,,,,,,,,,,,,
,0.0002792625849285495,0.0002792625849285495,4204,,,,,,,,,,,,,,,,,,
,0.0002791827745825347,0.0002791827745825347,4209,,,,,,,,,,,,,,,,,,
,0.00027910282240161755,0.00027910282240161755,4214,,,,,,,,,,,,,,,,,,
,0.00027902272847358075,0.00027902272847358075,4219,,,,,,,,,,,,,,,,,,
,0.00027894249288636254,0.00027894249288636254,4224,,,,,,,,,,,,,,,,,,
,0.0002788621157280568,0.0002788621157280568,4229,,,,,,,,,,,,,,,,,,
,0.00027878159708691276,0.00027878159708691276,4234,,,,,,,,,,,,,,,,,,
,0.00027870093705133507,0.00027870093705133507,4239,,,,,,,,,,,,,,,,,,
,0.0002786201357098836,0.0002786201357098836,4244,,,,,,,,,,,,,,,,,,
,0.00027853919315127336,0.00027853919315127336,4249,,,,,,,,,,,,,,,,,,
,0.00027845810946437434,0.00027845810946437434,4254,,,,,,,,,,,,,,,,,,
,0.0002783768847382116,0.0002783768847382116,4259,,,,,,,,,,,,,,,,,,
,0.00027829551906196503,0.00027829551906196503,4264,,,,,,,,,,,,,,,,,,
,0.0002782140125249691,0.0002782140125249691,4269,,,,,,,,,,,,,,,,,,
,0.00027813236521671326,0.00027813236521671326,4274,,,,,,,,,,,,,,,,,,
,0.0002780505772268412,0.0002780505772268412,4279,,,,,,,,,,,,,,,,,,
,0.00027796864864515123,0.00027796864864515123,4284,,,,,,,,,,,,,,,,,,
,0.000277886579561596,0.000277886579561596,4289,,,,,,,,,,,,,,,,,,
,0.00027780437006628245,0.00027780437006628245,4294,,,,,,,,,,,,,,,,,,
,0.0002777220202494717,0.0002777220202494717,4299,,,,,,,,,,,,,,,,,,
,0.00027763953020157876,0.00027763953020157876,4304,,,,,,,,,,,,,,,,,,
,0.0002775569000131728,0.0002775569000131728,4309,,,,,,,,,,,,,,,,,,
,0.00027747412977497673,0.00027747412977497673,4314,,,,,,,,,,,,,,,,,,
,0.0002773912195778674,0.0002773912195778674,4319,,,,,,,,,,,,,,,,,,
,0.0002773081695128751,0.0002773081695128751,4324,,,,,,,,,,,,,,,,,,
,0.00027722497967118387,0.00027722497967118387,4329,,,,,,,,,,,,,,,,,,
,0.0002771416501441311,0.0002771416501441311,4334,,,,,,,,,,,,,,,,,,
,0.0002770581810232076,0.0002770581810232076,4339,,,,,,,,,,,,,,,,,,
,0.00027697457240005746,0.00027697457240005746,4344,,,,,,,,,,,,,,,,,,
,0.00027689082436647787,0.00027689082436647787,4349,,,,,,,,,,,,,,,,,,
,0.00027680693701441917,0.00027680693701441917,4354,,,,,,,,,,,,,,,,,,
,0.00027672291043598455,0.00027672291043598455,4359,,,,,,,,,,,,,,,,,,
,0.00027663874472343017,0.00027663874472343017,4364,,,,,,,,,,,,,,,,,,
,0.000276554439969165,0.000276554439969165,4369,,,,,,,,,,,,,,,,,,
,0.00027646999626575045,0.00027646999626575045,4374,,,,,,,,,,,,,,,,,,
,0.0002763854137059006,0.0002763854137059006,4379,,,,,,,,,,,,,,,,,,
,0.0002763006923824821,0.0002763006923824821,4384,,,,,,,,,,,,,,,,,,
,0.00027621583238851387,0.00027621583238851387,4389,,,,,,,,,,,,,,,,,,
,0.000276130833817167,0.000276130833817167,4394,,,,,,,,,,,,,,,,,,
,0.0002760456967617648,0.0002760456967617648,4399,,,,,,,,,,,,,,,,,,
,0.0002759604213157826,0.0002759604213157826,4404,,,,,,,,,,,,,,,,,,
,0.00027587500757284786,0.00027587500757284786,4409,,,,,,,,,,,,,,,,,,
,0.00027578945562673954,0.00027578945562673954,4414,,,,,,,,,,,,,,,,,,
,0.00027570376557138865,0.00027570376557138865,4419,,,,,,,,,,,,,,,,,,
,0.0002756179375008776,0.0002756179375008776,4424,,,,,,,,,,,,,,,,,,
,0.0002755319715094405,0.0002755319715094405,4429,,,,,,,,,,,,,,,,,,
,0.00027544586769146287,0.00027544586769146287,4434,,,,,,,,,,,,,,,,,,
,0.0002753596261414814,0.0002753596261414814,4439,,,,,,,,,,,,,,,,,,
,0.00027527324695418424,0.00027527324695418424,4444,,,,,,,,,,,,,,,,,,
,0.0002751867302244104,0.0002751867302244104,4449,,,,,,,,,,,,,,,,,,
,0.00027510007604715015,0.00027510007604715015,4454,,,,,,,,,,,,,,,,,,
,0.00027501328451754457,0.00027501328451754457,4459,,,,,,,,,,,,,,,,,,
,0.0002749263557308854,0.0002749263557308854,4464,,,,,,,,,,,,,,,,,,
,0.0002748392897826153,0.0002748392897826153,4469,,,,,,,,,,,,,,,,,,
,0.0002747520867683274,0.0002747520867683274,4474,,,,,,,,,,,,,,,,,,
,0.0002746647467837654,0.0002746647467837654,4479,,,,,,,,,,,,,,,,,,
,0.0002745772699248233,0.0002745772699248233,4484,,,,,,,,,,,,,,,,,,
,0.0002744896562875454,0.0002744896562875454,4489,,,,,,,,,,,,,,,,,,
,0.00027440190596812633,0.00027440190596812633,4494,,,,,,,,,,,,,,,,,,
,0.0002743140190629105,0.0002743140190629105,4499,,,,,,,,,,,,,,,,,,
,0.00027422599566839247,0.00027422599566839247,4504,,,,,,,,,,,,,,,,,,
,0.00027413783588121665,0.00027413783588121665,4509,,,,,,,,,,,,,,,,,,
,0.0002740495397981772,0.0002740495397981772,4514,,,,,,,,,,,,,,,,,,
,0.0002739611075162178,0.0002739611075162178,4519,,,,,,,,,,,,,,,,,,
,0.0002738725391324318,0.0002738725391324318,4524,,,,,,,,,,,,,,,,,,
,0.0002737838347440621,0.0002737838347440621,4529,,,,,,,,,,,,,,,,,,
,0.0002736949944485006,0.0002736949944485006,4534,,,,,,,,,,,,,,,,,,
,0.0002736060183432886,0.0002736060183432886,4539,,,,,,,,,,,,,,,,,,
,0.0002735169065261166,0.0002735169065261166,4544,,,,,,,,,,,,,,,,,,
,0.00027342765909482393,0.00027342765909482393,4549,,,,,,,,,,,,,,,,,,
,0.0002733382761473989,0.0002733382761473989,4554,,,,,,,,,,,,,,,,,,
,0.0002732487577819787,0.0002732487577819787,4559,,,,,,,,,,,,,,,,,,
,0.0002731591040968489,0.0002731591040968489,4564,,,,,,,,,,,,,,,,,,
,0.00027306931519044403,0.00027306931519044403,4569,,,,,,,,,,,,,,,,,,
,0.0002729793911613468,0.0002729793911613468,4574,,,,,,,,,,,,,,,,,,
,0.0002728893321082884,0.0002728893321082884,4579,,,,,,,,,,,,,,,,,,
,0.0002727991381301482,0.0002727991381301482,4584,,,,,,,,,,,,,,,,,,
,0.0002727088093259539,0.0002727088093259539,4589,,,,,,,,,,,,,,,,,,
,0.0002726183457948809,0.0002726183457948809,4594,,,,,,,,,,,,,,,,,,
,0.0002725277476362529,0.0002725277476362529,4599,,,,,,,,,,,,,,,,,,
,0.000272437014949541,0.000272437014949541,4604,,,,,,,,,,,,,,,,,,
,0.00027234614783436435,0.00027234614783436435,4609,,,,,,,,,,,,,,,,,,
,0.0002722551463904896,0.0002722551463904896,4614,,,,,,,,,,,,,,,,,,
,0.00027216401071783074,0.00027216401071783074,4619,,,,,,,,,,,,,,,,,,
,0.0002720727409164494,0.0002720727409164494,4624,,,,,,,,,,,,,,,,,,
,0.0002719813370865541,0.0002719813370865541,4629,,,,,,,,,,,,,,,,,,
,0.000271889799328501,0.000271889799328501,4634,,,,,,,,,,,,,,,,,,
,0.0002717981277427928,0.0002717981277427928,4639,,,,,,,,,,,,,,,,,,
,0.0002717063224300796,0.0002717063224300796,4644,,,,,,,,,,,,,,,,,,
,0.0002716143834911579,0.0002716143834911579,4649,,,,,,,,,,,,,,,,,,
,0.0002715223110269712,0.0002715223110269712,4654,,,,,,,,,,,,,,,,,,
,0.0002714301051386096,0.0002714301051386096,4659,,,,,,,,,,,,,,,,,,
,0.00027133776592730944,0.00027133776592730944,4664,,,,,,,,,,,,,,,,,,
,0.00027124529349445377,0.00027124529349445377,4669,,,,,,,,,,,,,,,,,,
,0.00027115268794157164,0.00027115268794157164,4674,,,,,,,,,,,,,,,,,,
,0.00027105994937033845,0.00027105994937033845,4679,,,,,,,,,,,,,,,,,,
,0.0002709670778825755,0.0002709670778825755,4684,,,,,,,,,,,,,,,,,,
,0.0002708740735802501,0.0002708740735802501,4689,,,,,,,,,,,,,,,,,,
,0.0002707809365654754,0.0002707809365654754,4694,,,,,,,,,,,,,,,,,,
,0.0002706876669405101,0.0002706876669405101,4699,,,,,,,,,,,,,,,,,,
,0.0002705942648077589,0.0002705942648077589,4704,,,,,,,,,,,,,,,,,,
,0.00027050073026977143,0.00027050073026977143,4709,,,,,,,,,,,,,,,,,,
,0.00027040706342924316,0.00027040706342924316,4714,,,,,,,,,,,,,,,,,,
,0.00027031326438901453,0.00027031326438901453,4719,,,,,,,,,,,,,,,,,,
,0.0002702193332520713,0.0002702193332520713,4724,,,,,,,,,,,,,,,,,,
,0.0002701252701215442,0.0002701252701215442,4729,,,,,,,,,,,,,,,,,,
,0.00027003107510070886,0.00027003107510070886,4734,,,,,,,,,,,,,,,,,,
,0.0002699367482929857,0.0002699367482929857,4739,,,,,,,,,,,,,,,,,,
,0.0002698422898019399,0.0002698422898019399,4744,,,,,,,,,,,,,,,,,,
,0.0002697476997312812,0.0002697476997312812,4749,,,,,,,,,,,,,,,,,,
,0.0002696529781848638,0.0002696529781848638,4754,,,,,,,,,,,,,,,,,,
,0.0002695581252666862,0.0002695581252666862,4759,,,,,,,,,,,,,,,,,,
,0.0002694631410808913,0.0002694631410808913,4764,,,,,,,,,,,,,,,,,,
,0.0002693680257317659,0.0002693680257317659,4769,,,,,,,,,,,,,,,,,,
,0.000269272779323741,0.000269272779323741,4774,,,,,,,,,,,,,,,,,,
,0.0002691774019613914,0.0002691774019613914,4779,,,,,,,,,,,,,,,,,,
,0.00026908189374943563,0.00026908189374943563,4784,,,,,,,,,,,,,,,,,,
,0.000268986254792736,0.000268986254792736,4789,,,,,,,,,,,,,,,,,,
,0.0002688904851962983,0.0002688904851962983,4794,,,,,,,,,,,,,,,,,,
,0.0002687945850652719,0.0002687945850652719,4799,,,,,,,,,,,,,,,,,,
,0.00026869855450494917,0.00026869855450494917,4804,,,,,,,,,,,,,,,,,,
,0.00026860239362076603,0.00026860239362076603,4809,,,,,,,,,,,,,,,,,,
,0.00026850610251830126,0.00026850610251830126,4814,,,,,,,,,,,,,,,,,,
,0.0002684096813032767,0.0002684096813032767,4819,,,,,,,,,,,,,,,,,,
,0.000268313130081557,0.000268313130081557,4824,,,,,,,,,,,,,,,,,,
,0.0002682164489591497,0.0002682164489591497,4829,,,,,,,,,,,,,,,,,,
,0.0002681196380422048,0.0002681196380422048,4834,,,,,,,,,,,,,,,,,,
,0.00026802269743701475,0.00026802269743701475,4839,,,,,,,,,,,,,,,,,,
,0.00026792562725001454,0.00026792562725001454,4844,,,,,,,,,,,,,,,,,,
,0.0002678284275877815,0.0002678284275877815,4849,,,,,,,,,,,,,,,,,,
,0.0002677310985570349,0.0002677310985570349,4854,,,,,,,,,,,,,,,,,,
6,,,4857,,,,,,,,,,,,,,9.12161636352539,5.432496070861816,1.8442448377609253,0.30106455087661743,0.33955150842666626
6,,,4857,0.6742766499519348,0.1418776512145996,0.2092304527759552,0.6280092000961304,3.4668478965759277,0.7240515947341919,1.8954815864562988,0.1419549286365509,0.8914551138877869,0.13754034042358398,2.9955012798309326,2.60740327835083,1.0875669717788696,,,,,
,0.0002676336402646361,0.0002676336402646361,4859,,,,,,,,,,,,,,,,,,
,0.00026753605281758854,0.00026753605281758854,4864,,,,,,,,,,,,,,,,,,
,0.00026743833632303734,0.00026743833632303734,4869,,,,,,,,,,,,,,,,,,
,0.0002673404908882693,0.0002673404908882693,4874,,,,,,,,,,,,,,,,,,
,0.0002672425166207128,0.0002672425166207128,4879,,,,,,,,,,,,,,,,,,
,0.00026714441362793765,0.00026714441362793765,4884,,,,,,,,,,,,,,,,,,
,0.00026704618201765513,0.00026704618201765513,4889,,,,,,,,,,,,,,,,,,
,0.00026694782189771755,0.00026694782189771755,4894,,,,,,,,,,,,,,,,,,
,0.0002668493333761184,0.0002668493333761184,4899,,,,,,,,,,,,,,,,,,
,0.0002667507165609922,0.0002667507165609922,4904,,,,,,,,,,,,,,,,,,
,0.00026665197156061415,0.00026665197156061415,4909,,,,,,,,,,,,,,,,,,
,0.00026655309848340047,0.00026655309848340047,4914,,,,,,,,,,,,,,,,,,
,0.0002664540974379077,0.0002664540974379077,4919,,,,,,,,,,,,,,,,,,
,0.0002663549685328331,0.0002663549685328331,4924,,,,,,,,,,,,,,,,,,
,0.0002662557118770142,0.0002662557118770142,4929,,,,,,,,,,,,,,,,,,
,0.00026615632757942884,0.00026615632757942884,4934,,,,,,,,,,,,,,,,,,
,0.000266056815749195,0.000266056815749195,4939,,,,,,,,,,,,,,,,,,
,0.00026595717649557064,0.00026595717649557064,4944,,,,,,,,,,,,,,,,,,
,0.00026585740992795376,0.00026585740992795376,4949,,,,,,,,,,,,,,,,,,
,0.0002657575161558819,0.0002657575161558819,4954,,,,,,,,,,,,,,,,,,
,0.0002656574952890325,0.0002656574952890325,4959,,,,,,,,,,,,,,,,,,
,0.00026555734743722236,0.00026555734743722236,4964,,,,,,,,,,,,,,,,,,
,0.0002654570727104078,0.0002654570727104078,4969,,,,,,,,,,,,,,,,,,
,0.00026535667121868454,0.00026535667121868454,4974,,,,,,,,,,,,,,,,,,
,0.00026525614307228726,0.00026525614307228726,4979,,,,,,,,,,,,,,,,,,
,0.0002651554883815898,0.0002651554883815898,4984,,,,,,,,,,,,,,,,,,
,0.00026505470725710507,0.00026505470725710507,4989,,,,,,,,,,,,,,,,,,
,0.00026495379980948455,0.00026495379980948455,4994,,,,,,,,,,,,,,,,,,
,0.00026485276614951855,0.00026485276614951855,4999,,,,,,,,,,,,,,,,,,
,0.000264751606388136,0.000264751606388136,5004,,,,,,,,,,,,,,,,,,
,0.00026465032063640416,0.00026465032063640416,5009,,,,,,,,,,,,,,,,,,
,0.0002645489090055287,0.0002645489090055287,5014,,,,,,,,,,,,,,,,,,
,0.0002644473716068535,0.0002644473716068535,5019,,,,,,,,,,,,,,,,,,
,0.0002643457085518605,0.0002643457085518605,5024,,,,,,,,,,,,,,,,,,
,0.00026424391995216956,0.00026424391995216956,5029,,,,,,,,,,,,,,,,,,
,0.00026414200591953855,0.00026414200591953855,5034,,,,,,,,,,,,,,,,,,
,0.0002640399665658628,0.0002640399665658628,5039,,,,,,,,,,,,,,,,,,
,0.00026393780200317546,0.00026393780200317546,5044,,,,,,,,,,,,,,,,,,
,0.000263835512343647,0.000263835512343647,5049,,,,,,,,,,,,,,,,,,
,0.00026373309769958534,0.00026373309769958534,5054,,,,,,,,,,,,,,,,,,
,0.0002636305581834356,0.0002636305581834356,5059,,,,,,,,,,,,,,,,,,
,0.00026352789390778,0.00026352789390778,5064,,,,,,,,,,,,,,,,,,
,0.00026342510498533766,0.00026342510498533766,5069,,,,,,,,,,,,,,,,,,
,0.00026332219152896464,0.00026332219152896464,5074,,,,,,,,,,,,,,,,,,
,0.00026321915365165377,0.00026321915365165377,5079,,,,,,,,,,,,,,,,,,
,0.00026311599146653443,0.00026311599146653443,5084,,,,,,,,,,,,,,,,,,
,0.00026301270508687243,0.00026301270508687243,5089,,,,,,,,,,,,,,,,,,
,0.00026290929462607,0.00026290929462607,5094,,,,,,,,,,,,,,,,,,
,0.0002628057601976656,0.0002628057601976656,5099,,,,,,,,,,,,,,,,,,
,0.00026270210191533383,0.00026270210191533383,5104,,,,,,,,,,,,,,,,,,
,0.0002625983198928852,0.0002625983198928852,5109,,,,,,,,,,,,,,,,,,
,0.0002624944142442661,0.0002624944142442661,5114,,,,,,,,,,,,,,,,,,
,0.0002623903850835588,0.0002623903850835588,5119,,,,,,,,,,,,,,,,,,
,0.00026228623252498085,0.00026228623252498085,5124,,,,,,,,,,,,,,,,,,
,0.0002621819566828856,0.0002621819566828856,5129,,,,,,,,,,,,,,,,,,
,0.0002620775576717616,0.0002620775576717616,5134,,,,,,,,,,,,,,,,,,
,0.00026197303560623273,0.00026197303560623273,5139,,,,,,,,,,,,,,,,,,
,0.0002618683906010579,0.0002618683906010579,5144,,,,,,,,,,,,,,,,,,
,0.000261763622771131,0.000261763622771131,5149,,,,,,,,,,,,,,,,,,
,0.00026165873223148075,0.00026165873223148075,5154,,,,,,,,,,,,,,,,,,
,0.00026155371909727075,0.00026155371909727075,5159,,,,,,,,,,,,,,,,,,
,0.00026144858348379905,0.00026144858348379905,5164,,,,,,,,,,,,,,,,,,
,0.00026134332550649815,0.00026134332550649815,5169,,,,,,,,,,,,,,,,,,
,0.00026123794528093506,0.00026123794528093506,5174,,,,,,,,,,,,,,,,,,
,0.00026113244292281086,0.00026113244292281086,5179,,,,,,,,,,,,,,,,,,
,0.0002610268185479608,0.0002610268185479608,5184,,,,,,,,,,,,,,,,,,
,0.0002609210722723541,0.0002609210722723541,5189,,,,,,,,,,,,,,,,,,
,0.00026081520421209376,0.00026081520421209376,5194,,,,,,,,,,,,,,,,,,
,0.00026070921448341657,0.00026070921448341657,5199,,,,,,,,,,,,,,,,,,
,0.00026060310320269285,0.00026060310320269285,5204,,,,,,,,,,,,,,,,,,
,0.00026049687048642636,0.00026049687048642636,5209,,,,,,,,,,,,,,,,,,
,0.00026039051645125426,0.00026039051645125426,5214,,,,,,,,,,,,,,,,,,
,0.00026028404121394686,0.00026028404121394686,5219,,,,,,,,,,,,,,,,,,
,0.00026017744489140757,0.00026017744489140757,5224,,,,,,,,,,,,,,,,,,
,0.0002600707276006727,0.0002600707276006727,5229,,,,,,,,,,,,,,,,,,
,0.0002599638894589114,0.0002599638894589114,5234,,,,,,,,,,,,,,,,,,
,0.00025985693058342557,0.00025985693058342557,5239,,,,,,,,,,,,,,,,,,
,0.00025974985109164956,0.00025974985109164956,5244,,,,,,,,,,,,,,,,,,
,0.00025964265110115024,0.00025964265110115024,5249,,,,,,,,,,,,,,,,,,
,0.0002595353307296267,0.0002595353307296267,5254,,,,,,,,,,,,,,,,,,
,0.0002594278900949102,0.0002594278900949102,5259,,,,,,,,,,,,,,,,,,
,0.0002593203293149642,0.0002593203293149642,5264,,,,,,,,,,,,,,,,,,
,0.0002592126485078838,0.0002592126485078838,5269,,,,,,,,,,,,,,,,,,
,0.0002591048477918963,0.0002591048477918963,5274,,,,,,,,,,,,,,,,,,
,0.00025899692728536004,0.00025899692728536004,5279,,,,,,,,,,,,,,,,,,
,0.0002588888871067655,0.0002588888871067655,5284,,,,,,,,,,,,,,,,,,
,0.0002587807273747342,0.0002587807273747342,5289,,,,,,,,,,,,,,,,,,
,0.000258672448208019,0.000258672448208019,5294,,,,,,,,,,,,,,,,,,
,0.0002585640497255039,0.0002585640497255039,5299,,,,,,,,,,,,,,,,,,
,0.0002584555320462039,0.0002584555320462039,5304,,,,,,,,,,,,,,,,,,
,0.0002583468952892649,0.0002583468952892649,5309,,,,,,,,,,,,,,,,,,
,0.00025823813957396343,0.00025823813957396343,5314,,,,,,,,,,,,,,,,,,
,0.0002581292650197068,0.0002581292650197068,5319,,,,,,,,,,,,,,,,,,
,0.00025802027174603277,0.00025802027174603277,5324,,,,,,,,,,,,,,,,,,
,0.00025791115987260923,0.00025791115987260923,5329,,,,,,,,,,,,,,,,,,
,0.0002578019295192345,0.0002578019295192345,5334,,,,,,,,,,,,,,,,,,
,0.00025769258080583703,0.00025769258080583703,5339,,,,,,,,,,,,,,,,,,
,0.000257583113852475,0.000257583113852475,5344,,,,,,,,,,,,,,,,,,
,0.00025747352877933654,0.00025747352877933654,5349,,,,,,,,,,,,,,,,,,
,0.00025736382570673946,0.00025736382570673946,5354,,,,,,,,,,,,,,,,,,
,0.0002572540047551312,0.0002572540047551312,5359,,,,,,,,,,,,,,,,,,
,0.00025714406604508846,0.00025714406604508846,5364,,,,,,,,,,,,,,,,,,
,0.00025703400969731734,0.00025703400969731734,5369,,,,,,,,,,,,,,,,,,
,0.0002569238358326531,0.0002569238358326531,5374,,,,,,,,,,,,,,,,,,
,0.0002568135445720599,0.0002568135445720599,5379,,,,,,,,,,,,,,,,,,
,0.0002567031360366311,0.0002567031360366311,5384,,,,,,,,,,,,,,,,,,
,0.0002565926103475885,0.0002565926103475885,5389,,,,,,,,,,,,,,,,,,
,0.0002564819676262826,0.0002564819676262826,5394,,,,,,,,,,,,,,,,,,
,0.00025637120799419254,0.00025637120799419254,5399,,,,,,,,,,,,,,,,,,
,0.00025626033157292565,0.00025626033157292565,5404,,,,,,,,,,,,,,,,,,
,0.0002561493384842176,0.0002561493384842176,5409,,,,,,,,,,,,,,,,,,
,0.0002560382288499321,0.0002560382288499321,5414,,,,,,,,,,,,,,,,,,
,0.0002559270027920608,0.0002559270027920608,5419,,,,,,,,,,,,,,,,,,
,0.00025581566043272327,0.00025581566043272327,5424,,,,,,,,,,,,,,,,,,
,0.0002557042018941667,0.0002557042018941667,5429,,,,,,,,,,,,,,,,,,
,0.00025559262729876584,0.00025559262729876584,5434,,,,,,,,,,,,,,,,,,
,0.00025548093676902285,0.00025548093676902285,5439,,,,,,,,,,,,,,,,,,
,0.00025536913042756716,0.00025536913042756716,5444,,,,,,,,,,,,,,,,,,
,0.00025525720839715554,0.00025525720839715554,5449,,,,,,,,,,,,,,,,,,
,0.0002551451708006715,0.0002551451708006715,5454,,,,,,,,,,,,,,,,,,
,0.00025503301776112563,0.00025503301776112563,5459,,,,,,,,,,,,,,,,,,
,0.0002549207494016552,0.0002549207494016552,5464,,,,,,,,,,,,,,,,,,
,0.0002548083658455241,0.0002548083658455241,5469,,,,,,,,,,,,,,,,,,
,0.00025469586721612274,0.00025469586721612274,5474,,,,,,,,,,,,,,,,,,
,0.0002545832536369677,0.0002545832536369677,5479,,,,,,,,,,,,,,,,,,
,0.0002544705252317021,0.0002544705252317021,5484,,,,,,,,,,,,,,,,,,
,0.0002543576821240948,0.0002543576821240948,5489,,,,,,,,,,,,,,,,,,
,0.0002542447244380408,0.0002542447244380408,5494,,,,,,,,,,,,,,,,,,
,0.0002541316522975608,0.0002541316522975608,5499,,,,,,,,,,,,,,,,,,
,0.0002540184658268012,0.0002540184658268012,5504,,,,,,,,,,,,,,,,,,
,0.0002539051651500339,0.0002539051651500339,5509,,,,,,,,,,,,,,,,,,
,0.00025379175039165627,0.00025379175039165627,5514,,,,,,,,,,,,,,,,,,
,0.0002536782216761909,0.0002536782216761909,5519,,,,,,,,,,,,,,,,,,
,0.0002535645791282854,0.0002535645791282854,5524,,,,,,,,,,,,,,,,,,
,0.0002534508228727124,0.0002534508228727124,5529,,,,,,,,,,,,,,,,,,
,0.0002533369530343696,0.0002533369530343696,5534,,,,,,,,,,,,,,,,,,
,0.00025322296973827904,0.00025322296973827904,5539,,,,,,,,,,,,,,,,,,
,0.0002531088731095876,0.0002531088731095876,5544,,,,,,,,,,,,,,,,,,
,0.0002529946632735665,0.0002529946632735665,5549,,,,,,,,,,,,,,,,,,
7,,,5551,,,,,,,,,,,,,,7.817237377166748,4.162491321563721,1.71657133102417,0.32536908984184265,0.31132760643959045
7,,,5551,0.7070063948631287,0.16323956847190857,0.23493856191635132,0.6618357300758362,3.249812602996826,0.6997091770172119,1.7576242685317993,0.13260765373706818,0.8137471675872803,0.12944082915782928,2.79775333404541,2.4344968795776367,0.9845036864280701,,,,,
,0.0002528803403556112,0.0002528803403556112,5554,,,,,,,,,,,,,,,,,,
,0.00025276590448124143,0.00025276590448124143,5559,,,,,,,,,,,,,,,,,,
,0.0002526513557761009,0.0002526513557761009,5564,,,,,,,,,,,,,,,,,,
,0.00025253669436595713,0.00025253669436595713,5569,,,,,,,,,,,,,,,,,,
,0.00025242192037670146,0.00025242192037670146,5574,,,,,,,,,,,,,,,,,,
,0.0002523070339343489,0.0002523070339343489,5579,,,,,,,,,,,,,,,,,,
,0.00025219203516503764,0.00025219203516503764,5584,,,,,,,,,,,,,,,,,,
,0.0002520769241950296,0.0002520769241950296,5589,,,,,,,,,,,,,,,,,,
,0.0002519617011507096,0.0002519617011507096,5594,,,,,,,,,,,,,,,,,,
,0.00025184636615858556,0.00025184636615858556,5599,,,,,,,,,,,,,,,,,,
,0.00025173091934528846,0.00025173091934528846,5604,,,,,,,,,,,,,,,,,,
,0.00025161536083757185,0.00025161536083757185,5609,,,,,,,,,,,,,,,,,,
,0.00025149969076231207,0.00025149969076231207,5614,,,,,,,,,,,,,,,,,,
,0.0002513839092465078,0.0002513839092465078,5619,,,,,,,,,,,,,,,,,,
,0.0002512680164172803,0.0002512680164172803,5624,,,,,,,,,,,,,,,,,,
,0.00025115201240187286,0.00025115201240187286,5629,,,,,,,,,,,,,,,,,,
,0.00025103589732765086,0.00025103589732765086,5634,,,,,,,,,,,,,,,,,,
,0.00025091967132210164,0.00025091967132210164,5639,,,,,,,,,,,,,,,,,,
,0.00025080333451283444,0.00025080333451283444,5644,,,,,,,,,,,,,,,,,,
,0.00025068688702758004,0.00025068688702758004,5649,,,,,,,,,,,,,,,,,,
,0.0002505703289941907,0.0002505703289941907,5654,,,,,,,,,,,,,,,,,,
,0.0002504536605406401,0.0002504536605406401,5659,,,,,,,,,,,,,,,,,,
,0.0002503368817950234,0.0002503368817950234,5664,,,,,,,,,,,,,,,,,,
,0.0002502199928855563,0.0002502199928855563,5669,,,,,,,,,,,,,,,,,,
,0.000250102993940576,0.000250102993940576,5674,,,,,,,,,,,,,,,,,,
,0.0002499858850885402,0.0002499858850885402,5679,,,,,,,,,,,,,,,,,,
,0.00024986866645802737,0.00024986866645802737,5684,,,,,,,,,,,,,,,,,,
,0.00024975133817773656,0.00024975133817773656,5689,,,,,,,,,,,,,,,,,,
,0.0002496339003764871,0.0002496339003764871,5694,,,,,,,,,,,,,,,,,,
,0.00024951635318321865,0.00024951635318321865,5699,,,,,,,,,,,,,,,,,,
,0.000249398696726991,0.000249398696726991,5704,,,,,,,,,,,,,,,,,,
,0.0002492809311369836,0.0002492809311369836,5709,,,,,,,,,,,,,,,,,,
,0.00024916305654249627,0.00024916305654249627,5714,,,,,,,,,,,,,,,,,,
,0.00024904507307294807,0.00024904507307294807,5719,,,,,,,,,,,,,,,,,,
,0.0002489269808578778,0.0002489269808578778,5724,,,,,,,,,,,,,,,,,,
,0.00024880878002694353,0.00024880878002694353,5729,,,,,,,,,,,,,,,,,,
,0.0002486904707099227,0.0002486904707099227,5734,,,,,,,,,,,,,,,,,,
,0.0002485720530367117,0.0002485720530367117,5739,,,,,,,,,,,,,,,,,,
,0.00024845352713732613,0.00024845352713732613,5744,,,,,,,,,,,,,,,,,,
,0.0002483348931419003,0.0002483348931419003,5749,,,,,,,,,,,,,,,,,,
,0.0002482161511806871,0.0002482161511806871,5754,,,,,,,,,,,,,,,,,,
,0.00024809730138405803,0.00024809730138405803,5759,,,,,,,,,,,,,,,,,,
,0.0002479783438825031,0.0002479783438825031,5764,,,,,,,,,,,,,,,,,,
,0.00024785927880663047,0.00024785927880663047,5769,,,,,,,,,,,,,,,,,,
,0.00024774010628716633,0.00024774010628716633,5774,,,,,,,,,,,,,,,,,,
,0.000247620826454955,0.000247620826454955,5779,,,,,,,,,,,,,,,,,,
,0.00024750143944095857,0.00024750143944095857,5784,,,,,,,,,,,,,,,,,,
,0.00024738194537625674,0.00024738194537625674,5789,,,,,,,,,,,,,,,,,,
,0.0002472623443920468,0.0002472623443920468,5794,,,,,,,,,,,,,,,,,,
,0.00024714263661964334,0.00024714263661964334,5799,,,,,,,,,,,,,,,,,,
,0.0002470228221904784,0.0002470228221904784,5804,,,,,,,,,,,,,,,,,,
,0.000246902901236101,0.000246902901236101,5809,,,,,,,,,,,,,,,,,,
,0.00024678287388817707,0.00024678287388817707,5814,,,,,,,,,,,,,,,,,,
,0.00024666274027848936,0.00024666274027848936,5819,,,,,,,,,,,,,,,,,,
,0.00024654250053893754,0.00024654250053893754,5824,,,,,,,,,,,,,,,,,,
,0.00024642215480153736,0.00024642215480153736,5829,,,,,,,,,,,,,,,,,,
,0.0002463017031984213,0.0002463017031984213,5834,,,,,,,,,,,,,,,,,,
,0.0002461811458618379,0.0002461811458618379,5839,,,,,,,,,,,,,,,,,,
,0.000246060482924152,0.000246060482924152,5844,,,,,,,,,,,,,,,,,,
,0.00024593971451784407,0.00024593971451784407,5849,,,,,,,,,,,,,,,,,,
,0.00024581884077551065,0.00024581884077551065,5854,,,,,,,,,,,,,,,,,,
,0.00024569786182986373,0.00024569786182986373,5859,,,,,,,,,,,,,,,,,,
,0.000245576777813731,0.000245576777813731,5864,,,,,,,,,,,,,,,,,,
,0.00024545558886005534,0.00024545558886005534,5869,,,,,,,,,,,,,,,,,,
,0.000245334295101895,0.000245334295101895,5874,,,,,,,,,,,,,,,,,,
,0.00024521289667242313,0.00024521289667242313,5879,,,,,,,,,,,,,,,,,,
,0.0002450913937049279,0.0002450913937049279,5884,,,,,,,,,,,,,,,,,,
,0.0002449697863328123,0.0002449697863328123,5889,,,,,,,,,,,,,,,,,,
,0.00024484807468959385,0.00024484807468959385,5894,,,,,,,,,,,,,,,,,,
,0.00024472625890890464,0.00024472625890890464,5899,,,,,,,,,,,,,,,,,,
,0.000244604339124491,0.000244604339124491,5904,,,,,,,,,,,,,,,,,,
,0.0002444823154702136,0.0002444823154702136,5909,,,,,,,,,,,,,,,,,,
,0.000244360188080047,0.000244360188080047,5914,,,,,,,,,,,,,,,,,,
,0.00024423795708807965,0.00024423795708807965,5919,,,,,,,,,,,,,,,,,,
,0.00024411562262851395,0.00024411562262851395,5924,,,,,,,,,,,,,,,,,,
,0.00024399318483566567,0.00024399318483566567,5929,,,,,,,,,,,,,,,,,,
,0.00024387064384396418,0.00024387064384396418,5934,,,,,,,,,,,,,,,,,,
,0.00024374799978795205,0.00024374799978795205,5939,,,,,,,,,,,,,,,,,,
,0.00024362525280228513,0.00024362525280228513,5944,,,,,,,,,,,,,,,,,,
,0.00024350240302173213,0.00024350240302173213,5949,,,,,,,,,,,,,,,,,,
,0.00024337945058117478,0.00024337945058117478,5954,,,,,,,,,,,,,,,,,,
,0.00024325639561560748,0.00024325639561560748,5959,,,,,,,,,,,,,,,,,,
,0.00024313323826013705,0.00024313323826013705,5964,,,,,,,,,,,,,,,,,,
,0.00024300997864998291,0.00024300997864998291,5969,,,,,,,,,,,,,,,,,,
,0.0002428866169204767,0.0002428866169204767,5974,,,,,,,,,,,,,,,,,,
,0.00024276315320706214,0.00024276315320706214,5979,,,,,,,,,,,,,,,,,,
,0.00024263958764529498,0.00024263958764529498,5984,,,,,,,,,,,,,,,,,,
,0.00024251592037084272,0.00024251592037084272,5989,,,,,,,,,,,,,,,,,,
,0.00024239215151948456,0.00024239215151948456,5994,,,,,,,,,,,,,,,,,,
,0.00024226828122711133,0.00024226828122711133,5999,,,,,,,,,,,,,,,,,,
,0.00024214430962972512,0.00024214430962972512,6004,,,,,,,,,,,,,,,,,,
,0.00024202023686343917,0.00024202023686343917,6009,,,,,,,,,,,,,,,,,,
,0.00024189606306447803,0.00024189606306447803,6014,,,,,,,,,,,,,,,,,,
,0.00024177178836917693,0.00024177178836917693,6019,,,,,,,,,,,,,,,,,,
,0.00024164741291398214,0.00024164741291398214,6024,,,,,,,,,,,,,,,,,,
,0.0002415229368354503,0.0002415229368354503,6029,,,,,,,,,,,,,,,,,,
,0.0002413983602702487,0.0002413983602702487,6034,,,,,,,,,,,,,,,,,,
,0.00024127368335515487,0.00024127368335515487,6039,,,,,,,,,,,,,,,,,,
,0.0002411489062270565,0.0002411489062270565,6044,,,,,,,,,,,,,,,,,,
,0.00024102402902295155,0.00024102402902295155,6049,,,,,,,,,,,,,,,,,,
,0.00024089905187994745,0.00024089905187994745,6054,,,,,,,,,,,,,,,,,,
,0.0002407739749352617,0.0002407739749352617,6059,,,,,,,,,,,,,,,,,,
,0.00024064879832622117,0.00024064879832622117,6064,,,,,,,,,,,,,,,,,,
,0.00024052352219026233,0.00024052352219026233,6069,,,,,,,,,,,,,,,,,,
,0.0002403981466649307,0.0002403981466649307,6074,,,,,,,,,,,,,,,,,,
,0.00024027267188788117,0.00024027267188788117,6079,,,,,,,,,,,,,,,,,,
,0.00024014709799687745,0.00024014709799687745,6084,,,,,,,,,,,,,,,,,,
,0.00024002142512979206,0.00024002142512979206,6089,,,,,,,,,,,,,,,,,,
,0.00023989565342460629,0.00023989565342460629,6094,,,,,,,,,,,,,,,,,,
,0.00023976978301940986,0.00023976978301940986,6099,,,,,,,,,,,,,,,,,,
,0.00023964381405240087,0.00023964381405240087,6104,,,,,,,,,,,,,,,,,,
,0.00023951774666188574,0.00023951774666188574,6109,,,,,,,,,,,,,,,,,,
,0.00023939158098627882,0.00023939158098627882,6114,,,,,,,,,,,,,,,,,,
,0.0002392653171641024,0.0002392653171641024,6119,,,,,,,,,,,,,,,,,,
,0.00023913895533398652,0.00023913895533398652,6124,,,,,,,,,,,,,,,,,,
,0.00023901249563466895,0.00023901249563466895,6129,,,,,,,,,,,,,,,,,,
,0.00023888593820499477,0.00023888593820499477,6134,,,,,,,,,,,,,,,,,,
,0.0002387592831839164,0.0002387592831839164,6139,,,,,,,,,,,,,,,,,,
,0.00023863253071049344,0.00023863253071049344,6144,,,,,,,,,,,,,,,,,,
,0.00023850568092389246,0.00023850568092389246,6149,,,,,,,,,,,,,,,,,,
,0.0002383787339633869,0.0002383787339633869,6154,,,,,,,,,,,,,,,,,,
,0.00023825168996835681,0.00023825168996835681,6159,,,,,,,,,,,,,,,,,,
,0.00023812454907828893,0.00023812454907828893,6164,,,,,,,,,,,,,,,,,,
,0.00023799731143277623,0.00023799731143277623,6169,,,,,,,,,,,,,,,,,,
,0.000237869977171518,0.000237869977171518,6174,,,,,,,,,,,,,,,,,,
,0.00023774254643431957,0.00023774254643431957,6179,,,,,,,,,,,,,,,,,,
,0.00023761501936109229,0.00023761501936109229,6184,,,,,,,,,,,,,,,,,,
,0.0002374873960918531,0.0002374873960918531,6189,,,,,,,,,,,,,,,,,,
,0.0002373596767667247,0.0002373596767667247,6194,,,,,,,,,,,,,,,,,,
,0.0002372318615259352,0.0002372318615259352,6199,,,,,,,,,,,,,,,,,,
,0.00023710395050981805,0.00023710395050981805,6204,,,,,,,,,,,,,,,,,,
,0.00023697594385881186,0.00023697594385881186,6209,,,,,,,,,,,,,,,,,,
,0.00023684784171346018,0.00023684784171346018,6214,,,,,,,,,,,,,,,,,,
,0.0002367196442144115,0.0002367196442144115,6219,,,,,,,,,,,,,,,,,,
,0.00023659135150241886,0.00023659135150241886,6224,,,,,,,,,,,,,,,,,,
,0.00023646296371834,0.00023646296371834,6229,,,,,,,,,,,,,,,,,,
,0.00023633448100313692,0.00023633448100313692,6234,,,,,,,,,,,,,,,,,,
,0.00023620590349787595,0.00023620590349787595,6239,,,,,,,,,,,,,,,,,,
,0.00023607723134372742,0.00023607723134372742,6244,,,,,,,,,,,,,,,,,,
8,,,6245,,,,,,,,,,,,,,9.598369598388672,5.9778618812561035,1.6821924448013306,0.32302820682525635,0.32317495346069336
8,,,6245,0.7311208844184875,0.1822912096977234,0.2599162459373474,0.686633288860321,3.059044122695923,0.676611602306366,1.650315523147583,0.1222783625125885,0.7552304863929749,0.1207251101732254,2.6460676193237305,2.290205717086792,0.9097609519958496,,,,,
,0.0002359484646819656,0.0002359484646819656,6249,,,,,,,,,,,,,,,,,,
,0.00023581960365396849,0.00023581960365396849,6254,,,,,,,,,,,,,,,,,,
,0.00023569064840121782,0.00023569064840121782,6259,,,,,,,,,,,,,,,,,,
,0.00023556159906529863,0.00023556159906529863,6264,,,,,,,,,,,,,,,,,,
,0.00023543245578789933,0.00023543245578789933,6269,,,,,,,,,,,,,,,,,,
,0.00023530321871081142,0.00023530321871081142,6274,,,,,,,,,,,,,,,,,,
,0.00023517388797592947,0.00023517388797592947,6279,,,,,,,,,,,,,,,,,,
,0.00023504446372525083,0.00023504446372525083,6284,,,,,,,,,,,,,,,,,,
,0.00023491494610087548,0.00023491494610087548,6289,,,,,,,,,,,,,,,,,,
,0.00023478533524500601,0.00023478533524500601,6294,,,,,,,,,,,,,,,,,,
,0.0002346556312999474,0.0002346556312999474,6299,,,,,,,,,,,,,,,,,,
,0.00023452583440810657,0.00023452583440810657,6304,,,,,,,,,,,,,,,,,,
,0.0002343959447119929,0.0002343959447119929,6309,,,,,,,,,,,,,,,,,,
,0.0002342659623542173,0.0002342659623542173,6314,,,,,,,,,,,,,,,,,,
,0.00023413588747749263,0.00023413588747749263,6319,,,,,,,,,,,,,,,,,,
,0.0002340057202246333,0.0002340057202246333,6324,,,,,,,,,,,,,,,,,,
,0.000233875460738555,0.000233875460738555,6329,,,,,,,,,,,,,,,,,,
,0.00023374510916227491,0.00023374510916227491,6334,,,,,,,,,,,,,,,,,,
,0.00023361466563891114,0.00023361466563891114,6339,,,,,,,,,,,,,,,,,,
,0.00023348413031168286,0.00023348413031168286,6344,,,,,,,,,,,,,,,,,,
,0.00023335350332390998,0.00023335350332390998,6349,,,,,,,,,,,,,,,,,,
,0.00023322278481901302,0.00023322278481901302,6354,,,,,,,,,,,,,,,,,,
,0.00023309197494051308,0.00023309197494051308,6359,,,,,,,,,,,,,,,,,,
,0.00023296107383203153,0.00023296107383203153,6364,,,,,,,,,,,,,,,,,,
,0.00023283008163728982,0.00023283008163728982,6369,,,,,,,,,,,,,,,,,,
,0.00023269899850010954,0.00023269899850010954,6374,,,,,,,,,,,,,,,,,,
,0.00023256782456441207,0.00023256782456441207,6379,,,,,,,,,,,,,,,,,,
,0.00023243655997421853,0.00023243655997421853,6384,,,,,,,,,,,,,,,,,,
,0.00023230520487364946,0.00023230520487364946,6389,,,,,,,,,,,,,,,,,,
,0.0002321737594069249,0.0002321737594069249,6394,,,,,,,,,,,,,,,,,,
,0.00023204222371836405,0.00023204222371836405,6399,,,,,,,,,,,,,,,,,,
,0.00023191059795238508,0.00023191059795238508,6404,,,,,,,,,,,,,,,,,,
,0.00023177888225350523,0.00023177888225350523,6409,,,,,,,,,,,,,,,,,,
,0.00023164707676634044,0.00023164707676634044,6414,,,,,,,,,,,,,,,,,,
,0.0002315151816356051,0.0002315151816356051,6419,,,,,,,,,,,,,,,,,,
,0.00023138319700611218,0.00023138319700611218,6424,,,,,,,,,,,,,,,,,,
,0.0002312511230227728,0.0002312511230227728,6429,,,,,,,,,,,,,,,,,,
,0.0002311189598305963,0.0002311189598305963,6434,,,,,,,,,,,,,,,,,,
,0.00023098670757468984,0.00023098670757468984,6439,,,,,,,,,,,,,,,,,,
,0.00023085436640025842,0.00023085436640025842,6444,,,,,,,,,,,,,,,,,,
,0.00023072193645260475,0.00023072193645260475,6449,,,,,,,,,,,,,,,,,,
,0.00023058941787712893,0.00023058941787712893,6454,,,,,,,,,,,,,,,,,,
,0.00023045681081932824,0.00023045681081932824,6459,,,,,,,,,,,,,,,,,,
,0.00023032411542479736,0.00023032411542479736,6464,,,,,,,,,,,,,,,,,,
,0.00023019133183922784,0.00023019133183922784,6469,,,,,,,,,,,,,,,,,,
,0.00023005846020840803,0.00023005846020840803,6474,,,,,,,,,,,,,,,,,,
,0.0002299255006782229,0.0002299255006782229,6479,,,,,,,,,,,,,,,,,,
,0.0002297924533946541,0.0002297924533946541,6484,,,,,,,,,,,,,,,,,,
,0.00022965931850377953,0.00022965931850377953,6489,,,,,,,,,,,,,,,,,,
,0.00022952609615177325,0.00022952609615177325,6494,,,,,,,,,,,,,,,,,,
,0.00022939278648490533,0.00022939278648490533,6499,,,,,,,,,,,,,,,,,,
,0.00022925938964954185,0.00022925938964954185,6504,,,,,,,,,,,,,,,,,,
,0.0002291259057921444,0.0002291259057921444,6509,,,,,,,,,,,,,,,,,,
,0.00022899233505927028,0.00022899233505927028,6514,,,,,,,,,,,,,,,,,,
,0.00022885867759757202,0.00022885867759757202,6519,,,,,,,,,,,,,,,,,,
,0.0002287249335537976,0.0002287249335537976,6524,,,,,,,,,,,,,,,,,,
,0.0002285911030747898,0.0002285911030747898,6529,,,,,,,,,,,,,,,,,,
,0.00022845718630748644,0.00022845718630748644,6534,,,,,,,,,,,,,,,,,,
,0.00022832318339892008,0.00022832318339892008,6539,,,,,,,,,,,,,,,,,,
,0.0002281890944962179,0.0002281890944962179,6544,,,,,,,,,,,,,,,,,,
,0.00022805491974660136,0.00022805491974660136,6549,,,,,,,,,,,,,,,,,,
,0.00022792065929738624,0.00022792065929738624,6554,,,,,,,,,,,,,,,,,,
,0.00022778631329598248,0.00022778631329598248,6559,,,,,,,,,,,,,,,,,,
,0.00022765188188989384,0.00022765188188989384,6564,,,,,,,,,,,,,,,,,,
,0.00022751736522671795,0.00022751736522671795,6569,,,,,,,,,,,,,,,,,,
,0.00022738276345414597,0.00022738276345414597,6574,,,,,,,,,,,,,,,,,,
,0.00022724807671996254,0.00022724807671996254,6579,,,,,,,,,,,,,,,,,,
,0.00022711330517204557,0.00022711330517204557,6584,,,,,,,,,,,,,,,,,,
,0.00022697844895836616,0.00022697844895836616,6589,,,,,,,,,,,,,,,,,,
,0.0002268435082269882,0.0002268435082269882,6594,,,,,,,,,,,,,,,,,,
,0.0002267084831260686,0.0002267084831260686,6599,,,,,,,,,,,,,,,,,,
,0.0002265733738038567,0.0002265733738038567,6604,,,,,,,,,,,,,,,,,,
,0.0002264381804086944,0.0002264381804086944,6609,,,,,,,,,,,,,,,,,,
,0.0002263029030890159,0.0002263029030890159,6614,,,,,,,,,,,,,,,,,,
,0.00022616754199334763,0.00022616754199334763,6619,,,,,,,,,,,,,,,,,,
,0.0002260320972703078,0.0002260320972703078,6624,,,,,,,,,,,,,,,,,,
,0.00022589656906860662,0.00022589656906860662,6629,,,,,,,,,,,,,,,,,,
,0.00022576095753704594,0.00022576095753704594,6634,,,,,,,,,,,,,,,,,,
,0.0002256252628245189,0.0002256252628245189,6639,,,,,,,,,,,,,,,,,,
,0.00022548948508001028,0.00022548948508001028,6644,,,,,,,,,,,,,,,,,,
,0.00022535362445259572,0.00022535362445259572,6649,,,,,,,,,,,,,,,,,,
,0.0002252176810914421,0.0002252176810914421,6654,,,,,,,,,,,,,,,,,,
,0.00022508165514580704,0.00022508165514580704,6659,,,,,,,,,,,,,,,,,,
,0.00022494554676503876,0.00022494554676503876,6664,,,,,,,,,,,,,,,,,,
,0.00022480935609857608,0.00022480935609857608,6669,,,,,,,,,,,,,,,,,,
,0.00022467308329594823,0.00022467308329594823,6674,,,,,,,,,,,,,,,,,,
,0.00022453672850677444,0.00022453672850677444,6679,,,,,,,,,,,,,,,,,,
,0.00022440029188076406,0.00022440029188076406,6684,,,,,,,,,,,,,,,,,,
,0.00022426377356771633,0.00022426377356771633,6689,,,,,,,,,,,,,,,,,,
,0.00022412717371752012,0.00022412717371752012,6694,,,,,,,,,,,,,,,,,,
,0.00022399049248015385,0.00022399049248015385,6699,,,,,,,,,,,,,,,,,,
,0.0002238537300056852,0.0002238537300056852,6704,,,,,,,,,,,,,,,,,,
,0.00022371688644427123,0.00022371688644427123,6709,,,,,,,,,,,,,,,,,,
,0.00022357996194615783,0.00022357996194615783,6714,,,,,,,,,,,,,,,,,,
,0.00022344295666167993,0.00022344295666167993,6719,,,,,,,,,,,,,,,,,,
,0.00022330587074126103,0.00022330587074126103,6724,,,,,,,,,,,,,,,,,,
,0.00022316870433541322,0.00022316870433541322,6729,,,,,,,,,,,,,,,,,,
,0.000223031457594737,0.000223031457594737,6734,,,,,,,,,,,,,,,,,,
,0.0002228941306699209,0.0002228941306699209,6739,,,,,,,,,,,,,,,,,,
,0.00022275672371174175,0.00022275672371174175,6744,,,,,,,,,,,,,,,,,,
,0.000222619236871064,0.000222619236871064,6749,,,,,,,,,,,,,,,,,,
,0.00022248167029883997,0.00022248167029883997,6754,,,,,,,,,,,,,,,,,,
,0.00022234402414610945,0.00022234402414610945,6759,,,,,,,,,,,,,,,,,,
,0.00022220629856399966,0.00022220629856399966,6764,,,,,,,,,,,,,,,,,,
,0.0002220684937037249,0.0002220684937037249,6769,,,,,,,,,,,,,,,,,,
,0.0002219306097165867,0.0002219306097165867,6774,,,,,,,,,,,,,,,,,,
,0.00022179264675397333,0.00022179264675397333,6779,,,,,,,,,,,,,,,,,,
,0.0002216546049673598,0.0002216546049673598,6784,,,,,,,,,,,,,,,,,,
,0.00022151648450830769,0.00022151648450830769,6789,,,,,,,,,,,,,,,,,,
,0.0002213782855284649,0.0002213782855284649,6794,,,,,,,,,,,,,,,,,,
,0.00022124000817956566,0.00022124000817956566,6799,,,,,,,,,,,,,,,,,,
,0.00022110165261343012,0.00022110165261343012,6804,,,,,,,,,,,,,,,,,,
,0.00022096321898196436,0.00022096321898196436,6809,,,,,,,,,,,,,,,,,,
,0.00022082470743716015,0.00022082470743716015,6814,,,,,,,,,,,,,,,,,,
,0.0002206861181310948,0.0002206861181310948,6819,,,,,,,,,,,,,,,,,,
,0.00022054745121593113,0.00022054745121593113,6824,,,,,,,,,,,,,,,,,,
,0.00022040870684391693,0.00022040870684391693,6829,,,,,,,,,,,,,,,,,,
,0.0002202698851673852,0.0002202698851673852,6834,,,,,,,,,,,,,,,,,,
,0.00022013098633875386,0.00022013098633875386,6839,,,,,,,,,,,,,,,,,,
,0.0002199920105105253,0.0002199920105105253,6844,,,,,,,,,,,,,,,,,,
,0.0002198529578352867,0.0002198529578352867,6849,,,,,,,,,,,,,,,,,,
,0.00021971382846570952,0.00021971382846570952,6854,,,,,,,,,,,,,,,,,,
,0.0002195746225545494,0.0002195746225545494,6859,,,,,,,,,,,,,,,,,,
,0.00021943534025464608,0.00021943534025464608,6864,,,,,,,,,,,,,,,,,,
,0.00021929598171892305,0.00021929598171892305,6869,,,,,,,,,,,,,,,,,,
,0.00021915654710038767,0.00021915654710038767,6874,,,,,,,,,,,,,,,,,,
,0.00021901703655213074,0.00021901703655213074,6879,,,,,,,,,,,,,,,,,,
,0.00021887745022732637,0.00021887745022732637,6884,,,,,,,,,,,,,,,,,,
,0.000218737788279232,0.000218737788279232,6889,,,,,,,,,,,,,,,,,,
,0.00021859805086118798,0.00021859805086118798,6894,,,,,,,,,,,,,,,,,,
,0.00021845823812661764,0.00021845823812661764,6899,,,,,,,,,,,,,,,,,,
,0.00021831835022902688,0.00021831835022902688,6904,,,,,,,,,,,,,,,,,,
,0.00021817838732200422,0.00021817838732200422,6909,,,,,,,,,,,,,,,,,,
,0.00021803834955922048,0.00021803834955922048,6914,,,,,,,,,,,,,,,,,,
,0.00021789823709442868,0.00021789823709442868,6919,,,,,,,,,,,,,,,,,,
,0.00021775805008146385,0.00021775805008146385,6924,,,,,,,,,,,,,,,,,,
,0.00021761778867424297,0.00021761778867424297,6929,,,,,,,,,,,,,,,,,,
,0.0002174774530267645,0.0002174774530267645,6934,,,,,,,,,,,,,,,,,,
,0.00021733704329310858,0.00021733704329310858,6939,,,,,,,,,,,,,,,,,,
9,,,6939,,,,,,,,,,,,,,9.152731895446777,5.739753246307373,1.5487086772918701,0.3049130141735077,0.33970579504966736
9,,,6939,0.7454490065574646,0.19756954908370972,0.2751350700855255,0.7056381106376648,2.9323928356170654,0.6581113338470459,1.5793657302856445,0.11624316871166229,0.721574068069458,0.11369895190000534,2.535609006881714,2.204167604446411,0.8561131358146667,,,,,
,0.0002171965596274366,0.0002171965596274366,6944,,,,,,,,,,,,,,,,,,
,0.00021705600218399122,0.00021705600218399122,6949,,,,,,,,,,,,,,,,,,
,0.00021691537111709602,0.00021691537111709602,6954,,,,,,,,,,,,,,,,,,
,0.0002167746665811554,0.0002167746665811554,6959,,,,,,,,,,,,,,,,,,
,0.00021663388873065456,0.00021663388873065456,6964,,,,,,,,,,,,,,,,,,
,0.000216493037720159,0.000216493037720159,6969,,,,,,,,,,,,,,,,,,
,0.00021635211370431463,0.00021635211370431463,6974,,,,,,,,,,,,,,,,,,
,0.00021621111683784762,0.00021621111683784762,6979,,,,,,,,,,,,,,,,,,
,0.00021607004727556395,0.00021607004727556395,6984,,,,,,,,,,,,,,,,,,
,0.0002159289051723496,0.0002159289051723496,6989,,,,,,,,,,,,,,,,,,
,0.00021578769068316994,0.00021578769068316994,6994,,,,,,,,,,,,,,,,,,
,0.00021564640396307005,0.00021564640396307005,6999,,,,,,,,,,,,,,,,,,
,0.00021550504516717434,0.00021550504516717434,7004,,,,,,,,,,,,,,,,,,
,0.00021536361445068607,0.00021536361445068607,7009,,,,,,,,,,,,,,,,,,
,0.00021522211196888774,0.00021522211196888774,7014,,,,,,,,,,,,,,,,,,
,0.00021508053787714057,0.00021508053787714057,7019,,,,,,,,,,,,,,,,,,
,0.00021493889233088434,0.00021493889233088434,7024,,,,,,,,,,,,,,,,,,
,0.0002147971754856373,0.0002147971754856373,7029,,,,,,,,,,,,,,,,,,
,0.00021465538749699604,0.00021465538749699604,7034,,,,,,,,,,,,,,,,,,
,0.00021451352852063524,0.00021451352852063524,7039,,,,,,,,,,,,,,,,,,
,0.00021437159871230753,0.00021437159871230753,7044,,,,,,,,,,,,,,,,,,
,0.00021422959822784318,0.00021422959822784318,7049,,,,,,,,,,,,,,,,,,
,0.00021408752722315027,0.00021408752722315027,7054,,,,,,,,,,,,,,,,,,
,0.00021394538585421422,0.00021394538585421422,7059,,,,,,,,,,,,,,,,,,
,0.0002138031742770976,0.0002138031742770976,7064,,,,,,,,,,,,,,,,,,
,0.00021366089264794017,0.00021366089264794017,7069,,,,,,,,,,,,,,,,,,
,0.00021351854112295861,0.00021351854112295861,7074,,,,,,,,,,,,,,,,,,
,0.00021337611985844634,0.00021337611985844634,7079,,,,,,,,,,,,,,,,,,
,0.0002132336290107733,0.0002132336290107733,7084,,,,,,,,,,,,,,,,,,
,0.00021309106873638583,0.00021309106873638583,7089,,,,,,,,,,,,,,,,,,
,0.00021294843919180656,0.00021294843919180656,7094,,,,,,,,,,,,,,,,,,
,0.00021280574053363408,0.00021280574053363408,7099,,,,,,,,,,,,,,,,,,
,0.00021266297291854303,0.00021266297291854303,7104,,,,,,,,,,,,,,,,,,
,0.0002125201365032835,0.0002125201365032835,7109,,,,,,,,,,,,,,,,,,
,0.00021237723144468138,0.00021237723144468138,7114,,,,,,,,,,,,,,,,,,
,0.0002122342578996378,0.0002122342578996378,7119,,,,,,,,,,,,,,,,,,
,0.00021209121602512907,0.00021209121602512907,7124,,,,,,,,,,,,,,,,,,
,0.0002119481059782065,0.0002119481059782065,7129,,,,,,,,,,,,,,,,,,
,0.0002118049279159964,0.0002118049279159964,7134,,,,,,,,,,,,,,,,,,
,0.00021166168199569964,0.00021166168199569964,7139,,,,,,,,,,,,,,,,,,
,0.00021151836837459152,0.00021151836837459152,7144,,,,,,,,,,,,,,,,,,
,0.00021137498721002183,0.00021137498721002183,7149,,,,,,,,,,,,,,,,,,
,0.00021123153865941445,0.00021123153865941445,7154,,,,,,,,,,,,,,,,,,
,0.00021108802288026722,0.00021108802288026722,7159,,,,,,,,,,,,,,,,,,
,0.00021094444003015182,0.00021094444003015182,7164,,,,,,,,,,,,,,,,,,
,0.0002108007902667136,0.0002108007902667136,7169,,,,,,,,,,,,,,,,,,
,0.0002106570737476713,0.0002106570737476713,7174,,,,,,,,,,,,,,,,,,
,0.00021051329063081697,0.00021051329063081697,7179,,,,,,,,,,,,,,,,,,
,0.00021036944107401593,0.00021036944107401593,7184,,,,,,,,,,,,,,,,,,
,0.00021022552523520624,0.00021022552523520624,7189,,,,,,,,,,,,,,,,,,
,0.00021008154327239887,0.00021008154327239887,7194,,,,,,,,,,,,,,,,,,
,0.00020993749534367723,0.00020993749534367723,7199,,,,,,,,,,,,,,,,,,
,0.00020979338160719731,0.00020979338160719731,7204,,,,,,,,,,,,,,,,,,
,0.00020964920222118743,0.00020964920222118743,7209,,,,,,,,,,,,,,,,,,
,0.0002095049573439477,0.0002095049573439477,7214,,,,,,,,,,,,,,,,,,
,0.00020936064713385045,0.00020936064713385045,7219,,,,,,,,,,,,,,,,,,
,0.00020921627174933947,0.00020921627174933947,7224,,,,,,,,,,,,,,,,,,
,0.00020907183134893028,0.00020907183134893028,7229,,,,,,,,,,,,,,,,,,
,0.00020892732609120973,0.00020892732609120973,7234,,,,,,,,,,,,,,,,,,
,0.00020878275613483592,0.00020878275613483592,7239,,,,,,,,,,,,,,,,,,
,0.00020863812163853795,0.00020863812163853795,7244,,,,,,,,,,,,,,,,,,
,0.00020849342276111577,0.00020849342276111577,7249,,,,,,,,,,,,,,,,,,
,0.00020834865966143994,0.00020834865966143994,7254,,,,,,,,,,,,,,,,,,
,0.00020820383249845175,0.00020820383249845175,7259,,,,,,,,,,,,,,,,,,
,0.00020805894143116266,0.00020805894143116266,7264,,,,,,,,,,,,,,,,,,
,0.00020791398661865426,0.00020791398661865426,7269,,,,,,,,,,,,,,,,,,
,0.00020776896822007832,0.00020776896822007832,7274,,,,,,,,,,,,,,,,,,
,0.0002076238863946562,0.0002076238863946562,7279,,,,,,,,,,,,,,,,,,
,0.00020747874130167904,0.00020747874130167904,7284,,,,,,,,,,,,,,,,,,
,0.00020733353310050743,0.00020733353310050743,7289,,,,,,,,,,,,,,,,,,
,0.0002071882619505712,0.0002071882619505712,7294,,,,,,,,,,,,,,,,,,
,0.00020704292801136933,0.00020704292801136933,7299,,,,,,,,,,,,,,,,,,
,0.0002068975314424697,0.0002068975314424697,7304,,,,,,,,,,,,,,,,,,
,0.00020675207240350898,0.00020675207240350898,7309,,,,,,,,,,,,,,,,,,
,0.0002066065510541925,0.0002066065510541925,7314,,,,,,,,,,,,,,,,,,
,0.00020646096755429387,0.00020646096755429387,7319,,,,,,,,,,,,,,,,,,
,0.00020631532206365498,0.00020631532206365498,7324,,,,,,,,,,,,,,,,,,
,0.00020616961474218592,0.00020616961474218592,7329,,,,,,,,,,,,,,,,,,
,0.00020602384574986438,0.00020602384574986438,7334,,,,,,,,,,,,,,,,,,
,0.00020587801524673608,0.00020587801524673608,7339,,,,,,,,,,,,,,,,,,
,0.000205732123392914,0.000205732123392914,7344,,,,,,,,,,,,,,,,,,
,0.00020558617034857873,0.00020558617034857873,7349,,,,,,,,,,,,,,,,,,
,0.00020544015627397782,0.00020544015627397782,7354,,,,,,,,,,,,,,,,,,
,0.00020529408132942599,0.00020529408132942599,7359,,,,,,,,,,,,,,,,,,
,0.00020514794567530462,0.00020514794567530462,7364,,,,,,,,,,,,,,,,,,
,0.000205001749472062,0.000205001749472062,7369,,,,,,,,,,,,,,,,,,
,0.00020485549288021268,0.00020485549288021268,7374,,,,,,,,,,,,,,,,,,
,0.00020470917606033755,0.00020470917606033755,7379,,,,,,,,,,,,,,,,,,
,0.00020456279917308373,0.00020456279917308373,7384,,,,,,,,,,,,,,,,,,
,0.00020441636237916415,0.00020441636237916415,7389,,,,,,,,,,,,,,,,,,
,0.0002042698658393577,0.0002042698658393577,7394,,,,,,,,,,,,,,,,,,
,0.00020412330971450863,0.00020412330971450863,7399,,,,,,,,,,,,,,,,,,
,0.0002039766941655268,0.0002039766941655268,7404,,,,,,,,,,,,,,,,,,
,0.0002038300193533872,0.0002038300193533872,7409,,,,,,,,,,,,,,,,,,
,0.00020368328543913,0.00020368328543913,7414,,,,,,,,,,,,,,,,,,
,0.00020353649258386016,0.00020353649258386016,7419,,,,,,,,,,,,,,,,,,
,0.0002033896409487474,0.0002033896409487474,7424,,,,,,,,,,,,,,,,,,
,0.000203242730695026,0.000203242730695026,7429,,,,,,,,,,,,,,,,,,
,0.00020309576198399444,0.00020309576198399444,7434,,,,,,,,,,,,,,,,,,
,0.0002029487349770156,0.0002029487349770156,7439,,,,,,,,,,,,,,,,,,
,0.0002028016498355163,0.0002028016498355163,7444,,,,,,,,,,,,,,,,,,
,0.00020265450672098717,0.00020265450672098717,7449,,,,,,,,,,,,,,,,,,
,0.00020250730579498237,0.00020250730579498237,7454,,,,,,,,,,,,,,,,,,
,0.0002023600472191198,0.0002023600472191198,7459,,,,,,,,,,,,,,,,,,
,0.00020221273115508036,0.00020221273115508036,7464,,,,,,,,,,,,,,,,,,
,0.00020206535776460833,0.00020206535776460833,7469,,,,,,,,,,,,,,,,,,
,0.00020191792720951072,0.00020191792720951072,7474,,,,,,,,,,,,,,,,,,
,0.00020177043965165746,0.00020177043965165746,7479,,,,,,,,,,,,,,,,,,
,0.00020162289525298098,0.00020162289525298098,7484,,,,,,,,,,,,,,,,,,
,0.00020147529417547608,0.00020147529417547608,7489,,,,,,,,,,,,,,,,,,
,0.00020132763658119995,0.00020132763658119995,7494,,,,,,,,,,,,,,,,,,
,0.0002011799226322717,0.0002011799226322717,7499,,,,,,,,,,,,,,,,,,
,0.00020103215249087233,0.00020103215249087233,7504,,,,,,,,,,,,,,,,,,
,0.0002008843263192445,0.0002008843263192445,7509,,,,,,,,,,,,,,,,,,
,0.00020073644427969254,0.00020073644427969254,7514,,,,,,,,,,,,,,,,,,
,0.00020058850653458194,0.00020058850653458194,7519,,,,,,,,,,,,,,,,,,
,0.00020044051324633952,0.00020044051324633952,7524,,,,,,,,,,,,,,,,,,
,0.00020029246457745287,0.00020029246457745287,7529,,,,,,,,,,,,,,,,,,
,0.0002001443606904706,0.0002001443606904706,7534,,,,,,,,,,,,,,,,,,
,0.00019999620174800182,0.00019999620174800182,7539,,,,,,,,,,,,,,,,,,
,0.0001998479879127161,0.0001998479879127161,7544,,,,,,,,,,,,,,,,,,
,0.00019969971934734334,0.00019969971934734334,7549,,,,,,,,,,,,,,,,,,
,0.0001995513962146735,0.0001995513962146735,7554,,,,,,,,,,,,,,,,,,
,0.00019940301867755642,0.00019940301867755642,7559,,,,,,,,,,,,,,,,,,
,0.00019925458689890163,0.00019925458689890163,7564,,,,,,,,,,,,,,,,,,
,0.0001991061010416784,0.0001991061010416784,7569,,,,,,,,,,,,,,,,,,
,0.00019895756126891517,0.00019895756126891517,7574,,,,,,,,,,,,,,,,,,
,0.00019880896774369974,0.00019880896774369974,7579,,,,,,,,,,,,,,,,,,
,0.00019866032062917872,0.00019866032062917872,7584,,,,,,,,,,,,,,,,,,
,0.00019851162008855777,0.00019851162008855777,7589,,,,,,,,,,,,,,,,,,
,0.00019836286628510118,0.00019836286628510118,7594,,,,,,,,,,,,,,,,,,
,0.0001982140593821315,0.0001982140593821315,7599,,,,,,,,,,,,,,,,,,
,0.00019806519954302992,0.00019806519954302992,7604,,,,,,,,,,,,,,,,,,
,0.00019791628693123544,0.00019791628693123544,7609,,,,,,,,,,,,,,,,,,
,0.0001977673217102452,0.0001977673217102452,7614,,,,,,,,,,,,,,,,,,
,0.000197618304043614,0.000197618304043614,7619,,,,,,,,,,,,,,,,,,
,0.00019746923409495433,0.00019746923409495433,7624,,,,,,,,,,,,,,,,,,
,0.00019732011202793596,0.00019732011202793596,7629,,,,,,,,,,,,,,,,,,
10,,,7633,,,,,,,,,,,,,,8.054021835327148,4.69630765914917,1.537499189376831,0.3041422963142395,0.2995026111602783
10,,,7633,0.7550652027130127,0.2109529674053192,0.2930167317390442,0.72104811668396,2.8059773445129395,0.6376979947090149,1.5217403173446655,0.10790476948022842,0.6977980732917786,0.10701430588960648,2.4546730518341064,2.120387077331543,0.814105212688446,,,,,
,0.00019717093800628588,0.00019717093800628588,7634,,,,,,,,,,,,,,,,,,
,0.0001970217121937883,0.0001970217121937883,7639,,,,,,,,,,,,,,,,,,
,0.00019687243475428401,0.00019687243475428401,7644,,,,,,,,,,,,,,,,,,
,0.00019672310585167082,0.00019672310585167082,7649,,,,,,,,,,,,,,,,,,
,0.00019657372564990273,0.00019657372564990273,7654,,,,,,,,,,,,,,,,,,
,0.0001964242943129903,0.0001964242943129903,7659,,,,,,,,,,,,,,,,,,
,0.00019627481200500008,0.00019627481200500008,7664,,,,,,,,,,,,,,,,,,
,0.00019612527889005462,0.00019612527889005462,7669,,,,,,,,,,,,,,,,,,
,0.0001959756951323323,0.0001959756951323323,7674,,,,,,,,,,,,,,,,,,
,0.0001958260608960671,0.0001958260608960671,7679,,,,,,,,,,,,,,,,,,
,0.0001956763763455483,0.0001956763763455483,7684,,,,,,,,,,,,,,,,,,
,0.00019552664164512065,0.00019552664164512065,7689,,,,,,,,,,,,,,,,,,
,0.00019537685695918366,0.00019537685695918366,7694,,,,,,,,,,,,,,,,,,
,0.0001952270224521921,0.0001952270224521921,7699,,,,,,,,,,,,,,,,,,
,0.00019507713828865507,0.00019507713828865507,7704,,,,,,,,,,,,,,,,,,
,0.00019492720463313638,0.00019492720463313638,7709,,,,,,,,,,,,,,,,,,
,0.00019477722165025418,0.00019477722165025418,7714,,,,,,,,,,,,,,,,,,
,0.00019462718950468072,0.00019462718950468072,7719,,,,,,,,,,,,,,,,,,
,0.0001944771083611423,0.0001944771083611423,7724,,,,,,,,,,,,,,,,,,
,0.00019432697838441887,0.00019432697838441887,7729,,,,,,,,,,,,,,,,,,
,0.00019417679973934428,0.00019417679973934428,7734,,,,,,,,,,,,,,,,,,
,0.00019402657259080547,0.00019402657259080547,7739,,,,,,,,,,,,,,,,,,
,0.00019387629710374284,0.00019387629710374284,7744,,,,,,,,,,,,,,,,,,
,0.00019372597344314982,0.00019372597344314982,7749,,,,,,,,,,,,,,,,,,
,0.0001935756017740728,0.0001935756017740728,7754,,,,,,,,,,,,,,,,,,
,0.0001934251822616107,0.0001934251822616107,7759,,,,,,,,,,,,,,,,,,
,0.0001932747150709151,0.0001932747150709151,7764,,,,,,,,,,,,,,,,,,
,0.00019312420036719,0.00019312420036719,7769,,,,,,,,,,,,,,,,,,
,0.0001929736383156914,0.0001929736383156914,7774,,,,,,,,,,,,,,,,,,
,0.0001928230290817274,0.0001928230290817274,7779,,,,,,,,,,,,,,,,,,
,0.00019267237283065783,0.00019267237283065783,7784,,,,,,,,,,,,,,,,,,
,0.00019252166972789418,0.00019252166972789418,7789,,,,,,,,,,,,,,,,,,
,0.00019237091993889937,0.00019237091993889937,7794,,,,,,,,,,,,,,,,,,
,0.00019222012362918762,0.00019222012362918762,7799,,,,,,,,,,,,,,,,,,
,0.00019206928096432413,0.00019206928096432413,7804,,,,,,,,,,,,,,,,,,
,0.00019191839210992514,0.00019191839210992514,7809,,,,,,,,,,,,,,,,,,
,0.0001917674572316575,0.0001917674572316575,7814,,,,,,,,,,,,,,,,,,
,0.00019161647649523853,0.00019161647649523853,7819,,,,,,,,,,,,,,,,,,
,0.00019146545006643603,0.00019146545006643603,7824,,,,,,,,,,,,,,,,,,
,0.00019131437811106797,0.00019131437811106797,7829,,,,,,,,,,,,,,,,,,
,0.00019116326079500224,0.00019116326079500224,7834,,,,,,,,,,,,,,,,,,
,0.00019101209828415646,0.00019101209828415646,7839,,,,,,,,,,,,,,,,,,
,0.00019086089074449804,0.00019086089074449804,7844,,,,,,,,,,,,,,,,,,
,0.00019070963834204367,0.00019070963834204367,7849,,,,,,,,,,,,,,,,,,
,0.0001905583412428595,0.0001905583412428595,7854,,,,,,,,,,,,,,,,,,
,0.00019040699961306052,0.00019040699961306052,7859,,,,,,,,,,,,,,,,,,
,0.00019025561361881078,0.00019025561361881078,7864,,,,,,,,,,,,,,,,,,
,0.00019010418342632295,0.00019010418342632295,7869,,,,,,,,,,,,,,,,,,
,0.00018995270920185822,0.00018995270920185822,7874,,,,,,,,,,,,,,,,,,
,0.00018980119111172624,0.00018980119111172624,7879,,,,,,,,,,,,,,,,,,
,0.00018964962932228473,0.00018964962932228473,7884,,,,,,,,,,,,,,,,,,
,0.00018949802399993935,0.00018949802399993935,7889,,,,,,,,,,,,,,,,,,
,0.0001893463753111436,0.0001893463753111436,7894,,,,,,,,,,,,,,,,,,
,0.0001891946834223987,0.0001891946834223987,7899,,,,,,,,,,,,,,,,,,
,0.00018904294850025314,0.00018904294850025314,7904,,,,,,,,,,,,,,,,,,
,0.0001888911707113027,0.0001888911707113027,7909,,,,,,,,,,,,,,,,,,
,0.0001887393502221903,0.0001887393502221903,7914,,,,,,,,,,,,,,,,,,
,0.00018858748719960563,0.00018858748719960563,7919,,,,,,,,,,,,,,,,,,
,0.00018843558181028515,0.00018843558181028515,7924,,,,,,,,,,,,,,,,,,
,0.0001882836342210119,0.0001882836342210119,7929,,,,,,,,,,,,,,,,,,
,0.00018813164459861506,0.00018813164459861506,7934,,,,,,,,,,,,,,,,,,
,0.0001879796131099702,0.0001879796131099702,7939,,,,,,,,,,,,,,,,,,
,0.00018782753992199863,0.00018782753992199863,7944,,,,,,,,,,,,,,,,,,
,0.00018767542520166754,0.00018767542520166754,7949,,,,,,,,,,,,,,,,,,
,0.00018752326911598981,0.00018752326911598981,7954,,,,,,,,,,,,,,,,,,
,0.0001873710718320237,0.0001873710718320237,7959,,,,,,,,,,,,,,,,,,
,0.00018721883351687253,0.00018721883351687253,7964,,,,,,,,,,,,,,,,,,
,0.0001870665543376848,0.0001870665543376848,7969,,,,,,,,,,,,,,,,,,
,0.0001869142344616539,0.0001869142344616539,7974,,,,,,,,,,,,,,,,,,
,0.00018676187405601793,0.00018676187405601793,7979,,,,,,,,,,,,,,,,,,
,0.00018660947328805942,0.00018660947328805942,7984,,,,,,,,,,,,,,,,,,
,0.00018645703232510516,0.00018645703232510516,7989,,,,,,,,,,,,,,,,,,
,0.00018630455133452622,0.00018630455133452622,7994,,,,,,,,,,,,,,,,,,
,0.00018615203048373753,0.00018615203048373753,7999,,,,,,,,,,,,,,,,,,
,0.00018599946994019763,0.00018599946994019763,8004,,,,,,,,,,,,,,,,,,
,0.00018584686987140907,0.00018584686987140907,8009,,,,,,,,,,,,,,,,,,
,0.00018569423044491738,0.00018569423044491738,8014,,,,,,,,,,,,,,,,,,
,0.0001855415518283115,0.0001855415518283115,8019,,,,,,,,,,,,,,,,,,
,0.0001853888341892233,0.0001853888341892233,8024,,,,,,,,,,,,,,,,,,
,0.00018523607769532755,0.00018523607769532755,8029,,,,,,,,,,,,,,,,,,
,0.00018508328251434173,0.00018508328251434173,8034,,,,,,,,,,,,,,,,,,
,0.0001849304488140257,0.0001849304488140257,8039,,,,,,,,,,,,,,,,,,
,0.00018477757676218167,0.00018477757676218167,8044,,,,,,,,,,,,,,,,,,
,0.00018462466652665395,0.00018462466652665395,8049,,,,,,,,,,,,,,,,,,
,0.00018447171827532872,0.00018447171827532872,8054,,,,,,,,,,,,,,,,,,
,0.00018431873217613398,0.00018431873217613398,8059,,,,,,,,,,,,,,,,,,
,0.00018416570839703924,0.00018416570839703924,8064,,,,,,,,,,,,,,,,,,
,0.00018401264710605545,0.00018401264710605545,8069,,,,,,,,,,,,,,,,,,
,0.00018385954847123455,0.00018385954847123455,8074,,,,,,,,,,,,,,,,,,
,0.00018370641266066972,0.00018370641266066972,8079,,,,,,,,,,,,,,,,,,
,0.00018355323984249483,0.00018355323984249483,8084,,,,,,,,,,,,,,,,,,
,0.00018340003018488442,0.00018340003018488442,8089,,,,,,,,,,,,,,,,,,
,0.0001832467838560534,0.0001832467838560534,8094,,,,,,,,,,,,,,,,,,
,0.00018309350102425708,0.00018309350102425708,8099,,,,,,,,,,,,,,,,,,
,0.00018294018185779071,0.00018294018185779071,8104,,,,,,,,,,,,,,,,,,
,0.00018278682652498956,0.00018278682652498956,8109,,,,,,,,,,,,,,,,,,
,0.00018263343519422847,0.00018263343519422847,8114,,,,,,,,,,,,,,,,,,
,0.00018248000803392197,0.00018248000803392197,8119,,,,,,,,,,,,,,,,,,
,0.00018232654521252374,0.00018232654521252374,8124,,,,,,,,,,,,,,,,,,
,0.00018217304689852678,0.00018217304689852678,8129,,,,,,,,,,,,,,,,,,
,0.00018201951326046295,0.00018201951326046295,8134,,,,,,,,,,,,,,,,,,
,0.00018186594446690295,0.00018186594446690295,8139,,,,,,,,,,,,,,,,,,
,0.0001817123406864561,0.0001817123406864561,8144,,,,,,,,,,,,,,,,,,
,0.00018155870208777001,0.00018155870208777001,8149,,,,,,,,,,,,,,,,,,
,0.0001814050288395307,0.0001814050288395307,8154,,,,,,,,,,,,,,,,,,
,0.000181251321110462,0.000181251321110462,8159,,,,,,,,,,,,,,,,,,
,0.0001810975790693259,0.0001810975790693259,8164,,,,,,,,,,,,,,,,,,
,0.00018094380288492177,0.00018094380288492177,8169,,,,,,,,,,,,,,,,,,
,0.00018078999272608668,0.00018078999272608668,8174,,,,,,,,,,,,,,,,,,
,0.00018063614876169488,0.00018063614876169488,8179,,,,,,,,,,,,,,,,,,
,0.00018048227116065774,0.00018048227116065774,8184,,,,,,,,,,,,,,,,,,
,0.00018032836009192364,0.00018032836009192364,8189,,,,,,,,,,,,,,,,,,
,0.00018017441572447767,0.00018017441572447767,8194,,,,,,,,,,,,,,,,,,
,0.00018002043822734143,0.00018002043822734143,8199,,,,,,,,,,,,,,,,,,
,0.0001798664277695729,0.0001798664277695729,8204,,,,,,,,,,,,,,,,,,
,0.00017971238452026635,0.00017971238452026635,8209,,,,,,,,,,,,,,,,,,
,0.00017955830864855202,0.00017955830864855202,8214,,,,,,,,,,,,,,,,,,
,0.00017940420032359585,0.00017940420032359585,8219,,,,,,,,,,,,,,,,,,
,0.0001792500597145995,0.0001792500597145995,8224,,,,,,,,,,,,,,,,,,
,0.0001790958869908001,0.0001790958869908001,8229,,,,,,,,,,,,,,,,,,
,0.00017894168232147003,0.00017894168232147003,8234,,,,,,,,,,,,,,,,,,
,0.00017878744587591672,0.00017878744587591672,8239,,,,,,,,,,,,,,,,,,
,0.00017863317782348243,0.00017863317782348243,8244,,,,,,,,,,,,,,,,,,
,0.00017847887833354425,0.00017847887833354425,8249,,,,,,,,,,,,,,,,,,
,0.00017832454757551368,0.00017832454757551368,8254,,,,,,,,,,,,,,,,,,
,0.00017817018571883661,0.00017817018571883661,8259,,,,,,,,,,,,,,,,,,
,0.0001780157929329931,0.0001780157929329931,8264,,,,,,,,,,,,,,,,,,
,0.00017786136938749707,0.00017786136938749707,8269,,,,,,,,,,,,,,,,,,
,0.00017770691525189632,0.00017770691525189632,8274,,,,,,,,,,,,,,,,,,
,0.00017755243069577208,0.00017755243069577208,8279,,,,,,,,,,,,,,,,,,
,0.00017739791588873918,0.00017739791588873918,8284,,,,,,,,,,,,,,,,,,
,0.00017724337100044556,0.00017724337100044556,8289,,,,,,,,,,,,,,,,,,
,0.00017708879620057218,0.00017708879620057218,8294,,,,,,,,,,,,,,,,,,
,0.00017693419165883286,0.00017693419165883286,8299,,,,,,,,,,,,,,,,,,
,0.000176779557544974,0.000176779557544974,8304,,,,,,,,,,,,,,,,,,
,0.00017662489402877466,0.00017662489402877466,8309,,,,,,,,,,,,,,,,,,
,0.00017647020128004598,0.00017647020128004598,8314,,,,,,,,,,,,,,,,,,
,0.00017631547946863132,0.00017631547946863132,8319,,,,,,,,,,,,,,,,,,
,0.00017616072876440588,0.00017616072876440588,8324,,,,,,,,,,,,,,,,,,
11,,,8327,,,,,,,,,,,,,,9.227478981018066,5.770362854003906,1.5105000734329224,0.3244996666908264,0.32411882281303406
11,,,8327,0.7617502808570862,0.22370456159114838,0.3072153925895691,0.7322325110435486,2.705944776535034,0.620995819568634,1.4761614799499512,0.10136496275663376,0.681064784526825,0.10196295380592346,2.383502244949341,2.058783531188965,0.7812919616699219,,,,,
,0.00017600594933727664,0.00017600594933727664,8329,,,,,,,,,,,,,,,,,,
,0.000175851141357182,0.000175851141357182,8334,,,,,,,,,,,,,,,,,,
,0.00017569630499409186,0.00017569630499409186,8339,,,,,,,,,,,,,,,,,,
,0.00017554144041800727,0.00017554144041800727,8344,,,,,,,,,,,,,,,,,,
,0.00017538654779896011,0.00017538654779896011,8349,,,,,,,,,,,,,,,,,,
,0.00017523162730701317,0.00017523162730701317,8354,,,,,,,,,,,,,,,,,,
,0.0001750766791122598,0.0001750766791122598,8359,,,,,,,,,,,,,,,,,,
,0.00017492170338482383,0.00017492170338482383,8364,,,,,,,,,,,,,,,,,,
,0.00017476670029485927,0.00017476670029485927,8369,,,,,,,,,,,,,,,,,,
,0.00017461167001255008,0.00017461167001255008,8374,,,,,,,,,,,,,,,,,,
,0.00017445661270811032,0.00017445661270811032,8379,,,,,,,,,,,,,,,,,,
,0.00017430152855178342,0.00017430152855178342,8384,,,,,,,,,,,,,,,,,,
,0.00017414641771384243,0.00017414641771384243,8389,,,,,,,,,,,,,,,,,,
,0.00017399128036458988,0.00017399128036458988,8394,,,,,,,,,,,,,,,,,,
,0.0001738361166743571,0.0001738361166743571,8399,,,,,,,,,,,,,,,,,,
,0.00017368092681350453,0.00017368092681350453,8404,,,,,,,,,,,,,,,,,,
,0.0001735257109524212,0.0001735257109524212,8409,,,,,,,,,,,,,,,,,,
,0.00017337046926152482,0.00017337046926152482,8414,,,,,,,,,,,,,,,,,,
,0.00017321520191126145,0.00017321520191126145,8419,,,,,,,,,,,,,,,,,,
,0.00017305990907210523,0.00017305990907210523,8424,,,,,,,,,,,,,,,,,,
,0.00017290459091455837,0.00017290459091455837,8429,,,,,,,,,,,,,,,,,,
,0.00017274924760915086,0.00017274924760915086,8434,,,,,,,,,,,,,,,,,,
,0.00017259387932644024,0.00017259387932644024,8439,,,,,,,,,,,,,,,,,,
,0.00017243848623701156,0.00017243848623701156,8444,,,,,,,,,,,,,,,,,,
,0.00017228306851147705,0.00017228306851147705,8449,,,,,,,,,,,,,,,,,,
,0.00017212762632047603,0.00017212762632047603,8454,,,,,,,,,,,,,,,,,,
,0.00017197215983467463,0.00017197215983467463,8459,,,,,,,,,,,,,,,,,,
,0.00017181666922476573,0.00017181666922476573,8464,,,,,,,,,,,,,,,,,,
,0.0001716611546614686,0.0001716611546614686,8469,,,,,,,,,,,,,,,,,,
,0.00017150561631552893,0.00017150561631552893,8474,,,,,,,,,,,,,,,,,,
,0.00017135005435771832,0.00017135005435771832,8479,,,,,,,,,,,,,,,,,,
,0.00017119446895883458,0.00017119446895883458,8484,,,,,,,,,,,,,,,,,,
,0.000171038860289701,0.000171038860289701,8489,,,,,,,,,,,,,,,,,,
,0.00017088322852116657,0.00017088322852116657,8494,,,,,,,,,,,,,,,,,,
,0.00017072757382410552,0.00017072757382410552,8499,,,,,,,,,,,,,,,,,,
,0.00017057189636941744,0.00017057189636941744,8504,,,,,,,,,,,,,,,,,,
,0.00017041619632802676,0.00017041619632802676,8509,,,,,,,,,,,,,,,,,,
,0.00017026047387088268,0.00017026047387088268,8514,,,,,,,,,,,,,,,,,,
,0.0001701047291689591,0.0001701047291689591,8519,,,,,,,,,,,,,,,,,,
,0.0001699489623932544,0.0001699489623932544,8524,,,,,,,,,,,,,,,,,,
,0.000169793173714791,0.000169793173714791,8529,,,,,,,,,,,,,,,,,,
,0.00016963736330461555,0.00016963736330461555,8534,,,,,,,,,,,,,,,,,,
,0.00016948153133379846,0.00016948153133379846,8539,,,,,,,,,,,,,,,,,,
,0.00016932567797343389,0.00016932567797343389,8544,,,,,,,,,,,,,,,,,,
,0.00016916980339463938,0.00016916980339463938,8549,,,,,,,,,,,,,,,,,,
,0.00016901390776855586,0.00016901390776855586,8554,,,,,,,,,,,,,,,,,,
,0.00016885799126634734,0.00016885799126634734,8559,,,,,,,,,,,,,,,,,,
,0.00016870205405920073,0.00016870205405920073,8564,,,,,,,,,,,,,,,,,,
,0.00016854609631832563,0.00016854609631832563,8569,,,,,,,,,,,,,,,,,,
,0.00016839011821495432,0.00016839011821495432,8574,,,,,,,,,,,,,,,,,,
,0.0001682341199203414,0.0001682341199203414,8579,,,,,,,,,,,,,,,,,,
,0.0001680781016057635,0.0001680781016057635,8584,,,,,,,,,,,,,,,,,,
,0.00016792206344251934,0.00016792206344251934,8589,,,,,,,,,,,,,,,,,,
,0.00016776600560192942,0.00016776600560192942,8594,,,,,,,,,,,,,,,,,,
,0.00016760992825533595,0.00016760992825533595,8599,,,,,,,,,,,,,,,,,,
,0.00016745383157410233,0.00016745383157410233,8604,,,,,,,,,,,,,,,,,,
,0.0001672977157296133,0.0001672977157296133,8609,,,,,,,,,,,,,,,,,,
,0.0001671415808932748,0.0001671415808932748,8614,,,,,,,,,,,,,,,,,,
,0.00016698542723651329,0.00016698542723651329,8619,,,,,,,,,,,,,,,,,,
,0.0001668292549307762,0.0001668292549307762,8624,,,,,,,,,,,,,,,,,,
,0.00016667306414753125,0.00016667306414753125,8629,,,,,,,,,,,,,,,,,,
,0.00016651685505826656,0.00016651685505826656,8634,,,,,,,,,,,,,,,,,,
,0.0001663606278344903,0.0001663606278344903,8639,,,,,,,,,,,,,,,,,,
,0.00016620438264773043,0.00016620438264773043,8644,,,,,,,,,,,,,,,,,,
,0.00016604811966953483,0.00016604811966953483,8649,,,,,,,,,,,,,,,,,,
,0.0001658918390714709,0.0001658918390714709,8654,,,,,,,,,,,,,,,,,,
,0.00016573554102512525,0.00016573554102512525,8659,,,,,,,,,,,,,,,,,,
,0.0001655792257021037,0.0001655792257021037,8664,,,,,,,,,,,,,,,,,,
,0.00016542289327403108,0.00016542289327403108,8669,,,,,,,,,,,,,,,,,,
,0.000165266543912551,0.000165266543912551,8674,,,,,,,,,,,,,,,,,,
,0.0001651101777893256,0.0001651101777893256,8679,,,,,,,,,,,,,,,,,,
,0.0001649537950760355,0.0001649537950760355,8684,,,,,,,,,,,,,,,,,,
,0.00016479739594437944,0.00016479739594437944,8689,,,,,,,,,,,,,,,,,,
,0.00016464098056607435,0.00016464098056607435,8694,,,,,,,,,,,,,,,,,,
,0.0001644845491128547,0.0001644845491128547,8699,,,,,,,,,,,,,,,,,,
,0.00016432810175647297,0.00016432810175647297,8704,,,,,,,,,,,,,,,,,,
,0.00016417163866869888,0.00016417163866869888,8709,,,,,,,,,,,,,,,,,,
,0.0001640151600213195,0.0001640151600213195,8714,,,,,,,,,,,,,,,,,,
,0.00016385866598613884,0.00016385866598613884,8719,,,,,,,,,,,,,,,,,,
,0.00016370215673497805,0.00016370215673497805,8724,,,,,,,,,,,,,,,,,,
,0.00016354563243967482,0.00016354563243967482,8729,,,,,,,,,,,,,,,,,,
,0.0001633890932720834,0.0001633890932720834,8734,,,,,,,,,,,,,,,,,,
,0.0001632325394040743,0.0001632325394040743,8739,,,,,,,,,,,,,,,,,,
,0.00016307597100753435,0.00016307597100753435,8744,,,,,,,,,,,,,,,,,,
,0.00016291938825436608,0.00016291938825436608,8749,,,,,,,,,,,,,,,,,,
,0.00016276279131648803,0.00016276279131648803,8754,,,,,,,,,,,,,,,,,,
,0.00016260618036583415,0.00016260618036583415,8759,,,,,,,,,,,,,,,,,,
,0.00016244955557435383,0.00016244955557435383,8764,,,,,,,,,,,,,,,,,,
,0.00016229291711401168,0.00016229291711401168,8769,,,,,,,,,,,,,,,,,,
,0.0001621362651567872,0.0001621362651567872,8774,,,,,,,,,,,,,,,,,,
,0.0001619795998746749,0.0001619795998746749,8779,,,,,,,,,,,,,,,,,,
,0.00016182292143968383,0.00016182292143968383,8784,,,,,,,,,,,,,,,,,,
,0.00016166623002383741,0.00016166623002383741,8789,,,,,,,,,,,,,,,,,,
,0.00016150952579917338,0.00016150952579917338,8794,,,,,,,,,,,,,,,,,,
,0.0001613528089377435,0.0001613528089377435,8799,,,,,,,,,,,,,,,,,,
,0.00016119607961161356,0.00016119607961161356,8804,,,,,,,,,,,,,,,,,,
,0.00016103933799286284,0.00016103933799286284,8809,,,,,,,,,,,,,,,,,,
,0.00016088258425358417,0.00016088258425358417,8814,,,,,,,,,,,,,,,,,,
,0.00016072581856588377,0.00016072581856588377,8819,,,,,,,,,,,,,,,,,,
,0.00016056904110188085,0.00016056904110188085,8824,,,,,,,,,,,,,,,,,,
,0.00016041225203370765,0.00016041225203370765,8829,,,,,,,,,,,,,,,,,,
,0.00016025545153350917,0.00016025545153350917,8834,,,,,,,,,,,,,,,,,,
,0.00016009863977344284,0.00016009863977344284,8839,,,,,,,,,,,,,,,,,,
,0.0001599418169256786,0.0001599418169256786,8844,,,,,,,,,,,,,,,,,,
,0.00015978498316239836,0.00015978498316239836,8849,,,,,,,,,,,,,,,,,,
,0.00015962813865579622,0.00015962813865579622,8854,,,,,,,,,,,,,,,,,,
,0.00015947128357807804,0.00015947128357807804,8859,,,,,,,,,,,,,,,,,,
,0.00015931441810146117,0.00015931441810146117,8864,,,,,,,,,,,,,,,,,,
,0.0001591575423981745,0.0001591575423981745,8869,,,,,,,,,,,,,,,,,,
,0.00015900065664045812,0.00015900065664045812,8874,,,,,,,,,,,,,,,,,,
,0.000158843761000563,0.000158843761000563,8879,,,,,,,,,,,,,,,,,,
,0.0001586868556507512,0.0001586868556507512,8884,,,,,,,,,,,,,,,,,,
,0.00015852994076329544,0.00015852994076329544,8889,,,,,,,,,,,,,,,,,,
,0.00015837301651047868,0.00015837301651047868,8894,,,,,,,,,,,,,,,,,,
,0.00015821608306459427,0.00015821608306459427,8899,,,,,,,,,,,,,,,,,,
,0.00015805914059794572,0.00015805914059794572,8904,,,,,,,,,,,,,,,,,,
,0.00015790218928284647,0.00015790218928284647,8909,,,,,,,,,,,,,,,,,,
,0.00015774522929161953,0.00015774522929161953,8914,,,,,,,,,,,,,,,,,,
,0.0001575882607965975,0.0001575882607965975,8919,,,,,,,,,,,,,,,,,,
,0.00015743128397012238,0.00015743128397012238,8924,,,,,,,,,,,,,,,,,,
,0.00015727429898454524,0.00015727429898454524,8929,,,,,,,,,,,,,,,,,,
,0.00015711730601222613,0.00015711730601222613,8934,,,,,,,,,,,,,,,,,,
,0.0001569603052255339,0.0001569603052255339,8939,,,,,,,,,,,,,,,,,,
,0.00015680329679684595,0.00015680329679684595,8944,,,,,,,,,,,,,,,,,,
,0.00015664628089854805,0.00015664628089854805,8949,,,,,,,,,,,,,,,,,,
,0.00015648925770303418,0.00015648925770303418,8954,,,,,,,,,,,,,,,,,,
,0.0001563322273827064,0.0001563322273827064,8959,,,,,,,,,,,,,,,,,,
,0.0001561751901099745,0.0001561751901099745,8964,,,,,,,,,,,,,,,,,,
,0.000156018146057256,0.000156018146057256,8969,,,,,,,,,,,,,,,,,,
,0.0001558610953969757,0.0001558610953969757,8974,,,,,,,,,,,,,,,,,,
,0.00015570403830156583,0.00015570403830156583,8979,,,,,,,,,,,,,,,,,,
,0.00015554697494346564,0.00015554697494346564,8984,,,,,,,,,,,,,,,,,,
,0.0001553899054951212,0.0001553899054951212,8989,,,,,,,,,,,,,,,,,,
,0.00015523283012898527,0.00015523283012898527,8994,,,,,,,,,,,,,,,,,,
,0.00015507574901751724,0.00015507574901751724,8999,,,,,,,,,,,,,,,,,,
,0.00015491866233318256,0.00015491866233318256,9004,,,,,,,,,,,,,,,,,,
,0.0001547615702484531,0.0001547615702484531,9009,,,,,,,,,,,,,,,,,,
,0.00015460447293580635,0.00015460447293580635,9014,,,,,,,,,,,,,,,,,,
,0.0001544473705677258,0.0001544473705677258,9019,,,,,,,,,,,,,,,,,,
12,,,9021,,,,,,,,,,,,,,9.677789688110352,6.109401702880859,1.6039319038391113,0.3258768320083618,0.3350740373134613
12,,,9021,0.7681467533111572,0.23808445036411285,0.32091665267944336,0.746709942817688,2.595627546310425,0.6026228070259094,1.4300752878189087,0.0935334861278534,0.6647238731384277,0.0952645093202591,2.310335159301758,2.0013506412506104,0.743889331817627,,,,,
,0.00015429026331670035,0.00015429026331670035,9024,,,,,,,,,,,,,,,,,,
,0.00015413315135522432,0.00015413315135522432,9029,,,,,,,,,,,,,,,,,,
,0.00015397603485579707,0.00015397603485579707,9034,,,,,,,,,,,,,,,,,,
,0.00015381891399092319,0.00015381891399092319,9039,,,,,,,,,,,,,,,,,,
,0.0001536617889331119,0.0001536617889331119,9044,,,,,,,,,,,,,,,,,,
,0.00015350465985487693,0.00015350465985487693,9049,,,,,,,,,,,,,,,,,,
,0.00015334752692873667,0.00015334752692873667,9054,,,,,,,,,,,,,,,,,,
,0.00015319039032721355,0.00015319039032721355,9059,,,,,,,,,,,,,,,,,,
,0.00015303325022283408,0.00015303325022283408,9064,,,,,,,,,,,,,,,,,,
,0.0001528761067881286,0.0001528761067881286,9069,,,,,,,,,,,,,,,,,,
,0.00015271896019563124,0.00015271896019563124,9074,,,,,,,,,,,,,,,,,,
,0.00015256181061787944,0.00015256181061787944,9079,,,,,,,,,,,,,,,,,,
,0.00015240465822741384,0.00015240465822741384,9084,,,,,,,,,,,,,,,,,,
,0.00015224750319677846,0.00015224750319677846,9089,,,,,,,,,,,,,,,,,,
,0.00015209034569852004,0.00015209034569852004,9094,,,,,,,,,,,,,,,,,,
,0.00015193318590518798,0.00015193318590518798,9099,,,,,,,,,,,,,,,,,,
,0.0001517760239893342,0.0001517760239893342,9104,,,,,,,,,,,,,,,,,,
,0.00015161886012351317,0.00015161886012351317,9109,,,,,,,,,,,,,,,,,,
,0.00015146169448028129,0.00015146169448028129,9114,,,,,,,,,,,,,,,,,,
,0.00015130452723219695,0.00015130452723219695,9119,,,,,,,,,,,,,,,,,,
,0.00015114735855182025,0.00015114735855182025,9124,,,,,,,,,,,,,,,,,,
,0.00015099018861171302,0.00015099018861171302,9129,,,,,,,,,,,,,,,,,,
,0.0001508330175844384,0.0001508330175844384,9134,,,,,,,,,,,,,,,,,,
,0.00015067584564256063,0.00015067584564256063,9139,,,,,,,,,,,,,,,,,,
,0.00015051867295864507,0.00015051867295864507,9144,,,,,,,,,,,,,,,,,,
,0.00015036149970525786,0.00015036149970525786,9149,,,,,,,,,,,,,,,,,,
,0.0001502043260549658,0.0001502043260549658,9154,,,,,,,,,,,,,,,,,,
,0.00015004715218033593,0.00015004715218033593,9159,,,,,,,,,,,,,,,,,,
,0.0001498899782539359,0.0001498899782539359,9164,,,,,,,,,,,,,,,,,,
,0.0001497328044483331,0.0001497328044483331,9169,,,,,,,,,,,,,,,,,,
,0.00014957563093609495,0.00014957563093609495,9174,,,,,,,,,,,,,,,,,,
,0.00014941845788978838,0.00014941845788978838,9179,,,,,,,,,,,,,,,,,,
,0.00014926128548198008,0.00014926128548198008,9184,,,,,,,,,,,,,,,,,,
,0.0001491041138852358,0.0001491041138852358,9189,,,,,,,,,,,,,,,,,,
,0.00014894694327212044,0.00014894694327212044,9194,,,,,,,,,,,,,,,,,,
,0.00014878977381519787,0.00014878977381519787,9199,,,,,,,,,,,,,,,,,,
,0.00014863260568703083,0.00014863260568703083,9204,,,,,,,,,,,,,,,,,,
,0.00014847543906018035,0.00014847543906018035,9209,,,,,,,,,,,,,,,,,,
,0.00014831827410720586,0.00014831827410720586,9214,,,,,,,,,,,,,,,,,,
,0.0001481611110006651,0.0001481611110006651,9219,,,,,,,,,,,,,,,,,,
,0.00014800394991311365,0.00014800394991311365,9224,,,,,,,,,,,,,,,,,,
,0.00014784679101710496,0.00014784679101710496,9229,,,,,,,,,,,,,,,,,,
,0.0001476896344851899,0.0001476896344851899,9234,,,,,,,,,,,,,,,,,,
,0.00014753248048991703,0.00014753248048991703,9239,,,,,,,,,,,,,,,,,,
,0.00014737532920383188,0.00014737532920383188,9244,,,,,,,,,,,,,,,,,,
,0.00014721818079947707,0.00014721818079947707,9249,,,,,,,,,,,,,,,,,,
,0.00014706103544939213,0.00014706103544939213,9254,,,,,,,,,,,,,,,,,,
,0.0001469038933261132,0.0001469038933261132,9259,,,,,,,,,,,,,,,,,,
,0.00014674675460217286,0.00014674675460217286,9264,,,,,,,,,,,,,,,,,,
,0.00014658961945009989,0.00014658961945009989,9269,,,,,,,,,,,,,,,,,,
,0.0001464324880424193,0.0001464324880424193,9274,,,,,,,,,,,,,,,,,,
,0.0001462753605516519,0.0001462753605516519,9279,,,,,,,,,,,,,,,,,,
,0.0001461182371503141,0.0001461182371503141,9284,,,,,,,,,,,,,,,,,,
,0.00014596111801091805,0.00014596111801091805,9289,,,,,,,,,,,,,,,,,,
,0.00014580400330597109,0.00014580400330597109,9294,,,,,,,,,,,,,,,,,,
,0.00014564689320797564,0.00014564689320797564,9299,,,,,,,,,,,,,,,,,,
,0.00014548978788942905,0.00014548978788942905,9304,,,,,,,,,,,,,,,,,,
,0.00014533268752282366,0.00014533268752282366,9309,,,,,,,,,,,,,,,,,,
,0.00014517559228064615,0.00014517559228064615,9314,,,,,,,,,,,,,,,,,,
,0.00014501850233537763,0.00014501850233537763,9319,,,,,,,,,,,,,,,,,,
,0.00014486141785949333,0.00014486141785949333,9324,,,,,,,,,,,,,,,,,,
,0.00014470433902546263,0.00014470433902546263,9329,,,,,,,,,,,,,,,,,,
,0.00014454726600574857,0.00014454726600574857,9334,,,,,,,,,,,,,,,,,,
,0.0001443901989728078,0.0001443901989728078,9339,,,,,,,,,,,,,,,,,,
,0.00014423313809909063,0.00014423313809909063,9344,,,,,,,,,,,,,,,,,,
,0.0001440760835570403,0.0001440760835570403,9349,,,,,,,,,,,,,,,,,,
,0.00014391903551909323,0.00014391903551909323,9354,,,,,,,,,,,,,,,,,,
,0.00014376199415767877,0.00014376199415767877,9359,,,,,,,,,,,,,,,,,,
,0.00014360495964521884,0.00014360495964521884,9364,,,,,,,,,,,,,,,,,,
,0.0001434479321541279,0.0001434479321541279,9369,,,,,,,,,,,,,,,,,,
,0.00014329091185681262,0.00014329091185681262,9374,,,,,,,,,,,,,,,,,,
,0.00014313389892567187,0.00014313389892567187,9379,,,,,,,,,,,,,,,,,,
,0.00014297689353309637,0.00014297689353309637,9384,,,,,,,,,,,,,,,,,,
,0.0001428198958514686,0.0001428198958514686,9389,,,,,,,,,,,,,,,,,,
,0.0001426629060531625,0.0001426629060531625,9394,,,,,,,,,,,,,,,,,,
,0.0001425059243105435,0.0001425059243105435,9399,,,,,,,,,,,,,,,,,,
,0.00014234895079596793,0.00014234895079596793,9404,,,,,,,,,,,,,,,,,,
,0.00014219198568178344,0.00014219198568178344,9409,,,,,,,,,,,,,,,,,,
,0.0001420350291403282,0.0001420350291403282,9414,,,,,,,,,,,,,,,,,,
,0.00014187808134393095,0.00014187808134393095,9419,,,,,,,,,,,,,,,,,,
,0.00014172114246491105,0.00014172114246491105,9424,,,,,,,,,,,,,,,,,,
,0.0001415642126755779,0.0001415642126755779,9429,,,,,,,,,,,,,,,,,,
,0.00014140729214823082,0.00014140729214823082,9434,,,,,,,,,,,,,,,,,,
,0.00014125038105515926,0.00014125038105515926,9439,,,,,,,,,,,,,,,,,,
,0.00014109347956864208,0.00014109347956864208,9444,,,,,,,,,,,,,,,,,,
,0.00014093658786094762,0.00014093658786094762,9449,,,,,,,,,,,,,,,,,,
,0.00014077970610433353,0.00014077970610433353,9454,,,,,,,,,,,,,,,,,,
,0.0001406228344710466,0.0001406228344710466,9459,,,,,,,,,,,,,,,,,,
,0.00014046597313332237,0.00014046597313332237,9464,,,,,,,,,,,,,,,,,,
,0.0001403091222633852,0.0001403091222633852,9469,,,,,,,,,,,,,,,,,,
,0.00014015228203344778,0.00014015228203344778,9474,,,,,,,,,,,,,,,,,,
,0.00013999545261571134,0.00013999545261571134,9479,,,,,,,,,,,,,,,,,,
,0.00013983863418236508,0.00013983863418236508,9484,,,,,,,,,,,,,,,,,,
,0.00013968182690558617,0.00013968182690558617,9489,,,,,,,,,,,,,,,,,,
,0.0001395250309575396,0.0001395250309575396,9494,,,,,,,,,,,,,,,,,,
,0.00013936824651037788,0.00013936824651037788,9499,,,,,,,,,,,,,,,,,,
,0.0001392114737362408,0.0001392114737362408,9504,,,,,,,,,,,,,,,,,,
,0.00013905471280725547,0.00013905471280725547,9509,,,,,,,,,,,,,,,,,,
,0.00013889796389553597,0.00013889796389553597,9514,,,,,,,,,,,,,,,,,,
,0.00013874122717318318,0.00013874122717318318,9519,,,,,,,,,,,,,,,,,,
,0.00013858450281228454,0.00013858450281228454,9524,,,,,,,,,,,,,,,,,,
,0.0001384277909849139,0.0001384277909849139,9529,,,,,,,,,,,,,,,,,,
,0.0001382710918631315,0.0001382710918631315,9534,,,,,,,,,,,,,,,,,,
,0.00013811440561898347,0.00013811440561898347,9539,,,,,,,,,,,,,,,,,,
,0.00013795773242450187,0.00013795773242450187,9544,,,,,,,,,,,,,,,,,,
,0.00013780107245170447,0.00013780107245170447,9549,,,,,,,,,,,,,,,,,,
,0.00013764442587259446,0.00013764442587259446,9554,,,,,,,,,,,,,,,,,,
,0.00013748779285916026,0.00013748779285916026,9559,,,,,,,,,,,,,,,,,,
,0.00013733117358337557,0.00013733117358337557,9564,,,,,,,,,,,,,,,,,,
,0.00013717456821719896,0.00013717456821719896,9569,,,,,,,,,,,,,,,,,,
,0.00013701797693257365,0.00013701797693257365,9574,,,,,,,,,,,,,,,,,,
,0.00013686139990142738,0.00013686139990142738,9579,,,,,,,,,,,,,,,,,,
,0.0001367048372956723,0.0001367048372956723,9584,,,,,,,,,,,,,,,,,,
,0.0001365482892872048,0.0001365482892872048,9589,,,,,,,,,,,,,,,,,,
,0.0001363917560479051,0.0001363917560479051,9594,,,,,,,,,,,,,,,,,,
,0.00013623523774963724,0.00013623523774963724,9599,,,,,,,,,,,,,,,,,,
,0.00013607873456424893,0.00013607873456424893,9604,,,,,,,,,,,,,,,,,,
,0.00013592224666357118,0.00013592224666357118,9609,,,,,,,,,,,,,,,,,,
,0.00013576577421941838,0.00013576577421941838,9614,,,,,,,,,,,,,,,,,,
,0.0001356093174035877,0.0001356093174035877,9619,,,,,,,,,,,,,,,,,,
,0.00013545287638785946,0.00013545287638785946,9624,,,,,,,,,,,,,,,,,,
,0.00013529645134399636,0.00013529645134399636,9629,,,,,,,,,,,,,,,,,,
,0.00013514004244374365,0.00013514004244374365,9634,,,,,,,,,,,,,,,,,,
,0.000134983649858829,0.000134983649858829,9639,,,,,,,,,,,,,,,,,,
,0.00013482727376096194,0.00013482727376096194,9644,,,,,,,,,,,,,,,,,,
,0.00013467091432183405,0.00013467091432183405,9649,,,,,,,,,,,,,,,,,,
,0.0001345145717131185,0.0001345145717131185,9654,,,,,,,,,,,,,,,,,,
,0.00013435824610647017,0.00013435824610647017,9659,,,,,,,,,,,,,,,,,,
,0.000134201937673525,0.000134201937673525,9664,,,,,,,,,,,,,,,,,,
,0.00013404564658590042,0.00013404564658590042,9669,,,,,,,,,,,,,,,,,,
,0.0001338893730151945,0.0001338893730151945,9674,,,,,,,,,,,,,,,,,,
,0.00013373311713298623,0.00013373311713298623,9679,,,,,,,,,,,,,,,,,,
,0.00013357687911083518,0.00013357687911083518,9684,,,,,,,,,,,,,,,,,,
,0.00013342065912028123,0.00013342065912028123,9689,,,,,,,,,,,,,,,,,,
,0.0001332644573328446,0.0001332644573328446,9694,,,,,,,,,,,,,,,,,,
,0.0001331082739200254,0.0001331082739200254,9699,,,,,,,,,,,,,,,,,,
,0.00013295210905330353,0.00013295210905330353,9704,,,,,,,,,,,,,,,,,,
,0.0001327959629041387,0.0001327959629041387,9709,,,,,,,,,,,,,,,,,,
,0.0001326398356439699,0.0001326398356439699,9714,,,,,,,,,,,,,,,,,,
13,,,9715,,,,,,,,,,,,,,10.70186996459961,7.205931186676025,1.5611821413040161,0.3221510052680969,0.324004590511322
13,,,9715,0.7730762958526611,0.24900393187999725,0.33263540267944336,0.7558022141456604,2.513777494430542,0.587049663066864,1.3951846361160278,0.08823065459728241,0.6519715785980225,0.09038858860731125,2.2575571537017822,1.9536159038543701,0.7175953388214111,,,,,
,0.00013248372744421557,0.00013248372744421557,9719,,,,,,,,,,,,,,,,,,
,0.00013232763847627303,0.00013232763847627303,9724,,,,,,,,,,,,,,,,,,
,0.0001321715689115185,0.0001321715689115185,9729,,,,,,,,,,,,,,,,,,
,0.00013201551892130708,0.00013201551892130708,9734,,,,,,,,,,,,,,,,,,
,0.0001318594886769722,0.0001318594886769722,9739,,,,,,,,,,,,,,,,,,
,0.00013170347834982565,0.00013170347834982565,9744,,,,,,,,,,,,,,,,,,
,0.00013154748811115737,0.00013154748811115737,9749,,,,,,,,,,,,,,,,,,
,0.0001313915181322353,0.0001313915181322353,9754,,,,,,,,,,,,,,,,,,
,0.000131235568584305,0.000131235568584305,9759,,,,,,,,,,,,,,,,,,
,0.0001310796396385897,0.0001310796396385897,9764,,,,,,,,,,,,,,,,,,
,0.00013092373146628998,0.00013092373146628998,9769,,,,,,,,,,,,,,,,,,
,0.0001307678442385837,0.0001307678442385837,9774,,,,,,,,,,,,,,,,,,
,0.00013061197812662555,0.00013061197812662555,9779,,,,,,,,,,,,,,,,,,
,0.00013045613330154717,0.00013045613330154717,9784,,,,,,,,,,,,,,,,,,
,0.00013030030993445678,0.00013030030993445678,9789,,,,,,,,,,,,,,,,,,
,0.00013014450819643904,0.00013014450819643904,9794,,,,,,,,,,,,,,,,,,
,0.00012998872825855488,0.00012998872825855488,9799,,,,,,,,,,,,,,,,,,
,0.00012983297029184126,0.00012983297029184126,9804,,,,,,,,,,,,,,,,,,
,0.0001296772344673111,0.0001296772344673111,9809,,,,,,,,,,,,,,,,,,
,0.00012952152095595286,0.00012952152095595286,9814,,,,,,,,,,,,,,,,,,
,0.00012936582992873066,0.00012936582992873066,9819,,,,,,,,,,,,,,,,,,
,0.00012921016155658383,0.00012921016155658383,9824,,,,,,,,,,,,,,,,,,
,0.00012905451601042693,0.00012905451601042693,9829,,,,,,,,,,,,,,,,,,
,0.00012889889346114937,0.00012889889346114937,9834,,,,,,,,,,,,,,,,,,
,0.00012874329407961524,0.00012874329407961524,9839,,,,,,,,,,,,,,,,,,
,0.00012858771803666338,0.00012858771803666338,9844,,,,,,,,,,,,,,,,,,
,0.00012843216550310693,0.00012843216550310693,9849,,,,,,,,,,,,,,,,,,
,0.00012827663664973307,0.00012827663664973307,9854,,,,,,,,,,,,,,,,,,
,0.00012812113164730322,0.00012812113164730322,9859,,,,,,,,,,,,,,,,,,
,0.00012796565066655252,0.00012796565066655252,9864,,,,,,,,,,,,,,,,,,
,0.00012781019387818958,0.00012781019387818958,9869,,,,,,,,,,,,,,,,,,
,0.00012765476145289674,0.00012765476145289674,9874,,,,,,,,,,,,,,,,,,
,0.00012749935356132935,0.00012749935356132935,9879,,,,,,,,,,,,,,,,,,
,0.00012734397037411597,0.00012734397037411597,9884,,,,,,,,,,,,,,,,,,
,0.00012718861206185793,0.00012718861206185793,9889,,,,,,,,,,,,,,,,,,
,0.0001270332787951293,0.0001270332787951293,9894,,,,,,,,,,,,,,,,,,
,0.00012687797074447665,0.00012687797074447665,9899,,,,,,,,,,,,,,,,,,
,0.0001267226880804189,0.0001267226880804189,9904,,,,,,,,,,,,,,,,,,
,0.00012656743097344696,0.00012656743097344696,9909,,,,,,,,,,,,,,,,,,
,0.0001264121995940239,0.0001264121995940239,9914,,,,,,,,,,,,,,,,,,
,0.0001262569941125843,0.0001262569941125843,9919,,,,,,,,,,,,,,,,,,
,0.00012610181469953452,0.00012610181469953452,9924,,,,,,,,,,,,,,,,,,
,0.00012594666152525218,0.00012594666152525218,9929,,,,,,,,,,,,,,,,,,
,0.00012579153476008614,0.00012579153476008614,9934,,,,,,,,,,,,,,,,,,
,0.00012563643457435622,0.00012563643457435622,9939,,,,,,,,,,,,,,,,,,
,0.00012548136113835304,0.00012548136113835304,9944,,,,,,,,,,,,,,,,,,
,0.0001253263146223379,0.0001253263146223379,9949,,,,,,,,,,,,,,,,,,
,0.0001251712951965426,0.0001251712951965426,9954,,,,,,,,,,,,,,,,,,
,0.00012501630303116904,0.00012501630303116904,9959,,,,,,,,,,,,,,,,,,
,0.0001248613382963893,0.0001248613382963893,9964,,,,,,,,,,,,,,,,,,
,0.00012470640116234532,0.00012470640116234532,9969,,,,,,,,,,,,,,,,,,
,0.00012455149179914883,0.00012455149179914883,9974,,,,,,,,,,,,,,,,,,
,0.00012439661037688088,0.00012439661037688088,9979,,,,,,,,,,,,,,,,,,
,0.00012424175706559194,0.00012424175706559194,9984,,,,,,,,,,,,,,,,,,
,0.00012408693203530164,0.00012408693203530164,9989,,,,,,,,,,,,,,,,,,
,0.00012393213545599857,0.00012393213545599857,9994,,,,,,,,,,,,,,,,,,
,0.00012377736749764,0.00012377736749764,9999,,,,,,,,,,,,,,,,,,
,0.0001236226283301518,0.0001236226283301518,10004,,,,,,,,,,,,,,,,,,
,0.00012346791812342827,0.00012346791812342827,10009,,,,,,,,,,,,,,,,,,
,0.00012331323704733194,0.00012331323704733194,10014,,,,,,,,,,,,,,,,,,
,0.00012315858527169325,0.00012315858527169325,10019,,,,,,,,,,,,,,,,,,
,0.0001230039629663105,0.0001230039629663105,10024,,,,,,,,,,,,,,,,,,
,0.0001228493703009498,0.0001228493703009498,10029,,,,,,,,,,,,,,,,,,
,0.00012269480744534454,0.00012269480744534454,10034,,,,,,,,,,,,,,,,,,
,0.0001225402745691953,0.0001225402745691953,10039,,,,,,,,,,,,,,,,,,
,0.00012238577184217,0.00012238577184217,10044,,,,,,,,,,,,,,,,,,
,0.00012223129943390328,0.00012223129943390328,10049,,,,,,,,,,,,,,,,,,
,0.0001220768575139965,0.0001220768575139965,10054,,,,,,,,,,,,,,,,,,
,0.00012192244625201764,0.00012192244625201764,10059,,,,,,,,,,,,,,,,,,
,0.00012176806581750093,0.00012176806581750093,10064,,,,,,,,,,,,,,,,,,
,0.00012161371637994681,0.00012161371637994681,10069,,,,,,,,,,,,,,,,,,
,0.00012145939810882157,0.00012145939810882157,10074,,,,,,,,,,,,,,,,,,
,0.00012130511117355747,0.00012130511117355747,10079,,,,,,,,,,,,,,,,,,
,0.00012115085574355228,0.00012115085574355228,10084,,,,,,,,,,,,,,,,,,
,0.00012099663198816912,0.00012099663198816912,10089,,,,,,,,,,,,,,,,,,
,0.00012084244007673637,0.00012084244007673637,10094,,,,,,,,,,,,,,,,,,
,0.0001206882801785475,0.0001206882801785475,10099,,,,,,,,,,,,,,,,,,
,0.00012053415246286079,0.00012053415246286079,10104,,,,,,,,,,,,,,,,,,
,0.00012038005709889912,0.00012038005709889912,10109,,,,,,,,,,,,,,,,,,
,0.00012022599425584997,0.00012022599425584997,10114,,,,,,,,,,,,,,,,,,
,0.00012007196410286507,0.00012007196410286507,10119,,,,,,,,,,,,,,,,,,
,0.00011991796680906013,0.00011991796680906013,10124,,,,,,,,,,,,,,,,,,
,0.00011976400254351508,0.00011976400254351508,10129,,,,,,,,,,,,,,,,,,
,0.00011961007147527328,0.00011961007147527328,10134,,,,,,,,,,,,,,,,,,
,0.00011945617377334182,0.00011945617377334182,10139,,,,,,,,,,,,,,,,,,
,0.0001193023096066911,0.0001193023096066911,10144,,,,,,,,,,,,,,,,,,
,0.00011914847914425465,0.00011914847914425465,10149,,,,,,,,,,,,,,,,,,
,0.00011899468255492914,0.00011899468255492914,10154,,,,,,,,,,,,,,,,,,
,0.0001188409200075739,0.0001188409200075739,10159,,,,,,,,,,,,,,,,,,
,0.00011868719167101091,0.00011868719167101091,10164,,,,,,,,,,,,,,,,,,
,0.00011853349771402468,0.00011853349771402468,10169,,,,,,,,,,,,,,,,,,
,0.00011837983830536194,0.00011837983830536194,10174,,,,,,,,,,,,,,,,,,
,0.00011822621361373131,0.00011822621361373131,10179,,,,,,,,,,,,,,,,,,
,0.00011807262380780362,0.00011807262380780362,10184,,,,,,,,,,,,,,,,,,
,0.00011791906905621111,0.00011791906905621111,10189,,,,,,,,,,,,,,,,,,
,0.00011776554952754774,0.00011776554952754774,10194,,,,,,,,,,,,,,,,,,
,0.00011761206539036864,0.00011761206539036864,10199,,,,,,,,,,,,,,,,,,
,0.00011745861681319012,0.00011745861681319012,10204,,,,,,,,,,,,,,,,,,
,0.00011730520396448955,0.00011730520396448955,10209,,,,,,,,,,,,,,,,,,
,0.00011715182701270492,0.00011715182701270492,10214,,,,,,,,,,,,,,,,,,
,0.0001169984861262349,0.0001169984861262349,10219,,,,,,,,,,,,,,,,,,
,0.00011684518147343857,0.00011684518147343857,10224,,,,,,,,,,,,,,,,,,
,0.00011669191322263511,0.00011669191322263511,10229,,,,,,,,,,,,,,,,,,
,0.00011653868154210399,0.00011653868154210399,10234,,,,,,,,,,,,,,,,,,
,0.00011638548660008426,0.00011638548660008426,10239,,,,,,,,,,,,,,,,,,
,0.00011623232856477469,0.00011623232856477469,10244,,,,,,,,,,,,,,,,,,
,0.00011607920760433368,0.00011607920760433368,10249,,,,,,,,,,,,,,,,,,
,0.00011592612388687876,0.00011592612388687876,10254,,,,,,,,,,,,,,,,,,
,0.00011577307758048662,0.00011577307758048662,10259,,,,,,,,,,,,,,,,,,
,0.00011562006885319289,0.00011562006885319289,10264,,,,,,,,,,,,,,,,,,
,0.00011546709787299198,0.00011546709787299198,10269,,,,,,,,,,,,,,,,,,
,0.00011531416480783672,0.00011531416480783672,10274,,,,,,,,,,,,,,,,,,
,0.0001151612698256384,0.0001151612698256384,10279,,,,,,,,,,,,,,,,,,
,0.00011500841309426663,0.00011500841309426663,10284,,,,,,,,,,,,,,,,,,
,0.0001148555947815488,0.0001148555947815488,10289,,,,,,,,,,,,,,,,,,
,0.0001147028150552702,0.0001147028150552702,10294,,,,,,,,,,,,,,,,,,
,0.00011455007408317378,0.00011455007408317378,10299,,,,,,,,,,,,,,,,,,
,0.00011439737203295994,0.00011439737203295994,10304,,,,,,,,,,,,,,,,,,
,0.00011424470907228629,0.00011424470907228629,10309,,,,,,,,,,,,,,,,,,
,0.00011409208536876759,0.00011409208536876759,10314,,,,,,,,,,,,,,,,,,
,0.00011393950108997546,0.00011393950108997546,10319,,,,,,,,,,,,,,,,,,
,0.00011378695640343827,0.00011378695640343827,10324,,,,,,,,,,,,,,,,,,
,0.00011363445147664083,0.00011363445147664083,10329,,,,,,,,,,,,,,,,,,
,0.00011348198647702437,0.00011348198647702437,10334,,,,,,,,,,,,,,,,,,
,0.00011332956157198637,0.00011332956157198637,10339,,,,,,,,,,,,,,,,,,
,0.00011317717692888012,0.00011317717692888012,10344,,,,,,,,,,,,,,,,,,
,0.00011302483271501479,0.00011302483271501479,10349,,,,,,,,,,,,,,,,,,
,0.0001128725290976551,0.0001128725290976551,10354,,,,,,,,,,,,,,,,,,
,0.00011272026624402133,0.00011272026624402133,10359,,,,,,,,,,,,,,,,,,
,0.00011256804432128886,0.00011256804432128886,10364,,,,,,,,,,,,,,,,,,
,0.00011241586349658817,0.00011241586349658817,10369,,,,,,,,,,,,,,,,,,
,0.00011226372393700468,0.00011226372393700468,10374,,,,,,,,,,,,,,,,,,
,0.00011211162580957846,0.00011211162580957846,10379,,,,,,,,,,,,,,,,,,
,0.00011195956928130403,0.00011195956928130403,10384,,,,,,,,,,,,,,,,,,
,0.00011180755451913034,0.00011180755451913034,10389,,,,,,,,,,,,,,,,,,
,0.00011165558168996048,0.00011165558168996048,10394,,,,,,,,,,,,,,,,,,
,0.00011150365096065144,0.00011150365096065144,10399,,,,,,,,,,,,,,,,,,
,0.00011135176249801392,0.00011135176249801392,10404,,,,,,,,,,,,,,,,,,
,0.0001111999164688124,0.0001111999164688124,10409,,,,,,,,,,,,,,,,,,
14,,,10409,,,,,,,,,,,,,,11.170088768005371,7.715414524078369,1.5733295679092407,0.31461042165756226,0.3082931935787201
14,,,10409,0.7781027555465698,0.25906848907470703,0.3467426300048828,0.7659268379211426,2.429299831390381,0.5712640285491943,1.3597904443740845,0.08261675387620926,0.6392360329627991,0.0851636603474617,2.208592176437378,1.8995949029922485,0.6917355060577393,,,,,
,0.00011104811303976465,0.00011104811303976465,10414,,,,,,,,,,,,,,,,,,
,0.00011089635237754166,0.00011089635237754166,10419,,,,,,,,,,,,,,,,,,
,0.00011074463464876747,0.00011074463464876747,10424,,,,,,,,,,,,,,,,,,
,0.00011059296002001906,0.00011059296002001906,10429,,,,,,,,,,,,,,,,,,
,0.00011044132865782598,0.00011044132865782598,10434,,,,,,,,,,,,,,,,,,
,0.00011028974072867039,0.00011028974072867039,10439,,,,,,,,,,,,,,,,,,
,0.00011013819639898665,0.00011013819639898665,10444,,,,,,,,,,,,,,,,,,
,0.00010998669583516137,0.00010998669583516137,10449,,,,,,,,,,,,,,,,,,
,0.00010983523920353299,0.00010983523920353299,10454,,,,,,,,,,,,,,,,,,
,0.00010968382667039173,0.00010968382667039173,10459,,,,,,,,,,,,,,,,,,
,0.00010953245840197951,0.00010953245840197951,10464,,,,,,,,,,,,,,,,,,
,0.00010938113456448953,0.00010938113456448953,10469,,,,,,,,,,,,,,,,,,
,0.00010922985532406622,0.00010922985532406622,10474,,,,,,,,,,,,,,,,,,
,0.00010907862084680505,0.00010907862084680505,10479,,,,,,,,,,,,,,,,,,
,0.0001089274312987524,0.0001089274312987524,10484,,,,,,,,,,,,,,,,,,
,0.00010877628684590534,0.00010877628684590534,10489,,,,,,,,,,,,,,,,,,
,0.00010862518765421133,0.00010862518765421133,10494,,,,,,,,,,,,,,,,,,
,0.00010847413388956813,0.00010847413388956813,10499,,,,,,,,,,,,,,,,,,
,0.00010832312571782372,0.00010832312571782372,10504,,,,,,,,,,,,,,,,,,
,0.00010817216330477599,0.00010817216330477599,10509,,,,,,,,,,,,,,,,,,
,0.0001080212468161725,0.0001080212468161725,10514,,,,,,,,,,,,,,,,,,
,0.00010787037641771054,0.00010787037641771054,10519,,,,,,,,,,,,,,,,,,
,0.00010771955227503669,0.00010771955227503669,10524,,,,,,,,,,,,,,,,,,
,0.00010756877455374673,0.00010756877455374673,10529,,,,,,,,,,,,,,,,,,
,0.00010741804341938555,0.00010741804341938555,10534,,,,,,,,,,,,,,,,,,
,0.00010726735903744682,0.00010726735903744682,10539,,,,,,,,,,,,,,,,,,
,0.00010711672157337297,0.00010711672157337297,10544,,,,,,,,,,,,,,,,,,
,0.00010696613119255486,0.00010696613119255486,10549,,,,,,,,,,,,,,,,,,
,0.00010681558806033158,0.00010681558806033158,10554,,,,,,,,,,,,,,,,,,
,0.00010666509234199051,0.00010666509234199051,10559,,,,,,,,,,,,,,,,,,
,0.0001065146442027668,0.0001065146442027668,10564,,,,,,,,,,,,,,,,,,
,0.00010636424380784346,0.00010636424380784346,10569,,,,,,,,,,,,,,,,,,
,0.0001062138913223511,0.0001062138913223511,10574,,,,,,,,,,,,,,,,,,
,0.00010606358691136765,0.00010606358691136765,10579,,,,,,,,,,,,,,,,,,
,0.00010591333073991831,0.00010591333073991831,10584,,,,,,,,,,,,,,,,,,
,0.00010576312297297529,0.00010576312297297529,10589,,,,,,,,,,,,,,,,,,
,0.00010561296377545767,0.00010561296377545767,10594,,,,,,,,,,,,,,,,,,
,0.00010546285331223123,0.00010546285331223123,10599,,,,,,,,,,,,,,,,,,
,0.00010531279174810821,0.00010531279174810821,10604,,,,,,,,,,,,,,,,,,
,0.00010516277924784712,0.00010516277924784712,10609,,,,,,,,,,,,,,,,,,
,0.00010501281597615271,0.00010501281597615271,10614,,,,,,,,,,,,,,,,,,
,0.00010486290209767556,0.00010486290209767556,10619,,,,,,,,,,,,,,,,,,
,0.00010471303777701207,0.00010471303777701207,10624,,,,,,,,,,,,,,,,,,
,0.0001045632231787043,0.0001045632231787043,10629,,,,,,,,,,,,,,,,,,
,0.00010441345846723961,0.00010441345846723961,10634,,,,,,,,,,,,,,,,,,
,0.00010426374380705055,0.00010426374380705055,10639,,,,,,,,,,,,,,,,,,
,0.00010411407936251495,0.00010411407936251495,10644,,,,,,,,,,,,,,,,,,
,0.00010396446529795526,0.00010396446529795526,10649,,,,,,,,,,,,,,,,,,
,0.00010381490177763873,0.00010381490177763873,10654,,,,,,,,,,,,,,,,,,
,0.0001036653889657771,0.0001036653889657771,10659,,,,,,,,,,,,,,,,,,
,0.00010351592702652639,0.00010351592702652639,10664,,,,,,,,,,,,,,,,,,
,0.00010336651612398685,0.00010336651612398685,10669,,,,,,,,,,,,,,,,,,
,0.00010321715642220264,0.00010321715642220264,10674,,,,,,,,,,,,,,,,,,
,0.00010306784808516166,0.00010306784808516166,10679,,,,,,,,,,,,,,,,,,
,0.00010291859127679553,0.00010291859127679553,10684,,,,,,,,,,,,,,,,,,
,0.00010276938616097922,0.00010276938616097922,10689,,,,,,,,,,,,,,,,,,
,0.0001026202329015309,0.0001026202329015309,10694,,,,,,,,,,,,,,,,,,
,0.00010247113166221194,0.00010247113166221194,10699,,,,,,,,,,,,,,,,,,
,0.00010232208260672647,0.00010232208260672647,10704,,,,,,,,,,,,,,,,,,
,0.00010217308589872142,0.00010217308589872142,10709,,,,,,,,,,,,,,,,,,
,0.00010202414170178614,0.00010202414170178614,10714,,,,,,,,,,,,,,,,,,
,0.00010187525017945239,0.00010187525017945239,10719,,,,,,,,,,,,,,,,,,
,0.00010172641149519414,0.00010172641149519414,10724,,,,,,,,,,,,,,,,,,
,0.00010157762581242725,0.00010157762581242725,10729,,,,,,,,,,,,,,,,,,
,0.00010142889329450943,0.00010142889329450943,10734,,,,,,,,,,,,,,,,,,
,0.00010128021410474006,0.00010128021410474006,10739,,,,,,,,,,,,,,,,,,
,0.00010113158840635985,0.00010113158840635985,10744,,,,,,,,,,,,,,,,,,
,0.000100983016362551,0.000100983016362551,10749,,,,,,,,,,,,,,,,,,
,0.00010083449813643654,0.00010083449813643654,10754,,,,,,,,,,,,,,,,,,
,0.00010068603389108061,0.00010068603389108061,10759,,,,,,,,,,,,,,,,,,
,0.00010053762378948798,0.00010053762378948798,10764,,,,,,,,,,,,,,,,,,
,0.00010038926799460396,0.00010038926799460396,10769,,,,,,,,,,,,,,,,,,
,0.0001002409666693143,0.0001002409666693143,10774,,,,,,,,,,,,,,,,,,
,0.00010009271997644495,0.00010009271997644495,10779,,,,,,,,,,,,,,,,,,
,9.994452807876182e-05,9.994452807876182e-05,10784,,,,,,,,,,,,,,,,,,
,9.979639113897065e-05,9.979639113897065e-05,10789,,,,,,,,,,,,,,,,,,
,9.964830931971689e-05,9.964830931971689e-05,10794,,,,,,,,,,,,,,,,,,
,9.950028278358551e-05,9.950028278358551e-05,10799,,,,,,,,,,,,,,,,,,
,9.93523116931007e-05,9.93523116931007e-05,10804,,,,,,,,,,,,,,,,,,
,9.920439621072576e-05,9.920439621072576e-05,10809,,,,,,,,,,,,,,,,,,
,9.905653649886304e-05,9.905653649886304e-05,10814,,,,,,,,,,,,,,,,,,
,9.890873271985356e-05,9.890873271985356e-05,10819,,,,,,,,,,,,,,,,,,
,9.876098503597696e-05,9.876098503597696e-05,10824,,,,,,,,,,,,,,,,,,
,9.861329360945126e-05,9.861329360945126e-05,10829,,,,,,,,,,,,,,,,,,
,9.846565860243283e-05,9.846565860243283e-05,10834,,,,,,,,,,,,,,,,,,
,9.831808017701596e-05,9.831808017701596e-05,10839,,,,,,,,,,,,,,,,,,
,9.817055849523283e-05,9.817055849523283e-05,10844,,,,,,,,,,,,,,,,,,
,9.802309371905341e-05,9.802309371905341e-05,10849,,,,,,,,,,,,,,,,,,
,9.787568601038517e-05,9.787568601038517e-05,10854,,,,,,,,,,,,,,,,,,
,9.772833553107285e-05,9.772833553107285e-05,10859,,,,,,,,,,,,,,,,,,
,9.758104244289837e-05,9.758104244289837e-05,10864,,,,,,,,,,,,,,,,,,
,9.743380690758072e-05,9.743380690758072e-05,10869,,,,,,,,,,,,,,,,,,
,9.728662908677565e-05,9.728662908677565e-05,10874,,,,,,,,,,,,,,,,,,
,9.713950914207546e-05,9.713950914207546e-05,10879,,,,,,,,,,,,,,,,,,
,9.699244723500907e-05,9.699244723500907e-05,10884,,,,,,,,,,,,,,,,,,
,9.684544352704155e-05,9.684544352704155e-05,10889,,,,,,,,,,,,,,,,,,
,9.669849817957413e-05,9.669849817957413e-05,10894,,,,,,,,,,,,,,,,,,
,9.655161135394386e-05,9.655161135394386e-05,10899,,,,,,,,,,,,,,,,,,
,9.640478321142374e-05,9.640478321142374e-05,10904,,,,,,,,,,,,,,,,,,
,9.625801391322224e-05,9.625801391322224e-05,10909,,,,,,,,,,,,,,,,,,
,9.611130362048313e-05,9.611130362048313e-05,10914,,,,,,,,,,,,,,,,,,
,9.596465249428544e-05,9.596465249428544e-05,10919,,,,,,,,,,,,,,,,,,
,9.58180606956434e-05,9.58180606956434e-05,10924,,,,,,,,,,,,,,,,,,
,9.567152838550585e-05,9.567152838550585e-05,10929,,,,,,,,,,,,,,,,,,
,9.552505572475647e-05,9.552505572475647e-05,10934,,,,,,,,,,,,,,,,,,
,9.537864287421345e-05,9.537864287421345e-05,10939,,,,,,,,,,,,,,,,,,
,9.523228999462925e-05,9.523228999462925e-05,10944,,,,,,,,,,,,,,,,,,
,9.508599724669046e-05,9.508599724669046e-05,10949,,,,,,,,,,,,,,,,,,
,9.493976479101781e-05,9.493976479101781e-05,10954,,,,,,,,,,,,,,,,,,
,9.479359278816565e-05,9.479359278816565e-05,10959,,,,,,,,,,,,,,,,,,
,9.464748139862209e-05,9.464748139862209e-05,10964,,,,,,,,,,,,,,,,,,
,9.450143078280859e-05,9.450143078280859e-05,10969,,,,,,,,,,,,,,,,,,
,9.435544110107988e-05,9.435544110107988e-05,10974,,,,,,,,,,,,,,,,,,
,9.420951251372396e-05,9.420951251372396e-05,10979,,,,,,,,,,,,,,,,,,
,9.406364518096154e-05,9.406364518096154e-05,10984,,,,,,,,,,,,,,,,,,
,9.391783926294613e-05,9.391783926294613e-05,10989,,,,,,,,,,,,,,,,,,
,9.37720949197639e-05,9.37720949197639e-05,10994,,,,,,,,,,,,,,,,,,
,9.36264123114333e-05,9.36264123114333e-05,10999,,,,,,,,,,,,,,,,,,
,9.348079159790515e-05,9.348079159790515e-05,11004,,,,,,,,,,,,,,,,,,
,9.333523293906218e-05,9.333523293906218e-05,11009,,,,,,,,,,,,,,,,,,
,9.318973649471898e-05,9.318973649471898e-05,11014,,,,,,,,,,,,,,,,,,
,9.304430242462192e-05,9.304430242462192e-05,11019,,,,,,,,,,,,,,,,,,
,9.289893088844886e-05,9.289893088844886e-05,11024,,,,,,,,,,,,,,,,,,
,9.275362204580892e-05,9.275362204580892e-05,11029,,,,,,,,,,,,,,,,,,
,9.260837605624255e-05,9.260837605624255e-05,11034,,,,,,,,,,,,,,,,,,
,9.246319307922103e-05,9.246319307922103e-05,11039,,,,,,,,,,,,,,,,,,
,9.231807327414648e-05,9.231807327414648e-05,11044,,,,,,,,,,,,,,,,,,
,9.217301680035181e-05,9.217301680035181e-05,11049,,,,,,,,,,,,,,,,,,
,9.202802381710015e-05,9.202802381710015e-05,11054,,,,,,,,,,,,,,,,,,
,9.188309448358524e-05,9.188309448358524e-05,11059,,,,,,,,,,,,,,,,,,
,9.173822895893063e-05,9.173822895893063e-05,11064,,,,,,,,,,,,,,,,,,
,9.159342740218992e-05,9.159342740218992e-05,11069,,,,,,,,,,,,,,,,,,
,9.144868997234659e-05,9.144868997234659e-05,11074,,,,,,,,,,,,,,,,,,
,9.130401682831357e-05,9.130401682831357e-05,11079,,,,,,,,,,,,,,,,,,
,9.115940812893318e-05,9.115940812893318e-05,11084,,,,,,,,,,,,,,,,,,
,9.101486403297718e-05,9.101486403297718e-05,11089,,,,,,,,,,,,,,,,,,
,9.087038469914625e-05,9.087038469914625e-05,11094,,,,,,,,,,,,,,,,,,
,9.07259702860699e-05,9.07259702860699e-05,11099,,,,,,,,,,,,,,,,,,
15,,,11103,,,,,,,,,,,,,,10.745956420898438,7.313449382781982,1.598866581916809,0.30356281995773315,0.315828800201416
15,,,11103,0.7818551659584045,0.2711750268936157,0.35820358991622925,0.7736474871635437,2.3484771251678467,0.5551701784133911,1.328263521194458,0.07691119611263275,0.6285912394523621,0.08048663288354874,2.1559693813323975,1.8572852611541748,0.6712079048156738,,,,,
,9.058162095230649e-05,9.058162095230649e-05,11104,,,,,,,,,,,,,,,,,,
,9.043733685634299e-05,9.043733685634299e-05,11109,,,,,,,,,,,,,,,,,,
,9.029311815659459e-05,9.029311815659459e-05,11114,,,,,,,,,,,,,,,,,,
,9.01489650114047e-05,9.01489650114047e-05,11119,,,,,,,,,,,,,,,,,,
,9.000487757904477e-05,9.000487757904477e-05,11124,,,,,,,,,,,,,,,,,,
,8.986085601771419e-05,8.986085601771419e-05,11129,,,,,,,,,,,,,,,,,,
,8.971690048553991e-05,8.971690048553991e-05,11134,,,,,,,,,,,,,,,,,,
,8.957301114057642e-05,8.957301114057642e-05,11139,,,,,,,,,,,,,,,,,,
,8.94291881408056e-05,8.94291881408056e-05,11144,,,,,,,,,,,,,,,,,,
,8.928543164413638e-05,8.928543164413638e-05,11149,,,,,,,,,,,,,,,,,,
,8.914174180840471e-05,8.914174180840471e-05,11154,,,,,,,,,,,,,,,,,,
,8.899811879137346e-05,8.899811879137346e-05,11159,,,,,,,,,,,,,,,,,,
,8.885456275073204e-05,8.885456275073204e-05,11164,,,,,,,,,,,,,,,,,,
,8.871107384409628e-05,8.871107384409628e-05,11169,,,,,,,,,,,,,,,,,,
,8.856765222900835e-05,8.856765222900835e-05,11174,,,,,,,,,,,,,,,,,,
,8.84242980629366e-05,8.84242980629366e-05,11179,,,,,,,,,,,,,,,,,,
,8.828101150327521e-05,8.828101150327521e-05,11184,,,,,,,,,,,,,,,,,,
,8.813779270734422e-05,8.813779270734422e-05,11189,,,,,,,,,,,,,,,,,,
,8.799464183238922e-05,8.799464183238922e-05,11194,,,,,,,,,,,,,,,,,,
,8.785155903558126e-05,8.785155903558126e-05,11199,,,,,,,,,,,,,,,,,,
,8.770854447401662e-05,8.770854447401662e-05,11204,,,,,,,,,,,,,,,,,,
,8.756559830471658e-05,8.756559830471658e-05,11209,,,,,,,,,,,,,,,,,,
,8.742272068462765e-05,8.742272068462765e-05,11214,,,,,,,,,,,,,,,,,,
,8.727991177062064e-05,8.727991177062064e-05,11219,,,,,,,,,,,,,,,,,,
,8.71371717194912e-05,8.71371717194912e-05,11224,,,,,,,,,,,,,,,,,,
,8.699450068795936e-05,8.699450068795936e-05,11229,,,,,,,,,,,,,,,,,,
,8.685189883266922e-05,8.685189883266922e-05,11234,,,,,,,,,,,,,,,,,,
,8.670936631018905e-05,8.670936631018905e-05,11239,,,,,,,,,,,,,,,,,,
,8.656690327701105e-05,8.656690327701105e-05,11244,,,,,,,,,,,,,,,,,,
,8.642450988955094e-05,8.642450988955094e-05,11249,,,,,,,,,,,,,,,,,,
,8.62821863041481e-05,8.62821863041481e-05,11254,,,,,,,,,,,,,,,,,,
,8.613993267706531e-05,8.613993267706531e-05,11259,,,,,,,,,,,,,,,,,,
,8.59977491644884e-05,8.59977491644884e-05,11264,,,,,,,,,,,,,,,,,,
,8.585563592252644e-05,8.585563592252644e-05,11269,,,,,,,,,,,,,,,,,,
,8.571359310721105e-05,8.571359310721105e-05,11274,,,,,,,,,,,,,,,,,,
,8.557162087449674e-05,8.557162087449674e-05,11279,,,,,,,,,,,,,,,,,,
,8.542971938026052e-05,8.542971938026052e-05,11284,,,,,,,,,,,,,,,,,,
,8.528788878030156e-05,8.528788878030156e-05,11289,,,,,,,,,,,,,,,,,,
,8.514612923034141e-05,8.514612923034141e-05,11294,,,,,,,,,,,,,,,,,,
,8.500444088602355e-05,8.500444088602355e-05,11299,,,,,,,,,,,,,,,,,,
,8.48628239029131e-05,8.48628239029131e-05,11304,,,,,,,,,,,,,,,,,,
,8.472127843649705e-05,8.472127843649705e-05,11309,,,,,,,,,,,,,,,,,,
,8.45798046421838e-05,8.45798046421838e-05,11314,,,,,,,,,,,,,,,,,,
,8.443840267530308e-05,8.443840267530308e-05,11319,,,,,,,,,,,,,,,,,,
,8.429707269110573e-05,8.429707269110573e-05,11324,,,,,,,,,,,,,,,,,,
,8.415581484476348e-05,8.415581484476348e-05,11329,,,,,,,,,,,,,,,,,,
,8.401462929136897e-05,8.401462929136897e-05,11334,,,,,,,,,,,,,,,,,,
,8.38735161859355e-05,8.38735161859355e-05,11339,,,,,,,,,,,,,,,,,,
,8.373247568339665e-05,8.373247568339665e-05,11344,,,,,,,,,,,,,,,,,,
,8.359150793860642e-05,8.359150793860642e-05,11349,,,,,,,,,,,,,,,,,,
,8.3450613106339e-05,8.3450613106339e-05,11354,,,,,,,,,,,,,,,,,,
,8.33097913412882e-05,8.33097913412882e-05,11359,,,,,,,,,,,,,,,,,,
,8.316904279806811e-05,8.316904279806811e-05,11364,,,,,,,,,,,,,,,,,,
,8.302836763121196e-05,8.302836763121196e-05,11369,,,,,,,,,,,,,,,,,,
,8.288776599517267e-05,8.288776599517267e-05,11374,,,,,,,,,,,,,,,,,,
,8.274723804432241e-05,8.274723804432241e-05,11379,,,,,,,,,,,,,,,,,,
,8.260678393295229e-05,8.260678393295229e-05,11384,,,,,,,,,,,,,,,,,,
,8.24664038152725e-05,8.24664038152725e-05,11389,,,,,,,,,,,,,,,,,,
,8.232609784541207e-05,8.232609784541207e-05,11394,,,,,,,,,,,,,,,,,,
,8.218586617741831e-05,8.218586617741831e-05,11399,,,,,,,,,,,,,,,,,,
,8.204570896525725e-05,8.204570896525725e-05,11404,,,,,,,,,,,,,,,,,,
,8.190562636281308e-05,8.190562636281308e-05,11409,,,,,,,,,,,,,,,,,,
,8.176561852388794e-05,8.176561852388794e-05,11414,,,,,,,,,,,,,,,,,,
,8.162568560220217e-05,8.162568560220217e-05,11419,,,,,,,,,,,,,,,,,,
,8.148582775139358e-05,8.148582775139358e-05,11424,,,,,,,,,,,,,,,,,,
,8.134604512501766e-05,8.134604512501766e-05,11429,,,,,,,,,,,,,,,,,,
,8.120633787654739e-05,8.120633787654739e-05,11434,,,,,,,,,,,,,,,,,,
,8.106670615937281e-05,8.106670615937281e-05,11439,,,,,,,,,,,,,,,,,,
,8.092715012680116e-05,8.092715012680116e-05,11444,,,,,,,,,,,,,,,,,,
,8.078766993205663e-05,8.078766993205663e-05,11449,,,,,,,,,,,,,,,,,,
,8.064826572827997e-05,8.064826572827997e-05,11454,,,,,,,,,,,,,,,,,,
,8.050893766852863e-05,8.050893766852863e-05,11459,,,,,,,,,,,,,,,,,,
,8.036968590577642e-05,8.036968590577642e-05,11464,,,,,,,,,,,,,,,,,,
,8.02305105929134e-05,8.02305105929134e-05,11469,,,,,,,,,,,,,,,,,,
,8.009141188274571e-05,8.009141188274571e-05,11474,,,,,,,,,,,,,,,,,,
,7.995238992799528e-05,7.995238992799528e-05,11479,,,,,,,,,,,,,,,,,,
,7.981344488129988e-05,7.981344488129988e-05,11484,,,,,,,,,,,,,,,,,,
,7.967457689521284e-05,7.967457689521284e-05,11489,,,,,,,,,,,,,,,,,,
,7.953578612220272e-05,7.953578612220272e-05,11494,,,,,,,,,,,,,,,,,,
,7.939707271465352e-05,7.939707271465352e-05,11499,,,,,,,,,,,,,,,,,,
,7.925843682486424e-05,7.925843682486424e-05,11504,,,,,,,,,,,,,,,,,,
,7.911987860504862e-05,7.911987860504862e-05,11509,,,,,,,,,,,,,,,,,,
,7.898139820733526e-05,7.898139820733526e-05,11514,,,,,,,,,,,,,,,,,,
,7.884299578376736e-05,7.884299578376736e-05,11519,,,,,,,,,,,,,,,,,,
,7.870467148630239e-05,7.870467148630239e-05,11524,,,,,,,,,,,,,,,,,,
,7.856642546681217e-05,7.856642546681217e-05,11529,,,,,,,,,,,,,,,,,,
,7.842825787708239e-05,7.842825787708239e-05,11534,,,,,,,,,,,,,,,,,,
,7.829016886881277e-05,7.829016886881277e-05,11539,,,,,,,,,,,,,,,,,,
,7.81521585936168e-05,7.81521585936168e-05,11544,,,,,,,,,,,,,,,,,,
,7.801422720302132e-05,7.801422720302132e-05,11549,,,,,,,,,,,,,,,,,,
,7.787637484846674e-05,7.787637484846674e-05,11554,,,,,,,,,,,,,,,,,,
,7.773860168130673e-05,7.773860168130673e-05,11559,,,,,,,,,,,,,,,,,,
,7.760090785280777e-05,7.760090785280777e-05,11564,,,,,,,,,,,,,,,,,,
,7.746329351414945e-05,7.746329351414945e-05,11569,,,,,,,,,,,,,,,,,,
,7.732575881642405e-05,7.732575881642405e-05,11574,,,,,,,,,,,,,,,,,,
,7.718830391063636e-05,7.718830391063636e-05,11579,,,,,,,,,,,,,,,,,,
,7.705092894770363e-05,7.705092894770363e-05,11584,,,,,,,,,,,,,,,,,,
,7.691363407845519e-05,7.691363407845519e-05,11589,,,,,,,,,,,,,,,,,,
,7.677641945363259e-05,7.677641945363259e-05,11594,,,,,,,,,,,,,,,,,,
,7.663928522388932e-05,7.663928522388932e-05,11599,,,,,,,,,,,,,,,,,,
,7.650223153979028e-05,7.650223153979028e-05,11604,,,,,,,,,,,,,,,,,,
,7.636525855181232e-05,7.636525855181232e-05,11609,,,,,,,,,,,,,,,,,,
,7.622836641034354e-05,7.622836641034354e-05,11614,,,,,,,,,,,,,,,,,,
,7.609155526568308e-05,7.609155526568308e-05,11619,,,,,,,,,,,,,,,,,,
,7.595482526804159e-05,7.595482526804159e-05,11624,,,,,,,,,,,,,,,,,,
,7.581817656754018e-05,7.581817656754018e-05,11629,,,,,,,,,,,,,,,,,,
,7.568160931421093e-05,7.568160931421093e-05,11634,,,,,,,,,,,,,,,,,,
,7.554512365799654e-05,7.554512365799654e-05,11639,,,,,,,,,,,,,,,,,,
,7.540871974874993e-05,7.540871974874993e-05,11644,,,,,,,,,,,,,,,,,,
,7.527239773623439e-05,7.527239773623439e-05,11649,,,,,,,,,,,,,,,,,,
,7.513615777012339e-05,7.513615777012339e-05,11654,,,,,,,,,,,,,,,,,,
,7.500000000000002e-05,7.500000000000002e-05,11659,,,,,,,,,,,,,,,,,,
,7.486392457535741e-05,7.486392457535741e-05,11664,,,,,,,,,,,,,,,,,,
,7.472793164559817e-05,7.472793164559817e-05,11669,,,,,,,,,,,,,,,,,,
,7.459202136003434e-05,7.459202136003434e-05,11674,,,,,,,,,,,,,,,,,,
,7.445619386788729e-05,7.445619386788729e-05,11679,,,,,,,,,,,,,,,,,,
,7.43204493182873e-05,7.43204493182873e-05,11684,,,,,,,,,,,,,,,,,,
,7.418478786027373e-05,7.418478786027373e-05,11689,,,,,,,,,,,,,,,,,,
,7.40492096427948e-05,7.40492096427948e-05,11694,,,,,,,,,,,,,,,,,,
,7.391371481470708e-05,7.391371481470708e-05,11699,,,,,,,,,,,,,,,,,,
,7.377830352477577e-05,7.377830352477577e-05,11704,,,,,,,,,,,,,,,,,,
,7.364297592167442e-05,7.364297592167442e-05,11709,,,,,,,,,,,,,,,,,,
,7.35077321539844e-05,7.35077321539844e-05,11714,,,,,,,,,,,,,,,,,,
,7.337257237019531e-05,7.337257237019531e-05,11719,,,,,,,,,,,,,,,,,,
,7.323749671870443e-05,7.323749671870443e-05,11724,,,,,,,,,,,,,,,,,,
,7.310250534781673e-05,7.310250534781673e-05,11729,,,,,,,,,,,,,,,,,,
,7.296759840574456e-05,7.296759840574456e-05,11734,,,,,,,,,,,,,,,,,,
,7.283277604060767e-05,7.283277604060767e-05,11739,,,,,,,,,,,,,,,,,,
,7.26980384004328e-05,7.26980384004328e-05,11744,,,,,,,,,,,,,,,,,,
,7.256338563315386e-05,7.256338563315386e-05,11749,,,,,,,,,,,,,,,,,,
,7.242881788661136e-05,7.242881788661136e-05,11754,,,,,,,,,,,,,,,,,,
,7.229433530855266e-05,7.229433530855266e-05,11759,,,,,,,,,,,,,,,,,,
,7.215993804663155e-05,7.215993804663155e-05,11764,,,,,,,,,,,,,,,,,,
,7.202562624840803e-05,7.202562624840803e-05,11769,,,,,,,,,,,,,,,,,,
,7.189140006134835e-05,7.189140006134835e-05,11774,,,,,,,,,,,,,,,,,,
,7.175725963282495e-05,7.175725963282495e-05,11779,,,,,,,,,,,,,,,,,,
,7.162320511011578e-05,7.162320511011578e-05,11784,,,,,,,,,,,,,,,,,,
,7.148923664040468e-05,7.148923664040468e-05,11789,,,,,,,,,,,,,,,,,,
,7.135535437078098e-05,7.135535437078098e-05,11794,,,,,,,,,,,,,,,,,,
16,,,11797,,,,,,,,,,,,,,11.455672264099121,7.966673374176025,1.6708468198776245,0.303570419549942,0.30029940605163574
16,,,11797,0.7850170135498047,0.28110629320144653,0.36784839630126953,0.7797255516052246,2.2790367603302,0.5414234399795532,1.3035093545913696,0.07152189314365387,0.6209508180618286,0.07649620622396469,2.1145498752593994,1.8240965604782104,0.6544383764266968,,,,,
,7.122155844823929e-05,7.122155844823929e-05,11799,,,,,,,,,,,,,,,,,,
,7.108784901967953e-05,7.108784901967953e-05,11804,,,,,,,,,,,,,,,,,,
,7.095422623190653e-05,7.095422623190653e-05,11809,,,,,,,,,,,,,,,,,,
,7.082069023163007e-05,7.082069023163007e-05,11814,,,,,,,,,,,,,,,,,,
,7.068724116546474e-05,7.068724116546474e-05,11819,,,,,,,,,,,,,,,,,,
,7.055387917992935e-05,7.055387917992935e-05,11824,,,,,,,,,,,,,,,,,,
,7.042060442144751e-05,7.042060442144751e-05,11829,,,,,,,,,,,,,,,,,,
,7.02874170363469e-05,7.02874170363469e-05,11834,,,,,,,,,,,,,,,,,,
,7.015431717085911e-05,7.015431717085911e-05,11839,,,,,,,,,,,,,,,,,,
,7.002130497111982e-05,7.002130497111982e-05,11844,,,,,,,,,,,,,,,,,,
,6.988838058316849e-05,6.988838058316849e-05,11849,,,,,,,,,,,,,,,,,,
,6.975554415294797e-05,6.975554415294797e-05,11854,,,,,,,,,,,,,,,,,,
,6.962279582630471e-05,6.962279582630471e-05,11859,,,,,,,,,,,,,,,,,,
,6.94901357489884e-05,6.94901357489884e-05,11864,,,,,,,,,,,,,,,,,,
,6.935756406665175e-05,6.935756406665175e-05,11869,,,,,,,,,,,,,,,,,,
,6.92250809248505e-05,6.92250809248505e-05,11874,,,,,,,,,,,,,,,,,,
,6.909268646904317e-05,6.909268646904317e-05,11879,,,,,,,,,,,,,,,,,,
,6.89603808445909e-05,6.89603808445909e-05,11884,,,,,,,,,,,,,,,,,,
,6.882816419675732e-05,6.882816419675732e-05,11889,,,,,,,,,,,,,,,,,,
,6.869603667070825e-05,6.869603667070825e-05,11894,,,,,,,,,,,,,,,,,,
,6.856399841151182e-05,6.856399841151182e-05,11899,,,,,,,,,,,,,,,,,,
,6.843204956413814e-05,6.843204956413814e-05,11904,,,,,,,,,,,,,,,,,,
,6.830019027345896e-05,6.830019027345896e-05,11909,,,,,,,,,,,,,,,,,,
,6.816842068424788e-05,6.816842068424788e-05,11914,,,,,,,,,,,,,,,,,,
,6.803674094118008e-05,6.803674094118008e-05,11919,,,,,,,,,,,,,,,,,,
,6.790515118883183e-05,6.790515118883183e-05,11924,,,,,,,,,,,,,,,,,,
,6.777365157168081e-05,6.777365157168081e-05,11929,,,,,,,,,,,,,,,,,,
,6.764224223410566e-05,6.764224223410566e-05,11934,,,,,,,,,,,,,,,,,,
,6.751092332038595e-05,6.751092332038595e-05,11939,,,,,,,,,,,,,,,,,,
,6.737969497470198e-05,6.737969497470198e-05,11944,,,,,,,,,,,,,,,,,,
,6.724855734113443e-05,6.724855734113443e-05,11949,,,,,,,,,,,,,,,,,,
,6.71175105636646e-05,6.71175105636646e-05,11954,,,,,,,,,,,,,,,,,,
,6.6986554786174e-05,6.6986554786174e-05,11959,,,,,,,,,,,,,,,,,,
,6.685569015244409e-05,6.685569015244409e-05,11964,,,,,,,,,,,,,,,,,,
,6.672491680615638e-05,6.672491680615638e-05,11969,,,,,,,,,,,,,,,,,,
,6.65942348908922e-05,6.65942348908922e-05,11974,,,,,,,,,,,,,,,,,,
,6.646364455013224e-05,6.646364455013224e-05,11979,,,,,,,,,,,,,,,,,,
,6.633314592725707e-05,6.633314592725707e-05,11984,,,,,,,,,,,,,,,,,,
,6.62027391655461e-05,6.62027391655461e-05,11989,,,,,,,,,,,,,,,,,,
,6.60724244081782e-05,6.60724244081782e-05,11994,,,,,,,,,,,,,,,,,,
,6.594220179823115e-05,6.594220179823115e-05,11999,,,,,,,,,,,,,,,,,,
,6.581207147868144e-05,6.581207147868144e-05,12004,,,,,,,,,,,,,,,,,,
,6.568203359240436e-05,6.568203359240436e-05,12009,,,,,,,,,,,,,,,,,,
,6.555208828217372e-05,6.555208828217372e-05,12014,,,,,,,,,,,,,,,,,,
,6.542223569066155e-05,6.542223569066155e-05,12019,,,,,,,,,,,,,,,,,,
,6.529247596043823e-05,6.529247596043823e-05,12024,,,,,,,,,,,,,,,,,,
,6.516280923397209e-05,6.516280923397209e-05,12029,,,,,,,,,,,,,,,,,,
,6.503323565362941e-05,6.503323565362941e-05,12034,,,,,,,,,,,,,,,,,,
,6.490375536167422e-05,6.490375536167422e-05,12039,,,,,,,,,,,,,,,,,,
,6.477436850026798e-05,6.477436850026798e-05,12044,,,,,,,,,,,,,,,,,,
,6.46450752114697e-05,6.46450752114697e-05,12049,,,,,,,,,,,,,,,,,,
,6.451587563723571e-05,6.451587563723571e-05,12054,,,,,,,,,,,,,,,,,,
,6.438676991941921e-05,6.438676991941921e-05,12059,,,,,,,,,,,,,,,,,,
,6.425775819977058e-05,6.425775819977058e-05,12064,,,,,,,,,,,,,,,,,,
,6.412884061993696e-05,6.412884061993696e-05,12069,,,,,,,,,,,,,,,,,,
,6.400001732146197e-05,6.400001732146197e-05,12074,,,,,,,,,,,,,,,,,,
,6.387128844578588e-05,6.387128844578588e-05,12079,,,,,,,,,,,,,,,,,,
,6.374265413424527e-05,6.374265413424527e-05,12084,,,,,,,,,,,,,,,,,,
,6.361411452807282e-05,6.361411452807282e-05,12089,,,,,,,,,,,,,,,,,,
,6.348566976839735e-05,6.348566976839735e-05,12094,,,,,,,,,,,,,,,,,,
,6.335731999624337e-05,6.335731999624337e-05,12099,,,,,,,,,,,,,,,,,,
,6.322906535253122e-05,6.322906535253122e-05,12104,,,,,,,,,,,,,,,,,,
,6.310090597807684e-05,6.310090597807684e-05,12109,,,,,,,,,,,,,,,,,,
,6.297284201359139e-05,6.297284201359139e-05,12114,,,,,,,,,,,,,,,,,,
,6.284487359968146e-05,6.284487359968146e-05,12119,,,,,,,,,,,,,,,,,,
,6.271700087684867e-05,6.271700087684867e-05,12124,,,,,,,,,,,,,,,,,,
,6.258922398548949e-05,6.258922398548949e-05,12129,,,,,,,,,,,,,,,,,,
,6.246154306589528e-05,6.246154306589528e-05,12134,,,,,,,,,,,,,,,,,,
,6.233395825825202e-05,6.233395825825202e-05,12139,,,,,,,,,,,,,,,,,,
,6.220646970264014e-05,6.220646970264014e-05,12144,,,,,,,,,,,,,,,,,,
,6.207907753903442e-05,6.207907753903442e-05,12149,,,,,,,,,,,,,,,,,,
,6.195178190730369e-05,6.195178190730369e-05,12154,,,,,,,,,,,,,,,,,,
,6.182458294721094e-05,6.182458294721094e-05,12159,,,,,,,,,,,,,,,,,,
,6.169748079841301e-05,6.169748079841301e-05,12164,,,,,,,,,,,,,,,,,,
,6.15704756004603e-05,6.15704756004603e-05,12169,,,,,,,,,,,,,,,,,,
,6.144356749279688e-05,6.144356749279688e-05,12174,,,,,,,,,,,,,,,,,,
,6.131675661476033e-05,6.131675661476033e-05,12179,,,,,,,,,,,,,,,,,,
,6.119004310558112e-05,6.119004310558112e-05,12184,,,,,,,,,,,,,,,,,,
,6.106342710438331e-05,6.106342710438331e-05,12189,,,,,,,,,,,,,,,,,,
,6.0936908750183455e-05,6.0936908750183455e-05,12194,,,,,,,,,,,,,,,,,,
,6.0810488181891154e-05,6.0810488181891154e-05,12199,,,,,,,,,,,,,,,,,,
,6.068416553830862e-05,6.068416553830862e-05,12204,,,,,,,,,,,,,,,,,,
,6.05579409581304e-05,6.05579409581304e-05,12209,,,,,,,,,,,,,,,,,,
,6.043181457994352e-05,6.043181457994352e-05,12214,,,,,,,,,,,,,,,,,,
,6.0305786542227216e-05,6.0305786542227216e-05,12219,,,,,,,,,,,,,,,,,,
,6.0179856983352555e-05,6.0179856983352555e-05,12224,,,,,,,,,,,,,,,,,,
,6.005402604158266e-05,6.005402604158266e-05,12229,,,,,,,,,,,,,,,,,,
,5.9928293855072334e-05,5.9928293855072334e-05,12234,,,,,,,,,,,,,,,,,,
,5.980266056186792e-05,5.980266056186792e-05,12239,,,,,,,,,,,,,,,,,,
,5.96771262999073e-05,5.96771262999073e-05,12244,,,,,,,,,,,,,,,,,,
,5.955169120701936e-05,5.955169120701936e-05,12249,,,,,,,,,,,,,,,,,,
,5.942635542092438e-05,5.942635542092438e-05,12254,,,,,,,,,,,,,,,,,,
,5.930111907923352e-05,5.930111907923352e-05,12259,,,,,,,,,,,,,,,,,,
,5.917598231944866e-05,5.917598231944866e-05,12264,,,,,,,,,,,,,,,,,,
,5.905094527896246e-05,5.905094527896246e-05,12269,,,,,,,,,,,,,,,,,,
,5.8926008095058096e-05,5.8926008095058096e-05,12274,,,,,,,,,,,,,,,,,,
,5.8801170904908994e-05,5.8801170904908994e-05,12279,,,,,,,,,,,,,,,,,,
,5.867643384557888e-05,5.867643384557888e-05,12284,,,,,,,,,,,,,,,,,,
,5.855179705402157e-05,5.855179705402157e-05,12289,,,,,,,,,,,,,,,,,,
,5.842726066708072e-05,5.842726066708072e-05,12294,,,,,,,,,,,,,,,,,,
,5.830282482148984e-05,5.830282482148984e-05,12299,,,,,,,,,,,,,,,,,,
,5.817848965387188e-05,5.817848965387188e-05,12304,,,,,,,,,,,,,,,,,,
,5.8054255300739435e-05,5.8054255300739435e-05,12309,,,,,,,,,,,,,,,,,,
,5.7930121898494394e-05,5.7930121898494394e-05,12314,,,,,,,,,,,,,,,,,,
,5.7806089583427605e-05,5.7806089583427605e-05,12319,,,,,,,,,,,,,,,,,,
,5.7682158491719167e-05,5.7682158491719167e-05,12324,,,,,,,,,,,,,,,,,,
,5.7558328759437974e-05,5.7558328759437974e-05,12329,,,,,,,,,,,,,,,,,,
,5.743460052254154e-05,5.743460052254154e-05,12334,,,,,,,,,,,,,,,,,,
,5.731097391687606e-05,5.731097391687606e-05,12339,,,,,,,,,,,,,,,,,,
,5.718744907817607e-05,5.718744907817607e-05,12344,,,,,,,,,,,,,,,,,,
,5.706402614206441e-05,5.706402614206441e-05,12349,,,,,,,,,,,,,,,,,,
,5.694070524405211e-05,5.694070524405211e-05,12354,,,,,,,,,,,,,,,,,,
,5.6817486519537936e-05,5.6817486519537936e-05,12359,,,,,,,,,,,,,,,,,,
,5.669437010380871e-05,5.669437010380871e-05,12364,,,,,,,,,,,,,,,,,,
,5.657135613203886e-05,5.657135613203886e-05,12369,,,,,,,,,,,,,,,,,,
,5.644844473929024e-05,5.644844473929024e-05,12374,,,,,,,,,,,,,,,,,,
,5.632563606051218e-05,5.632563606051218e-05,12379,,,,,,,,,,,,,,,,,,
,5.620293023054128e-05,5.620293023054128e-05,12384,,,,,,,,,,,,,,,,,,
,5.6080327384100974e-05,5.6080327384100974e-05,12389,,,,,,,,,,,,,,,,,,
,5.5957827655802034e-05,5.5957827655802034e-05,12394,,,,,,,,,,,,,,,,,,
,5.5835431180141596e-05,5.5835431180141596e-05,12399,,,,,,,,,,,,,,,,,,
,5.571313809150369e-05,5.571313809150369e-05,12404,,,,,,,,,,,,,,,,,,
,5.559094852415878e-05,5.559094852415878e-05,12409,,,,,,,,,,,,,,,,,,
,5.5468862612263586e-05,5.5468862612263586e-05,12414,,,,,,,,,,,,,,,,,,
,5.534688048986109e-05,5.534688048986109e-05,12419,,,,,,,,,,,,,,,,,,
,5.522500229088041e-05,5.522500229088041e-05,12424,,,,,,,,,,,,,,,,,,
,5.5103228149136326e-05,5.5103228149136326e-05,12429,,,,,,,,,,,,,,,,,,
,5.498155819832957e-05,5.498155819832957e-05,12434,,,,,,,,,,,,,,,,,,
,5.4859992572046464e-05,5.4859992572046464e-05,12439,,,,,,,,,,,,,,,,,,
,5.473853140375859e-05,5.473853140375859e-05,12444,,,,,,,,,,,,,,,,,,
,5.461717482682321e-05,5.461717482682321e-05,12449,,,,,,,,,,,,,,,,,,
,5.449592297448235e-05,5.449592297448235e-05,12454,,,,,,,,,,,,,,,,,,
,5.437477597986333e-05,5.437477597986333e-05,12459,,,,,,,,,,,,,,,,,,
,5.4253733975978266e-05,5.4253733975978266e-05,12464,,,,,,,,,,,,,,,,,,
,5.413279709572389e-05,5.413279709572389e-05,12469,,,,,,,,,,,,,,,,,,
,5.401196547188166e-05,5.401196547188166e-05,12474,,,,,,,,,,,,,,,,,,
,5.389123923711748e-05,5.389123923711748e-05,12479,,,,,,,,,,,,,,,,,,
,5.3770618523981384e-05,5.3770618523981384e-05,12484,,,,,,,,,,,,,,,,,,
,5.365010346490767e-05,5.365010346490767e-05,12489,,,,,,,,,,,,,,,,,,
17,,,12491,,,,,,,,,,,,,,12.321216583251953,8.732677459716797,1.7086045742034912,0.31197595596313477,0.32004985213279724
17,,,12491,0.7877971529960632,0.29061171412467957,0.3766256272792816,0.7847619652748108,2.215270757675171,0.5289154648780823,1.2812310457229614,0.0663880929350853,0.6139734983444214,0.07318452000617981,2.078840494155884,1.7923250198364258,0.6397824287414551,,,,,
,5.352969419221463e-05,5.352969419221463e-05,12494,,,,,,,,,,,,,,,,,,
,5.3409390838104397e-05,5.3409390838104397e-05,12499,,,,,,,,,,,,,,,,,,
,5.328919353466284e-05,5.328919353466284e-05,12504,,,,,,,,,,,,,,,,,,
,5.316910241385927e-05,5.316910241385927e-05,12509,,,,,,,,,,,,,,,,,,
,5.3049117607546524e-05,5.3049117607546524e-05,12514,,,,,,,,,,,,,,,,,,
,5.292923924746078e-05,5.292923924746078e-05,12519,,,,,,,,,,,,,,,,,,
,5.2809467465221116e-05,5.2809467465221116e-05,12524,,,,,,,,,,,,,,,,,,
,5.2689802392329795e-05,5.2689802392329795e-05,12529,,,,,,,,,,,,,,,,,,
,5.257024416017191e-05,5.257024416017191e-05,12534,,,,,,,,,,,,,,,,,,
,5.245079290001511e-05,5.245079290001511e-05,12539,,,,,,,,,,,,,,,,,,
,5.2331448743009654e-05,5.2331448743009654e-05,12544,,,,,,,,,,,,,,,,,,
,5.221221182018839e-05,5.221221182018839e-05,12549,,,,,,,,,,,,,,,,,,
,5.2093082262466144e-05,5.2093082262466144e-05,12554,,,,,,,,,,,,,,,,,,
,5.197406020064002e-05,5.197406020064002e-05,12559,,,,,,,,,,,,,,,,,,
,5.1855145765389136e-05,5.1855145765389136e-05,12564,,,,,,,,,,,,,,,,,,
,5.173633908727426e-05,5.173633908727426e-05,12569,,,,,,,,,,,,,,,,,,
,5.1617640296738086e-05,5.1617640296738086e-05,12574,,,,,,,,,,,,,,,,,,
,5.1499049524104614e-05,5.1499049524104614e-05,12579,,,,,,,,,,,,,,,,,,
,5.138056689957943e-05,5.138056689957943e-05,12584,,,,,,,,,,,,,,,,,,
,5.126219255324935e-05,5.126219255324935e-05,12589,,,,,,,,,,,,,,,,,,
,5.114392661508221e-05,5.114392661508221e-05,12594,,,,,,,,,,,,,,,,,,
,5.102576921492684e-05,5.102576921492684e-05,12599,,,,,,,,,,,,,,,,,,
,5.090772048251311e-05,5.090772048251311e-05,12604,,,,,,,,,,,,,,,,,,
,5.078978054745128e-05,5.078978054745128e-05,12609,,,,,,,,,,,,,,,,,,
,5.067194953923233e-05,5.067194953923233e-05,12614,,,,,,,,,,,,,,,,,,
,5.0554227587227666e-05,5.0554227587227666e-05,12619,,,,,,,,,,,,,,,,,,
,5.043661482068879e-05,5.043661482068879e-05,12624,,,,,,,,,,,,,,,,,,
,5.0319111368747514e-05,5.0319111368747514e-05,12629,,,,,,,,,,,,,,,,,,
,5.020171736041547e-05,5.020171736041547e-05,12634,,,,,,,,,,,,,,,,,,
,5.008443292458427e-05,5.008443292458427e-05,12639,,,,,,,,,,,,,,,,,,
,4.996725819002518e-05,4.996725819002518e-05,12644,,,,,,,,,,,,,,,,,,
,4.985019328538886e-05,4.985019328538886e-05,12649,,,,,,,,,,,,,,,,,,
,4.973323833920566e-05,4.973323833920566e-05,12654,,,,,,,,,,,,,,,,,,
,4.9616393479885075e-05,4.9616393479885075e-05,12659,,,,,,,,,,,,,,,,,,
,4.949965883571562e-05,4.949965883571562e-05,12664,,,,,,,,,,,,,,,,,,
,4.9383034534864956e-05,4.9383034534864956e-05,12669,,,,,,,,,,,,,,,,,,
,4.926652070537957e-05,4.926652070537957e-05,12674,,,,,,,,,,,,,,,,,,
,4.9150117475184544e-05,4.9150117475184544e-05,12679,,,,,,,,,,,,,,,,,,
,4.9033824972083644e-05,4.9033824972083644e-05,12684,,,,,,,,,,,,,,,,,,
,4.8917643323759084e-05,4.8917643323759084e-05,12689,,,,,,,,,,,,,,,,,,
,4.880157265777123e-05,4.880157265777123e-05,12694,,,,,,,,,,,,,,,,,,
,4.8685613101558704e-05,4.8685613101558704e-05,12699,,,,,,,,,,,,,,,,,,
,4.856976478243813e-05,4.856976478243813e-05,12704,,,,,,,,,,,,,,,,,,
,4.8454027827603984e-05,4.8454027827603984e-05,12709,,,,,,,,,,,,,,,,,,
,4.8338402364128503e-05,4.8338402364128503e-05,12714,,,,,,,,,,,,,,,,,,
,4.82228885189614e-05,4.82228885189614e-05,12719,,,,,,,,,,,,,,,,,,
,4.810748641892994e-05,4.810748641892994e-05,12724,,,,,,,,,,,,,,,,,,
,4.799219619073874e-05,4.799219619073874e-05,12729,,,,,,,,,,,,,,,,,,
,4.7877017960969425e-05,4.7877017960969425e-05,12734,,,,,,,,,,,,,,,,,,
,4.776195185608081e-05,4.776195185608081e-05,12739,,,,,,,,,,,,,,,,,,
,4.764699800240856e-05,4.764699800240856e-05,12744,,,,,,,,,,,,,,,,,,
,4.7532156526164966e-05,4.7532156526164966e-05,12749,,,,,,,,,,,,,,,,,,
,4.741742755343924e-05,4.741742755343924e-05,12754,,,,,,,,,,,,,,,,,,
,4.730281121019671e-05,4.730281121019671e-05,12759,,,,,,,,,,,,,,,,,,
,4.7188307622279296e-05,4.7188307622279296e-05,12764,,,,,,,,,,,,,,,,,,
,4.707391691540506e-05,4.707391691540506e-05,12769,,,,,,,,,,,,,,,,,,
,4.695963921516803e-05,4.695963921516803e-05,12774,,,,,,,,,,,,,,,,,,
,4.6845474647038256e-05,4.6845474647038256e-05,12779,,,,,,,,,,,,,,,,,,
,4.6731423336361636e-05,4.6731423336361636e-05,12784,,,,,,,,,,,,,,,,,,
,4.6617485408359515e-05,4.6617485408359515e-05,12789,,,,,,,,,,,,,,,,,,
,4.6503660988128935e-05,4.6503660988128935e-05,12794,,,,,,,,,,,,,,,,,,
,4.6389950200642296e-05,4.6389950200642296e-05,12799,,,,,,,,,,,,,,,,,,
,4.627635317074703e-05,4.627635317074703e-05,12804,,,,,,,,,,,,,,,,,,
,4.616287002316605e-05,4.616287002316605e-05,12809,,,,,,,,,,,,,,,,,,
,4.604950088249686e-05,4.604950088249686e-05,12814,,,,,,,,,,,,,,,,,,
,4.5936245873211977e-05,4.5936245873211977e-05,12819,,,,,,,,,,,,,,,,,,
,4.582310511965864e-05,4.582310511965864e-05,12824,,,,,,,,,,,,,,,,,,
,4.5710078746058496e-05,4.5710078746058496e-05,12829,,,,,,,,,,,,,,,,,,
,4.559716687650771e-05,4.559716687650771e-05,12834,,,,,,,,,,,,,,,,,,
,4.548436963497679e-05,4.548436963497679e-05,12839,,,,,,,,,,,,,,,,,,
,4.5371687145310185e-05,4.5371687145310185e-05,12844,,,,,,,,,,,,,,,,,,
,4.525911953122653e-05,4.525911953122653e-05,12849,,,,,,,,,,,,,,,,,,
,4.514666691631831e-05,4.514666691631831e-05,12854,,,,,,,,,,,,,,,,,,
,4.503432942405171e-05,4.503432942405171e-05,12859,,,,,,,,,,,,,,,,,,
,4.4922107177766554e-05,4.4922107177766554e-05,12864,,,,,,,,,,,,,,,,,,
,4.481000030067602e-05,4.481000030067602e-05,12869,,,,,,,,,,,,,,,,,,
,4.469800891586678e-05,4.469800891586678e-05,12874,,,,,,,,,,,,,,,,,,
,4.458613314629864e-05,4.458613314629864e-05,12879,,,,,,,,,,,,,,,,,,
,4.4474373114804354e-05,4.4474373114804354e-05,12884,,,,,,,,,,,,,,,,,,
,4.4362728944089795e-05,4.4362728944089795e-05,12889,,,,,,,,,,,,,,,,,,
,4.425120075673353e-05,4.425120075673353e-05,12894,,,,,,,,,,,,,,,,,,
,4.4139788675186714e-05,4.4139788675186714e-05,12899,,,,,,,,,,,,,,,,,,
,4.402849282177317e-05,4.402849282177317e-05,12904,,,,,,,,,,,,,,,,,,
,4.3917313318688993e-05,4.3917313318688993e-05,12909,,,,,,,,,,,,,,,,,,
,4.380625028800262e-05,4.380625028800262e-05,12914,,,,,,,,,,,,,,,,,,
,4.3695303851654586e-05,4.3695303851654586e-05,12919,,,,,,,,,,,,,,,,,,
,4.3584474131457316e-05,4.3584474131457316e-05,12924,,,,,,,,,,,,,,,,,,
,4.34737612490952e-05,4.34737612490952e-05,12929,,,,,,,,,,,,,,,,,,
,4.3363165326124364e-05,4.3363165326124364e-05,12934,,,,,,,,,,,,,,,,,,
,4.3252686483972375e-05,4.3252686483972375e-05,12939,,,,,,,,,,,,,,,,,,
,4.3142324843938384e-05,4.3142324843938384e-05,12944,,,,,,,,,,,,,,,,,,
,4.303208052719288e-05,4.303208052719288e-05,12949,,,,,,,,,,,,,,,,,,
,4.2921953654777385e-05,4.2921953654777385e-05,12954,,,,,,,,,,,,,,,,,,
,4.28119443476046e-05,4.28119443476046e-05,12959,,,,,,,,,,,,,,,,,,
,4.270205272645812e-05,4.270205272645812e-05,12964,,,,,,,,,,,,,,,,,,
,4.259227891199233e-05,4.259227891199233e-05,12969,,,,,,,,,,,,,,,,,,
,4.2482623024732334e-05,4.2482623024732334e-05,12974,,,,,,,,,,,,,,,,,,
,4.2373085185073556e-05,4.2373085185073556e-05,12979,,,,,,,,,,,,,,,,,,
,4.2263665513281994e-05,4.2263665513281994e-05,12984,,,,,,,,,,,,,,,,,,
,4.2154364129493915e-05,4.2154364129493915e-05,12989,,,,,,,,,,,,,,,,,,
,4.204518115371557e-05,4.204518115371557e-05,12994,,,,,,,,,,,,,,,,,,
,4.193611670582332e-05,4.193611670582332e-05,12999,,,,,,,,,,,,,,,,,,
,4.18271709055634e-05,4.18271709055634e-05,13004,,,,,,,,,,,,,,,,,,
,4.1718343872551584e-05,4.1718343872551584e-05,13009,,,,,,,,,,,,,,,,,,
,4.160963572627361e-05,4.160963572627361e-05,13014,,,,,,,,,,,,,,,,,,
,4.1501046586084316e-05,4.1501046586084316e-05,13019,,,,,,,,,,,,,,,,,,
,4.1392576571208095e-05,4.1392576571208095e-05,13024,,,,,,,,,,,,,,,,,,
,4.128422580073851e-05,4.128422580073851e-05,13029,,,,,,,,,,,,,,,,,,
,4.117599439363811e-05,4.117599439363811e-05,13034,,,,,,,,,,,,,,,,,,
,4.10678824687385e-05,4.10678824687385e-05,13039,,,,,,,,,,,,,,,,,,
,4.0959890144740075e-05,4.0959890144740075e-05,13044,,,,,,,,,,,,,,,,,,
,4.085201754021184e-05,4.085201754021184e-05,13049,,,,,,,,,,,,,,,,,,
,4.074426477359147e-05,4.074426477359147e-05,13054,,,,,,,,,,,,,,,,,,
,4.063663196318497e-05,4.063663196318497e-05,13059,,,,,,,,,,,,,,,,,,
,4.052911922716671e-05,4.052911922716671e-05,13064,,,,,,,,,,,,,,,,,,
,4.042172668357924e-05,4.042172668357924e-05,13069,,,,,,,,,,,,,,,,,,
,4.0314454450333e-05,4.0314454450333e-05,13074,,,,,,,,,,,,,,,,,,
,4.020730264520647e-05,4.020730264520647e-05,13079,,,,,,,,,,,,,,,,,,
,4.010027138584596e-05,4.010027138584596e-05,13084,,,,,,,,,,,,,,,,,,
,3.999336078976522e-05,3.999336078976522e-05,13089,,,,,,,,,,,,,,,,,,
,3.988657097434571e-05,3.988657097434571e-05,13094,,,,,,,,,,,,,,,,,,
,3.977990205683623e-05,3.977990205683623e-05,13099,,,,,,,,,,,,,,,,,,
,3.9673354154352774e-05,3.9673354154352774e-05,13104,,,,,,,,,,,,,,,,,,
,3.956692738387853e-05,3.956692738387853e-05,13109,,,,,,,,,,,,,,,,,,
,3.946062186226368e-05,3.946062186226368e-05,13114,,,,,,,,,,,,,,,,,,
,3.93544377062253e-05,3.93544377062253e-05,13119,,,,,,,,,,,,,,,,,,
,3.924837503234723e-05,3.924837503234723e-05,13124,,,,,,,,,,,,,,,,,,
,3.9142433957079797e-05,3.9142433957079797e-05,13129,,,,,,,,,,,,,,,,,,
,3.9036614596739987e-05,3.9036614596739987e-05,13134,,,,,,,,,,,,,,,,,,
,3.8930917067511104e-05,3.8930917067511104e-05,13139,,,,,,,,,,,,,,,,,,
,3.882534148544257e-05,3.882534148544257e-05,13144,,,,,,,,,,,,,,,,,,
,3.871988796645008e-05,3.871988796645008e-05,13149,,,,,,,,,,,,,,,,,,
,3.861455662631529e-05,3.861455662631529e-05,13154,,,,,,,,,,,,,,,,,,
,3.850934758068555e-05,3.850934758068555e-05,13159,,,,,,,,,,,,,,,,,,
,3.840426094507411e-05,3.840426094507411e-05,13164,,,,,,,,,,,,,,,,,,
,3.829929683485976e-05,3.829929683485976e-05,13169,,,,,,,,,,,,,,,,,,
,3.819445536528679e-05,3.819445536528679e-05,13174,,,,,,,,,,,,,,,,,,
,3.808973665146484e-05,3.808973665146484e-05,13179,,,,,,,,,,,,,,,,,,
,3.798514080836866e-05,3.798514080836866e-05,13184,,,,,,,,,,,,,,,,,,
18,,,13185,,,,,,,,,,,,,,12.449652671813965,8.901041030883789,1.7466516494750977,0.29805174469947815,0.311702162027359
18,,,13185,0.7905954718589783,0.2980382740497589,0.3845572769641876,0.7901536822319031,2.1590681076049805,0.5137354731559753,1.2613873481750488,0.06273337453603745,0.6066591143608093,0.07027655094861984,2.0473458766937256,1.765576958656311,0.6259651184082031,,,,,
,3.7880667950838225e-05,3.7880667950838225e-05,13189,,,,,,,,,,,,,,,,,,
,3.777631819357849e-05,3.777631819357849e-05,13194,,,,,,,,,,,,,,,,,,
,3.76720916511591e-05,3.76720916511591e-05,13199,,,,,,,,,,,,,,,,,,
,3.756798843801459e-05,3.756798843801459e-05,13204,,,,,,,,,,,,,,,,,,
,3.746400866844402e-05,3.746400866844402e-05,13209,,,,,,,,,,,,,,,,,,
,3.7360152456610814e-05,3.7360152456610814e-05,13214,,,,,,,,,,,,,,,,,,
,3.7256419916543e-05,3.7256419916543e-05,13219,,,,,,,,,,,,,,,,,,
,3.715281116213251e-05,3.715281116213251e-05,13224,,,,,,,,,,,,,,,,,,
,3.7049326307135565e-05,3.7049326307135565e-05,13229,,,,,,,,,,,,,,,,,,
,3.694596546517237e-05,3.694596546517237e-05,13234,,,,,,,,,,,,,,,,,,
,3.684272874972676e-05,3.684272874972676e-05,13239,,,,,,,,,,,,,,,,,,
,3.673961627414652e-05,3.673961627414652e-05,13244,,,,,,,,,,,,,,,,,,
,3.6636628151642964e-05,3.6636628151642964e-05,13249,,,,,,,,,,,,,,,,,,
,3.6533764495290746e-05,3.6533764495290746e-05,13254,,,,,,,,,,,,,,,,,,
,3.643102541802802e-05,3.643102541802802e-05,13259,,,,,,,,,,,,,,,,,,
,3.632841103265609e-05,3.632841103265609e-05,13264,,,,,,,,,,,,,,,,,,
,3.6225921451839384e-05,3.6225921451839384e-05,13269,,,,,,,,,,,,,,,,,,
,3.6123556788105326e-05,3.6123556788105326e-05,13274,,,,,,,,,,,,,,,,,,
,3.602131715384404e-05,3.602131715384404e-05,13279,,,,,,,,,,,,,,,,,,
,3.591920266130855e-05,3.591920266130855e-05,13284,,,,,,,,,,,,,,,,,,
,3.581721342261445e-05,3.581721342261445e-05,13289,,,,,,,,,,,,,,,,,,
,3.57153495497397e-05,3.57153495497397e-05,13294,,,,,,,,,,,,,,,,,,
,3.561361115452471e-05,3.561361115452471e-05,13299,,,,,,,,,,,,,,,,,,
,3.5511998348672205e-05,3.5511998348672205e-05,13304,,,,,,,,,,,,,,,,,,
,3.541051124374678e-05,3.541051124374678e-05,13309,,,,,,,,,,,,,,,,,,
,3.530914995117524e-05,3.530914995117524e-05,13314,,,,,,,,,,,,,,,,,,
,3.520791458224617e-05,3.520791458224617e-05,13319,,,,,,,,,,,,,,,,,,
,3.510680524810989e-05,3.510680524810989e-05,13324,,,,,,,,,,,,,,,,,,
,3.500582205977837e-05,3.500582205977837e-05,13329,,,,,,,,,,,,,,,,,,
,3.4904965128125114e-05,3.4904965128125114e-05,13334,,,,,,,,,,,,,,,,,,
,3.4804234563884837e-05,3.4804234563884837e-05,13339,,,,,,,,,,,,,,,,,,
,3.470363047765376e-05,3.470363047765376e-05,13344,,,,,,,,,,,,,,,,,,
,3.460315297988899e-05,3.460315297988899e-05,13349,,,,,,,,,,,,,,,,,,
,3.4502802180908826e-05,3.4502802180908826e-05,13354,,,,,,,,,,,,,,,,,,
,3.4402578190892435e-05,3.4402578190892435e-05,13359,,,,,,,,,,,,,,,,,,
,3.430248111987962e-05,3.430248111987962e-05,13364,,,,,,,,,,,,,,,,,,
,3.420251107777095e-05,3.420251107777095e-05,13369,,,,,,,,,,,,,,,,,,
,3.4102668174327634e-05,3.4102668174327634e-05,13374,,,,,,,,,,,,,,,,,,
,3.400295251917103e-05,3.400295251917103e-05,13379,,,,,,,,,,,,,,,,,,
,3.3903364221782966e-05,3.3903364221782966e-05,13384,,,,,,,,,,,,,,,,,,
,3.380390339150543e-05,3.380390339150543e-05,13389,,,,,,,,,,,,,,,,,,
,3.3704570137540336e-05,3.3704570137540336e-05,13394,,,,,,,,,,,,,,,,,,
,3.36053645689497e-05,3.36053645689497e-05,13399,,,,,,,,,,,,,,,,,,
,3.3506286794655184e-05,3.3506286794655184e-05,13404,,,,,,,,,,,,,,,,,,
,3.3407336923438226e-05,3.3407336923438226e-05,13409,,,,,,,,,,,,,,,,,,
,3.33085150639399e-05,3.33085150639399e-05,13414,,,,,,,,,,,,,,,,,,
,3.32098213246605e-05,3.32098213246605e-05,13419,,,,,,,,,,,,,,,,,,
,3.3111255813959935e-05,3.3111255813959935e-05,13424,,,,,,,,,,,,,,,,,,
,3.3012818640057214e-05,3.3012818640057214e-05,13429,,,,,,,,,,,,,,,,,,
,3.2914509911030314e-05,3.2914509911030314e-05,13434,,,,,,,,,,,,,,,,,,
,3.2816329734816354e-05,3.2816329734816354e-05,13439,,,,,,,,,,,,,,,,,,
,3.2718278219211295e-05,3.2718278219211295e-05,13444,,,,,,,,,,,,,,,,,,
,3.262035547186969e-05,3.262035547186969e-05,13449,,,,,,,,,,,,,,,,,,
,3.252256160030489e-05,3.252256160030489e-05,13454,,,,,,,,,,,,,,,,,,
,3.2424896711888675e-05,3.2424896711888675e-05,13459,,,,,,,,,,,,,,,,,,
,3.232736091385117e-05,3.232736091385117e-05,13464,,,,,,,,,,,,,,,,,,
,3.222995431328084e-05,3.222995431328084e-05,13469,,,,,,,,,,,,,,,,,,
,3.213267701712416e-05,3.213267701712416e-05,13474,,,,,,,,,,,,,,,,,,
,3.203552913218588e-05,3.203552913218588e-05,13479,,,,,,,,,,,,,,,,,,
,3.193851076512851e-05,3.193851076512851e-05,13484,,,,,,,,,,,,,,,,,,
,3.1841622022472255e-05,3.1841622022472255e-05,13489,,,,,,,,,,,,,,,,,,
,3.174486301059521e-05,3.174486301059521e-05,13494,,,,,,,,,,,,,,,,,,
,3.1648233835732975e-05,3.1648233835732975e-05,13499,,,,,,,,,,,,,,,,,,
,3.155173460397844e-05,3.155173460397844e-05,13504,,,,,,,,,,,,,,,,,,
,3.1455365421282016e-05,3.1455365421282016e-05,13509,,,,,,,,,,,,,,,,,,
,3.1359126393451304e-05,3.1359126393451304e-05,13514,,,,,,,,,,,,,,,,,,
,3.126301762615086e-05,3.126301762615086e-05,13519,,,,,,,,,,,,,,,,,,
,3.116703922490237e-05,3.116703922490237e-05,13524,,,,,,,,,,,,,,,,,,
,3.1071191295084334e-05,3.1071191295084334e-05,13529,,,,,,,,,,,,,,,,,,
,3.0975473941932e-05,3.0975473941932e-05,13534,,,,,,,,,,,,,,,,,,
,3.0879887270537295e-05,3.0879887270537295e-05,13539,,,,,,,,,,,,,,,,,,
,3.0784431385848554e-05,3.0784431385848554e-05,13544,,,,,,,,,,,,,,,,,,
,3.068910639267062e-05,3.068910639267062e-05,13549,,,,,,,,,,,,,,,,,,
,3.059391239566462e-05,3.059391239566462e-05,13554,,,,,,,,,,,,,,,,,,
,3.0498849499347756e-05,3.0498849499347756e-05,13559,,,,,,,,,,,,,,,,,,
,3.0403917808093408e-05,3.0403917808093408e-05,13564,,,,,,,,,,,,,,,,,,
,3.030911742613087e-05,3.030911742613087e-05,13569,,,,,,,,,,,,,,,,,,
,3.021444845754516e-05,3.021444845754516e-05,13574,,,,,,,,,,,,,,,,,,
,3.0119911006277235e-05,3.0119911006277235e-05,13579,,,,,,,,,,,,,,,,,,
,3.002550517612342e-05,3.002550517612342e-05,13584,,,,,,,,,,,,,,,,,,
,2.993123107073565e-05,2.993123107073565e-05,13589,,,,,,,,,,,,,,,,,,
,2.9837088793621262e-05,2.9837088793621262e-05,13594,,,,,,,,,,,,,,,,,,
,2.974307844814272e-05,2.974307844814272e-05,13599,,,,,,,,,,,,,,,,,,
,2.9649200137517765e-05,2.9649200137517765e-05,13604,,,,,,,,,,,,,,,,,,
,2.955545396481916e-05,2.955545396481916e-05,13609,,,,,,,,,,,,,,,,,,
,2.946184003297447e-05,2.946184003297447e-05,13614,,,,,,,,,,,,,,,,,,
,2.93683584447662e-05,2.93683584447662e-05,13619,,,,,,,,,,,,,,,,,,
,2.9275009302831492e-05,2.9275009302831492e-05,13624,,,,,,,,,,,,,,,,,,
,2.91817927096621e-05,2.91817927096621e-05,13629,,,,,,,,,,,,,,,,,,
,2.9088708767604235e-05,2.9088708767604235e-05,13634,,,,,,,,,,,,,,,,,,
,2.899575757885838e-05,2.899575757885838e-05,13639,,,,,,,,,,,,,,,,,,
,2.890293924547942e-05,2.890293924547942e-05,13644,,,,,,,,,,,,,,,,,,
,2.8810253869376276e-05,2.8810253869376276e-05,13649,,,,,,,,,,,,,,,,,,
,2.8717701552311872e-05,2.8717701552311872e-05,13654,,,,,,,,,,,,,,,,,,
,2.8625282395903087e-05,2.8625282395903087e-05,13659,,,,,,,,,,,,,,,,,,
,2.8532996501620635e-05,2.8532996501620635e-05,13664,,,,,,,,,,,,,,,,,,
,2.8440843970788786e-05,2.8440843970788786e-05,13669,,,,,,,,,,,,,,,,,,
,2.8348824904585517e-05,2.8348824904585517e-05,13674,,,,,,,,,,,,,,,,,,
,2.8256939404042194e-05,2.8256939404042194e-05,13679,,,,,,,,,,,,,,,,,,
,2.8165187570043572e-05,2.8165187570043572e-05,13684,,,,,,,,,,,,,,,,,,
,2.8073569503327686e-05,2.8073569503327686e-05,13689,,,,,,,,,,,,,,,,,,
,2.798208530448557e-05,2.798208530448557e-05,13694,,,,,,,,,,,,,,,,,,
,2.789073507396139e-05,2.789073507396139e-05,13699,,,,,,,,,,,,,,,,,,
,2.7799518912052253e-05,2.7799518912052253e-05,13704,,,,,,,,,,,,,,,,,,
,2.77084369189079e-05,2.77084369189079e-05,13709,,,,,,,,,,,,,,,,,,
,2.7617489194530933e-05,2.7617489194530933e-05,13714,,,,,,,,,,,,,,,,,,
,2.7526675838776514e-05,2.7526675838776514e-05,13719,,,,,,,,,,,,,,,,,,
,2.7435996951352145e-05,2.7435996951352145e-05,13724,,,,,,,,,,,,,,,,,,
,2.7345452631817826e-05,2.7345452631817826e-05,13729,,,,,,,,,,,,,,,,,,
,2.725504297958575e-05,2.725504297958575e-05,13734,,,,,,,,,,,,,,,,,,
,2.7164768093920298e-05,2.7164768093920298e-05,13739,,,,,,,,,,,,,,,,,,
,2.7074628073937865e-05,2.7074628073937865e-05,13744,,,,,,,,,,,,,,,,,,
,2.6984623018606704e-05,2.6984623018606704e-05,13749,,,,,,,,,,,,,,,,,,
,2.689475302674697e-05,2.689475302674697e-05,13754,,,,,,,,,,,,,,,,,,
,2.6805018197030527e-05,2.6805018197030527e-05,13759,,,,,,,,,,,,,,,,,,
,2.671541862798075e-05,2.671541862798075e-05,13764,,,,,,,,,,,,,,,,,,
,2.6625954417972616e-05,2.6625954417972616e-05,13769,,,,,,,,,,,,,,,,,,
,2.6536625665232437e-05,2.6536625665232437e-05,13774,,,,,,,,,,,,,,,,,,
,2.6447432467837738e-05,2.6447432467837738e-05,13779,,,,,,,,,,,,,,,,,,
,2.6358374923717368e-05,2.6358374923717368e-05,13784,,,,,,,,,,,,,,,,,,
,2.626945313065108e-05,2.626945313065108e-05,13789,,,,,,,,,,,,,,,,,,
,2.618066718626966e-05,2.618066718626966e-05,13794,,,,,,,,,,,,,,,,,,
,2.6092017188054765e-05,2.6092017188054765e-05,13799,,,,,,,,,,,,,,,,,,
,2.6003503233338686e-05,2.6003503233338686e-05,13804,,,,,,,,,,,,,,,,,,
,2.5915125419304433e-05,2.5915125419304433e-05,13809,,,,,,,,,,,,,,,,,,
,2.5826883842985575e-05,2.5826883842985575e-05,13814,,,,,,,,,,,,,,,,,,
,2.5738778601265943e-05,2.5738778601265943e-05,13819,,,,,,,,,,,,,,,,,,
,2.5650809790879857e-05,2.5650809790879857e-05,13824,,,,,,,,,,,,,,,,,,
,2.5562977508411777e-05,2.5562977508411777e-05,13829,,,,,,,,,,,,,,,,,,
,2.547528185029616e-05,2.547528185029616e-05,13834,,,,,,,,,,,,,,,,,,
,2.5387722912817705e-05,2.5387722912817705e-05,13839,,,,,,,,,,,,,,,,,,
,2.5300300792110744e-05,2.5300300792110744e-05,13844,,,,,,,,,,,,,,,,,,
,2.5213015584159503e-05,2.5213015584159503e-05,13849,,,,,,,,,,,,,,,,,,
,2.512586738479795e-05,2.512586738479795e-05,13854,,,,,,,,,,,,,,,,,,
,2.503885628970948e-05,2.503885628970948e-05,13859,,,,,,,,,,,,,,,,,,
,2.4951982394427043e-05,2.4951982394427043e-05,13864,,,,,,,,,,,,,,,,,,
,2.486524579433301e-05,2.486524579433301e-05,13869,,,,,,,,,,,,,,,,,,
,2.477864658465885e-05,2.477864658465885e-05,13874,,,,,,,,,,,,,,,,,,
,2.4692184860485325e-05,2.4692184860485325e-05,13879,,,,,,,,,,,,,,,,,,
19,,,13879,,,,,,,,,,,,,,13.29960823059082,9.706331253051758,1.7611207962036133,0.3033621311187744,0.3153488337993622
19,,,13879,0.7924523949623108,0.30550941824913025,0.39290374517440796,0.794581413269043,2.1140382289886475,0.5021501183509827,1.244938611984253,0.05981936678290367,0.6022348403930664,0.06785339117050171,2.0223608016967773,1.7404721975326538,0.6146857142448425,,,,,
,2.46058607167422e-05,2.46058607167422e-05,13884,,,,,,,,,,,,,,,,,,
,2.4519674248208156e-05,2.4519674248208156e-05,13889,,,,,,,,,,,,,,,,,,
,2.44336255495108e-05,2.44336255495108e-05,13894,,,,,,,,,,,,,,,,,,
,2.4347714715126342e-05,2.4347714715126342e-05,13899,,,,,,,,,,,,,,,,,,
,2.426194183937975e-05,2.426194183937975e-05,13904,,,,,,,,,,,,,,,,,,
,2.417630701644449e-05,2.417630701644449e-05,13909,,,,,,,,,,,,,,,,,,
,2.409081034034237e-05,2.409081034034237e-05,13914,,,,,,,,,,,,,,,,,,
,2.4005451904943633e-05,2.4005451904943633e-05,13919,,,,,,,,,,,,,,,,,,
,2.3920231803966733e-05,2.3920231803966733e-05,13924,,,,,,,,,,,,,,,,,,
,2.383515013097812e-05,2.383515013097812e-05,13929,,,,,,,,,,,,,,,,,,
,2.3750206979392387e-05,2.3750206979392387e-05,13934,,,,,,,,,,,,,,,,,,
,2.3665402442472005e-05,2.3665402442472005e-05,13939,,,,,,,,,,,,,,,,,,
,2.358073661332725e-05,2.358073661332725e-05,13944,,,,,,,,,,,,,,,,,,
,2.3496209584916103e-05,2.3496209584916103e-05,13949,,,,,,,,,,,,,,,,,,
,2.341182145004411e-05,2.341182145004411e-05,13954,,,,,,,,,,,,,,,,,,
,2.332757230136439e-05,2.332757230136439e-05,13959,,,,,,,,,,,,,,,,,,
,2.3243462231377446e-05,2.3243462231377446e-05,13964,,,,,,,,,,,,,,,,,,
,2.315949133243103e-05,2.315949133243103e-05,13969,,,,,,,,,,,,,,,,,,
,2.307565969672012e-05,2.307565969672012e-05,13974,,,,,,,,,,,,,,,,,,
,2.2991967416286867e-05,2.2991967416286867e-05,13979,,,,,,,,,,,,,,,,,,
,2.290841458302029e-05,2.290841458302029e-05,13984,,,,,,,,,,,,,,,,,,
,2.2825001288656365e-05,2.2825001288656365e-05,13989,,,,,,,,,,,,,,,,,,
,2.2741727624777895e-05,2.2741727624777895e-05,13994,,,,,,,,,,,,,,,,,,
,2.265859368281433e-05,2.265859368281433e-05,13999,,,,,,,,,,,,,,,,,,
,2.2575599554041772e-05,2.2575599554041772e-05,14004,,,,,,,,,,,,,,,,,,
,2.2492745329582684e-05,2.2492745329582684e-05,14009,,,,,,,,,,,,,,,,,,
,2.2410031100406078e-05,2.2410031100406078e-05,14014,,,,,,,,,,,,,,,,,,
,2.232745695732721e-05,2.232745695732721e-05,14019,,,,,,,,,,,,,,,,,,
,2.2245022991007445e-05,2.2245022991007445e-05,14024,,,,,,,,,,,,,,,,,,
,2.2162729291954347e-05,2.2162729291954347e-05,14029,,,,,,,,,,,,,,,,,,
,2.2080575950521456e-05,2.2080575950521456e-05,14034,,,,,,,,,,,,,,,,,,
,2.1998563056908124e-05,2.1998563056908124e-05,14039,,,,,,,,,,,,,,,,,,
,2.1916690701159673e-05,2.1916690701159673e-05,14044,,,,,,,,,,,,,,,,,,
,2.1834958973166926e-05,2.1834958973166926e-05,14049,,,,,,,,,,,,,,,,,,
,2.175336796266644e-05,2.175336796266644e-05,14054,,,,,,,,,,,,,,,,,,
,2.1671917759240237e-05,2.1671917759240237e-05,14059,,,,,,,,,,,,,,,,,,
,2.1590608452315683e-05,2.1590608452315683e-05,14064,,,,,,,,,,,,,,,,,,
,2.150944013116552e-05,2.150944013116552e-05,14069,,,,,,,,,,,,,,,,,,
,2.142841288490772e-05,2.142841288490772e-05,14074,,,,,,,,,,,,,,,,,,
,2.1347526802505245e-05,2.1347526802505245e-05,14079,,,,,,,,,,,,,,,,,,
,2.126678197276615e-05,2.126678197276615e-05,14084,,,,,,,,,,,,,,,,,,
,2.118617848434344e-05,2.118617848434344e-05,14089,,,,,,,,,,,,,,,,,,
,2.1105716425734843e-05,2.1105716425734843e-05,14094,,,,,,,,,,,,,,,,,,
,2.102539588528292e-05,2.102539588528292e-05,14099,,,,,,,,,,,,,,,,,,
,2.0945216951174697e-05,2.0945216951174697e-05,14104,,,,,,,,,,,,,,,,,,
,2.086517971144184e-05,2.086517971144184e-05,14109,,,,,,,,,,,,,,,,,,
,2.0785284253960476e-05,2.0785284253960476e-05,14114,,,,,,,,,,,,,,,,,,
,2.0705530666450916e-05,2.0705530666450916e-05,14119,,,,,,,,,,,,,,,,,,
,2.0625919036477813e-05,2.0625919036477813e-05,14124,,,,,,,,,,,,,,,,,,
,2.0546449451450015e-05,2.0546449451450015e-05,14129,,,,,,,,,,,,,,,,,,
,2.0467121998620227e-05,2.0467121998620227e-05,14134,,,,,,,,,,,,,,,,,,
,2.0387936765085234e-05,2.0387936765085234e-05,14139,,,,,,,,,,,,,,,,,,
,2.0308893837785752e-05,2.0308893837785752e-05,14144,,,,,,,,,,,,,,,,,,
,2.0229993303506042e-05,2.0229993303506042e-05,14149,,,,,,,,,,,,,,,,,,
,2.015123524887418e-05,2.015123524887418e-05,14154,,,,,,,,,,,,,,,,,,
,2.0072619760361812e-05,2.0072619760361812e-05,14159,,,,,,,,,,,,,,,,,,
,1.9994146924283895e-05,1.9994146924283895e-05,14164,,,,,,,,,,,,,,,,,,
,1.9915816826798987e-05,1.9915816826798987e-05,14169,,,,,,,,,,,,,,,,,,
,1.983762955390873e-05,1.983762955390873e-05,14174,,,,,,,,,,,,,,,,,,
,1.9759585191458054e-05,1.9759585191458054e-05,14179,,,,,,,,,,,,,,,,,,
,1.9681683825135037e-05,1.9681683825135037e-05,14184,,,,,,,,,,,,,,,,,,
,1.9603925540470587e-05,1.9603925540470587e-05,14189,,,,,,,,,,,,,,,,,,
,1.9526310422838638e-05,1.9526310422838638e-05,14194,,,,,,,,,,,,,,,,,,
,1.944883855745598e-05,1.944883855745598e-05,14199,,,,,,,,,,,,,,,,,,
,1.9371510029381997e-05,1.9371510029381997e-05,14204,,,,,,,,,,,,,,,,,,
,1.9294324923518757e-05,1.9294324923518757e-05,14209,,,,,,,,,,,,,,,,,,
,1.92172833246109e-05,1.92172833246109e-05,14214,,,,,,,,,,,,,,,,,,
,1.9140385317245382e-05,1.9140385317245382e-05,14219,,,,,,,,,,,,,,,,,,
,1.9063630985851653e-05,1.9063630985851653e-05,14224,,,,,,,,,,,,,,,,,,
,1.898702041470128e-05,1.898702041470128e-05,14229,,,,,,,,,,,,,,,,,,
,1.8910553687908087e-05,1.8910553687908087e-05,14234,,,,,,,,,,,,,,,,,,
,1.8834230889427958e-05,1.8834230889427958e-05,14239,,,,,,,,,,,,,,,,,,
,1.8758052103058652e-05,1.8758052103058652e-05,14244,,,,,,,,,,,,,,,,,,
,1.8682017412439944e-05,1.8682017412439944e-05,14249,,,,,,,,,,,,,,,,,,
,1.8606126901053387e-05,1.8606126901053387e-05,14254,,,,,,,,,,,,,,,,,,
,1.853038065222208e-05,1.853038065222208e-05,14259,,,,,,,,,,,,,,,,,,
,1.8454778749110922e-05,1.8454778749110922e-05,14264,,,,,,,,,,,,,,,,,,
,1.837932127472624e-05,1.837932127472624e-05,14269,,,,,,,,,,,,,,,,,,
,1.830400831191573e-05,1.830400831191573e-05,14274,,,,,,,,,,,,,,,,,,
,1.822883994336855e-05,1.822883994336855e-05,14279,,,,,,,,,,,,,,,,,,
,1.815381625161505e-05,1.815381625161505e-05,14284,,,,,,,,,,,,,,,,,,
,1.8078937319026654e-05,1.8078937319026654e-05,14289,,,,,,,,,,,,,,,,,,
,1.800420322781595e-05,1.800420322781595e-05,14294,,,,,,,,,,,,,,,,,,
,1.7929614060036503e-05,1.7929614060036503e-05,14299,,,,,,,,,,,,,,,,,,
,1.7855169897582667e-05,1.7855169897582667e-05,14304,,,,,,,,,,,,,,,,,,
,1.778087082218973e-05,1.778087082218973e-05,14309,,,,,,,,,,,,,,,,,,
,1.7706716915433505e-05,1.7706716915433505e-05,14314,,,,,,,,,,,,,,,,,,
,1.763270825873055e-05,1.763270825873055e-05,14319,,,,,,,,,,,,,,,,,,
,1.7558844933337946e-05,1.7558844933337946e-05,14324,,,,,,,,,,,,,,,,,,
,1.7485127020353125e-05,1.7485127020353125e-05,14329,,,,,,,,,,,,,,,,,,
,1.7411554600713905e-05,1.7411554600713905e-05,14334,,,,,,,,,,,,,,,,,,
,1.7338127755198445e-05,1.7338127755198445e-05,14339,,,,,,,,,,,,,,,,,,
,1.7264846564424918e-05,1.7264846564424918e-05,14344,,,,,,,,,,,,,,,,,,
,1.719171110885168e-05,1.719171110885168e-05,14349,,,,,,,,,,,,,,,,,,
,1.711872146877707e-05,1.711872146877707e-05,14354,,,,,,,,,,,,,,,,,,
,1.704587772433928e-05,1.704587772433928e-05,14359,,,,,,,,,,,,,,,,,,
,1.697317995551642e-05,1.697317995551642e-05,14364,,,,,,,,,,,,,,,,,,
,1.690062824212619e-05,1.690062824212619e-05,14369,,,,,,,,,,,,,,,,,,
,1.6828222663826026e-05,1.6828222663826026e-05,14374,,,,,,,,,,,,,,,,,,
,1.6755963300112913e-05,1.6755963300112913e-05,14379,,,,,,,,,,,,,,,,,,
,1.6683850230323225e-05,1.6683850230323225e-05,14384,,,,,,,,,,,,,,,,,,
,1.6611883533632796e-05,1.6611883533632796e-05,14389,,,,,,,,,,,,,,,,,,
,1.6540063289056756e-05,1.6540063289056756e-05,14394,,,,,,,,,,,,,,,,,,
,1.6468389575449305e-05,1.6468389575449305e-05,14399,,,,,,,,,,,,,,,,,,
,1.6396862471503995e-05,1.6396862471503995e-05,14404,,,,,,,,,,,,,,,,,,
,1.6325482055753198e-05,1.6325482055753198e-05,14409,,,,,,,,,,,,,,,,,,
,1.62542484065683e-05,1.62542484065683e-05,14414,,,,,,,,,,,,,,,,,,
,1.6183161602159623e-05,1.6183161602159623e-05,14419,,,,,,,,,,,,,,,,,,
,1.61122217205761e-05,1.61122217205761e-05,14424,,,,,,,,,,,,,,,,,,
,1.6041428839705518e-05,1.6041428839705518e-05,14429,,,,,,,,,,,,,,,,,,
,1.5970783037274193e-05,1.5970783037274193e-05,14434,,,,,,,,,,,,,,,,,,
,1.59002843908469e-05,1.59002843908469e-05,14439,,,,,,,,,,,,,,,,,,
,1.582993297782696e-05,1.582993297782696e-05,14444,,,,,,,,,,,,,,,,,,
,1.5759728875455962e-05,1.5759728875455962e-05,14449,,,,,,,,,,,,,,,,,,
,1.568967216081379e-05,1.568967216081379e-05,14454,,,,,,,,,,,,,,,,,,
,1.561976291081852e-05,1.561976291081852e-05,14459,,,,,,,,,,,,,,,,,,
,1.5550001202226238e-05,1.5550001202226238e-05,14464,,,,,,,,,,,,,,,,,,
,1.5480387111631126e-05,1.5480387111631126e-05,14469,,,,,,,,,,,,,,,,,,
,1.5410920715465285e-05,1.5410920715465285e-05,14474,,,,,,,,,,,,,,,,,,
,1.534160208999859e-05,1.534160208999859e-05,14479,,,,,,,,,,,,,,,,,,
,1.5272431311338738e-05,1.5272431311338738e-05,14484,,,,,,,,,,,,,,,,,,
,1.5203408455431087e-05,1.5203408455431087e-05,14489,,,,,,,,,,,,,,,,,,
,1.513453359805853e-05,1.513453359805853e-05,14494,,,,,,,,,,,,,,,,,,
,1.5065806814841542e-05,1.5065806814841542e-05,14499,,,,,,,,,,,,,,,,,,
,1.4997228181237997e-05,1.4997228181237997e-05,14504,,,,,,,,,,,,,,,,,,
,1.4928797772543083e-05,1.4928797772543083e-05,14509,,,,,,,,,,,,,,,,,,
,1.48605156638893e-05,1.48605156638893e-05,14514,,,,,,,,,,,,,,,,,,
,1.4792381930246227e-05,1.4792381930246227e-05,14519,,,,,,,,,,,,,,,,,,
,1.4724396646420644e-05,1.4724396646420644e-05,14524,,,,,,,,,,,,,,,,,,
,1.4656559887056324e-05,1.4656559887056324e-05,14529,,,,,,,,,,,,,,,,,,
,1.4588871726633855e-05,1.4588871726633855e-05,14534,,,,,,,,,,,,,,,,,,
,1.4521332239470822e-05,1.4521332239470822e-05,14539,,,,,,,,,,,,,,,,,,
,1.4453941499721512e-05,1.4453941499721512e-05,14544,,,,,,,,,,,,,,,,,,
,1.4386699581376865e-05,1.4386699581376865e-05,14549,,,,,,,,,,,,,,,,,,
,1.4319606558264463e-05,1.4319606558264463e-05,14554,,,,,,,,,,,,,,,,,,
,1.4252662504048412e-05,1.4252662504048412e-05,14559,,,,,,,,,,,,,,,,,,
,1.4185867492229252e-05,1.4185867492229252e-05,14564,,,,,,,,,,,,,,,,,,
,1.4119221596143904e-05,1.4119221596143904e-05,14569,,,,,,,,,,,,,,,,,,
20,,,14573,,,,,,,,,,,,,,13.687273025512695,10.026065826416016,1.8505250215530396,0.2991372048854828,0.3150020241737366
20,,,14573,0.7946271300315857,0.31174448132514954,0.3973689377307892,0.7972441911697388,2.076378583908081,0.4910758137702942,1.2319388389587402,0.05747508257627487,0.5963747501373291,0.06598779559135437,2.0013587474823,1.7243000268936157,0.6057223677635193,,,,,
,1.40527248889655e-05,1.40527248889655e-05,14574,,,,,,,,,,,,,,,,,,
,1.3986377443703423e-05,1.3986377443703423e-05,14579,,,,,,,,,,,,,,,,,,
,1.3920179333203219e-05,1.3920179333203219e-05,14584,,,,,,,,,,,,,,,,,,
,1.3854130630146365e-05,1.3854130630146365e-05,14589,,,,,,,,,,,,,,,,,,
,1.3788231407050388e-05,1.3788231407050388e-05,14594,,,,,,,,,,,,,,,,,,
,1.3722481736268676e-05,1.3722481736268676e-05,14599,,,,,,,,,,,,,,,,,,
,1.3656881689990351e-05,1.3656881689990351e-05,14604,,,,,,,,,,,,,,,,,,
,1.3591431340240383e-05,1.3591431340240383e-05,14609,,,,,,,,,,,,,,,,,,
,1.3526130758879255e-05,1.3526130758879255e-05,14614,,,,,,,,,,,,,,,,,,
,1.3460980017603102e-05,1.3460980017603102e-05,14619,,,,,,,,,,,,,,,,,,
,1.3395979187943517e-05,1.3395979187943517e-05,14624,,,,,,,,,,,,,,,,,,
,1.3331128341267467e-05,1.3331128341267467e-05,14629,,,,,,,,,,,,,,,,,,
,1.3266427548777276e-05,1.3266427548777276e-05,14634,,,,,,,,,,,,,,,,,,
,1.3201876881510553e-05,1.3201876881510553e-05,14639,,,,,,,,,,,,,,,,,,
,1.3137476410339992e-05,1.3137476410339992e-05,14644,,,,,,,,,,,,,,,,,,
,1.3073226205973447e-05,1.3073226205973447e-05,14649,,,,,,,,,,,,,,,,,,
,1.300912633895379e-05,1.300912633895379e-05,14654,,,,,,,,,,,,,,,,,,
,1.2945176879658792e-05,1.2945176879658792e-05,14659,,,,,,,,,,,,,,,,,,
,1.2881377898301138e-05,1.2881377898301138e-05,14664,,,,,,,,,,,,,,,,,,
,1.2817729464928211e-05,1.2817729464928211e-05,14669,,,,,,,,,,,,,,,,,,
,1.275423164942218e-05,1.275423164942218e-05,14674,,,,,,,,,,,,,,,,,,
,1.2690884521499861e-05,1.2690884521499861e-05,14679,,,,,,,,,,,,,,,,,,
,1.2627688150712533e-05,1.2627688150712533e-05,14684,,,,,,,,,,,,,,,,,,
,1.2564642606445996e-05,1.2564642606445996e-05,14689,,,,,,,,,,,,,,,,,,
,1.250174795792051e-05,1.250174795792051e-05,14694,,,,,,,,,,,,,,,,,,
,1.2439004274190555e-05,1.2439004274190555e-05,14699,,,,,,,,,,,,,,,,,,
,1.2376411624144944e-05,1.2376411624144944e-05,14704,,,,,,,,,,,,,,,,,,
,1.2313970076506635e-05,1.2313970076506635e-05,14709,,,,,,,,,,,,,,,,,,
,1.2251679699832672e-05,1.2251679699832672e-05,14714,,,,,,,,,,,,,,,,,,
,1.2189540562514165e-05,1.2189540562514165e-05,14719,,,,,,,,,,,,,,,,,,
,1.2127552732776108e-05,1.2127552732776108e-05,14724,,,,,,,,,,,,,,,,,,
,1.2065716278677406e-05,1.2065716278677406e-05,14729,,,,,,,,,,,,,,,,,,
,1.2004031268110804e-05,1.2004031268110804e-05,14734,,,,,,,,,,,,,,,,,,
,1.1942497768802656e-05,1.1942497768802656e-05,14739,,,,,,,,,,,,,,,,,,
,1.1881115848313088e-05,1.1881115848313088e-05,14744,,,,,,,,,,,,,,,,,,
,1.1819885574035742e-05,1.1819885574035742e-05,14749,,,,,,,,,,,,,,,,,,
,1.1758807013197757e-05,1.1758807013197757e-05,14754,,,,,,,,,,,,,,,,,,
,1.1697880232859692e-05,1.1697880232859692e-05,14759,,,,,,,,,,,,,,,,,,
,1.1637105299915516e-05,1.1637105299915516e-05,14764,,,,,,,,,,,,,,,,,,
,1.1576482281092441e-05,1.1576482281092441e-05,14769,,,,,,,,,,,,,,,,,,
,1.1516011242950907e-05,1.1516011242950907e-05,14774,,,,,,,,,,,,,,,,,,
,1.1455692251884418e-05,1.1455692251884418e-05,14779,,,,,,,,,,,,,,,,,,
,1.139552537411962e-05,1.139552537411962e-05,14784,,,,,,,,,,,,,,,,,,
,1.133551067571613e-05,1.133551067571613e-05,14789,,,,,,,,,,,,,,,,,,
,1.127564822256643e-05,1.127564822256643e-05,14794,,,,,,,,,,,,,,,,,,
,1.1215938080395925e-05,1.1215938080395925e-05,14799,,,,,,,,,,,,,,,,,,
,1.1156380314762775e-05,1.1156380314762775e-05,14804,,,,,,,,,,,,,,,,,,
,1.1096974991057721e-05,1.1096974991057721e-05,14809,,,,,,,,,,,,,,,,,,
,1.1037722174504343e-05,1.1037722174504343e-05,14814,,,,,,,,,,,,,,,,,,
,1.0978621930158598e-05,1.0978621930158598e-05,14819,,,,,,,,,,,,,,,,,,
,1.0919674322909e-05,1.0919674322909e-05,14824,,,,,,,,,,,,,,,,,,
,1.086087941747651e-05,1.086087941747651e-05,14829,,,,,,,,,,,,,,,,,,
,1.0802237278414338e-05,1.0802237278414338e-05,14834,,,,,,,,,,,,,,,,,,
,1.0743747970108036e-05,1.0743747970108036e-05,14839,,,,,,,,,,,,,,,,,,
,1.0685411556775364e-05,1.0685411556775364e-05,14844,,,,,,,,,,,,,,,,,,
,1.062722810246614e-05,1.062722810246614e-05,14849,,,,,,,,,,,,,,,,,,
,1.0569197671062329e-05,1.0569197671062329e-05,14854,,,,,,,,,,,,,,,,,,
,1.0511320326277867e-05,1.0511320326277867e-05,14859,,,,,,,,,,,,,,,,,,
,1.045359613165852e-05,1.045359613165852e-05,14864,,,,,,,,,,,,,,,,,,
,1.039602515058206e-05,1.039602515058206e-05,14869,,,,,,,,,,,,,,,,,,
,1.033860744625789e-05,1.033860744625789e-05,14874,,,,,,,,,,,,,,,,,,
,1.02813430817272e-05,1.02813430817272e-05,14879,,,,,,,,,,,,,,,,,,
,1.0224232119862864e-05,1.0224232119862864e-05,14884,,,,,,,,,,,,,,,,,,
,1.016727462336922e-05,1.016727462336922e-05,14889,,,,,,,,,,,,,,,,,,
,1.0110470654782183e-05,1.0110470654782183e-05,14894,,,,,,,,,,,,,,,,,,
,1.0053820276469094e-05,1.0053820276469094e-05,14899,,,,,,,,,,,,,,,,,,
,9.99732355062865e-06,9.99732355062865e-06,14904,,,,,,,,,,,,,,,,,,
,9.94098053929085e-06,9.94098053929085e-06,14909,,,,,,,,,,,,,,,,,,
,9.884791304316908e-06,9.884791304316908e-06,14914,,,,,,,,,,,,,,,,,,
,9.828755907399261e-06,9.828755907399261e-06,14919,,,,,,,,,,,,,,,,,,
,9.77287441006136e-06,9.77287441006136e-06,14924,,,,,,,,,,,,,,,,,,
,9.71714687365776e-06,9.71714687365776e-06,14929,,,,,,,,,,,,,,,,,,
,9.661573359373903e-06,9.661573359373903e-06,14934,,,,,,,,,,,,,,,,,,
,9.606153928226196e-06,9.606153928226196e-06,14939,,,,,,,,,,,,,,,,,,
,9.550888641061783e-06,9.550888641061783e-06,14944,,,,,,,,,,,,,,,,,,
,9.495777558558642e-06,9.495777558558642e-06,14949,,,,,,,,,,,,,,,,,,
,9.440820741225441e-06,9.440820741225441e-06,14954,,,,,,,,,,,,,,,,,,
,9.386018249401428e-06,9.386018249401428e-06,14959,,,,,,,,,,,,,,,,,,
,9.331370143256422e-06,9.331370143256422e-06,14964,,,,,,,,,,,,,,,,,,
,9.276876482790813e-06,9.276876482790813e-06,14969,,,,,,,,,,,,,,,,,,
,9.222537327835305e-06,9.222537327835305e-06,14974,,,,,,,,,,,,,,,,,,
,9.168352738051027e-06,9.168352738051027e-06,14979,,,,,,,,,,,,,,,,,,
,9.114322772929421e-06,9.114322772929421e-06,14984,,,,,,,,,,,,,,,,,,
,9.060447491792089e-06,9.060447491792089e-06,14989,,,,,,,,,,,,,,,,,,
,9.006726953790877e-06,9.006726953790877e-06,14994,,,,,,,,,,,,,,,,,,
,8.953161217907673e-06,8.953161217907673e-06,14999,,,,,,,,,,,,,,,,,,
,8.899750342954432e-06,8.899750342954432e-06,15004,,,,,,,,,,,,,,,,,,
,8.846494387573111e-06,8.846494387573111e-06,15009,,,,,,,,,,,,,,,,,,
,8.793393410235455e-06,8.793393410235455e-06,15014,,,,,,,,,,,,,,,,,,
,8.740447469243228e-06,8.740447469243228e-06,15019,,,,,,,,,,,,,,,,,,
,8.687656622727879e-06,8.687656622727879e-06,15024,,,,,,,,,,,,,,,,,,
,8.63502092865051e-06,8.63502092865051e-06,15029,,,,,,,,,,,,,,,,,,
,8.582540444801977e-06,8.582540444801977e-06,15034,,,,,,,,,,,,,,,,,,
,8.530215228802723e-06,8.530215228802723e-06,15039,,,,,,,,,,,,,,,,,,
,8.478045338102624e-06,8.478045338102624e-06,15044,,,,,,,,,,,,,,,,,,
,8.426030829981096e-06,8.426030829981096e-06,15049,,,,,,,,,,,,,,,,,,
,8.374171761546971e-06,8.374171761546971e-06,15054,,,,,,,,,,,,,,,,,,
,8.322468189738324e-06,8.322468189738324e-06,15059,,,,,,,,,,,,,,,,,,
,8.270920171322626e-06,8.270920171322626e-06,15064,,,,,,,,,,,,,,,,,,
,8.219527762896389e-06,8.219527762896389e-06,15069,,,,,,,,,,,,,,,,,,
,8.168291020885493e-06,8.168291020885493e-06,15074,,,,,,,,,,,,,,,,,,
,8.117210001544754e-06,8.117210001544754e-06,15079,,,,,,,,,,,,,,,,,,
,8.06628476095803e-06,8.06628476095803e-06,15084,,,,,,,,,,,,,,,,,,
,8.015515355038194e-06,8.015515355038194e-06,15089,,,,,,,,,,,,,,,,,,
,7.964901839527005e-06,7.964901839527005e-06,15094,,,,,,,,,,,,,,,,,,
,7.914444269995013e-06,7.914444269995013e-06,15099,,,,,,,,,,,,,,,,,,
,7.864142701841603e-06,7.864142701841603e-06,15104,,,,,,,,,,,,,,,,,,
,7.813997190294896e-06,7.813997190294896e-06,15109,,,,,,,,,,,,,,,,,,
,7.764007790411603e-06,7.764007790411603e-06,15114,,,,,,,,,,,,,,,,,,
,7.714174557077085e-06,7.714174557077085e-06,15119,,,,,,,,,,,,,,,,,,
,7.664497545005243e-06,7.664497545005243e-06,15124,,,,,,,,,,,,,,,,,,
,7.614976808738432e-06,7.614976808738432e-06,15129,,,,,,,,,,,,,,,,,,
,7.565612402647442e-06,7.565612402647442e-06,15134,,,,,,,,,,,,,,,,,,
,7.516404380931401e-06,7.516404380931401e-06,15139,,,,,,,,,,,,,,,,,,
,7.467352797617776e-06,7.467352797617776e-06,15144,,,,,,,,,,,,,,,,,,
,7.418457706562237e-06,7.418457706562237e-06,15149,,,,,,,,,,,,,,,,,,
,7.36971916144864e-06,7.36971916144864e-06,15154,,,,,,,,,,,,,,,,,,
,7.321137215788964e-06,7.321137215788964e-06,15159,,,,,,,,,,,,,,,,,,
,7.272711922923308e-06,7.272711922923308e-06,15164,,,,,,,,,,,,,,,,,,
,7.224443336019642e-06,7.224443336019642e-06,15169,,,,,,,,,,,,,,,,,,
,7.176331508074057e-06,7.176331508074057e-06,15174,,,,,,,,,,,,,,,,,,
,7.1283764919103645e-06,7.1283764919103645e-06,15179,,,,,,,,,,,,,,,,,,
,7.080578340180332e-06,7.080578340180332e-06,15184,,,,,,,,,,,,,,,,,,
,7.032937105363445e-06,7.032937105363445e-06,15189,,,,,,,,,,,,,,,,,,
,6.985452839766881e-06,6.985452839766881e-06,15194,,,,,,,,,,,,,,,,,,
,6.938125595525517e-06,6.938125595525517e-06,15199,,,,,,,,,,,,,,,,,,
,6.8909554246018405e-06,6.8909554246018405e-06,15204,,,,,,,,,,,,,,,,,,
,6.843942378785805e-06,6.843942378785805e-06,15209,,,,,,,,,,,,,,,,,,
,6.797086509694938e-06,6.797086509694938e-06,15214,,,,,,,,,,,,,,,,,,
,6.7503878687741706e-06,6.7503878687741706e-06,15219,,,,,,,,,,,,,,,,,,
,6.70384650729574e-06,6.70384650729574e-06,15224,,,,,,,,,,,,,,,,,,
,6.657462476359321e-06,6.657462476359321e-06,15229,,,,,,,,,,,,,,,,,,
,6.6112358268917585e-06,6.6112358268917585e-06,15234,,,,,,,,,,,,,,,,,,
,6.565166609647121e-06,6.565166609647121e-06,15239,,,,,,,,,,,,,,,,,,
,6.5192548752066645e-06,6.5192548752066645e-06,15244,,,,,,,,,,,,,,,,,,
,6.4735006739786485e-06,6.4735006739786485e-06,15249,,,,,,,,,,,,,,,,,,
,6.4279040561984905e-06,6.4279040561984905e-06,15254,,,,,,,,,,,,,,,,,,
,6.382465071928494e-06,6.382465071928494e-06,15259,,,,,,,,,,,,,,,,,,
,6.337183771057935e-06,6.337183771057935e-06,15264,,,,,,,,,,,,,,,,,,
21,,,15267,,,,,,,,,,,,,,14.228739738464355,10.61616325378418,1.7914533615112305,0.30059459805488586,0.3181520700454712
21,,,15267,0.7956814765930176,0.3151222765445709,0.402400940656662,0.8000513315200806,2.0477283000946045,0.48138296604156494,1.2224349975585938,0.055831797420978546,0.5936803221702576,0.064751535654068,1.9875181913375854,1.7094144821166992,0.5991279482841492,,,,,
,6.292060203302946e-06,6.292060203302946e-06,15269,,,,,,,,,,,,,,,,,,
,6.2470944182064945e-06,6.2470944182064945e-06,15274,,,,,,,,,,,,,,,,,,
,6.202286465138289e-06,6.202286465138289e-06,15279,,,,,,,,,,,,,,,,,,
,6.157636393294796e-06,6.157636393294796e-06,15284,,,,,,,,,,,,,,,,,,
,6.113144251699064e-06,6.113144251699064e-06,15289,,,,,,,,,,,,,,,,,,
,6.068810089200804e-06,6.068810089200804e-06,15294,,,,,,,,,,,,,,,,,,
,6.0246339544762765e-06,6.0246339544762765e-06,15299,,,,,,,,,,,,,,,,,,
,5.980615896028168e-06,5.980615896028168e-06,15304,,,,,,,,,,,,,,,,,,
,5.9367559621856685e-06,5.9367559621856685e-06,15309,,,,,,,,,,,,,,,,,,
,5.8930542011043745e-06,5.8930542011043745e-06,15314,,,,,,,,,,,,,,,,,,
,5.849510660766155e-06,5.849510660766155e-06,15319,,,,,,,,,,,,,,,,,,
,5.806125388979199e-06,5.806125388979199e-06,15324,,,,,,,,,,,,,,,,,,
,5.762898433377905e-06,5.762898433377905e-06,15329,,,,,,,,,,,,,,,,,,
,5.7198298414229075e-06,5.7198298414229075e-06,15334,,,,,,,,,,,,,,,,,,
,5.676919660400897e-06,5.676919660400897e-06,15339,,,,,,,,,,,,,,,,,,
,5.634167937424672e-06,5.634167937424672e-06,15344,,,,,,,,,,,,,,,,,,
,5.591574719433034e-06,5.591574719433034e-06,15349,,,,,,,,,,,,,,,,,,
,5.549140053190809e-06,5.549140053190809e-06,15354,,,,,,,,,,,,,,,,,,
,5.506863985288662e-06,5.506863985288662e-06,15359,,,,,,,,,,,,,,,,,,
,5.4647465621431796e-06,5.4647465621431796e-06,15364,,,,,,,,,,,,,,,,,,
,5.422787829996772e-06,5.422787829996772e-06,15369,,,,,,,,,,,,,,,,,,
,5.380987834917572e-06,5.380987834917572e-06,15374,,,,,,,,,,,,,,,,,,
,5.339346622799484e-06,5.339346622799484e-06,15379,,,,,,,,,,,,,,,,,,
,5.297864239362021e-06,5.297864239362021e-06,15384,,,,,,,,,,,,,,,,,,
,5.256540730150349e-06,5.256540730150349e-06,15389,,,,,,,,,,,,,,,,,,
,5.215376140535227e-06,5.215376140535227e-06,15394,,,,,,,,,,,,,,,,,,
,5.174370515712833e-06,5.174370515712833e-06,15399,,,,,,,,,,,,,,,,,,
,5.133523900704906e-06,5.133523900704906e-06,15404,,,,,,,,,,,,,,,,,,
,5.092836340358586e-06,5.092836340358586e-06,15409,,,,,,,,,,,,,,,,,,
,5.052307879346323e-06,5.052307879346323e-06,15414,,,,,,,,,,,,,,,,,,
,5.01193856216594e-06,5.01193856216594e-06,15419,,,,,,,,,,,,,,,,,,
,4.9717284331405315e-06,4.9717284331405315e-06,15424,,,,,,,,,,,,,,,,,,
,4.931677536418366e-06,4.931677536418366e-06,15429,,,,,,,,,,,,,,,,,,
,4.891785915972951e-06,4.891785915972951e-06,15434,,,,,,,,,,,,,,,,,,
,4.8520536156028525e-06,4.8520536156028525e-06,15439,,,,,,,,,,,,,,,,,,
,4.81248067893174e-06,4.81248067893174e-06,15444,,,,,,,,,,,,,,,,,,
,4.773067149408361e-06,4.773067149408361e-06,15449,,,,,,,,,,,,,,,,,,
,4.73381307030633e-06,4.73381307030633e-06,15454,,,,,,,,,,,,,,,,,,
,4.694718484724291e-06,4.694718484724291e-06,15459,,,,,,,,,,,,,,,,,,
,4.655783435585775e-06,4.655783435585775e-06,15464,,,,,,,,,,,,,,,,,,
,4.6170079656390525e-06,4.6170079656390525e-06,15469,,,,,,,,,,,,,,,,,,
,4.578392117457302e-06,4.578392117457302e-06,15474,,,,,,,,,,,,,,,,,,
,4.539935933438377e-06,4.539935933438377e-06,15479,,,,,,,,,,,,,,,,,,
,4.5016394558048675e-06,4.5016394558048675e-06,15484,,,,,,,,,,,,,,,,,,
,4.46350272660399e-06,4.46350272660399e-06,15489,,,,,,,,,,,,,,,,,,
,4.425525787707568e-06,4.425525787707568e-06,15494,,,,,,,,,,,,,,,,,,
,4.387708680811997e-06,4.387708680811997e-06,15499,,,,,,,,,,,,,,,,,,
,4.350051447438196e-06,4.350051447438196e-06,15504,,,,,,,,,,,,,,,,,,
,4.312554128931511e-06,4.312554128931511e-06,15509,,,,,,,,,,,,,,,,,,
,4.2752167664617585e-06,4.2752167664617585e-06,15514,,,,,,,,,,,,,,,,,,
,4.238039401023113e-06,4.238039401023113e-06,15519,,,,,,,,,,,,,,,,,,
,4.201022073434057e-06,4.201022073434057e-06,15524,,,,,,,,,,,,,,,,,,
,4.164164824337412e-06,4.164164824337412e-06,15529,,,,,,,,,,,,,,,,,,
,4.1274676942002096e-06,4.1274676942002096e-06,15534,,,,,,,,,,,,,,,,,,
,4.090930723313685e-06,4.090930723313685e-06,15539,,,,,,,,,,,,,,,,,,
,4.054553951793232e-06,4.054553951793232e-06,15544,,,,,,,,,,,,,,,,,,
,4.0183374195783545e-06,4.0183374195783545e-06,15549,,,,,,,,,,,,,,,,,,
,3.982281166432627e-06,3.982281166432627e-06,15554,,,,,,,,,,,,,,,,,,
,3.946385231943633e-06,3.946385231943633e-06,15559,,,,,,,,,,,,,,,,,,
,3.910649655522946e-06,3.910649655522946e-06,15564,,,,,,,,,,,,,,,,,,
,3.875074476406082e-06,3.875074476406082e-06,15569,,,,,,,,,,,,,,,,,,
,3.839659733652445e-06,3.839659733652445e-06,15574,,,,,,,,,,,,,,,,,,
,3.8044054661452827e-06,3.8044054661452827e-06,15579,,,,,,,,,,,,,,,,,,
,3.7693117125916493e-06,3.7693117125916493e-06,15584,,,,,,,,,,,,,,,,,,
,3.73437851152239e-06,3.73437851152239e-06,15589,,,,,,,,,,,,,,,,,,
,3.699605901292041e-06,3.699605901292041e-06,15594,,,,,,,,,,,,,,,,,,
,3.6649939200788457e-06,3.6649939200788457e-06,15599,,,,,,,,,,,,,,,,,,
,3.6305426058846565e-06,3.6305426058846565e-06,15604,,,,,,,,,,,,,,,,,,
,3.596251996534949e-06,3.596251996534949e-06,15609,,,,,,,,,,,,,,,,,,
,3.562122129678774e-06,3.562122129678774e-06,15614,,,,,,,,,,,,,,,,,,
,3.528153042788623e-06,3.528153042788623e-06,15619,,,,,,,,,,,,,,,,,,
,3.494344773160512e-06,3.494344773160512e-06,15624,,,,,,,,,,,,,,,,,,
,3.460697357913916e-06,3.460697357913916e-06,15629,,,,,,,,,,,,,,,,,,
,3.427210833991634e-06,3.427210833991634e-06,15634,,,,,,,,,,,,,,,,,,
,3.393885238159888e-06,3.393885238159888e-06,15639,,,,,,,,,,,,,,,,,,
,3.360720607008144e-06,3.360720607008144e-06,15644,,,,,,,,,,,,,,,,,,
,3.327716976949174e-06,3.327716976949174e-06,15649,,,,,,,,,,,,,,,,,,
,3.294874384218993e-06,3.294874384218993e-06,15654,,,,,,,,,,,,,,,,,,
,3.262192864876756e-06,3.262192864876756e-06,15659,,,,,,,,,,,,,,,,,,
,3.229672454804827e-06,3.229672454804827e-06,15664,,,,,,,,,,,,,,,,,,
,3.197313189708678e-06,3.197313189708678e-06,15669,,,,,,,,,,,,,,,,,,
,3.1651151051167724e-06,3.1651151051167724e-06,15674,,,,,,,,,,,,,,,,,,
,3.133078236380715e-06,3.133078236380715e-06,15679,,,,,,,,,,,,,,,,,,
,3.101202618675036e-06,3.101202618675036e-06,15684,,,,,,,,,,,,,,,,,,
,3.069488286997257e-06,3.069488286997257e-06,15689,,,,,,,,,,,,,,,,,,
,3.0379352761678076e-06,3.0379352761678076e-06,15694,,,,,,,,,,,,,,,,,,
,3.00654362082996e-06,3.00654362082996e-06,15699,,,,,,,,,,,,,,,,,,
,2.9753133554498765e-06,2.9753133554498765e-06,15704,,,,,,,,,,,,,,,,,,
,2.9442445143165295e-06,2.9442445143165295e-06,15709,,,,,,,,,,,,,,,,,,
,2.9133371315415986e-06,2.9133371315415986e-06,15714,,,,,,,,,,,,,,,,,,
,2.8825912410595566e-06,2.8825912410595566e-06,15719,,,,,,,,,,,,,,,,,,
,2.8520068766275328e-06,2.8520068766275328e-06,15724,,,,,,,,,,,,,,,,,,
,2.8215840718253003e-06,2.8215840718253003e-06,15729,,,,,,,,,,,,,,,,,,
,2.791322860055273e-06,2.791322860055273e-06,15734,,,,,,,,,,,,,,,,,,
,2.76122327454244e-06,2.76122327454244e-06,15739,,,,,,,,,,,,,,,,,,
,2.7312853483343334e-06,2.7312853483343334e-06,15744,,,,,,,,,,,,,,,,,,
,2.7015091143009924e-06,2.7015091143009924e-06,15749,,,,,,,,,,,,,,,,,,
,2.671894605134933e-06,2.671894605134933e-06,15754,,,,,,,,,,,,,,,,,,
,2.642441853351096e-06,2.642441853351096e-06,15759,,,,,,,,,,,,,,,,,,
,2.6131508912868304e-06,2.6131508912868304e-06,15764,,,,,,,,,,,,,,,,,,
,2.5840217511018447e-06,2.5840217511018447e-06,15769,,,,,,,,,,,,,,,,,,
,2.5550544647781724e-06,2.5550544647781724e-06,15774,,,,,,,,,,,,,,,,,,
,2.5262490641201725e-06,2.5262490641201725e-06,15779,,,,,,,,,,,,,,,,,,
,2.4976055807544136e-06,2.4976055807544136e-06,15784,,,,,,,,,,,,,,,,,,
,2.4691240461297057e-06,2.4691240461297057e-06,15789,,,,,,,,,,,,,,,,,,
,2.440804491517101e-06,2.440804491517101e-06,15794,,,,,,,,,,,,,,,,,,
,2.412646948009728e-06,2.412646948009728e-06,15799,,,,,,,,,,,,,,,,,,
,2.3846514465228727e-06,2.3846514465228727e-06,15804,,,,,,,,,,,,,,,,,,
,2.356818017793949e-06,2.356818017793949e-06,15809,,,,,,,,,,,,,,,,,,
,2.3291466923823276e-06,2.3291466923823276e-06,15814,,,,,,,,,,,,,,,,,,
,2.3016375006695065e-06,2.3016375006695065e-06,15819,,,,,,,,,,,,,,,,,,
,2.274290472858892e-06,2.274290472858892e-06,15824,,,,,,,,,,,,,,,,,,
,2.2471056389758658e-06,2.2471056389758658e-06,15829,,,,,,,,,,,,,,,,,,
,2.2200830288677696e-06,2.2200830288677696e-06,15834,,,,,,,,,,,,,,,,,,
,2.193222672203754e-06,2.193222672203754e-06,15839,,,,,,,,,,,,,,,,,,
,2.166524598474928e-06,2.166524598474928e-06,15844,,,,,,,,,,,,,,,,,,
,2.1399888369941274e-06,2.1399888369941274e-06,15849,,,,,,,,,,,,,,,,,,
,2.113615416896031e-06,2.113615416896031e-06,15854,,,,,,,,,,,,,,,,,,
,2.0874043671370745e-06,2.0874043671370745e-06,15859,,,,,,,,,,,,,,,,,,
,2.061355716495405e-06,2.061355716495405e-06,15864,,,,,,,,,,,,,,,,,,
,2.0354694935708625e-06,2.0354694935708625e-06,15869,,,,,,,,,,,,,,,,,,
,2.0097457267849616e-06,2.0097457267849616e-06,15874,,,,,,,,,,,,,,,,,,
,1.9841844443808598e-06,1.9841844443808598e-06,15879,,,,,,,,,,,,,,,,,,
,1.958785674423291e-06,1.958785674423291e-06,15884,,,,,,,,,,,,,,,,,,
,1.9335494447985822e-06,1.9335494447985822e-06,15889,,,,,,,,,,,,,,,,,,
,1.908475783214586e-06,1.908475783214586e-06,15894,,,,,,,,,,,,,,,,,,
,1.8835647172006806e-06,1.8835647172006806e-06,15899,,,,,,,,,,,,,,,,,,
,1.8588162741077384e-06,1.8588162741077384e-06,15904,,,,,,,,,,,,,,,,,,
,1.8342304811080067e-06,1.8342304811080067e-06,15909,,,,,,,,,,,,,,,,,,
,1.809807365195226e-06,1.809807365195226e-06,15914,,,,,,,,,,,,,,,,,,
,1.7855469531845302e-06,1.7855469531845302e-06,15919,,,,,,,,,,,,,,,,,,
,1.7614492717123618e-06,1.7614492717123618e-06,15924,,,,,,,,,,,,,,,,,,
,1.7375143472365237e-06,1.7375143472365237e-06,15929,,,,,,,,,,,,,,,,,,
,1.713742206036145e-06,1.713742206036145e-06,15934,,,,,,,,,,,,,,,,,,
,1.6901328742115805e-06,1.6901328742115805e-06,15939,,,,,,,,,,,,,,,,,,
,1.6666863776844618e-06,1.6666863776844618e-06,15944,,,,,,,,,,,,,,,,,,
,1.6434027421976304e-06,1.6434027421976304e-06,15949,,,,,,,,,,,,,,,,,,
,1.6202819933151034e-06,1.6202819933151034e-06,15954,,,,,,,,,,,,,,,,,,
,1.5973241564220919e-06,1.5973241564220919e-06,15959,,,,,,,,,,,,,,,,,,
22,,,15961,,,,,,,,,,,,,,14.630500793457031,10.980924606323242,1.8156559467315674,0.303288996219635,0.3174726366996765
22,,,15961,0.7963199019432068,0.31761541962623596,0.4037604331970215,0.8018873333930969,2.029585361480713,0.4733189344406128,1.2175068855285645,0.05493742227554321,0.59157395362854,0.06407403945922852,1.9798550605773926,1.7036628723144531,0.5949362516403198,,,,,
,1.574529256724899e-06,1.574529256724899e-06,15964,,,,,,,,,,,,,,,,,,
,1.5518973192509554e-06,1.5518973192509554e-06,15969,,,,,,,,,,,,,,,,,,
,1.529428368848784e-06,1.529428368848784e-06,15974,,,,,,,,,,,,,,,,,,
,1.5071224301879015e-06,1.5071224301879015e-06,15979,,,,,,,,,,,,,,,,,,
,1.484979527758917e-06,1.484979527758917e-06,15984,,,,,,,,,,,,,,,,,,
,1.462999685873384e-06,1.462999685873384e-06,15989,,,,,,,,,,,,,,,,,,
,1.4411829286638476e-06,1.4411829286638476e-06,15994,,,,,,,,,,,,,,,,,,
,1.4195292800838144e-06,1.4195292800838144e-06,15999,,,,,,,,,,,,,,,,,,
,1.3980387639076495e-06,1.3980387639076495e-06,16004,,,,,,,,,,,,,,,,,,
,1.3767114037306625e-06,1.3767114037306625e-06,16009,,,,,,,,,,,,,,,,,,
,1.3555472229690224e-06,1.3555472229690224e-06,16014,,,,,,,,,,,,,,,,,,
,1.3345462448596911e-06,1.3345462448596911e-06,16019,,,,,,,,,,,,,,,,,,
,1.313708492460508e-06,1.313708492460508e-06,16024,,,,,,,,,,,,,,,,,,
,1.2930339886500717e-06,1.2930339886500717e-06,16029,,,,,,,,,,,,,,,,,,
,1.2725227561277252e-06,1.2725227561277252e-06,16034,,,,,,,,,,,,,,,,,,
,1.2521748174135538e-06,1.2521748174135538e-06,16039,,,,,,,,,,,,,,,,,,
,1.2319901948483867e-06,1.2319901948483867e-06,16044,,,,,,,,,,,,,,,,,,
,1.2119689105937302e-06,1.2119689105937302e-06,16049,,,,,,,,,,,,,,,,,,
,1.1921109866317502e-06,1.1921109866317502e-06,16054,,,,,,,,,,,,,,,,,,
,1.1724164447652228e-06,1.1724164447652228e-06,16059,,,,,,,,,,,,,,,,,,
,1.1528853066175847e-06,1.1528853066175847e-06,16064,,,,,,,,,,,,,,,,,,
,1.1335175936328488e-06,1.1335175936328488e-06,16069,,,,,,,,,,,,,,,,,,
,1.1143133270756056e-06,1.1143133270756056e-06,16074,,,,,,,,,,,,,,,,,,
,1.0952725280309715e-06,1.0952725280309715e-06,16079,,,,,,,,,,,,,,,,,,
,1.0763952174045909e-06,1.0763952174045909e-06,16084,,,,,,,,,,,,,,,,,,
,1.0576814159226176e-06,1.0576814159226176e-06,16089,,,,,,,,,,,,,,,,,,
,1.0391311441316997e-06,1.0391311441316997e-06,16094,,,,,,,,,,,,,,,,,,
,1.020744422398878e-06,1.020744422398878e-06,16099,,,,,,,,,,,,,,,,,,
,1.0025212709117048e-06,1.0025212709117048e-06,16104,,,,,,,,,,,,,,,,,,
,9.844617096780748e-07,9.844617096780748e-07,16109,,,,,,,,,,,,,,,,,,
,9.66565758526311e-07,9.66565758526311e-07,16114,,,,,,,,,,,,,,,,,,
,9.488334371050788e-07,9.488334371050788e-07,16119,,,,,,,,,,,,,,,,,,
,9.312647648834215e-07,9.312647648834215e-07,16124,,,,,,,,,,,,,,,,,,
,9.138597611506593e-07,9.138597611506593e-07,16129,,,,,,,,,,,,,,,,,,
,8.966184450164393e-07,8.966184450164393e-07,16134,,,,,,,,,,,,,,,,,,
,8.795408354107026e-07,8.795408354107026e-07,16139,,,,,,,,,,,,,,,,,,
,8.62626951083617e-07,8.62626951083617e-07,16144,,,,,,,,,,,,,,,,,,
,8.458768106056113e-07,8.458768106056113e-07,16149,,,,,,,,,,,,,,,,,,
,8.292904323673577e-07,8.292904323673577e-07,16154,,,,,,,,,,,,,,,,,,
,8.128678345796558e-07,8.128678345796558e-07,16159,,,,,,,,,,,,,,,,,,
,7.966090352735655e-07,7.966090352735655e-07,16164,,,,,,,,,,,,,,,,,,
,7.805140523002573e-07,7.805140523002573e-07,16169,,,,,,,,,,,,,,,,,,
,7.645829033310458e-07,7.645829033310458e-07,16174,,,,,,,,,,,,,,,,,,
,7.488156058573891e-07,7.488156058573891e-07,16179,,,,,,,,,,,,,,,,,,
,7.332121771908062e-07,7.332121771908062e-07,16184,,,,,,,,,,,,,,,,,,
,7.177726344629265e-07,7.177726344629265e-07,16189,,,,,,,,,,,,,,,,,,
,7.024969946254566e-07,7.024969946254566e-07,16194,,,,,,,,,,,,,,,,,,
,6.873852744500973e-07,6.873852744500973e-07,16199,,,,,,,,,,,,,,,,,,
,6.724374905286434e-07,6.724374905286434e-07,16204,,,,,,,,,,,,,,,,,,
,6.576536592728499e-07,6.576536592728499e-07,16209,,,,,,,,,,,,,,,,,,
,6.430337969144495e-07,6.430337969144495e-07,16214,,,,,,,,,,,,,,,,,,
,6.285779195052021e-07,6.285779195052021e-07,16219,,,,,,,,,,,,,,,,,,
,6.142860429167617e-07,6.142860429167617e-07,16224,,,,,,,,,,,,,,,,,,
,6.001581828407597e-07,6.001581828407597e-07,16229,,,,,,,,,,,,,,,,,,
,5.861943547887549e-07,5.861943547887549e-07,16234,,,,,,,,,,,,,,,,,,
,5.723945740921498e-07,5.723945740921498e-07,16239,,,,,,,,,,,,,,,,,,
,5.587588559022916e-07,5.587588559022916e-07,16244,,,,,,,,,,,,,,,,,,
,5.452872151903876e-07,5.452872151903876e-07,16249,,,,,,,,,,,,,,,,,,
,5.31979666747473e-07,5.31979666747473e-07,16254,,,,,,,,,,,,,,,,,,
,5.188362251844436e-07,5.188362251844436e-07,16259,,,,,,,,,,,,,,,,,,
,5.058569049320061e-07,5.058569049320061e-07,16264,,,,,,,,,,,,,,,,,,
,4.930417202406611e-07,4.930417202406611e-07,16269,,,,,,,,,,,,,,,,,,
,4.803906851807205e-07,4.803906851807205e-07,16274,,,,,,,,,,,,,,,,,,
,4.679038136422564e-07,4.679038136422564e-07,16279,,,,,,,,,,,,,,,,,,
,4.555811193350856e-07,4.555811193350856e-07,16284,,,,,,,,,,,,,,,,,,
,4.434226157888021e-07,4.434226157888021e-07,16289,,,,,,,,,,,,,,,,,,
,4.31428316352711e-07,4.31428316352711e-07,16294,,,,,,,,,,,,,,,,,,
,4.195982341958115e-07,4.195982341958115e-07,16299,,,,,,,,,,,,,,,,,,
,4.07932382306847e-07,4.07932382306847e-07,16304,,,,,,,,,,,,,,,,,,
,3.9643077349420514e-07,3.9643077349420514e-07,16309,,,,,,,,,,,,,,,,,,
,3.850934203859679e-07,3.850934203859679e-07,16314,,,,,,,,,,,,,,,,,,
,3.7392033542984476e-07,3.7392033542984476e-07,16319,,,,,,,,,,,,,,,,,,
,3.629115308932229e-07,3.629115308932229e-07,16324,,,,,,,,,,,,,,,,,,
,3.520670188631169e-07,3.520670188631169e-07,16329,,,,,,,,,,,,,,,,,,
,3.4138681124613596e-07,3.4138681124613596e-07,16334,,,,,,,,,,,,,,,,,,
,3.3087091976851664e-07,3.3087091976851664e-07,16339,,,,,,,,,,,,,,,,,,
,3.205193559760566e-07,3.205193559760566e-07,16344,,,,,,,,,,,,,,,,,,
,3.103321312341478e-07,3.103321312341478e-07,16349,,,,,,,,,,,,,,,,,,
,3.003092567277598e-07,3.003092567277598e-07,16354,,,,,,,,,,,,,,,,,,
,2.9045074346140675e-07,2.9045074346140675e-07,16359,,,,,,,,,,,,,,,,,,
,2.8075660225914676e-07,2.8075660225914676e-07,16364,,,,,,,,,,,,,,,,,,
,2.7122684376454926e-07,2.7122684376454926e-07,16369,,,,,,,,,,,,,,,,,,
,2.6186147844071135e-07,2.6186147844071135e-07,16374,,,,,,,,,,,,,,,,,,
,2.526605165702578e-07,2.526605165702578e-07,16379,,,,,,,,,,,,,,,,,,
,2.436239682552743e-07,2.436239682552743e-07,16384,,,,,,,,,,,,,,,,,,
,2.3475184341735788e-07,2.3475184341735788e-07,16389,,,,,,,,,,,,,,,,,,
,2.260441517975664e-07,2.260441517975664e-07,16394,,,,,,,,,,,,,,,,,,
,2.1750090295640232e-07,2.1750090295640232e-07,16399,,,,,,,,,,,,,,,,,,
,2.091221062738624e-07,2.091221062738624e-07,16404,,,,,,,,,,,,,,,,,,
,2.009077709493545e-07,2.009077709493545e-07,16409,,,,,,,,,,,,,,,,,,
,1.9285790600171436e-07,1.9285790600171436e-07,16414,,,,,,,,,,,,,,,,,,
,1.849725202692054e-07,1.849725202692054e-07,16419,,,,,,,,,,,,,,,,,,
,1.772516224095355e-07,1.772516224095355e-07,16424,,,,,,,,,,,,,,,,,,
,1.6969522089975706e-07,1.6969522089975706e-07,16429,,,,,,,,,,,,,,,,,,
,1.6230332403633362e-07,1.6230332403633362e-07,16434,,,,,,,,,,,,,,,,,,
,1.5507593993515642e-07,1.5507593993515642e-07,16439,,,,,,,,,,,,,,,,,,
,1.4801307653144467e-07,1.4801307653144467e-07,16444,,,,,,,,,,,,,,,,,,
,1.4111474157977864e-07,1.4111474157977864e-07,16449,,,,,,,,,,,,,,,,,,
,1.3438094265413312e-07,1.3438094265413312e-07,16454,,,,,,,,,,,,,,,,,,
,1.2781168714781075e-07,1.2781168714781075e-07,16459,,,,,,,,,,,,,,,,,,
,1.214069822734587e-07,1.214069822734587e-07,16464,,,,,,,,,,,,,,,,,,
,1.1516683506306856e-07,1.1516683506306856e-07,16469,,,,,,,,,,,,,,,,,,
,1.0909125236790995e-07,1.0909125236790995e-07,16474,,,,,,,,,,,,,,,,,,
,1.0318024085864684e-07,1.0318024085864684e-07,16479,,,,,,,,,,,,,,,,,,
,9.743380702518789e-08,9.743380702518789e-08,16484,,,,,,,,,,,,,,,,,,
,9.185195717676951e-08,9.185195717676951e-08,16489,,,,,,,,,,,,,,,,,,
,8.643469744195608e-08,8.643469744195608e-08,16494,,,,,,,,,,,,,,,,,,
,8.118203376853983e-08,8.118203376853983e-08,16499,,,,,,,,,,,,,,,,,,
,7.609397192364086e-08,7.609397192364086e-08,16504,,,,,,,,,,,,,,,,,,
,7.117051749365721e-08,7.117051749365721e-08,16509,,,,,,,,,,,,,,,,,,
,6.641167588421481e-08,6.641167588421481e-08,16514,,,,,,,,,,,,,,,,,,
,6.181745232026747e-08,6.181745232026747e-08,16519,,,,,,,,,,,,,,,,,,
,5.738785184598027e-08,5.738785184598027e-08,16524,,,,,,,,,,,,,,,,,,
,5.312287932477955e-08,5.312287932477955e-08,16529,,,,,,,,,,,,,,,,,,
,4.902253943936951e-08,4.902253943936951e-08,16534,,,,,,,,,,,,,,,,,,
,4.5086836691665683e-08,4.5086836691665683e-08,16539,,,,,,,,,,,,,,,,,,
,4.131577540282815e-08,4.131577540282815e-08,16544,,,,,,,,,,,,,,,,,,
,3.770935971326161e-08,3.770935971326161e-08,16549,,,,,,,,,,,,,,,,,,
,3.426759358258202e-08,3.426759358258202e-08,16554,,,,,,,,,,,,,,,,,,
,3.099048078964994e-08,3.099048078964994e-08,16559,,,,,,,,,,,,,,,,,,
,2.7878024932537212e-08,2.7878024932537212e-08,16564,,,,,,,,,,,,,,,,,,
,2.4930229428543613e-08,2.4930229428543613e-08,16569,,,,,,,,,,,,,,,,,,
,2.2147097514146896e-08,2.2147097514146896e-08,16574,,,,,,,,,,,,,,,,,,
,1.9528632245069397e-08,1.9528632245069397e-08,16579,,,,,,,,,,,,,,,,,,
,1.7074836496244747e-08,1.7074836496244747e-08,16584,,,,,,,,,,,,,,,,,,
,1.4785712961767893e-08,1.4785712961767893e-08,16589,,,,,,,,,,,,,,,,,,
,1.2661264154961715e-08,1.2661264154961715e-08,16594,,,,,,,,,,,,,,,,,,
,1.070149240836038e-08,1.070149240836038e-08,16599,,,,,,,,,,,,,,,,,,
,8.90639987367603e-09,8.90639987367603e-09,16604,,,,,,,,,,,,,,,,,,
,7.275988521782128e-09,7.275988521782128e-09,16609,,,,,,,,,,,,,,,,,,
,5.81026014279673e-09,5.81026014279673e-09,16614,,,,,,,,,,,,,,,,,,
,4.5092163459992115e-09,4.5092163459992115e-09,16619,,,,,,,,,,,,,,,,,,
,3.372858559846925e-09,3.372858559846925e-09,16624,,,,,,,,,,,,,,,,,,
,2.401188031991852e-09,2.401188031991852e-09,16629,,,,,,,,,,,,,,,,,,
,1.594205829297257e-09,1.594205829297257e-09,16634,,,,,,,,,,,,,,,,,,
,9.519128377377672e-10,9.519128377377672e-10,16639,,,,,,,,,,,,,,,,,,
,4.74309762549252e-10,4.74309762549252e-10,16644,,,,,,,,,,,,,,,,,,
,1.6139712809559724e-10,1.6139712809559724e-10,16649,,,,,,,,,,,,,,,,,,
,1.3175277935317807e-11,1.3175277935317807e-11,16654,,,,,,,,,,,,,,,,,,
23,,,16655,,,,,,,,,,,,,,14.643392562866211,10.987030982971191,1.8245259523391724,0.3027171492576599,0.3182477056980133
23,,,16655,0.7971323728561401,0.31902560591697693,0.40545979142189026,0.802322506904602,2.0199570655822754,0.4704023003578186,1.2142419815063477,0.054319847375154495,0.5900858044624329,0.06371302157640457,1.9739460945129395,1.6994596719741821,0.5934766530990601,,,,,
