<?xml version="1.0" encoding="UTF-8"?>
<osm version="0.6" generator="openstreetmap-cgimap 2.1.0 (1348 spike-07.openstreetmap.org)" copyright="OpenStreetMap and contributors" attribution="http://www.openstreetmap.org/copyright" license="http://opendatacommons.org/licenses/odbl/1-0/">
 <bounds minlat="55.7828450" minlon="37.6404320" maxlat="55.7844140" maxlon="37.6431620"/>
 <node id="100349333" visible="true" version="3" changeset="96347373" timestamp="2020-12-23T21:25:24Z" user="literan" uid="830106" lat="55.7835902" lon="37.6413561"/>
 <node id="100349335" visible="true" version="7" changeset="146686482" timestamp="2024-01-25T19:57:39Z" user="literan" uid="830106" lat="55.7836475" lon="37.6419474"/>
 <node id="412507400" visible="true" version="3" changeset="96347373" timestamp="2020-12-23T21:25:24Z" user="literan" uid="830106" lat="55.7833944" lon="37.6398744"/>
 <node id="412507401" visible="true" version="3" changeset="96347373" timestamp="2020-12-23T21:25:24Z" user="literan" uid="830106" lat="55.7830492" lon="37.6398954"/>
 <node id="412507407" visible="true" version="3" changeset="96347373" timestamp="2020-12-23T21:25:24Z" user="literan" uid="830106" lat="55.7833112" lon="37.6400862"/>
 <node id="412507408" visible="true" version="3" changeset="96347373" timestamp="2020-12-23T21:25:24Z" user="literan" uid="830106" lat="55.7833173" lon="37.6404087"/>
 <node id="412507409" visible="true" version="3" changeset="96347373" timestamp="2020-12-23T21:25:24Z" user="literan" uid="830106" lat="55.7834551" lon="37.6404003"/>
 <node id="412507410" visible="true" version="3" changeset="96347373" timestamp="2020-12-23T21:25:24Z" user="literan" uid="830106" lat="55.7834465" lon="37.6399529"/>
 <node id="412507411" visible="true" version="3" changeset="96347373" timestamp="2020-12-23T21:25:24Z" user="literan" uid="830106" lat="55.7833960" lon="37.6399559"/>
 <node id="412509532" visible="true" version="4" changeset="96347373" timestamp="2020-12-23T21:25:24Z" user="literan" uid="830106" lat="55.7829619" lon="37.6416612"/>
 <node id="412509533" visible="true" version="3" changeset="96347373" timestamp="2020-12-23T21:25:24Z" user="literan" uid="830106" lat="55.7819638" lon="37.6420748"/>
 <node id="412509534" visible="true" version="4" changeset="96347373" timestamp="2020-12-23T21:25:24Z" user="literan" uid="830106" lat="55.7829370" lon="37.6414712"/>
 <node id="412509535" visible="true" version="3" changeset="96347373" timestamp="2020-12-23T21:25:24Z" user="literan" uid="830106" lat="55.7819389" lon="37.6418848"/>
 <node id="529020799" visible="true" version="2" changeset="96347373" timestamp="2020-12-23T21:25:24Z" user="literan" uid="830106" lat="55.7837461" lon="37.6376048"/>
 <node id="529020801" visible="true" version="2" changeset="96347373" timestamp="2020-12-23T21:25:24Z" user="literan" uid="830106" lat="55.7837566" lon="37.6368967"/>
 <node id="529020804" visible="true" version="2" changeset="96347373" timestamp="2020-12-23T21:25:24Z" user="literan" uid="830106" lat="55.7837869" lon="37.6368539"/>
 <node id="529020808" visible="true" version="3" changeset="96347373" timestamp="2020-12-23T21:25:24Z" user="literan" uid="830106" lat="55.7849645" lon="37.6374594"/>
 <node id="529020891" visible="true" version="2" changeset="146443731" timestamp="2024-01-19T13:16:20Z" user="literan" uid="830106" lat="55.7811473" lon="37.6394125"/>
 <node id="529020894" visible="true" version="3" changeset="146443731" timestamp="2024-01-19T13:16:20Z" user="literan" uid="830106" lat="55.7808847" lon="37.6416320"/>
 <node id="529020897" visible="true" version="2" changeset="96347373" timestamp="2020-12-23T21:25:24Z" user="literan" uid="830106" lat="55.7818751" lon="37.6397984"/>
 <node id="529020899" visible="true" version="2" changeset="96347373" timestamp="2020-12-23T21:25:24Z" user="literan" uid="830106" lat="55.7821098" lon="37.6398021"/>
 <node id="529020902" visible="true" version="3" changeset="96347373" timestamp="2020-12-23T21:25:24Z" user="literan" uid="830106" lat="55.7815618" lon="37.6420070"/>
 <node id="529020903" visible="true" version="3" changeset="121805647" timestamp="2022-06-01T10:38:01Z" user="literan" uid="830106" lat="55.7814950" lon="37.6425773"/>
 <node id="529020904" visible="true" version="3" changeset="121805647" timestamp="2022-06-01T10:38:01Z" user="literan" uid="830106" lat="55.7815926" lon="37.6426735"/>
 <node id="529020918" visible="true" version="2" changeset="96347373" timestamp="2020-12-23T21:25:24Z" user="literan" uid="830106" lat="55.7835549" lon="37.6397240"/>
 <node id="529020919" visible="true" version="2" changeset="96347373" timestamp="2020-12-23T21:25:24Z" user="literan" uid="830106" lat="55.7835188" lon="37.6396633"/>
 <node id="529020921" visible="true" version="2" changeset="96347373" timestamp="2020-12-23T21:25:24Z" user="literan" uid="830106" lat="55.7836982" lon="37.6417825"/>
 <node id="529020922" visible="true" version="2" changeset="96347373" timestamp="2020-12-23T21:25:24Z" user="literan" uid="830106" lat="55.7836661" lon="37.6417397"/>
 <node id="529020923" visible="true" version="2" changeset="96347373" timestamp="2020-12-23T21:25:24Z" user="literan" uid="830106" lat="55.7836260" lon="37.6413237"/>
 <node id="529020924" visible="true" version="3" changeset="121805647" timestamp="2022-06-01T10:38:01Z" user="literan" uid="830106" lat="55.7835887" lon="37.6417747"/>
 <node id="529020925" visible="true" version="2" changeset="96347373" timestamp="2020-12-23T21:25:24Z" user="literan" uid="830106" lat="55.7835321" lon="37.6408367"/>
 <node id="529020926" visible="true" version="2" changeset="96347373" timestamp="2020-12-23T21:25:24Z" user="literan" uid="830106" lat="55.7839369" lon="37.6410604"/>
 <node id="529020927" visible="true" version="2" changeset="96347373" timestamp="2020-12-23T21:25:24Z" user="literan" uid="830106" lat="55.7839669" lon="37.6412915"/>
 <node id="529020930" visible="true" version="2" changeset="96347373" timestamp="2020-12-23T21:25:24Z" user="literan" uid="830106" lat="55.7848947" lon="37.6400480"/>
 <node id="529020933" visible="true" version="2" changeset="96347373" timestamp="2020-12-23T21:25:24Z" user="literan" uid="830106" lat="55.7850391" lon="37.6412291"/>
 <node id="529020934" visible="true" version="3" changeset="96347373" timestamp="2020-12-23T21:25:24Z" user="literan" uid="830106" lat="55.7849254" lon="37.6406546"/>
 <node id="529020935" visible="true" version="3" changeset="96347373" timestamp="2020-12-23T21:25:24Z" user="literan" uid="830106" lat="55.7849554" lon="37.6408857"/>
 <node id="529020942" visible="true" version="4" changeset="121805647" timestamp="2022-06-01T10:38:01Z" user="literan" uid="830106" lat="55.7841283" lon="37.6426376"/>
 <node id="529020943" visible="true" version="4" changeset="121805647" timestamp="2022-06-01T10:38:01Z" user="literan" uid="830106" lat="55.7841721" lon="37.6429669"/>
 <node id="529020945" visible="true" version="3" changeset="121805647" timestamp="2022-06-01T10:38:01Z" user="literan" uid="830106" lat="55.7835603" lon="37.6418610"/>
 <node id="529020948" visible="true" version="4" changeset="121805647" timestamp="2022-06-01T10:38:01Z" user="literan" uid="830106" lat="55.7847201" lon="37.6427365"/>
 <node id="571452180" visible="true" version="3" changeset="121805647" timestamp="2022-06-01T10:38:01Z" user="literan" uid="830106" lat="55.7848567" lon="37.6418796"/>
 <node id="571452181" visible="true" version="3" changeset="121805647" timestamp="2022-06-01T10:38:01Z" user="literan" uid="830106" lat="55.7846055" lon="37.6418801"/>
 <node id="571452182" visible="true" version="3" changeset="121805647" timestamp="2022-06-01T10:38:01Z" user="literan" uid="830106" lat="55.7845064" lon="37.6418112"/>
 <node id="571452183" visible="true" version="3" changeset="121805647" timestamp="2022-06-01T10:38:01Z" user="literan" uid="830106" lat="55.7848777" lon="37.6418705"/>
 <node id="571452184" visible="true" version="3" changeset="121805647" timestamp="2022-06-01T10:38:01Z" user="literan" uid="830106" lat="55.7848638" lon="37.6417686"/>
 <node id="571452185" visible="true" version="3" changeset="121805647" timestamp="2022-06-01T10:38:01Z" user="literan" uid="830106" lat="55.7845911" lon="37.6417747"/>
 <node id="571452187" visible="true" version="3" changeset="121805647" timestamp="2022-06-01T10:38:01Z" user="literan" uid="830106" lat="55.7843449" lon="37.6422719"/>
 <node id="571452188" visible="true" version="3" changeset="121805647" timestamp="2022-06-01T10:38:01Z" user="literan" uid="830106" lat="55.7842473" lon="37.6420985"/>
 <node id="571452189" visible="true" version="3" changeset="121805647" timestamp="2022-06-01T10:38:01Z" user="literan" uid="830106" lat="55.7848053" lon="37.6424985"/>
 <node id="571452190" visible="true" version="3" changeset="121805647" timestamp="2022-06-01T10:38:01Z" user="literan" uid="830106" lat="55.7845196" lon="37.6419073"/>
 <node id="571452191" visible="true" version="3" changeset="121805647" timestamp="2022-06-01T10:38:01Z" user="literan" uid="830106" lat="55.7849352" lon="37.6424550"/>
 <node id="571452192" visible="true" version="3" changeset="121805647" timestamp="2022-06-01T10:38:01Z" user="literan" uid="830106" lat="55.7847670" lon="37.6420897"/>
 <node id="583315725" visible="true" version="3" changeset="121805647" timestamp="2022-06-01T10:38:01Z" user="literan" uid="830106" lat="55.7838472" lon="37.6425447"/>
 <node id="583315726" visible="true" version="3" changeset="121805647" timestamp="2022-06-01T10:38:01Z" user="literan" uid="830106" lat="55.7826193" lon="37.6430452"/>
 <node id="583315727" visible="true" version="3" changeset="121805647" timestamp="2022-06-01T10:38:01Z" user="literan" uid="830106" lat="55.7824951" lon="37.6428256"/>
 <node id="583315728" visible="true" version="3" changeset="121805647" timestamp="2022-06-01T10:38:01Z" user="literan" uid="830106" lat="55.7837488" lon="37.6422980"/>
 <node id="599306672" visible="true" version="3" changeset="96347373" timestamp="2020-12-23T21:25:24Z" user="literan" uid="830106" lat="55.7837621" lon="37.6399303"/>
 <node id="599306676" visible="true" version="3" changeset="96347373" timestamp="2020-12-23T21:25:24Z" user="literan" uid="830106" lat="55.7838966" lon="37.6401149"/>
 <node id="599306680" visible="true" version="3" changeset="96347373" timestamp="2020-12-23T21:25:24Z" user="literan" uid="830106" lat="55.7840752" lon="37.6401098"/>
 <node id="599306681" visible="true" version="3" changeset="96347373" timestamp="2020-12-23T21:25:24Z" user="literan" uid="830106" lat="55.7840730" lon="37.6398691"/>
 <node id="599306686" visible="true" version="3" changeset="96347373" timestamp="2020-12-23T21:25:24Z" user="literan" uid="830106" lat="55.7837701" lon="37.6408233"/>
 <node id="599306690" visible="true" version="3" changeset="96347373" timestamp="2020-12-23T21:25:24Z" user="literan" uid="830106" lat="55.7839540" lon="37.6405625"/>
 <node id="599306694" visible="true" version="3" changeset="96347373" timestamp="2020-12-23T21:25:24Z" user="literan" uid="830106" lat="55.7839006" lon="37.6405640"/>
 <node id="599306698" visible="true" version="3" changeset="96347373" timestamp="2020-12-23T21:25:24Z" user="literan" uid="830106" lat="55.7839563" lon="37.6408180"/>
 <node id="602849283" visible="true" version="3" changeset="146507716" timestamp="2024-01-21T10:54:26Z" user="literan" uid="830106" lat="55.7839940" lon="37.6408933"/>
 <node id="602849284" visible="true" version="3" changeset="146494641" timestamp="2024-01-20T22:17:37Z" user="Fantomas" uid="478018" lat="55.7838547" lon="37.6409884"/>
 <node id="602849286" visible="true" version="3" changeset="121805647" timestamp="2022-06-01T10:38:01Z" user="literan" uid="830106" lat="55.7839305" lon="37.6418296"/>
 <node id="666974169" visible="true" version="3" changeset="91596882" timestamp="2020-09-27T20:30:08Z" user="literan" uid="830106" lat="55.7833197" lon="37.6411888"/>
 <node id="666974170" visible="true" version="3" changeset="91596882" timestamp="2020-09-27T20:30:08Z" user="literan" uid="830106" lat="55.7833204" lon="37.6412808"/>
 <node id="666974172" visible="true" version="3" changeset="91596882" timestamp="2020-09-27T20:30:08Z" user="literan" uid="830106" lat="55.7831635" lon="37.6413012"/>
 <node id="666974174" visible="true" version="3" changeset="91596882" timestamp="2020-09-27T20:30:08Z" user="literan" uid="830106" lat="55.7831650" lon="37.6415127"/>
 <node id="666974176" visible="true" version="3" changeset="91596882" timestamp="2020-09-27T20:30:08Z" user="literan" uid="830106" lat="55.7833792" lon="37.6415080"/>
 <node id="666974177" visible="true" version="3" changeset="91596882" timestamp="2020-09-27T20:30:08Z" user="literan" uid="830106" lat="55.7833784" lon="37.6413945"/>
 <node id="666974179" visible="true" version="3" changeset="91596882" timestamp="2020-09-27T20:30:08Z" user="literan" uid="830106" lat="55.7834816" lon="37.6413923"/>
 <node id="666974181" visible="true" version="3" changeset="91596882" timestamp="2020-09-27T20:30:08Z" user="literan" uid="830106" lat="55.7834802" lon="37.6411853"/>
 <node id="666974183" visible="true" version="3" changeset="121805647" timestamp="2022-06-01T10:38:01Z" user="literan" uid="830106" lat="55.7842342" lon="37.6419089"/>
 <node id="666974185" visible="true" version="3" changeset="121805647" timestamp="2022-06-01T10:38:01Z" user="literan" uid="830106" lat="55.7840374" lon="37.6419926"/>
 <node id="666974187" visible="true" version="3" changeset="121805647" timestamp="2022-06-01T10:38:01Z" user="literan" uid="830106" lat="55.7840623" lon="37.6421772"/>
 <node id="1426820267" visible="true" version="2" changeset="96347373" timestamp="2020-12-23T21:25:24Z" user="literan" uid="830106" lat="55.7839278" lon="37.6398732"/>
 <node id="1426820268" visible="true" version="2" changeset="96347373" timestamp="2020-12-23T21:25:24Z" user="literan" uid="830106" lat="55.7839282" lon="37.6399256"/>
 <node id="1836880805" visible="true" version="2" changeset="121805647" timestamp="2022-06-01T10:38:01Z" user="literan" uid="830106" lat="55.7822563" lon="37.6433917"/>
 <node id="1836880827" visible="true" version="2" changeset="96347373" timestamp="2020-12-23T21:25:24Z" user="literan" uid="830106" lat="55.7827779" lon="37.6411594"/>
 <node id="1836880831" visible="true" version="2" changeset="96347373" timestamp="2020-12-23T21:25:24Z" user="literan" uid="830106" lat="55.7828093" lon="37.6404316"/>
 <node id="1836880832" visible="true" version="2" changeset="96347373" timestamp="2020-12-23T21:25:24Z" user="literan" uid="830106" lat="55.7828063" lon="37.6396621"/>
 <node id="1836880845" visible="true" version="2" changeset="96347373" timestamp="2020-12-23T21:25:24Z" user="literan" uid="830106" lat="55.7829041" lon="37.6397806"/>
 <node id="1836880848" visible="true" version="2" changeset="96347373" timestamp="2020-12-23T21:25:24Z" user="literan" uid="830106" lat="55.7829335" lon="37.6397785">
  <tag k="access" v="private"/>
  <tag k="barrier" v="gate"/>
 </node>
 <node id="1836880852" visible="true" version="1" changeset="12474268" timestamp="2012-07-24T19:12:50Z" user="Fantomas" uid="478018" lat="55.7829633" lon="37.6405422"/>
 <node id="1836880853" visible="true" version="1" changeset="12474268" timestamp="2012-07-24T19:12:50Z" user="Fantomas" uid="478018" lat="55.7829633" lon="37.6407155"/>
 <node id="1836880861" visible="true" version="2" changeset="96347373" timestamp="2020-12-23T21:25:24Z" user="literan" uid="830106" lat="55.7830531" lon="37.6401018"/>
 <node id="1836880863" visible="true" version="1" changeset="12474268" timestamp="2012-07-24T19:12:50Z" user="Fantomas" uid="478018" lat="55.7830752" lon="37.6405422"/>
 <node id="1836880864" visible="true" version="1" changeset="12474268" timestamp="2012-07-24T19:12:50Z" user="Fantomas" uid="478018" lat="55.7830752" lon="37.6407155"/>
 <node id="1836880870" visible="true" version="2" changeset="96347373" timestamp="2020-12-23T21:25:24Z" user="literan" uid="830106" lat="55.7831345" lon="37.6406910"/>
 <node id="1836880872" visible="true" version="2" changeset="96347373" timestamp="2020-12-23T21:25:24Z" user="literan" uid="830106" lat="55.7831339" lon="37.6403825"/>
 <node id="1836880874" visible="true" version="2" changeset="96347373" timestamp="2020-12-23T21:25:24Z" user="literan" uid="830106" lat="55.7831613" lon="37.6406886"/>
 <node id="1836880875" visible="true" version="2" changeset="96347373" timestamp="2020-12-23T21:25:24Z" user="literan" uid="830106" lat="55.7831661" lon="37.6406691"/>
 <node id="1836880878" visible="true" version="2" changeset="96347373" timestamp="2020-12-23T21:25:24Z" user="literan" uid="830106" lat="55.7831806" lon="37.6406660"/>
 <node id="1836880883" visible="true" version="2" changeset="96347373" timestamp="2020-12-23T21:25:24Z" user="literan" uid="830106" lat="55.7832060" lon="37.6407294"/>
 <node id="1836880885" visible="true" version="2" changeset="96347373" timestamp="2020-12-23T21:25:24Z" user="literan" uid="830106" lat="55.7832474" lon="37.6406839"/>
 <node id="1836880886" visible="true" version="2" changeset="96347373" timestamp="2020-12-23T21:25:24Z" user="literan" uid="830106" lat="55.7832469" lon="37.6403793"/>
 <node id="1836880888" visible="true" version="1" changeset="12474268" timestamp="2012-07-24T19:12:51Z" user="Fantomas" uid="478018" lat="55.7832706" lon="37.6405852"/>
 <node id="1836880896" visible="true" version="2" changeset="96347373" timestamp="2020-12-23T21:25:24Z" user="literan" uid="830106" lat="55.7834755" lon="37.6397289">
  <tag k="access" v="private"/>
  <tag k="barrier" v="gate"/>
 </node>
 <node id="1836880897" visible="true" version="2" changeset="96347373" timestamp="2020-12-23T21:25:24Z" user="literan" uid="830106" lat="55.7835019" lon="37.6405835"/>
 <node id="1836880898" visible="true" version="2" changeset="96347373" timestamp="2020-12-23T21:25:24Z" user="literan" uid="830106" lat="55.7835148" lon="37.6397268"/>
 <node id="1836880900" visible="true" version="9" changeset="165939505" timestamp="2025-05-07T13:40:58Z" user="Travieso" uid="5642897" lat="55.7835599" lon="37.6419839">
  <tag k="button_operated" v="no"/>
  <tag k="crossing" v="traffic_signals"/>
  <tag k="crossing:island" v="no"/>
  <tag k="highway" v="crossing"/>
  <tag k="tactile_paving" v="no"/>
  <tag k="traffic_signals" v="signal"/>
  <tag k="traffic_signals:sound" v="no"/>
 </node>
 <node id="1836880902" visible="true" version="7" changeset="165939505" timestamp="2025-05-07T13:41:13Z" user="Travieso" uid="5642897" lat="55.7836266" lon="37.6417318">
  <tag k="button_operated" v="no"/>
  <tag k="crossing" v="traffic_signals"/>
  <tag k="highway" v="crossing"/>
  <tag k="tactile_paving" v="no"/>
  <tag k="traffic_signals:sound" v="no"/>
 </node>
 <node id="1836880908" visible="true" version="2" changeset="121805647" timestamp="2022-06-01T10:38:01Z" user="literan" uid="830106" lat="55.7837041" lon="37.6429504"/>
 <node id="1836880909" visible="true" version="2" changeset="121805647" timestamp="2022-06-01T10:38:01Z" user="literan" uid="830106" lat="55.7837294" lon="37.6431474"/>
 <node id="1836880934" visible="true" version="2" changeset="121805647" timestamp="2022-06-01T10:38:01Z" user="literan" uid="830106" lat="55.7840160" lon="37.6428234"/>
 <node id="1836880937" visible="true" version="2" changeset="121805647" timestamp="2022-06-01T10:38:01Z" user="literan" uid="830106" lat="55.7840414" lon="37.6430204"/>
 <node id="1836880974" visible="true" version="2" changeset="121805647" timestamp="2022-06-01T10:38:01Z" user="literan" uid="830106" lat="55.7843077" lon="37.6419988"/>
 <node id="1836881044" visible="true" version="2" changeset="121805647" timestamp="2022-06-01T10:38:01Z" user="literan" uid="830106" lat="55.7846638" lon="37.6418549"/>
 <node id="1836881046" visible="true" version="2" changeset="121805647" timestamp="2022-06-01T10:38:01Z" user="literan" uid="830106" lat="55.7846996" lon="37.6421188"/>
 <node id="1836881058" visible="true" version="2" changeset="121805647" timestamp="2022-06-01T10:38:01Z" user="literan" uid="830106" lat="55.7847871" lon="37.6423655"/>
 <node id="1836881060" visible="true" version="2" changeset="121805647" timestamp="2022-06-01T10:38:01Z" user="literan" uid="830106" lat="55.7848037" lon="37.6423584"/>
 <node id="2942413380" visible="true" version="5" changeset="146640500" timestamp="2024-01-24T17:52:09Z" user="Fantomas" uid="478018" lat="55.7835428" lon="37.6424323">
  <tag k="amenity" v="dentist"/>
  <tag k="healthcare" v="dentist"/>
  <tag k="health_facility:type" v="clinic"/>
  <tag k="health_specialty:dentistry" v="yes"/>
  <tag k="inscription" v="Стоматология"/>
  <tag k="medical_system:western" v="yes"/>
  <tag k="opening_hours" v="Mo-Fr 10:00-21:00; Sa,Su 11:00-18:00"/>
 </node>
 <node id="2942419414" visible="true" version="41" changeset="171739447" timestamp="2025-09-10T14:32:10Z" user="literan" uid="830106" lat="55.7834448" lon="37.6424913">
  <tag k="amenity" v="fast_food"/>
  <tag k="brand" v="Domino Pizza"/>
  <tag k="brand:en" v="Domino Pizza"/>
  <tag k="brand:ru" v="Домино Пицца"/>
  <tag k="contact:phone" v="+7 495 2408413"/>
  <tag k="contact:telegram" v="https://t.me/dominopizzarussia"/>
  <tag k="contact:vk" v="https://vk.com/dominopizzarussia"/>
  <tag k="contact:website" v="https://dominopizza.ru/"/>
  <tag k="cuisine" v="pizza"/>
  <tag k="delivery" v="yes"/>
  <tag k="name" v="Domino Pizza"/>
  <tag k="name:en" v="Domino Pizza"/>
  <tag k="name:ru" v="Домино Пицца"/>
  <tag k="opening_hours" v="09:00-23:00"/>
  <tag k="takeaway" v="yes"/>
 </node>
 <node id="2942419415" visible="true" version="35" changeset="146640500" timestamp="2024-01-24T17:52:09Z" user="Fantomas" uid="478018" lat="55.7835021" lon="37.6424631">
  <tag k="contact:phone" v="+7 917 5509748"/>
  <tag k="contact:vk" v="https://vk.com/public211512686"/>
  <tag k="name" v="Виктория Эконом-стиль"/>
  <tag k="shop" v="hairdresser"/>
 </node>
 <node id="2942419416" visible="true" version="49" changeset="157025850" timestamp="2024-09-24T07:40:40Z" user="dpolovinkin" uid="6710042" lat="55.7829885" lon="37.6426697">
  <tag k="alt_name" v="Пятерочка"/>
  <tag k="brand" v="Пятёрочка"/>
  <tag k="brand:en" v="Pyaterochka"/>
  <tag k="brand:wikidata" v="Q1768969"/>
  <tag k="brand:wikipedia" v="ru:Пятёрочка"/>
  <tag k="contact:email" v="vopros@5ka.ru"/>
  <tag k="contact:facebook" v="https://www.facebook.com/pyaterochka"/>
  <tag k="contact:instagram" v="https://www.instagram.com/pyaterochka_official"/>
  <tag k="contact:ok" v="https://ok.ru/pyaterochka"/>
  <tag k="contact:phone" v="+7 800 5555505"/>
  <tag k="contact:vk" v="https://vk.com/pyaterochka_shop"/>
  <tag k="contact:website" v="https://5ka.ru"/>
  <tag k="name" v="Пятёрочка"/>
  <tag k="name:en" v="Pyaterochka"/>
  <tag k="opening_hours" v="PH,Mo-Su 08:00-23:00"/>
  <tag k="shop" v="supermarket"/>
 </node>
 <node id="2942419948" visible="true" version="4" changeset="146494641" timestamp="2024-01-20T22:17:37Z" user="Fantomas" uid="478018" lat="55.7841253" lon="37.6411785">
  <tag k="check_date" v="2024-01-20"/>
  <tag k="contact:phone" v="+7 495 6805477;+7 495 5323570"/>
  <tag k="contact:website" v="https://www.1megastyle.ru"/>
  <tag k="name" v="Мега Стиль"/>
  <tag k="opening_hours" v="Mo-Su 09:00-21:00"/>
  <tag k="shop" v="hairdresser"/>
 </node>
 <node id="2942419949" visible="true" version="4" changeset="146494641" timestamp="2024-01-20T22:17:37Z" user="Fantomas" uid="478018" lat="55.7843669" lon="37.6410763">
  <tag k="check_date" v="2024-01-20"/>
  <tag k="contact:phone" v="+7 495 6645421"/>
  <tag k="contact:website" v="https://salonflowers.ru"/>
  <tag k="contact:whatsapp" v="+7 929 6486192"/>
  <tag k="delivery" v="yes"/>
  <tag k="name" v="Salon Flowers"/>
  <tag k="shop" v="florist"/>
 </node>
 <node id="3279123203" visible="true" version="36" changeset="165939515" timestamp="2025-05-07T13:36:52Z" user="Travieso" uid="5642897" lat="55.7828483" lon="37.6424846">
  <tag k="bench" v="yes"/>
  <tag k="bin" v="yes"/>
  <tag k="check_date:shelter" v="2025-05-07"/>
  <tag k="highway" v="bus_stop"/>
  <tag k="lit" v="yes"/>
  <tag k="name" v="Орлово-Давыдовский переулок"/>
  <tag k="name:uk" v="Орлово-Давидівський провулок"/>
  <tag k="operator" v="Мосгортранс"/>
  <tag k="public_transport" v="platform"/>
  <tag k="shelter" v="yes"/>
  <tag k="tactile_paving" v="no"/>
 </node>
 <node id="3641107892" visible="true" version="3" changeset="96347373" timestamp="2020-12-23T21:25:24Z" user="literan" uid="830106" lat="55.7849974" lon="37.6375588"/>
 <node id="4057080078" visible="true" version="41" changeset="141400391" timestamp="2023-09-17T22:47:20Z" user="Bloodmage" uid="149719" lat="55.7832251" lon="37.6414669">
  <tag k="addr:city" v="Москва"/>
  <tag k="addr:housenumber" v="9"/>
  <tag k="addr:street" v="Большая Переяславская улица"/>
  <tag k="amenity" v="bank"/>
  <tag k="branch" v="Московский банк"/>
  <tag k="contact:facebook" v="https://www.facebook.com/sberbank"/>
  <tag k="contact:instagram" v="https://www.instagram.com/sberbank/"/>
  <tag k="contact:ok" v="https://ok.ru/sberbank"/>
  <tag k="contact:phone" v="+7 800 5555550"/>
  <tag k="contact:twitter" v="https://twitter.com/sberbank/"/>
  <tag k="contact:vk" v="https://vk.com/sberbank"/>
  <tag k="contact:website" v="https://www.sberbank.ru"/>
  <tag k="contact:youtube" v="https://www.youtube.com/sberbank"/>
  <tag k="name" v="Сбербанк"/>
  <tag k="name:en" v="Sberbank"/>
  <tag k="opening_hours" v="Mo-Fr 10:00-19:00"/>
  <tag k="operator" v="ПАО Сбербанк"/>
  <tag k="operator:wikidata" v="Q205012"/>
  <tag k="operator:wikipedia" v="ru:Сбербанк России"/>
  <tag k="ref" v="9038/01275"/>
  <tag k="wheelchair" v="no"/>
 </node>
 <node id="4196848745" visible="true" version="2" changeset="96347373" timestamp="2020-12-23T21:25:24Z" user="literan" uid="830106" lat="55.7836315" lon="37.6410959"/>
 <node id="4196848749" visible="true" version="2" changeset="96347373" timestamp="2020-12-23T21:25:24Z" user="literan" uid="830106" lat="55.7830227" lon="37.6412011"/>
 <node id="4196848755" visible="true" version="2" changeset="96347373" timestamp="2020-12-23T21:25:24Z" user="literan" uid="830106" lat="55.7831306" lon="37.6419940"/>
 <node id="4196848757" visible="true" version="2" changeset="96347373" timestamp="2020-12-23T21:25:24Z" user="literan" uid="830106" lat="55.7835183" lon="37.6408405"/>
 <node id="4196848762" visible="true" version="3" changeset="121805647" timestamp="2022-06-01T10:38:01Z" user="literan" uid="830106" lat="55.7838897" lon="37.6414139"/>
 <node id="4196848764" visible="true" version="2" changeset="96347373" timestamp="2020-12-23T21:25:24Z" user="literan" uid="830106" lat="55.7836754" lon="37.6417138"/>
 <node id="4196848767" visible="true" version="2" changeset="96347373" timestamp="2020-12-23T21:25:24Z" user="literan" uid="830106" lat="55.7818700" lon="37.6425105"/>
 <node id="4196848768" visible="true" version="2" changeset="96347373" timestamp="2020-12-23T21:25:24Z" user="literan" uid="830106" lat="55.7829435" lon="37.6411844"/>
 <node id="4196848770" visible="true" version="3" changeset="121805647" timestamp="2022-06-01T10:38:01Z" user="literan" uid="830106" lat="55.7856266" lon="37.6413158"/>
 <node id="4196848773" visible="true" version="2" changeset="96347373" timestamp="2020-12-23T21:25:24Z" user="literan" uid="830106" lat="55.7831515" lon="37.6421530"/>
 <node id="4196848779" visible="true" version="2" changeset="121805647" timestamp="2022-06-01T10:38:01Z" user="literan" uid="830106" lat="55.7846447" lon="37.6417144"/>
 <node id="4196848782" visible="true" version="3" changeset="121805647" timestamp="2022-06-01T10:38:01Z" user="literan" uid="830106" lat="55.7835810" lon="37.6421608"/>
 <node id="4196848783" visible="true" version="2" changeset="96347373" timestamp="2020-12-23T21:25:24Z" user="literan" uid="830106" lat="55.7835406" lon="37.6418228"/>
 <node id="4261845473" visible="true" version="7" changeset="154607035" timestamp="2024-07-30T13:36:22Z" user="mavl" uid="564990" lat="55.7828258" lon="37.6422868">
  <tag k="bus" v="yes"/>
  <tag k="name" v="Орлово-Давыдовский переулок"/>
  <tag k="public_transport" v="stop_position"/>
 </node>
 <node id="4261845474" visible="true" version="32" changeset="165939512" timestamp="2025-05-07T13:36:58Z" user="Travieso" uid="5642897" lat="55.7828805" lon="37.6420528">
  <tag k="bench" v="yes"/>
  <tag k="bin" v="yes"/>
  <tag k="highway" v="bus_stop"/>
  <tag k="lit" v="yes"/>
  <tag k="name" v="Орлово-Давыдовский переулок"/>
  <tag k="name:uk" v="Орлово-Давидівський провулок"/>
  <tag k="operator" v="Мосгортранс"/>
  <tag k="public_transport" v="platform"/>
  <tag k="shelter" v="yes"/>
  <tag k="tactile_paving" v="no"/>
 </node>
 <node id="4261845475" visible="true" version="6" changeset="154606705" timestamp="2024-07-30T13:29:14Z" user="mavl" uid="564990" lat="55.7829038" lon="37.6422553">
  <tag k="bus" v="yes"/>
  <tag k="name" v="Орлово-Давыдовский переулок"/>
  <tag k="public_transport" v="stop_position"/>
 </node>
 <node id="4261845476" visible="true" version="6" changeset="154607060" timestamp="2024-07-30T13:36:36Z" user="mavl" uid="564990" lat="55.7835931" lon="37.6402071">
  <tag k="bus" v="yes"/>
  <tag k="name" v="Орлово-Давыдовский переулок, 6"/>
  <tag k="public_transport" v="stop_position"/>
 </node>
 <node id="5360458423" visible="true" version="30" changeset="146640500" timestamp="2024-01-24T17:52:09Z" user="Fantomas" uid="478018" lat="55.7833858" lon="37.6425073">
  <tag k="name" v="Tsvet"/>
  <tag k="opening_hours" v="Mo-Su 10:00-20:00"/>
  <tag k="phone" v="+7 925 1218867"/>
  <tag k="shop" v="florist"/>
  <tag k="website" v="http://www.flowbar.ru"/>
 </node>
 <node id="5563034381" visible="true" version="3" changeset="96347373" timestamp="2020-12-23T21:25:24Z" user="literan" uid="830106" lat="55.7848284" lon="37.6406944">
  <tag k="addr:flats" v="1-32"/>
  <tag k="entrance" v="staircase"/>
  <tag k="ref" v="1"/>
 </node>
 <node id="5563034382" visible="true" version="3" changeset="96347373" timestamp="2020-12-23T21:25:24Z" user="literan" uid="830106" lat="55.7846342" lon="37.6407741">
  <tag k="addr:flats" v="33-64"/>
  <tag k="entrance" v="staircase"/>
  <tag k="ref" v="2"/>
 </node>
 <node id="5563034383" visible="true" version="3" changeset="96347373" timestamp="2020-12-23T21:25:24Z" user="literan" uid="830106" lat="55.7844401" lon="37.6408538">
  <tag k="addr:flats" v="65-96"/>
  <tag k="entrance" v="staircase"/>
  <tag k="ref" v="3"/>
 </node>
 <node id="5563034384" visible="true" version="3" changeset="96347373" timestamp="2020-12-23T21:25:24Z" user="literan" uid="830106" lat="55.7842460" lon="37.6409335">
  <tag k="addr:flats" v="97-128"/>
  <tag k="entrance" v="staircase"/>
  <tag k="ref" v="4"/>
 </node>
 <node id="5563034385" visible="true" version="3" changeset="96347373" timestamp="2020-12-23T21:25:24Z" user="literan" uid="830106" lat="55.7840518" lon="37.6410132">
  <tag k="addr:flats" v="129-160"/>
  <tag k="entrance" v="staircase"/>
  <tag k="ref" v="5"/>
 </node>
 <node id="7113112060" visible="true" version="2" changeset="96347373" timestamp="2020-12-23T21:25:24Z" user="literan" uid="830106" lat="55.7835813" lon="37.6406452"/>
 <node id="7590288545" visible="true" version="3" changeset="146494641" timestamp="2024-01-20T22:17:37Z" user="Fantomas" uid="478018" lat="55.7839399" lon="37.6396755"/>
 <node id="7590288547" visible="true" version="3" changeset="146494641" timestamp="2024-01-20T22:17:37Z" user="Fantomas" uid="478018" lat="55.7840305" lon="37.6396750"/>
 <node id="7721829032" visible="true" version="1" changeset="88100351" timestamp="2020-07-16T17:38:48Z" user="literan" uid="830106" lat="55.7849686" lon="37.6416224"/>
 <node id="7721829036" visible="true" version="1" changeset="88100351" timestamp="2020-07-16T17:38:48Z" user="literan" uid="830106" lat="55.7849686" lon="37.6415768"/>
 <node id="7903619810" visible="true" version="2" changeset="92006749" timestamp="2020-10-05T20:34:20Z" user="literan" uid="830106" lat="55.7774703" lon="37.6748428"/>
 <node id="7903619811" visible="true" version="1" changeset="90834570" timestamp="2020-09-14T00:34:20Z" user="stargunru" uid="9133906" lat="55.7774226" lon="37.6747581"/>
 <node id="7903619812" visible="true" version="1" changeset="90834570" timestamp="2020-09-14T00:34:20Z" user="stargunru" uid="9133906" lat="55.7773396" lon="37.6748653"/>
 <node id="7903619813" visible="true" version="1" changeset="90834570" timestamp="2020-09-14T00:34:20Z" user="stargunru" uid="9133906" lat="55.7772385" lon="37.6746695"/>
 <node id="7903619814" visible="true" version="2" changeset="137940181" timestamp="2023-06-30T04:10:55Z" user="solenoid jam" uid="10129333" lat="55.7772566" lon="37.6734974"/>
 <node id="7903619815" visible="true" version="1" changeset="90834570" timestamp="2020-09-14T00:34:20Z" user="stargunru" uid="9133906" lat="55.7763710" lon="37.6715795"/>
 <node id="7903619816" visible="true" version="1" changeset="90834570" timestamp="2020-09-14T00:34:20Z" user="stargunru" uid="9133906" lat="55.7763222" lon="37.6714556"/>
 <node id="7903619817" visible="true" version="1" changeset="90834570" timestamp="2020-09-14T00:34:20Z" user="stargunru" uid="9133906" lat="55.7759440" lon="37.6712609"/>
 <node id="7903619818" visible="true" version="1" changeset="90834570" timestamp="2020-09-14T00:34:20Z" user="stargunru" uid="9133906" lat="55.7758534" lon="37.6712733"/>
 <node id="7903619819" visible="true" version="1" changeset="90834570" timestamp="2020-09-14T00:34:20Z" user="stargunru" uid="9133906" lat="55.7749616" lon="37.6725899"/>
 <node id="7903619820" visible="true" version="1" changeset="90834570" timestamp="2020-09-14T00:34:20Z" user="stargunru" uid="9133906" lat="55.7747894" lon="37.6728960"/>
 <node id="7903619821" visible="true" version="1" changeset="90834570" timestamp="2020-09-14T00:34:20Z" user="stargunru" uid="9133906" lat="55.7742848" lon="37.6726766"/>
 <node id="7903619822" visible="true" version="1" changeset="90834570" timestamp="2020-09-14T00:34:20Z" user="stargunru" uid="9133906" lat="55.7740350" lon="37.6723528"/>
 <node id="7903619823" visible="true" version="1" changeset="90834570" timestamp="2020-09-14T00:34:20Z" user="stargunru" uid="9133906" lat="55.7736059" lon="37.6714611"/>
 <node id="7903619824" visible="true" version="1" changeset="90834570" timestamp="2020-09-14T00:34:20Z" user="stargunru" uid="9133906" lat="55.7733237" lon="37.6711070"/>
 <node id="7903619825" visible="true" version="1" changeset="90834570" timestamp="2020-09-14T00:34:20Z" user="stargunru" uid="9133906" lat="55.7732408" lon="37.6709300"/>
 <node id="7903619826" visible="true" version="1" changeset="90834570" timestamp="2020-09-14T00:34:20Z" user="stargunru" uid="9133906" lat="55.7730944" lon="37.6707476"/>
 <node id="7903619827" visible="true" version="1" changeset="90834570" timestamp="2020-09-14T00:34:20Z" user="stargunru" uid="9133906" lat="55.7729722" lon="37.6703668"/>
 <node id="7903619828" visible="true" version="1" changeset="90834570" timestamp="2020-09-14T00:34:20Z" user="stargunru" uid="9133906" lat="55.7728560" lon="37.6697552"/>
 <node id="7903619829" visible="true" version="1" changeset="90834570" timestamp="2020-09-14T00:34:20Z" user="stargunru" uid="9133906" lat="55.7728259" lon="37.6697123"/>
 <node id="7903619830" visible="true" version="1" changeset="90834570" timestamp="2020-09-14T00:34:20Z" user="stargunru" uid="9133906" lat="55.7725890" lon="37.6698169"/>
 <node id="7903619831" visible="true" version="1" changeset="90834570" timestamp="2020-09-14T00:34:20Z" user="stargunru" uid="9133906" lat="55.7717034" lon="37.6696694"/>
 <node id="7903619832" visible="true" version="1" changeset="90834570" timestamp="2020-09-14T00:34:20Z" user="stargunru" uid="9133906" lat="55.7716491" lon="37.6695353"/>
 <node id="7903619833" visible="true" version="1" changeset="90834570" timestamp="2020-09-14T00:34:20Z" user="stargunru" uid="9133906" lat="55.7715872" lon="37.6691705"/>
 <node id="7903619834" visible="true" version="1" changeset="90834570" timestamp="2020-09-14T00:34:20Z" user="stargunru" uid="9133906" lat="55.7716431" lon="37.6675692"/>
 <node id="7903619835" visible="true" version="1" changeset="90834570" timestamp="2020-09-14T00:34:20Z" user="stargunru" uid="9133906" lat="55.7718663" lon="37.6650292"/>
 <node id="7903619836" visible="true" version="1" changeset="90834570" timestamp="2020-09-14T00:34:20Z" user="stargunru" uid="9133906" lat="55.7719116" lon="37.6647395"/>
 <node id="7903619837" visible="true" version="1" changeset="90834570" timestamp="2020-09-14T00:34:20Z" user="stargunru" uid="9133906" lat="55.7720278" lon="37.6640904"/>
 <node id="7903619838" visible="true" version="1" changeset="90834570" timestamp="2020-09-14T00:34:20Z" user="stargunru" uid="9133906" lat="55.7722661" lon="37.6625267"/>
 <node id="7903619839" visible="true" version="1" changeset="90834570" timestamp="2020-09-14T00:34:20Z" user="stargunru" uid="9133906" lat="55.7723491" lon="37.6618266"/>
 <node id="7903619840" visible="true" version="1" changeset="90834570" timestamp="2020-09-14T00:34:20Z" user="stargunru" uid="9133906" lat="55.7724125" lon="37.6609978"/>
 <node id="7903619841" visible="true" version="1" changeset="90834570" timestamp="2020-09-14T00:34:20Z" user="stargunru" uid="9133906" lat="55.7724336" lon="37.6602092"/>
 <node id="7903619842" visible="true" version="1" changeset="90834570" timestamp="2020-09-14T00:34:20Z" user="stargunru" uid="9133906" lat="55.7724321" lon="37.6593697"/>
 <node id="7903619843" visible="true" version="1" changeset="90834570" timestamp="2020-09-14T00:34:20Z" user="stargunru" uid="9133906" lat="55.7725181" lon="37.6592517"/>
 <node id="7903619844" visible="true" version="1" changeset="90834570" timestamp="2020-09-14T00:34:20Z" user="stargunru" uid="9133906" lat="55.7724532" lon="37.6580581"/>
 <node id="7903619845" visible="true" version="1" changeset="90834570" timestamp="2020-09-14T00:34:20Z" user="stargunru" uid="9133906" lat="55.7724909" lon="37.6576987"/>
 <node id="7903619846" visible="true" version="1" changeset="90834570" timestamp="2020-09-14T00:34:20Z" user="stargunru" uid="9133906" lat="55.7724125" lon="37.6573849"/>
 <node id="7903619847" visible="true" version="1" changeset="90834570" timestamp="2020-09-14T00:34:20Z" user="stargunru" uid="9133906" lat="55.7723552" lon="37.6570710"/>
 <node id="7903619848" visible="true" version="1" changeset="90834570" timestamp="2020-09-14T00:34:20Z" user="stargunru" uid="9133906" lat="55.7723159" lon="37.6567090"/>
 <node id="7903619849" visible="true" version="1" changeset="90834570" timestamp="2020-09-14T00:34:20Z" user="stargunru" uid="9133906" lat="55.7722892" lon="37.6563682"/>
 <node id="7903619850" visible="true" version="1" changeset="90834570" timestamp="2020-09-14T00:34:20Z" user="stargunru" uid="9133906" lat="55.7722770" lon="37.6559661"/>
 <node id="7903619851" visible="true" version="1" changeset="90834570" timestamp="2020-09-14T00:34:20Z" user="stargunru" uid="9133906" lat="55.7722866" lon="37.6555902"/>
 <node id="7903619852" visible="true" version="1" changeset="90834570" timestamp="2020-09-14T00:34:20Z" user="stargunru" uid="9133906" lat="55.7723117" lon="37.6551635"/>
 <node id="7903619853" visible="true" version="1" changeset="90834570" timestamp="2020-09-14T00:34:20Z" user="stargunru" uid="9133906" lat="55.7723056" lon="37.6550033"/>
 <node id="7903619854" visible="true" version="1" changeset="90834570" timestamp="2020-09-14T00:34:20Z" user="stargunru" uid="9133906" lat="55.7729936" lon="37.6546073"/>
 <node id="7903619855" visible="true" version="1" changeset="90834570" timestamp="2020-09-14T00:34:20Z" user="stargunru" uid="9133906" lat="55.7730040" lon="37.6530868"/>
 <node id="7903619856" visible="true" version="1" changeset="90834570" timestamp="2020-09-14T00:34:20Z" user="stargunru" uid="9133906" lat="55.7730118" lon="37.6530406"/>
 <node id="7903619857" visible="true" version="1" changeset="90834570" timestamp="2020-09-14T00:34:20Z" user="stargunru" uid="9133906" lat="55.7730309" lon="37.6529990"/>
 <node id="7903619858" visible="true" version="1" changeset="90834570" timestamp="2020-09-14T00:34:20Z" user="stargunru" uid="9133906" lat="55.7755376" lon="37.6513491"/>
 <node id="7903619859" visible="true" version="1" changeset="90834570" timestamp="2020-09-14T00:34:20Z" user="stargunru" uid="9133906" lat="55.7756485" lon="37.6511812"/>
 <node id="7903619860" visible="true" version="1" changeset="90834570" timestamp="2020-09-14T00:34:20Z" user="stargunru" uid="9133906" lat="55.7758660" lon="37.6509455"/>
 <node id="7903619861" visible="true" version="1" changeset="90834570" timestamp="2020-09-14T00:34:20Z" user="stargunru" uid="9133906" lat="55.7759483" lon="37.6510703"/>
 <node id="7903619862" visible="true" version="1" changeset="90834570" timestamp="2020-09-14T00:34:20Z" user="stargunru" uid="9133906" lat="55.7760167" lon="37.6511134"/>
 <node id="7903619863" visible="true" version="1" changeset="90834570" timestamp="2020-09-14T00:34:20Z" user="stargunru" uid="9133906" lat="55.7761025" lon="37.6510749"/>
 <node id="7903619864" visible="true" version="1" changeset="90834570" timestamp="2020-09-14T00:34:20Z" user="stargunru" uid="9133906" lat="55.7762143" lon="37.6509548"/>
 <node id="7903619865" visible="true" version="1" changeset="90834570" timestamp="2020-09-14T00:34:20Z" user="stargunru" uid="9133906" lat="55.7773640" lon="37.6475918"/>
 <node id="7903619866" visible="true" version="1" changeset="90834570" timestamp="2020-09-14T00:34:20Z" user="stargunru" uid="9133906" lat="55.7774108" lon="37.6475148"/>
 <node id="7903619867" visible="true" version="1" changeset="90834570" timestamp="2020-09-14T00:34:20Z" user="stargunru" uid="9133906" lat="55.7774801" lon="37.6474716"/>
 <node id="7903619868" visible="true" version="1" changeset="90834570" timestamp="2020-09-14T00:34:20Z" user="stargunru" uid="9133906" lat="55.7775382" lon="37.6474593"/>
 <node id="7903619869" visible="true" version="1" changeset="90834570" timestamp="2020-09-14T00:34:20Z" user="stargunru" uid="9133906" lat="55.7775824" lon="37.6474778"/>
 <node id="7903619870" visible="true" version="1" changeset="90834570" timestamp="2020-09-14T00:34:20Z" user="stargunru" uid="9133906" lat="55.7776343" lon="37.6475471"/>
 <node id="7903619871" visible="true" version="1" changeset="90834570" timestamp="2020-09-14T00:34:20Z" user="stargunru" uid="9133906" lat="55.7777426" lon="37.6475255"/>
 <node id="7903619872" visible="true" version="1" changeset="90834570" timestamp="2020-09-14T00:34:20Z" user="stargunru" uid="9133906" lat="55.7781178" lon="37.6469802"/>
 <node id="7903619873" visible="true" version="1" changeset="90834570" timestamp="2020-09-14T00:34:20Z" user="stargunru" uid="9133906" lat="55.7785666" lon="37.6469294"/>
 <node id="7903619874" visible="true" version="1" changeset="90834570" timestamp="2020-09-14T00:34:20Z" user="stargunru" uid="9133906" lat="55.7786168" lon="37.6470757"/>
 <node id="7903619875" visible="true" version="1" changeset="90834570" timestamp="2020-09-14T00:34:20Z" user="stargunru" uid="9133906" lat="55.7788230" lon="37.6469201"/>
 <node id="7903619876" visible="true" version="1" changeset="90834570" timestamp="2020-09-14T00:34:20Z" user="stargunru" uid="9133906" lat="55.7788447" lon="37.6466875"/>
 <node id="7903619877" visible="true" version="1" changeset="90834570" timestamp="2020-09-14T00:34:20Z" user="stargunru" uid="9133906" lat="55.7790985" lon="37.6465535"/>
 <node id="7903619878" visible="true" version="1" changeset="90834570" timestamp="2020-09-14T00:34:20Z" user="stargunru" uid="9133906" lat="55.7793186" lon="37.6462407"/>
 <node id="7903619879" visible="true" version="1" changeset="90834570" timestamp="2020-09-14T00:34:20Z" user="stargunru" uid="9133906" lat="55.7796184" lon="37.6458988"/>
 <node id="7903619880" visible="true" version="1" changeset="90834570" timestamp="2020-09-14T00:34:20Z" user="stargunru" uid="9133906" lat="55.7801330" lon="37.6456954"/>
 <node id="7903619881" visible="true" version="1" changeset="90834570" timestamp="2020-09-14T00:34:20Z" user="stargunru" uid="9133906" lat="55.7801356" lon="37.6455044"/>
 <node id="7903619882" visible="true" version="1" changeset="90834570" timestamp="2020-09-14T00:34:20Z" user="stargunru" uid="9133906" lat="55.7801901" lon="37.6454813"/>
 <node id="7903619883" visible="true" version="1" changeset="90834570" timestamp="2020-09-14T00:34:20Z" user="stargunru" uid="9133906" lat="55.7804085" lon="37.6456045"/>
 <node id="7903619884" visible="true" version="1" changeset="90834570" timestamp="2020-09-14T00:34:20Z" user="stargunru" uid="9133906" lat="55.7805142" lon="37.6455182"/>
 <node id="7903619885" visible="true" version="1" changeset="90834570" timestamp="2020-09-14T00:34:20Z" user="stargunru" uid="9133906" lat="55.7805809" lon="37.6455521"/>
 <node id="7903619886" visible="true" version="1" changeset="90834570" timestamp="2020-09-14T00:34:20Z" user="stargunru" uid="9133906" lat="55.7808460" lon="37.6453565"/>
 <node id="7903619887" visible="true" version="1" changeset="90834570" timestamp="2020-09-14T00:34:20Z" user="stargunru" uid="9133906" lat="55.7808772" lon="37.6451716"/>
 <node id="7903619888" visible="true" version="1" changeset="90834570" timestamp="2020-09-14T00:34:20Z" user="stargunru" uid="9133906" lat="55.7810279" lon="37.6452564"/>
 <node id="7903619889" visible="true" version="1" changeset="90834570" timestamp="2020-09-14T00:34:20Z" user="stargunru" uid="9133906" lat="55.7816257" lon="37.6448574"/>
 <node id="7903619890" visible="true" version="1" changeset="90834570" timestamp="2020-09-14T00:34:20Z" user="stargunru" uid="9133906" lat="55.7815971" lon="37.6446140"/>
 <node id="7903619891" visible="true" version="1" changeset="90834570" timestamp="2020-09-14T00:34:20Z" user="stargunru" uid="9133906" lat="55.7816716" lon="37.6445801"/>
 <node id="7903619892" visible="true" version="1" changeset="90834570" timestamp="2020-09-14T00:34:20Z" user="stargunru" uid="9133906" lat="55.7816594" lon="37.6444722"/>
 <node id="7903619893" visible="true" version="1" changeset="90834570" timestamp="2020-09-14T00:34:20Z" user="stargunru" uid="9133906" lat="55.7817677" lon="37.6443397"/>
 <node id="7903619894" visible="true" version="1" changeset="90834570" timestamp="2020-09-14T00:34:20Z" user="stargunru" uid="9133906" lat="55.7820562" lon="37.6442119"/>
 <node id="7903619895" visible="true" version="1" changeset="90834570" timestamp="2020-09-14T00:34:20Z" user="stargunru" uid="9133906" lat="55.7823932" lon="37.6433107"/>
 <node id="7903619896" visible="true" version="1" changeset="90834570" timestamp="2020-09-14T00:34:20Z" user="stargunru" uid="9133906" lat="55.7823161" lon="37.6427438"/>
 <node id="7903619897" visible="true" version="1" changeset="90834570" timestamp="2020-09-14T00:34:20Z" user="stargunru" uid="9133906" lat="55.7834119" lon="37.6422955"/>
 <node id="7903619898" visible="true" version="1" changeset="90834570" timestamp="2020-09-14T00:34:20Z" user="stargunru" uid="9133906" lat="55.7836779" lon="37.6413018"/>
 <node id="7903619899" visible="true" version="1" changeset="90834570" timestamp="2020-09-14T00:34:20Z" user="stargunru" uid="9133906" lat="55.7837342" lon="37.6411986"/>
 <node id="7903619900" visible="true" version="1" changeset="90834570" timestamp="2020-09-14T00:34:20Z" user="stargunru" uid="9133906" lat="55.7840010" lon="37.6408350"/>
 <node id="7903619901" visible="true" version="1" changeset="90834570" timestamp="2020-09-14T00:34:20Z" user="stargunru" uid="9133906" lat="55.7841136" lon="37.6407811"/>
 <node id="7903619902" visible="true" version="1" changeset="90834570" timestamp="2020-09-14T00:34:20Z" user="stargunru" uid="9133906" lat="55.7841959" lon="37.6405470"/>
 <node id="7903619903" visible="true" version="1" changeset="90834570" timestamp="2020-09-14T00:34:20Z" user="stargunru" uid="9133906" lat="55.7842921" lon="37.6405162"/>
 <node id="7903619904" visible="true" version="1" changeset="90834570" timestamp="2020-09-14T00:34:20Z" user="stargunru" uid="9133906" lat="55.7843336" lon="37.6403375"/>
 <node id="7903619905" visible="true" version="1" changeset="90834570" timestamp="2020-09-14T00:34:20Z" user="stargunru" uid="9133906" lat="55.7847096" lon="37.6402435"/>
 <node id="7903619906" visible="true" version="1" changeset="90834570" timestamp="2020-09-14T00:34:20Z" user="stargunru" uid="9133906" lat="55.7847954" lon="37.6404145"/>
 <node id="7903619907" visible="true" version="1" changeset="90834570" timestamp="2020-09-14T00:34:20Z" user="stargunru" uid="9133906" lat="55.7850717" lon="37.6403482"/>
 <node id="7903619908" visible="true" version="1" changeset="90834570" timestamp="2020-09-14T00:34:20Z" user="stargunru" uid="9133906" lat="55.7851704" lon="37.6401726"/>
 <node id="7903619909" visible="true" version="1" changeset="90834570" timestamp="2020-09-14T00:34:20Z" user="stargunru" uid="9133906" lat="55.7852571" lon="37.6401788"/>
 <node id="7903619910" visible="true" version="1" changeset="90834570" timestamp="2020-09-14T00:34:20Z" user="stargunru" uid="9133906" lat="55.7860393" lon="37.6398198"/>
 <node id="7903619911" visible="true" version="1" changeset="90834570" timestamp="2020-09-14T00:34:20Z" user="stargunru" uid="9133906" lat="55.7861371" lon="37.6398044"/>
 <node id="7903619912" visible="true" version="1" changeset="90834570" timestamp="2020-09-14T00:34:20Z" user="stargunru" uid="9133906" lat="55.7861761" lon="37.6397659"/>
 <node id="7903619913" visible="true" version="1" changeset="90834570" timestamp="2020-09-14T00:34:20Z" user="stargunru" uid="9133906" lat="55.7863935" lon="37.6397967"/>
 <node id="7903619914" visible="true" version="1" changeset="90834570" timestamp="2020-09-14T00:34:20Z" user="stargunru" uid="9133906" lat="55.7864377" lon="37.6397628"/>
 <node id="7903619915" visible="true" version="1" changeset="90834570" timestamp="2020-09-14T00:34:20Z" user="stargunru" uid="9133906" lat="55.7864516" lon="37.6395148"/>
 <node id="7903619916" visible="true" version="1" changeset="90834570" timestamp="2020-09-14T00:34:20Z" user="stargunru" uid="9133906" lat="55.7869366" lon="37.6394640"/>
 <node id="7903619917" visible="true" version="1" changeset="90834570" timestamp="2020-09-14T00:34:20Z" user="stargunru" uid="9133906" lat="55.7873741" lon="37.6392529"/>
 <node id="7903619918" visible="true" version="1" changeset="90834570" timestamp="2020-09-14T00:34:20Z" user="stargunru" uid="9133906" lat="55.7874165" lon="37.6390819"/>
 <node id="7903619919" visible="true" version="1" changeset="90834570" timestamp="2020-09-14T00:34:20Z" user="stargunru" uid="9133906" lat="55.7874295" lon="37.6389987"/>
 <node id="7903619920" visible="true" version="1" changeset="90834570" timestamp="2020-09-14T00:34:20Z" user="stargunru" uid="9133906" lat="55.7874529" lon="37.6389417"/>
 <node id="7903619921" visible="true" version="1" changeset="90834570" timestamp="2020-09-14T00:34:20Z" user="stargunru" uid="9133906" lat="55.7874893" lon="37.6389248"/>
 <node id="7903619922" visible="true" version="1" changeset="90834570" timestamp="2020-09-14T00:34:20Z" user="stargunru" uid="9133906" lat="55.7875083" lon="37.6389387"/>
 <node id="7903619923" visible="true" version="1" changeset="90834570" timestamp="2020-09-14T00:34:20Z" user="stargunru" uid="9133906" lat="55.7875958" lon="37.6390742"/>
 <node id="7903619924" visible="true" version="1" changeset="90834570" timestamp="2020-09-14T00:34:20Z" user="stargunru" uid="9133906" lat="55.7878938" lon="37.6391143"/>
 <node id="7903619925" visible="true" version="1" changeset="90834570" timestamp="2020-09-14T00:34:20Z" user="stargunru" uid="9133906" lat="55.7879899" lon="37.6389756"/>
 <node id="7903619926" visible="true" version="1" changeset="90834570" timestamp="2020-09-14T00:34:20Z" user="stargunru" uid="9133906" lat="55.7886378" lon="37.6393284"/>
 <node id="7903619927" visible="true" version="1" changeset="90834570" timestamp="2020-09-14T00:34:20Z" user="stargunru" uid="9133906" lat="55.7894884" lon="37.6394054"/>
 <node id="7903619928" visible="true" version="1" changeset="90834570" timestamp="2020-09-14T00:34:20Z" user="stargunru" uid="9133906" lat="55.7895256" lon="37.6393839"/>
 <node id="7903619929" visible="true" version="1" changeset="90834570" timestamp="2020-09-14T00:34:20Z" user="stargunru" uid="9133906" lat="55.7895698" lon="37.6391851"/>
 <node id="7903619930" visible="true" version="1" changeset="90834570" timestamp="2020-09-14T00:34:20Z" user="stargunru" uid="9133906" lat="55.7895689" lon="37.6390527"/>
 <node id="7903619931" visible="true" version="1" changeset="90834570" timestamp="2020-09-14T00:34:20Z" user="stargunru" uid="9133906" lat="55.7896833" lon="37.6380220"/>
 <node id="7903619932" visible="true" version="1" changeset="90834570" timestamp="2020-09-14T00:34:20Z" user="stargunru" uid="9133906" lat="55.7897716" lon="37.6377540"/>
 <node id="7903619933" visible="true" version="1" changeset="90834570" timestamp="2020-09-14T00:34:20Z" user="stargunru" uid="9133906" lat="55.7903545" lon="37.6370099"/>
 <node id="7903619934" visible="true" version="1" changeset="90834570" timestamp="2020-09-14T00:34:20Z" user="stargunru" uid="9133906" lat="55.7903519" lon="37.6361734"/>
 <node id="7903619935" visible="true" version="1" changeset="90834570" timestamp="2020-09-14T00:34:20Z" user="stargunru" uid="9133906" lat="55.7902332" lon="37.6359115"/>
 <node id="7903619936" visible="true" version="1" changeset="90834570" timestamp="2020-09-14T00:34:20Z" user="stargunru" uid="9133906" lat="55.7901111" lon="37.6358669"/>
 <node id="7903619937" visible="true" version="1" changeset="90834570" timestamp="2020-09-14T00:34:20Z" user="stargunru" uid="9133906" lat="55.7900921" lon="37.6328305"/>
 <node id="7903619938" visible="true" version="1" changeset="90834570" timestamp="2020-09-14T00:34:20Z" user="stargunru" uid="9133906" lat="55.7900609" lon="37.6325070"/>
 <node id="7903619939" visible="true" version="1" changeset="90834570" timestamp="2020-09-14T00:34:20Z" user="stargunru" uid="9133906" lat="55.7896296" lon="37.6311282"/>
 <node id="7903619940" visible="true" version="1" changeset="90834570" timestamp="2020-09-14T00:34:20Z" user="stargunru" uid="9133906" lat="55.7895923" lon="37.6308602"/>
 <node id="7903619941" visible="true" version="2" changeset="94396277" timestamp="2020-11-18T21:27:20Z" user="literan" uid="830106" lat="55.7898114" lon="37.6305676"/>
 <node id="7903619942" visible="true" version="1" changeset="90834570" timestamp="2020-09-14T00:34:20Z" user="stargunru" uid="9133906" lat="55.7897300" lon="37.6302932"/>
 <node id="7903619943" visible="true" version="1" changeset="90834570" timestamp="2020-09-14T00:34:20Z" user="stargunru" uid="9133906" lat="55.7897413" lon="37.6301731"/>
 <node id="7903619944" visible="true" version="1" changeset="90834570" timestamp="2020-09-14T00:34:20Z" user="stargunru" uid="9133906" lat="55.7897214" lon="37.6300976"/>
 <node id="7903619945" visible="true" version="1" changeset="90834570" timestamp="2020-09-14T00:34:20Z" user="stargunru" uid="9133906" lat="55.7896503" lon="37.6300190"/>
 <node id="7903619946" visible="true" version="1" changeset="90834570" timestamp="2020-09-14T00:34:20Z" user="stargunru" uid="9133906" lat="55.7894875" lon="37.6296354"/>
 <node id="7903619947" visible="true" version="1" changeset="90834570" timestamp="2020-09-14T00:34:20Z" user="stargunru" uid="9133906" lat="55.7894563" lon="37.6295338"/>
 <node id="7903619948" visible="true" version="1" changeset="90834570" timestamp="2020-09-14T00:34:20Z" user="stargunru" uid="9133906" lat="55.7896391" lon="37.6288528"/>
 <node id="7903619949" visible="true" version="1" changeset="90834570" timestamp="2020-09-14T00:34:20Z" user="stargunru" uid="9133906" lat="55.7904697" lon="37.6288190"/>
 <node id="7903619950" visible="true" version="1" changeset="90834570" timestamp="2020-09-14T00:34:20Z" user="stargunru" uid="9133906" lat="55.7905069" lon="37.6286834"/>
 <node id="7903619951" visible="true" version="1" changeset="90834570" timestamp="2020-09-14T00:34:20Z" user="stargunru" uid="9133906" lat="55.7906178" lon="37.6286618"/>
 <node id="7903619952" visible="true" version="1" changeset="90834570" timestamp="2020-09-14T00:34:20Z" user="stargunru" uid="9133906" lat="55.7907131" lon="37.6287204"/>
 <node id="7903619953" visible="true" version="1" changeset="90834570" timestamp="2020-09-14T00:34:20Z" user="stargunru" uid="9133906" lat="55.7909894" lon="37.6287188"/>
 <node id="7903619954" visible="true" version="1" changeset="90834570" timestamp="2020-09-14T00:34:20Z" user="stargunru" uid="9133906" lat="55.7910751" lon="37.6289484"/>
 <node id="7903619955" visible="true" version="1" changeset="90834570" timestamp="2020-09-14T00:34:20Z" user="stargunru" uid="9133906" lat="55.7916666" lon="37.6289391"/>
 <node id="7903619956" visible="true" version="1" changeset="90834570" timestamp="2020-09-14T00:34:20Z" user="stargunru" uid="9133906" lat="55.7916883" lon="37.6287003"/>
 <node id="7903619957" visible="true" version="1" changeset="90834570" timestamp="2020-09-14T00:34:20Z" user="stargunru" uid="9133906" lat="55.7916883" lon="37.6284523"/>
 <node id="7903619958" visible="true" version="1" changeset="90834570" timestamp="2020-09-14T00:34:20Z" user="stargunru" uid="9133906" lat="55.7916744" lon="37.6282674"/>
 <node id="7903619959" visible="true" version="1" changeset="90834570" timestamp="2020-09-14T00:34:20Z" user="stargunru" uid="9133906" lat="55.7919005" lon="37.6281334"/>
 <node id="7903619960" visible="true" version="1" changeset="90834570" timestamp="2020-09-14T00:34:20Z" user="stargunru" uid="9133906" lat="55.7919412" lon="37.6276805"/>
 <node id="7903619961" visible="true" version="1" changeset="90834570" timestamp="2020-09-14T00:34:20Z" user="stargunru" uid="9133906" lat="55.7919551" lon="37.6272661"/>
 <node id="7903619962" visible="true" version="1" changeset="90834570" timestamp="2020-09-14T00:34:20Z" user="stargunru" uid="9133906" lat="55.7919932" lon="37.6267392"/>
 <node id="7903619963" visible="true" version="1" changeset="90834570" timestamp="2020-09-14T00:34:20Z" user="stargunru" uid="9133906" lat="55.7920604" lon="37.6265183"/>
 <node id="7903619964" visible="true" version="1" changeset="90834570" timestamp="2020-09-14T00:34:20Z" user="stargunru" uid="9133906" lat="55.7922127" lon="37.6264861"/>
 <node id="7903619965" visible="true" version="1" changeset="90834570" timestamp="2020-09-14T00:34:20Z" user="stargunru" uid="9133906" lat="55.7923424" lon="37.6262608"/>
 <node id="7903619966" visible="true" version="1" changeset="90834570" timestamp="2020-09-14T00:34:20Z" user="stargunru" uid="9133906" lat="55.7923937" lon="37.6257512"/>
 <node id="7903619967" visible="true" version="1" changeset="90834570" timestamp="2020-09-14T00:34:20Z" user="stargunru" uid="9133906" lat="55.7924600" lon="37.6245817"/>
 <node id="7903619968" visible="true" version="1" changeset="90834570" timestamp="2020-09-14T00:34:20Z" user="stargunru" uid="9133906" lat="55.7929064" lon="37.6246675"/>
 <node id="7903619969" visible="true" version="1" changeset="90834570" timestamp="2020-09-14T00:34:20Z" user="stargunru" uid="9133906" lat="55.7929380" lon="37.6241097"/>
 <node id="7903619970" visible="true" version="1" changeset="90834570" timestamp="2020-09-14T00:34:20Z" user="stargunru" uid="9133906" lat="55.7929757" lon="37.6238924"/>
 <node id="7903619971" visible="true" version="1" changeset="90834570" timestamp="2020-09-14T00:34:20Z" user="stargunru" uid="9133906" lat="55.7936045" lon="37.6238897"/>
 <node id="7903619972" visible="true" version="1" changeset="90834570" timestamp="2020-09-14T00:34:20Z" user="stargunru" uid="9133906" lat="55.7936452" lon="37.6238253"/>
 <node id="7903619973" visible="true" version="1" changeset="90834570" timestamp="2020-09-14T00:34:20Z" user="stargunru" uid="9133906" lat="55.7938624" lon="37.6237610"/>
 <node id="7903619974" visible="true" version="1" changeset="90834570" timestamp="2020-09-14T00:34:20Z" user="stargunru" uid="9133906" lat="55.7942167" lon="37.6237931"/>
 <node id="7903619975" visible="true" version="1" changeset="90834570" timestamp="2020-09-14T00:34:20Z" user="stargunru" uid="9133906" lat="55.7948530" lon="37.6238173"/>
 <node id="7903619976" visible="true" version="1" changeset="90834570" timestamp="2020-09-14T00:34:20Z" user="stargunru" uid="9133906" lat="55.7948922" lon="37.6239326"/>
 <node id="7903619977" visible="true" version="1" changeset="90834570" timestamp="2020-09-14T00:34:20Z" user="stargunru" uid="9133906" lat="55.7951591" lon="37.6239434"/>
 <node id="7903619978" visible="true" version="1" changeset="90834570" timestamp="2020-09-14T00:34:20Z" user="stargunru" uid="9133906" lat="55.7952436" lon="37.6237744"/>
 <node id="7903619979" visible="true" version="1" changeset="90834570" timestamp="2020-09-14T00:34:20Z" user="stargunru" uid="9133906" lat="55.7954607" lon="37.6237610"/>
 <node id="7903619980" visible="true" version="1" changeset="90834570" timestamp="2020-09-14T00:34:20Z" user="stargunru" uid="9133906" lat="55.7955361" lon="37.6239085"/>
 <node id="7903619981" visible="true" version="1" changeset="90834570" timestamp="2020-09-14T00:34:20Z" user="stargunru" uid="9133906" lat="55.7956461" lon="37.6239031"/>
 <node id="7903619982" visible="true" version="1" changeset="90834570" timestamp="2020-09-14T00:34:20Z" user="stargunru" uid="9133906" lat="55.7956974" lon="37.6237958"/>
 <node id="7903619983" visible="true" version="1" changeset="90834570" timestamp="2020-09-14T00:34:20Z" user="stargunru" uid="9133906" lat="55.7962432" lon="37.6238146"/>
 <node id="7903619984" visible="true" version="1" changeset="90834570" timestamp="2020-09-14T00:34:20Z" user="stargunru" uid="9133906" lat="55.7963246" lon="37.6238495"/>
 <node id="7903619985" visible="true" version="1" changeset="90834570" timestamp="2020-09-14T00:34:20Z" user="stargunru" uid="9133906" lat="55.7964980" lon="37.6238495"/>
 <node id="7903619986" visible="true" version="1" changeset="90834570" timestamp="2020-09-14T00:34:20Z" user="stargunru" uid="9133906" lat="55.7965206" lon="37.6234471"/>
 <node id="7903619987" visible="true" version="1" changeset="90834570" timestamp="2020-09-14T00:34:20Z" user="stargunru" uid="9133906" lat="55.7967182" lon="37.6231172"/>
 <node id="7903619988" visible="true" version="1" changeset="90834570" timestamp="2020-09-14T00:34:20Z" user="stargunru" uid="9133906" lat="55.7969368" lon="37.6229778"/>
 <node id="7903619989" visible="true" version="1" changeset="90834570" timestamp="2020-09-14T00:34:20Z" user="stargunru" uid="9133906" lat="55.7970001" lon="37.6229751"/>
 <node id="7903619990" visible="true" version="1" changeset="90834570" timestamp="2020-09-14T00:34:20Z" user="stargunru" uid="9133906" lat="55.7970951" lon="37.6230073"/>
 <node id="7903619991" visible="true" version="1" changeset="90834570" timestamp="2020-09-14T00:34:20Z" user="stargunru" uid="9133906" lat="55.7972579" lon="37.6230019"/>
 <node id="7903619992" visible="true" version="1" changeset="90834570" timestamp="2020-09-14T00:34:20Z" user="stargunru" uid="9133906" lat="55.7973077" lon="37.6226452"/>
 <node id="7903619993" visible="true" version="1" changeset="90834570" timestamp="2020-09-14T00:34:20Z" user="stargunru" uid="9133906" lat="55.7972911" lon="37.6223689"/>
 <node id="7903619994" visible="true" version="1" changeset="90834570" timestamp="2020-09-14T00:34:20Z" user="stargunru" uid="9133906" lat="55.7972745" lon="37.6218700"/>
 <node id="7903619995" visible="true" version="1" changeset="90834570" timestamp="2020-09-14T00:34:20Z" user="stargunru" uid="9133906" lat="55.7976907" lon="37.6218593"/>
 <node id="7903619996" visible="true" version="1" changeset="90834570" timestamp="2020-09-14T00:34:20Z" user="stargunru" uid="9133906" lat="55.7977178" lon="37.6218432"/>
 <node id="7903619997" visible="true" version="1" changeset="90834570" timestamp="2020-09-14T00:34:20Z" user="stargunru" uid="9133906" lat="55.7977299" lon="37.6218056"/>
 <node id="7903619998" visible="true" version="1" changeset="90834570" timestamp="2020-09-14T00:34:20Z" user="stargunru" uid="9133906" lat="55.7977268" lon="37.6217574"/>
 <node id="7903619999" visible="true" version="1" changeset="90834570" timestamp="2020-09-14T00:34:20Z" user="stargunru" uid="9133906" lat="55.7976816" lon="37.6216071"/>
 <node id="7903620000" visible="true" version="1" changeset="90834570" timestamp="2020-09-14T00:34:20Z" user="stargunru" uid="9133906" lat="55.7976017" lon="37.6214811"/>
 <node id="7903620001" visible="true" version="1" changeset="90834570" timestamp="2020-09-14T00:34:20Z" user="stargunru" uid="9133906" lat="55.7975188" lon="37.6192870"/>
 <node id="7903620002" visible="true" version="1" changeset="90834570" timestamp="2020-09-14T00:34:20Z" user="stargunru" uid="9133906" lat="55.7976047" lon="37.6189276"/>
 <node id="7903620003" visible="true" version="1" changeset="90834570" timestamp="2020-09-14T00:34:20Z" user="stargunru" uid="9133906" lat="55.7985877" lon="37.6188901"/>
 <node id="7903620004" visible="true" version="1" changeset="90834570" timestamp="2020-09-14T00:34:20Z" user="stargunru" uid="9133906" lat="55.7986390" lon="37.6188740"/>
 <node id="7903620005" visible="true" version="1" changeset="90834570" timestamp="2020-09-14T00:34:20Z" user="stargunru" uid="9133906" lat="55.7986495" lon="37.6188498"/>
 <node id="7903620006" visible="true" version="1" changeset="90834570" timestamp="2020-09-14T00:34:20Z" user="stargunru" uid="9133906" lat="55.7986480" lon="37.6188177"/>
 <node id="7903620007" visible="true" version="1" changeset="90834570" timestamp="2020-09-14T00:34:20Z" user="stargunru" uid="9133906" lat="55.7985817" lon="37.6186889"/>
 <node id="7903620008" visible="true" version="1" changeset="90834570" timestamp="2020-09-14T00:34:20Z" user="stargunru" uid="9133906" lat="55.7985757" lon="37.6184287"/>
 <node id="7903620009" visible="true" version="1" changeset="90834570" timestamp="2020-09-14T00:34:20Z" user="stargunru" uid="9133906" lat="55.7985410" lon="37.6183268"/>
 <node id="7903620010" visible="true" version="1" changeset="90834570" timestamp="2020-09-14T00:34:20Z" user="stargunru" uid="9133906" lat="55.7985139" lon="37.6168891"/>
 <node id="7903620011" visible="true" version="1" changeset="90834570" timestamp="2020-09-14T00:34:20Z" user="stargunru" uid="9133906" lat="55.7984551" lon="37.6154381"/>
 <node id="7903620012" visible="true" version="1" changeset="90834570" timestamp="2020-09-14T00:34:20Z" user="stargunru" uid="9133906" lat="55.7984551" lon="37.6148694"/>
 <node id="7903620013" visible="true" version="1" changeset="90834570" timestamp="2020-09-14T00:34:20Z" user="stargunru" uid="9133906" lat="55.7983842" lon="37.6128444"/>
 <node id="7903620014" visible="true" version="1" changeset="90834570" timestamp="2020-09-14T00:34:20Z" user="stargunru" uid="9133906" lat="55.7984023" lon="37.6118332"/>
 <node id="7903620015" visible="true" version="1" changeset="90834570" timestamp="2020-09-14T00:34:20Z" user="stargunru" uid="9133906" lat="55.7983963" lon="37.6116749"/>
 <node id="7903620016" visible="true" version="1" changeset="90834570" timestamp="2020-09-14T00:34:20Z" user="stargunru" uid="9133906" lat="55.7984264" lon="37.6112029"/>
 <node id="7903620017" visible="true" version="1" changeset="90834570" timestamp="2020-09-14T00:34:20Z" user="stargunru" uid="9133906" lat="55.7983450" lon="37.6110205"/>
 <node id="7903620018" visible="true" version="1" changeset="90834570" timestamp="2020-09-14T00:34:20Z" user="stargunru" uid="9133906" lat="55.7983375" lon="37.6105699"/>
 <node id="7903620019" visible="true" version="1" changeset="90834570" timestamp="2020-09-14T00:34:20Z" user="stargunru" uid="9133906" lat="55.7984641" lon="37.6102695"/>
 <node id="7903620020" visible="true" version="1" changeset="90834570" timestamp="2020-09-14T00:34:20Z" user="stargunru" uid="9133906" lat="55.7987008" lon="37.6102614"/>
 <node id="7903620021" visible="true" version="1" changeset="90834570" timestamp="2020-09-14T00:34:20Z" user="stargunru" uid="9133906" lat="55.7987852" lon="37.6099798"/>
 <node id="7903620022" visible="true" version="1" changeset="90834570" timestamp="2020-09-14T00:34:20Z" user="stargunru" uid="9133906" lat="55.7987807" lon="37.6098242"/>
 <node id="7903620023" visible="true" version="1" changeset="90834570" timestamp="2020-09-14T00:34:20Z" user="stargunru" uid="9133906" lat="55.7988018" lon="37.6096257"/>
 <node id="7903620024" visible="true" version="1" changeset="90834570" timestamp="2020-09-14T00:34:20Z" user="stargunru" uid="9133906" lat="55.7988953" lon="37.6095801"/>
 <node id="7903620025" visible="true" version="1" changeset="90834570" timestamp="2020-09-14T00:34:20Z" user="stargunru" uid="9133906" lat="55.7988667" lon="37.6083678"/>
 <node id="7903620026" visible="true" version="1" changeset="90834570" timestamp="2020-09-14T00:34:20Z" user="stargunru" uid="9133906" lat="55.7991260" lon="37.6083544"/>
 <node id="7903620027" visible="true" version="1" changeset="90834570" timestamp="2020-09-14T00:34:20Z" user="stargunru" uid="9133906" lat="55.7994034" lon="37.6080298"/>
 <node id="7903620028" visible="true" version="1" changeset="90834570" timestamp="2020-09-14T00:34:20Z" user="stargunru" uid="9133906" lat="55.7998255" lon="37.6080191"/>
 <node id="7903620029" visible="true" version="1" changeset="90834570" timestamp="2020-09-14T00:34:20Z" user="stargunru" uid="9133906" lat="55.8009366" lon="37.6079064"/>
 <node id="7903620030" visible="true" version="1" changeset="90834570" timestamp="2020-09-14T00:34:20Z" user="stargunru" uid="9133906" lat="55.8009562" lon="37.6078125"/>
 <node id="7903620031" visible="true" version="1" changeset="90834570" timestamp="2020-09-14T00:34:20Z" user="stargunru" uid="9133906" lat="55.8010075" lon="37.6078447"/>
 <node id="7903620032" visible="true" version="1" changeset="90834570" timestamp="2020-09-14T00:34:20Z" user="stargunru" uid="9133906" lat="55.8010618" lon="37.6090678"/>
 <node id="7903620033" visible="true" version="1" changeset="90834570" timestamp="2020-09-14T00:34:20Z" user="stargunru" uid="9133906" lat="55.8010708" lon="37.6095989"/>
 <node id="7903620034" visible="true" version="1" changeset="90834570" timestamp="2020-09-14T00:34:20Z" user="stargunru" uid="9133906" lat="55.8018321" lon="37.6095909"/>
 <node id="7903620035" visible="true" version="1" changeset="90834570" timestamp="2020-09-14T00:34:20Z" user="stargunru" uid="9133906" lat="55.8019045" lon="37.6095533"/>
 <node id="7903620036" visible="true" version="1" changeset="90834570" timestamp="2020-09-14T00:34:20Z" user="stargunru" uid="9133906" lat="55.8019874" lon="37.6095453"/>
 <node id="7903620037" visible="true" version="1" changeset="90834570" timestamp="2020-09-14T00:34:20Z" user="stargunru" uid="9133906" lat="55.8020447" lon="37.6094836"/>
 <node id="7903620038" visible="true" version="1" changeset="90834570" timestamp="2020-09-14T00:34:20Z" user="stargunru" uid="9133906" lat="55.8021005" lon="37.6094728"/>
 <node id="7903620039" visible="true" version="1" changeset="90834570" timestamp="2020-09-14T00:34:20Z" user="stargunru" uid="9133906" lat="55.8021608" lon="37.6093977"/>
 <node id="7903620040" visible="true" version="1" changeset="90834570" timestamp="2020-09-14T00:34:20Z" user="stargunru" uid="9133906" lat="55.8030924" lon="37.6093897"/>
 <node id="7903620041" visible="true" version="1" changeset="90834570" timestamp="2020-09-14T00:34:20Z" user="stargunru" uid="9133906" lat="55.8031482" lon="37.6094755"/>
 <node id="7903620042" visible="true" version="1" changeset="90834570" timestamp="2020-09-14T00:34:20Z" user="stargunru" uid="9133906" lat="55.8033201" lon="37.6095506"/>
 <node id="7903620043" visible="true" version="1" changeset="90834570" timestamp="2020-09-14T00:34:20Z" user="stargunru" uid="9133906" lat="55.8034693" lon="37.6095104"/>
 <node id="7903620044" visible="true" version="1" changeset="90834570" timestamp="2020-09-14T00:34:20Z" user="stargunru" uid="9133906" lat="55.8041115" lon="37.6103687"/>
 <node id="7903620045" visible="true" version="1" changeset="90834570" timestamp="2020-09-14T00:34:20Z" user="stargunru" uid="9133906" lat="55.8041416" lon="37.6106181"/>
 <node id="7903620046" visible="true" version="1" changeset="90834570" timestamp="2020-09-14T00:34:20Z" user="stargunru" uid="9133906" lat="55.8039924" lon="37.6114577"/>
 <node id="7903620047" visible="true" version="1" changeset="90834570" timestamp="2020-09-14T00:34:20Z" user="stargunru" uid="9133906" lat="55.8043843" lon="37.6127934"/>
 <node id="7903620048" visible="true" version="1" changeset="90834570" timestamp="2020-09-14T00:34:20Z" user="stargunru" uid="9133906" lat="55.8044265" lon="37.6128202"/>
 <node id="7903620049" visible="true" version="1" changeset="90834570" timestamp="2020-09-14T00:34:20Z" user="stargunru" uid="9133906" lat="55.8044929" lon="37.6127559"/>
 <node id="7903620050" visible="true" version="1" changeset="90834570" timestamp="2020-09-14T00:34:20Z" user="stargunru" uid="9133906" lat="55.8045034" lon="37.6125574"/>
 <node id="7903620051" visible="true" version="1" changeset="90834570" timestamp="2020-09-14T00:34:20Z" user="stargunru" uid="9133906" lat="55.8060425" lon="37.6128256"/>
 <node id="7903620052" visible="true" version="1" changeset="90834570" timestamp="2020-09-14T00:34:20Z" user="stargunru" uid="9133906" lat="55.8072635" lon="37.6123884"/>
 <node id="7903620053" visible="true" version="1" changeset="90834570" timestamp="2020-09-14T00:34:20Z" user="stargunru" uid="9133906" lat="55.8079779" lon="37.6112619"/>
 <node id="7903620054" visible="true" version="1" changeset="90834570" timestamp="2020-09-14T00:34:20Z" user="stargunru" uid="9133906" lat="55.8084965" lon="37.6103982"/>
 <node id="7903620055" visible="true" version="1" changeset="90834570" timestamp="2020-09-14T00:34:20Z" user="stargunru" uid="9133906" lat="55.8099389" lon="37.6087460"/>
 <node id="7903620056" visible="true" version="1" changeset="90834570" timestamp="2020-09-14T00:34:20Z" user="stargunru" uid="9133906" lat="55.8100324" lon="37.6085797"/>
 <node id="7903620057" visible="true" version="1" changeset="90834570" timestamp="2020-09-14T00:34:20Z" user="stargunru" uid="9133906" lat="55.8100896" lon="37.6083544"/>
 <node id="7903620058" visible="true" version="1" changeset="90834570" timestamp="2020-09-14T00:34:20Z" user="stargunru" uid="9133906" lat="55.8101755" lon="37.6082873"/>
 <node id="7903620059" visible="true" version="1" changeset="90834570" timestamp="2020-09-14T00:34:20Z" user="stargunru" uid="9133906" lat="55.8104031" lon="37.6080110"/>
 <node id="7903620060" visible="true" version="1" changeset="90834570" timestamp="2020-09-14T00:34:20Z" user="stargunru" uid="9133906" lat="55.8105435" lon="37.6079972"/>
 <node id="7903620061" visible="true" version="1" changeset="90834570" timestamp="2020-09-14T00:34:20Z" user="stargunru" uid="9133906" lat="55.8106380" lon="37.6082450"/>
 <node id="7903620062" visible="true" version="1" changeset="90834570" timestamp="2020-09-14T00:34:20Z" user="stargunru" uid="9133906" lat="55.8107369" lon="37.6085811"/>
 <node id="7948859597" visible="true" version="1" changeset="91596882" timestamp="2020-09-27T20:30:08Z" user="literan" uid="830106" lat="55.7831273" lon="37.6414986"/>
 <node id="7948859598" visible="true" version="1" changeset="91596882" timestamp="2020-09-27T20:30:08Z" user="literan" uid="830106" lat="55.7831264" lon="37.6413765"/>
 <node id="7948859599" visible="true" version="1" changeset="91596882" timestamp="2020-09-27T20:30:08Z" user="literan" uid="830106" lat="55.7831649" lon="37.6414977"/>
 <node id="7948859600" visible="true" version="1" changeset="91596882" timestamp="2020-09-27T20:30:08Z" user="literan" uid="830106" lat="55.7831640" lon="37.6413756"/>
 <node id="7948859601" visible="true" version="1" changeset="91596882" timestamp="2020-09-27T20:30:08Z" user="literan" uid="830106" lat="55.7832742" lon="37.6412988"/>
 <node id="7948859602" visible="true" version="1" changeset="91596882" timestamp="2020-09-27T20:30:08Z" user="literan" uid="830106" lat="55.7832741" lon="37.6412818"/>
 <node id="7948859612" visible="true" version="2" changeset="96347373" timestamp="2020-12-23T21:25:24Z" user="literan" uid="830106" lat="55.7818438" lon="37.6425213"/>
 <node id="7948862759" visible="true" version="1" changeset="91596928" timestamp="2020-09-27T20:32:24Z" user="stargunru" uid="9133906" lat="55.7777841" lon="37.6662200"/>
 <node id="7948862760" visible="true" version="1" changeset="91596928" timestamp="2020-09-27T20:32:24Z" user="stargunru" uid="9133906" lat="55.7777451" lon="37.6662561"/>
 <node id="7948862761" visible="true" version="1" changeset="91596928" timestamp="2020-09-27T20:32:24Z" user="stargunru" uid="9133906" lat="55.7776533" lon="37.6660589"/>
 <node id="7948862762" visible="true" version="1" changeset="91596928" timestamp="2020-09-27T20:32:24Z" user="stargunru" uid="9133906" lat="55.7776047" lon="37.6658525"/>
 <node id="7948862763" visible="true" version="1" changeset="91596928" timestamp="2020-09-27T20:32:24Z" user="stargunru" uid="9133906" lat="55.7776203" lon="37.6657816"/>
 <node id="7948862764" visible="true" version="1" changeset="91596928" timestamp="2020-09-27T20:32:24Z" user="stargunru" uid="9133906" lat="55.7777815" lon="37.6655845"/>
 <node id="7948862765" visible="true" version="1" changeset="91596928" timestamp="2020-09-27T20:32:24Z" user="stargunru" uid="9133906" lat="55.7778110" lon="37.6655074"/>
 <node id="7948862766" visible="true" version="1" changeset="91596928" timestamp="2020-09-27T20:32:24Z" user="stargunru" uid="9133906" lat="55.7776083" lon="37.6650380"/>
 <node id="7948862767" visible="true" version="1" changeset="91596928" timestamp="2020-09-27T20:32:24Z" user="stargunru" uid="9133906" lat="55.7775902" lon="37.6648127"/>
 <node id="7948862768" visible="true" version="1" changeset="91596928" timestamp="2020-09-27T20:32:24Z" user="stargunru" uid="9133906" lat="55.7775962" lon="37.6647054"/>
 <node id="7948862769" visible="true" version="1" changeset="91596928" timestamp="2020-09-27T20:32:24Z" user="stargunru" uid="9133906" lat="55.7776746" lon="37.6644693"/>
 <node id="7948862770" visible="true" version="1" changeset="91596928" timestamp="2020-09-27T20:32:24Z" user="stargunru" uid="9133906" lat="55.7778617" lon="37.6642601"/>
 <node id="7948862771" visible="true" version="1" changeset="91596928" timestamp="2020-09-27T20:32:24Z" user="stargunru" uid="9133906" lat="55.7780095" lon="37.6642172"/>
 <node id="7948862772" visible="true" version="1" changeset="91596928" timestamp="2020-09-27T20:32:24Z" user="stargunru" uid="9133906" lat="55.7781061" lon="37.6641636"/>
 <node id="7948862773" visible="true" version="1" changeset="91596928" timestamp="2020-09-27T20:32:24Z" user="stargunru" uid="9133906" lat="55.7782991" lon="37.6639758"/>
 <node id="7948862774" visible="true" version="1" changeset="91596928" timestamp="2020-09-27T20:32:24Z" user="stargunru" uid="9133906" lat="55.7786431" lon="37.6634662"/>
 <node id="7948862775" visible="true" version="1" changeset="91596928" timestamp="2020-09-27T20:32:24Z" user="stargunru" uid="9133906" lat="55.7781483" lon="37.6622860"/>
 <node id="7948862776" visible="true" version="1" changeset="91596928" timestamp="2020-09-27T20:32:24Z" user="stargunru" uid="9133906" lat="55.7780668" lon="37.6623558"/>
 <node id="7948862777" visible="true" version="1" changeset="91596928" timestamp="2020-09-27T20:32:24Z" user="stargunru" uid="9133906" lat="55.7776203" lon="37.6613526"/>
 <node id="7948862778" visible="true" version="1" changeset="91596928" timestamp="2020-09-27T20:32:24Z" user="stargunru" uid="9133906" lat="55.7775298" lon="37.6612775"/>
 <node id="7948862779" visible="true" version="1" changeset="91596928" timestamp="2020-09-27T20:32:24Z" user="stargunru" uid="9133906" lat="55.7771135" lon="37.6603548"/>
 <node id="7948862780" visible="true" version="1" changeset="91596928" timestamp="2020-09-27T20:32:24Z" user="stargunru" uid="9133906" lat="55.7769626" lon="37.6601027"/>
 <node id="7948862781" visible="true" version="1" changeset="91596928" timestamp="2020-09-27T20:32:24Z" user="stargunru" uid="9133906" lat="55.7769445" lon="37.6599471"/>
 <node id="7948862782" visible="true" version="1" changeset="91596928" timestamp="2020-09-27T20:32:24Z" user="stargunru" uid="9133906" lat="55.7766850" lon="37.6593731"/>
 <node id="7948862783" visible="true" version="1" changeset="91596928" timestamp="2020-09-27T20:32:24Z" user="stargunru" uid="9133906" lat="55.7767424" lon="37.6592229"/>
 <node id="7948862784" visible="true" version="1" changeset="91596928" timestamp="2020-09-27T20:32:24Z" user="stargunru" uid="9133906" lat="55.7767756" lon="37.6590459"/>
 <node id="7948862785" visible="true" version="1" changeset="91596928" timestamp="2020-09-27T20:32:24Z" user="stargunru" uid="9133906" lat="55.7767122" lon="37.6588903"/>
 <node id="7948862786" visible="true" version="1" changeset="91596928" timestamp="2020-09-27T20:32:24Z" user="stargunru" uid="9133906" lat="55.7764256" lon="37.6583861"/>
 <node id="7948862787" visible="true" version="1" changeset="91596928" timestamp="2020-09-27T20:32:24Z" user="stargunru" uid="9133906" lat="55.7763803" lon="37.6582359"/>
 <node id="7948862788" visible="true" version="1" changeset="91596928" timestamp="2020-09-27T20:32:24Z" user="stargunru" uid="9133906" lat="55.7763441" lon="37.6580535"/>
 <node id="7948862789" visible="true" version="1" changeset="91596928" timestamp="2020-09-27T20:32:24Z" user="stargunru" uid="9133906" lat="55.7762536" lon="37.6579408"/>
 <node id="7948862790" visible="true" version="1" changeset="91596928" timestamp="2020-09-27T20:32:24Z" user="stargunru" uid="9133906" lat="55.7761209" lon="37.6570933"/>
 <node id="7948862791" visible="true" version="1" changeset="91596928" timestamp="2020-09-27T20:32:24Z" user="stargunru" uid="9133906" lat="55.7757769" lon="37.6555161"/>
 <node id="7948862792" visible="true" version="1" changeset="91596928" timestamp="2020-09-27T20:32:24Z" user="stargunru" uid="9133906" lat="55.7757558" lon="37.6552855"/>
 <node id="7948862793" visible="true" version="1" changeset="91596928" timestamp="2020-09-27T20:32:24Z" user="stargunru" uid="9133906" lat="55.7756864" lon="37.6547705"/>
 <node id="7948862794" visible="true" version="1" changeset="91596928" timestamp="2020-09-27T20:32:24Z" user="stargunru" uid="9133906" lat="55.7756472" lon="37.6546793"/>
 <node id="7948862795" visible="true" version="1" changeset="91596928" timestamp="2020-09-27T20:32:24Z" user="stargunru" uid="9133906" lat="55.7755144" lon="37.6539658"/>
 <node id="7948862796" visible="true" version="1" changeset="91596928" timestamp="2020-09-27T20:32:24Z" user="stargunru" uid="9133906" lat="55.7752851" lon="37.6528929"/>
 <node id="7948862797" visible="true" version="1" changeset="91596928" timestamp="2020-09-27T20:32:24Z" user="stargunru" uid="9133906" lat="55.7753515" lon="37.6528017"/>
 <node id="7948862798" visible="true" version="1" changeset="91596928" timestamp="2020-09-27T20:32:24Z" user="stargunru" uid="9133906" lat="55.7757437" lon="37.6525442"/>
 <node id="7948862799" visible="true" version="1" changeset="91596928" timestamp="2020-09-27T20:32:24Z" user="stargunru" uid="9133906" lat="55.7757226" lon="37.6524155"/>
 <node id="7948862800" visible="true" version="1" changeset="91596928" timestamp="2020-09-27T20:32:24Z" user="stargunru" uid="9133906" lat="55.7755235" lon="37.6514553"/>
 <node id="7948862801" visible="true" version="1" changeset="91596928" timestamp="2020-09-27T20:32:24Z" user="stargunru" uid="9133906" lat="55.7755536" lon="37.6514284"/>
 <node id="7948862802" visible="true" version="1" changeset="91596928" timestamp="2020-09-27T20:32:24Z" user="stargunru" uid="9133906" lat="55.7756592" lon="37.6512246"/>
 <node id="7948862803" visible="true" version="1" changeset="91596928" timestamp="2020-09-27T20:32:24Z" user="stargunru" uid="9133906" lat="55.7758674" lon="37.6510422"/>
 <node id="7948862804" visible="true" version="1" changeset="91596928" timestamp="2020-09-27T20:32:24Z" user="stargunru" uid="9133906" lat="55.7760877" lon="37.6508759"/>
 <node id="7948862805" visible="true" version="1" changeset="91596928" timestamp="2020-09-27T20:32:24Z" user="stargunru" uid="9133906" lat="55.7761842" lon="37.6507203"/>
 <node id="7948862806" visible="true" version="1" changeset="91596928" timestamp="2020-09-27T20:32:24Z" user="stargunru" uid="9133906" lat="55.7763441" lon="37.6499747"/>
 <node id="7948862807" visible="true" version="1" changeset="91596928" timestamp="2020-09-27T20:32:24Z" user="stargunru" uid="9133906" lat="55.7763351" lon="37.6496421"/>
 <node id="7948862808" visible="true" version="1" changeset="91596928" timestamp="2020-09-27T20:32:24Z" user="stargunru" uid="9133906" lat="55.7763592" lon="37.6495563"/>
 <node id="7948862809" visible="true" version="1" changeset="91596928" timestamp="2020-09-27T20:32:24Z" user="stargunru" uid="9133906" lat="55.7765704" lon="37.6492398"/>
 <node id="7948862810" visible="true" version="1" changeset="91596928" timestamp="2020-09-27T20:32:24Z" user="stargunru" uid="9133906" lat="55.7767424" lon="37.6490949"/>
 <node id="7948862811" visible="true" version="1" changeset="91596928" timestamp="2020-09-27T20:32:24Z" user="stargunru" uid="9133906" lat="55.7767846" lon="37.6489984"/>
 <node id="7948862812" visible="true" version="1" changeset="91596928" timestamp="2020-09-27T20:32:24Z" user="stargunru" uid="9133906" lat="55.7769928" lon="37.6488106"/>
 <node id="7948862813" visible="true" version="1" changeset="91596928" timestamp="2020-09-27T20:32:24Z" user="stargunru" uid="9133906" lat="55.7770893" lon="37.6487623"/>
 <node id="7948862814" visible="true" version="1" changeset="91596928" timestamp="2020-09-27T20:32:24Z" user="stargunru" uid="9133906" lat="55.7773337" lon="37.6485799"/>
 <node id="7948862816" visible="true" version="1" changeset="91596928" timestamp="2020-09-27T20:32:24Z" user="stargunru" uid="9133906" lat="55.7779612" lon="37.6476358"/>
 <node id="7948862817" visible="true" version="1" changeset="91596928" timestamp="2020-09-27T20:32:24Z" user="stargunru" uid="9133906" lat="55.7780306" lon="37.6475768"/>
 <node id="7948862818" visible="true" version="1" changeset="91596928" timestamp="2020-09-27T20:32:24Z" user="stargunru" uid="9133906" lat="55.7781664" lon="37.6478128"/>
 <node id="7948862819" visible="true" version="1" changeset="91596928" timestamp="2020-09-27T20:32:24Z" user="stargunru" uid="9133906" lat="55.7782056" lon="37.6478611"/>
 <node id="7948862820" visible="true" version="1" changeset="91596928" timestamp="2020-09-27T20:32:24Z" user="stargunru" uid="9133906" lat="55.7783896" lon="37.6475500"/>
 <node id="7948862821" visible="true" version="1" changeset="91596928" timestamp="2020-09-27T20:32:24Z" user="stargunru" uid="9133906" lat="55.7784530" lon="37.6475821"/>
 <node id="7948862822" visible="true" version="1" changeset="91596928" timestamp="2020-09-27T20:32:24Z" user="stargunru" uid="9133906" lat="55.7785013" lon="37.6474159"/>
 <node id="7948862824" visible="true" version="1" changeset="91596928" timestamp="2020-09-27T20:32:24Z" user="stargunru" uid="9133906" lat="55.7786038" lon="37.6472496"/>
 <node id="7948862825" visible="true" version="1" changeset="91596928" timestamp="2020-09-27T20:32:24Z" user="stargunru" uid="9133906" lat="55.7790775" lon="37.6466058"/>
 <node id="7948862826" visible="true" version="1" changeset="91596928" timestamp="2020-09-27T20:32:24Z" user="stargunru" uid="9133906" lat="55.7791891" lon="37.6465522"/>
 <node id="7948862827" visible="true" version="1" changeset="91596928" timestamp="2020-09-27T20:32:24Z" user="stargunru" uid="9133906" lat="55.7793128" lon="37.6463483"/>
 <node id="7948862828" visible="true" version="1" changeset="91596928" timestamp="2020-09-27T20:32:24Z" user="stargunru" uid="9133906" lat="55.7793339" lon="37.6461713"/>
 <node id="7948862829" visible="true" version="1" changeset="91596928" timestamp="2020-09-27T20:32:24Z" user="stargunru" uid="9133906" lat="55.7792645" lon="37.6457314"/>
 <node id="7948862830" visible="true" version="1" changeset="91596928" timestamp="2020-09-27T20:32:24Z" user="stargunru" uid="9133906" lat="55.7792947" lon="37.6456295"/>
 <node id="7948862831" visible="true" version="1" changeset="91596928" timestamp="2020-09-27T20:32:24Z" user="stargunru" uid="9133906" lat="55.7796628" lon="37.6450823"/>
 <node id="7948862832" visible="true" version="1" changeset="91596928" timestamp="2020-09-27T20:32:24Z" user="stargunru" uid="9133906" lat="55.7797261" lon="37.6450448"/>
 <node id="7948862833" visible="true" version="1" changeset="91596928" timestamp="2020-09-27T20:32:24Z" user="stargunru" uid="9133906" lat="55.7800731" lon="37.6449268"/>
 <node id="7948862834" visible="true" version="1" changeset="91596928" timestamp="2020-09-27T20:32:24Z" user="stargunru" uid="9133906" lat="55.7803687" lon="37.6447873"/>
 <node id="7948862835" visible="true" version="1" changeset="91596928" timestamp="2020-09-27T20:32:24Z" user="stargunru" uid="9133906" lat="55.7803446" lon="37.6444332"/>
 <node id="7948862836" visible="true" version="1" changeset="91596928" timestamp="2020-09-27T20:32:24Z" user="stargunru" uid="9133906" lat="55.7804320" lon="37.6442508"/>
 <node id="7948862837" visible="true" version="1" changeset="91596928" timestamp="2020-09-27T20:32:24Z" user="stargunru" uid="9133906" lat="55.7804381" lon="37.6441328"/>
 <node id="7948862838" visible="true" version="1" changeset="91596928" timestamp="2020-09-27T20:32:24Z" user="stargunru" uid="9133906" lat="55.7805738" lon="37.6438700"/>
 <node id="7948862839" visible="true" version="1" changeset="91596928" timestamp="2020-09-27T20:32:24Z" user="stargunru" uid="9133906" lat="55.7808061" lon="37.6436018"/>
 <node id="7948862840" visible="true" version="1" changeset="91596928" timestamp="2020-09-27T20:32:24Z" user="stargunru" uid="9133906" lat="55.7811711" lon="37.6431350"/>
 <node id="7948862841" visible="true" version="1" changeset="91596928" timestamp="2020-09-27T20:32:24Z" user="stargunru" uid="9133906" lat="55.7812224" lon="37.6430385"/>
 <node id="7948862842" visible="true" version="1" changeset="91596928" timestamp="2020-09-27T20:32:24Z" user="stargunru" uid="9133906" lat="55.7813341" lon="37.6426362"/>
 <node id="7948862843" visible="true" version="1" changeset="91596928" timestamp="2020-09-27T20:32:24Z" user="stargunru" uid="9133906" lat="55.7817262" lon="37.6425074"/>
 <node id="7948862844" visible="true" version="1" changeset="91596928" timestamp="2020-09-27T20:32:24Z" user="stargunru" uid="9133906" lat="55.7819495" lon="37.6423840"/>
 <node id="7948862845" visible="true" version="1" changeset="91596928" timestamp="2020-09-27T20:32:24Z" user="stargunru" uid="9133906" lat="55.7819947" lon="37.6423948"/>
 <node id="7948862846" visible="true" version="1" changeset="91596928" timestamp="2020-09-27T20:32:24Z" user="stargunru" uid="9133906" lat="55.7821576" lon="37.6423304"/>
 <node id="7948862847" visible="true" version="1" changeset="91596928" timestamp="2020-09-27T20:32:24Z" user="stargunru" uid="9133906" lat="55.7822481" lon="37.6422285"/>
 <node id="7948862848" visible="true" version="1" changeset="91596928" timestamp="2020-09-27T20:32:24Z" user="stargunru" uid="9133906" lat="55.7828514" lon="37.6420192"/>
 <node id="7948862849" visible="true" version="1" changeset="91596928" timestamp="2020-09-27T20:32:24Z" user="stargunru" uid="9133906" lat="55.7829570" lon="37.6419334"/>
 <node id="7948862850" visible="true" version="1" changeset="91596928" timestamp="2020-09-27T20:32:24Z" user="stargunru" uid="9133906" lat="55.7830234" lon="37.6419173"/>
 <node id="7948862851" visible="true" version="1" changeset="91596928" timestamp="2020-09-27T20:32:24Z" user="stargunru" uid="9133906" lat="55.7831048" lon="37.6418315"/>
 <node id="7948862852" visible="true" version="1" changeset="91596928" timestamp="2020-09-27T20:32:24Z" user="stargunru" uid="9133906" lat="55.7833974" lon="37.6417349"/>
 <node id="7948862853" visible="true" version="1" changeset="91596928" timestamp="2020-09-27T20:32:24Z" user="stargunru" uid="9133906" lat="55.7834366" lon="37.6417939"/>
 <node id="7948862854" visible="true" version="1" changeset="91596928" timestamp="2020-09-27T20:32:24Z" user="stargunru" uid="9133906" lat="55.7834939" lon="37.6423197"/>
 <node id="7948862855" visible="true" version="1" changeset="91596928" timestamp="2020-09-27T20:32:24Z" user="stargunru" uid="9133906" lat="55.7837315" lon="37.6422211"/>
 <node id="7948862856" visible="true" version="1" changeset="91596928" timestamp="2020-09-27T20:32:24Z" user="stargunru" uid="9133906" lat="55.7837932" lon="37.6422496"/>
 <node id="7948862857" visible="true" version="1" changeset="91596928" timestamp="2020-09-27T20:32:24Z" user="stargunru" uid="9133906" lat="55.7840093" lon="37.6422557"/>
 <node id="7948862858" visible="true" version="1" changeset="91596928" timestamp="2020-09-27T20:32:24Z" user="stargunru" uid="9133906" lat="55.7844882" lon="37.6423370"/>
 <node id="7948862859" visible="true" version="2" changeset="121805647" timestamp="2022-06-01T10:38:01Z" user="literan" uid="830106" lat="55.7844885" lon="37.6424861"/>
 <node id="7948862860" visible="true" version="1" changeset="91596928" timestamp="2020-09-27T20:32:24Z" user="stargunru" uid="9133906" lat="55.7777200" lon="37.6652969"/>
 <node id="7948862861" visible="true" version="2" changeset="121805647" timestamp="2022-06-01T10:38:01Z" user="literan" uid="830106" lat="55.7841602" lon="37.6426242"/>
 <node id="7948862862" visible="true" version="2" changeset="121805647" timestamp="2022-06-01T10:38:01Z" user="literan" uid="830106" lat="55.7841491" lon="37.6424311"/>
 <node id="7948862863" visible="true" version="2" changeset="121805647" timestamp="2022-06-01T10:38:01Z" user="literan" uid="830106" lat="55.7846777" lon="37.6422178"/>
 <node id="7948862864" visible="true" version="2" changeset="146507716" timestamp="2024-01-21T10:54:26Z" user="literan" uid="830106" lat="55.7846438" lon="37.6417739"/>
 <node id="7948862865" visible="true" version="1" changeset="91596928" timestamp="2020-09-27T20:32:24Z" user="stargunru" uid="9133906" lat="55.7845562" lon="37.6410927"/>
 <node id="7948862866" visible="true" version="1" changeset="91596928" timestamp="2020-09-27T20:32:24Z" user="stargunru" uid="9133906" lat="55.7849816" lon="37.6408996"/>
 <node id="7948862867" visible="true" version="1" changeset="91596928" timestamp="2020-09-27T20:32:24Z" user="stargunru" uid="9133906" lat="55.7854672" lon="37.6408406"/>
 <node id="7948862868" visible="true" version="1" changeset="91596928" timestamp="2020-09-27T20:32:24Z" user="stargunru" uid="9133906" lat="55.7855818" lon="37.6408030"/>
 <node id="7948862869" visible="true" version="1" changeset="91596928" timestamp="2020-09-27T20:32:24Z" user="stargunru" uid="9133906" lat="55.7856663" lon="37.6397999"/>
 <node id="7948862870" visible="true" version="2" changeset="95901364" timestamp="2020-12-15T21:25:27Z" user="literan" uid="830106" lat="55.7857477" lon="37.6386049"/>
 <node id="7948862871" visible="true" version="1" changeset="91596928" timestamp="2020-09-27T20:32:24Z" user="stargunru" uid="9133906" lat="55.7857899" lon="37.6385017"/>
 <node id="7948862872" visible="true" version="1" changeset="91596928" timestamp="2020-09-27T20:32:24Z" user="stargunru" uid="9133906" lat="55.7858050" lon="37.6384427"/>
 <node id="7948862873" visible="true" version="1" changeset="91596928" timestamp="2020-09-27T20:32:24Z" user="stargunru" uid="9133906" lat="55.7859951" lon="37.6353957"/>
 <node id="7948862874" visible="true" version="1" changeset="91596928" timestamp="2020-09-27T20:32:24Z" user="stargunru" uid="9133906" lat="55.7859770" lon="37.6347519"/>
 <node id="7948862875" visible="true" version="2" changeset="94600595" timestamp="2020-11-22T22:22:37Z" user="literan" uid="830106" lat="55.7862198" lon="37.6346889"/>
 <node id="7948862876" visible="true" version="1" changeset="91596928" timestamp="2020-09-27T20:32:24Z" user="stargunru" uid="9133906" lat="55.7861700" lon="37.6336147"/>
 <node id="7948862877" visible="true" version="1" changeset="91596928" timestamp="2020-09-27T20:32:24Z" user="stargunru" uid="9133906" lat="55.7864505" lon="37.6334752"/>
 <node id="7948862878" visible="true" version="1" changeset="91596928" timestamp="2020-09-27T20:32:24Z" user="stargunru" uid="9133906" lat="55.7865199" lon="37.6334806"/>
 <node id="7948862879" visible="true" version="1" changeset="91596928" timestamp="2020-09-27T20:32:24Z" user="stargunru" uid="9133906" lat="55.7864777" lon="37.6330246"/>
 <node id="7948862880" visible="true" version="1" changeset="91596928" timestamp="2020-09-27T20:32:24Z" user="stargunru" uid="9133906" lat="55.7867371" lon="37.6329924"/>
 <node id="7948862881" visible="true" version="1" changeset="91596928" timestamp="2020-09-27T20:32:24Z" user="stargunru" uid="9133906" lat="55.7867310" lon="37.6326115"/>
 <node id="7948862882" visible="true" version="1" changeset="91596928" timestamp="2020-09-27T20:32:24Z" user="stargunru" uid="9133906" lat="55.7866285" lon="37.6305623"/>
 <node id="7948862883" visible="true" version="1" changeset="91596928" timestamp="2020-09-27T20:32:24Z" user="stargunru" uid="9133906" lat="55.7866436" lon="37.6305141"/>
 <node id="7948862884" visible="true" version="1" changeset="91596928" timestamp="2020-09-27T20:32:24Z" user="stargunru" uid="9133906" lat="55.7866315" lon="37.6303156"/>
 <node id="7948862885" visible="true" version="1" changeset="91596928" timestamp="2020-09-27T20:32:24Z" user="stargunru" uid="9133906" lat="55.7865350" lon="37.6296236"/>
 <node id="7948862886" visible="true" version="1" changeset="91596928" timestamp="2020-09-27T20:32:24Z" user="stargunru" uid="9133906" lat="55.7864083" lon="37.6295055"/>
 <node id="7948862887" visible="true" version="1" changeset="91596928" timestamp="2020-09-27T20:32:24Z" user="stargunru" uid="9133906" lat="55.7863721" lon="37.6294358"/>
 <node id="7948862888" visible="true" version="1" changeset="91596928" timestamp="2020-09-27T20:32:24Z" user="stargunru" uid="9133906" lat="55.7863268" lon="37.6290764"/>
 <node id="7948862889" visible="true" version="1" changeset="91596928" timestamp="2020-09-27T20:32:24Z" user="stargunru" uid="9133906" lat="55.7863480" lon="37.6289476"/>
 <node id="7948862890" visible="true" version="1" changeset="91596928" timestamp="2020-09-27T20:32:24Z" user="stargunru" uid="9133906" lat="55.7863480" lon="37.6283683"/>
 <node id="7948862891" visible="true" version="1" changeset="91596928" timestamp="2020-09-27T20:32:24Z" user="stargunru" uid="9133906" lat="55.7863268" lon="37.6280464"/>
 <node id="7948862892" visible="true" version="1" changeset="91596928" timestamp="2020-09-27T20:32:24Z" user="stargunru" uid="9133906" lat="55.7863359" lon="37.6275744"/>
 <node id="7948862893" visible="true" version="1" changeset="91596928" timestamp="2020-09-27T20:32:24Z" user="stargunru" uid="9133906" lat="55.7863118" lon="37.6273812"/>
 <node id="7948862894" visible="true" version="1" changeset="91596928" timestamp="2020-09-27T20:32:24Z" user="stargunru" uid="9133906" lat="55.7863027" lon="37.6272418"/>
 <node id="7948862895" visible="true" version="1" changeset="91596928" timestamp="2020-09-27T20:32:24Z" user="stargunru" uid="9133906" lat="55.7863057" lon="37.6269628"/>
 <node id="7948862896" visible="true" version="1" changeset="91596928" timestamp="2020-09-27T20:32:24Z" user="stargunru" uid="9133906" lat="55.7862937" lon="37.6266946"/>
 <node id="7948862897" visible="true" version="1" changeset="91596928" timestamp="2020-09-27T20:32:24Z" user="stargunru" uid="9133906" lat="55.7863027" lon="37.6261367"/>
 <node id="7948862898" visible="true" version="1" changeset="91596928" timestamp="2020-09-27T20:32:24Z" user="stargunru" uid="9133906" lat="55.7862846" lon="37.6260938"/>
 <node id="7948862899" visible="true" version="1" changeset="91596928" timestamp="2020-09-27T20:32:24Z" user="stargunru" uid="9133906" lat="55.7862816" lon="37.6258953"/>
 <node id="7948862900" visible="true" version="1" changeset="91596928" timestamp="2020-09-27T20:32:24Z" user="stargunru" uid="9133906" lat="55.7861787" lon="37.6255045"/>
 <node id="8158241763" visible="true" version="4" changeset="147265531" timestamp="2024-02-09T17:06:20Z" user="literan" uid="830106" lat="55.7824143" lon="37.6424648"/>
 <node id="8158241764" visible="true" version="2" changeset="121805647" timestamp="2022-06-01T10:38:01Z" user="literan" uid="830106" lat="55.7824346" lon="37.6426170"/>
 <node id="8158241765" visible="true" version="2" changeset="121805647" timestamp="2022-06-01T10:38:01Z" user="literan" uid="830106" lat="55.7825109" lon="37.6431904"/>
 <node id="8158241766" visible="true" version="2" changeset="121805647" timestamp="2022-06-01T10:38:01Z" user="literan" uid="830106" lat="55.7839183" lon="37.6425982"/>
 <node id="8158241767" visible="true" version="2" changeset="121805647" timestamp="2022-06-01T10:38:01Z" user="literan" uid="830106" lat="55.7838455" lon="37.6420509"/>
 <node id="8158241768" visible="true" version="3" changeset="121805647" timestamp="2022-06-01T10:38:01Z" user="literan" uid="830106" lat="55.7838219" lon="37.6418740"/>
 <node id="8158241769" visible="true" version="2" changeset="121805647" timestamp="2022-06-01T10:38:01Z" user="literan" uid="830106" lat="55.7838755" lon="37.6422767">
  <tag k="barrier" v="lift_gate"/>
  <tag k="bicycle" v="yes"/>
  <tag k="foot" v="yes"/>
  <tag k="motor_vehicle" v="private"/>
 </node>
 <node id="8158241770" visible="true" version="2" changeset="121805647" timestamp="2022-06-01T10:38:01Z" user="literan" uid="830106" lat="55.7824634" lon="37.6428331">
  <tag k="barrier" v="lift_gate"/>
 </node>
 <node id="8158241771" visible="true" version="2" changeset="121805647" timestamp="2022-06-01T10:38:01Z" user="literan" uid="830106" lat="55.7840387" lon="37.6420023"/>
 <node id="8158241774" visible="true" version="2" changeset="121805647" timestamp="2022-06-01T10:38:01Z" user="literan" uid="830106" lat="55.7839584" lon="37.6420365">
  <tag k="access" v="private"/>
  <tag k="barrier" v="gate"/>
 </node>
 <node id="8158241777" visible="true" version="3" changeset="146882843" timestamp="2024-01-30T23:20:29Z" user="Fantomas" uid="478018" lat="55.7840128" lon="37.6424325"/>
 <node id="8255866883" visible="true" version="1" changeset="96347373" timestamp="2020-12-23T21:25:24Z" user="literan" uid="830106" lat="55.7819759" lon="37.6421249"/>
 <node id="8255866884" visible="true" version="1" changeset="96347373" timestamp="2020-12-23T21:25:24Z" user="literan" uid="830106" lat="55.7819265" lon="37.6421036"/>
 <node id="8255866889" visible="true" version="1" changeset="96347373" timestamp="2020-12-23T21:25:24Z" user="literan" uid="830106" lat="55.7817750" lon="37.6425485"/>
 <node id="8255866892" visible="true" version="2" changeset="121805647" timestamp="2022-06-01T10:38:01Z" user="literan" uid="830106" lat="55.7815041" lon="37.6426141"/>
 <node id="8255866913" visible="true" version="2" changeset="121805647" timestamp="2022-06-01T10:38:01Z" user="literan" uid="830106" lat="55.7814943" lon="37.6425196"/>
 <node id="8255866914" visible="true" version="1" changeset="96347373" timestamp="2020-12-23T21:25:24Z" user="literan" uid="830106" lat="55.7830402" lon="37.6410426"/>
 <node id="8255866915" visible="true" version="1" changeset="96347373" timestamp="2020-12-23T21:25:24Z" user="literan" uid="830106" lat="55.7831012" lon="37.6413587">
  <tag k="access" v="private"/>
  <tag k="barrier" v="gate"/>
 </node>
 <node id="8255866916" visible="true" version="1" changeset="96347373" timestamp="2020-12-23T21:25:24Z" user="literan" uid="830106" lat="55.7830793" lon="37.6413300"/>
 <node id="8255888222" visible="true" version="1" changeset="96347373" timestamp="2020-12-23T21:25:24Z" user="literan" uid="830106" lat="55.7830989" lon="37.6404217"/>
 <node id="8255888234" visible="true" version="2" changeset="146494641" timestamp="2024-01-20T22:17:37Z" user="Fantomas" uid="478018" lat="55.7834903" lon="37.6408044"/>
 <node id="8255888235" visible="true" version="2" changeset="146494641" timestamp="2024-01-20T22:17:37Z" user="Fantomas" uid="478018" lat="55.7833190" lon="37.6408057"/>
 <node id="8255888236" visible="true" version="2" changeset="146494641" timestamp="2024-01-20T22:17:37Z" user="Fantomas" uid="478018" lat="55.7833186" lon="37.6406098"/>
 <node id="8255888237" visible="true" version="2" changeset="146494641" timestamp="2024-01-20T22:17:37Z" user="Fantomas" uid="478018" lat="55.7834898" lon="37.6406085"/>
 <node id="8255888238" visible="true" version="1" changeset="96347373" timestamp="2020-12-23T21:25:24Z" user="literan" uid="830106" lat="55.7834481" lon="37.6404710"/>
 <node id="8255888239" visible="true" version="1" changeset="96347373" timestamp="2020-12-23T21:25:24Z" user="literan" uid="830106" lat="55.7834259" lon="37.6404723"/>
 <node id="8255888240" visible="true" version="1" changeset="96347373" timestamp="2020-12-23T21:25:24Z" user="literan" uid="830106" lat="55.7834245" lon="37.6404022"/>
 <node id="8255888241" visible="true" version="1" changeset="96347373" timestamp="2020-12-23T21:25:24Z" user="literan" uid="830106" lat="55.7834468" lon="37.6404008"/>
 <node id="8255888242" visible="true" version="2" changeset="146494641" timestamp="2024-01-20T22:17:37Z" user="Fantomas" uid="478018" lat="55.7834823" lon="37.6409244">
  <tag k="barrier" v="lift_gate"/>
  <tag k="bicycle" v="yes"/>
  <tag k="foot" v="yes"/>
  <tag k="motor_vehicle" v="private"/>
 </node>
 <node id="8255888243" visible="true" version="1" changeset="96347373" timestamp="2020-12-23T21:25:24Z" user="literan" uid="830106" lat="55.7828600" lon="37.6408656"/>
 <node id="8255888244" visible="true" version="1" changeset="96347373" timestamp="2020-12-23T21:25:24Z" user="literan" uid="830106" lat="55.7830878" lon="37.6408607"/>
 <node id="8255888245" visible="true" version="1" changeset="96347373" timestamp="2020-12-23T21:25:24Z" user="literan" uid="830106" lat="55.7831897" lon="37.6409311"/>
 <node id="8255888246" visible="true" version="1" changeset="96347373" timestamp="2020-12-23T21:25:24Z" user="literan" uid="830106" lat="55.7835183" lon="37.6409239"/>
 <node id="8255888247" visible="true" version="1" changeset="96347373" timestamp="2020-12-23T21:25:24Z" user="literan" uid="830106" lat="55.7835773" lon="37.6409226"/>
 <node id="8255888248" visible="true" version="1" changeset="96347373" timestamp="2020-12-23T21:25:24Z" user="literan" uid="830106" lat="55.7836483" lon="37.6409587"/>
 <node id="8255888249" visible="true" version="1" changeset="96347373" timestamp="2020-12-23T21:25:24Z" user="literan" uid="830106" lat="55.7836588" lon="37.6413831"/>
 <node id="8255888250" visible="true" version="1" changeset="96347373" timestamp="2020-12-23T21:25:24Z" user="literan" uid="830106" lat="55.7838603" lon="37.6413280"/>
 <node id="8255888251" visible="true" version="1" changeset="96347373" timestamp="2020-12-23T21:25:24Z" user="literan" uid="830106" lat="55.7838229" lon="37.6409190"/>
 <node id="8255888252" visible="true" version="1" changeset="96347373" timestamp="2020-12-23T21:25:24Z" user="literan" uid="830106" lat="55.7836338" lon="37.6412013"/>
 <node id="8255888253" visible="true" version="1" changeset="96347373" timestamp="2020-12-23T21:25:24Z" user="literan" uid="830106" lat="55.7836514" lon="37.6414352"/>
 <node id="8255888254" visible="true" version="1" changeset="96347373" timestamp="2020-12-23T21:25:24Z" user="literan" uid="830106" lat="55.7838156" lon="37.6413904"/>
 <node id="8255888255" visible="true" version="2" changeset="146491319" timestamp="2024-01-20T19:56:07Z" user="Fantomas" uid="478018" lat="55.7835758" lon="37.6421176"/>
 <node id="8255888256" visible="true" version="5" changeset="165939577" timestamp="2025-05-07T13:40:42Z" user="Travieso" uid="5642897" lat="55.7835459" lon="37.6418670">
  <tag k="barrier" v="kerb"/>
  <tag k="kerb" v="lowered"/>
  <tag k="tactile_paving" v="no"/>
 </node>
 <node id="8255888257" visible="true" version="1" changeset="96347373" timestamp="2020-12-23T21:25:24Z" user="literan" uid="830106" lat="55.7835742" lon="37.6417767"/>
 <node id="8255888258" visible="true" version="1" changeset="96347373" timestamp="2020-12-23T21:25:24Z" user="literan" uid="830106" lat="55.7835622" lon="37.6418015"/>
 <node id="8255888259" visible="true" version="1" changeset="96347373" timestamp="2020-12-23T21:25:24Z" user="literan" uid="830106" lat="55.7835544" lon="37.6415470"/>
 <node id="8255888260" visible="true" version="1" changeset="96347373" timestamp="2020-12-23T21:25:24Z" user="literan" uid="830106" lat="55.7832297" lon="37.6416617"/>
 <node id="8255888262" visible="true" version="2" changeset="121805647" timestamp="2022-06-01T10:38:01Z" user="literan" uid="830106" lat="55.7821474" lon="37.6416327"/>
 <node id="8255888263" visible="true" version="1" changeset="96347373" timestamp="2020-12-23T21:25:24Z" user="literan" uid="830106" lat="55.7822112" lon="37.6414886"/>
 <node id="8255888266" visible="true" version="1" changeset="96347373" timestamp="2020-12-23T21:25:24Z" user="literan" uid="830106" lat="55.7828422" lon="37.6420029"/>
 <node id="8255888267" visible="true" version="1" changeset="96347373" timestamp="2020-12-23T21:25:24Z" user="literan" uid="830106" lat="55.7828556" lon="37.6421067"/>
 <node id="8255888268" visible="true" version="1" changeset="96347373" timestamp="2020-12-23T21:25:24Z" user="literan" uid="830106" lat="55.7828405" lon="37.6419899"/>
 <node id="8255888269" visible="true" version="1" changeset="96347373" timestamp="2020-12-23T21:25:24Z" user="literan" uid="830106" lat="55.7829183" lon="37.6417343"/>
 <node id="8255888270" visible="true" version="1" changeset="96347373" timestamp="2020-12-23T21:25:24Z" user="literan" uid="830106" lat="55.7815795" lon="37.6426256"/>
 <node id="8255888271" visible="true" version="2" changeset="121805647" timestamp="2022-06-01T10:38:01Z" user="literan" uid="830106" lat="55.7815554" lon="37.6426725"/>
 <node id="8255888272" visible="true" version="1" changeset="96347373" timestamp="2020-12-23T21:25:24Z" user="literan" uid="830106" lat="55.7830858" lon="37.6416649"/>
 <node id="8255888273" visible="true" version="1" changeset="96347373" timestamp="2020-12-23T21:25:24Z" user="literan" uid="830106" lat="55.7830425" lon="37.6413467">
  <tag k="access" v="private"/>
  <tag k="barrier" v="gate"/>
 </node>
 <node id="8255888274" visible="true" version="1" changeset="96347373" timestamp="2020-12-23T21:25:24Z" user="literan" uid="830106" lat="55.7831265" lon="37.6413918"/>
 <node id="8255888275" visible="true" version="1" changeset="96347373" timestamp="2020-12-23T21:25:24Z" user="literan" uid="830106" lat="55.7829908" lon="37.6413702"/>
 <node id="8255888276" visible="true" version="1" changeset="96347373" timestamp="2020-12-23T21:25:24Z" user="literan" uid="830106" lat="55.7830272" lon="37.6416316"/>
 <node id="8255888277" visible="true" version="5" changeset="165939577" timestamp="2025-05-07T13:35:21Z" user="Travieso" uid="5642897" lat="55.7815236" lon="37.6426505">
  <tag k="barrier" v="kerb"/>
  <tag k="kerb" v="lowered"/>
  <tag k="tactile_paving" v="no"/>
 </node>
 <node id="8255888278" visible="true" version="3" changeset="165939577" timestamp="2025-05-07T13:40:44Z" user="Travieso" uid="5642897" lat="55.7835862" lon="37.6417468">
  <tag k="barrier" v="kerb"/>
  <tag k="kerb" v="lowered"/>
  <tag k="tactile_paving" v="no"/>
 </node>
 <node id="8255888279" visible="true" version="3" changeset="165939577" timestamp="2025-05-07T13:40:46Z" user="Travieso" uid="5642897" lat="55.7836640" lon="37.6417180">
  <tag k="barrier" v="kerb"/>
  <tag k="kerb" v="lowered"/>
  <tag k="tactile_paving" v="no"/>
 </node>
 <node id="8255888280" visible="true" version="2" changeset="121805647" timestamp="2022-06-01T10:38:01Z" user="literan" uid="830106" lat="55.7850702" lon="37.6409420"/>
 <node id="8255888281" visible="true" version="1" changeset="96347373" timestamp="2020-12-23T21:25:24Z" user="literan" uid="830106" lat="55.7835275" lon="37.6413059"/>
 <node id="8255888282" visible="true" version="1" changeset="96347373" timestamp="2020-12-23T21:25:24Z" user="literan" uid="830106" lat="55.7835184" lon="37.6411021"/>
 <node id="8255888283" visible="true" version="1" changeset="96347373" timestamp="2020-12-23T21:25:24Z" user="literan" uid="830106" lat="55.7835396" lon="37.6397328"/>
 <node id="8255888284" visible="true" version="1" changeset="96347373" timestamp="2020-12-23T21:25:24Z" user="literan" uid="830106" lat="55.7835335" lon="37.6410994"/>
 <node id="8255888285" visible="true" version="1" changeset="96347373" timestamp="2020-12-23T21:25:24Z" user="literan" uid="830106" lat="55.7835403" lon="37.6412979"/>
 <node id="8255888286" visible="true" version="2" changeset="121805647" timestamp="2022-06-01T10:38:01Z" user="literan" uid="830106" lat="55.7835821" lon="37.6418286"/>
 <node id="8255888287" visible="true" version="2" changeset="121805647" timestamp="2022-06-01T10:38:01Z" user="literan" uid="830106" lat="55.7835872" lon="37.6418033"/>
 <node id="8255888288" visible="true" version="2" changeset="121805647" timestamp="2022-06-01T10:38:01Z" user="literan" uid="830106" lat="55.7835725" lon="37.6418474"/>
 <node id="8255888289" visible="true" version="1" changeset="96347373" timestamp="2020-12-23T21:25:24Z" user="literan" uid="830106" lat="55.7835771" lon="37.6417501"/>
 <node id="8255888290" visible="true" version="1" changeset="96347373" timestamp="2020-12-23T21:25:24Z" user="literan" uid="830106" lat="55.7835780" lon="37.6412040"/>
 <node id="8255888291" visible="true" version="1" changeset="96347373" timestamp="2020-12-23T21:25:24Z" user="literan" uid="830106" lat="55.7836399" lon="37.6413019"/>
 <node id="8255888292" visible="true" version="1" changeset="96347373" timestamp="2020-12-23T21:25:24Z" user="literan" uid="830106" lat="55.7836896" lon="37.6417096"/>
 <node id="8255888293" visible="true" version="2" changeset="121805647" timestamp="2022-06-01T10:38:01Z" user="literan" uid="830106" lat="55.7838529" lon="37.6414286"/>
 <node id="8255888294" visible="true" version="2" changeset="146507716" timestamp="2024-01-21T10:54:26Z" user="literan" uid="830106" lat="55.7848984" lon="37.6401821"/>
 <node id="8255888295" visible="true" version="1" changeset="96347373" timestamp="2020-12-23T21:25:24Z" user="literan" uid="830106" lat="55.7849203" lon="37.6403806"/>
 <node id="8255888296" visible="true" version="1" changeset="96347373" timestamp="2020-12-23T21:25:24Z" user="literan" uid="830106" lat="55.7849626" lon="37.6405415"/>
 <node id="8255888297" visible="true" version="1" changeset="96347373" timestamp="2020-12-23T21:25:24Z" user="literan" uid="830106" lat="55.7850651" lon="37.6409076"/>
 <node id="8255888298" visible="true" version="1" changeset="96347373" timestamp="2020-12-23T21:25:24Z" user="literan" uid="830106" lat="55.7850930" lon="37.6410793"/>
 <node id="8255888299" visible="true" version="1" changeset="96347373" timestamp="2020-12-23T21:25:24Z" user="literan" uid="830106" lat="55.7850900" lon="37.6411316"/>
 <node id="8255888300" visible="true" version="1" changeset="96347373" timestamp="2020-12-23T21:25:24Z" user="literan" uid="830106" lat="55.7850795" lon="37.6411705"/>
 <node id="8255888301" visible="true" version="1" changeset="96347373" timestamp="2020-12-23T21:25:24Z" user="literan" uid="830106" lat="55.7850614" lon="37.6412080"/>
 <node id="8255888308" visible="true" version="1" changeset="96347373" timestamp="2020-12-23T21:25:24Z" user="literan" uid="830106" lat="55.7835750" lon="37.6410860"/>
 <node id="8255888309" visible="true" version="1" changeset="96347373" timestamp="2020-12-23T21:25:24Z" user="literan" uid="830106" lat="55.7836847" lon="37.6417813"/>
 <node id="8255888310" visible="true" version="1" changeset="96347373" timestamp="2020-12-23T21:25:24Z" user="literan" uid="830106" lat="55.7836730" lon="37.6417646"/>
 <node id="8255888311" visible="true" version="1" changeset="96347373" timestamp="2020-12-23T21:25:24Z" user="literan" uid="830106" lat="55.7836180" lon="37.6412067"/>
 <node id="8255888312" visible="true" version="1" changeset="96347373" timestamp="2020-12-23T21:25:24Z" user="literan" uid="830106" lat="55.7836165" lon="37.6410806"/>
 <node id="8255888314" visible="true" version="1" changeset="96347373" timestamp="2020-12-23T21:25:24Z" user="literan" uid="830106" lat="55.7828066" lon="37.6397571"/>
 <node id="8255888315" visible="true" version="1" changeset="96347373" timestamp="2020-12-23T21:25:24Z" user="literan" uid="830106" lat="55.7835303" lon="37.6396860"/>
 <node id="8255888337" visible="true" version="1" changeset="96347373" timestamp="2020-12-23T21:25:24Z" user="literan" uid="830106" lat="55.7819196" lon="37.6398066"/>
 <node id="8255888339" visible="true" version="1" changeset="96347373" timestamp="2020-12-23T21:25:24Z" user="literan" uid="830106" lat="55.7819822" lon="37.6398119"/>
 <node id="8255888340" visible="true" version="1" changeset="96347373" timestamp="2020-12-23T21:25:24Z" user="literan" uid="830106" lat="55.7817857" lon="37.6397558"/>
 <node id="8255888374" visible="true" version="1" changeset="96347373" timestamp="2020-12-23T21:25:24Z" user="literan" uid="830106" lat="55.7836504" lon="37.6394864"/>
 <node id="8255888376" visible="true" version="1" changeset="96347373" timestamp="2020-12-23T21:25:24Z" user="literan" uid="830106" lat="55.7836648" lon="37.6396467"/>
 <node id="8255888378" visible="true" version="1" changeset="96347373" timestamp="2020-12-23T21:25:24Z" user="literan" uid="830106" lat="55.7835305" lon="37.6396674"/>
 <node id="8255888417" visible="true" version="1" changeset="96347373" timestamp="2020-12-23T21:25:24Z" user="literan" uid="830106" lat="55.7837654" lon="37.6368582"/>
 <node id="8255888429" visible="true" version="1" changeset="96347373" timestamp="2020-12-23T21:25:24Z" user="literan" uid="830106" lat="55.7849920" lon="37.6375106"/>
 <node id="8255888430" visible="true" version="1" changeset="96347373" timestamp="2020-12-23T21:25:24Z" user="literan" uid="830106" lat="55.7849814" lon="37.6374757"/>
 <node id="8255888492" visible="true" version="1" changeset="96347373" timestamp="2020-12-23T21:25:24Z" user="literan" uid="830106" lat="55.7835509" lon="37.6396912"/>
 <node id="8255888493" visible="true" version="1" changeset="96347373" timestamp="2020-12-23T21:25:24Z" user="literan" uid="830106" lat="55.7835373" lon="37.6396698"/>
 <node id="8255888525" visible="true" version="1" changeset="96347373" timestamp="2020-12-23T21:25:24Z" user="literan" uid="830106" lat="55.7836489" lon="37.6395155"/>
 <node id="8255888526" visible="true" version="1" changeset="96347373" timestamp="2020-12-23T21:25:24Z" user="literan" uid="830106" lat="55.7837691" lon="37.6368565"/>
 <node id="8255888528" visible="true" version="1" changeset="96347373" timestamp="2020-12-23T21:25:24Z" user="literan" uid="830106" lat="55.7837760" lon="37.6368535"/>
 <node id="8255888529" visible="true" version="1" changeset="96347373" timestamp="2020-12-23T21:25:24Z" user="literan" uid="830106" lat="55.7837588" lon="37.6368709"/>
 <node id="8255888530" visible="true" version="1" changeset="96347373" timestamp="2020-12-23T21:25:24Z" user="literan" uid="830106" lat="55.7837586" lon="37.6371150"/>
 <node id="8255888531" visible="true" version="1" changeset="96347373" timestamp="2020-12-23T21:25:24Z" user="literan" uid="830106" lat="55.7837575" lon="37.6373389"/>
 <node id="8380733397" visible="true" version="1" changeset="98449864" timestamp="2021-01-31T14:04:55Z" user="literan" uid="830106" lat="55.7849961" lon="37.6375911"/>
 <node id="8392053682" visible="true" version="2" changeset="121805647" timestamp="2022-06-01T10:38:01Z" user="literan" uid="830106" lat="55.7837115" lon="37.6430085"/>
 <node id="8392053683" visible="true" version="1" changeset="98665237" timestamp="2021-02-03T20:31:51Z" user="solenoid jam" uid="10129333" lat="55.7823571" lon="37.6435818"/>
 <node id="8392053684" visible="true" version="2" changeset="121805647" timestamp="2022-06-01T10:38:01Z" user="literan" uid="830106" lat="55.7828333" lon="37.6430548"/>
 <node id="8392053687" visible="true" version="2" changeset="121805647" timestamp="2022-06-01T10:38:01Z" user="literan" uid="830106" lat="55.7828737" lon="37.6433154">
  <tag k="access" v="yes"/>
  <tag k="barrier" v="gate"/>
 </node>
 <node id="8392053690" visible="true" version="3" changeset="146686482" timestamp="2024-01-25T19:57:39Z" user="literan" uid="830106" lat="55.7821448" lon="37.6427513"/>
 <node id="8392053691" visible="true" version="2" changeset="146686482" timestamp="2024-01-25T19:57:39Z" user="literan" uid="830106" lat="55.7822402" lon="37.6435885"/>
 <node id="9584932175" visible="true" version="12" changeset="165939691" timestamp="2025-05-07T13:38:13Z" user="Travieso" uid="5642897" lat="55.7836812" lon="37.6423788">
  <tag k="contact:phone" v="+7 939 5553021"/>
  <tag k="contact:website" v="https://www.divan.ru/"/>
  <tag k="name" v="Divan.ru"/>
  <tag k="opening_hours" v="Mo-Su 10:00-22:00"/>
  <tag k="payment:credit_cards" v="yes"/>
  <tag k="payment:debit_cards" v="yes"/>
  <tag k="shop" v="furniture"/>
 </node>
 <node id="9787702211" visible="true" version="1" changeset="121805647" timestamp="2022-06-01T10:38:01Z" user="literan" uid="830106" lat="55.7830177" lon="37.6415637">
  <tag k="access" v="private"/>
  <tag k="barrier" v="wicket_gate"/>
 </node>
 <node id="9787702213" visible="true" version="1" changeset="121805647" timestamp="2022-06-01T10:38:01Z" user="literan" uid="830106" lat="55.7819206" lon="37.6417270">
  <tag k="access" v="private"/>
  <tag k="barrier" v="gate"/>
 </node>
 <node id="9787702214" visible="true" version="1" changeset="121805647" timestamp="2022-06-01T10:38:01Z" user="literan" uid="830106" lat="55.7820543" lon="37.6418370">
  <tag k="addr:flats" v="129-160"/>
  <tag k="entrance" v="staircase"/>
  <tag k="ref" v="5"/>
 </node>
 <node id="9787702215" visible="true" version="1" changeset="121805647" timestamp="2022-06-01T10:38:01Z" user="literan" uid="830106" lat="55.7822667" lon="37.6417490">
  <tag k="addr:flats" v="97-128"/>
  <tag k="entrance" v="staircase"/>
  <tag k="ref" v="4"/>
 </node>
 <node id="9787702216" visible="true" version="1" changeset="121805647" timestamp="2022-06-01T10:38:01Z" user="literan" uid="830106" lat="55.7824673" lon="37.6416658">
  <tag k="addr:flats" v="65-96"/>
  <tag k="entrance" v="staircase"/>
  <tag k="ref" v="3"/>
 </node>
 <node id="9787831117" visible="true" version="1" changeset="121805647" timestamp="2022-06-01T10:38:01Z" user="literan" uid="830106" lat="55.7826622" lon="37.6415851">
  <tag k="addr:flats" v="33-64"/>
  <tag k="entrance" v="staircase"/>
  <tag k="ref" v="2"/>
 </node>
 <node id="9787831118" visible="true" version="1" changeset="121805647" timestamp="2022-06-01T10:38:01Z" user="literan" uid="830106" lat="55.7828681" lon="37.6414998">
  <tag k="addr:flats" v="1-32"/>
  <tag k="entrance" v="staircase"/>
  <tag k="ref" v="1"/>
 </node>
 <node id="9787831175" visible="true" version="2" changeset="146686482" timestamp="2024-01-25T19:57:39Z" user="literan" uid="830106" lat="55.7821338" lon="37.6427818"/>
 <node id="9787831176" visible="true" version="2" changeset="146686482" timestamp="2024-01-25T19:57:39Z" user="literan" uid="830106" lat="55.7821583" lon="37.6427078"/>
 <node id="9787831177" visible="true" version="1" changeset="121805647" timestamp="2022-06-01T10:38:01Z" user="literan" uid="830106" lat="55.7849377" lon="37.6416077"/>
 <node id="9787831179" visible="true" version="1" changeset="121805647" timestamp="2022-06-01T10:38:01Z" user="literan" uid="830106" lat="55.7840538" lon="37.6426689"/>
 <node id="9787831180" visible="true" version="1" changeset="121805647" timestamp="2022-06-01T10:38:01Z" user="literan" uid="830106" lat="55.7840251" lon="37.6424528"/>
 <node id="9787831181" visible="true" version="1" changeset="121805647" timestamp="2022-06-01T10:38:01Z" user="literan" uid="830106" lat="55.7840405" lon="37.6424555"/>
 <node id="9787831182" visible="true" version="1" changeset="121805647" timestamp="2022-06-01T10:38:01Z" user="literan" uid="830106" lat="55.7840539" lon="37.6425558"/>
 <node id="9787831183" visible="true" version="1" changeset="121805647" timestamp="2022-06-01T10:38:01Z" user="literan" uid="830106" lat="55.7841502" lon="37.6425153"/>
 <node id="9787831184" visible="true" version="1" changeset="121805647" timestamp="2022-06-01T10:38:01Z" user="literan" uid="830106" lat="55.7841368" lon="37.6424150"/>
 <node id="9787831185" visible="true" version="1" changeset="121805647" timestamp="2022-06-01T10:38:01Z" user="literan" uid="830106" lat="55.7841434" lon="37.6427512"/>
 <node id="9787831186" visible="true" version="1" changeset="121805647" timestamp="2022-06-01T10:38:01Z" user="literan" uid="830106" lat="55.7840135" lon="37.6428041"/>
 <node id="9787831187" visible="true" version="1" changeset="121805647" timestamp="2022-06-01T10:38:01Z" user="literan" uid="830106" lat="55.7837631" lon="37.6432006"/>
 <node id="9787831188" visible="true" version="1" changeset="121805647" timestamp="2022-06-01T10:38:01Z" user="literan" uid="830106" lat="55.7837965" lon="37.6431870"/>
 <node id="9787831189" visible="true" version="1" changeset="121805647" timestamp="2022-06-01T10:38:01Z" user="literan" uid="830106" lat="55.7837883" lon="37.6431235"/>
 <node id="9787831190" visible="true" version="1" changeset="121805647" timestamp="2022-06-01T10:38:01Z" user="literan" uid="830106" lat="55.7837550" lon="37.6431370"/>
 <node id="9787831191" visible="true" version="1" changeset="121805647" timestamp="2022-06-01T10:38:01Z" user="literan" uid="830106" lat="55.7837067" lon="37.6429710"/>
 <node id="9787831192" visible="true" version="1" changeset="121805647" timestamp="2022-06-01T10:38:01Z" user="literan" uid="830106" lat="55.7830676" lon="37.6434168"/>
 <node id="9787831193" visible="true" version="1" changeset="121805647" timestamp="2022-06-01T10:38:01Z" user="literan" uid="830106" lat="55.7830531" lon="37.6433042"/>
 <node id="9787831194" visible="true" version="1" changeset="121805647" timestamp="2022-06-01T10:38:01Z" user="literan" uid="830106" lat="55.7837149" lon="37.6430347"/>
 <node id="9787831197" visible="true" version="1" changeset="121805647" timestamp="2022-06-01T10:38:01Z" user="literan" uid="830106" lat="55.7825021" lon="37.6428788"/>
 <node id="9787831198" visible="true" version="1" changeset="121805647" timestamp="2022-06-01T10:38:01Z" user="literan" uid="830106" lat="55.7825922" lon="37.6428409"/>
 <node id="9787831200" visible="true" version="1" changeset="121805647" timestamp="2022-06-01T10:38:01Z" user="literan" uid="830106" lat="55.7826693" lon="37.6426732"/>
 <node id="9787831201" visible="true" version="1" changeset="121805647" timestamp="2022-06-01T10:38:01Z" user="literan" uid="830106" lat="55.7826504" lon="37.6425311"/>
 <node id="9787831202" visible="true" version="1" changeset="121805647" timestamp="2022-06-01T10:38:01Z" user="literan" uid="830106" lat="55.7829189" lon="37.6425681"/>
 <node id="9787831203" visible="true" version="1" changeset="121805647" timestamp="2022-06-01T10:38:01Z" user="literan" uid="830106" lat="55.7829008" lon="37.6424315"/>
 <node id="9787831204" visible="true" version="1" changeset="121805647" timestamp="2022-06-01T10:38:01Z" user="literan" uid="830106" lat="55.7830953" lon="37.6424939"/>
 <node id="9787831205" visible="true" version="1" changeset="121805647" timestamp="2022-06-01T10:38:01Z" user="literan" uid="830106" lat="55.7830776" lon="37.6423611"/>
 <node id="9787831206" visible="true" version="1" changeset="121805647" timestamp="2022-06-01T10:38:01Z" user="literan" uid="830106" lat="55.7832657" lon="37.6424222"/>
 <node id="9787831207" visible="true" version="1" changeset="121805647" timestamp="2022-06-01T10:38:01Z" user="literan" uid="830106" lat="55.7832485" lon="37.6422931"/>
 <node id="9787831208" visible="true" version="1" changeset="121805647" timestamp="2022-06-01T10:38:01Z" user="literan" uid="830106" lat="55.7834526" lon="37.6423436"/>
 <node id="9787831209" visible="true" version="1" changeset="121805647" timestamp="2022-06-01T10:38:01Z" user="literan" uid="830106" lat="55.7834360" lon="37.6422185"/>
 <node id="9787831210" visible="true" version="1" changeset="121805647" timestamp="2022-06-01T10:38:01Z" user="literan" uid="830106" lat="55.7838615" lon="37.6421715"/>
 <node id="9787831211" visible="true" version="1" changeset="121805647" timestamp="2022-06-01T10:38:01Z" user="literan" uid="830106" lat="55.7824541" lon="37.6427637"/>
 <node id="9787831212" visible="true" version="1" changeset="121805647" timestamp="2022-06-01T10:38:01Z" user="literan" uid="830106" lat="55.7827541" lon="37.6430004"/>
 <node id="9787831213" visible="true" version="1" changeset="121805647" timestamp="2022-06-01T10:38:01Z" user="literan" uid="830106" lat="55.7828104" lon="37.6429767"/>
 <node id="9787831214" visible="true" version="1" changeset="121805647" timestamp="2022-06-01T10:38:01Z" user="literan" uid="830106" lat="55.7827459" lon="37.6429383"/>
 <node id="9787831215" visible="true" version="1" changeset="121805647" timestamp="2022-06-01T10:38:01Z" user="literan" uid="830106" lat="55.7828021" lon="37.6429146"/>
 <node id="9787831216" visible="true" version="1" changeset="121805647" timestamp="2022-06-01T10:38:01Z" user="literan" uid="830106" lat="55.7829370" lon="37.6429255"/>
 <node id="9787831217" visible="true" version="1" changeset="121805647" timestamp="2022-06-01T10:38:01Z" user="literan" uid="830106" lat="55.7829936" lon="37.6429016"/>
 <node id="9787831218" visible="true" version="1" changeset="121805647" timestamp="2022-06-01T10:38:01Z" user="literan" uid="830106" lat="55.7829285" lon="37.6428615"/>
 <node id="9787831219" visible="true" version="1" changeset="121805647" timestamp="2022-06-01T10:38:01Z" user="literan" uid="830106" lat="55.7829851" lon="37.6428376"/>
 <node id="9787831220" visible="true" version="1" changeset="121805647" timestamp="2022-06-01T10:38:01Z" user="literan" uid="830106" lat="55.7831079" lon="37.6428534"/>
 <node id="9787831221" visible="true" version="1" changeset="121805647" timestamp="2022-06-01T10:38:01Z" user="literan" uid="830106" lat="55.7831703" lon="37.6428271"/>
 <node id="9787831222" visible="true" version="1" changeset="121805647" timestamp="2022-06-01T10:38:01Z" user="literan" uid="830106" lat="55.7830994" lon="37.6427896"/>
 <node id="9787831223" visible="true" version="1" changeset="121805647" timestamp="2022-06-01T10:38:01Z" user="literan" uid="830106" lat="55.7831619" lon="37.6427633"/>
 <node id="9787831224" visible="true" version="1" changeset="121805647" timestamp="2022-06-01T10:38:01Z" user="literan" uid="830106" lat="55.7832942" lon="37.6427830"/>
 <node id="9787831225" visible="true" version="1" changeset="121805647" timestamp="2022-06-01T10:38:01Z" user="literan" uid="830106" lat="55.7833544" lon="37.6427577"/>
 <node id="9787831226" visible="true" version="1" changeset="121805647" timestamp="2022-06-01T10:38:01Z" user="literan" uid="830106" lat="55.7833449" lon="37.6426863"/>
 <node id="9787831227" visible="true" version="1" changeset="121805647" timestamp="2022-06-01T10:38:01Z" user="literan" uid="830106" lat="55.7832847" lon="37.6427116"/>
 <node id="9787831228" visible="true" version="1" changeset="121805647" timestamp="2022-06-01T10:38:01Z" user="literan" uid="830106" lat="55.7834697" lon="37.6427111"/>
 <node id="9787831229" visible="true" version="1" changeset="121805647" timestamp="2022-06-01T10:38:01Z" user="literan" uid="830106" lat="55.7835312" lon="37.6426852"/>
 <node id="9787831230" visible="true" version="1" changeset="121805647" timestamp="2022-06-01T10:38:01Z" user="literan" uid="830106" lat="55.7834600" lon="37.6426378"/>
 <node id="9787831231" visible="true" version="1" changeset="121805647" timestamp="2022-06-01T10:38:01Z" user="literan" uid="830106" lat="55.7835214" lon="37.6426120"/>
 <node id="9787831232" visible="true" version="1" changeset="121805647" timestamp="2022-06-01T10:38:01Z" user="literan" uid="830106" lat="55.7836485" lon="37.6426300"/>
 <node id="9787831233" visible="true" version="1" changeset="121805647" timestamp="2022-06-01T10:38:01Z" user="literan" uid="830106" lat="55.7836987" lon="37.6426089"/>
 <node id="9787831234" visible="true" version="1" changeset="121805647" timestamp="2022-06-01T10:38:01Z" user="literan" uid="830106" lat="55.7836395" lon="37.6425623"/>
 <node id="9787831235" visible="true" version="1" changeset="121805647" timestamp="2022-06-01T10:38:01Z" user="literan" uid="830106" lat="55.7836896" lon="37.6425412"/>
 <node id="9787831236" visible="true" version="1" changeset="121805647" timestamp="2022-06-01T10:38:01Z" user="literan" uid="830106" lat="55.7837804" lon="37.6425728"/>
 <node id="9787831237" visible="true" version="1" changeset="121805647" timestamp="2022-06-01T10:38:01Z" user="literan" uid="830106" lat="55.7837716" lon="37.6425067"/>
 <node id="9787831238" visible="true" version="1" changeset="121805647" timestamp="2022-06-01T10:38:01Z" user="literan" uid="830106" lat="55.7838152" lon="37.6423044"/>
 <node id="9787831239" visible="true" version="1" changeset="121805647" timestamp="2022-06-01T10:38:01Z" user="literan" uid="830106" lat="55.7837531" lon="37.6423305"/>
 <node id="9787831240" visible="true" version="1" changeset="121805647" timestamp="2022-06-01T10:38:01Z" user="literan" uid="830106" lat="55.7827114" lon="37.6430065"/>
 <node id="9787831241" visible="true" version="1" changeset="121805647" timestamp="2022-06-01T10:38:01Z" user="literan" uid="830106" lat="55.7827047" lon="37.6429556"/>
 <node id="9787831242" visible="true" version="1" changeset="121805647" timestamp="2022-06-01T10:38:01Z" user="literan" uid="830106" lat="55.7836200" lon="37.6416634">
  <tag k="highway" v="traffic_signals"/>
 </node>
 <node id="9787831243" visible="true" version="1" changeset="121805647" timestamp="2022-06-01T10:38:01Z" user="literan" uid="830106" lat="55.7834989" lon="37.6420092">
  <tag k="highway" v="traffic_signals"/>
  <tag k="traffic_signals:direction" v="forward"/>
 </node>
 <node id="9787831244" visible="true" version="1" changeset="121805647" timestamp="2022-06-01T10:38:01Z" user="literan" uid="830106" lat="55.7837638" lon="37.6418978">
  <tag k="highway" v="traffic_signals"/>
  <tag k="traffic_signals:direction" v="backward"/>
 </node>
 <node id="9787831245" visible="true" version="1" changeset="121805647" timestamp="2022-06-01T10:38:01Z" user="literan" uid="830106" lat="55.7839544" lon="37.6420068"/>
 <node id="9787831246" visible="true" version="1" changeset="121805647" timestamp="2022-06-01T10:38:01Z" user="literan" uid="830106" lat="55.7839530" lon="37.6424837"/>
 <node id="9787831247" visible="true" version="1" changeset="121805647" timestamp="2022-06-01T10:38:01Z" user="literan" uid="830106" lat="55.7838964" lon="37.6420629"/>
 <node id="9787831248" visible="true" version="1" changeset="121805647" timestamp="2022-06-01T10:38:01Z" user="literan" uid="830106" lat="55.7846557" lon="37.6424159"/>
 <node id="9787831249" visible="true" version="1" changeset="121805647" timestamp="2022-06-01T10:38:01Z" user="literan" uid="830106" lat="55.7846265" lon="37.6421972"/>
 <node id="9787831250" visible="true" version="1" changeset="121805647" timestamp="2022-06-01T10:38:01Z" user="literan" uid="830106" lat="55.7842799" lon="37.6423434"/>
 <node id="9787831251" visible="true" version="1" changeset="121805647" timestamp="2022-06-01T10:38:01Z" user="literan" uid="830106" lat="55.7842445" lon="37.6419858"/>
 <node id="9787831252" visible="true" version="1" changeset="121805647" timestamp="2022-06-01T10:38:01Z" user="literan" uid="830106" lat="55.7842328" lon="37.6419908"/>
 <node id="9787831253" visible="true" version="1" changeset="121805647" timestamp="2022-06-01T10:38:01Z" user="literan" uid="830106" lat="55.7844201" lon="37.6419502">
  <tag k="entrance" v="main"/>
  <tag k="wheelchair" v="yes"/>
 </node>
 <node id="9787831254" visible="true" version="1" changeset="121805647" timestamp="2022-06-01T10:38:01Z" user="literan" uid="830106" lat="55.7846225" lon="37.6415506"/>
 <node id="9787831266" visible="true" version="1" changeset="121805647" timestamp="2022-06-01T10:38:01Z" user="literan" uid="830106" lat="55.7848931" lon="37.6424732"/>
 <node id="9787831267" visible="true" version="1" changeset="121805647" timestamp="2022-06-01T10:38:01Z" user="literan" uid="830106" lat="55.7848870" lon="37.6424282"/>
 <node id="9787831268" visible="true" version="1" changeset="121805647" timestamp="2022-06-01T10:38:01Z" user="literan" uid="830106" lat="55.7848433" lon="37.6424820"/>
 <node id="9787831269" visible="true" version="1" changeset="121805647" timestamp="2022-06-01T10:38:01Z" user="literan" uid="830106" lat="55.7848388" lon="37.6424490"/>
 <node id="9787831283" visible="true" version="1" changeset="121805647" timestamp="2022-06-01T10:38:01Z" user="literan" uid="830106" lat="55.7848706" lon="37.6416184"/>
 <node id="9787831303" visible="true" version="1" changeset="121805647" timestamp="2022-06-01T10:38:01Z" user="literan" uid="830106" lat="55.7844528" lon="37.6430440"/>
 <node id="11530721812" visible="true" version="1" changeset="146443731" timestamp="2024-01-19T13:16:20Z" user="literan" uid="830106" lat="55.7809264" lon="37.6417243"/>
 <node id="11530721813" visible="true" version="1" changeset="146443731" timestamp="2024-01-19T13:16:20Z" user="literan" uid="830106" lat="55.7809408" lon="37.6417372"/>
 <node id="11530721814" visible="true" version="1" changeset="146443731" timestamp="2024-01-19T13:16:20Z" user="literan" uid="830106" lat="55.7808906" lon="37.6415788"/>
 <node id="11530721818" visible="true" version="1" changeset="146443731" timestamp="2024-01-19T13:16:20Z" user="literan" uid="830106" lat="55.7811539" lon="37.6394160"/>
 <node id="11530721822" visible="true" version="1" changeset="146443731" timestamp="2024-01-19T13:16:20Z" user="literan" uid="830106" lat="55.7809114" lon="37.6417074"/>
 <node id="11530721823" visible="true" version="1" changeset="146443731" timestamp="2024-01-19T13:16:20Z" user="literan" uid="830106" lat="55.7811370" lon="37.6394138"/>
 <node id="11530721824" visible="true" version="1" changeset="146443731" timestamp="2024-01-19T13:16:20Z" user="literan" uid="830106" lat="55.7811297" lon="37.6394232"/>
 <node id="11530721825" visible="true" version="1" changeset="146443731" timestamp="2024-01-19T13:16:20Z" user="literan" uid="830106" lat="55.7811260" lon="37.6394383"/>
 <node id="11532541097" visible="true" version="1" changeset="146460176" timestamp="2024-01-19T22:34:48Z" user="Fantomas" uid="478018" lat="55.7829414" lon="37.6422401"/>
 <node id="11532541098" visible="true" version="1" changeset="146460176" timestamp="2024-01-19T22:34:48Z" user="Fantomas" uid="478018" lat="55.7833835" lon="37.6420570"/>
 <node id="11535041747" visible="true" version="1" changeset="146494641" timestamp="2024-01-20T22:17:37Z" user="Fantomas" uid="478018" lat="55.7839170" lon="37.6416922"/>
 <node id="11535041748" visible="true" version="2" changeset="146507716" timestamp="2024-01-21T10:54:26Z" user="literan" uid="830106" lat="55.7849504" lon="37.6405009"/>
 <node id="11535041749" visible="true" version="1" changeset="146494641" timestamp="2024-01-20T22:17:37Z" user="Fantomas" uid="478018" lat="55.7834928" lon="37.6408788">
  <tag k="amenity" v="waste_disposal"/>
  <tag k="waste" v="trash"/>
 </node>
 <node id="11535041750" visible="true" version="1" changeset="146494641" timestamp="2024-01-20T22:17:37Z" user="Fantomas" uid="478018" lat="55.7834830" lon="37.6408432"/>
 <node id="11535041751" visible="true" version="1" changeset="146494641" timestamp="2024-01-20T22:17:37Z" user="Fantomas" uid="478018" lat="55.7834996" lon="37.6408446"/>
 <node id="11535041752" visible="true" version="1" changeset="146494641" timestamp="2024-01-20T22:17:37Z" user="Fantomas" uid="478018" lat="55.7837386" lon="37.6406112">
  <tag k="leisure" v="fitness_station"/>
 </node>
 <node id="11535041753" visible="true" version="1" changeset="146494641" timestamp="2024-01-20T22:17:37Z" user="Fantomas" uid="478018" lat="55.7836227" lon="37.6407825"/>
 <node id="11535041754" visible="true" version="1" changeset="146494641" timestamp="2024-01-20T22:17:37Z" user="Fantomas" uid="478018" lat="55.7836387" lon="37.6407814"/>
 <node id="11535041755" visible="true" version="1" changeset="146494641" timestamp="2024-01-20T22:17:37Z" user="Fantomas" uid="478018" lat="55.7836955" lon="37.6407774">
  <tag k="access" v="private"/>
  <tag k="barrier" v="gate"/>
 </node>
 <node id="11535041756" visible="true" version="1" changeset="146494641" timestamp="2024-01-20T22:17:37Z" user="Fantomas" uid="478018" lat="55.7837507" lon="37.6407735"/>
 <node id="11535041757" visible="true" version="1" changeset="146494641" timestamp="2024-01-20T22:17:37Z" user="Fantomas" uid="478018" lat="55.7835793" lon="37.6407855"/>
 <node id="11535041758" visible="true" version="1" changeset="146494641" timestamp="2024-01-20T22:17:37Z" user="Fantomas" uid="478018" lat="55.7839694" lon="37.6408490">
  <tag k="access" v="no"/>
  <tag k="barrier" v="gate"/>
 </node>
 <node id="11535041759" visible="true" version="1" changeset="146494641" timestamp="2024-01-20T22:17:37Z" user="Fantomas" uid="478018" lat="55.7841074" lon="37.6396457"/>
 <node id="11535041760" visible="true" version="1" changeset="146494641" timestamp="2024-01-20T22:17:37Z" user="Fantomas" uid="478018" lat="55.7841079" lon="37.6396743">
  <tag k="access" v="private"/>
  <tag k="barrier" v="gate"/>
 </node>
 <node id="11535041761" visible="true" version="1" changeset="146494641" timestamp="2024-01-20T22:17:37Z" user="Fantomas" uid="478018" lat="55.7840275" lon="37.6406126"/>
 <node id="11535041762" visible="true" version="2" changeset="146507716" timestamp="2024-01-21T10:54:26Z" user="literan" uid="830106" lat="55.7841995" lon="37.6408090"/>
 <node id="11535041763" visible="true" version="1" changeset="146494641" timestamp="2024-01-20T22:17:37Z" user="Fantomas" uid="478018" lat="55.7841836" lon="37.6396859"/>
 <node id="11535041764" visible="true" version="1" changeset="146494641" timestamp="2024-01-20T22:17:37Z" user="Fantomas" uid="478018" lat="55.7841753" lon="37.6396604"/>
 <node id="11535041767" visible="true" version="1" changeset="146494641" timestamp="2024-01-20T22:17:37Z" user="Fantomas" uid="478018" lat="55.7841866" lon="37.6399434"/>
 <node id="11535041768" visible="true" version="1" changeset="146494641" timestamp="2024-01-20T22:17:37Z" user="Fantomas" uid="478018" lat="55.7841534" lon="37.6396456"/>
 <node id="11535096771" visible="true" version="1" changeset="146494641" timestamp="2024-01-20T22:17:37Z" user="Fantomas" uid="478018" lat="55.7841813" lon="37.6405978"/>
 <node id="11535096772" visible="true" version="1" changeset="146494641" timestamp="2024-01-20T22:17:37Z" user="Fantomas" uid="478018" lat="55.7841670" lon="37.6396738"/>
 <node id="11535096774" visible="true" version="1" changeset="146494641" timestamp="2024-01-20T22:17:37Z" user="Fantomas" uid="478018" lat="55.7840290" lon="37.6408432"/>
 <node id="11535096775" visible="true" version="1" changeset="146494641" timestamp="2024-01-20T22:17:37Z" user="Fantomas" uid="478018" lat="55.7836957" lon="37.6408754"/>
 <node id="11535096776" visible="true" version="1" changeset="146494641" timestamp="2024-01-20T22:17:37Z" user="Fantomas" uid="478018" lat="55.7838298" lon="37.6409943">
  <tag k="access" v="private"/>
  <tag k="barrier" v="gate"/>
 </node>
 <node id="11535096777" visible="true" version="1" changeset="146494641" timestamp="2024-01-20T22:17:37Z" user="Fantomas" uid="478018" lat="55.7838542" lon="37.6412613">
  <tag k="access" v="private"/>
  <tag k="barrier" v="gate"/>
 </node>
 <node id="11535096778" visible="true" version="1" changeset="146494641" timestamp="2024-01-20T22:17:37Z" user="Fantomas" uid="478018" lat="55.7836352" lon="37.6409358"/>
 <node id="11535096779" visible="true" version="1" changeset="146494641" timestamp="2024-01-20T22:17:37Z" user="Fantomas" uid="478018" lat="55.7838246" lon="37.6408862"/>
 <node id="11535096780" visible="true" version="2" changeset="146507716" timestamp="2024-01-21T10:54:26Z" user="literan" uid="830106" lat="55.7838520" lon="37.6409554"/>
 <node id="11535096781" visible="true" version="1" changeset="146494641" timestamp="2024-01-20T22:17:37Z" user="Fantomas" uid="478018" lat="55.7837205" lon="37.6410203"/>
 <node id="11535096782" visible="true" version="1" changeset="146494641" timestamp="2024-01-20T22:17:37Z" user="Fantomas" uid="478018" lat="55.7837394" lon="37.6412898"/>
 <node id="11535096783" visible="true" version="1" changeset="146494641" timestamp="2024-01-20T22:17:37Z" user="Fantomas" uid="478018" lat="55.7838767" lon="37.6412557"/>
 <node id="11535096784" visible="true" version="1" changeset="146494641" timestamp="2024-01-20T22:17:37Z" user="Fantomas" uid="478018" lat="55.7840499" lon="37.6420849">
  <tag k="entrance" v="yes"/>
 </node>
 <node id="11535096785" visible="true" version="1" changeset="146494641" timestamp="2024-01-20T22:17:37Z" user="Fantomas" uid="478018" lat="55.7840912" lon="37.6420636">
  <tag k="check_date" v="2024-01-20"/>
  <tag k="contact:email" v="reservation@greenstone-hotel.ru"/>
  <tag k="contact:phone" v="+7 495 1780424;+7 916 0101917"/>
  <tag k="contact:website" v="https://greenstone-hotel.ru"/>
  <tag k="internet_access" v="wlan"/>
  <tag k="internet_access:fee" v="no"/>
  <tag k="name" v="Greenstone"/>
  <tag k="stars" v="4"/>
  <tag k="tourism" v="hotel"/>
 </node>
 <node id="11535096786" visible="true" version="1" changeset="146494641" timestamp="2024-01-20T22:17:37Z" user="Fantomas" uid="478018" lat="55.7841866" lon="37.6411450">
  <tag k="check_date" v="2024-01-20"/>
  <tag k="contact:phone" v="+7 985 1726905"/>
  <tag k="name" v="Белорусские колбасы"/>
  <tag k="opening_hours" v="Mo-Su 09:00-21:00"/>
  <tag k="shop" v="general"/>
 </node>
 <node id="11535096787" visible="true" version="1" changeset="146494641" timestamp="2024-01-20T22:17:37Z" user="Fantomas" uid="478018" lat="55.7843329" lon="37.6410069">
  <tag k="amenity" v="cafe"/>
  <tag k="check_date" v="2024-01-20"/>
  <tag k="contact:telegram" v="t.me/mirascoffee"/>
  <tag k="cuisine" v="coffee_shop"/>
  <tag k="name" v="Mira's Coffee"/>
  <tag k="opening_hours" v="Mo-Fr 08:00-18:00; Sa,Su 10:00-17:00"/>
  <tag k="takeaway" v="yes"/>
 </node>
 <node id="11535096788" visible="true" version="1" changeset="146494641" timestamp="2024-01-20T22:17:37Z" user="Fantomas" uid="478018" lat="55.7842635" lon="37.6410833">
  <tag k="check_date" v="2024-01-20"/>
  <tag k="craft" v="electronics_repair"/>
  <tag k="electronics_repair" v="computer;phone"/>
  <tag k="opening_hours" v="Mo-Su 09:00-21:00"/>
 </node>
 <node id="11535096789" visible="true" version="1" changeset="146494641" timestamp="2024-01-20T22:17:37Z" user="Fantomas" uid="478018" lat="55.7842152" lon="37.6410699">
  <tag k="check_date" v="2024-01-20"/>
  <tag k="craft" v="dressmaker"/>
  <tag k="inscription" v="Ремонт одежды"/>
  <tag k="opening_hours" v="Mo-Su 09:00-21:00"/>
 </node>
 <node id="11535096790" visible="true" version="1" changeset="146494641" timestamp="2024-01-20T22:17:37Z" user="Fantomas" uid="478018" lat="55.7842349" lon="37.6410578">
  <tag k="check_date" v="2024-01-20"/>
  <tag k="craft" v="shoemaker"/>
  <tag k="inscription" v="Ремонт обуви"/>
  <tag k="opening_hours" v="Mo-Su 09:00-21:00"/>
 </node>
 <node id="11535096791" visible="true" version="1" changeset="146494641" timestamp="2024-01-20T22:17:37Z" user="Fantomas" uid="478018" lat="55.7842590" lon="37.6410484">
  <tag k="check_date" v="2024-01-20"/>
  <tag k="craft" v="clockmaker"/>
  <tag k="inscription" v="Ремонт часов"/>
  <tag k="opening_hours" v="Mo-Su 09:00-21:00"/>
 </node>
 <node id="11535096792" visible="true" version="1" changeset="146494641" timestamp="2024-01-20T22:17:37Z" user="Fantomas" uid="478018" lat="55.7842952" lon="37.6410350">
  <tag k="beauty" v="nails"/>
  <tag k="check_date" v="2024-01-20"/>
  <tag k="contact:phone" v="+7 926 8022373"/>
  <tag k="contact:website" v="https://manikjurnaja-studija-4-people.clients.site"/>
  <tag k="name" v="4 people"/>
  <tag k="opening_hours" v="Mo-Su 10:00-21:00"/>
  <tag k="shop" v="beauty"/>
 </node>
 <node id="11535096793" visible="true" version="1" changeset="146494641" timestamp="2024-01-20T22:17:37Z" user="Fantomas" uid="478018" lat="55.7842409" lon="37.6411222">
  <tag k="check_date" v="2024-01-20"/>
  <tag k="inscription" v="Сантехника Электрика Инструмент"/>
  <tag k="opening_hours" v="Mo-Fr 10:00-20:00; Sa,Su 10:00-18:00"/>
  <tag k="shop" v="houseware"/>
 </node>
 <node id="11535096795" visible="true" version="3" changeset="165939691" timestamp="2025-05-07T14:01:00Z" user="Travieso" uid="5642897" lat="55.7840335" lon="37.6412174">
  <tag k="check_date" v="2025-05-07"/>
  <tag k="check_date:opening_hours" v="2025-05-07"/>
  <tag k="contact:email" v="rizhskaya@vostok.ru"/>
  <tag k="contact:phone" v="+7 495 63117966"/>
  <tag k="contact:website" v="https://vostok.ru"/>
  <tag k="name" v="Восток-Сервис"/>
  <tag k="opening_hours" v="Mo-Fr 10:00-19:00"/>
  <tag k="operator" v="ГК &quot;Восток-Сервис&quot;"/>
  <tag k="payment:credit_cards" v="yes"/>
  <tag k="payment:debit_cards" v="yes"/>
  <tag k="shop" v="clothes"/>
 </node>
 <node id="11536491180" visible="true" version="1" changeset="146507716" timestamp="2024-01-21T10:54:26Z" user="literan" uid="830106" lat="55.7846640" lon="37.6400028"/>
 <node id="11536491183" visible="true" version="1" changeset="146507716" timestamp="2024-01-21T10:54:26Z" user="literan" uid="830106" lat="55.7846470" lon="37.6406254"/>
 <node id="11536491203" visible="true" version="1" changeset="146507716" timestamp="2024-01-21T10:54:26Z" user="literan" uid="830106" lat="55.7848193" lon="37.6405547"/>
 <node id="11536491204" visible="true" version="1" changeset="146507716" timestamp="2024-01-21T10:54:26Z" user="literan" uid="830106" lat="55.7849098" lon="37.6402934"/>
 <node id="11536491205" visible="true" version="1" changeset="146507716" timestamp="2024-01-21T10:54:26Z" user="literan" uid="830106" lat="55.7849847" lon="37.6404861"/>
 <node id="11547037756" visible="true" version="1" changeset="146638712" timestamp="2024-01-24T17:04:35Z" user="Fantomas" uid="478018" lat="55.7834558" lon="37.6412241">
  <tag k="contact:phone" v="+7 926 6860466"/>
  <tag k="contact:vk" v="https://vk.com/flower_breeze_ru"/>
  <tag k="inscription" v="Цветы"/>
  <tag k="name" v="Цветочный бриз"/>
  <tag k="opening_hours" v="Mo-Su 10:00-22:00"/>
  <tag k="shop" v="florist"/>
 </node>
 <node id="11547037757" visible="true" version="1" changeset="146638712" timestamp="2024-01-24T17:04:35Z" user="Fantomas" uid="478018" lat="55.7832869" lon="37.6413542">
  <tag k="contact:phone" v="+7 495 6803977"/>
  <tag k="contact:website" v="https://vesremont.ru"/>
  <tag k="craft" v="electronics_repair"/>
  <tag k="electronics_repair" v="appliance"/>
  <tag k="name" v="Весь Ремонт"/>
  <tag k="opening_hours" v="Mo-Fr 10:00-18:00"/>
 </node>
 <node id="11547037758" visible="true" version="1" changeset="146638712" timestamp="2024-01-24T17:04:35Z" user="Fantomas" uid="478018" lat="55.7831798" lon="37.6413008">
  <tag k="addr:flats" v="1-108"/>
  <tag k="entrance" v="staircase"/>
  <tag k="ref" v="1"/>
 </node>
 <node id="11547037759" visible="true" version="1" changeset="146638712" timestamp="2024-01-24T17:04:35Z" user="Fantomas" uid="478018" lat="55.7833231" lon="37.6413180">
  <tag k="contact:phone" v="+7 499 3403573"/>
  <tag k="contact:website" v="https://lux-coffee.ru"/>
  <tag k="craft" v="electronics_repair"/>
  <tag k="electronics_repair" v="appliance"/>
  <tag k="name" v="Lux-Coffee"/>
  <tag k="opening_hours" v="Mo-Fr 10:00-18:00"/>
 </node>
 <node id="11547037760" visible="true" version="1" changeset="146638712" timestamp="2024-01-24T17:04:35Z" user="Fantomas" uid="478018" lat="55.7831874" lon="37.6414642">
  <tag k="brand" v="Мегамаркет"/>
  <tag k="contact:phone" v="+7 800 6000888"/>
  <tag k="contact:website" v="https://megamarket.ru"/>
  <tag k="name" v="Мегамаркет"/>
  <tag k="shop" v="outpost"/>
 </node>
 <node id="11547037761" visible="true" version="1" changeset="146638712" timestamp="2024-01-24T17:04:35Z" user="Fantomas" uid="478018" lat="55.7834468" lon="37.6413314">
  <tag k="craft" v="dressmaker"/>
  <tag k="inscription" v="Ателье"/>
  <tag k="opening_hours" v="Mo-Sa 10:00-21:00"/>
 </node>
 <node id="11547037762" visible="true" version="1" changeset="146638712" timestamp="2024-01-24T17:04:35Z" user="Fantomas" uid="478018" lat="55.7834460" lon="37.6412657">
  <tag k="contact:phone" v="+7 925 1587480"/>
  <tag k="contact:vk" v="https://vk.com/gosnomer_auto"/>
  <tag k="craft" v="tinsmith"/>
  <tag k="inscription" v="Госномер"/>
  <tag k="opening_hours" v="Mo-Fr 09:00-21:00"/>
 </node>
 <node id="11547037763" visible="true" version="1" changeset="146638712" timestamp="2024-01-24T17:04:35Z" user="Fantomas" uid="478018" lat="55.7834809" lon="37.6412888">
  <tag k="entrance" v="shop"/>
 </node>
 <node id="11547103120" visible="true" version="1" changeset="146640631" timestamp="2024-01-24T17:55:08Z" user="Fantomas" uid="478018" lat="55.7828654" lon="37.6427449">
  <tag k="amenity" v="parcel_locker"/>
  <tag k="brand" v="5post"/>
  <tag k="contact:phone" v="+7 800 5118800"/>
  <tag k="contact:website" v="https://fivepost.ru"/>
  <tag k="name" v="5post"/>
  <tag k="opening_hours" v="Mo-Su 08:00-23:00"/>
  <tag k="operator" v="5post"/>
 </node>
 <node id="11547124803" visible="true" version="1" changeset="146640500" timestamp="2024-01-24T17:52:09Z" user="Fantomas" uid="478018" lat="55.7837228" lon="37.6423560">
  <tag k="name" v="Стройхозмаг"/>
  <tag k="opening_hours" v="Mo-Sa 10:00-20:00; Su 10:00-18:00"/>
  <tag k="shop" v="doityourself"/>
 </node>
 <node id="11547124804" visible="true" version="1" changeset="146640500" timestamp="2024-01-24T17:52:09Z" user="Fantomas" uid="478018" lat="55.7833080" lon="37.6425478">
  <tag k="contact:phone" v="+7 800 1019836;+7 996 7320515"/>
  <tag k="contact:website" v="https://skazka-postel.ru"/>
  <tag k="name" v="Сказка"/>
  <tag k="opening_hours" v="Mo-Fr 09:00-18:00"/>
  <tag k="shop" v="household_linen"/>
 </node>
 <node id="11547124805" visible="true" version="1" changeset="146640500" timestamp="2024-01-24T17:52:09Z" user="Fantomas" uid="478018" lat="55.7837371" lon="37.6424848">
  <tag k="contact:phone" v="+7 499 4605420"/>
  <tag k="contact:website" v="https://claustrophobia.com"/>
  <tag k="leisure" v="escape_game"/>
  <tag k="name" v="Клаустрофобия"/>
  <tag k="opening_hours" v="Mo-Su 10:00-23:00"/>
 </node>
 <node id="11547124806" visible="true" version="1" changeset="146640500" timestamp="2024-01-24T17:52:09Z" user="Fantomas" uid="478018" lat="55.7836736" lon="37.6426195">
  <tag k="addr:flats" v="161-192"/>
  <tag k="entrance" v="staircase"/>
  <tag k="ref" v="6"/>
 </node>
 <node id="11547124807" visible="true" version="1" changeset="146640500" timestamp="2024-01-24T17:52:09Z" user="Fantomas" uid="478018" lat="55.7835005" lon="37.6426982">
  <tag k="addr:flats" v="129-160"/>
  <tag k="entrance" v="staircase"/>
  <tag k="ref" v="5"/>
 </node>
 <node id="11547124808" visible="true" version="1" changeset="146640500" timestamp="2024-01-24T17:52:09Z" user="Fantomas" uid="478018" lat="55.7833243" lon="37.6427704">
  <tag k="addr:flats" v="97-128"/>
  <tag k="entrance" v="staircase"/>
  <tag k="ref" v="4"/>
 </node>
 <node id="11547124809" visible="true" version="1" changeset="146640500" timestamp="2024-01-24T17:52:09Z" user="Fantomas" uid="478018" lat="55.7831391" lon="37.6428403">
  <tag k="addr:flats" v="65-96"/>
  <tag k="entrance" v="staircase"/>
  <tag k="ref" v="3"/>
 </node>
 <node id="11547124810" visible="true" version="1" changeset="146640500" timestamp="2024-01-24T17:52:09Z" user="Fantomas" uid="478018" lat="55.7829653" lon="37.6429136">
  <tag k="addr:flats" v="33-64"/>
  <tag k="entrance" v="staircase"/>
  <tag k="ref" v="2"/>
 </node>
 <node id="11547124811" visible="true" version="1" changeset="146640500" timestamp="2024-01-24T17:52:09Z" user="Fantomas" uid="478018" lat="55.7827823" lon="37.6429886">
  <tag k="addr:flats" v="1-32"/>
  <tag k="entrance" v="staircase"/>
  <tag k="ref" v="1"/>
 </node>
 <node id="11547204979" visible="true" version="1" changeset="146642114" timestamp="2024-01-24T18:30:42Z" user="Fantomas" uid="478018" lat="55.7818495" lon="37.6425674"/>
 <node id="11547204980" visible="true" version="1" changeset="146642114" timestamp="2024-01-24T18:30:42Z" user="Fantomas" uid="478018" lat="55.7820282" lon="37.6398084"/>
 <node id="11547204981" visible="true" version="3" changeset="165939577" timestamp="2025-05-07T13:36:30Z" user="Travieso" uid="5642897" lat="55.7818755" lon="37.6425567">
  <tag k="kerb" v="no"/>
  <tag k="tactile_paving" v="no"/>
 </node>
 <node id="11552023838" visible="true" version="1" changeset="146686482" timestamp="2024-01-25T19:57:39Z" user="literan" uid="830106" lat="55.7838895" lon="37.6420033"/>
 <node id="11552023839" visible="true" version="1" changeset="146686482" timestamp="2024-01-25T19:57:39Z" user="literan" uid="830106" lat="55.7821457" lon="37.6427208"/>
 <node id="11552023840" visible="true" version="1" changeset="146686482" timestamp="2024-01-25T19:57:39Z" user="literan" uid="830106" lat="55.7821389" lon="37.6427409"/>
 <node id="11552023841" visible="true" version="1" changeset="146686482" timestamp="2024-01-25T19:57:39Z" user="literan" uid="830106" lat="55.7821346" lon="37.6427597"/>
 <node id="11571428555" visible="true" version="1" changeset="146882843" timestamp="2024-01-30T23:20:29Z" user="Fantomas" uid="478018" lat="55.7846406" lon="37.6429796"/>
 <node id="11571428556" visible="true" version="1" changeset="146882843" timestamp="2024-01-30T23:20:29Z" user="Fantomas" uid="478018" lat="55.7840581" lon="37.6431995"/>
 <node id="11571428557" visible="true" version="1" changeset="146882843" timestamp="2024-01-30T23:20:29Z" user="Fantomas" uid="478018" lat="55.7841322" lon="37.6427558"/>
 <node id="11571428558" visible="true" version="1" changeset="146882843" timestamp="2024-01-30T23:20:29Z" user="Fantomas" uid="478018" lat="55.7841598" lon="37.6429719">
  <tag k="barrier" v="sliding_gate"/>
 </node>
 <node id="11571428559" visible="true" version="1" changeset="146882843" timestamp="2024-01-30T23:20:29Z" user="Fantomas" uid="478018" lat="55.7830776" lon="37.6431077">
  <tag k="leisure" v="playground"/>
 </node>
 <node id="11571428560" visible="true" version="1" changeset="146882843" timestamp="2024-01-30T23:20:29Z" user="Fantomas" uid="478018" lat="55.7831989" lon="37.6429673"/>
 <node id="11571428561" visible="true" version="1" changeset="146882843" timestamp="2024-01-30T23:20:29Z" user="Fantomas" uid="478018" lat="55.7832147" lon="37.6430947"/>
 <node id="11571428562" visible="true" version="1" changeset="146882843" timestamp="2024-01-30T23:20:29Z" user="Fantomas" uid="478018" lat="55.7833216" lon="37.6430527"/>
 <node id="11571428563" visible="true" version="1" changeset="146882843" timestamp="2024-01-30T23:20:29Z" user="Fantomas" uid="478018" lat="55.7833058" lon="37.6429253"/>
 <node id="11571428564" visible="true" version="1" changeset="146882843" timestamp="2024-01-30T23:20:29Z" user="Fantomas" uid="478018" lat="55.7835501" lon="37.6429012">
  <tag k="leisure" v="playground"/>
 </node>
 <node id="11571428565" visible="true" version="1" changeset="146882843" timestamp="2024-01-30T23:20:29Z" user="Fantomas" uid="478018" lat="55.7839498" lon="37.6424597">
  <tag k="access" v="private"/>
  <tag k="barrier" v="gate"/>
 </node>
 <node id="11571428566" visible="true" version="1" changeset="146882843" timestamp="2024-01-30T23:20:29Z" user="Fantomas" uid="478018" lat="55.7839027" lon="37.6424814"/>
 <node id="11571428567" visible="true" version="1" changeset="146882843" timestamp="2024-01-30T23:20:29Z" user="Fantomas" uid="478018" lat="55.7841259" lon="37.6427060"/>
 <node id="11571428568" visible="true" version="1" changeset="146882843" timestamp="2024-01-30T23:20:29Z" user="Fantomas" uid="478018" lat="55.7841825" lon="37.6431505"/>
 <node id="11593022998" visible="true" version="1" changeset="147154669" timestamp="2024-02-06T22:56:06Z" user="Fantomas" uid="478018" lat="55.7844488" lon="37.6371942"/>
 <node id="11593023009" visible="true" version="1" changeset="147154669" timestamp="2024-02-06T22:56:06Z" user="Fantomas" uid="478018" lat="55.7850583" lon="37.6409468"/>
 <node id="11595515958" visible="true" version="1" changeset="147186373" timestamp="2024-02-07T17:53:45Z" user="Fantomas" uid="478018" lat="55.7836048" lon="37.6396711"/>
 <node id="11595647253" visible="true" version="1" changeset="147187745" timestamp="2024-02-07T18:40:09Z" user="Fantomas" uid="478018" lat="55.7831466" lon="37.6407604">
  <tag k="barrier" v="gate"/>
 </node>
 <node id="11595647254" visible="true" version="1" changeset="147187745" timestamp="2024-02-07T18:40:09Z" user="Fantomas" uid="478018" lat="55.7832726" lon="37.6407574"/>
 <node id="11595647255" visible="true" version="1" changeset="147187745" timestamp="2024-02-07T18:40:09Z" user="Fantomas" uid="478018" lat="55.7831029" lon="37.6407614"/>
 <node id="11595647256" visible="true" version="1" changeset="147187745" timestamp="2024-02-07T18:40:09Z" user="Fantomas" uid="478018" lat="55.7831029" lon="37.6407145"/>
 <node id="11595647257" visible="true" version="1" changeset="147187745" timestamp="2024-02-07T18:40:09Z" user="Fantomas" uid="478018" lat="55.7831663" lon="37.6405857">
  <tag k="amenity" v="dentist"/>
  <tag k="check_date" v="2024-02-07"/>
  <tag k="contact:email" v="dental@pumpagroup.ru"/>
  <tag k="contact:phone" v="+7 495 9900770"/>
  <tag k="contact:website" v="https://pumpadental.ru"/>
  <tag k="healthcare" v="dentist"/>
  <tag k="name" v="Пумпа клиника"/>
  <tag k="opening_hours" v="Mo-Sa 09:00-20:00"/>
 </node>
 <node id="11599401127" visible="true" version="1" changeset="147233175" timestamp="2024-02-08T21:04:48Z" user="Fantomas" uid="478018" lat="55.7834257" lon="37.6412898">
  <tag k="inscription" v="Багетный салон"/>
  <tag k="shop" v="frame"/>
 </node>
 <node id="11599401128" visible="true" version="1" changeset="147233175" timestamp="2024-02-08T21:04:48Z" user="Fantomas" uid="478018" lat="55.7833533" lon="37.6412778">
  <tag k="contact:phone" v="+7 495 7856583"/>
  <tag k="contact:website" v="https://mosservice.ru"/>
  <tag k="craft" v="electronics_repair"/>
  <tag k="electronics_repair" v="appliance"/>
  <tag k="name" v="Моссервис"/>
  <tag k="opening_hours" v="Mo-Fr 10:00-18:00"/>
  <tag k="operator" v="ООО &quot;Моссервис&quot;"/>
 </node>
 <node id="11599401132" visible="true" version="1" changeset="147233175" timestamp="2024-02-08T21:04:48Z" user="Fantomas" uid="478018" lat="55.7830547" lon="37.6411493">
  <tag k="access" v="private"/>
  <tag k="barrier" v="gate"/>
 </node>
 <node id="11599401134" visible="true" version="1" changeset="147233175" timestamp="2024-02-08T21:04:48Z" user="Fantomas" uid="478018" lat="55.7827764" lon="37.6407185"/>
 <node id="11599401135" visible="true" version="1" changeset="147233175" timestamp="2024-02-08T21:04:48Z" user="Fantomas" uid="478018" lat="55.7831479" lon="37.6406898">
  <tag k="entrance" v="yes"/>
 </node>
 <node id="11599401136" visible="true" version="1" changeset="147233175" timestamp="2024-02-08T21:04:48Z" user="Fantomas" uid="478018" lat="55.7831014" lon="37.6406756"/>
 <node id="11599401137" visible="true" version="1" changeset="147233175" timestamp="2024-02-08T21:04:48Z" user="Fantomas" uid="478018" lat="55.7831342" lon="37.6405368">
  <tag k="entrance" v="yes"/>
 </node>
 <node id="11599467269" visible="true" version="1" changeset="147233951" timestamp="2024-02-08T21:29:22Z" user="Fantomas" uid="478018" lat="55.7837183" lon="37.6396776"/>
 <node id="11599467270" visible="true" version="1" changeset="147233951" timestamp="2024-02-08T21:29:22Z" user="Fantomas" uid="478018" lat="55.7836941" lon="37.6397127"/>
 <node id="12000706499" visible="true" version="1" changeset="153029928" timestamp="2024-06-22T13:31:19Z" user="alx_the_new_guy" uid="21087364" lat="55.8004886" lon="37.6079518"/>
 <node id="12254549844" visible="true" version="2" changeset="162598774" timestamp="2025-02-17T07:27:34Z" user="kate_rocketdata" uid="12100948" lat="55.7831436" lon="37.6425880">
  <tag k="amenity" v="fast_food"/>
  <tag k="contact:email" v="care@pizzahut.ru"/>
  <tag k="contact:phone" v="+7 800 2225509;+7 993 7871489"/>
  <tag k="contact:website" v="https://pizzahut.ru"/>
  <tag k="cuisine" v="pizza"/>
  <tag k="name" v="Пиццан"/>
  <tag k="opening_hours" v="Mo-Su 10:00-22:00"/>
 </node>
 <way id="35168417" visible="true" version="13" changeset="117563007" timestamp="2022-02-18T12:30:42Z" user="zorglubu" uid="6466263">
  <nd ref="1836880861"/>
  <nd ref="412507407"/>
  <nd ref="412507408"/>
  <nd ref="8255888240"/>
  <nd ref="8255888239"/>
  <nd ref="8255888238"/>
  <nd ref="8255888241"/>
  <nd ref="412507409"/>
  <nd ref="412507410"/>
  <nd ref="412507411"/>
  <nd ref="412507400"/>
  <nd ref="412507401"/>
  <nd ref="1836880861"/>
  <tag k="addr:housenumber" v="6 с1"/>
  <tag k="addr:street" v="Орлово-Давыдовский переулок"/>
  <tag k="building" v="office"/>
  <tag k="building:levels" v="3"/>
  <tag k="country" v="ET"/>
  <tag k="diplomatic" v="embassy"/>
  <tag k="embassy" v="yes"/>
  <tag k="name" v="Посольство Эфиопии"/>
  <tag k="name:en" v="Embassy of Ethiopa"/>
  <tag k="name:fr" v="Ambassade d'Éthiopie"/>
  <tag k="office" v="diplomatic"/>
  <tag k="phone" v="+7 495 680-16-16"/>
  <tag k="target" v="RU"/>
  <tag k="wikidata" v="Q4374096"/>
  <tag k="wikipedia" v="ru:Посольство Эфиопии в России"/>
 </way>
 <way id="35168635" visible="true" version="13" changeset="165939596" timestamp="2025-05-07T13:37:04Z" user="Travieso" uid="5642897">
  <nd ref="412509532"/>
  <nd ref="412509534"/>
  <nd ref="9787831118"/>
  <nd ref="9787831117"/>
  <nd ref="9787702216"/>
  <nd ref="9787702215"/>
  <nd ref="9787702214"/>
  <nd ref="412509535"/>
  <nd ref="412509533"/>
  <nd ref="412509532"/>
  <tag k="addr:housenumber" v="7 с1"/>
  <tag k="addr:street" v="Большая Переяславская улица"/>
  <tag k="building" v="apartments"/>
  <tag k="building:flats" v="154"/>
  <tag k="building:levels" v="9"/>
  <tag k="design:ref" v="II-57-05/Ю"/>
  <tag k="design:year" v="1967"/>
  <tag k="roof:shape" v="flat"/>
  <tag k="start_date" v="1969"/>
 </way>
 <way id="42377730" visible="true" version="9" changeset="147154669" timestamp="2024-02-06T22:56:06Z" user="Fantomas" uid="478018">
  <nd ref="8380733397"/>
  <nd ref="3641107892"/>
  <nd ref="8255888429"/>
  <nd ref="8255888430"/>
  <nd ref="529020808"/>
  <nd ref="11593022998"/>
  <nd ref="529020804"/>
  <nd ref="8255888528"/>
  <nd ref="8255888526"/>
  <nd ref="8255888417"/>
  <nd ref="8255888529"/>
  <nd ref="529020801"/>
  <nd ref="8255888530"/>
  <nd ref="8255888531"/>
  <nd ref="529020799"/>
  <nd ref="8255888374"/>
  <nd ref="8255888525"/>
  <nd ref="11535041753"/>
  <nd ref="8255888312"/>
  <nd ref="8255888311"/>
  <nd ref="529020923"/>
  <nd ref="8255888279"/>
  <nd ref="529020922"/>
  <nd ref="8255888310"/>
  <nd ref="8255888309"/>
  <nd ref="529020921"/>
  <nd ref="11535041747"/>
  <nd ref="529020933"/>
  <nd ref="8255888301"/>
  <nd ref="8255888300"/>
  <nd ref="8255888299"/>
  <nd ref="8255888298"/>
  <nd ref="8255888280"/>
  <nd ref="8255888297"/>
  <nd ref="8255888296"/>
  <nd ref="11535041748"/>
  <nd ref="8255888295"/>
  <nd ref="11536491204"/>
  <nd ref="8255888294"/>
  <nd ref="529020930"/>
  <tag k="barrier" v="kerb"/>
 </way>
 <way id="42377738" visible="true" version="9" changeset="165939596" timestamp="2025-05-07T13:38:57Z" user="Travieso" uid="5642897">
  <nd ref="529020935"/>
  <nd ref="529020934"/>
  <nd ref="5563034381"/>
  <nd ref="5563034382"/>
  <nd ref="5563034383"/>
  <nd ref="5563034384"/>
  <nd ref="5563034385"/>
  <nd ref="529020926"/>
  <nd ref="529020927"/>
  <nd ref="529020935"/>
  <tag k="addr:housenumber" v="11 с1"/>
  <tag k="addr:street" v="Большая Переяславская улица"/>
  <tag k="building" v="apartments"/>
  <tag k="building:flats" v="160"/>
  <tag k="building:levels" v="9"/>
  <tag k="design:ref" v="II-57-05/Ю"/>
  <tag k="design:year" v="1967"/>
  <tag k="roof:shape" v="flat"/>
  <tag k="start_date" v="1969"/>
 </way>
 <way id="42377739" visible="true" version="8" changeset="121805647" timestamp="2022-06-01T10:38:01Z" user="literan" uid="830106">
  <nd ref="529020948"/>
  <nd ref="529020943"/>
 </way>
 <way id="42377740" visible="true" version="9" changeset="146642114" timestamp="2024-01-24T18:30:42Z" user="Fantomas" uid="478018">
  <nd ref="529020918"/>
  <nd ref="8255888492"/>
  <nd ref="8255888493"/>
  <nd ref="8255888378"/>
  <nd ref="529020919"/>
  <nd ref="529020899"/>
  <nd ref="11547204980"/>
  <nd ref="8255888339"/>
  <nd ref="8255888337"/>
  <nd ref="529020897"/>
  <nd ref="8255888340"/>
  <nd ref="11530721818"/>
  <nd ref="529020891"/>
  <nd ref="11530721823"/>
  <nd ref="11530721824"/>
  <nd ref="11530721825"/>
  <nd ref="11530721814"/>
  <nd ref="529020894"/>
  <nd ref="11530721822"/>
  <nd ref="11530721812"/>
  <nd ref="11530721813"/>
  <nd ref="529020902"/>
  <nd ref="8255866913"/>
  <nd ref="529020903"/>
  <nd ref="8255866892"/>
  <nd ref="8255888277"/>
  <nd ref="8255888271"/>
  <nd ref="529020904"/>
  <nd ref="11547204979"/>
  <nd ref="11547204981"/>
  <nd ref="8255888256"/>
  <nd ref="529020945"/>
  <nd ref="8255888288"/>
  <nd ref="8255888286"/>
  <nd ref="8255888287"/>
  <nd ref="529020924"/>
  <nd ref="8255888278"/>
  <nd ref="8255888285"/>
  <nd ref="8255888284"/>
  <nd ref="529020925"/>
  <nd ref="529020918"/>
  <tag k="barrier" v="kerb"/>
  <tag k="landuse" v="residential"/>
  <tag k="residential" v="urban"/>
 </way>
 <way id="44721854" visible="true" version="29" changeset="147260518" timestamp="2024-02-09T14:57:11Z" user="Fantomas" uid="478018">
  <nd ref="8158241763"/>
  <nd ref="4261845473"/>
  <nd ref="4261845475"/>
  <nd ref="11532541097"/>
  <tag k="highway" v="secondary"/>
  <tag k="lanes" v="4"/>
  <tag k="lit" v="yes"/>
  <tag k="maxspeed" v="RU:urban"/>
  <tag k="name" v="Большая Переяславская улица"/>
  <tag k="name:ru" v="Большая Переяславская улица"/>
  <tag k="name:uk" v="Велика Переяславська вулиця"/>
  <tag k="parking:both:restriction" v="no_stopping"/>
  <tag k="postal_code" v="129110"/>
  <tag k="surface" v="asphalt"/>
 </way>
 <way id="44721907" visible="true" version="36" changeset="147260518" timestamp="2024-02-09T14:57:11Z" user="Fantomas" uid="478018">
  <nd ref="100349335"/>
  <nd ref="9787831244"/>
  <nd ref="8158241768"/>
  <tag k="highway" v="secondary"/>
  <tag k="lanes" v="4"/>
  <tag k="lit" v="yes"/>
  <tag k="maxspeed" v="RU:urban"/>
  <tag k="name" v="Большая Переяславская улица"/>
  <tag k="name:ru" v="Большая Переяславская улица"/>
  <tag k="name:uk" v="Велика Переяславська вулиця"/>
  <tag k="parking:both:restriction" v="no_stopping"/>
  <tag k="postal_code" v="129110"/>
  <tag k="surface" v="asphalt"/>
 </way>
 <way id="45066504" visible="true" version="9" changeset="165939596" timestamp="2025-05-07T13:39:07Z" user="Travieso" uid="5642897">
  <nd ref="571452184"/>
  <nd ref="1836881044"/>
  <nd ref="571452181"/>
  <nd ref="571452185"/>
  <nd ref="571452182"/>
  <nd ref="571452190"/>
  <nd ref="9787831253"/>
  <nd ref="1836880974"/>
  <nd ref="571452187"/>
  <nd ref="1836881046"/>
  <nd ref="571452192"/>
  <nd ref="1836881060"/>
  <nd ref="1836881058"/>
  <nd ref="571452189"/>
  <nd ref="9787831268"/>
  <nd ref="9787831269"/>
  <nd ref="9787831267"/>
  <nd ref="9787831266"/>
  <nd ref="571452191"/>
  <nd ref="571452180"/>
  <nd ref="571452183"/>
  <nd ref="571452184"/>
  <tag k="addr:housenumber" v="16"/>
  <tag k="addr:street" v="Большая Переяславская улица"/>
  <tag k="building" v="office"/>
  <tag k="building:levels" v="7"/>
  <tag k="roof:shape" v="flat"/>
 </way>
 <way id="45829271" visible="true" version="9" changeset="165939596" timestamp="2025-05-07T13:37:55Z" user="Travieso" uid="5642897">
  <nd ref="583315725"/>
  <nd ref="9787831236"/>
  <nd ref="9787831237"/>
  <nd ref="9787831235"/>
  <nd ref="9787831233"/>
  <nd ref="11547124806"/>
  <nd ref="9787831232"/>
  <nd ref="9787831234"/>
  <nd ref="9787831231"/>
  <nd ref="9787831229"/>
  <nd ref="11547124807"/>
  <nd ref="9787831228"/>
  <nd ref="9787831230"/>
  <nd ref="9787831226"/>
  <nd ref="9787831225"/>
  <nd ref="11547124808"/>
  <nd ref="9787831224"/>
  <nd ref="9787831227"/>
  <nd ref="9787831223"/>
  <nd ref="9787831221"/>
  <nd ref="11547124809"/>
  <nd ref="9787831220"/>
  <nd ref="9787831222"/>
  <nd ref="9787831219"/>
  <nd ref="9787831217"/>
  <nd ref="11547124810"/>
  <nd ref="9787831216"/>
  <nd ref="9787831218"/>
  <nd ref="9787831215"/>
  <nd ref="9787831213"/>
  <nd ref="11547124811"/>
  <nd ref="9787831212"/>
  <nd ref="9787831214"/>
  <nd ref="9787831241"/>
  <nd ref="9787831240"/>
  <nd ref="583315726"/>
  <nd ref="9787831198"/>
  <nd ref="9787831197"/>
  <nd ref="583315727"/>
  <nd ref="583315728"/>
  <nd ref="9787831239"/>
  <nd ref="9787831238"/>
  <nd ref="583315725"/>
  <tag k="addr:housenumber" v="10"/>
  <tag k="addr:street" v="Большая Переяславская улица"/>
  <tag k="building" v="apartments"/>
  <tag k="building:flats" v="192"/>
  <tag k="building:levels" v="9"/>
  <tag k="design:ref" v="1-515-26/9М"/>
  <tag k="roof:shape" v="flat"/>
  <tag k="start_date" v="1971"/>
 </way>
 <way id="46963279" visible="true" version="44" changeset="146494641" timestamp="2024-01-20T22:17:37Z" user="Fantomas" uid="478018">
  <nd ref="599306681"/>
  <nd ref="1426820267"/>
  <nd ref="1426820268"/>
  <nd ref="599306672"/>
  <nd ref="599306686"/>
  <nd ref="599306698"/>
  <nd ref="599306690"/>
  <nd ref="599306694"/>
  <nd ref="599306676"/>
  <nd ref="599306680"/>
  <nd ref="599306681"/>
  <tag k="addr:housenumber" v="5"/>
  <tag k="addr:street" v="Орлово-Давыдовский переулок"/>
  <tag k="building" v="school"/>
  <tag k="building:levels" v="4"/>
 </way>
 <way id="47338411" visible="true" version="5" changeset="146507716" timestamp="2024-01-21T10:54:26Z" user="literan" uid="830106">
  <nd ref="11536491205"/>
  <nd ref="11535041748"/>
  <nd ref="11536491203"/>
  <nd ref="11536491183"/>
  <nd ref="11535041762"/>
  <nd ref="602849283"/>
  <nd ref="11535096780"/>
  <nd ref="602849284"/>
  <nd ref="11535096783"/>
  <nd ref="4196848762"/>
  <nd ref="11535041747"/>
  <nd ref="602849286"/>
  <tag k="highway" v="service"/>
  <tag k="living_street" v="yes"/>
  <tag k="surface" v="asphalt"/>
 </way>
 <way id="52462374" visible="true" version="10" changeset="165939596" timestamp="2025-05-07T13:38:53Z" user="Travieso" uid="5642897">
  <nd ref="666974169"/>
  <nd ref="666974170"/>
  <nd ref="7948859602"/>
  <nd ref="7948859601"/>
  <nd ref="11547037758"/>
  <nd ref="666974172"/>
  <nd ref="7948859600"/>
  <nd ref="7948859598"/>
  <nd ref="8255888274"/>
  <nd ref="7948859597"/>
  <nd ref="7948859599"/>
  <nd ref="666974174"/>
  <nd ref="666974176"/>
  <nd ref="666974177"/>
  <nd ref="666974179"/>
  <nd ref="11547037763"/>
  <nd ref="666974181"/>
  <nd ref="666974169"/>
  <tag k="addr:housenumber" v="9"/>
  <tag k="addr:street" v="Большая Переяславская улица"/>
  <tag k="building" v="apartments"/>
  <tag k="building:flats" v="108"/>
  <tag k="building:levels" v="16"/>
  <tag k="design:ref" v="1Мг-601/Ж"/>
  <tag k="roof:shape" v="flat"/>
  <tag k="start_date" v="1972"/>
 </way>
 <way id="52462375" visible="true" version="11" changeset="146494641" timestamp="2024-01-20T22:17:37Z" user="Fantomas" uid="478018">
  <nd ref="8158241771"/>
  <nd ref="11535096784"/>
  <nd ref="666974187"/>
  <nd ref="571452188"/>
  <nd ref="9787831252"/>
  <nd ref="9787831251"/>
  <nd ref="666974183"/>
 </way>
 <way id="172839662" visible="true" version="5" changeset="121805647" timestamp="2022-06-01T10:38:01Z" user="literan" uid="830106">
  <nd ref="1836880937"/>
  <nd ref="9787831189"/>
  <nd ref="9787831188"/>
  <nd ref="9787831187"/>
  <nd ref="9787831190"/>
  <nd ref="1836880909"/>
  <nd ref="9787831194"/>
  <nd ref="8392053682"/>
  <nd ref="9787831191"/>
 </way>
 <way id="172839715" visible="true" version="8" changeset="147233175" timestamp="2024-02-08T21:04:48Z" user="Fantomas" uid="478018">
  <nd ref="1836880886"/>
  <nd ref="1836880885"/>
  <nd ref="1836880883"/>
  <nd ref="1836880878"/>
  <nd ref="1836880875"/>
  <nd ref="1836880874"/>
  <nd ref="11599401135"/>
  <nd ref="1836880870"/>
  <nd ref="11599401137"/>
  <nd ref="1836880872"/>
  <nd ref="1836880886"/>
  <tag k="addr:housenumber" v="8"/>
  <tag k="addr:street" v="Орлово-Давыдовский переулок"/>
  <tag k="building" v="clinic"/>
  <tag k="building:levels" v="5"/>
 </way>
 <way id="172839716" visible="true" version="3" changeset="98084256" timestamp="2021-01-25T04:06:15Z" user="UNR34L" uid="12542459">
  <nd ref="1836880863"/>
  <nd ref="1836880864"/>
  <nd ref="1836880853"/>
  <nd ref="1836880852"/>
  <nd ref="1836880863"/>
  <tag k="addr:housenumber" v="9 с2"/>
  <tag k="addr:street" v="Большая Переяславская улица"/>
  <tag k="building" v="service"/>
 </way>
 <way id="172839734" visible="true" version="3" changeset="147233175" timestamp="2024-02-08T21:04:48Z" user="Fantomas" uid="478018">
  <nd ref="1836880832"/>
  <nd ref="8255888314"/>
  <nd ref="1836880831"/>
  <nd ref="8255888222"/>
  <nd ref="11599401136"/>
  <tag k="highway" v="service"/>
  <tag k="surface" v="asphalt"/>
 </way>
 <way id="172839741" visible="true" version="2" changeset="147187745" timestamp="2024-02-07T18:40:09Z" user="Fantomas" uid="478018">
  <nd ref="1836880845"/>
  <nd ref="1836880848"/>
  <nd ref="1836880896"/>
  <nd ref="1836880898"/>
  <nd ref="1836880897"/>
  <nd ref="1836880888"/>
  <nd ref="11595647254"/>
  <nd ref="11595647253"/>
  <nd ref="11595647255"/>
  <nd ref="11595647256"/>
  <nd ref="1836880864"/>
  <tag k="barrier" v="fence"/>
 </way>
 <way id="384819982" visible="true" version="18" changeset="165939474" timestamp="2025-05-07T13:38:43Z" user="Travieso" uid="5642897">
  <nd ref="8255888247"/>
  <nd ref="8255888308"/>
  <nd ref="8255888290"/>
  <nd ref="100349333"/>
  <nd ref="9787831242"/>
  <nd ref="1836880902"/>
  <nd ref="100349335"/>
  <tag k="highway" v="tertiary"/>
  <tag k="lanes" v="2"/>
  <tag k="lit" v="yes"/>
  <tag k="maxspeed" v="RU:urban"/>
  <tag k="name" v="Орлово-Давыдовский переулок"/>
  <tag k="name:ru" v="Орлово-Давыдовский переулок"/>
  <tag k="name:uk" v="Орлово-Давидівський провулок"/>
  <tag k="oneway" v="yes"/>
  <tag k="parking:both:restriction" v="no_stopping"/>
  <tag k="postal_code" v="129110"/>
  <tag k="surface" v="asphalt"/>
  <tag k="turn:lanes" v="left|right"/>
 </way>
 <way id="419668167" visible="true" version="11" changeset="165939474" timestamp="2025-05-07T13:37:44Z" user="Travieso" uid="5642897">
  <nd ref="4196848770"/>
  <nd ref="7721829036"/>
  <nd ref="9787831283"/>
  <nd ref="4196848779"/>
  <nd ref="9787831245"/>
  <nd ref="8158241767"/>
  <nd ref="4196848782"/>
  <nd ref="9787831209"/>
  <nd ref="9787831207"/>
  <nd ref="9787831205"/>
  <nd ref="9787831203"/>
  <nd ref="9787831201"/>
  <nd ref="8158241764"/>
  <nd ref="8392053690"/>
  <tag k="footway" v="sidewalk"/>
  <tag k="highway" v="footway"/>
  <tag k="lit" v="yes"/>
  <tag k="surface" v="asphalt"/>
 </way>
 <way id="419668170" visible="true" version="3" changeset="165939474" timestamp="2025-05-07T13:41:00Z" user="Travieso" uid="5642897">
  <nd ref="8255888256"/>
  <nd ref="1836880900"/>
  <nd ref="8255888255"/>
  <tag k="footway" v="crossing"/>
  <tag k="highway" v="footway"/>
  <tag k="lit" v="yes"/>
  <tag k="surface" v="asphalt"/>
 </way>
 <way id="419668171" visible="true" version="4" changeset="147233175" timestamp="2024-02-08T21:04:48Z" user="Fantomas" uid="478018">
  <nd ref="8255888273"/>
  <nd ref="4196848749"/>
  <nd ref="4196848768"/>
  <nd ref="8255888263"/>
  <nd ref="8255888262"/>
  <nd ref="9787702213"/>
  <tag k="access" v="private"/>
  <tag k="highway" v="service"/>
  <tag k="living_street" v="yes"/>
  <tag k="surface" v="asphalt"/>
 </way>
 <way id="761343438" visible="true" version="10" changeset="165939474" timestamp="2025-05-07T13:50:51Z" user="Travieso" uid="5642897">
  <nd ref="11595515958"/>
  <nd ref="4261845476"/>
  <nd ref="7113112060"/>
  <tag k="highway" v="tertiary"/>
  <tag k="lanes" v="1"/>
  <tag k="lit" v="yes"/>
  <tag k="maxspeed" v="RU:urban"/>
  <tag k="name" v="Орлово-Давыдовский переулок"/>
  <tag k="name:ru" v="Орлово-Давыдовский переулок"/>
  <tag k="name:uk" v="Орлово-Давидівський провулок"/>
  <tag k="oneway" v="yes"/>
  <tag k="parking:left" v="lane"/>
  <tag k="parking:left:fee" v="yes"/>
  <tag k="parking:left:orientation" v="parallel"/>
  <tag k="parking:right:restriction" v="no_stopping"/>
  <tag k="postal_code" v="129110"/>
  <tag k="surface" v="asphalt"/>
 </way>
 <way id="847003960" visible="true" version="2" changeset="153029928" timestamp="2024-06-22T13:31:19Z" user="alx_the_new_guy" uid="21087364">
  <nd ref="7903619810"/>
  <nd ref="7903619811"/>
  <nd ref="7903619812"/>
  <nd ref="7903619813"/>
  <nd ref="7903619814"/>
  <nd ref="7903619815"/>
  <nd ref="7903619816"/>
  <nd ref="7903619817"/>
  <nd ref="7903619818"/>
  <nd ref="7903619819"/>
  <nd ref="7903619820"/>
  <nd ref="7903619821"/>
  <nd ref="7903619822"/>
  <nd ref="7903619823"/>
  <nd ref="7903619824"/>
  <nd ref="7903619825"/>
  <nd ref="7903619826"/>
  <nd ref="7903619827"/>
  <nd ref="7903619828"/>
  <nd ref="7903619829"/>
  <nd ref="7903619830"/>
  <nd ref="7903619831"/>
  <nd ref="7903619832"/>
  <nd ref="7903619833"/>
  <nd ref="7903619834"/>
  <nd ref="7903619835"/>
  <nd ref="7903619836"/>
  <nd ref="7903619837"/>
  <nd ref="7903619838"/>
  <nd ref="7903619839"/>
  <nd ref="7903619840"/>
  <nd ref="7903619841"/>
  <nd ref="7903619842"/>
  <nd ref="7903619843"/>
  <nd ref="7903619844"/>
  <nd ref="7903619845"/>
  <nd ref="7903619846"/>
  <nd ref="7903619847"/>
  <nd ref="7903619848"/>
  <nd ref="7903619849"/>
  <nd ref="7903619850"/>
  <nd ref="7903619851"/>
  <nd ref="7903619852"/>
  <nd ref="7903619853"/>
  <nd ref="7903619854"/>
  <nd ref="7903619855"/>
  <nd ref="7903619856"/>
  <nd ref="7903619857"/>
  <nd ref="7903619858"/>
  <nd ref="7903619859"/>
  <nd ref="7903619860"/>
  <nd ref="7903619861"/>
  <nd ref="7903619862"/>
  <nd ref="7903619863"/>
  <nd ref="7903619864"/>
  <nd ref="7903619865"/>
  <nd ref="7903619866"/>
  <nd ref="7903619867"/>
  <nd ref="7903619868"/>
  <nd ref="7903619869"/>
  <nd ref="7903619870"/>
  <nd ref="7903619871"/>
  <nd ref="7903619872"/>
  <nd ref="7903619873"/>
  <nd ref="7903619874"/>
  <nd ref="7903619875"/>
  <nd ref="7903619876"/>
  <nd ref="7903619877"/>
  <nd ref="7903619878"/>
  <nd ref="7903619879"/>
  <nd ref="7903619880"/>
  <nd ref="7903619881"/>
  <nd ref="7903619882"/>
  <nd ref="7903619883"/>
  <nd ref="7903619884"/>
  <nd ref="7903619885"/>
  <nd ref="7903619886"/>
  <nd ref="7903619887"/>
  <nd ref="7903619888"/>
  <nd ref="7903619889"/>
  <nd ref="7903619890"/>
  <nd ref="7903619891"/>
  <nd ref="7903619892"/>
  <nd ref="7903619893"/>
  <nd ref="7903619894"/>
  <nd ref="7903619895"/>
  <nd ref="7903619896"/>
  <nd ref="7903619897"/>
  <nd ref="7903619898"/>
  <nd ref="7903619899"/>
  <nd ref="7903619900"/>
  <nd ref="7903619901"/>
  <nd ref="7903619902"/>
  <nd ref="7903619903"/>
  <nd ref="7903619904"/>
  <nd ref="7903619905"/>
  <nd ref="7903619906"/>
  <nd ref="7903619907"/>
  <nd ref="7903619908"/>
  <nd ref="7903619909"/>
  <nd ref="7903619910"/>
  <nd ref="7903619911"/>
  <nd ref="7903619912"/>
  <nd ref="7903619913"/>
  <nd ref="7903619914"/>
  <nd ref="7903619915"/>
  <nd ref="7903619916"/>
  <nd ref="7903619917"/>
  <nd ref="7903619918"/>
  <nd ref="7903619919"/>
  <nd ref="7903619920"/>
  <nd ref="7903619921"/>
  <nd ref="7903619922"/>
  <nd ref="7903619923"/>
  <nd ref="7903619924"/>
  <nd ref="7903619925"/>
  <nd ref="7903619926"/>
  <nd ref="7903619927"/>
  <nd ref="7903619928"/>
  <nd ref="7903619929"/>
  <nd ref="7903619930"/>
  <nd ref="7903619931"/>
  <nd ref="7903619932"/>
  <nd ref="7903619933"/>
  <nd ref="7903619934"/>
  <nd ref="7903619935"/>
  <nd ref="7903619936"/>
  <nd ref="7903619937"/>
  <nd ref="7903619938"/>
  <nd ref="7903619939"/>
  <nd ref="7903619940"/>
  <nd ref="7903619941"/>
  <nd ref="7903619942"/>
  <nd ref="7903619943"/>
  <nd ref="7903619944"/>
  <nd ref="7903619945"/>
  <nd ref="7903619946"/>
  <nd ref="7903619947"/>
  <nd ref="7903619948"/>
  <nd ref="7903619949"/>
  <nd ref="7903619950"/>
  <nd ref="7903619951"/>
  <nd ref="7903619952"/>
  <nd ref="7903619953"/>
  <nd ref="7903619954"/>
  <nd ref="7903619955"/>
  <nd ref="7903619956"/>
  <nd ref="7903619957"/>
  <nd ref="7903619958"/>
  <nd ref="7903619959"/>
  <nd ref="7903619960"/>
  <nd ref="7903619961"/>
  <nd ref="7903619962"/>
  <nd ref="7903619963"/>
  <nd ref="7903619964"/>
  <nd ref="7903619965"/>
  <nd ref="7903619966"/>
  <nd ref="7903619967"/>
  <nd ref="7903619968"/>
  <nd ref="7903619969"/>
  <nd ref="7903619970"/>
  <nd ref="7903619971"/>
  <nd ref="7903619972"/>
  <nd ref="7903619973"/>
  <nd ref="7903619974"/>
  <nd ref="7903619975"/>
  <nd ref="7903619976"/>
  <nd ref="7903619977"/>
  <nd ref="7903619978"/>
  <nd ref="7903619979"/>
  <nd ref="7903619980"/>
  <nd ref="7903619981"/>
  <nd ref="7903619982"/>
  <nd ref="7903619983"/>
  <nd ref="7903619984"/>
  <nd ref="7903619985"/>
  <nd ref="7903619986"/>
  <nd ref="7903619987"/>
  <nd ref="7903619988"/>
  <nd ref="7903619989"/>
  <nd ref="7903619990"/>
  <nd ref="7903619991"/>
  <nd ref="7903619992"/>
  <nd ref="7903619993"/>
  <nd ref="7903619994"/>
  <nd ref="7903619995"/>
  <nd ref="7903619996"/>
  <nd ref="7903619997"/>
  <nd ref="7903619998"/>
  <nd ref="7903619999"/>
  <nd ref="7903620000"/>
  <nd ref="7903620001"/>
  <nd ref="7903620002"/>
  <nd ref="7903620003"/>
  <nd ref="7903620004"/>
  <nd ref="7903620005"/>
  <nd ref="7903620006"/>
  <nd ref="7903620007"/>
  <nd ref="7903620008"/>
  <nd ref="7903620009"/>
  <nd ref="7903620010"/>
  <nd ref="7903620011"/>
  <nd ref="7903620012"/>
  <nd ref="7903620013"/>
  <nd ref="7903620014"/>
  <nd ref="7903620015"/>
  <nd ref="7903620016"/>
  <nd ref="7903620017"/>
  <nd ref="7903620018"/>
  <nd ref="7903620019"/>
  <nd ref="7903620020"/>
  <nd ref="7903620021"/>
  <nd ref="7903620022"/>
  <nd ref="7903620023"/>
  <nd ref="7903620024"/>
  <nd ref="7903620025"/>
  <nd ref="7903620026"/>
  <nd ref="7903620027"/>
  <nd ref="7903620028"/>
  <nd ref="12000706499"/>
  <nd ref="7903620029"/>
  <nd ref="7903620030"/>
  <nd ref="7903620031"/>
  <nd ref="7903620032"/>
  <nd ref="7903620033"/>
  <nd ref="7903620034"/>
  <nd ref="7903620035"/>
  <nd ref="7903620036"/>
  <nd ref="7903620037"/>
  <nd ref="7903620038"/>
  <nd ref="7903620039"/>
  <nd ref="7903620040"/>
  <nd ref="7903620041"/>
  <nd ref="7903620042"/>
  <nd ref="7903620043"/>
  <nd ref="7903620044"/>
  <nd ref="7903620045"/>
  <nd ref="7903620046"/>
  <nd ref="7903620047"/>
  <nd ref="7903620048"/>
  <nd ref="7903620049"/>
  <nd ref="7903620050"/>
  <nd ref="7903620051"/>
  <nd ref="7903620052"/>
  <nd ref="7903620053"/>
  <nd ref="7903620054"/>
  <nd ref="7903620055"/>
  <nd ref="7903620056"/>
  <nd ref="7903620057"/>
  <nd ref="7903620058"/>
  <nd ref="7903620059"/>
  <nd ref="7903620060"/>
  <nd ref="7903620061"/>
  <nd ref="7903620062"/>
  <tag k="circuits" v="2"/>
  <tag k="layer" v="-1"/>
  <tag k="location" v="underground"/>
  <tag k="power" v="cable"/>
  <tag k="source" v="ЗОУИТ"/>
  <tag k="voltage" v="220000"/>
 </way>
 <way id="852171852" visible="true" version="6" changeset="125449058" timestamp="2022-08-27T16:29:49Z" user="F-5 System" uid="674027">
  <nd ref="7948862759"/>
  <nd ref="7948862760"/>
  <nd ref="7948862761"/>
  <nd ref="7948862762"/>
  <nd ref="7948862763"/>
  <nd ref="7948862764"/>
  <nd ref="7948862765"/>
  <nd ref="7948862860"/>
  <nd ref="7948862766"/>
  <nd ref="7948862767"/>
  <nd ref="7948862768"/>
  <nd ref="7948862769"/>
  <nd ref="7948862770"/>
  <nd ref="7948862771"/>
  <nd ref="7948862772"/>
  <nd ref="7948862773"/>
  <nd ref="7948862774"/>
  <nd ref="7948862775"/>
  <nd ref="7948862776"/>
  <nd ref="7948862777"/>
  <nd ref="7948862778"/>
  <nd ref="7948862779"/>
  <nd ref="7948862780"/>
  <nd ref="7948862781"/>
  <nd ref="7948862782"/>
  <nd ref="7948862783"/>
  <nd ref="7948862784"/>
  <nd ref="7948862785"/>
  <nd ref="7948862786"/>
  <nd ref="7948862787"/>
  <nd ref="7948862788"/>
  <nd ref="7948862789"/>
  <nd ref="7948862790"/>
  <nd ref="7948862791"/>
  <nd ref="7948862792"/>
  <nd ref="7948862793"/>
  <nd ref="7948862794"/>
  <nd ref="7948862795"/>
  <nd ref="7948862796"/>
  <nd ref="7948862797"/>
  <nd ref="7948862798"/>
  <nd ref="7948862799"/>
  <nd ref="7948862800"/>
  <nd ref="7948862801"/>
  <nd ref="7948862802"/>
  <nd ref="7948862803"/>
  <nd ref="7948862804"/>
  <nd ref="7948862805"/>
  <nd ref="7948862806"/>
  <nd ref="7948862807"/>
  <nd ref="7948862808"/>
  <nd ref="7948862809"/>
  <nd ref="7948862810"/>
  <nd ref="7948862811"/>
  <nd ref="7948862812"/>
  <nd ref="7948862813"/>
  <nd ref="7948862814"/>
  <nd ref="7948862816"/>
  <nd ref="7948862817"/>
  <nd ref="7948862818"/>
  <nd ref="7948862819"/>
  <nd ref="7948862820"/>
  <nd ref="7948862821"/>
  <nd ref="7948862822"/>
  <nd ref="7948862824"/>
  <nd ref="7948862825"/>
  <nd ref="7948862826"/>
  <nd ref="7948862827"/>
  <nd ref="7948862828"/>
  <nd ref="7948862829"/>
  <nd ref="7948862830"/>
  <nd ref="7948862831"/>
  <nd ref="7948862832"/>
  <nd ref="7948862833"/>
  <nd ref="7948862834"/>
  <nd ref="7948862835"/>
  <nd ref="7948862836"/>
  <nd ref="7948862837"/>
  <nd ref="7948862838"/>
  <nd ref="7948862839"/>
  <nd ref="7948862840"/>
  <nd ref="7948862841"/>
  <nd ref="7948862842"/>
  <nd ref="7948862843"/>
  <nd ref="7948862844"/>
  <nd ref="7948862845"/>
  <nd ref="7948862846"/>
  <nd ref="7948862847"/>
  <nd ref="7948862848"/>
  <nd ref="7948862849"/>
  <nd ref="7948862850"/>
  <nd ref="7948862851"/>
  <nd ref="7948862852"/>
  <nd ref="7948862853"/>
  <nd ref="7948862854"/>
  <nd ref="7948862855"/>
  <nd ref="7948862856"/>
  <nd ref="7948862857"/>
  <nd ref="7948862858"/>
  <nd ref="7948862859"/>
  <tag k="circuits" v="2"/>
  <tag k="layer" v="-1"/>
  <tag k="location" v="underground"/>
  <tag k="power" v="cable"/>
  <tag k="voltage" v="110000"/>
 </way>
 <way id="852171853" visible="true" version="1" changeset="91596928" timestamp="2020-09-27T20:32:24Z" user="stargunru" uid="9133906">
  <nd ref="7948862861"/>
  <nd ref="7948862862"/>
  <nd ref="7948862863"/>
  <nd ref="7948862864"/>
  <nd ref="7948862865"/>
  <nd ref="7948862866"/>
  <nd ref="7948862867"/>
  <nd ref="7948862868"/>
  <nd ref="7948862869"/>
  <nd ref="7948862870"/>
  <nd ref="7948862871"/>
  <nd ref="7948862872"/>
  <nd ref="7948862873"/>
  <nd ref="7948862874"/>
  <nd ref="7948862875"/>
  <nd ref="7948862876"/>
  <nd ref="7948862877"/>
  <nd ref="7948862878"/>
  <nd ref="7948862879"/>
  <nd ref="7948862880"/>
  <nd ref="7948862881"/>
  <nd ref="7948862882"/>
  <nd ref="7948862883"/>
  <nd ref="7948862884"/>
  <nd ref="7948862885"/>
  <nd ref="7948862886"/>
  <nd ref="7948862887"/>
  <nd ref="7948862888"/>
  <nd ref="7948862889"/>
  <nd ref="7948862890"/>
  <nd ref="7948862891"/>
  <nd ref="7948862892"/>
  <nd ref="7948862893"/>
  <nd ref="7948862894"/>
  <nd ref="7948862895"/>
  <nd ref="7948862896"/>
  <nd ref="7948862897"/>
  <nd ref="7948862898"/>
  <nd ref="7948862899"/>
  <nd ref="7948862900"/>
  <tag k="circuits" v="2"/>
  <tag k="layer" v="-1"/>
  <tag k="location" v="underground"/>
  <tag k="power" v="cable"/>
  <tag k="voltage" v="110000"/>
 </way>
 <way id="876568014" visible="true" version="4" changeset="146882843" timestamp="2024-01-30T23:20:29Z" user="Fantomas" uid="478018">
  <nd ref="8158241763"/>
  <nd ref="8158241764"/>
  <nd ref="9787831211"/>
  <nd ref="8158241770"/>
  <nd ref="8158241765"/>
  <nd ref="8392053684"/>
  <nd ref="8158241766"/>
  <nd ref="11571428566"/>
  <nd ref="8158241769"/>
  <tag k="highway" v="service"/>
  <tag k="motor_vehicle" v="private"/>
  <tag k="surface" v="asphalt"/>
 </way>
 <way id="887983660" visible="true" version="2" changeset="147233175" timestamp="2024-02-08T21:04:48Z" user="Fantomas" uid="478018">
  <nd ref="8255866916"/>
  <nd ref="11599401132"/>
  <nd ref="8255866914"/>
  <nd ref="1836880827"/>
  <tag k="barrier" v="fence"/>
  <tag k="fence_type" v="metal"/>
 </way>
 <way id="887983668" visible="true" version="2" changeset="98083576" timestamp="2021-01-25T04:06:16Z" user="UNR34L" uid="12542459">
  <nd ref="8255888237"/>
  <nd ref="8255888236"/>
  <nd ref="8255888235"/>
  <nd ref="8255888234"/>
  <nd ref="8255888237"/>
  <tag k="access" v="yes"/>
  <tag k="leisure" v="playground"/>
 </way>
 <way id="887983669" visible="true" version="2" changeset="147233175" timestamp="2024-02-08T21:04:48Z" user="Fantomas" uid="478018">
  <nd ref="8255888247"/>
  <nd ref="8255888246"/>
  <nd ref="8255888242"/>
  <nd ref="8255888245"/>
  <nd ref="8255888244"/>
  <nd ref="8255888243"/>
  <tag k="highway" v="service"/>
  <tag k="living_street" v="yes"/>
  <tag k="surface" v="asphalt"/>
 </way>
 <way id="887983670" visible="true" version="2" changeset="146494641" timestamp="2024-01-20T22:17:37Z" user="Fantomas" uid="478018">
  <nd ref="8255888251"/>
  <nd ref="11535096776"/>
  <nd ref="11535096777"/>
  <nd ref="8255888250"/>
  <nd ref="8255888249"/>
  <nd ref="8255888248"/>
  <nd ref="8255888251"/>
  <tag k="access" v="private"/>
  <tag k="amenity" v="parking"/>
  <tag k="barrier" v="fence"/>
  <tag k="fence_type" v="metal"/>
  <tag k="parking" v="surface"/>
 </way>
 <way id="887983671" visible="true" version="2" changeset="165939474" timestamp="2025-05-07T13:38:44Z" user="Travieso" uid="5642897">
  <nd ref="8255888293"/>
  <nd ref="8255888254"/>
  <nd ref="8255888253"/>
  <tag k="highway" v="footway"/>
  <tag k="lit" v="yes"/>
  <tag k="surface" v="paving_stones"/>
 </way>
 <way id="887983672" visible="true" version="2" changeset="165939474" timestamp="2025-05-07T13:37:42Z" user="Travieso" uid="5642897">
  <nd ref="8255888255"/>
  <nd ref="4196848782"/>
  <tag k="highway" v="footway"/>
  <tag k="lit" v="yes"/>
  <tag k="surface" v="asphalt"/>
 </way>
 <way id="887983673" visible="true" version="2" changeset="165939474" timestamp="2025-05-07T13:38:34Z" user="Travieso" uid="5642897">
  <nd ref="4196848783"/>
  <nd ref="8255888256"/>
  <tag k="highway" v="footway"/>
  <tag k="lit" v="yes"/>
  <tag k="surface" v="asphalt"/>
 </way>
 <way id="887983674" visible="true" version="2" changeset="165939474" timestamp="2025-05-07T13:37:00Z" user="Travieso" uid="5642897">
  <nd ref="8255888266"/>
  <nd ref="8255888267"/>
  <tag k="highway" v="footway"/>
  <tag k="lit" v="yes"/>
  <tag k="surface" v="asphalt"/>
 </way>
 <way id="887983675" visible="true" version="2" changeset="165939474" timestamp="2025-05-07T13:37:27Z" user="Travieso" uid="5642897">
  <nd ref="8255888269"/>
  <nd ref="8255888268"/>
  <nd ref="8255888266"/>
  <tag k="highway" v="footway"/>
  <tag k="lit" v="yes"/>
  <tag k="surface" v="paving_stones"/>
 </way>
 <way id="887983676" visible="true" version="2" changeset="165939474" timestamp="2025-05-07T13:37:01Z" user="Travieso" uid="5642897">
  <nd ref="8255888259"/>
  <nd ref="8255888260"/>
  <nd ref="8255888272"/>
  <nd ref="8255888269"/>
  <nd ref="8255866883"/>
  <nd ref="8255866884"/>
  <tag k="highway" v="footway"/>
  <tag k="lit" v="yes"/>
  <tag k="surface" v="paving_stones"/>
 </way>
 <way id="887983677" visible="true" version="2" changeset="121805647" timestamp="2022-06-01T10:38:01Z" user="literan" uid="830106">
  <nd ref="412509532"/>
  <nd ref="8255888276"/>
  <nd ref="9787702211"/>
  <nd ref="8255888275"/>
  <nd ref="8255888273"/>
  <nd ref="8255866916"/>
  <nd ref="8255866915"/>
  <nd ref="8255888274"/>
  <tag k="barrier" v="fence"/>
  <tag k="fence_type" v="metal"/>
 </way>
 <way id="887983678" visible="true" version="2" changeset="165939474" timestamp="2025-05-07T13:36:37Z" user="Travieso" uid="5642897">
  <nd ref="8255888278"/>
  <nd ref="8255888289"/>
  <nd ref="8255888257"/>
  <nd ref="8255888258"/>
  <nd ref="4196848783"/>
  <nd ref="4196848755"/>
  <nd ref="8255888267"/>
  <nd ref="4196848767"/>
  <nd ref="7948859612"/>
  <nd ref="8255866889"/>
  <nd ref="8255888270"/>
  <nd ref="8255888277"/>
  <tag k="highway" v="footway"/>
  <tag k="lit" v="yes"/>
  <tag k="surface" v="asphalt"/>
 </way>
 <way id="887983679" visible="true" version="2" changeset="165939474" timestamp="2025-05-07T13:41:15Z" user="Travieso" uid="5642897">
  <nd ref="8255888279"/>
  <nd ref="1836880902"/>
  <nd ref="8255888278"/>
  <tag k="footway" v="crossing"/>
  <tag k="highway" v="footway"/>
  <tag k="lit" v="yes"/>
  <tag k="surface" v="asphalt"/>
 </way>
 <way id="887983680" visible="true" version="3" changeset="165939474" timestamp="2025-05-07T13:52:30Z" user="Travieso" uid="5642897">
  <nd ref="8255888280"/>
  <nd ref="11593023009"/>
  <nd ref="4196848762"/>
  <nd ref="8255888293"/>
  <nd ref="8255888292"/>
  <nd ref="4196848764"/>
  <nd ref="8255888279"/>
  <tag k="footway" v="sidewalk"/>
  <tag k="highway" v="footway"/>
  <tag k="lit" v="yes"/>
  <tag k="surface" v="paving_stones"/>
 </way>
 <way id="887983693" visible="true" version="5" changeset="165939474" timestamp="2025-05-07T13:49:45Z" user="Travieso" uid="5642897">
  <nd ref="4196848764"/>
  <nd ref="8255888253"/>
  <nd ref="8255888291"/>
  <nd ref="8255888252"/>
  <nd ref="4196848745"/>
  <nd ref="11535096778"/>
  <nd ref="11535041754"/>
  <nd ref="8255888376"/>
  <nd ref="11535041759"/>
  <nd ref="11535041768"/>
  <nd ref="11535041764"/>
  <nd ref="11535041763"/>
  <nd ref="11535041767"/>
  <nd ref="11536491180"/>
  <tag k="footway" v="sidewalk"/>
  <tag k="highway" v="footway"/>
  <tag k="lit" v="yes"/>
  <tag k="surface" v="asphalt"/>
 </way>
 <way id="887983696" visible="true" version="2" changeset="165939474" timestamp="2025-05-07T13:41:22Z" user="Travieso" uid="5642897">
  <nd ref="8255888378"/>
  <nd ref="8255888315"/>
  <nd ref="8255888283"/>
  <nd ref="4196848757"/>
  <nd ref="8255888246"/>
  <nd ref="8255888282"/>
  <nd ref="8255888281"/>
  <nd ref="8255888259"/>
  <nd ref="8255888289"/>
  <tag k="footway" v="sidewalk"/>
  <tag k="highway" v="footway"/>
  <tag k="lit" v="yes"/>
  <tag k="surface" v="asphalt"/>
 </way>
 <way id="903570558" visible="true" version="1" changeset="98665237" timestamp="2021-02-03T20:31:51Z" user="solenoid jam" uid="10129333">
  <nd ref="1836880805"/>
  <nd ref="8392053683"/>
  <nd ref="8392053682"/>
  <tag k="man_made" v="embankment"/>
 </way>
 <way id="903570561" visible="true" version="3" changeset="146686482" timestamp="2024-01-25T19:57:39Z" user="literan" uid="830106">
  <nd ref="8392053691"/>
  <nd ref="8392053687"/>
  <nd ref="9787831191"/>
  <tag k="barrier" v="fence"/>
 </way>
 <way id="1065839624" visible="true" version="2" changeset="147233175" timestamp="2024-02-08T21:04:48Z" user="Fantomas" uid="478018">
  <nd ref="4196848773"/>
  <nd ref="4196848755"/>
  <nd ref="8255888272"/>
  <nd ref="8255888273"/>
  <tag k="highway" v="service"/>
  <tag k="living_street" v="yes"/>
  <tag k="surface" v="asphalt"/>
 </way>
 <way id="1065839647" visible="true" version="2" changeset="146686482" timestamp="2024-01-25T19:57:39Z" user="literan" uid="830106">
  <nd ref="11552023838"/>
  <nd ref="9787831176"/>
  <nd ref="11552023839"/>
  <nd ref="11552023840"/>
  <nd ref="11552023841"/>
  <nd ref="9787831175"/>
  <nd ref="8392053691"/>
  <tag k="barrier" v="kerb"/>
 </way>
 <way id="1065839648" visible="true" version="2" changeset="146882843" timestamp="2024-01-30T23:20:29Z" user="Fantomas" uid="478018">
  <nd ref="9787831247"/>
  <nd ref="11571428565"/>
  <nd ref="9787831246"/>
  <nd ref="9787831180"/>
  <tag k="barrier" v="fence"/>
 </way>
 <way id="1065839649" visible="true" version="1" changeset="121805647" timestamp="2022-06-01T10:38:01Z" user="literan" uid="830106">
  <nd ref="9787831191"/>
  <nd ref="1836880908"/>
  <nd ref="1836880934"/>
 </way>
 <way id="1065839650" visible="true" version="2" changeset="146882843" timestamp="2024-01-30T23:20:29Z" user="Fantomas" uid="478018">
  <nd ref="1836880934"/>
  <nd ref="9787831186"/>
  <nd ref="11571428557"/>
  <nd ref="9787831185"/>
 </way>
 <way id="1065839651" visible="true" version="1" changeset="121805647" timestamp="2022-06-01T10:38:01Z" user="literan" uid="830106">
  <nd ref="1836880937"/>
  <nd ref="1836880934"/>
 </way>
 <way id="1065839652" visible="true" version="1" changeset="121805647" timestamp="2022-06-01T10:38:01Z" user="literan" uid="830106">
  <nd ref="9787831185"/>
  <nd ref="529020942"/>
 </way>
 <way id="1065839653" visible="true" version="1" changeset="121805647" timestamp="2022-06-01T10:38:01Z" user="literan" uid="830106">
  <nd ref="529020943"/>
  <nd ref="9787831185"/>
 </way>
 <way id="1065839654" visible="true" version="1" changeset="121805647" timestamp="2022-06-01T10:38:01Z" user="literan" uid="830106">
  <nd ref="666974183"/>
  <nd ref="666974185"/>
  <nd ref="8158241771"/>
 </way>
 <way id="1065839656" visible="true" version="1" changeset="121805647" timestamp="2022-06-01T10:38:01Z" user="literan" uid="830106">
  <nd ref="7721829032"/>
  <nd ref="9787831177"/>
  <nd ref="666974183"/>
 </way>
 <way id="1065839660" visible="true" version="1" changeset="121805647" timestamp="2022-06-01T10:38:01Z" user="literan" uid="830106">
  <nd ref="9787831250"/>
  <nd ref="571452188"/>
  <tag k="barrier" v="fence"/>
 </way>
 <way id="1065839661" visible="true" version="1" changeset="121805647" timestamp="2022-06-01T10:38:01Z" user="literan" uid="830106">
  <nd ref="9787831180"/>
  <nd ref="9787831250"/>
  <tag k="barrier" v="fence"/>
 </way>
 <way id="1065839662" visible="true" version="1" changeset="121805647" timestamp="2022-06-01T10:38:01Z" user="literan" uid="830106">
  <nd ref="529020942"/>
  <nd ref="7948862861"/>
  <nd ref="7948862859"/>
  <nd ref="9787831248"/>
 </way>
 <way id="1065839663" visible="true" version="1" changeset="121805647" timestamp="2022-06-01T10:38:01Z" user="literan" uid="830106">
  <nd ref="9787831180"/>
  <nd ref="9787831179"/>
  <nd ref="529020942"/>
 </way>
 <way id="1065839664" visible="true" version="1" changeset="121805647" timestamp="2022-06-01T10:38:01Z" user="literan" uid="830106">
  <nd ref="9787831184"/>
  <nd ref="9787831183"/>
  <nd ref="9787831182"/>
  <nd ref="9787831181"/>
  <nd ref="9787831184"/>
  <tag k="building" v="yes"/>
 </way>
 <way id="1065839665" visible="true" version="2" changeset="146882843" timestamp="2024-01-30T23:20:29Z" user="Fantomas" uid="478018">
  <nd ref="529020943"/>
  <nd ref="11571428558"/>
  <nd ref="1836880937"/>
 </way>
 <way id="1065839666" visible="true" version="2" changeset="146852253" timestamp="2024-01-30T08:05:24Z" user="Fantomas" uid="478018">
  <nd ref="1836880909"/>
  <nd ref="9787831192"/>
  <nd ref="9787831193"/>
  <nd ref="9787831194"/>
  <nd ref="1836880909"/>
  <tag k="addr:housenumber" v="10 с4"/>
  <tag k="addr:street" v="Большая Переяславская улица"/>
  <tag k="building" v="garages"/>
 </way>
 <way id="1065839669" visible="true" version="2" changeset="165939474" timestamp="2025-05-07T13:36:44Z" user="Travieso" uid="5642897">
  <nd ref="9787831203"/>
  <nd ref="9787831202"/>
  <tag k="highway" v="footway"/>
  <tag k="lit" v="yes"/>
  <tag k="surface" v="asphalt"/>
 </way>
 <way id="1065839670" visible="true" version="2" changeset="165939474" timestamp="2025-05-07T13:37:35Z" user="Travieso" uid="5642897">
  <nd ref="9787831205"/>
  <nd ref="9787831204"/>
  <tag k="highway" v="footway"/>
  <tag k="lit" v="yes"/>
  <tag k="surface" v="asphalt"/>
 </way>
 <way id="1065839671" visible="true" version="2" changeset="165939474" timestamp="2025-05-07T13:37:36Z" user="Travieso" uid="5642897">
  <nd ref="9787831207"/>
  <nd ref="9787831206"/>
  <tag k="highway" v="footway"/>
  <tag k="lit" v="yes"/>
  <tag k="surface" v="asphalt"/>
 </way>
 <way id="1065839672" visible="true" version="2" changeset="165939474" timestamp="2025-05-07T13:37:39Z" user="Travieso" uid="5642897">
  <nd ref="9787831209"/>
  <nd ref="9787831208"/>
  <tag k="highway" v="footway"/>
  <tag k="lit" v="yes"/>
  <tag k="surface" v="asphalt"/>
 </way>
 <way id="1065839673" visible="true" version="2" changeset="165939474" timestamp="2025-05-07T13:37:33Z" user="Travieso" uid="5642897">
  <nd ref="9787831211"/>
  <nd ref="9787831200"/>
  <nd ref="9787831202"/>
  <nd ref="9787831204"/>
  <nd ref="9787831206"/>
  <nd ref="9787831208"/>
  <nd ref="9787831210"/>
  <tag k="highway" v="footway"/>
  <tag k="lit" v="yes"/>
  <tag k="surface" v="asphalt"/>
 </way>
 <way id="1065839674" visible="true" version="2" changeset="146882843" timestamp="2024-01-30T23:20:29Z" user="Fantomas" uid="478018">
  <nd ref="8158241774"/>
  <nd ref="9787831245"/>
  <nd ref="602849286"/>
  <tag k="highway" v="service"/>
  <tag k="surface" v="asphalt"/>
 </way>
 <way id="1065839675" visible="true" version="1" changeset="121805647" timestamp="2022-06-01T10:38:01Z" user="literan" uid="830106">
  <nd ref="9787831250"/>
  <nd ref="9787831249"/>
  <nd ref="9787831248"/>
  <tag k="barrier" v="fence"/>
 </way>
 <way id="1065839676" visible="true" version="1" changeset="121805647" timestamp="2022-06-01T10:38:01Z" user="literan" uid="830106">
  <nd ref="8158241771"/>
  <nd ref="8158241774"/>
  <nd ref="9787831247"/>
  <tag k="barrier" v="fence"/>
 </way>
 <way id="1065839693" visible="true" version="2" changeset="146882843" timestamp="2024-01-30T23:20:29Z" user="Fantomas" uid="478018">
  <nd ref="8158241774"/>
  <nd ref="8158241777"/>
  <tag k="access" v="private"/>
  <tag k="highway" v="service"/>
  <tag k="surface" v="asphalt"/>
 </way>
 <way id="1241216164" visible="true" version="3" changeset="147260518" timestamp="2024-02-09T14:57:11Z" user="Fantomas" uid="478018">
  <nd ref="11532541097"/>
  <nd ref="4196848773"/>
  <tag k="highway" v="secondary"/>
  <tag k="lanes" v="4"/>
  <tag k="lit" v="yes"/>
  <tag k="maxspeed" v="RU:urban"/>
  <tag k="name" v="Большая Переяславская улица"/>
  <tag k="name:ru" v="Большая Переяславская улица"/>
  <tag k="name:uk" v="Велика Переяславська вулиця"/>
  <tag k="parking:left:restriction" v="no_stopping"/>
  <tag k="parking:right" v="street_side"/>
  <tag k="parking:right:fee" v="yes"/>
  <tag k="parking:right:orientation" v="perpendicular"/>
  <tag k="postal_code" v="129110"/>
  <tag k="surface" v="asphalt"/>
 </way>
 <way id="1241216165" visible="true" version="2" changeset="146491319" timestamp="2024-01-20T19:56:07Z" user="Fantomas" uid="478018">
  <nd ref="11532541098"/>
  <nd ref="9787831243"/>
  <nd ref="1836880900"/>
  <nd ref="100349335"/>
  <tag k="highway" v="secondary"/>
  <tag k="lanes" v="4"/>
  <tag k="lit" v="yes"/>
  <tag k="maxspeed" v="RU:urban"/>
  <tag k="name" v="Большая Переяславская улица"/>
  <tag k="name:ru" v="Большая Переяславская улица"/>
  <tag k="name:uk" v="Велика Переяславська вулиця"/>
  <tag k="parking:both:restriction" v="no_stopping"/>
  <tag k="postal_code" v="129110"/>
  <tag k="surface" v="asphalt"/>
 </way>
 <way id="1241480039" visible="true" version="3" changeset="165939474" timestamp="2025-05-07T13:41:24Z" user="Travieso" uid="5642897">
  <nd ref="7113112060"/>
  <nd ref="11535041757"/>
  <nd ref="8255888247"/>
  <tag k="highway" v="tertiary"/>
  <tag k="lanes" v="2"/>
  <tag k="lit" v="yes"/>
  <tag k="maxspeed" v="RU:urban"/>
  <tag k="name" v="Орлово-Давыдовский переулок"/>
  <tag k="name:ru" v="Орлово-Давыдовский переулок"/>
  <tag k="name:uk" v="Орлово-Давидівський провулок"/>
  <tag k="oneway" v="yes"/>
  <tag k="parking:both:restriction" v="no_stopping"/>
  <tag k="postal_code" v="129110"/>
  <tag k="surface" v="asphalt"/>
 </way>
 <way id="1241480040" visible="true" version="1" changeset="146494641" timestamp="2024-01-20T22:17:37Z" user="Fantomas" uid="478018">
  <nd ref="1836880897"/>
  <nd ref="11535041751"/>
  <nd ref="11535041750"/>
  <nd ref="8255888242"/>
  <nd ref="666974181"/>
  <tag k="barrier" v="fence"/>
 </way>
 <way id="1241480042" visible="true" version="1" changeset="146494641" timestamp="2024-01-20T22:17:37Z" user="Fantomas" uid="478018">
  <nd ref="11535041757"/>
  <nd ref="11535041753"/>
  <nd ref="11535041754"/>
  <nd ref="11535041755"/>
  <nd ref="11535041756"/>
  <tag k="highway" v="service"/>
  <tag k="surface" v="asphalt"/>
 </way>
 <way id="1241480043" visible="true" version="1" changeset="146494641" timestamp="2024-01-20T22:17:37Z" user="Fantomas" uid="478018">
  <nd ref="11535041767"/>
  <nd ref="11535041762"/>
  <tag k="highway" v="path"/>
  <tag k="surface" v="grass"/>
 </way>
 <way id="1241480045" visible="true" version="2" changeset="147233951" timestamp="2024-02-08T21:29:22Z" user="Fantomas" uid="478018">
  <nd ref="7590288547"/>
  <nd ref="11535041760"/>
  <nd ref="11535096772"/>
  <nd ref="11535096771"/>
  <nd ref="11535041761"/>
  <nd ref="11535096774"/>
  <nd ref="11535041758"/>
  <nd ref="11535096775"/>
  <nd ref="11535041755"/>
  <nd ref="11599467270"/>
  <nd ref="11599467269"/>
  <nd ref="7590288545"/>
  <tag k="barrier" v="fence"/>
 </way>
 <way id="1241480046" visible="true" version="2" changeset="165939474" timestamp="2025-05-07T13:41:20Z" user="Travieso" uid="5642897">
  <nd ref="11535096780"/>
  <nd ref="11535096779"/>
  <nd ref="11535096778"/>
  <tag k="highway" v="footway"/>
  <tag k="lit" v="yes"/>
  <tag k="surface" v="asphalt"/>
 </way>
 <way id="1241480047" visible="true" version="1" changeset="146494641" timestamp="2024-01-20T22:17:37Z" user="Fantomas" uid="478018">
  <nd ref="11535096783"/>
  <nd ref="11535096777"/>
  <nd ref="11535096782"/>
  <nd ref="11535096781"/>
  <nd ref="11535096776"/>
  <nd ref="602849284"/>
  <tag k="highway" v="service"/>
  <tag k="service" v="parking_aisle"/>
  <tag k="surface" v="asphalt"/>
 </way>
 <way id="1242988096" visible="true" version="1" changeset="146686482" timestamp="2024-01-25T19:57:39Z" user="literan" uid="830106">
  <nd ref="9787831247"/>
  <nd ref="11552023838"/>
 </way>
 <way id="1244771454" visible="true" version="2" changeset="165939474" timestamp="2025-05-07T13:41:57Z" user="Travieso" uid="5642897">
  <nd ref="11571428556"/>
  <nd ref="11571428568"/>
  <nd ref="9787831303"/>
  <nd ref="11571428555"/>
  <tag k="admin_level" v="8"/>
  <tag k="boundary" v="administrative"/>
  <tag k="highway" v="residential"/>
  <tag k="lanes" v="2"/>
  <tag k="lit" v="yes"/>
  <tag k="name" v="Пантелеевская улица"/>
  <tag k="name:uk" v="Пантеліївська вулиця"/>
  <tag k="parking:left:restriction" v="no_stopping"/>
  <tag k="parking:right" v="lane"/>
  <tag k="parking:right:fee" v="yes"/>
  <tag k="parking:right:orientation" v="parallel"/>
  <tag k="postal_code" v="129110"/>
  <tag k="surface" v="asphalt"/>
 </way>
 <way id="1244771456" visible="true" version="1" changeset="146882843" timestamp="2024-01-30T23:20:29Z" user="Fantomas" uid="478018">
  <nd ref="11571428557"/>
  <nd ref="11571428567"/>
  <tag k="highway" v="service"/>
  <tag k="surface" v="asphalt"/>
 </way>
 <way id="1244771457" visible="true" version="1" changeset="146882843" timestamp="2024-01-30T23:20:29Z" user="Fantomas" uid="478018">
  <nd ref="11571428558"/>
  <nd ref="11571428557"/>
  <tag k="covered" v="yes"/>
  <tag k="highway" v="service"/>
  <tag k="surface" v="asphalt"/>
  <tag k="tunnel" v="building_passage"/>
 </way>
 <way id="1244771458" visible="true" version="2" changeset="165939869" timestamp="2025-05-07T13:42:15Z" user="Travieso" uid="5642897">
  <nd ref="11571428563"/>
  <nd ref="11571428562"/>
  <nd ref="11571428561"/>
  <nd ref="11571428560"/>
  <nd ref="11571428563"/>
  <tag k="leisure" v="pitch"/>
  <tag k="lit" v="yes"/>
  <tag k="sport" v="basketball"/>
 </way>
 <way id="1244771459" visible="true" version="1" changeset="146882843" timestamp="2024-01-30T23:20:29Z" user="Fantomas" uid="478018">
  <nd ref="8158241769"/>
  <nd ref="9787831210"/>
  <nd ref="8158241767"/>
  <nd ref="8158241768"/>
  <tag k="highway" v="service"/>
  <tag k="surface" v="asphalt"/>
 </way>
 <way id="1244771460" visible="true" version="1" changeset="146882843" timestamp="2024-01-30T23:20:29Z" user="Fantomas" uid="478018">
  <nd ref="11571428565"/>
  <nd ref="8158241777"/>
  <tag k="access" v="private"/>
  <tag k="highway" v="service"/>
  <tag k="surface" v="asphalt"/>
 </way>
 <way id="1244771461" visible="true" version="1" changeset="146882843" timestamp="2024-01-30T23:20:29Z" user="Fantomas" uid="478018">
  <nd ref="11571428566"/>
  <nd ref="11571428565"/>
  <tag k="highway" v="service"/>
  <tag k="motor_vehicle" v="private"/>
  <tag k="surface" v="asphalt"/>
 </way>
 <way id="1244771462" visible="true" version="1" changeset="146882843" timestamp="2024-01-30T23:20:29Z" user="Fantomas" uid="478018">
  <nd ref="11571428568"/>
  <nd ref="11571428558"/>
  <tag k="highway" v="service"/>
  <tag k="surface" v="asphalt"/>
 </way>
 <way id="1247794926" visible="true" version="1" changeset="147233175" timestamp="2024-02-08T21:04:48Z" user="Fantomas" uid="478018">
  <nd ref="11599401132"/>
  <nd ref="4196848749"/>
  <tag k="access" v="private"/>
  <tag k="highway" v="service"/>
  <tag k="living_street" v="yes"/>
  <tag k="surface" v="asphalt"/>
 </way>
 <way id="1247794927" visible="true" version="1" changeset="147233175" timestamp="2024-02-08T21:04:48Z" user="Fantomas" uid="478018">
  <nd ref="8255888245"/>
  <nd ref="11599401132"/>
  <tag k="highway" v="service"/>
  <tag k="living_street" v="yes"/>
  <tag k="surface" v="asphalt"/>
 </way>
 <way id="1247794929" visible="true" version="1" changeset="147233175" timestamp="2024-02-08T21:04:48Z" user="Fantomas" uid="478018">
  <nd ref="1836880853"/>
  <nd ref="11599401134"/>
  <tag k="barrier" v="fence"/>
  <tag k="fence_type" v="metal"/>
 </way>
 <way id="1248159778" visible="true" version="1" changeset="147260518" timestamp="2024-02-09T14:57:11Z" user="Fantomas" uid="478018">
  <nd ref="602849286"/>
  <nd ref="9787831254"/>
  <tag k="highway" v="secondary"/>
  <tag k="lanes" v="4"/>
  <tag k="lit" v="yes"/>
  <tag k="maxspeed" v="RU:urban"/>
  <tag k="name" v="Большая Переяславская улица"/>
  <tag k="name:ru" v="Большая Переяславская улица"/>
  <tag k="name:uk" v="Велика Переяславська вулиця"/>
  <tag k="parking:left" v="lane"/>
  <tag k="parking:left:fee" v="yes"/>
  <tag k="parking:left:orientation" v="parallel"/>
  <tag k="parking:right:restriction" v="no_stopping"/>
  <tag k="postal_code" v="129110"/>
  <tag k="surface" v="asphalt"/>
 </way>
 <way id="1248159779" visible="true" version="1" changeset="147260518" timestamp="2024-02-09T14:57:11Z" user="Fantomas" uid="478018">
  <nd ref="8158241768"/>
  <nd ref="602849286"/>
  <tag k="highway" v="secondary"/>
  <tag k="lanes" v="4"/>
  <tag k="lit" v="yes"/>
  <tag k="maxspeed" v="RU:urban"/>
  <tag k="name" v="Большая Переяславская улица"/>
  <tag k="name:ru" v="Большая Переяславская улица"/>
  <tag k="name:uk" v="Велика Переяславська вулиця"/>
  <tag k="parking:both:restriction" v="no_stopping"/>
  <tag k="postal_code" v="129110"/>
  <tag k="surface" v="asphalt"/>
 </way>
 <way id="1248159781" visible="true" version="1" changeset="147260518" timestamp="2024-02-09T14:57:11Z" user="Fantomas" uid="478018">
  <nd ref="4196848773"/>
  <nd ref="11532541098"/>
  <tag k="highway" v="secondary"/>
  <tag k="lanes" v="4"/>
  <tag k="lit" v="yes"/>
  <tag k="maxspeed" v="RU:urban"/>
  <tag k="name" v="Большая Переяславская улица"/>
  <tag k="name:ru" v="Большая Переяславская улица"/>
  <tag k="name:uk" v="Велика Переяславська вулиця"/>
  <tag k="parking:left:restriction" v="no_stopping"/>
  <tag k="parking:right" v="street_side"/>
  <tag k="parking:right:fee" v="yes"/>
  <tag k="parking:right:orientation" v="perpendicular"/>
  <tag k="postal_code" v="129110"/>
  <tag k="surface" v="asphalt"/>
 </way>
 <relation id="364001" visible="true" version="112" changeset="183174535" timestamp="2026-05-25T19:31:13Z" user="Bobropiton" uid="2055718">
  <member type="way" ref="1176312941" role="outer"/>
  <member type="way" ref="672637487" role="outer"/>
  <member type="way" ref="1151034686" role="outer"/>
  <member type="way" ref="1350051200" role="outer"/>
  <member type="way" ref="1350051199" role="outer"/>
  <member type="way" ref="1350051198" role="outer"/>
  <member type="way" ref="1350051197" role="outer"/>
  <member type="way" ref="1350051196" role="outer"/>
  <member type="way" ref="1350051195" role="outer"/>
  <member type="way" ref="1350051194" role="outer"/>
  <member type="way" ref="1350051193" role="outer"/>
  <member type="way" ref="11523183" role="outer"/>
  <member type="way" ref="1350052672" role="outer"/>
  <member type="way" ref="1350051191" role="outer"/>
  <member type="way" ref="1350051190" role="outer"/>
  <member type="way" ref="1350051192" role="outer"/>
  <member type="way" ref="1350051210" role="outer"/>
  <member type="way" ref="1350051209" role="outer"/>
  <member type="way" ref="11526386" role="outer"/>
  <member type="way" ref="11523263" role="outer"/>
  <member type="way" ref="10638414" role="outer"/>
  <member type="way" ref="9562614" role="outer"/>
  <member type="way" ref="1413286107" role="outer"/>
  <member type="way" ref="1413287606" role="outer"/>
  <member type="way" ref="423987181" role="outer"/>
  <member type="way" ref="10616166" role="outer"/>
  <member type="way" ref="1413286104" role="outer"/>
  <member type="way" ref="468772901" role="outer"/>
  <member type="way" ref="46337964" role="outer"/>
  <member type="way" ref="468772900" role="outer"/>
  <member type="way" ref="377055329" role="outer"/>
  <member type="way" ref="210508759" role="outer"/>
  <member type="way" ref="377055327" role="outer"/>
  <member type="way" ref="1353805779" role="outer"/>
  <member type="way" ref="1227091702" role="outer"/>
  <member type="way" ref="218383146" role="outer"/>
  <member type="way" ref="1227009307" role="outer"/>
  <member type="way" ref="377055328" role="outer"/>
  <member type="way" ref="1227009311" role="outer"/>
  <member type="way" ref="210508760" role="outer"/>
  <member type="way" ref="218383140" role="outer"/>
  <member type="way" ref="218383143" role="outer"/>
  <member type="way" ref="1227009312" role="outer"/>
  <member type="way" ref="1227009313" role="outer"/>
  <member type="way" ref="10467136" role="outer"/>
  <member type="way" ref="1521844428" role="outer"/>
  <member type="way" ref="1087485238" role="outer"/>
  <member type="way" ref="1084046829" role="outer"/>
  <member type="way" ref="218383150" role="outer"/>
  <member type="way" ref="133398697" role="outer"/>
  <member type="way" ref="133532657" role="outer"/>
  <member type="way" ref="352815187" role="outer"/>
  <member type="way" ref="11969216" role="outer"/>
  <member type="way" ref="1012967120" role="outer"/>
  <member type="way" ref="1012967121" role="outer"/>
  <member type="way" ref="1216573230" role="outer"/>
  <member type="way" ref="11969152" role="outer"/>
  <member type="way" ref="1227121668" role="outer"/>
  <member type="way" ref="377055330" role="outer"/>
  <member type="way" ref="1227121667" role="outer"/>
  <member type="way" ref="1346216964" role="outer"/>
  <member type="way" ref="1227121666" role="outer"/>
  <member type="way" ref="377055332" role="outer"/>
  <member type="way" ref="233038835" role="outer"/>
  <member type="way" ref="1510529840" role="outer"/>
  <member type="way" ref="25552532" role="outer"/>
  <member type="way" ref="1239727486" role="outer"/>
  <member type="way" ref="1227009314" role="outer"/>
  <member type="way" ref="1087485235" role="outer"/>
  <member type="way" ref="1239727485" role="outer"/>
  <member type="way" ref="1194940232" role="outer"/>
  <member type="way" ref="233038886" role="outer"/>
  <member type="way" ref="1194940009" role="outer"/>
  <member type="way" ref="1239763411" role="outer"/>
  <member type="way" ref="1239763409" role="outer"/>
  <member type="way" ref="1194939960" role="outer"/>
  <member type="way" ref="1239763405" role="outer"/>
  <member type="way" ref="1194939711" role="outer"/>
  <member type="way" ref="1194939651" role="outer"/>
  <member type="way" ref="1239763403" role="outer"/>
  <member type="way" ref="1055111187" role="outer"/>
  <member type="way" ref="1239763402" role="outer"/>
  <member type="way" ref="418982891" role="outer"/>
  <member type="way" ref="1239763401" role="outer"/>
  <member type="way" ref="1239763396" role="outer"/>
  <member type="way" ref="238828407" role="outer"/>
  <member type="way" ref="1239763395" role="outer"/>
  <member type="way" ref="1055111186" role="outer"/>
  <member type="way" ref="1190245010" role="outer"/>
  <member type="way" ref="11292796" role="outer"/>
  <member type="way" ref="83714719" role="outer"/>
  <member type="way" ref="361769324" role="outer"/>
  <member type="way" ref="361769336" role="outer"/>
  <member type="way" ref="361769510" role="outer"/>
  <member type="way" ref="474728678" role="outer"/>
  <member type="way" ref="102785144" role="outer"/>
  <member type="way" ref="83543817" role="outer"/>
  <member type="way" ref="1071204739" role="outer"/>
  <member type="way" ref="133315507" role="outer"/>
  <member type="way" ref="361929411" role="outer"/>
  <member type="way" ref="1244511625" role="outer"/>
  <member type="way" ref="1244771449" role="outer"/>
  <member type="way" ref="1244771450" role="outer"/>
  <member type="way" ref="1244771451" role="outer"/>
  <member type="way" ref="1244771452" role="outer"/>
  <member type="way" ref="1244771453" role="outer"/>
  <member type="way" ref="1244771454" role="outer"/>
  <member type="way" ref="1244771455" role="outer"/>
  <member type="way" ref="1244771464" role="outer"/>
  <member type="way" ref="1244771463" role="outer"/>
  <member type="way" ref="1244511619" role="outer"/>
  <member type="way" ref="1244511621" role="outer"/>
  <member type="way" ref="1244511620" role="outer"/>
  <member type="way" ref="1244511622" role="outer"/>
  <member type="way" ref="1244511623" role="outer"/>
  <member type="way" ref="1244511624" role="outer"/>
  <member type="way" ref="1244511626" role="outer"/>
  <member type="way" ref="1247824310" role="outer"/>
  <member type="way" ref="1247824309" role="outer"/>
  <member type="way" ref="1247824305" role="outer"/>
  <member type="way" ref="1247824306" role="outer"/>
  <member type="way" ref="1247824304" role="outer"/>
  <member type="way" ref="1247824303" role="outer"/>
  <member type="way" ref="1247824302" role="outer"/>
  <member type="way" ref="1247824295" role="outer"/>
  <member type="way" ref="1247824301" role="outer"/>
  <member type="way" ref="1247824294" role="outer"/>
  <member type="way" ref="1247824296" role="outer"/>
  <member type="way" ref="11746482" role="outer"/>
  <member type="way" ref="46337966" role="outer"/>
  <member type="way" ref="11290230" role="outer"/>
  <member type="way" ref="1193815954" role="outer"/>
  <member type="way" ref="45510142" role="outer"/>
  <member type="way" ref="11290652" role="outer"/>
  <member type="way" ref="46337963" role="outer"/>
  <member type="way" ref="125338061" role="outer"/>
  <member type="way" ref="1226980977" role="outer"/>
  <member type="way" ref="1226980978" role="outer"/>
  <member type="way" ref="218245877" role="outer"/>
  <member type="way" ref="445813412" role="outer"/>
  <member type="way" ref="1226980979" role="outer"/>
  <member type="way" ref="218245873" role="outer"/>
  <member type="way" ref="550138078" role="outer"/>
  <member type="way" ref="125337432" role="outer"/>
  <member type="way" ref="218245874" role="outer"/>
  <member type="way" ref="218245878" role="outer"/>
  <member type="way" ref="218245876" role="outer"/>
  <member type="way" ref="218245875" role="outer"/>
  <member type="way" ref="10618939" role="outer"/>
  <member type="way" ref="10618943" role="outer"/>
  <member type="way" ref="1196013638" role="outer"/>
  <member type="way" ref="218245872" role="outer"/>
  <member type="way" ref="1196013637" role="outer"/>
  <member type="way" ref="84040588" role="outer"/>
  <member type="way" ref="1196013635" role="outer"/>
  <member type="way" ref="46337962" role="outer"/>
  <member type="way" ref="165304245" role="outer"/>
  <member type="way" ref="26319201" role="outer"/>
  <member type="way" ref="666468789" role="outer"/>
  <member type="way" ref="11531796" role="outer"/>
  <member type="way" ref="666468050" role="outer"/>
  <member type="way" ref="46337956" role="outer"/>
  <member type="way" ref="159669386" role="outer"/>
  <member type="way" ref="10619163" role="outer"/>
  <member type="way" ref="1158044040" role="outer"/>
  <member type="way" ref="159669387" role="outer"/>
  <member type="way" ref="46337957" role="outer"/>
  <member type="node" ref="2330496472" role="admin_centre"/>
  <tag k="admin_level" v="8"/>
  <tag k="alt_name" v="муниципальный округ Мещанский"/>
  <tag k="boundary" v="administrative"/>
  <tag k="description" v="район — административно-территориальная единица; муниципальный округ — тип муниципального образования (с 1 июля 2012)"/>
  <tag k="name" v="Мещанский район"/>
  <tag k="name:en" v="Meshchansky District"/>
  <tag k="name:ru" v="Мещанский район"/>
  <tag k="name:uk" v="Міщанський район"/>
  <tag k="official_status" v="ru:внутригородская территория города федерального значения"/>
  <tag k="omkmo:code" v="58"/>
  <tag k="omkte:code" v="105"/>
  <tag k="type" v="boundary"/>
  <tag k="wikidata" v="Q2626320"/>
  <tag k="wikipedia" v="ru:Мещанский район"/>
 </relation>
 <relation id="1257218" visible="true" version="95" changeset="171661050" timestamp="2025-09-09T01:38:09Z" user="89r" uid="12117593">
  <member type="node" ref="2331500885" role="label"/>
  <member type="way" ref="285767604" role="outer"/>
  <member type="way" ref="761482988" role="outer"/>
  <member type="way" ref="1428182442" role="outer"/>
  <member type="way" ref="28282318" role="outer"/>
  <member type="way" ref="1428182441" role="outer"/>
  <member type="way" ref="1428182440" role="outer"/>
  <member type="way" ref="1428182439" role="outer"/>
  <member type="way" ref="84039115" role="outer"/>
  <member type="way" ref="304638438" role="outer"/>
  <member type="way" ref="23680615" role="outer"/>
  <member type="way" ref="1428182446" role="outer"/>
  <member type="way" ref="33814278" role="outer"/>
  <member type="way" ref="241262221" role="outer"/>
  <member type="way" ref="33814279" role="outer"/>
  <member type="way" ref="1234160356" role="outer"/>
  <member type="way" ref="1234160357" role="outer"/>
  <member type="way" ref="1234160355" role="outer"/>
  <member type="way" ref="1234169556" role="outer"/>
  <member type="way" ref="1234169551" role="outer"/>
  <member type="way" ref="1234169552" role="outer"/>
  <member type="way" ref="1234169549" role="outer"/>
  <member type="way" ref="1234169548" role="outer"/>
  <member type="way" ref="1234169546" role="outer"/>
  <member type="way" ref="1234169547" role="outer"/>
  <member type="way" ref="1234169543" role="outer"/>
  <member type="way" ref="1234447685" role="outer"/>
  <member type="way" ref="1234447684" role="outer"/>
  <member type="way" ref="1234447683" role="outer"/>
  <member type="way" ref="1234447682" role="outer"/>
  <member type="way" ref="23680611" role="outer"/>
  <member type="way" ref="25008224" role="outer"/>
  <member type="way" ref="1057703324" role="outer"/>
  <member type="way" ref="1234449553" role="outer"/>
  <member type="way" ref="1234450673" role="outer"/>
  <member type="way" ref="1234450671" role="outer"/>
  <member type="way" ref="1234450670" role="outer"/>
  <member type="way" ref="1234450669" role="outer"/>
  <member type="way" ref="30794512" role="outer"/>
  <member type="way" ref="1234450668" role="outer"/>
  <member type="way" ref="86323004" role="outer"/>
  <member type="way" ref="830462282" role="outer"/>
  <member type="way" ref="1125639272" role="outer"/>
  <member type="way" ref="830462278" role="outer"/>
  <member type="way" ref="830462279" role="outer"/>
  <member type="way" ref="25452332" role="outer"/>
  <member type="way" ref="8110100" role="outer"/>
  <member type="way" ref="189820381" role="outer"/>
  <member type="way" ref="1234759463" role="outer"/>
  <member type="way" ref="554275087" role="outer"/>
  <member type="way" ref="1234759461" role="outer"/>
  <member type="way" ref="1234759460" role="outer"/>
  <member type="way" ref="554275086" role="outer"/>
  <member type="way" ref="1234759462" role="outer"/>
  <member type="way" ref="761339333" role="outer"/>
  <member type="way" ref="1234759459" role="outer"/>
  <member type="way" ref="761339332" role="outer"/>
  <member type="way" ref="8110048" role="outer"/>
  <member type="way" ref="84039108" role="outer"/>
  <member type="way" ref="25069328" role="outer"/>
  <member type="way" ref="426929219" role="outer"/>
  <member type="way" ref="84039105" role="outer"/>
  <member type="way" ref="1392322571" role="outer"/>
  <member type="way" ref="586498057" role="outer"/>
  <member type="way" ref="586498056" role="outer"/>
  <member type="way" ref="43565416" role="outer"/>
  <member type="way" ref="1392324140" role="outer"/>
  <member type="way" ref="43565415" role="outer"/>
  <member type="way" ref="179980293" role="outer"/>
  <member type="way" ref="415084206" role="outer"/>
  <member type="way" ref="1413223307" role="outer"/>
  <member type="way" ref="179980292" role="outer"/>
  <member type="way" ref="11531831" role="outer"/>
  <member type="way" ref="666468050" role="outer"/>
  <member type="way" ref="11531796" role="outer"/>
  <member type="way" ref="666468789" role="outer"/>
  <member type="way" ref="26319201" role="outer"/>
  <member type="way" ref="165304245" role="outer"/>
  <member type="way" ref="46337962" role="outer"/>
  <member type="way" ref="1196013635" role="outer"/>
  <member type="way" ref="84040588" role="outer"/>
  <member type="way" ref="1196013637" role="outer"/>
  <member type="way" ref="218245872" role="outer"/>
  <member type="way" ref="1196013638" role="outer"/>
  <member type="way" ref="10618943" role="outer"/>
  <member type="way" ref="10618939" role="outer"/>
  <member type="way" ref="218245875" role="outer"/>
  <member type="way" ref="218245876" role="outer"/>
  <member type="way" ref="218245878" role="outer"/>
  <member type="way" ref="218245874" role="outer"/>
  <member type="way" ref="125337432" role="outer"/>
  <member type="way" ref="550138078" role="outer"/>
  <member type="way" ref="218245873" role="outer"/>
  <member type="way" ref="1226980979" role="outer"/>
  <member type="way" ref="445813412" role="outer"/>
  <member type="way" ref="218245877" role="outer"/>
  <member type="way" ref="1226980978" role="outer"/>
  <member type="way" ref="1226980977" role="outer"/>
  <member type="way" ref="125338061" role="outer"/>
  <member type="way" ref="46337963" role="outer"/>
  <member type="way" ref="11290652" role="outer"/>
  <member type="way" ref="45510142" role="outer"/>
  <member type="way" ref="1193815954" role="outer"/>
  <member type="way" ref="11290230" role="outer"/>
  <member type="way" ref="46337966" role="outer"/>
  <member type="way" ref="11746482" role="outer"/>
  <member type="way" ref="1247824296" role="outer"/>
  <member type="way" ref="1247824294" role="outer"/>
  <member type="way" ref="1247824301" role="outer"/>
  <member type="way" ref="1247824295" role="outer"/>
  <member type="way" ref="1247824302" role="outer"/>
  <member type="way" ref="1247824303" role="outer"/>
  <member type="way" ref="1247824304" role="outer"/>
  <member type="way" ref="1247824306" role="outer"/>
  <member type="way" ref="1247824305" role="outer"/>
  <member type="way" ref="1247824309" role="outer"/>
  <member type="way" ref="1247824310" role="outer"/>
  <member type="way" ref="1244511626" role="outer"/>
  <member type="way" ref="1244511624" role="outer"/>
  <member type="way" ref="1244511623" role="outer"/>
  <member type="way" ref="1244511622" role="outer"/>
  <member type="way" ref="1244511620" role="outer"/>
  <member type="way" ref="1244511621" role="outer"/>
  <member type="way" ref="1244511619" role="outer"/>
  <member type="way" ref="1244771463" role="outer"/>
  <member type="way" ref="1244771464" role="outer"/>
  <member type="way" ref="1244771455" role="outer"/>
  <member type="way" ref="1244771454" role="outer"/>
  <member type="way" ref="1244771453" role="outer"/>
  <member type="way" ref="1244771452" role="outer"/>
  <member type="way" ref="1244771451" role="outer"/>
  <member type="way" ref="1244771450" role="outer"/>
  <member type="way" ref="1244771449" role="outer"/>
  <member type="way" ref="1244511625" role="outer"/>
  <member type="way" ref="361929411" role="outer"/>
  <member type="way" ref="1071291404" role="outer"/>
  <member type="way" ref="83535567" role="outer"/>
  <member type="way" ref="84488127" role="outer"/>
  <member type="way" ref="1071222102" role="outer"/>
  <member type="way" ref="1071201353" role="outer"/>
  <member type="way" ref="1071201352" role="outer"/>
  <member type="way" ref="955797894" role="outer"/>
  <member type="way" ref="1071201350" role="outer"/>
  <member type="way" ref="1071201351" role="outer"/>
  <member type="way" ref="84039102" role="outer"/>
  <member type="way" ref="84039100" role="outer"/>
  <member type="way" ref="883764961" role="outer"/>
  <tag k="admin_level" v="8"/>
  <tag k="alt_name" v="муниципальный округ Красносельский"/>
  <tag k="boundary" v="administrative"/>
  <tag k="description" v="район — административно-территориальная единица; муниципальный округ — тип муниципального образования (с 1 июля 2012)"/>
  <tag k="name" v="Красносельский район"/>
  <tag k="name:en" v="Krasnoselsky District"/>
  <tag k="name:ru" v="Красносельский район"/>
  <tag k="name:uk" v="Красносільський район"/>
  <tag k="official_status" v="ru:внутригородская территория города федерального значения"/>
  <tag k="type" v="boundary"/>
  <tag k="wikidata" v="Q2626343"/>
  <tag k="wikipedia" v="ru:Красносельский район (Москва)"/>
 </relation>
 <relation id="2162196" visible="true" version="133" changeset="183821828" timestamp="2026-06-08T10:42:17Z" user="Bobropiton" uid="2055718">
  <member type="way" ref="1428246379" role="outer"/>
  <member type="way" ref="1428246378" role="outer"/>
  <member type="way" ref="19036459" role="outer"/>
  <member type="way" ref="83715025" role="outer"/>
  <member type="way" ref="83715024" role="outer"/>
  <member type="way" ref="84068155" role="outer"/>
  <member type="way" ref="51950164" role="outer"/>
  <member type="way" ref="23624663" role="outer"/>
  <member type="way" ref="142240101" role="outer"/>
  <member type="way" ref="24424606" role="outer"/>
  <member type="way" ref="85594168" role="outer"/>
  <member type="way" ref="51723236" role="outer"/>
  <member type="way" ref="24403489" role="outer"/>
  <member type="way" ref="51723235" role="outer"/>
  <member type="way" ref="51723234" role="outer"/>
  <member type="way" ref="39991331" role="outer"/>
  <member type="way" ref="52014312" role="outer"/>
  <member type="way" ref="1171252598" role="outer"/>
  <member type="way" ref="1213256296" role="outer"/>
  <member type="way" ref="1171252597" role="outer"/>
  <member type="way" ref="40026312" role="outer"/>
  <member type="way" ref="1171252595" role="outer"/>
  <member type="way" ref="1184513278" role="outer"/>
  <member type="way" ref="40026336" role="outer"/>
  <member type="way" ref="84056575" role="outer"/>
  <member type="way" ref="1490993986" role="outer"/>
  <member type="way" ref="1171252593" role="outer"/>
  <member type="way" ref="83946751" role="outer"/>
  <member type="way" ref="52014296" role="outer"/>
  <member type="way" ref="1527499873" role="outer"/>
  <member type="way" ref="40014961" role="outer"/>
  <member type="way" ref="85604087" role="outer"/>
  <member type="way" ref="494136156" role="outer"/>
  <member type="way" ref="494136151" role="outer"/>
  <member type="way" ref="521790356" role="outer"/>
  <member type="way" ref="494136152" role="outer"/>
  <member type="way" ref="521790391" role="outer"/>
  <member type="way" ref="494136165" role="outer"/>
  <member type="way" ref="521790373" role="outer"/>
  <member type="way" ref="521790392" role="outer"/>
  <member type="way" ref="835616859" role="outer"/>
  <member type="way" ref="85604088" role="outer"/>
  <member type="way" ref="835616842" role="outer"/>
  <member type="way" ref="835835929" role="outer"/>
  <member type="way" ref="311572975" role="outer"/>
  <member type="way" ref="887950265" role="outer"/>
  <member type="way" ref="8108928" role="outer"/>
  <member type="way" ref="1205082484" role="outer"/>
  <member type="way" ref="1205082483" role="outer"/>
  <member type="way" ref="51909347" role="outer"/>
  <member type="way" ref="1204773870" role="outer"/>
  <member type="way" ref="1204773841" role="outer"/>
  <member type="way" ref="1204773869" role="outer"/>
  <member type="way" ref="9811841" role="outer"/>
  <member type="way" ref="443199663" role="outer"/>
  <member type="way" ref="51909334" role="outer"/>
  <member type="way" ref="25056819" role="outer"/>
  <member type="way" ref="131593720" role="outer"/>
  <member type="way" ref="962221402" role="outer"/>
  <member type="way" ref="429982511" role="outer"/>
  <member type="way" ref="962221401" role="outer"/>
  <member type="way" ref="990981721" role="outer"/>
  <member type="way" ref="157320202" role="outer"/>
  <member type="way" ref="157320234" role="outer"/>
  <member type="way" ref="83938837" role="outer"/>
  <member type="way" ref="594442892" role="outer"/>
  <member type="way" ref="157320108" role="outer"/>
  <member type="way" ref="242196035" role="outer"/>
  <member type="way" ref="1097338640" role="outer"/>
  <member type="way" ref="28505634" role="outer"/>
  <member type="way" ref="192585230" role="outer"/>
  <member type="way" ref="192584401" role="outer"/>
  <member type="way" ref="608739079" role="outer"/>
  <member type="way" ref="608739078" role="outer"/>
  <member type="way" ref="192584570" role="outer"/>
  <member type="way" ref="10781149" role="outer"/>
  <member type="way" ref="197150838" role="outer"/>
  <member type="way" ref="1006588116" role="outer"/>
  <member type="way" ref="157320112" role="outer"/>
  <member type="way" ref="298885434" role="outer"/>
  <member type="way" ref="28132338" role="outer"/>
  <member type="way" ref="83938807" role="outer"/>
  <member type="way" ref="83938814" role="outer"/>
  <member type="way" ref="83938833" role="outer"/>
  <member type="way" ref="85599668" role="outer"/>
  <member type="way" ref="23371914" role="outer"/>
  <member type="way" ref="55495994" role="outer"/>
  <member type="way" ref="85709064" role="outer"/>
  <member type="way" ref="23368466" role="outer"/>
  <member type="way" ref="23368440" role="outer"/>
  <member type="way" ref="285753464" role="outer"/>
  <member type="way" ref="285753463" role="outer"/>
  <member type="way" ref="334184977" role="outer"/>
  <member type="way" ref="37953252" role="outer"/>
  <member type="way" ref="37953249" role="outer"/>
  <member type="way" ref="85599671" role="outer"/>
  <member type="way" ref="97370453" role="outer"/>
  <member type="way" ref="38676485" role="outer"/>
  <member type="way" ref="38676479" role="outer"/>
  <member type="way" ref="38000938" role="outer"/>
  <member type="way" ref="38676480" role="outer"/>
  <member type="way" ref="186398956" role="outer"/>
  <member type="way" ref="30330013" role="outer"/>
  <member type="way" ref="157320118" role="outer"/>
  <member type="way" ref="248835556" role="outer"/>
  <member type="way" ref="884618750" role="outer"/>
  <member type="way" ref="39436678" role="outer"/>
  <member type="way" ref="241265384" role="outer"/>
  <member type="way" ref="85706828" role="outer"/>
  <member type="way" ref="85599662" role="outer"/>
  <member type="way" ref="127751042" role="outer"/>
  <member type="way" ref="127751046" role="outer"/>
  <member type="way" ref="312777194" role="outer"/>
  <member type="way" ref="313214069" role="outer"/>
  <member type="way" ref="157320082" role="outer"/>
  <member type="way" ref="1329959009" role="outer"/>
  <member type="way" ref="985114917" role="outer"/>
  <member type="way" ref="1338090660" role="outer"/>
  <member type="way" ref="157320079" role="outer"/>
  <member type="way" ref="1329959010" role="outer"/>
  <member type="way" ref="47967687" role="outer"/>
  <member type="way" ref="55939357" role="outer"/>
  <member type="way" ref="23680719" role="outer"/>
  <member type="way" ref="157320184" role="outer"/>
  <member type="way" ref="1073884734" role="outer"/>
  <member type="way" ref="1170990472" role="outer"/>
  <member type="way" ref="46521585" role="outer"/>
  <member type="way" ref="31960461" role="outer"/>
  <member type="way" ref="23129088" role="outer"/>
  <member type="way" ref="84039111" role="outer"/>
  <member type="way" ref="84039114" role="outer"/>
  <member type="way" ref="46421649" role="outer"/>
  <member type="way" ref="500498147" role="outer"/>
  <member type="way" ref="84039107" role="outer"/>
  <member type="way" ref="200915763" role="outer"/>
  <member type="way" ref="1515986472" role="outer"/>
  <member type="way" ref="84039102" role="outer"/>
  <member type="way" ref="1071201351" role="outer"/>
  <member type="way" ref="1071201350" role="outer"/>
  <member type="way" ref="955797894" role="outer"/>
  <member type="way" ref="1071201352" role="outer"/>
  <member type="way" ref="1071201353" role="outer"/>
  <member type="way" ref="1071222102" role="outer"/>
  <member type="way" ref="84488127" role="outer"/>
  <member type="way" ref="83535567" role="outer"/>
  <member type="way" ref="1071291404" role="outer"/>
  <member type="way" ref="133315507" role="outer"/>
  <member type="way" ref="1071204739" role="outer"/>
  <member type="way" ref="83543817" role="outer"/>
  <member type="way" ref="102785144" role="outer"/>
  <member type="way" ref="474728678" role="outer"/>
  <member type="way" ref="361769510" role="outer"/>
  <member type="way" ref="361769336" role="outer"/>
  <member type="way" ref="361769324" role="outer"/>
  <member type="way" ref="83714719" role="outer"/>
  <member type="way" ref="11292796" role="outer"/>
  <member type="way" ref="1190245010" role="outer"/>
  <member type="way" ref="1055111186" role="outer"/>
  <member type="way" ref="1239763395" role="outer"/>
  <member type="way" ref="238828407" role="outer"/>
  <member type="way" ref="1239763396" role="outer"/>
  <member type="way" ref="1239763401" role="outer"/>
  <member type="way" ref="418982891" role="outer"/>
  <member type="way" ref="1239763402" role="outer"/>
  <member type="way" ref="1055111187" role="outer"/>
  <member type="way" ref="1239763403" role="outer"/>
  <member type="way" ref="1194939651" role="outer"/>
  <member type="way" ref="1194939711" role="outer"/>
  <member type="way" ref="1239763405" role="outer"/>
  <member type="way" ref="1194939960" role="outer"/>
  <member type="way" ref="1239763409" role="outer"/>
  <member type="way" ref="1239763411" role="outer"/>
  <member type="way" ref="1194940009" role="outer"/>
  <member type="way" ref="233038886" role="outer"/>
  <member type="way" ref="1194940232" role="outer"/>
  <member type="way" ref="1239727485" role="outer"/>
  <member type="way" ref="1087485235" role="outer"/>
  <member type="way" ref="1227009314" role="outer"/>
  <member type="way" ref="1239727486" role="outer"/>
  <member type="way" ref="25552532" role="outer"/>
  <member type="way" ref="1510529840" role="outer"/>
  <member type="way" ref="233038835" role="outer"/>
  <member type="way" ref="377055332" role="outer"/>
  <member type="way" ref="1227121666" role="outer"/>
  <member type="way" ref="1346216964" role="outer"/>
  <member type="way" ref="1227121667" role="outer"/>
  <member type="way" ref="377055330" role="outer"/>
  <member type="way" ref="1227121668" role="outer"/>
  <member type="way" ref="11969152" role="outer"/>
  <member type="way" ref="377055338" role="outer"/>
  <member type="way" ref="734603321" role="outer"/>
  <member type="way" ref="1346119689" role="outer"/>
  <member type="way" ref="377055343" role="outer"/>
  <member type="way" ref="1346070400" role="outer"/>
  <member type="way" ref="734603322" role="outer"/>
  <member type="way" ref="1231236479" role="outer"/>
  <member type="way" ref="36054778" role="outer"/>
  <member type="way" ref="377055336" role="outer"/>
  <member type="way" ref="377055334" role="outer"/>
  <member type="way" ref="1346070419" role="outer"/>
  <member type="way" ref="219015502" role="outer"/>
  <member type="way" ref="11969088" role="outer"/>
  <member type="way" ref="1216573217" role="outer"/>
  <member type="way" ref="8880606" role="outer"/>
  <member type="way" ref="11840509" role="outer"/>
  <member type="way" ref="1231236477" role="outer"/>
  <member type="way" ref="1231236476" role="outer"/>
  <member type="way" ref="1231236475" role="outer"/>
  <member type="way" ref="1231236470" role="outer"/>
  <member type="way" ref="1231236473" role="outer"/>
  <member type="way" ref="1231236469" role="outer"/>
  <member type="way" ref="257664216" role="outer"/>
  <member type="way" ref="1231236456" role="outer"/>
  <member type="way" ref="1231236455" role="outer"/>
  <member type="way" ref="1231432892" role="outer"/>
  <member type="way" ref="1231432891" role="outer"/>
  <member type="way" ref="16102600" role="outer"/>
  <member type="way" ref="1231432889" role="outer"/>
  <member type="way" ref="427501838" role="outer"/>
  <member type="way" ref="83714726" role="outer"/>
  <member type="way" ref="83714727" role="outer"/>
  <member type="way" ref="580645162" role="outer"/>
  <member type="way" ref="458973484" role="outer"/>
  <member type="relation" ref="1257484" role="subarea"/>
  <member type="relation" ref="2162195" role="subarea"/>
  <member type="relation" ref="1255942" role="subarea"/>
  <member type="relation" ref="1257218" role="subarea"/>
  <member type="relation" ref="364001" role="subarea"/>
  <member type="relation" ref="1275551" role="subarea"/>
  <member type="relation" ref="1275608" role="subarea"/>
  <member type="relation" ref="1257786" role="subarea"/>
  <member type="relation" ref="1255987" role="subarea"/>
  <member type="relation" ref="1275627" role="subarea"/>
  <tag k="addr:country" v="RU"/>
  <tag k="addr:region" v="Москва"/>
  <tag k="admin_level" v="5"/>
  <tag k="boundary" v="administrative"/>
  <tag k="contact:website" v="http://cao.mos.ru/"/>
  <tag k="name" v="Центральный административный округ"/>
  <tag k="name:be" v="Цэнтральная адміністрацыйная акруга"/>
  <tag k="name:ca" v="Districte administratiu central"/>
  <tag k="name:de" v="Zentraler Verwaltungsbezirk"/>
  <tag k="name:en" v="Central Administrative Okrug"/>
  <tag k="name:es" v="Distrito Administrativo Central"/>
  <tag k="name:hr" v="Središnji upravni okrug"/>
  <tag k="name:ru" v="Центральный административный округ"/>
  <tag k="name:uk" v="Центральний адміністративний округ"/>
  <tag k="name:zh" v="中央行政区"/>
  <tag k="name:zh-Hans" v="中央行政区"/>
  <tag k="name:zh-Hant" v="中央行政區"/>
  <tag k="ref" v="ЦАО"/>
  <tag k="type" v="boundary"/>
  <tag k="wikidata" v="Q190412"/>
  <tag k="wikipedia" v="ru:Центральный административный округ"/>
 </relation>
 <relation id="3220812" visible="true" version="8" changeset="176000331" timestamp="2025-12-16T11:19:17Z" user="Bobropiton" uid="2055718">
  <member type="relation" ref="15657835" role=""/>
  <member type="relation" ref="3220811" role=""/>
  <tag k="bus_class:length" v="4;5"/>
  <tag k="colour" v="#ff9ad2"/>
  <tag k="name" v="Автобус с585: Огородный проезд &lt;=&gt; Капельский переулок"/>
  <tag k="network" v="Московский транспорт"/>
  <tag k="operator" v="ГУП «Мосгортранс»"/>
  <tag k="ref" v="с585"/>
  <tag k="route_master" v="bus"/>
  <tag k="source" v="Реестр маршрутов города Москвы"/>
  <tag k="type" v="route_master"/>
  <tag k="website" v="https://transport.mos.ru/transport/schedule/route/141509205"/>
 </relation>
 <relation id="7688148" visible="true" version="83" changeset="183821828" timestamp="2026-06-08T10:42:17Z" user="Bobropiton" uid="2055718">
  <member type="way" ref="1205082483" role="outer"/>
  <member type="way" ref="1205082484" role="outer"/>
  <member type="way" ref="8108928" role="outer"/>
  <member type="way" ref="887950265" role="outer"/>
  <member type="way" ref="311572975" role="outer"/>
  <member type="way" ref="835835929" role="outer"/>
  <member type="way" ref="835616842" role="outer"/>
  <member type="way" ref="85604088" role="outer"/>
  <member type="way" ref="835616859" role="outer"/>
  <member type="way" ref="521790392" role="outer"/>
  <member type="way" ref="521790373" role="outer"/>
  <member type="way" ref="494136165" role="outer"/>
  <member type="way" ref="521790391" role="outer"/>
  <member type="way" ref="494136152" role="outer"/>
  <member type="way" ref="521790356" role="outer"/>
  <member type="way" ref="494136151" role="outer"/>
  <member type="way" ref="494136156" role="outer"/>
  <member type="way" ref="85604087" role="outer"/>
  <member type="way" ref="40014961" role="outer"/>
  <member type="way" ref="1527499873" role="outer"/>
  <member type="way" ref="52014296" role="outer"/>
  <member type="way" ref="83946751" role="outer"/>
  <member type="way" ref="1171252593" role="outer"/>
  <member type="way" ref="1490993986" role="outer"/>
  <member type="way" ref="84056575" role="outer"/>
  <member type="way" ref="40026336" role="outer"/>
  <member type="way" ref="1184513278" role="outer"/>
  <member type="way" ref="1171252595" role="outer"/>
  <member type="way" ref="40026312" role="outer"/>
  <member type="way" ref="1171252597" role="outer"/>
  <member type="way" ref="1213256296" role="outer"/>
  <member type="way" ref="1171252598" role="outer"/>
  <member type="way" ref="52014312" role="outer"/>
  <member type="way" ref="39991331" role="outer"/>
  <member type="way" ref="51723234" role="outer"/>
  <member type="way" ref="51723235" role="outer"/>
  <member type="way" ref="24403489" role="outer"/>
  <member type="way" ref="51723236" role="outer"/>
  <member type="way" ref="85594168" role="outer"/>
  <member type="way" ref="24424606" role="outer"/>
  <member type="way" ref="142240101" role="outer"/>
  <member type="way" ref="23624663" role="outer"/>
  <member type="way" ref="51950164" role="outer"/>
  <member type="way" ref="84068155" role="outer"/>
  <member type="way" ref="83715024" role="outer"/>
  <member type="way" ref="83715025" role="outer"/>
  <member type="way" ref="19036459" role="outer"/>
  <member type="way" ref="1428246378" role="outer"/>
  <member type="way" ref="1428246379" role="outer"/>
  <member type="way" ref="458973484" role="outer"/>
  <member type="way" ref="580645162" role="outer"/>
  <member type="way" ref="83714727" role="outer"/>
  <member type="way" ref="83714726" role="outer"/>
  <member type="way" ref="427501838" role="outer"/>
  <member type="way" ref="1231432889" role="outer"/>
  <member type="way" ref="16102600" role="outer"/>
  <member type="way" ref="1231432891" role="outer"/>
  <member type="way" ref="1231432892" role="outer"/>
  <member type="way" ref="1231236455" role="outer"/>
  <member type="way" ref="1231236456" role="outer"/>
  <member type="way" ref="257664216" role="outer"/>
  <member type="way" ref="1231236469" role="outer"/>
  <member type="way" ref="1231236473" role="outer"/>
  <member type="way" ref="1231236470" role="outer"/>
  <member type="way" ref="1231236475" role="outer"/>
  <member type="way" ref="1231236476" role="outer"/>
  <member type="way" ref="1231236477" role="outer"/>
  <member type="way" ref="11840509" role="outer"/>
  <member type="way" ref="8880606" role="outer"/>
  <member type="way" ref="1216573217" role="outer"/>
  <member type="way" ref="11969088" role="outer"/>
  <member type="way" ref="219015502" role="outer"/>
  <member type="way" ref="1346070419" role="outer"/>
  <member type="way" ref="377055334" role="outer"/>
  <member type="way" ref="377055336" role="outer"/>
  <member type="way" ref="36054778" role="outer"/>
  <member type="way" ref="1231236479" role="outer"/>
  <member type="way" ref="734603322" role="outer"/>
  <member type="way" ref="1346070400" role="outer"/>
  <member type="way" ref="377055343" role="outer"/>
  <member type="way" ref="1346119689" role="outer"/>
  <member type="way" ref="734603321" role="outer"/>
  <member type="way" ref="377055338" role="outer"/>
  <member type="way" ref="11969152" role="outer"/>
  <member type="way" ref="1227121668" role="outer"/>
  <member type="way" ref="377055330" role="outer"/>
  <member type="way" ref="1227121667" role="outer"/>
  <member type="way" ref="1346216964" role="outer"/>
  <member type="way" ref="1227121666" role="outer"/>
  <member type="way" ref="377055332" role="outer"/>
  <member type="way" ref="233038835" role="outer"/>
  <member type="way" ref="25552532" role="outer"/>
  <member type="way" ref="1239727486" role="outer"/>
  <member type="way" ref="1227009314" role="outer"/>
  <member type="way" ref="1087485235" role="outer"/>
  <member type="way" ref="1239727485" role="outer"/>
  <member type="way" ref="1194940232" role="outer"/>
  <member type="way" ref="233038886" role="outer"/>
  <member type="way" ref="1194940009" role="outer"/>
  <member type="way" ref="1239763411" role="outer"/>
  <member type="way" ref="1239763409" role="outer"/>
  <member type="way" ref="1194939960" role="outer"/>
  <member type="way" ref="1239763405" role="outer"/>
  <member type="way" ref="1194939711" role="outer"/>
  <member type="way" ref="1194939651" role="outer"/>
  <member type="way" ref="1239763403" role="outer"/>
  <member type="way" ref="1055111187" role="outer"/>
  <member type="way" ref="1239763402" role="outer"/>
  <member type="way" ref="418982891" role="outer"/>
  <member type="way" ref="1239763401" role="outer"/>
  <member type="way" ref="1239763396" role="outer"/>
  <member type="way" ref="238828407" role="outer"/>
  <member type="way" ref="1239763395" role="outer"/>
  <member type="way" ref="1055111186" role="outer"/>
  <member type="way" ref="1190245010" role="outer"/>
  <member type="way" ref="11292796" role="outer"/>
  <member type="way" ref="83714719" role="outer"/>
  <member type="way" ref="361769324" role="outer"/>
  <member type="way" ref="361769336" role="outer"/>
  <member type="way" ref="361769510" role="outer"/>
  <member type="way" ref="474728678" role="outer"/>
  <member type="way" ref="102785144" role="outer"/>
  <member type="way" ref="83543817" role="outer"/>
  <member type="way" ref="1071204739" role="outer"/>
  <member type="way" ref="133315507" role="outer"/>
  <member type="way" ref="1071291404" role="outer"/>
  <member type="way" ref="83535567" role="outer"/>
  <member type="way" ref="84488127" role="outer"/>
  <member type="way" ref="1071222102" role="outer"/>
  <member type="way" ref="1071201353" role="outer"/>
  <member type="way" ref="1071201352" role="outer"/>
  <member type="way" ref="955797894" role="outer"/>
  <member type="way" ref="1071201350" role="outer"/>
  <member type="way" ref="1071201351" role="outer"/>
  <member type="way" ref="84039102" role="outer"/>
  <member type="way" ref="1515986472" role="outer"/>
  <member type="way" ref="200915763" role="outer"/>
  <member type="way" ref="84039107" role="outer"/>
  <member type="way" ref="500498147" role="outer"/>
  <member type="way" ref="46421649" role="outer"/>
  <member type="way" ref="84039114" role="outer"/>
  <member type="way" ref="84039111" role="outer"/>
  <member type="way" ref="23129088" role="outer"/>
  <member type="way" ref="31960461" role="outer"/>
  <member type="way" ref="46521585" role="outer"/>
  <member type="way" ref="1170990472" role="outer"/>
  <member type="way" ref="1073884734" role="outer"/>
  <member type="way" ref="157320184" role="outer"/>
  <member type="way" ref="23680719" role="outer"/>
  <member type="way" ref="55939357" role="outer"/>
  <member type="way" ref="47967687" role="outer"/>
  <member type="way" ref="1329959010" role="outer"/>
  <member type="way" ref="157320079" role="outer"/>
  <member type="way" ref="1338090660" role="outer"/>
  <member type="way" ref="985114917" role="outer"/>
  <member type="way" ref="1329959009" role="outer"/>
  <member type="way" ref="157320082" role="outer"/>
  <member type="way" ref="313214069" role="outer"/>
  <member type="way" ref="312777194" role="outer"/>
  <member type="way" ref="127751046" role="outer"/>
  <member type="way" ref="127751042" role="outer"/>
  <member type="way" ref="85599662" role="outer"/>
  <member type="way" ref="85706828" role="outer"/>
  <member type="way" ref="241265384" role="outer"/>
  <member type="way" ref="39436678" role="outer"/>
  <member type="way" ref="884618750" role="outer"/>
  <member type="way" ref="248835556" role="outer"/>
  <member type="way" ref="157320118" role="outer"/>
  <member type="way" ref="30330013" role="outer"/>
  <member type="way" ref="186398956" role="outer"/>
  <member type="way" ref="38676480" role="outer"/>
  <member type="way" ref="38000938" role="outer"/>
  <member type="way" ref="38676479" role="outer"/>
  <member type="way" ref="38676485" role="outer"/>
  <member type="way" ref="97370453" role="outer"/>
  <member type="way" ref="85599671" role="outer"/>
  <member type="way" ref="37953249" role="outer"/>
  <member type="way" ref="37953252" role="outer"/>
  <member type="way" ref="334184977" role="outer"/>
  <member type="way" ref="285753463" role="outer"/>
  <member type="way" ref="285753464" role="outer"/>
  <member type="way" ref="23368440" role="outer"/>
  <member type="way" ref="23368466" role="outer"/>
  <member type="way" ref="85709064" role="outer"/>
  <member type="way" ref="55495994" role="outer"/>
  <member type="way" ref="23371914" role="outer"/>
  <member type="way" ref="85599668" role="outer"/>
  <member type="way" ref="83938833" role="outer"/>
  <member type="way" ref="83938814" role="outer"/>
  <member type="way" ref="83938807" role="outer"/>
  <member type="way" ref="28132338" role="outer"/>
  <member type="way" ref="298885434" role="outer"/>
  <member type="way" ref="157320112" role="outer"/>
  <member type="way" ref="1006588116" role="outer"/>
  <member type="way" ref="197150838" role="outer"/>
  <member type="way" ref="10781149" role="outer"/>
  <member type="way" ref="192584570" role="outer"/>
  <member type="way" ref="608739078" role="outer"/>
  <member type="way" ref="608739079" role="outer"/>
  <member type="way" ref="192584401" role="outer"/>
  <member type="way" ref="192585230" role="outer"/>
  <member type="way" ref="28505634" role="outer"/>
  <member type="way" ref="1097338640" role="outer"/>
  <member type="way" ref="242196035" role="outer"/>
  <member type="way" ref="157320108" role="outer"/>
  <member type="way" ref="594442892" role="outer"/>
  <member type="way" ref="83938837" role="outer"/>
  <member type="way" ref="157320234" role="outer"/>
  <member type="way" ref="157320202" role="outer"/>
  <member type="way" ref="990981721" role="outer"/>
  <member type="way" ref="962221401" role="outer"/>
  <member type="way" ref="429982511" role="outer"/>
  <member type="way" ref="962221402" role="outer"/>
  <member type="way" ref="131593720" role="outer"/>
  <member type="way" ref="25056819" role="outer"/>
  <member type="way" ref="51909334" role="outer"/>
  <member type="way" ref="443199663" role="outer"/>
  <member type="way" ref="9811841" role="outer"/>
  <member type="way" ref="1204773869" role="outer"/>
  <member type="way" ref="1204773841" role="outer"/>
  <member type="way" ref="1204773870" role="outer"/>
  <member type="way" ref="51909347" role="outer"/>
  <member type="relation" ref="7700235" role="subarea"/>
  <member type="relation" ref="7700236" role="subarea"/>
  <member type="relation" ref="7690552" role="subarea"/>
  <member type="relation" ref="7690494" role="subarea"/>
  <member type="relation" ref="7690497" role="subarea"/>
  <member type="relation" ref="7688147" role="subarea"/>
  <tag k="boundary" v="religious_administration"/>
  <tag k="denomination" v="russian_orthodox"/>
  <tag k="name" v="Центральное викариатство"/>
  <tag k="name:uk" v="Центральне вікаріатство"/>
  <tag k="religion" v="christian"/>
  <tag k="religious_level" v="7"/>
  <tag k="type" v="boundary"/>
 </relation>
 <relation id="7690494" visible="true" version="75" changeset="182381556" timestamp="2026-05-08T13:03:42Z" user="literan" uid="830106">
  <member type="way" ref="536592647" role="outer"/>
  <member type="way" ref="159669387" role="outer"/>
  <member type="way" ref="46337957" role="outer"/>
  <member type="way" ref="1176312941" role="outer"/>
  <member type="way" ref="179970553" role="outer"/>
  <member type="way" ref="1176312943" role="outer"/>
  <member type="way" ref="25092477" role="outer"/>
  <member type="way" ref="1176312942" role="outer"/>
  <member type="way" ref="1176312944" role="outer"/>
  <member type="way" ref="416148080" role="outer"/>
  <member type="way" ref="1176312949" role="outer"/>
  <member type="way" ref="416148069" role="outer"/>
  <member type="way" ref="1176312950" role="outer"/>
  <member type="way" ref="84056567" role="outer"/>
  <member type="way" ref="1180459852" role="outer"/>
  <member type="way" ref="1180376185" role="outer"/>
  <member type="way" ref="1180459851" role="outer"/>
  <member type="way" ref="1176312951" role="outer"/>
  <member type="way" ref="1151034687" role="outer"/>
  <member type="way" ref="23369577" role="outer"/>
  <member type="way" ref="179966014" role="outer"/>
  <member type="way" ref="1343582624" role="outer"/>
  <member type="way" ref="40813055" role="outer"/>
  <member type="way" ref="253241654" role="outer"/>
  <member type="way" ref="40813053" role="outer"/>
  <member type="way" ref="40740865" role="outer"/>
  <member type="way" ref="253241658" role="outer"/>
  <member type="way" ref="1343582625" role="outer"/>
  <member type="way" ref="23378705" role="outer"/>
  <member type="way" ref="84068159" role="outer"/>
  <member type="way" ref="84068146" role="outer"/>
  <member type="way" ref="84068150" role="outer"/>
  <member type="way" ref="84068143" role="outer"/>
  <member type="way" ref="1347848391" role="outer"/>
  <member type="way" ref="25059669" role="outer"/>
  <member type="way" ref="1347848390" role="outer"/>
  <member type="way" ref="84068157" role="outer"/>
  <member type="way" ref="301719338" role="outer"/>
  <member type="way" ref="84068139" role="outer"/>
  <member type="way" ref="48902037" role="outer"/>
  <member type="way" ref="25058325" role="outer"/>
  <member type="way" ref="84068153" role="outer"/>
  <member type="way" ref="548026479" role="outer"/>
  <member type="way" ref="25058381" role="outer"/>
  <member type="way" ref="25058124" role="outer"/>
  <member type="way" ref="91907744" role="outer"/>
  <member type="way" ref="487489582" role="outer"/>
  <member type="way" ref="287907210" role="outer"/>
  <member type="way" ref="287907211" role="outer"/>
  <member type="way" ref="487489613" role="outer"/>
  <member type="way" ref="487489561" role="outer"/>
  <member type="way" ref="1432379863" role="outer"/>
  <member type="way" ref="1432379592" role="outer"/>
  <member type="way" ref="1432379591" role="outer"/>
  <member type="way" ref="1432379895" role="outer"/>
  <member type="way" ref="1432379861" role="outer"/>
  <member type="way" ref="1432379860" role="outer"/>
  <member type="way" ref="1432379859" role="outer"/>
  <member type="way" ref="1432379858" role="outer"/>
  <member type="way" ref="1432379862" role="outer"/>
  <member type="way" ref="1432379590" role="outer"/>
  <member type="way" ref="1432379613" role="outer"/>
  <member type="way" ref="1432379893" role="outer"/>
  <member type="way" ref="84068148" role="outer"/>
  <member type="way" ref="1432379894" role="outer"/>
  <member type="way" ref="84068158" role="outer"/>
  <member type="way" ref="180066467" role="outer"/>
  <member type="way" ref="1121160057" role="outer"/>
  <member type="way" ref="443561328" role="outer"/>
  <member type="way" ref="840693267" role="outer"/>
  <member type="way" ref="840693265" role="outer"/>
  <member type="way" ref="840693268" role="outer"/>
  <member type="way" ref="840693269" role="outer"/>
  <member type="way" ref="840693266" role="outer"/>
  <member type="way" ref="1332150196" role="outer"/>
  <member type="way" ref="427579307" role="outer"/>
  <member type="way" ref="1332150193" role="outer"/>
  <member type="way" ref="427579305" role="outer"/>
  <member type="way" ref="188732578" role="outer"/>
  <member type="way" ref="1332148771" role="outer"/>
  <member type="way" ref="1332148769" role="outer"/>
  <member type="way" ref="427579306" role="outer"/>
  <member type="way" ref="1332148545" role="outer"/>
  <member type="way" ref="1332148543" role="outer"/>
  <member type="way" ref="427579301" role="outer"/>
  <member type="way" ref="188732577" role="outer"/>
  <member type="way" ref="427579302" role="outer"/>
  <member type="way" ref="427579303" role="outer"/>
  <member type="way" ref="551523943" role="outer"/>
  <member type="way" ref="19125286" role="outer"/>
  <member type="way" ref="1332148114" role="outer"/>
  <member type="way" ref="280118307" role="outer"/>
  <member type="way" ref="427579354" role="outer"/>
  <member type="way" ref="895214951" role="outer"/>
  <member type="way" ref="1177590184" role="outer"/>
  <member type="way" ref="895214950" role="outer"/>
  <member type="way" ref="895214952" role="outer"/>
  <member type="way" ref="84068151" role="outer"/>
  <member type="way" ref="427579356" role="outer"/>
  <member type="way" ref="427579355" role="outer"/>
  <member type="way" ref="240311221" role="outer"/>
  <member type="way" ref="125893473" role="outer"/>
  <member type="way" ref="1177590187" role="outer"/>
  <member type="way" ref="1177590185" role="outer"/>
  <member type="way" ref="84068142" role="outer"/>
  <member type="way" ref="83715024" role="outer"/>
  <member type="way" ref="83715025" role="outer"/>
  <member type="way" ref="19036459" role="outer"/>
  <member type="way" ref="1428246378" role="outer"/>
  <member type="way" ref="1428246379" role="outer"/>
  <member type="way" ref="458973484" role="outer"/>
  <member type="way" ref="580645162" role="outer"/>
  <member type="way" ref="83714727" role="outer"/>
  <member type="way" ref="83714726" role="outer"/>
  <member type="way" ref="427501838" role="outer"/>
  <member type="way" ref="1231432889" role="outer"/>
  <member type="way" ref="16102600" role="outer"/>
  <member type="way" ref="1231432891" role="outer"/>
  <member type="way" ref="1231432892" role="outer"/>
  <member type="way" ref="1231236455" role="outer"/>
  <member type="way" ref="1231236456" role="outer"/>
  <member type="way" ref="257664216" role="outer"/>
  <member type="way" ref="1231236469" role="outer"/>
  <member type="way" ref="1231236473" role="outer"/>
  <member type="way" ref="1231236470" role="outer"/>
  <member type="way" ref="1231236475" role="outer"/>
  <member type="way" ref="1231236476" role="outer"/>
  <member type="way" ref="1231236477" role="outer"/>
  <member type="way" ref="11840509" role="outer"/>
  <member type="way" ref="8880606" role="outer"/>
  <member type="way" ref="1216573217" role="outer"/>
  <member type="way" ref="11969088" role="outer"/>
  <member type="way" ref="219015502" role="outer"/>
  <member type="way" ref="1346070419" role="outer"/>
  <member type="way" ref="377055334" role="outer"/>
  <member type="way" ref="377055336" role="outer"/>
  <member type="way" ref="36054778" role="outer"/>
  <member type="way" ref="1231236479" role="outer"/>
  <member type="way" ref="734603322" role="outer"/>
  <member type="way" ref="1346070400" role="outer"/>
  <member type="way" ref="377055343" role="outer"/>
  <member type="way" ref="1346119689" role="outer"/>
  <member type="way" ref="734603321" role="outer"/>
  <member type="way" ref="377055338" role="outer"/>
  <member type="way" ref="11969152" role="outer"/>
  <member type="way" ref="1227121668" role="outer"/>
  <member type="way" ref="377055330" role="outer"/>
  <member type="way" ref="1227121667" role="outer"/>
  <member type="way" ref="1346216964" role="outer"/>
  <member type="way" ref="1227121666" role="outer"/>
  <member type="way" ref="377055332" role="outer"/>
  <member type="way" ref="233038835" role="outer"/>
  <member type="way" ref="1510529840" role="outer"/>
  <member type="way" ref="25552532" role="outer"/>
  <member type="way" ref="1239727486" role="outer"/>
  <member type="way" ref="1227009314" role="outer"/>
  <member type="way" ref="1087485235" role="outer"/>
  <member type="way" ref="1239727485" role="outer"/>
  <member type="way" ref="1194940232" role="outer"/>
  <member type="way" ref="233038886" role="outer"/>
  <member type="way" ref="1194940009" role="outer"/>
  <member type="way" ref="1239763411" role="outer"/>
  <member type="way" ref="1239763409" role="outer"/>
  <member type="way" ref="1194939960" role="outer"/>
  <member type="way" ref="1239763405" role="outer"/>
  <member type="way" ref="1194939711" role="outer"/>
  <member type="way" ref="1194939651" role="outer"/>
  <member type="way" ref="1239763403" role="outer"/>
  <member type="way" ref="1055111187" role="outer"/>
  <member type="way" ref="1239763402" role="outer"/>
  <member type="way" ref="418982891" role="outer"/>
  <member type="way" ref="1239763401" role="outer"/>
  <member type="way" ref="1239763396" role="outer"/>
  <member type="way" ref="238828407" role="outer"/>
  <member type="way" ref="1239763395" role="outer"/>
  <member type="way" ref="1055111186" role="outer"/>
  <member type="way" ref="1190245010" role="outer"/>
  <member type="way" ref="11292796" role="outer"/>
  <member type="way" ref="83714719" role="outer"/>
  <member type="way" ref="361769324" role="outer"/>
  <member type="way" ref="361769336" role="outer"/>
  <member type="way" ref="361769510" role="outer"/>
  <member type="way" ref="474728678" role="outer"/>
  <member type="way" ref="102785144" role="outer"/>
  <member type="way" ref="83543817" role="outer"/>
  <member type="way" ref="1071204739" role="outer"/>
  <member type="way" ref="133315507" role="outer"/>
  <member type="way" ref="361929411" role="outer"/>
  <member type="way" ref="1244511625" role="outer"/>
  <member type="way" ref="1244771449" role="outer"/>
  <member type="way" ref="1244771450" role="outer"/>
  <member type="way" ref="1244771451" role="outer"/>
  <member type="way" ref="1244771452" role="outer"/>
  <member type="way" ref="1244771453" role="outer"/>
  <member type="way" ref="1244771454" role="outer"/>
  <member type="way" ref="1244771455" role="outer"/>
  <member type="way" ref="1244771464" role="outer"/>
  <member type="way" ref="1244771463" role="outer"/>
  <member type="way" ref="1244511619" role="outer"/>
  <member type="way" ref="1244511621" role="outer"/>
  <member type="way" ref="1244511620" role="outer"/>
  <member type="way" ref="1244511622" role="outer"/>
  <member type="way" ref="1244511623" role="outer"/>
  <member type="way" ref="1244511624" role="outer"/>
  <member type="way" ref="1244511626" role="outer"/>
  <member type="way" ref="1247824310" role="outer"/>
  <member type="way" ref="1247824309" role="outer"/>
  <member type="way" ref="1247824305" role="outer"/>
  <member type="way" ref="1247824306" role="outer"/>
  <member type="way" ref="1247824304" role="outer"/>
  <member type="way" ref="1247824303" role="outer"/>
  <member type="way" ref="1247824302" role="outer"/>
  <member type="way" ref="1247824295" role="outer"/>
  <member type="way" ref="1247824301" role="outer"/>
  <member type="way" ref="1247824294" role="outer"/>
  <member type="way" ref="1247824296" role="outer"/>
  <member type="way" ref="11746482" role="outer"/>
  <member type="way" ref="46337966" role="outer"/>
  <member type="way" ref="11290230" role="outer"/>
  <member type="way" ref="1193815954" role="outer"/>
  <member type="way" ref="45510142" role="outer"/>
  <member type="way" ref="11290652" role="outer"/>
  <member type="way" ref="46337963" role="outer"/>
  <member type="way" ref="125338061" role="outer"/>
  <member type="way" ref="1226980977" role="outer"/>
  <member type="way" ref="1226980978" role="outer"/>
  <member type="way" ref="218245877" role="outer"/>
  <member type="way" ref="445813412" role="outer"/>
  <member type="way" ref="1226980979" role="outer"/>
  <member type="way" ref="218245873" role="outer"/>
  <member type="way" ref="550138078" role="outer"/>
  <member type="way" ref="125337432" role="outer"/>
  <member type="way" ref="218245874" role="outer"/>
  <member type="way" ref="218245878" role="outer"/>
  <member type="way" ref="218245876" role="outer"/>
  <member type="way" ref="218245875" role="outer"/>
  <member type="way" ref="10618939" role="outer"/>
  <member type="way" ref="10618943" role="outer"/>
  <member type="way" ref="1196013638" role="outer"/>
  <member type="way" ref="218245872" role="outer"/>
  <member type="way" ref="1196013637" role="outer"/>
  <member type="way" ref="84040588" role="outer"/>
  <member type="way" ref="1196013635" role="outer"/>
  <member type="way" ref="46337962" role="outer"/>
  <member type="way" ref="165304245" role="outer"/>
  <member type="way" ref="26319201" role="outer"/>
  <member type="way" ref="666468789" role="outer"/>
  <member type="way" ref="11531796" role="outer"/>
  <member type="way" ref="666468050" role="outer"/>
  <tag k="boundary" v="religious_administration"/>
  <tag k="denomination" v="russian_orthodox"/>
  <tag k="name" v="Сретенское благочиние"/>
  <tag k="name:uk" v="Стрітенське благочиння"/>
  <tag k="religion" v="christian"/>
  <tag k="religious_level" v="8"/>
  <tag k="type" v="boundary"/>
 </relation>
 <relation id="7690497" visible="true" version="57" changeset="182813737" timestamp="2026-05-18T06:31:15Z" user="solenoid jam" uid="10129333">
  <member type="way" ref="1244511625" role="outer"/>
  <member type="way" ref="1244771449" role="outer"/>
  <member type="way" ref="1244771450" role="outer"/>
  <member type="way" ref="1244771451" role="outer"/>
  <member type="way" ref="1244771452" role="outer"/>
  <member type="way" ref="1244771453" role="outer"/>
  <member type="way" ref="1244771454" role="outer"/>
  <member type="way" ref="1244771455" role="outer"/>
  <member type="way" ref="1244771464" role="outer"/>
  <member type="way" ref="1244771463" role="outer"/>
  <member type="way" ref="1244511619" role="outer"/>
  <member type="way" ref="1244511621" role="outer"/>
  <member type="way" ref="1244511620" role="outer"/>
  <member type="way" ref="1244511622" role="outer"/>
  <member type="way" ref="1244511623" role="outer"/>
  <member type="way" ref="1244511624" role="outer"/>
  <member type="way" ref="1244511626" role="outer"/>
  <member type="way" ref="1247824310" role="outer"/>
  <member type="way" ref="1247824309" role="outer"/>
  <member type="way" ref="1247824305" role="outer"/>
  <member type="way" ref="1247824306" role="outer"/>
  <member type="way" ref="1247824304" role="outer"/>
  <member type="way" ref="1247824303" role="outer"/>
  <member type="way" ref="1247824302" role="outer"/>
  <member type="way" ref="1247824295" role="outer"/>
  <member type="way" ref="1247824301" role="outer"/>
  <member type="way" ref="1247824294" role="outer"/>
  <member type="way" ref="1247824296" role="outer"/>
  <member type="way" ref="11746482" role="outer"/>
  <member type="way" ref="46337966" role="outer"/>
  <member type="way" ref="11290230" role="outer"/>
  <member type="way" ref="1193815954" role="outer"/>
  <member type="way" ref="45510142" role="outer"/>
  <member type="way" ref="11290652" role="outer"/>
  <member type="way" ref="46337963" role="outer"/>
  <member type="way" ref="125338061" role="outer"/>
  <member type="way" ref="1226980977" role="outer"/>
  <member type="way" ref="1226980978" role="outer"/>
  <member type="way" ref="218245877" role="outer"/>
  <member type="way" ref="445813412" role="outer"/>
  <member type="way" ref="1226980979" role="outer"/>
  <member type="way" ref="218245873" role="outer"/>
  <member type="way" ref="550138078" role="outer"/>
  <member type="way" ref="125337432" role="outer"/>
  <member type="way" ref="218245874" role="outer"/>
  <member type="way" ref="218245878" role="outer"/>
  <member type="way" ref="218245876" role="outer"/>
  <member type="way" ref="218245875" role="outer"/>
  <member type="way" ref="10618939" role="outer"/>
  <member type="way" ref="10618943" role="outer"/>
  <member type="way" ref="1196013638" role="outer"/>
  <member type="way" ref="218245872" role="outer"/>
  <member type="way" ref="1196013637" role="outer"/>
  <member type="way" ref="84040588" role="outer"/>
  <member type="way" ref="1196013635" role="outer"/>
  <member type="way" ref="46337962" role="outer"/>
  <member type="way" ref="165304245" role="outer"/>
  <member type="way" ref="26319201" role="outer"/>
  <member type="way" ref="666468789" role="outer"/>
  <member type="way" ref="11531796" role="outer"/>
  <member type="way" ref="666468050" role="outer"/>
  <member type="way" ref="11531831" role="outer"/>
  <member type="way" ref="80217851" role="outer"/>
  <member type="way" ref="1392324138" role="outer"/>
  <member type="way" ref="134585063" role="outer"/>
  <member type="way" ref="1150727610" role="outer"/>
  <member type="way" ref="189823633" role="outer"/>
  <member type="way" ref="750547119" role="outer"/>
  <member type="way" ref="1176296438" role="outer"/>
  <member type="way" ref="243106076" role="outer"/>
  <member type="way" ref="367514044" role="outer"/>
  <member type="way" ref="5169728" role="outer"/>
  <member type="way" ref="668691897" role="outer"/>
  <member type="way" ref="23412018" role="outer"/>
  <member type="way" ref="1176296435" role="outer"/>
  <member type="way" ref="670464451" role="outer"/>
  <member type="way" ref="670464453" role="outer"/>
  <member type="way" ref="99339087" role="outer"/>
  <member type="way" ref="25059224" role="outer"/>
  <member type="way" ref="47994627" role="outer"/>
  <member type="way" ref="23411905" role="outer"/>
  <member type="way" ref="22580628" role="outer"/>
  <member type="way" ref="677332590" role="outer"/>
  <member type="way" ref="179982146" role="outer"/>
  <member type="way" ref="179982153" role="outer"/>
  <member type="way" ref="449099012" role="outer"/>
  <member type="way" ref="84039112" role="outer"/>
  <member type="way" ref="1293951823" role="outer"/>
  <member type="way" ref="55334963" role="outer"/>
  <member type="way" ref="1293951822" role="outer"/>
  <member type="way" ref="37183615" role="outer"/>
  <member type="way" ref="84039120" role="outer"/>
  <member type="way" ref="84039106" role="outer"/>
  <member type="way" ref="127751042" role="outer"/>
  <member type="way" ref="127751046" role="outer"/>
  <member type="way" ref="312777194" role="outer"/>
  <member type="way" ref="313214069" role="outer"/>
  <member type="way" ref="157320082" role="outer"/>
  <member type="way" ref="1329959009" role="outer"/>
  <member type="way" ref="985114917" role="outer"/>
  <member type="way" ref="1338090660" role="outer"/>
  <member type="way" ref="157320079" role="outer"/>
  <member type="way" ref="1329959010" role="outer"/>
  <member type="way" ref="47967687" role="outer"/>
  <member type="way" ref="55939357" role="outer"/>
  <member type="way" ref="23680719" role="outer"/>
  <member type="way" ref="157320184" role="outer"/>
  <member type="way" ref="1073884734" role="outer"/>
  <member type="way" ref="1170990472" role="outer"/>
  <member type="way" ref="46521585" role="outer"/>
  <member type="way" ref="31960461" role="outer"/>
  <member type="way" ref="23129088" role="outer"/>
  <member type="way" ref="84039111" role="outer"/>
  <member type="way" ref="84039114" role="outer"/>
  <member type="way" ref="46421649" role="outer"/>
  <member type="way" ref="500498147" role="outer"/>
  <member type="way" ref="84039107" role="outer"/>
  <member type="way" ref="200915763" role="outer"/>
  <member type="way" ref="1515986472" role="outer"/>
  <member type="way" ref="84039102" role="outer"/>
  <member type="way" ref="1071201351" role="outer"/>
  <member type="way" ref="1071201350" role="outer"/>
  <member type="way" ref="955797894" role="outer"/>
  <member type="way" ref="1071201352" role="outer"/>
  <member type="way" ref="1071201353" role="outer"/>
  <member type="way" ref="1071222102" role="outer"/>
  <member type="way" ref="84488127" role="outer"/>
  <member type="way" ref="83535567" role="outer"/>
  <member type="way" ref="1071291404" role="outer"/>
  <member type="way" ref="361929411" role="outer"/>
  <tag k="boundary" v="religious_administration"/>
  <tag k="denomination" v="russian_orthodox"/>
  <tag k="name" v="Богоявленское благочиние"/>
  <tag k="name:uk" v="Богоявленське благочиння"/>
  <tag k="religion" v="christian"/>
  <tag k="religious_level" v="8"/>
  <tag k="type" v="boundary"/>
  <tag k="website" v="http://www.bogoyavlenskoe.ru/"/>
 </relation>
 <relation id="11620982" visible="true" version="22" changeset="141361414" timestamp="2023-09-16T23:04:43Z" user="traveleditor" uid="8726248">
  <member type="way" ref="847003960" role="line"/>
  <member type="way" ref="310504244" role="endpoint"/>
  <member type="relation" ref="7676742" role="endpoint"/>
  <tag k="circuits" v="2"/>
  <tag k="name" v="Красносельская - Мещанская 1,2"/>
  <tag k="name:uk" v="Красносільська - Міщанська 1,2"/>
  <tag k="power" v="circuit"/>
  <tag k="type" v="power"/>
  <tag k="voltage" v="220000"/>
 </relation>
 <relation id="11680373" visible="true" version="22" changeset="141361414" timestamp="2023-09-16T23:04:43Z" user="traveleditor" uid="8726248">
  <member type="way" ref="852171852" role="line"/>
  <member type="way" ref="87349443" role="endpoint"/>
  <member type="way" ref="1123528201" role="endpoint"/>
  <member type="relation" ref="14209006" role="endpoint"/>
  <tag k="circuits" v="2"/>
  <tag k="name" v="Елоховская - Рижская 1,2"/>
  <tag k="name:uk" v="Єлохівська - Ризька 1,2"/>
  <tag k="power" v="circuit"/>
  <tag k="type" v="power"/>
  <tag k="voltage" v="110000"/>
 </relation>
 <relation id="11680374" visible="true" version="21" changeset="141361414" timestamp="2023-09-16T23:04:43Z" user="traveleditor" uid="8726248">
  <member type="way" ref="852171855" role="line"/>
  <member type="way" ref="852171856" role="line"/>
  <member type="way" ref="852171854" role="line"/>
  <member type="way" ref="852171853" role="line"/>
  <member type="relation" ref="8718818" role="endpoint"/>
  <member type="relation" ref="14209006" role="endpoint"/>
  <tag k="circuits" v="2"/>
  <tag k="name" v="Самарская - Рижская 1,2"/>
  <tag k="name:uk" v="Самарська - Ризька 1,2"/>
  <tag k="power" v="circuit"/>
  <tag k="type" v="power"/>
  <tag k="voltage" v="110000"/>
 </relation>
 <relation id="12254745" visible="true" version="1" changeset="98449864" timestamp="2021-01-31T14:04:55Z" user="literan" uid="830106">
  <member type="way" ref="42377730" role="outer"/>
  <member type="way" ref="902273198" role="outer"/>
  <tag k="landuse" v="residential"/>
  <tag k="residential" v="urban"/>
  <tag k="type" v="multipolygon"/>
 </relation>
 <relation id="14209001" visible="true" version="2" changeset="146686482" timestamp="2024-01-25T19:57:39Z" user="literan" uid="830106">
  <member type="way" ref="1065839649" role="outer"/>
  <member type="way" ref="1065839650" role="outer"/>
  <member type="way" ref="1065839652" role="outer"/>
  <member type="way" ref="1065839663" role="outer"/>
  <member type="way" ref="1065839648" role="outer"/>
  <member type="way" ref="1242988096" role="outer"/>
  <member type="way" ref="1065839647" role="outer"/>
  <member type="way" ref="903570561" role="outer"/>
  <tag k="landuse" v="residential"/>
  <tag k="residential" v="urban"/>
  <tag k="type" v="multipolygon"/>
 </relation>
 <relation id="14209002" visible="true" version="4" changeset="165939596" timestamp="2025-05-07T13:42:07Z" user="Travieso" uid="5642897">
  <member type="way" ref="1065839649" role="outer"/>
  <member type="way" ref="1065839650" role="outer"/>
  <member type="way" ref="1065839653" role="outer"/>
  <member type="way" ref="1065839665" role="outer"/>
  <member type="way" ref="172839662" role="outer"/>
  <tag k="addr:housenumber" v="12"/>
  <tag k="addr:street" v="Большая Переяславская улица"/>
  <tag k="building" v="office"/>
  <tag k="building:levels" v="3"/>
  <tag k="type" v="multipolygon"/>
 </relation>
 <relation id="14209004" visible="true" version="1" changeset="121805647" timestamp="2022-06-01T10:38:01Z" user="literan" uid="830106">
  <member type="way" ref="1065839654" role="outer"/>
  <member type="way" ref="1065839676" role="outer"/>
  <member type="way" ref="1065839648" role="outer"/>
  <member type="way" ref="1065839661" role="outer"/>
  <member type="way" ref="1065839675" role="outer"/>
  <member type="way" ref="1065839657" role="outer"/>
  <member type="way" ref="1065839658" role="outer"/>
  <member type="way" ref="1065839689" role="outer"/>
  <member type="way" ref="1065839656" role="outer"/>
  <tag k="landuse" v="commercial"/>
  <tag k="type" v="multipolygon"/>
 </relation>
 <relation id="14209005" visible="true" version="7" changeset="166063775" timestamp="2025-05-10T10:54:06Z" user="literan" uid="830106">
  <member type="way" ref="1065839654" role="outer"/>
  <member type="way" ref="52462375" role="outer"/>
  <tag k="addr:housenumber" v="14 с1"/>
  <tag k="addr:street" v="Большая Переяславская улица"/>
  <tag k="building" v="commercial"/>
  <tag k="building:levels" v="4"/>
  <tag k="roof:shape" v="pyramidal"/>
  <tag k="type" v="multipolygon"/>
 </relation>
 <relation id="14209006" visible="true" version="20" changeset="141361414" timestamp="2023-09-16T23:04:43Z" user="traveleditor" uid="8726248">
  <member type="way" ref="1065839663" role="outer"/>
  <member type="way" ref="42377739" role="outer"/>
  <member type="way" ref="1065839657" role="outer"/>
  <member type="way" ref="1065839675" role="outer"/>
  <member type="way" ref="1065839661" role="outer"/>
  <member type="way" ref="1065839652" role="outer"/>
  <member type="way" ref="1065839650" role="outer"/>
  <member type="way" ref="1065839649" role="outer"/>
  <member type="way" ref="172839662" role="outer"/>
  <member type="way" ref="1065839665" role="outer"/>
  <tag k="location" v="indoor"/>
  <tag k="name" v="Рижская"/>
  <tag k="name:uk" v="Ризька"/>
  <tag k="official_short_type" v="ПС"/>
  <tag k="operator" v="ПАО «МОЭСК»"/>
  <tag k="power" v="substation"/>
  <tag k="ref" v="682"/>
  <tag k="substation" v="distribution"/>
  <tag k="type" v="multipolygon"/>
  <tag k="voltage" v="110000;10000"/>
 </relation>
 <relation id="14209007" visible="true" version="2" changeset="146882843" timestamp="2024-01-30T23:20:29Z" user="Fantomas" uid="478018">
  <member type="way" ref="42377739" role="outer"/>
  <member type="way" ref="1065839657" role="outer"/>
  <member type="way" ref="1065839662" role="outer"/>
  <member type="way" ref="1065839653" role="outer"/>
  <member type="way" ref="1065839652" role="outer"/>
  <tag k="addr:housenumber" v="29 с1"/>
  <tag k="addr:street" v="Большая Переяславская улица"/>
  <tag k="building" v="industrial"/>
  <tag k="type" v="multipolygon"/>
 </relation>
 <relation id="15547050" visible="true" version="75" changeset="183011388" timestamp="2026-05-22T08:55:02Z" user="Максим Баранаускас" uid="23926472">
  <member type="node" ref="1446867060" role="stop_entry_only"/>
  <member type="node" ref="1679410518" role="platform_entry_only"/>
  <member type="node" ref="13381080649" role="stop"/>
  <member type="node" ref="13381080650" role="platform"/>
  <member type="node" ref="1383980929" role="stop"/>
  <member type="node" ref="1383980930" role="platform"/>
  <member type="node" ref="1383980943" role="stop"/>
  <member type="node" ref="1383980940" role="platform"/>
  <member type="node" ref="1383980913" role="stop"/>
  <member type="node" ref="1383980912" role="platform"/>
  <member type="node" ref="1383980947" role="stop"/>
  <member type="node" ref="1383980945" role="platform"/>
  <member type="node" ref="1383980951" role="stop"/>
  <member type="node" ref="1383980949" role="platform"/>
  <member type="node" ref="1383980938" role="stop"/>
  <member type="node" ref="1383980935" role="platform"/>
  <member type="node" ref="10702681745" role="stop"/>
  <member type="node" ref="2218406252" role="platform"/>
  <member type="node" ref="1384954503" role="stop"/>
  <member type="node" ref="1041075237" role="platform"/>
  <member type="node" ref="1384954517" role="stop"/>
  <member type="node" ref="1041076204" role="platform"/>
  <member type="node" ref="1384954483" role="stop"/>
  <member type="node" ref="1384954488" role="platform"/>
  <member type="node" ref="10704072292" role="stop"/>
  <member type="node" ref="1073098479" role="platform"/>
  <member type="node" ref="10703241130" role="stop"/>
  <member type="node" ref="620581587" role="platform"/>
  <member type="node" ref="10703241129" role="stop"/>
  <member type="node" ref="1463920943" role="platform"/>
  <member type="node" ref="10703241126" role="stop"/>
  <member type="node" ref="1245294265" role="platform"/>
  <member type="node" ref="13145540784" role="stop"/>
  <member type="node" ref="13145540718" role="platform"/>
  <member type="node" ref="13145540757" role="stop"/>
  <member type="node" ref="13125509309" role="platform"/>
  <member type="node" ref="6586137669" role="stop"/>
  <member type="node" ref="3279123202" role="platform"/>
  <member type="node" ref="6586137670" role="stop"/>
  <member type="node" ref="3279123204" role="platform"/>
  <member type="node" ref="4261845487" role="stop"/>
  <member type="node" ref="3279123205" role="platform"/>
  <member type="node" ref="4261845473" role="stop"/>
  <member type="node" ref="3279123203" role="platform"/>
  <member type="node" ref="5218164206" role="stop"/>
  <member type="node" ref="3279123200" role="platform"/>
  <member type="node" ref="10704072290" role="stop"/>
  <member type="node" ref="3279123201" role="platform"/>
  <member type="node" ref="4261845443" role="stop"/>
  <member type="node" ref="3279123199" role="platform"/>
  <member type="node" ref="4261845498" role="stop"/>
  <member type="node" ref="3279123206" role="platform"/>
  <member type="node" ref="1370928723" role="stop"/>
  <member type="node" ref="1370928713" role="platform"/>
  <member type="node" ref="4108850979" role="stop"/>
  <member type="node" ref="1032423335" role="platform"/>
  <member type="node" ref="935680944" role="stop"/>
  <member type="node" ref="1054223021" role="platform"/>
  <member type="node" ref="992037020" role="stop"/>
  <member type="node" ref="1855821596" role="platform"/>
  <member type="node" ref="4261845495" role="stop"/>
  <member type="node" ref="979290947" role="platform"/>
  <member type="node" ref="4261845463" role="stop"/>
  <member type="node" ref="979294598" role="platform"/>
  <member type="node" ref="4261845501" role="stop"/>
  <member type="node" ref="2275151158" role="platform"/>
  <member type="node" ref="4187713217" role="stop"/>
  <member type="node" ref="979339889" role="platform"/>
  <member type="node" ref="4152311211" role="stop"/>
  <member type="node" ref="287393687" role="platform"/>
  <member type="node" ref="4152311242" role="stop"/>
  <member type="node" ref="1119173095" role="platform"/>
  <member type="node" ref="4261845500" role="stop"/>
  <member type="node" ref="4261845499" role="platform"/>
  <member type="node" ref="4152311229" role="stop"/>
  <member type="node" ref="797701843" role="platform"/>
  <member type="node" ref="11346204058" role="stop_exit_only"/>
  <member type="node" ref="11346204059" role="platform_exit_only"/>
  <member type="way" ref="446445040" role=""/>
  <member type="way" ref="1196035417" role=""/>
  <member type="way" ref="606183652" role=""/>
  <member type="way" ref="23189323" role=""/>
  <member type="way" ref="1196052347" role=""/>
  <member type="way" ref="1196052346" role=""/>
  <member type="way" ref="75295855" role=""/>
  <member type="way" ref="149741668" role=""/>
  <member type="way" ref="95843689" role=""/>
  <member type="way" ref="120672241" role=""/>
  <member type="way" ref="438414936" role=""/>
  <member type="way" ref="95843687" role=""/>
  <member type="way" ref="120672244" role=""/>
  <member type="way" ref="438414937" role=""/>
  <member type="way" ref="74915640" role=""/>
  <member type="way" ref="1196053708" role=""/>
  <member type="way" ref="1196053707" role=""/>
  <member type="way" ref="74915662" role=""/>
  <member type="way" ref="23404508" role=""/>
  <member type="way" ref="1057222666" role=""/>
  <member type="way" ref="418095345" role=""/>
  <member type="way" ref="478144129" role=""/>
  <member type="way" ref="1424977896" role=""/>
  <member type="way" ref="53357484" role=""/>
  <member type="way" ref="1150533803" role=""/>
  <member type="way" ref="1424977897" role=""/>
  <member type="way" ref="38573815" role=""/>
  <member type="way" ref="1100785696" role=""/>
  <member type="way" ref="1100785710" role=""/>
  <member type="way" ref="1100785695" role=""/>
  <member type="way" ref="1100785713" role=""/>
  <member type="way" ref="1086750524" role=""/>
  <member type="way" ref="48582152" role=""/>
  <member type="way" ref="1099993059" role=""/>
  <member type="way" ref="1099993033" role=""/>
  <member type="way" ref="1099993032" role=""/>
  <member type="way" ref="1099993031" role=""/>
  <member type="way" ref="1083419895" role=""/>
  <member type="way" ref="165542738" role=""/>
  <member type="way" ref="165542731" role=""/>
  <member type="way" ref="747193853" role=""/>
  <member type="way" ref="176075871" role=""/>
  <member type="way" ref="176075870" role=""/>
  <member type="way" ref="123459644" role=""/>
  <member type="way" ref="165542758" role=""/>
  <member type="way" ref="176075885" role=""/>
  <member type="way" ref="126463259" role=""/>
  <member type="way" ref="425563005" role=""/>
  <member type="way" ref="176075886" role=""/>
  <member type="way" ref="1211777338" role=""/>
  <member type="way" ref="1211777337" role=""/>
  <member type="way" ref="89183510" role=""/>
  <member type="way" ref="1211862000" role=""/>
  <member type="way" ref="1211861999" role=""/>
  <member type="way" ref="1150863983" role=""/>
  <member type="way" ref="424046506" role=""/>
  <member type="way" ref="1411071548" role=""/>
  <member type="way" ref="761482978" role=""/>
  <member type="way" ref="1150689276" role=""/>
  <member type="way" ref="48649340" role=""/>
  <member type="way" ref="1150533798" role=""/>
  <member type="way" ref="133735871" role=""/>
  <member type="way" ref="1150490371" role=""/>
  <member type="way" ref="55942798" role=""/>
  <member type="way" ref="8118468" role=""/>
  <member type="way" ref="1518643893" role=""/>
  <member type="way" ref="83008406" role=""/>
  <member type="way" ref="133037028" role=""/>
  <member type="way" ref="352519981" role=""/>
  <member type="way" ref="573724109" role=""/>
  <member type="way" ref="570746240" role=""/>
  <member type="way" ref="8118457" role=""/>
  <member type="way" ref="45791145" role=""/>
  <member type="way" ref="864762903" role=""/>
  <member type="way" ref="44952166" role=""/>
  <member type="way" ref="1249296638" role=""/>
  <member type="way" ref="1249296637" role=""/>
  <member type="way" ref="1249296636" role=""/>
  <member type="way" ref="301160865" role=""/>
  <member type="way" ref="301160866" role=""/>
  <member type="way" ref="301160867" role=""/>
  <member type="way" ref="1249296635" role=""/>
  <member type="way" ref="1249296633" role=""/>
  <member type="way" ref="1430068548" role=""/>
  <member type="way" ref="1430068550" role=""/>
  <member type="way" ref="1430068545" role=""/>
  <member type="way" ref="1430068552" role=""/>
  <member type="way" ref="1430068544" role=""/>
  <member type="way" ref="1241459719" role=""/>
  <member type="way" ref="1241459718" role=""/>
  <member type="way" ref="1248159783" role=""/>
  <member type="way" ref="11290469" role=""/>
  <member type="way" ref="1248159784" role=""/>
  <member type="way" ref="1248159786" role=""/>
  <member type="way" ref="1248159785" role=""/>
  <member type="way" ref="1248159782" role=""/>
  <member type="way" ref="44721908" role=""/>
  <member type="way" ref="1248159780" role=""/>
  <member type="way" ref="44721854" role=""/>
  <member type="way" ref="1241216164" role=""/>
  <member type="way" ref="1248159781" role=""/>
  <member type="way" ref="1241216165" role=""/>
  <member type="way" ref="44721907" role=""/>
  <member type="way" ref="1248159779" role=""/>
  <member type="way" ref="1248159778" role=""/>
  <member type="way" ref="1241216166" role=""/>
  <member type="way" ref="1248159777" role=""/>
  <member type="way" ref="1241216168" role=""/>
  <member type="way" ref="1240629741" role=""/>
  <member type="way" ref="1240629738" role=""/>
  <member type="way" ref="1240629733" role=""/>
  <member type="way" ref="1240629732" role=""/>
  <member type="way" ref="1240629731" role=""/>
  <member type="way" ref="30472235" role=""/>
  <member type="way" ref="1240629739" role=""/>
  <member type="way" ref="1240629742" role=""/>
  <member type="way" ref="1240629740" role=""/>
  <member type="way" ref="1240629743" role=""/>
  <member type="way" ref="1240629745" role=""/>
  <member type="way" ref="1240629744" role=""/>
  <member type="way" ref="1240629746" role=""/>
  <member type="way" ref="1240629747" role=""/>
  <member type="way" ref="1240629749" role=""/>
  <member type="way" ref="1240629748" role=""/>
  <member type="way" ref="46762685" role=""/>
  <member type="way" ref="875902086" role=""/>
  <member type="way" ref="875902087" role=""/>
  <member type="way" ref="218245859" role=""/>
  <member type="way" ref="218245863" role=""/>
  <member type="way" ref="38901592" role=""/>
  <member type="way" ref="511055132" role=""/>
  <member type="way" ref="38901591" role=""/>
  <member type="way" ref="88967060" role=""/>
  <member type="way" ref="229837287" role=""/>
  <member type="way" ref="126463248" role=""/>
  <member type="way" ref="218245870" role=""/>
  <member type="way" ref="12526350" role=""/>
  <member type="way" ref="156362689" role=""/>
  <member type="way" ref="218245861" role=""/>
  <member type="way" ref="218245871" role=""/>
  <member type="way" ref="218245866" role=""/>
  <member type="way" ref="71912542" role=""/>
  <member type="way" ref="90795714" role=""/>
  <member type="way" ref="91220545" role=""/>
  <member type="way" ref="1151649182" role=""/>
  <member type="way" ref="218245869" role=""/>
  <member type="way" ref="174946120" role=""/>
  <member type="way" ref="218245867" role=""/>
  <member type="way" ref="86545157" role=""/>
  <member type="way" ref="1292853595" role=""/>
  <member type="way" ref="218245865" role=""/>
  <member type="way" ref="156362698" role=""/>
  <member type="way" ref="1292853594" role=""/>
  <member type="way" ref="78546685" role=""/>
  <member type="way" ref="1292853592" role=""/>
  <member type="way" ref="1292853593" role=""/>
  <member type="way" ref="68104639" role=""/>
  <member type="way" ref="1292853591" role=""/>
  <member type="way" ref="80217412" role=""/>
  <member type="way" ref="96841158" role=""/>
  <member type="way" ref="418095351" role=""/>
  <member type="way" ref="418339121" role=""/>
  <member type="way" ref="91215557" role=""/>
  <member type="way" ref="438480907" role=""/>
  <member type="way" ref="30379585" role=""/>
  <member type="way" ref="82874880" role=""/>
  <member type="way" ref="418339122" role=""/>
  <member type="way" ref="1165055123" role=""/>
  <member type="way" ref="30379587" role=""/>
  <member type="way" ref="1188191068" role=""/>
  <member type="way" ref="1188191069" role=""/>
  <member type="way" ref="1188191067" role=""/>
  <member type="way" ref="56158961" role=""/>
  <member type="way" ref="1188191070" role=""/>
  <member type="way" ref="78543037" role=""/>
  <member type="way" ref="607148190" role=""/>
  <member type="way" ref="607148189" role=""/>
  <member type="way" ref="448634441" role=""/>
  <member type="way" ref="70769231" role=""/>
  <member type="way" ref="172892543" role=""/>
  <member type="way" ref="23016209" role=""/>
  <member type="way" ref="156362667" role=""/>
  <member type="way" ref="448634446" role=""/>
  <member type="way" ref="448634447" role=""/>
  <member type="way" ref="49499304" role=""/>
  <member type="way" ref="1223194805" role=""/>
  <member type="way" ref="1223194804" role=""/>
  <member type="way" ref="1223136955" role=""/>
  <member type="way" ref="1223194810" role=""/>
  <member type="way" ref="1223194806" role=""/>
  <tag k="air_conditioning" v="yes"/>
  <tag k="bicycle" v="yes"/>
  <tag k="blind" v="limited"/>
  <tag k="bus_class:length" v="4"/>
  <tag k="charge:all-in-one" v="90 RUB"/>
  <tag k="charge:cards" v="83 RUB"/>
  <tag k="charge:sbp" v="83 RUB"/>
  <tag k="charge:troika" v="75 RUB"/>
  <tag k="charge:troika_qr" v="75 RUB"/>
  <tag k="check_date" v="2025-12-16"/>
  <tag k="colour" v="#c2e6ff"/>
  <tag k="deaf" v="yes"/>
  <tag k="description" v="Маршрут обслуживается электробусами"/>
  <tag k="electric_bus" v="yes"/>
  <tag k="electric_bus:type" v="OC"/>
  <tag k="fee" v="yes"/>
  <tag k="fine:ticketless" v="5000 RUB"/>
  <tag k="from" v="Метро «Семёновская»"/>
  <tag k="name" v="Автобус 604: Метро «Семёновская» =&gt; МЦК Ростокино"/>
  <tag k="network" v="Московский транспорт"/>
  <tag k="operator" v="ГУП «Мосгортранс»"/>
  <tag k="payment:cards" v="yes"/>
  <tag k="payment:cash" v="no"/>
  <tag k="payment:contactless" v="yes"/>
  <tag k="payment:maestro" v="no"/>
  <tag k="payment:mastercard" v="no"/>
  <tag k="payment:mir" v="yes"/>
  <tag k="payment:nfc" v="yes"/>
  <tag k="payment:podorozhnik" v="no"/>
  <tag k="payment:sbp" v="yes"/>
  <tag k="payment:social_cards" v="yes"/>
  <tag k="payment:strelka" v="no"/>
  <tag k="payment:troika" v="yes"/>
  <tag k="payment:visa" v="no"/>
  <tag k="public_transport:version" v="2"/>
  <tag k="ref" v="604"/>
  <tag k="route" v="bus"/>
  <tag k="source" v="Реестр маршрутов города Москвы"/>
  <tag k="source:description" v="https://mosgortrans.ru/electrobus/map/"/>
  <tag k="to" v="МЦК Ростокино"/>
  <tag k="type" v="route"/>
  <tag k="website" v="https://transport.mos.ru/transport/schedule/route/141508557"/>
  <tag k="wheelchair" v="yes"/>
 </relation>
 <relation id="15547053" visible="true" version="72" changeset="182856294" timestamp="2026-05-19T00:30:16Z" user="89r" uid="12117593">
  <member type="node" ref="11346204056" role="stop_entry_only"/>
  <member type="node" ref="11346204057" role="platform_entry_only"/>
  <member type="node" ref="4152311229" role="stop"/>
  <member type="node" ref="797701843" role="platform"/>
  <member type="node" ref="4261845479" role="stop"/>
  <member type="node" ref="4152311221" role="platform"/>
  <member type="node" ref="4261845492" role="stop"/>
  <member type="node" ref="2319482621" role="platform"/>
  <member type="node" ref="2383808982" role="stop"/>
  <member type="node" ref="1668346660" role="platform"/>
  <member type="node" ref="4261845502" role="stop"/>
  <member type="node" ref="4261845503" role="platform"/>
  <member type="node" ref="4108855591" role="stop"/>
  <member type="node" ref="942823913" role="platform"/>
  <member type="node" ref="4229125601" role="stop"/>
  <member type="node" ref="892552467" role="platform"/>
  <member type="node" ref="4203448054" role="stop"/>
  <member type="node" ref="2820048090" role="platform"/>
  <member type="node" ref="4261845464" role="stop"/>
  <member type="node" ref="1860382175" role="platform"/>
  <member type="node" ref="4261845494" role="stop"/>
  <member type="node" ref="1860382179" role="platform"/>
  <member type="node" ref="2383808969" role="stop"/>
  <member type="node" ref="1855821591" role="platform"/>
  <member type="node" ref="4261845472" role="stop"/>
  <member type="node" ref="1860382178" role="platform"/>
  <member type="node" ref="4261845461" role="stop"/>
  <member type="node" ref="4261845460" role="platform"/>
  <member type="node" ref="4261845489" role="stop"/>
  <member type="node" ref="496236333" role="platform"/>
  <member type="node" ref="4261846222" role="stop"/>
  <member type="node" ref="4261846221" role="platform"/>
  <member type="node" ref="4261845497" role="stop"/>
  <member type="node" ref="4261845496" role="platform"/>
  <member type="node" ref="4261845442" role="stop"/>
  <member type="node" ref="3215631291" role="platform"/>
  <member type="node" ref="1065870777" role="stop"/>
  <member type="node" ref="496244013" role="platform"/>
  <member type="node" ref="4261845476" role="stop"/>
  <member type="node" ref="3881750306" role="platform"/>
  <member type="node" ref="4261845475" role="stop"/>
  <member type="node" ref="4261845474" role="platform"/>
  <member type="node" ref="4261845486" role="stop"/>
  <member type="node" ref="4261845485" role="platform"/>
  <member type="node" ref="4261845445" role="stop"/>
  <member type="node" ref="4261845444" role="platform"/>
  <member type="node" ref="4261845454" role="stop"/>
  <member type="node" ref="4261845453" role="platform"/>
  <member type="node" ref="13145540719" role="stop"/>
  <member type="node" ref="13125509281" role="platform"/>
  <member type="node" ref="13145540782" role="stop"/>
  <member type="node" ref="13145540717" role="platform"/>
  <member type="node" ref="10703241124" role="stop"/>
  <member type="node" ref="1463920944" role="platform"/>
  <member type="node" ref="10703241127" role="stop"/>
  <member type="node" ref="2218406248" role="platform"/>
  <member type="node" ref="10703241128" role="stop"/>
  <member type="node" ref="1463920941" role="platform"/>
  <member type="node" ref="3599958538" role="stop"/>
  <member type="node" ref="12265898267" role="platform"/>
  <member type="node" ref="1370928724" role="stop"/>
  <member type="node" ref="1073098477" role="platform"/>
  <member type="node" ref="1370928622" role="stop"/>
  <member type="node" ref="1370928619" role="platform"/>
  <member type="node" ref="1370928748" role="stop"/>
  <member type="node" ref="1041076208" role="platform"/>
  <member type="node" ref="1370928646" role="stop"/>
  <member type="node" ref="1041075231" role="platform"/>
  <member type="node" ref="1373930819" role="stop"/>
  <member type="node" ref="1373930820" role="platform"/>
  <member type="node" ref="1373930842" role="stop"/>
  <member type="node" ref="1373930845" role="platform"/>
  <member type="node" ref="1373930852" role="stop"/>
  <member type="node" ref="1373930859" role="platform"/>
  <member type="node" ref="1373930877" role="stop"/>
  <member type="node" ref="1373930878" role="platform"/>
  <member type="node" ref="253088131" role="stop"/>
  <member type="node" ref="1373930818" role="platform"/>
  <member type="node" ref="253088138" role="stop"/>
  <member type="node" ref="1373930874" role="platform"/>
  <member type="node" ref="1775863799" role="stop"/>
  <member type="node" ref="1373930829" role="platform"/>
  <member type="node" ref="1267959953" role="stop"/>
  <member type="node" ref="1373930809" role="platform"/>
  <member type="node" ref="10702681750" role="stop"/>
  <member type="node" ref="1464151973" role="platform"/>
  <member type="node" ref="13261427125" role="stop_exit_only"/>
  <member type="node" ref="13261427126" role="platform_exit_only"/>
  <member type="way" ref="982431400" role=""/>
  <member type="way" ref="1223194804" role=""/>
  <member type="way" ref="1223194801" role=""/>
  <member type="way" ref="8993873" role=""/>
  <member type="way" ref="91730007" role=""/>
  <member type="way" ref="24487928" role=""/>
  <member type="way" ref="721828762" role=""/>
  <member type="way" ref="71919341" role=""/>
  <member type="way" ref="1315191045" role=""/>
  <member type="way" ref="1315137762" role=""/>
  <member type="way" ref="1315191044" role=""/>
  <member type="way" ref="1315191043" role=""/>
  <member type="way" ref="1315191042" role=""/>
  <member type="way" ref="721828760" role=""/>
  <member type="way" ref="1315191041" role=""/>
  <member type="way" ref="71919342" role=""/>
  <member type="way" ref="1315191039" role=""/>
  <member type="way" ref="1315191038" role=""/>
  <member type="way" ref="1084174744" role=""/>
  <member type="way" ref="402923802" role=""/>
  <member type="way" ref="448634445" role=""/>
  <member type="way" ref="49854364" role=""/>
  <member type="way" ref="49854365" role=""/>
  <member type="way" ref="49854363" role=""/>
  <member type="way" ref="23016210" role=""/>
  <member type="way" ref="156362682" role=""/>
  <member type="way" ref="1153252705" role=""/>
  <member type="way" ref="1153252706" role=""/>
  <member type="way" ref="1153252703" role=""/>
  <member type="way" ref="46259825" role=""/>
  <member type="way" ref="70769259" role=""/>
  <member type="way" ref="345487980" role=""/>
  <member type="way" ref="68104643" role=""/>
  <member type="way" ref="408992422" role=""/>
  <member type="way" ref="423234153" role=""/>
  <member type="way" ref="423234152" role=""/>
  <member type="way" ref="423234157" role=""/>
  <member type="way" ref="1155422185" role=""/>
  <member type="way" ref="655099948" role=""/>
  <member type="way" ref="96841151" role=""/>
  <member type="way" ref="1291996249" role=""/>
  <member type="way" ref="424212143" role=""/>
  <member type="way" ref="1292853615" role=""/>
  <member type="way" ref="1292853613" role=""/>
  <member type="way" ref="1292853614" role=""/>
  <member type="way" ref="1292853612" role=""/>
  <member type="way" ref="80217413" role=""/>
  <member type="way" ref="1292853611" role=""/>
  <member type="way" ref="1292853602" role=""/>
  <member type="way" ref="1292853601" role=""/>
  <member type="way" ref="1292853600" role=""/>
  <member type="way" ref="1292853598" role=""/>
  <member type="way" ref="1292853599" role=""/>
  <member type="way" ref="1292853597" role=""/>
  <member type="way" ref="1292853596" role=""/>
  <member type="way" ref="70769240" role=""/>
  <member type="way" ref="71912543" role=""/>
  <member type="way" ref="424210187" role=""/>
  <member type="way" ref="23016323" role=""/>
  <member type="way" ref="398700595" role=""/>
  <member type="way" ref="156362679" role=""/>
  <member type="way" ref="361770737" role=""/>
  <member type="way" ref="1434437593" role=""/>
  <member type="way" ref="30472240" role=""/>
  <member type="way" ref="156362685" role=""/>
  <member type="way" ref="30472241" role=""/>
  <member type="way" ref="196281472" role=""/>
  <member type="way" ref="196281471" role=""/>
  <member type="way" ref="192230498" role=""/>
  <member type="way" ref="91716899" role=""/>
  <member type="way" ref="1247337308" role=""/>
  <member type="way" ref="761343439" role=""/>
  <member type="way" ref="1247337307" role=""/>
  <member type="way" ref="1247337306" role=""/>
  <member type="way" ref="1247337305" role=""/>
  <member type="way" ref="1247337303" role=""/>
  <member type="way" ref="1247337302" role=""/>
  <member type="way" ref="1247337301" role=""/>
  <member type="way" ref="539233559" role=""/>
  <member type="way" ref="1247337299" role=""/>
  <member type="way" ref="1247337296" role=""/>
  <member type="way" ref="1247337300" role=""/>
  <member type="way" ref="1247337295" role=""/>
  <member type="way" ref="761343438" role=""/>
  <member type="way" ref="1241480039" role=""/>
  <member type="way" ref="384819982" role=""/>
  <member type="way" ref="1241216165" role=""/>
  <member type="way" ref="1248159781" role=""/>
  <member type="way" ref="1241216164" role=""/>
  <member type="way" ref="44721854" role=""/>
  <member type="way" ref="1248159780" role=""/>
  <member type="way" ref="44721908" role=""/>
  <member type="way" ref="1248159782" role=""/>
  <member type="way" ref="1248159785" role=""/>
  <member type="way" ref="1248159786" role=""/>
  <member type="way" ref="1248159784" role=""/>
  <member type="way" ref="11290469" role=""/>
  <member type="way" ref="1248159783" role=""/>
  <member type="way" ref="1241459718" role=""/>
  <member type="way" ref="1241459719" role=""/>
  <member type="way" ref="1430068544" role=""/>
  <member type="way" ref="1427757287" role=""/>
  <member type="way" ref="1430068532" role=""/>
  <member type="way" ref="1430068534" role=""/>
  <member type="way" ref="1430068542" role=""/>
  <member type="way" ref="1430068543" role=""/>
  <member type="way" ref="1430068545" role=""/>
  <member type="way" ref="1430068549" role=""/>
  <member type="way" ref="1431650106" role=""/>
  <member type="way" ref="1430068547" role=""/>
  <member type="way" ref="1233066209" role=""/>
  <member type="way" ref="8110141" role=""/>
  <member type="way" ref="1233066208" role=""/>
  <member type="way" ref="1046808287" role=""/>
  <member type="way" ref="681051252" role=""/>
  <member type="way" ref="1431650107" role=""/>
  <member type="way" ref="1178327745" role=""/>
  <member type="way" ref="1178327746" role=""/>
  <member type="way" ref="1233066207" role=""/>
  <member type="way" ref="1233066206" role=""/>
  <member type="way" ref="1233066202" role=""/>
  <member type="way" ref="33814283" role=""/>
  <member type="way" ref="570747719" role=""/>
  <member type="way" ref="8110201" role=""/>
  <member type="way" ref="45878756" role=""/>
  <member type="way" ref="44952168" role=""/>
  <member type="way" ref="352519977" role=""/>
  <member type="way" ref="1430212428" role=""/>
  <member type="way" ref="352519980" role=""/>
  <member type="way" ref="133037026" role=""/>
  <member type="way" ref="8110502" role=""/>
  <member type="way" ref="1150533799" role=""/>
  <member type="way" ref="126463250" role=""/>
  <member type="way" ref="1150689275" role=""/>
  <member type="way" ref="1419034047" role=""/>
  <member type="way" ref="165542757" role=""/>
  <member type="way" ref="862318053" role=""/>
  <member type="way" ref="1419034045" role=""/>
  <member type="way" ref="1211777334" role=""/>
  <member type="way" ref="1419034042" role=""/>
  <member type="way" ref="424046505" role=""/>
  <member type="way" ref="1211777339" role=""/>
  <member type="way" ref="1211777336" role=""/>
  <member type="way" ref="1292117102" role=""/>
  <member type="way" ref="424046503" role=""/>
  <member type="way" ref="1211777335" role=""/>
  <member type="way" ref="425563006" role=""/>
  <member type="way" ref="290605028" role=""/>
  <member type="way" ref="8110505" role=""/>
  <member type="way" ref="176075868" role=""/>
  <member type="way" ref="165542732" role=""/>
  <member type="way" ref="126463247" role=""/>
  <member type="way" ref="1516692567" role=""/>
  <member type="way" ref="1083419895" role=""/>
  <member type="way" ref="1099993031" role=""/>
  <member type="way" ref="1099993032" role=""/>
  <member type="way" ref="1099993033" role=""/>
  <member type="way" ref="1099993059" role=""/>
  <member type="way" ref="48582152" role=""/>
  <member type="way" ref="1086750524" role=""/>
  <member type="way" ref="1100785713" role=""/>
  <member type="way" ref="1100785695" role=""/>
  <member type="way" ref="1100785710" role=""/>
  <member type="way" ref="1100785696" role=""/>
  <member type="way" ref="38573815" role=""/>
  <member type="way" ref="1424977897" role=""/>
  <member type="way" ref="1150533803" role=""/>
  <member type="way" ref="53357484" role=""/>
  <member type="way" ref="1424977896" role=""/>
  <member type="way" ref="478144129" role=""/>
  <member type="way" ref="418095345" role=""/>
  <member type="way" ref="1057222666" role=""/>
  <member type="way" ref="1017355388" role=""/>
  <member type="way" ref="45527088" role=""/>
  <member type="way" ref="1150543934" role=""/>
  <member type="way" ref="74915640" role=""/>
  <member type="way" ref="438414937" role=""/>
  <member type="way" ref="120672244" role=""/>
  <member type="way" ref="95843687" role=""/>
  <member type="way" ref="438414936" role=""/>
  <member type="way" ref="120672241" role=""/>
  <member type="way" ref="95843689" role=""/>
  <member type="way" ref="149741668" role=""/>
  <member type="way" ref="75295859" role=""/>
  <member type="way" ref="1013189686" role=""/>
  <member type="way" ref="438414938" role=""/>
  <member type="way" ref="761482974" role=""/>
  <member type="way" ref="45527089" role=""/>
  <member type="way" ref="1196035404" role=""/>
  <member type="way" ref="45527095" role=""/>
  <member type="way" ref="93663126" role=""/>
  <member type="way" ref="45527096" role=""/>
  <member type="way" ref="25304763" role=""/>
  <member type="way" ref="1091939858" role=""/>
  <member type="way" ref="323722740" role=""/>
  <member type="way" ref="606177647" role=""/>
  <member type="way" ref="698983819" role=""/>
  <member type="way" ref="606178369" role=""/>
  <member type="way" ref="103305165" role=""/>
  <tag k="air_conditioning" v="yes"/>
  <tag k="bicycle" v="yes"/>
  <tag k="blind" v="limited"/>
  <tag k="bus_class:length" v="4"/>
  <tag k="charge:all-in-one" v="90 RUB"/>
  <tag k="charge:cards" v="83 RUB"/>
  <tag k="charge:sbp" v="83 RUB"/>
  <tag k="charge:troika" v="75 RUB"/>
  <tag k="charge:troika_qr" v="75 RUB"/>
  <tag k="check_date" v="2025-12-16"/>
  <tag k="colour" v="#c2e6ff"/>
  <tag k="deaf" v="yes"/>
  <tag k="description" v="Маршрут обслуживается электробусами"/>
  <tag k="electric_bus" v="yes"/>
  <tag k="electric_bus:type" v="OC"/>
  <tag k="fee" v="yes"/>
  <tag k="fine:ticketless" v="5000 RUB"/>
  <tag k="from" v="МЦК Ростокино"/>
  <tag k="name" v="Автобус 604: МЦК Ростокино =&gt; Метро «Семёновская»"/>
  <tag k="network" v="Московский транспорт"/>
  <tag k="operator" v="ГУП «Мосгортранс»"/>
  <tag k="payment:cards" v="yes"/>
  <tag k="payment:cash" v="no"/>
  <tag k="payment:contactless" v="yes"/>
  <tag k="payment:maestro" v="no"/>
  <tag k="payment:mastercard" v="no"/>
  <tag k="payment:mir" v="yes"/>
  <tag k="payment:nfc" v="yes"/>
  <tag k="payment:podorozhnik" v="no"/>
  <tag k="payment:sbp" v="yes"/>
  <tag k="payment:social_cards" v="yes"/>
  <tag k="payment:strelka" v="no"/>
  <tag k="payment:troika" v="yes"/>
  <tag k="payment:visa" v="no"/>
  <tag k="public_transport:version" v="2"/>
  <tag k="ref" v="604"/>
  <tag k="route" v="bus"/>
  <tag k="source" v="Реестр маршрутов города Москвы"/>
  <tag k="source:description" v="https://mosgortrans.ru/electrobus/map/"/>
  <tag k="to" v="Метро «Семёновская»"/>
  <tag k="type" v="route"/>
  <tag k="website" v="https://transport.mos.ru/transport/schedule/route/141508557"/>
  <tag k="wheelchair" v="yes"/>
 </relation>
 <relation id="15547086" visible="true" version="4" changeset="176002077" timestamp="2025-12-16T11:57:17Z" user="Bobropiton" uid="2055718">
  <member type="relation" ref="15547053" role=""/>
  <member type="relation" ref="15547050" role=""/>
  <tag k="bus_class:length" v="4"/>
  <tag k="colour" v="#c2e6ff"/>
  <tag k="name" v="Автобус 604: МЦК Ростокино &lt;=&gt; Метро «Семёновская»"/>
  <tag k="network" v="Московский транспорт"/>
  <tag k="operator" v="ГУП «Мосгортранс»"/>
  <tag k="ref" v="604"/>
  <tag k="route_master" v="bus"/>
  <tag k="source" v="Реестр маршрутов города Москвы"/>
  <tag k="type" v="route_master"/>
  <tag k="website" v="https://transport.mos.ru/transport/schedule/route/141508557"/>
 </relation>
 <relation id="15657835" visible="true" version="69" changeset="178964573" timestamp="2026-02-23T22:46:15Z" user="Bobropiton" uid="2055718">
  <member type="node" ref="1065870777" role="stop"/>
  <member type="node" ref="496244013" role="platform"/>
  <member type="node" ref="4261845476" role="stop"/>
  <member type="node" ref="3881750306" role="platform"/>
  <member type="node" ref="5218164206" role="stop"/>
  <member type="node" ref="3279123200" role="platform"/>
  <member type="node" ref="10704072290" role="stop"/>
  <member type="node" ref="3279123201" role="platform"/>
  <member type="node" ref="4261845443" role="stop"/>
  <member type="node" ref="3279123199" role="platform"/>
  <member type="node" ref="4261845498" role="stop"/>
  <member type="node" ref="3279123206" role="platform"/>
  <member type="node" ref="1370928723" role="stop"/>
  <member type="node" ref="1370928713" role="platform"/>
  <member type="node" ref="4108850979" role="stop"/>
  <member type="node" ref="1032423335" role="platform"/>
  <member type="node" ref="935680944" role="stop"/>
  <member type="node" ref="1054223021" role="platform"/>
  <member type="node" ref="992037020" role="stop"/>
  <member type="node" ref="1855821596" role="platform"/>
  <member type="node" ref="4261845495" role="stop"/>
  <member type="node" ref="979290947" role="platform"/>
  <member type="node" ref="4261845463" role="stop"/>
  <member type="node" ref="979294598" role="platform"/>
  <member type="node" ref="4261845501" role="stop"/>
  <member type="node" ref="2275151158" role="platform"/>
  <member type="node" ref="10298200034" role="stop"/>
  <member type="node" ref="954600278" role="platform"/>
  <member type="node" ref="2413717337" role="stop"/>
  <member type="node" ref="954555831" role="platform"/>
  <member type="node" ref="10769766549" role="stop"/>
  <member type="node" ref="2820062330" role="platform"/>
  <member type="node" ref="10769766546" role="stop"/>
  <member type="node" ref="2820048089" role="platform"/>
  <member type="node" ref="10769766543" role="stop"/>
  <member type="node" ref="2820048088" role="platform"/>
  <member type="node" ref="10769766541" role="stop"/>
  <member type="node" ref="941766644" role="platform"/>
  <member type="node" ref="2413717346" role="stop"/>
  <member type="node" ref="1468378655" role="platform"/>
  <member type="node" ref="2413717072" role="stop"/>
  <member type="node" ref="1468378600" role="platform"/>
  <member type="node" ref="13380822236" role="stop"/>
  <member type="node" ref="13380822238" role="platform"/>
  <member type="node" ref="5019627884" role="stop"/>
  <member type="node" ref="2440164874" role="platform"/>
  <member type="node" ref="6116245907" role="stop"/>
  <member type="node" ref="11111330229" role="platform"/>
  <member type="node" ref="4228611454" role="stop"/>
  <member type="node" ref="2556286977" role="platform"/>
  <member type="node" ref="10713339161" role="stop"/>
  <member type="node" ref="10713339162" role="platform"/>
  <member type="node" ref="10713339159" role="stop"/>
  <member type="node" ref="10713339160" role="platform"/>
  <member type="node" ref="4297063515" role="stop"/>
  <member type="node" ref="2321668114" role="platform"/>
  <member type="node" ref="10298200033" role="stop"/>
  <member type="node" ref="2310316540" role="platform"/>
  <member type="node" ref="10298200032" role="stop"/>
  <member type="node" ref="2310316543" role="platform"/>
  <member type="node" ref="10298200035" role="stop"/>
  <member type="node" ref="2577244712" role="platform"/>
  <member type="node" ref="10744127833" role="stop"/>
  <member type="node" ref="2521176897" role="platform"/>
  <member type="node" ref="10744127831" role="stop"/>
  <member type="node" ref="2522403086" role="platform"/>
  <member type="node" ref="13409283259" role="stop"/>
  <member type="node" ref="13409283262" role="platform"/>
  <member type="node" ref="10744127825" role="stop"/>
  <member type="node" ref="1739129700" role="platform"/>
  <member type="node" ref="4297745328" role="stop"/>
  <member type="node" ref="1739129699" role="platform"/>
  <member type="node" ref="4297745327" role="stop"/>
  <member type="node" ref="4297745326" role="platform"/>
  <member type="node" ref="10692818402" role="stop"/>
  <member type="node" ref="6938234928" role="platform"/>
  <member type="node" ref="10744127816" role="stop"/>
  <member type="node" ref="10744127818" role="platform"/>
  <member type="node" ref="10744127815" role="stop"/>
  <member type="node" ref="2544057534" role="platform"/>
  <member type="node" ref="10744127821" role="stop"/>
  <member type="node" ref="2554699694" role="platform"/>
  <member type="node" ref="10744127823" role="stop_exit_only"/>
  <member type="node" ref="4689514824" role="platform_exit_only"/>
  <member type="way" ref="91716899" role=""/>
  <member type="way" ref="1247337308" role=""/>
  <member type="way" ref="761343439" role=""/>
  <member type="way" ref="1247337307" role=""/>
  <member type="way" ref="1247337306" role=""/>
  <member type="way" ref="1247337305" role=""/>
  <member type="way" ref="1247337303" role=""/>
  <member type="way" ref="1247337302" role=""/>
  <member type="way" ref="1247337301" role=""/>
  <member type="way" ref="539233559" role=""/>
  <member type="way" ref="1247337299" role=""/>
  <member type="way" ref="1247337296" role=""/>
  <member type="way" ref="1247337300" role=""/>
  <member type="way" ref="1247337295" role=""/>
  <member type="way" ref="761343438" role=""/>
  <member type="way" ref="1241480039" role=""/>
  <member type="way" ref="384819982" role=""/>
  <member type="way" ref="44721907" role=""/>
  <member type="way" ref="1248159779" role=""/>
  <member type="way" ref="1248159778" role=""/>
  <member type="way" ref="1241216166" role=""/>
  <member type="way" ref="1248159777" role=""/>
  <member type="way" ref="1241216168" role=""/>
  <member type="way" ref="1240629741" role=""/>
  <member type="way" ref="1240629738" role=""/>
  <member type="way" ref="1240629733" role=""/>
  <member type="way" ref="1240629732" role=""/>
  <member type="way" ref="1240629731" role=""/>
  <member type="way" ref="30472235" role=""/>
  <member type="way" ref="1240629739" role=""/>
  <member type="way" ref="1240629742" role=""/>
  <member type="way" ref="1240629740" role=""/>
  <member type="way" ref="1240629743" role=""/>
  <member type="way" ref="1240629745" role=""/>
  <member type="way" ref="1240629744" role=""/>
  <member type="way" ref="1240629746" role=""/>
  <member type="way" ref="1240629747" role=""/>
  <member type="way" ref="1240629749" role=""/>
  <member type="way" ref="1240629748" role=""/>
  <member type="way" ref="46762685" role=""/>
  <member type="way" ref="875902086" role=""/>
  <member type="way" ref="875902087" role=""/>
  <member type="way" ref="218245859" role=""/>
  <member type="way" ref="218245863" role=""/>
  <member type="way" ref="38901592" role=""/>
  <member type="way" ref="511055132" role=""/>
  <member type="way" ref="38901591" role=""/>
  <member type="way" ref="88967060" role=""/>
  <member type="way" ref="229837287" role=""/>
  <member type="way" ref="126463248" role=""/>
  <member type="way" ref="218245870" role=""/>
  <member type="way" ref="12526350" role=""/>
  <member type="way" ref="156362689" role=""/>
  <member type="way" ref="218245861" role=""/>
  <member type="way" ref="218245871" role=""/>
  <member type="way" ref="218245866" role=""/>
  <member type="way" ref="71912542" role=""/>
  <member type="way" ref="90795714" role=""/>
  <member type="way" ref="91220545" role=""/>
  <member type="way" ref="1151649182" role=""/>
  <member type="way" ref="218245869" role=""/>
  <member type="way" ref="174946120" role=""/>
  <member type="way" ref="218245867" role=""/>
  <member type="way" ref="86545157" role=""/>
  <member type="way" ref="1292853595" role=""/>
  <member type="way" ref="218245865" role=""/>
  <member type="way" ref="156362698" role=""/>
  <member type="way" ref="1292853594" role=""/>
  <member type="way" ref="78546685" role=""/>
  <member type="way" ref="1292853592" role=""/>
  <member type="way" ref="1292853593" role=""/>
  <member type="way" ref="68104639" role=""/>
  <member type="way" ref="1292853590" role=""/>
  <member type="way" ref="24776406" role=""/>
  <member type="way" ref="24776207" role=""/>
  <member type="way" ref="23201701" role=""/>
  <member type="way" ref="87544708" role=""/>
  <member type="way" ref="1160925647" role=""/>
  <member type="way" ref="238874289" role=""/>
  <member type="way" ref="45848949" role=""/>
  <member type="way" ref="459434451" role=""/>
  <member type="way" ref="302399037" role=""/>
  <member type="way" ref="302399038" role=""/>
  <member type="way" ref="27765063" role=""/>
  <member type="way" ref="24776415" role=""/>
  <member type="way" ref="238874045" role=""/>
  <member type="way" ref="760517064" role=""/>
  <member type="way" ref="1243027167" role=""/>
  <member type="way" ref="24776186" role=""/>
  <member type="way" ref="760517065" role=""/>
  <member type="way" ref="760517066" role=""/>
  <member type="way" ref="234738673" role=""/>
  <member type="way" ref="1167634422" role=""/>
  <member type="way" ref="320583109" role=""/>
  <member type="way" ref="678881573" role=""/>
  <member type="way" ref="38026504" role=""/>
  <member type="way" ref="475154894" role=""/>
  <member type="way" ref="82874385" role=""/>
  <member type="way" ref="30757707" role=""/>
  <member type="way" ref="424212142" role=""/>
  <member type="way" ref="1197608170" role=""/>
  <member type="way" ref="1197608168" role=""/>
  <member type="way" ref="302332020" role=""/>
  <member type="way" ref="1151059026" role=""/>
  <member type="way" ref="1197608171" role=""/>
  <member type="way" ref="1197608168" role=""/>
  <member type="way" ref="70845597" role=""/>
  <member type="way" ref="1197603919" role=""/>
  <member type="way" ref="1147097207" role=""/>
  <member type="way" ref="27634038" role=""/>
  <member type="way" ref="760530470" role=""/>
  <member type="way" ref="1197603921" role=""/>
  <member type="way" ref="23201764" role=""/>
  <member type="way" ref="1198955658" role=""/>
  <member type="way" ref="230035463" role=""/>
  <member type="way" ref="48924206" role=""/>
  <member type="way" ref="760530471" role=""/>
  <member type="way" ref="1147097208" role=""/>
  <member type="way" ref="48924205" role=""/>
  <member type="way" ref="48924208" role=""/>
  <member type="way" ref="760530472" role=""/>
  <member type="way" ref="48924207" role=""/>
  <member type="way" ref="1385373259" role=""/>
  <member type="way" ref="1313372320" role=""/>
  <member type="way" ref="760530473" role=""/>
  <member type="way" ref="24288331" role=""/>
  <member type="way" ref="425651857" role=""/>
  <member type="way" ref="152291931" role=""/>
  <member type="way" ref="653588106" role=""/>
  <member type="way" ref="653588107" role=""/>
  <member type="way" ref="430427601" role=""/>
  <member type="way" ref="41059506" role=""/>
  <member type="way" ref="80217414" role=""/>
  <member type="way" ref="430427600" role=""/>
  <member type="way" ref="59586633" role=""/>
  <member type="way" ref="59586632" role=""/>
  <member type="way" ref="1046342364" role=""/>
  <member type="way" ref="83543787" role=""/>
  <member type="way" ref="1211918893" role=""/>
  <member type="way" ref="23201776" role=""/>
  <member type="way" ref="222048741" role=""/>
  <member type="way" ref="222048744" role=""/>
  <member type="way" ref="26956189" role=""/>
  <member type="way" ref="27608009" role=""/>
  <member type="way" ref="1197603916" role=""/>
  <member type="way" ref="1126184624" role=""/>
  <member type="way" ref="1482360462" role=""/>
  <member type="way" ref="1482360439" role=""/>
  <member type="way" ref="782426909" role=""/>
  <member type="way" ref="991473883" role=""/>
  <member type="way" ref="1250920478" role=""/>
  <member type="way" ref="782426912" role=""/>
  <member type="way" ref="1250920480" role=""/>
  <member type="way" ref="1250920482" role=""/>
  <member type="way" ref="1250920483" role=""/>
  <member type="way" ref="1250920484" role=""/>
  <member type="way" ref="782426916" role=""/>
  <member type="way" ref="38017856" role=""/>
  <member type="way" ref="22985218" role=""/>
  <member type="way" ref="27608279" role=""/>
  <member type="way" ref="81141715" role=""/>
  <member type="way" ref="23056617" role=""/>
  <member type="way" ref="27605468" role=""/>
  <member type="way" ref="430507929" role=""/>
  <member type="way" ref="37971317" role=""/>
  <member type="way" ref="1334870476" role=""/>
  <member type="way" ref="1334870469" role=""/>
  <member type="way" ref="22824768" role=""/>
  <member type="way" ref="1212634452" role=""/>
  <member type="way" ref="1212634451" role=""/>
  <member type="way" ref="80599352" role=""/>
  <member type="way" ref="809261499" role=""/>
  <member type="way" ref="22828231" role=""/>
  <member type="way" ref="188739706" role=""/>
  <member type="way" ref="188739705" role=""/>
  <member type="way" ref="1046890828" role=""/>
  <member type="way" ref="1046890826" role=""/>
  <member type="way" ref="1046890827" role=""/>
  <member type="way" ref="287210877" role=""/>
  <member type="way" ref="1046890829" role=""/>
  <member type="way" ref="1156606031" role=""/>
  <member type="way" ref="513466733" role=""/>
  <member type="way" ref="714727665" role=""/>
  <member type="way" ref="431327584" role=""/>
  <member type="way" ref="90699637" role=""/>
  <member type="way" ref="97815347" role=""/>
  <member type="way" ref="97815348" role=""/>
  <member type="way" ref="1368827268" role=""/>
  <member type="way" ref="485765195" role=""/>
  <member type="way" ref="1155310812" role=""/>
  <member type="way" ref="241760511" role=""/>
  <member type="way" ref="1046890831" role=""/>
  <member type="way" ref="1046890830" role=""/>
  <member type="way" ref="1046890833" role=""/>
  <member type="way" ref="1046890836" role=""/>
  <member type="way" ref="1046890834" role=""/>
  <member type="way" ref="1046890835" role=""/>
  <member type="way" ref="1120517414" role=""/>
  <member type="way" ref="747801450" role=""/>
  <member type="way" ref="1249665869" role=""/>
  <member type="way" ref="504759665" role=""/>
  <member type="way" ref="1249665868" role=""/>
  <member type="way" ref="504759664" role=""/>
  <member type="way" ref="1212155598" role=""/>
  <member type="way" ref="1212155597" role=""/>
  <member type="way" ref="23155680" role=""/>
  <member type="way" ref="1249665863" role=""/>
  <member type="way" ref="1249665864" role=""/>
  <member type="way" ref="1249665865" role=""/>
  <member type="way" ref="1249665862" role=""/>
  <member type="way" ref="1249665866" role=""/>
  <member type="way" ref="1249665861" role=""/>
  <member type="way" ref="1151364813" role=""/>
  <member type="way" ref="1151364812" role=""/>
  <member type="way" ref="1212155596" role=""/>
  <member type="way" ref="245078115" role=""/>
  <member type="way" ref="1212155594" role=""/>
  <member type="way" ref="1212155593" role=""/>
  <member type="way" ref="1212155591" role=""/>
  <member type="way" ref="237961415" role=""/>
  <tag k="air_conditioning" v="yes"/>
  <tag k="bicycle" v="yes"/>
  <tag k="blind" v="limited"/>
  <tag k="bus_class:length" v="4;5"/>
  <tag k="charge:all-in-one" v="90 RUB"/>
  <tag k="charge:cards" v="83 RUB"/>
  <tag k="charge:sbp" v="83 RUB"/>
  <tag k="charge:troika" v="75 RUB"/>
  <tag k="charge:troika_qr" v="75 RUB"/>
  <tag k="check_date" v="2025-12-16"/>
  <tag k="colour" v="#ff9ad2"/>
  <tag k="deaf" v="yes"/>
  <tag k="fee" v="yes"/>
  <tag k="fine:ticketless" v="5000 RUB"/>
  <tag k="from" v="Капельский переулок"/>
  <tag k="name" v="Автобус с585: Капельский переулок =&gt; Огородный проезд"/>
  <tag k="name:uk" v="Автобус с585: Капельський провулок =&gt; Огородний проїзд"/>
  <tag k="network" v="Московский транспорт"/>
  <tag k="operator" v="ГУП «Мосгортранс»"/>
  <tag k="payment:cards" v="yes"/>
  <tag k="payment:cash" v="no"/>
  <tag k="payment:contactless" v="yes"/>
  <tag k="payment:maestro" v="no"/>
  <tag k="payment:mastercard" v="no"/>
  <tag k="payment:mir" v="yes"/>
  <tag k="payment:nfc" v="yes"/>
  <tag k="payment:podorozhnik" v="no"/>
  <tag k="payment:sbp" v="yes"/>
  <tag k="payment:social_cards" v="yes"/>
  <tag k="payment:strelka" v="no"/>
  <tag k="payment:troika" v="yes"/>
  <tag k="payment:visa" v="no"/>
  <tag k="public_transport:version" v="2"/>
  <tag k="ref" v="с585"/>
  <tag k="route" v="bus"/>
  <tag k="source" v="Реестр маршрутов города Москвы"/>
  <tag k="to" v="Огородный проезд"/>
  <tag k="type" v="route"/>
  <tag k="website" v="https://transport.mos.ru/transport/schedule/route/141509205"/>
  <tag k="wheelchair" v="yes"/>
 </relation>
 <relation id="15766328" visible="true" version="57" changeset="181515983" timestamp="2026-04-18T20:49:50Z" user="Bobropiton" uid="2055718">
  <member type="node" ref="10776508352" role="stop_entry_only"/>
  <member type="node" ref="6771435432" role="platform_entry_only"/>
  <member type="node" ref="11446172446" role="stop"/>
  <member type="node" ref="11446172448" role="platform"/>
  <member type="node" ref="13671452781" role="stop"/>
  <member type="node" ref="13671452784" role="platform"/>
  <member type="node" ref="10537711792" role="stop"/>
  <member type="node" ref="330279001" role="platform"/>
  <member type="node" ref="10740471010" role="stop"/>
  <member type="node" ref="330025565" role="platform"/>
  <member type="node" ref="10740471009" role="stop"/>
  <member type="node" ref="472946184" role="platform"/>
  <member type="node" ref="10740471008" role="stop"/>
  <member type="node" ref="2173316098" role="platform"/>
  <member type="node" ref="10740471006" role="stop"/>
  <member type="node" ref="1448030992" role="platform"/>
  <member type="node" ref="10711256696" role="stop"/>
  <member type="node" ref="596386206" role="platform"/>
  <member type="node" ref="10711256697" role="stop"/>
  <member type="node" ref="479839323" role="platform"/>
  <member type="node" ref="9284083795" role="stop"/>
  <member type="node" ref="2136444803" role="platform"/>
  <member type="node" ref="9283932791" role="stop"/>
  <member type="node" ref="6404027555" role="platform"/>
  <member type="node" ref="9283932790" role="stop"/>
  <member type="node" ref="9283932789" role="platform"/>
  <member type="node" ref="9283932792" role="stop"/>
  <member type="node" ref="5199976304" role="platform"/>
  <member type="node" ref="4291992599" role="stop"/>
  <member type="node" ref="4291992600" role="platform"/>
  <member type="node" ref="2443311250" role="stop"/>
  <member type="node" ref="1421370319" role="platform"/>
  <member type="node" ref="1253685229" role="stop"/>
  <member type="node" ref="1211022737" role="platform"/>
  <member type="node" ref="6247189422" role="stop"/>
  <member type="node" ref="4512443733" role="platform"/>
  <member type="node" ref="1253685207" role="stop"/>
  <member type="node" ref="784052384" role="platform"/>
  <member type="node" ref="10707555439" role="stop"/>
  <member type="node" ref="5152718765" role="platform"/>
  <member type="node" ref="10704541556" role="stop"/>
  <member type="node" ref="5152718755" role="platform"/>
  <member type="node" ref="10704541554" role="stop"/>
  <member type="node" ref="6373087871" role="platform"/>
  <member type="node" ref="10769743951" role="stop"/>
  <member type="node" ref="5152718753" role="platform"/>
  <member type="node" ref="4261845483" role="stop"/>
  <member type="node" ref="4261845484" role="platform"/>
  <member type="node" ref="4203448046" role="stop"/>
  <member type="node" ref="4203448047" role="platform"/>
  <member type="node" ref="4261845470" role="stop"/>
  <member type="node" ref="4203448052" role="platform"/>
  <member type="node" ref="4261845468" role="stop"/>
  <member type="node" ref="4261845469" role="platform"/>
  <member type="node" ref="1065870777" role="stop"/>
  <member type="node" ref="496244013" role="platform"/>
  <member type="node" ref="4261845476" role="stop"/>
  <member type="node" ref="3881750306" role="platform"/>
  <member type="node" ref="13741050886" role="stop"/>
  <member type="node" ref="13741050887" role="platform"/>
  <member type="node" ref="13741050883" role="stop"/>
  <member type="node" ref="13741050884" role="platform"/>
  <member type="node" ref="1370928723" role="stop_exit_only"/>
  <member type="node" ref="1370928713" role="platform_exit_only"/>
  <member type="way" ref="1332605706" role=""/>
  <member type="way" ref="1178476183" role=""/>
  <member type="way" ref="1178476159" role=""/>
  <member type="way" ref="1178476160" role=""/>
  <member type="way" ref="1178476171" role=""/>
  <member type="way" ref="1178476173" role=""/>
  <member type="way" ref="1178476182" role=""/>
  <member type="way" ref="1178476099" role=""/>
  <member type="way" ref="1178476100" role=""/>
  <member type="way" ref="1178476122" role=""/>
  <member type="way" ref="1178559945" role=""/>
  <member type="way" ref="1178559939" role=""/>
  <member type="way" ref="1178559940" role=""/>
  <member type="way" ref="1178559947" role=""/>
  <member type="way" ref="857344601" role=""/>
  <member type="way" ref="26327231" role=""/>
  <member type="way" ref="44447522" role=""/>
  <member type="way" ref="22997551" role=""/>
  <member type="way" ref="1089403164" role=""/>
  <member type="way" ref="35138627" role=""/>
  <member type="way" ref="1225187814" role=""/>
  <member type="way" ref="207423844" role=""/>
  <member type="way" ref="1118950953" role=""/>
  <member type="way" ref="159739602" role=""/>
  <member type="way" ref="365277174" role=""/>
  <member type="way" ref="51745748" role=""/>
  <member type="way" ref="157316189" role=""/>
  <member type="way" ref="1083278652" role=""/>
  <member type="way" ref="157316190" role=""/>
  <member type="way" ref="1168587832" role=""/>
  <member type="way" ref="1089608639" role=""/>
  <member type="way" ref="47499894" role=""/>
  <member type="way" ref="1428196779" role=""/>
  <member type="way" ref="1168587851" role=""/>
  <member type="way" ref="990981720" role=""/>
  <member type="way" ref="32603183" role=""/>
  <member type="way" ref="1428196780" role=""/>
  <member type="way" ref="1089608698" role=""/>
  <member type="way" ref="1089608710" role=""/>
  <member type="way" ref="1159919575" role=""/>
  <member type="way" ref="130639695" role=""/>
  <member type="way" ref="522543621" role=""/>
  <member type="way" ref="25093236" role=""/>
  <member type="way" ref="531505246" role=""/>
  <member type="way" ref="685617180" role=""/>
  <member type="way" ref="639989601" role=""/>
  <member type="way" ref="300584479" role=""/>
  <member type="way" ref="154512449" role=""/>
  <member type="way" ref="355369742" role=""/>
  <member type="way" ref="39726698" role=""/>
  <member type="way" ref="965921429" role=""/>
  <member type="way" ref="851280940" role=""/>
  <member type="way" ref="851280942" role=""/>
  <member type="way" ref="851280943" role=""/>
  <member type="way" ref="851280944" role=""/>
  <member type="way" ref="851280945" role=""/>
  <member type="way" ref="851280946" role=""/>
  <member type="way" ref="39726697" role=""/>
  <member type="way" ref="704694946" role=""/>
  <member type="way" ref="25057098" role=""/>
  <member type="way" ref="160194444" role=""/>
  <member type="way" ref="160194447" role=""/>
  <member type="way" ref="160194442" role=""/>
  <member type="way" ref="1158496362" role=""/>
  <member type="way" ref="17077527" role=""/>
  <member type="way" ref="17077453" role=""/>
  <member type="way" ref="555922401" role=""/>
  <member type="way" ref="25006582" role=""/>
  <member type="way" ref="108383687" role=""/>
  <member type="way" ref="1176312956" role=""/>
  <member type="way" ref="558590172" role=""/>
  <member type="way" ref="84056573" role=""/>
  <member type="way" ref="355369729" role=""/>
  <member type="way" ref="446420481" role=""/>
  <member type="way" ref="1176312954" role=""/>
  <member type="way" ref="1176312953" role=""/>
  <member type="way" ref="1176312952" role=""/>
  <member type="way" ref="235236454" role=""/>
  <member type="way" ref="1176312951" role=""/>
  <member type="way" ref="1180459851" role=""/>
  <member type="way" ref="1180376185" role=""/>
  <member type="way" ref="1180459852" role=""/>
  <member type="way" ref="84056567" role=""/>
  <member type="way" ref="1176312950" role=""/>
  <member type="way" ref="416148069" role=""/>
  <member type="way" ref="1176312949" role=""/>
  <member type="way" ref="416148080" role=""/>
  <member type="way" ref="1176312944" role=""/>
  <member type="way" ref="1176312942" role=""/>
  <member type="way" ref="25092477" role=""/>
  <member type="way" ref="1176312943" role=""/>
  <member type="way" ref="179970553" role=""/>
  <member type="way" ref="1176312941" role=""/>
  <member type="way" ref="46337957" role=""/>
  <member type="way" ref="159669387" role=""/>
  <member type="way" ref="1158044040" role=""/>
  <member type="way" ref="1151034693" role=""/>
  <member type="way" ref="1151034692" role=""/>
  <member type="way" ref="530685353" role=""/>
  <member type="way" ref="10619279" role=""/>
  <member type="way" ref="1196013634" role=""/>
  <member type="way" ref="1196013633" role=""/>
  <member type="way" ref="10619296" role=""/>
  <member type="way" ref="1196013636" role=""/>
  <member type="way" ref="46337961" role=""/>
  <member type="way" ref="1196013635" role=""/>
  <member type="way" ref="84040588" role=""/>
  <member type="way" ref="1196013637" role=""/>
  <member type="way" ref="218245872" role=""/>
  <member type="way" ref="1196013638" role=""/>
  <member type="way" ref="543796233" role=""/>
  <member type="way" ref="10618939" role=""/>
  <member type="way" ref="218245875" role=""/>
  <member type="way" ref="218245876" role=""/>
  <member type="way" ref="218245878" role=""/>
  <member type="way" ref="218245874" role=""/>
  <member type="way" ref="125337432" role=""/>
  <member type="way" ref="681990501" role=""/>
  <member type="way" ref="550124197" role=""/>
  <member type="way" ref="531352120" role=""/>
  <member type="way" ref="31669540" role=""/>
  <member type="way" ref="1381555964" role=""/>
  <member type="way" ref="1381555963" role=""/>
  <member type="way" ref="38314850" role=""/>
  <member type="way" ref="420415426" role=""/>
  <member type="way" ref="1381555962" role=""/>
  <member type="way" ref="38436464" role=""/>
  <member type="way" ref="218245864" role=""/>
  <member type="way" ref="530670842" role=""/>
  <member type="way" ref="426929360" role=""/>
  <member type="way" ref="426929357" role=""/>
  <member type="way" ref="30472243" role=""/>
  <member type="way" ref="218245868" role=""/>
  <member type="way" ref="192230498" role=""/>
  <member type="way" ref="91716899" role=""/>
  <member type="way" ref="1247337308" role=""/>
  <member type="way" ref="761343439" role=""/>
  <member type="way" ref="1247337307" role=""/>
  <member type="way" ref="1247337306" role=""/>
  <member type="way" ref="1247337305" role=""/>
  <member type="way" ref="1247337303" role=""/>
  <member type="way" ref="1247337302" role=""/>
  <member type="way" ref="1247337301" role=""/>
  <member type="way" ref="539233559" role=""/>
  <member type="way" ref="1247337299" role=""/>
  <member type="way" ref="1247337296" role=""/>
  <member type="way" ref="1247337300" role=""/>
  <member type="way" ref="1247337295" role=""/>
  <member type="way" ref="761343438" role=""/>
  <member type="way" ref="1241480039" role=""/>
  <member type="way" ref="384819982" role=""/>
  <member type="way" ref="44721907" role=""/>
  <member type="way" ref="1248159779" role=""/>
  <member type="way" ref="1248159778" role=""/>
  <member type="way" ref="1241216166" role=""/>
  <member type="way" ref="1248159777" role=""/>
  <member type="way" ref="1241216168" role=""/>
  <member type="way" ref="70769253" role=""/>
  <member type="way" ref="1241237996" role=""/>
  <member type="way" ref="1241237997" role=""/>
  <member type="way" ref="1241459722" role=""/>
  <member type="way" ref="1241459721" role=""/>
  <member type="way" ref="1241459725" role=""/>
  <member type="way" ref="1246720810" role=""/>
  <member type="way" ref="45065958" role=""/>
  <member type="way" ref="1246720811" role=""/>
  <member type="way" ref="1242657658" role=""/>
  <member type="way" ref="1242657657" role=""/>
  <member type="way" ref="1242657656" role=""/>
  <member type="way" ref="45065001" role=""/>
  <member type="way" ref="1242658024" role=""/>
  <member type="way" ref="1242657655" role=""/>
  <member type="way" ref="45065957" role=""/>
  <member type="way" ref="1244982103" role=""/>
  <member type="way" ref="1244982104" role=""/>
  <member type="way" ref="1244982094" role=""/>
  <member type="way" ref="1244982102" role=""/>
  <member type="way" ref="1244982100" role=""/>
  <member type="way" ref="1244982099" role=""/>
  <member type="way" ref="1212378835" role=""/>
  <member type="way" ref="1244982098" role=""/>
  <member type="way" ref="1246707484" role=""/>
  <member type="way" ref="1246707483" role=""/>
  <member type="way" ref="1435113411" role=""/>
  <member type="way" ref="1212378834" role=""/>
  <member type="way" ref="1435113412" role=""/>
  <member type="way" ref="11651272" role=""/>
  <member type="way" ref="361770731" role=""/>
  <member type="way" ref="361770732" role=""/>
  <member type="way" ref="522829497" role=""/>
  <member type="way" ref="11651756" role=""/>
  <member type="way" ref="126463243" role=""/>
  <member type="way" ref="38901591" role=""/>
  <member type="way" ref="88967060" role=""/>
  <tag k="air_conditioning" v="yes"/>
  <tag k="bicycle" v="yes"/>
  <tag k="blind" v="limited"/>
  <tag k="bus_class:length" v="4"/>
  <tag k="charge:all-in-one" v="90 RUB"/>
  <tag k="charge:cards" v="83 RUB"/>
  <tag k="charge:sbp" v="83 RUB"/>
  <tag k="charge:troika" v="75 RUB"/>
  <tag k="charge:troika_qr" v="75 RUB"/>
  <tag k="check_date" v="2023-04-25"/>
  <tag k="colour" v="#b2c329"/>
  <tag k="deaf" v="yes"/>
  <tag k="description" v="Маршрут обслуживается электробусами"/>
  <tag k="electric_bus" v="yes"/>
  <tag k="electric_bus:type" v="OC"/>
  <tag k="fee" v="yes"/>
  <tag k="fine:ticketless" v="5000 RUB"/>
  <tag k="from" v="Улица Тюфелева Роща"/>
  <tag k="name" v="Автобус м9: Улица Тюфелева Роща =&gt; Метро «Рижская»"/>
  <tag k="network" v="Московский транспорт"/>
  <tag k="operator" v="ГУП «Мосгортранс»"/>
  <tag k="payment:cards" v="yes"/>
  <tag k="payment:cash" v="no"/>
  <tag k="payment:contactless" v="yes"/>
  <tag k="payment:maestro" v="no"/>
  <tag k="payment:mastercard" v="no"/>
  <tag k="payment:mir" v="yes"/>
  <tag k="payment:nfc" v="yes"/>
  <tag k="payment:podorozhnik" v="no"/>
  <tag k="payment:sbp" v="yes"/>
  <tag k="payment:social_cards" v="yes"/>
  <tag k="payment:strelka" v="no"/>
  <tag k="payment:troika" v="yes"/>
  <tag k="payment:visa" v="no"/>
  <tag k="public_transport:version" v="2"/>
  <tag k="ref" v="м9"/>
  <tag k="route" v="bus"/>
  <tag k="source" v="Реестр маршрутов города Москвы"/>
  <tag k="source:description" v="https://mosgortrans.ru/electrobus/map/"/>
  <tag k="to" v="Метро «Рижская»"/>
  <tag k="type" v="route"/>
  <tag k="website" v="https://transport.mos.ru/transport/schedule/route/141509092"/>
  <tag k="wheelchair" v="yes"/>
 </relation>
 <relation id="15766330" visible="true" version="6" changeset="180298814" timestamp="2026-03-23T10:57:49Z" user="Bobropiton" uid="2055718">
  <member type="relation" ref="15766328" role=""/>
  <member type="relation" ref="15766329" role=""/>
  <tag k="bus_class:length" v="4"/>
  <tag k="colour" v="#b2c329"/>
  <tag k="name" v="Автобус м9: Метро «Рижская» &lt;=&gt; Улица Тюфелева Роща"/>
  <tag k="network" v="Московский транспорт"/>
  <tag k="operator" v="ГУП «Мосгортранс»"/>
  <tag k="ref" v="м9"/>
  <tag k="route_master" v="bus"/>
  <tag k="source" v="Реестр маршрутов города Москвы"/>
  <tag k="type" v="route_master"/>
  <tag k="website" v="https://transport.mos.ru/transport/schedule/route/141509092"/>
 </relation>
 <relation id="15847679" visible="true" version="1" changeset="136032238" timestamp="2023-05-12T19:28:37Z" user="Bobropiton" uid="2055718">
  <member type="node" ref="4261845476" role="stop"/>
  <member type="node" ref="3881750306" role="platform"/>
  <tag k="name" v="Орлово-Давыдовский переулок, 6"/>
  <tag k="public_transport" v="stop_area"/>
  <tag k="type" v="public_transport"/>
 </relation>
 <relation id="15847680" visible="true" version="1" changeset="136032238" timestamp="2023-05-12T19:28:37Z" user="Bobropiton" uid="2055718">
  <member type="node" ref="4261845473" role="stop"/>
  <member type="node" ref="3279123203" role="platform"/>
  <tag k="name" v="Орлово-Давыдовский переулок"/>
  <tag k="public_transport" v="stop_area"/>
  <tag k="type" v="public_transport"/>
 </relation>
 <relation id="15847681" visible="true" version="1" changeset="136032238" timestamp="2023-05-12T19:28:37Z" user="Bobropiton" uid="2055718">
  <member type="node" ref="4261845475" role="stop"/>
  <member type="node" ref="4261845474" role="platform"/>
  <tag k="name" v="Орлово-Давыдовский переулок"/>
  <tag k="public_transport" v="stop_area"/>
  <tag k="type" v="public_transport"/>
 </relation>
 <relation id="17057701" visible="true" version="1" changeset="146494641" timestamp="2024-01-20T22:17:37Z" user="Fantomas" uid="478018">
  <member type="way" ref="1241480045" role="outer"/>
  <member type="way" ref="1241480041" role="outer"/>
  <tag k="amenity" v="school"/>
  <tag k="contact:email" v="info@mgl.ru"/>
  <tag k="contact:phone" v="+7 495 6809241;+7 906 7779241;+7 916 5521141"/>
  <tag k="contact:vk" v="https://vk.com/public89630155"/>
  <tag k="contact:website" v="https://www.mgl.ru"/>
  <tag k="name" v="Греко-латинский кабинет Ю. А. Шичалина"/>
  <tag k="type" v="multipolygon"/>
 </relation>
 <relation id="17178647" visible="true" version="1" changeset="147260518" timestamp="2024-02-09T14:57:11Z" user="Fantomas" uid="478018">
  <member type="way" ref="47338411" role="from"/>
  <member type="way" ref="1248159779" role="to"/>
  <member type="node" ref="602849286" role="via"/>
  <tag k="restriction" v="only_right_turn"/>
  <tag k="type" v="restriction"/>
 </relation>
 <relation id="17178649" visible="true" version="1" changeset="147260518" timestamp="2024-02-09T14:57:11Z" user="Fantomas" uid="478018">
  <member type="way" ref="1065839674" role="from"/>
  <member type="way" ref="1248159778" role="to"/>
  <member type="node" ref="602849286" role="via"/>
  <tag k="restriction" v="only_right_turn"/>
  <tag k="type" v="restriction"/>
 </relation>
 <relation id="17178650" visible="true" version="1" changeset="147260518" timestamp="2024-02-09T14:57:11Z" user="Fantomas" uid="478018">
  <member type="way" ref="1248159779" role="from"/>
  <member type="way" ref="44721907" role="to"/>
  <member type="node" ref="8158241768" role="via"/>
  <tag k="restriction" v="only_straight_on"/>
  <tag k="type" v="restriction"/>
 </relation>
 <relation id="17178651" visible="true" version="1" changeset="147260518" timestamp="2024-02-09T14:57:11Z" user="Fantomas" uid="478018">
  <member type="way" ref="1244771459" role="from"/>
  <member type="way" ref="1248159779" role="to"/>
  <member type="node" ref="8158241768" role="via"/>
  <tag k="restriction" v="only_right_turn"/>
  <tag k="type" v="restriction"/>
 </relation>
 <relation id="17178652" visible="true" version="1" changeset="147260518" timestamp="2024-02-09T14:57:11Z" user="Fantomas" uid="478018">
  <member type="way" ref="44721854" role="from"/>
  <member type="way" ref="1248159780" role="to"/>
  <member type="node" ref="8158241763" role="via"/>
  <tag k="restriction" v="only_straight_on"/>
  <tag k="type" v="restriction"/>
 </relation>
 <relation id="17178653" visible="true" version="1" changeset="147260518" timestamp="2024-02-09T14:57:11Z" user="Fantomas" uid="478018">
  <member type="way" ref="876568014" role="from"/>
  <member type="way" ref="44721854" role="to"/>
  <member type="node" ref="8158241763" role="via"/>
  <tag k="restriction" v="only_right_turn"/>
  <tag k="type" v="restriction"/>
 </relation>
 <relation id="17178654" visible="true" version="1" changeset="147260518" timestamp="2024-02-09T14:57:11Z" user="Fantomas" uid="478018">
  <member type="way" ref="1241216164" role="from"/>
  <member type="way" ref="1248159781" role="to"/>
  <member type="node" ref="4196848773" role="via"/>
  <tag k="restriction" v="only_straight_on"/>
  <tag k="type" v="restriction"/>
 </relation>
 <relation id="17178655" visible="true" version="1" changeset="147260518" timestamp="2024-02-09T14:57:11Z" user="Fantomas" uid="478018">
  <member type="way" ref="1065839624" role="from"/>
  <member type="way" ref="1241216164" role="to"/>
  <member type="node" ref="4196848773" role="via"/>
  <tag k="restriction" v="only_right_turn"/>
  <tag k="type" v="restriction"/>
 </relation>
 <relation id="17241251" visible="true" version="1" changeset="147677865" timestamp="2024-02-20T06:45:03Z" user="innerscream" uid="9280958">
  <member type="way" ref="1248159778" role="from"/>
  <member type="node" ref="602849286" role="via"/>
  <member type="way" ref="1065839674" role="to"/>
  <tag k="restriction" v="no_left_turn"/>
  <tag k="type" v="restriction"/>
 </relation>
 <relation id="17241252" visible="true" version="1" changeset="147677865" timestamp="2024-02-20T06:45:03Z" user="innerscream" uid="9280958">
  <member type="way" ref="1248159779" role="from"/>
  <member type="node" ref="602849286" role="via"/>
  <member type="way" ref="47338411" role="to"/>
  <tag k="restriction" v="no_left_turn"/>
  <tag k="type" v="restriction"/>
 </relation>
</osm>
