<?xml version="1.0" encoding="UTF-8"?>
<osm version="0.6" generator="Overpass API 0.7.62.11 87bfad18">
<note>The data included in this document is from www.openstreetmap.org. The data is made available under ODbL.</note>
<meta osm_base="2026-06-26T14:21:26Z"/>

  <node id="38652230" lat="55.8032761" lon="37.8294775" version="16" timestamp="2023-02-06T17:40:31Z" changeset="132168154" uid="830106" user="literan"/>
  <node id="60268223" lat="55.8035513" lon="37.8298091" version="18" timestamp="2023-02-06T17:40:31Z" changeset="132168154" uid="830106" user="literan"/>
  <node id="134752415" lat="55.8035383" lon="37.8303479" version="15" timestamp="2023-02-06T17:40:31Z" changeset="132168154" uid="830106" user="literan">
    <tag k="highway" v="traffic_signals"/>
  </node>
  <node id="134756590" lat="55.8034121" lon="37.8295468" version="15" timestamp="2023-02-06T17:40:31Z" changeset="132168154" uid="830106" user="literan"/>
  <node id="134756591" lat="55.8031453" lon="37.8295113" version="15" timestamp="2023-02-06T17:40:31Z" changeset="132168154" uid="830106" user="literan"/>
  <node id="134756592" lat="55.8029529" lon="37.8298456" version="16" timestamp="2023-03-03T00:42:18Z" changeset="133232069" uid="2055718" user="Bobropiton"/>
  <node id="134756593" lat="55.8029337" lon="37.8301371" version="16" timestamp="2023-02-06T17:40:31Z" changeset="132168154" uid="830106" user="literan">
    <tag k="highway" v="traffic_signals"/>
  </node>
  <node id="134756594" lat="55.8030789" lon="37.8305428" version="14" timestamp="2023-02-06T17:40:31Z" changeset="132168154" uid="830106" user="literan"/>
  <node id="134756595" lat="55.8033251" lon="37.8306235" version="16" timestamp="2023-02-06T17:40:31Z" changeset="132168154" uid="830106" user="literan"/>
  <node id="159822010" lat="55.8019802" lon="37.8298743" version="4" timestamp="2011-01-23T03:39:34Z" changeset="7057677" uid="133332" user="AMDmi3"/>
  <node id="159822012" lat="55.8023959" lon="37.8300459" version="5" timestamp="2016-01-22T09:44:25Z" changeset="36734091" uid="962086" user="crab64"/>
  <node id="273096222" lat="55.8035270" lon="37.8294698" version="38" timestamp="2023-09-17T00:03:31Z" changeset="141362330" uid="461130" user="Fizzie-DWG">
    <tag k="bench" v="yes"/>
    <tag k="bin" v="yes"/>
    <tag k="bus" v="yes"/>
    <tag k="highway" v="bus_stop"/>
    <tag k="lit" v="yes"/>
    <tag k="name" v="Площадь Соловецких Юнг"/>
    <tag k="name:uk" v="Площа Соловецьких Юнг"/>
    <tag k="public_transport" v="platform"/>
    <tag k="shelter" v="yes"/>
    <tag k="tactile_paving" v="no"/>
  </node>
  <node id="273096309" lat="55.8029226" lon="37.8296614" version="41" timestamp="2023-09-17T00:03:31Z" changeset="141362330" uid="461130" user="Fizzie-DWG">
    <tag k="bench" v="yes"/>
    <tag k="bin" v="yes"/>
    <tag k="bus" v="yes"/>
    <tag k="highway" v="bus_stop"/>
    <tag k="lit" v="yes"/>
    <tag k="name" v="Площадь Соловецких Юнг"/>
    <tag k="name:uk" v="Площа Соловецьких Юнг"/>
    <tag k="operator" v="ГУП «Мосгортранс»"/>
    <tag k="public_transport" v="platform"/>
    <tag k="shelter" v="yes"/>
    <tag k="tactile_paving" v="no"/>
  </node>
  <node id="286221469" lat="55.8037763" lon="37.8304196" version="5" timestamp="2021-11-04T19:10:32Z" changeset="113382038" uid="363136" user="neo-plan"/>
  <node id="286221470" lat="55.8036483" lon="37.8298588" version="5" timestamp="2024-05-18T19:47:42Z" changeset="151509647" uid="363136" user="neo-plan">
    <tag k="highway" v="traffic_signals"/>
    <tag k="traffic_signals" v="signal"/>
  </node>
  <node id="292152165" lat="55.8029473" lon="37.8308593" version="4" timestamp="2020-11-07T17:00:47Z" changeset="93714122" uid="8662378" user="TimurRin"/>
  <node id="292152168" lat="55.8028336" lon="37.8308629" version="4" timestamp="2020-11-07T17:00:47Z" changeset="93714122" uid="8662378" user="TimurRin"/>
  <node id="292152267" lat="55.8027975" lon="37.8305514" version="6" timestamp="2020-11-07T17:00:47Z" changeset="93714122" uid="8662378" user="TimurRin"/>
  <node id="292152269" lat="55.8020550" lon="37.8306230" version="6" timestamp="2020-11-07T17:00:47Z" changeset="93714122" uid="8662378" user="TimurRin"/>
  <node id="292152523" lat="55.8029688" lon="37.8290582" version="5" timestamp="2020-11-07T17:00:47Z" changeset="93714122" uid="8662378" user="TimurRin"/>
  <node id="292153884" lat="55.8028432" lon="37.8290634" version="3" timestamp="2020-11-07T17:00:47Z" changeset="93714122" uid="8662378" user="TimurRin"/>
  <node id="292154094" lat="55.8027787" lon="37.8307974" version="5" timestamp="2020-11-07T17:00:47Z" changeset="93714122" uid="8662378" user="TimurRin"/>
  <node id="292154096" lat="55.8020738" lon="37.8303770" version="5" timestamp="2020-11-07T17:00:47Z" changeset="93714122" uid="8662378" user="TimurRin"/>
  <node id="327042370" lat="55.8025971" lon="37.8280985" version="4" timestamp="2020-11-07T17:00:47Z" changeset="93714122" uid="8662378" user="TimurRin"/>
  <node id="327042371" lat="55.8019360" lon="37.8280126" version="4" timestamp="2020-11-07T17:00:47Z" changeset="93714122" uid="8662378" user="TimurRin"/>
  <node id="327042372" lat="55.8025647" lon="37.8283132" version="4" timestamp="2020-11-07T17:00:47Z" changeset="93714122" uid="8662378" user="TimurRin"/>
  <node id="327042373" lat="55.8025103" lon="37.8288401" version="3" timestamp="2020-11-07T17:00:47Z" changeset="93714122" uid="8662378" user="TimurRin"/>
  <node id="327042374" lat="55.8024778" lon="37.8290549" version="3" timestamp="2020-11-07T17:00:47Z" changeset="93714122" uid="8662378" user="TimurRin"/>
  <node id="327139412" lat="55.8036335" lon="37.8284945" version="4" timestamp="2020-11-11T12:50:44Z" changeset="93929108" uid="8662378" user="TimurRin"/>
  <node id="327139424" lat="55.8037585" lon="37.8284899" version="4" timestamp="2020-11-11T12:50:44Z" changeset="93929108" uid="8662378" user="TimurRin"/>
  <node id="327139438" lat="55.8042996" lon="37.8287586" version="2" timestamp="2011-10-03T17:37:12Z" changeset="9462391" uid="384084" user="Kostik"/>
  <node id="327139442" lat="55.8041841" lon="37.8287625" version="2" timestamp="2011-10-03T17:37:12Z" changeset="9462391" uid="384084" user="Kostik"/>
  <node id="327139500" lat="55.8038037" lon="37.8293212" version="3" timestamp="2020-11-11T12:50:44Z" changeset="93929108" uid="8662378" user="TimurRin"/>
  <node id="327139506" lat="55.8035517" lon="37.8293269" version="3" timestamp="2020-11-11T12:50:44Z" changeset="93929108" uid="8662378" user="TimurRin"/>
  <node id="327139512" lat="55.8035500" lon="37.8290794" version="3" timestamp="2020-11-11T12:50:44Z" changeset="93929108" uid="8662378" user="TimurRin"/>
  <node id="327139518" lat="55.8038020" lon="37.8290737" version="3" timestamp="2020-11-11T12:50:44Z" changeset="93929108" uid="8662378" user="TimurRin"/>
  <node id="327139527" lat="55.8039144" lon="37.8295460" version="2" timestamp="2015-10-11T18:00:07Z" changeset="34574848" uid="235179" user="uryevich"/>
  <node id="327139535" lat="55.8049596" lon="37.8294620" version="2" timestamp="2015-10-11T18:00:07Z" changeset="34574848" uid="235179" user="uryevich"/>
  <node id="327139544" lat="55.8049544" lon="37.8292568" version="2" timestamp="2015-10-11T18:00:07Z" changeset="34574848" uid="235179" user="uryevich"/>
  <node id="327139550" lat="55.8039092" lon="37.8293408" version="2" timestamp="2015-10-11T18:00:07Z" changeset="34574848" uid="235179" user="uryevich"/>
  <node id="327140596" lat="55.8057821" lon="37.8292634" version="4" timestamp="2015-10-11T18:00:07Z" changeset="34574848" uid="235179" user="uryevich"/>
  <node id="327140604" lat="55.8057776" lon="37.8290160" version="4" timestamp="2015-10-11T18:00:07Z" changeset="34574848" uid="235179" user="uryevich"/>
  <node id="327140609" lat="55.8051110" lon="37.8290552" version="4" timestamp="2015-10-11T18:00:07Z" changeset="34574848" uid="235179" user="uryevich"/>
  <node id="327140613" lat="55.8051156" lon="37.8293026" version="4" timestamp="2015-10-11T18:00:07Z" changeset="34574848" uid="235179" user="uryevich"/>
  <node id="518308553" lat="55.8020010" lon="37.8298160" version="2" timestamp="2011-01-23T03:39:59Z" changeset="7057677" uid="133332" user="AMDmi3"/>
  <node id="518308556" lat="55.8019767" lon="37.8299570" version="2" timestamp="2011-01-23T03:39:45Z" changeset="7057677" uid="133332" user="AMDmi3"/>
  <node id="518308557" lat="55.8023809" lon="37.8299746" version="2" timestamp="2011-01-23T03:39:53Z" changeset="7057677" uid="133332" user="AMDmi3"/>
  <node id="518308558" lat="55.8033226" lon="37.8291367" version="6" timestamp="2026-06-13T05:07:44Z" changeset="184040813" uid="12117593" user="89r"/>
  <node id="518308559" lat="55.8037268" lon="37.8298831" version="2" timestamp="2009-11-27T11:33:57Z" changeset="3227268" uid="65310" user="dolphin92"/>
  <node id="518308560" lat="55.8032329" lon="37.8291480" version="3" timestamp="2026-06-13T05:07:44Z" changeset="184040813" uid="12117593" user="89r"/>
  <node id="518308561" lat="55.8027902" lon="37.8299450" version="3" timestamp="2016-09-18T16:51:02Z" changeset="42251472" uid="2268702" user="Imp_GL"/>
  <node id="518308563" lat="55.8027321" lon="37.8301820" version="2" timestamp="2011-01-23T03:39:54Z" changeset="7057677" uid="133332" user="AMDmi3"/>
  <node id="518308564" lat="55.8030176" lon="37.8305551" version="3" timestamp="2011-01-23T03:39:57Z" changeset="7057677" uid="133332" user="AMDmi3"/>
  <node id="518308565" lat="55.8023799" lon="37.8301030" version="2" timestamp="2011-01-23T03:39:38Z" changeset="7057677" uid="133332" user="AMDmi3"/>
  <node id="586613244" lat="55.8046002" lon="37.8304600" version="4" timestamp="2018-06-01T07:42:18Z" changeset="59452361" uid="3708354" user="eugene-lisovskiy"/>
  <node id="586613256" lat="55.8046005" lon="37.8306969" version="4" timestamp="2018-06-01T07:42:18Z" changeset="59452361" uid="3708354" user="eugene-lisovskiy"/>
  <node id="586613273" lat="55.8043377" lon="37.8312101" version="4" timestamp="2018-06-01T07:42:18Z" changeset="59452361" uid="3708354" user="eugene-lisovskiy"/>
  <node id="586613282" lat="55.8047920" lon="37.8312085" version="4" timestamp="2018-06-01T07:42:18Z" changeset="59452361" uid="3708354" user="eugene-lisovskiy"/>
  <node id="586613300" lat="55.8040375" lon="37.8316448" version="4" timestamp="2018-06-01T07:42:18Z" changeset="59452361" uid="3708354" user="eugene-lisovskiy"/>
  <node id="586613306" lat="55.8040370" lon="37.8312019" version="4" timestamp="2018-06-01T07:42:18Z" changeset="59452361" uid="3708354" user="eugene-lisovskiy"/>
  <node id="586613341" lat="55.8042375" lon="37.8312009" version="4" timestamp="2018-06-01T07:42:18Z" changeset="59452361" uid="3708354" user="eugene-lisovskiy"/>
  <node id="586613346" lat="55.8042366" lon="37.8304613" version="4" timestamp="2018-06-01T07:42:18Z" changeset="59452361" uid="3708354" user="eugene-lisovskiy"/>
  <node id="666805254" lat="55.8046995" lon="37.8282868" version="4" timestamp="2015-07-19T17:01:39Z" changeset="32736720" uid="3075784" user="airpilot"/>
  <node id="666805255" lat="55.8047219" lon="37.8280128" version="4" timestamp="2015-07-19T17:01:39Z" changeset="32736720" uid="3075784" user="airpilot"/>
  <node id="666805256" lat="55.8046953" lon="37.8280141" version="4" timestamp="2015-07-19T17:01:39Z" changeset="32736720" uid="3075784" user="airpilot"/>
  <node id="666805258" lat="55.8050251" lon="37.8282306" version="4" timestamp="2015-07-19T17:01:39Z" changeset="32736720" uid="3075784" user="airpilot"/>
  <node id="666805259" lat="55.8047534" lon="37.8282440" version="4" timestamp="2015-07-19T17:01:39Z" changeset="32736720" uid="3075784" user="airpilot"/>
  <node id="666805260" lat="55.8047540" lon="37.8282842" version="4" timestamp="2015-07-19T17:01:39Z" changeset="32736720" uid="3075784" user="airpilot"/>
  <node id="666805262" lat="55.8050257" lon="37.8282714" version="4" timestamp="2015-07-19T17:01:40Z" changeset="32736720" uid="3075784" user="airpilot"/>
  <node id="666805263" lat="55.8048368" lon="37.8283846" version="4" timestamp="2015-07-19T17:01:39Z" changeset="32736720" uid="3075784" user="airpilot"/>
  <node id="666805264" lat="55.8049429" lon="37.8282346" version="4" timestamp="2015-07-19T17:01:39Z" changeset="32736720" uid="3075784" user="airpilot"/>
  <node id="666805265" lat="55.8048346" lon="37.8282400" version="4" timestamp="2015-07-19T17:01:39Z" changeset="32736720" uid="3075784" user="airpilot"/>
  <node id="666805266" lat="55.8050877" lon="37.8282684" version="4" timestamp="2015-07-19T17:01:40Z" changeset="32736720" uid="3075784" user="airpilot"/>
  <node id="666805267" lat="55.8049451" lon="37.8283793" version="4" timestamp="2015-07-19T17:01:39Z" changeset="32736720" uid="3075784" user="airpilot"/>
  <node id="666805268" lat="55.8050547" lon="37.8279845" version="4" timestamp="2015-07-19T17:01:40Z" changeset="32736720" uid="3075784" user="airpilot"/>
  <node id="666805269" lat="55.8050833" lon="37.8279831" version="4" timestamp="2015-07-19T17:01:40Z" changeset="32736720" uid="3075784" user="airpilot"/>
  <node id="666805270" lat="55.8056249" lon="37.8283514" version="3" timestamp="2015-10-11T18:00:08Z" changeset="34574848" uid="235179" user="uryevich"/>
  <node id="666805271" lat="55.8054285" lon="37.8283694" version="3" timestamp="2015-10-11T18:00:08Z" changeset="34574848" uid="235179" user="uryevich"/>
  <node id="666805272" lat="55.8054351" lon="37.8285974" version="3" timestamp="2015-10-11T18:00:08Z" changeset="34574848" uid="235179" user="uryevich"/>
  <node id="666805274" lat="55.8056315" lon="37.8285794" version="3" timestamp="2015-10-11T18:00:08Z" changeset="34574848" uid="235179" user="uryevich"/>
  <node id="666894983" lat="55.8037865" lon="37.8299695" version="6" timestamp="2020-06-18T20:46:37Z" changeset="86841500" uid="355953" user="Aspid"/>
  <node id="666895008" lat="55.8039246" lon="37.8289824" version="3" timestamp="2019-06-21T17:54:34Z" changeset="71491379" uid="9657291" user="BANO notIT"/>
  <node id="666895009" lat="55.8038395" lon="37.8288111" version="2" timestamp="2019-04-29T14:52:39Z" changeset="69699808" uid="9657291" user="BANO notIT"/>
  <node id="722150246" lat="55.8032687" lon="37.8300931" version="30" timestamp="2023-09-17T00:03:31Z" changeset="141362331" uid="461130" user="Fizzie-DWG">
    <tag k="historic" v="memorial"/>
    <tag k="memorial" v="war_memorial"/>
    <tag k="name" v="Cоловецким юнгам"/>
  </node>
  <node id="815242773" lat="55.8025287" lon="37.8287630" version="1" timestamp="2010-07-13T16:07:20Z" changeset="5209395" uid="79836" user="Hind"/>
  <node id="815242796" lat="55.8040013" lon="37.8318275" version="2" timestamp="2018-06-01T07:42:18Z" changeset="59452361" uid="3708354" user="eugene-lisovskiy"/>
  <node id="815242850" lat="55.8028435" lon="37.8318649" version="2" timestamp="2020-11-07T17:00:47Z" changeset="93714122" uid="8662378" user="TimurRin"/>
  <node id="815242994" lat="55.8047312" lon="37.8318767" version="1" timestamp="2010-07-13T16:07:25Z" changeset="5209395" uid="79836" user="Hind"/>
  <node id="815243044" lat="55.8043721" lon="37.8306978" version="2" timestamp="2018-06-01T07:42:18Z" changeset="59452361" uid="3708354" user="eugene-lisovskiy"/>
  <node id="815243058" lat="55.8028364" lon="37.8311530" version="2" timestamp="2020-11-07T17:00:47Z" changeset="93714122" uid="8662378" user="TimurRin"/>
  <node id="815243227" lat="55.8028580" lon="37.8317892" version="2" timestamp="2020-11-07T17:00:47Z" changeset="93714122" uid="8662378" user="TimurRin"/>
  <node id="815243285" lat="55.8030342" lon="37.8296323" version="6" timestamp="2023-02-06T17:40:31Z" changeset="132168154" uid="830106" user="literan"/>
  <node id="815243341" lat="55.8046758" lon="37.8318748" version="1" timestamp="2010-07-13T16:07:30Z" changeset="5209395" uid="79836" user="Hind"/>
  <node id="815243403" lat="55.8043372" lon="37.8308243" version="2" timestamp="2018-06-01T07:42:18Z" changeset="59452361" uid="3708354" user="eugene-lisovskiy"/>
  <node id="815243446" lat="55.8042797" lon="37.8316440" version="2" timestamp="2018-06-01T07:42:18Z" changeset="59452361" uid="3708354" user="eugene-lisovskiy"/>
  <node id="815243634" lat="55.8028404" lon="37.8315549" version="2" timestamp="2020-11-07T17:00:47Z" changeset="93714122" uid="8662378" user="TimurRin"/>
  <node id="815243741" lat="55.8028536" lon="37.8311525" version="2" timestamp="2020-11-07T17:00:47Z" changeset="93714122" uid="8662378" user="TimurRin"/>
  <node id="815243805" lat="55.8025436" lon="37.8285219" version="1" timestamp="2010-07-13T16:07:39Z" changeset="5209395" uid="79836" user="Hind"/>
  <node id="815243840" lat="55.8046443" lon="37.8318266" version="2" timestamp="2018-06-01T07:42:18Z" changeset="59452361" uid="3708354" user="eugene-lisovskiy"/>
  <node id="815244062" lat="55.8041275" lon="37.8312013" version="2" timestamp="2018-06-01T07:42:18Z" changeset="59452361" uid="3708354" user="eugene-lisovskiy"/>
  <node id="815244091" lat="55.8034431" lon="37.8305320" version="5" timestamp="2023-02-06T17:40:31Z" changeset="132168154" uid="830106" user="literan"/>
  <node id="815244257" lat="55.8052179" lon="37.8317551" version="2" timestamp="2020-11-30T21:20:39Z" changeset="95068618" uid="363136" user="neo-plan"/>
  <node id="815244353" lat="55.8043722" lon="37.8308242" version="2" timestamp="2018-06-01T07:42:18Z" changeset="59452361" uid="3708354" user="eugene-lisovskiy"/>
  <node id="815244378" lat="55.8028587" lon="37.8318645" version="2" timestamp="2020-11-07T17:00:47Z" changeset="93714122" uid="8662378" user="TimurRin"/>
  <node id="815244448" lat="55.8047872" lon="37.8306352" version="2" timestamp="2018-06-01T07:42:19Z" changeset="59452361" uid="3708354" user="eugene-lisovskiy"/>
  <node id="815244526" lat="55.8028372" lon="37.8312282" version="2" timestamp="2020-11-07T17:00:47Z" changeset="93714122" uid="8662378" user="TimurRin"/>
  <node id="815244713" lat="55.8047873" lon="37.8307421" version="2" timestamp="2018-06-01T07:42:19Z" changeset="59452361" uid="3708354" user="eugene-lisovskiy"/>
  <node id="815244800" lat="55.8042796" lon="37.8315701" version="2" timestamp="2018-06-01T07:42:18Z" changeset="59452361" uid="3708354" user="eugene-lisovskiy"/>
  <node id="815244869" lat="55.8041274" lon="37.8311134" version="2" timestamp="2018-06-01T07:42:18Z" changeset="59452361" uid="3708354" user="eugene-lisovskiy"/>
  <node id="815244906" lat="55.8028544" lon="37.8312277" version="2" timestamp="2020-11-07T17:00:47Z" changeset="93714122" uid="8662378" user="TimurRin"/>
  <node id="815244976" lat="55.8025991" lon="37.8285328" version="1" timestamp="2010-07-13T16:07:56Z" changeset="5209395" uid="79836" user="Hind"/>
  <node id="815245049" lat="55.8028427" lon="37.8317897" version="2" timestamp="2020-11-07T17:00:47Z" changeset="93714122" uid="8662378" user="TimurRin"/>
  <node id="815245078" lat="55.8047924" lon="37.8315683" version="2" timestamp="2018-06-01T07:42:18Z" changeset="59452361" uid="3708354" user="eugene-lisovskiy"/>
  <node id="815245135" lat="55.8040779" lon="37.8312018" version="2" timestamp="2018-06-01T07:42:18Z" changeset="59452361" uid="3708354" user="eugene-lisovskiy"/>
  <node id="815245448" lat="55.8029796" lon="37.8303624" version="5" timestamp="2023-02-06T17:40:31Z" changeset="132168154" uid="830106" user="literan"/>
  <node id="815245730" lat="55.8028548" lon="37.8314732" version="2" timestamp="2020-11-07T17:00:47Z" changeset="93714122" uid="8662378" user="TimurRin"/>
  <node id="815245779" lat="55.8047285" lon="37.8307422" version="2" timestamp="2018-06-01T07:42:19Z" changeset="59452361" uid="3708354" user="eugene-lisovskiy"/>
  <node id="815245849" lat="55.8028396" lon="37.8314736" version="2" timestamp="2020-11-07T17:00:47Z" changeset="93714122" uid="8662378" user="TimurRin"/>
  <node id="815245899" lat="55.8040778" lon="37.8311136" version="2" timestamp="2018-06-01T07:42:18Z" changeset="59452361" uid="3708354" user="eugene-lisovskiy"/>
  <node id="815245931" lat="55.8028556" lon="37.8315544" version="2" timestamp="2020-11-07T17:00:47Z" changeset="93714122" uid="8662378" user="TimurRin"/>
  <node id="815245963" lat="55.8025842" lon="37.8287738" version="1" timestamp="2010-07-13T16:08:13Z" changeset="5209395" uid="79836" user="Hind"/>
  <node id="815245985" lat="55.8047285" lon="37.8306353" version="2" timestamp="2018-06-01T07:42:19Z" changeset="59452361" uid="3708354" user="eugene-lisovskiy"/>
  <node id="815246177" lat="55.8031879" lon="37.8306234" version="5" timestamp="2023-02-06T17:40:31Z" changeset="132168154" uid="830106" user="literan"/>
  <node id="1116408832" lat="55.8021907" lon="37.8299730" version="1" timestamp="2011-01-23T03:39:22Z" changeset="7057677" uid="133332" user="AMDmi3"/>
  <node id="1116408849" lat="55.8026608" lon="37.8300864" version="1" timestamp="2011-01-23T03:39:23Z" changeset="7057677" uid="133332" user="AMDmi3"/>
  <node id="1116408851" lat="55.8027543" lon="37.8296045" version="3" timestamp="2020-11-07T17:00:47Z" changeset="93714122" uid="8662378" user="TimurRin"/>
  <node id="1116408860" lat="55.8028613" lon="37.8297438" version="1" timestamp="2011-01-23T03:39:24Z" changeset="7057677" uid="133332" user="AMDmi3"/>
  <node id="1116408863" lat="55.8051057" lon="37.8287216" version="1" timestamp="2011-01-23T03:39:24Z" changeset="7057677" uid="133332" user="AMDmi3"/>
  <node id="1116408876" lat="55.8037767" lon="37.8313786" version="2" timestamp="2017-08-29T17:42:35Z" changeset="51551792" uid="6565568" user="Филиал Восточный ГУП &quot;Мосгортранс&quot;"/>
  <node id="1116408878" lat="55.8021947" lon="37.8299045" version="1" timestamp="2011-01-23T03:39:24Z" changeset="7057677" uid="133332" user="AMDmi3"/>
  <node id="1116408879" lat="55.8051034" lon="37.8286291" version="1" timestamp="2011-01-23T03:39:24Z" changeset="7057677" uid="133332" user="AMDmi3"/>
  <node id="1116408887" lat="55.8028626" lon="37.8303061" version="1" timestamp="2011-01-23T03:39:25Z" changeset="7057677" uid="133332" user="AMDmi3"/>
  <node id="1116408889" lat="55.8035507" lon="37.8313960" version="2" timestamp="2017-08-29T17:42:35Z" changeset="51551792" uid="6565568" user="Филиал Восточный ГУП &quot;Мосгортранс&quot;"/>
  <node id="1116408899" lat="55.8024964" lon="37.8293492" version="3" timestamp="2020-11-07T17:00:47Z" changeset="93714122" uid="8662378" user="TimurRin"/>
  <node id="1116408902" lat="55.8024908" lon="37.8295847" version="3" timestamp="2020-11-07T17:00:47Z" changeset="93714122" uid="8662378" user="TimurRin"/>
  <node id="1116408916" lat="55.8026103" lon="37.8300179" version="1" timestamp="2011-01-23T03:39:26Z" changeset="7057677" uid="133332" user="AMDmi3"/>
  <node id="1116408925" lat="55.8029735" lon="37.8295264" version="2" timestamp="2020-11-07T17:00:47Z" changeset="93714122" uid="8662378" user="TimurRin"/>
  <node id="1116408930" lat="55.8051593" lon="37.8286245" version="1" timestamp="2011-01-23T03:39:27Z" changeset="7057677" uid="133332" user="AMDmi3"/>
  <node id="1116408939" lat="55.8035448" lon="37.8311351" version="2" timestamp="2017-08-29T17:42:35Z" changeset="51551792" uid="6565568" user="Филиал Восточный ГУП &quot;Мосгортранс&quot;"/>
  <node id="1116408941" lat="55.8021695" lon="37.8300391" version="1" timestamp="2011-01-23T03:39:28Z" changeset="7057677" uid="133332" user="AMDmi3"/>
  <node id="1116408945" lat="55.8027599" lon="37.8293690" version="3" timestamp="2020-11-07T17:00:47Z" changeset="93714122" uid="8662378" user="TimurRin"/>
  <node id="1116408947" lat="55.8027883" lon="37.8302092" version="1" timestamp="2011-01-23T03:39:28Z" changeset="7057677" uid="133332" user="AMDmi3"/>
  <node id="1116408948" lat="55.8037736" lon="37.8311200" version="2" timestamp="2017-08-29T17:42:35Z" changeset="51551792" uid="6565568" user="Филиал Восточный ГУП &quot;Мосгортранс&quot;"/>
  <node id="1116408958" lat="55.8027259" lon="37.8300179" version="1" timestamp="2011-01-23T03:39:29Z" changeset="7057677" uid="133332" user="AMDmi3"/>
  <node id="1116408970" lat="55.8051616" lon="37.8287171" version="1" timestamp="2011-01-23T03:39:29Z" changeset="7057677" uid="133332" user="AMDmi3"/>
  <node id="1321951326" lat="55.8038041" lon="37.8309843" version="5" timestamp="2021-11-04T19:10:32Z" changeset="113382038" uid="363136" user="neo-plan"/>
  <node id="1321951350" lat="55.8034705" lon="37.8296190" version="4" timestamp="2023-02-06T17:40:31Z" changeset="132168154" uid="830106" user="literan"/>
  <node id="1321951355" lat="55.8032113" lon="37.8292478" version="5" timestamp="2020-06-18T20:46:37Z" changeset="86841500" uid="355953" user="Aspid"/>
  <node id="1321951359" lat="55.8029327" lon="37.8299891" version="3" timestamp="2023-02-06T17:40:31Z" changeset="132168154" uid="830106" user="literan"/>
  <node id="1321951370" lat="55.8037757" lon="37.8310252" version="4" timestamp="2021-11-04T19:10:32Z" changeset="113382038" uid="363136" user="neo-plan"/>
  <node id="1321951373" lat="55.8035761" lon="37.8299419" version="4" timestamp="2023-02-06T17:40:31Z" changeset="132168154" uid="830106" user="literan"/>
  <node id="1321951377" lat="55.8032565" lon="37.8306364" version="3" timestamp="2023-02-06T17:40:31Z" changeset="132168154" uid="830106" user="literan"/>
  <node id="1321951385" lat="55.8030927" lon="37.8295550" version="4" timestamp="2023-02-06T17:40:31Z" changeset="132168154" uid="830106" user="literan"/>
  <node id="1321951397" lat="55.8031845" lon="37.8293114" version="5" timestamp="2020-06-18T20:46:37Z" changeset="86841500" uid="355953" user="Aspid"/>
  <node id="1321951398" lat="55.8033445" lon="37.8311151" version="4" timestamp="2026-05-28T15:50:17Z" changeset="183312449" uid="12117593" user="89r"/>
  <node id="1321951400" lat="55.8029868" lon="37.8297308" version="12" timestamp="2024-07-30T09:21:30Z" changeset="154594614" uid="182327" user="Zenfiric">
    <tag k="bus" v="yes"/>
    <tag k="name" v="Площадь Соловецких Юнг"/>
    <tag k="public_transport" v="stop_position"/>
  </node>
  <node id="1321951404" lat="55.8033442" lon="37.8292189" version="3" timestamp="2026-06-13T05:07:44Z" changeset="184040813" uid="12117593" user="89r"/>
  <node id="1321951419" lat="55.8031326" lon="37.8305929" version="5" timestamp="2023-03-03T02:21:30Z" changeset="133233404" uid="2055718" user="Bobropiton"/>
  <node id="1321951433" lat="55.8032014" lon="37.8294848" version="4" timestamp="2023-02-06T17:40:31Z" changeset="132168154" uid="830106" user="literan"/>
  <node id="1321951443" lat="55.8030402" lon="37.8304903" version="3" timestamp="2023-02-06T17:40:31Z" changeset="132168154" uid="830106" user="literan"/>
  <node id="1321951461" lat="55.8031288" lon="37.8294361" version="4" timestamp="2020-06-18T20:46:37Z" changeset="86841500" uid="355953" user="Aspid"/>
  <node id="1321951467" lat="55.8034853" lon="37.8304695" version="3" timestamp="2023-02-06T17:40:31Z" changeset="132168154" uid="830106" user="literan"/>
  <node id="1321951482" lat="55.8032605" lon="37.8291113" version="13" timestamp="2025-06-03T16:34:29Z" changeset="167143306" uid="5642897" user="Travieso">
    <tag k="button_operated" v="no"/>
    <tag k="crossing" v="traffic_signals"/>
    <tag k="crossing:island" v="no"/>
    <tag k="crossing:signals" v="yes"/>
    <tag k="highway" v="crossing"/>
    <tag k="ref" v="2833"/>
    <tag k="tactile_paving" v="no"/>
    <tag k="traffic_signals" v="yes"/>
    <tag k="traffic_signals:sound" v="no"/>
  </node>
  <node id="1321951484" lat="55.8037423" lon="37.8310509" version="4" timestamp="2021-11-04T19:10:32Z" changeset="113382038" uid="363136" user="neo-plan"/>
  <node id="1321951505" lat="55.8029430" lon="37.8302154" version="3" timestamp="2023-02-06T17:40:31Z" changeset="132168154" uid="830106" user="literan"/>
  <node id="1321951517" lat="55.8033462" lon="37.8294989" version="4" timestamp="2023-02-06T17:40:31Z" changeset="132168154" uid="830106" user="literan"/>
  <node id="1321951526" lat="55.8033956" lon="37.8305810" version="3" timestamp="2023-02-06T17:40:31Z" changeset="132168154" uid="830106" user="literan"/>
  <node id="1321951535" lat="55.8036672" lon="37.8310775" version="3" timestamp="2020-06-15T20:31:59Z" changeset="86686822" uid="355953" user="Aspid"/>
  <node id="1322407252" lat="55.8050100" lon="37.8309260" version="2" timestamp="2020-11-30T21:17:02Z" changeset="95068618" uid="363136" user="neo-plan"/>
  <node id="1322407297" lat="55.8033898" lon="37.8290437" version="5" timestamp="2024-10-07T20:50:06Z" changeset="157599017" uid="363136" user="neo-plan"/>
  <node id="1322407343" lat="55.8040697" lon="37.8302097" version="3" timestamp="2020-06-16T07:59:14Z" changeset="86706700" uid="355953" user="Aspid"/>
  <node id="1322407654" lat="55.8033229" lon="37.8291136" version="3" timestamp="2024-10-07T20:50:06Z" changeset="157599017" uid="363136" user="neo-plan"/>
  <node id="1322407789" lat="55.8049911" lon="37.8302565" version="1" timestamp="2011-06-12T18:10:17Z" changeset="8418046" uid="316868" user="LexIgnatov"/>
  <node id="1322407930" lat="55.8039226" lon="37.8307212" version="4" timestamp="2026-05-14T23:53:43Z" changeset="182674081" uid="363136" user="neo-plan"/>
  <node id="1322407986" lat="55.8031873" lon="37.8291128" version="5" timestamp="2025-06-03T16:34:24Z" changeset="167143302" uid="5642897" user="Travieso">
    <tag k="barrier" v="kerb"/>
    <tag k="kerb" v="lowered"/>
    <tag k="tactile_paving" v="no"/>
  </node>
  <node id="1322408060" lat="55.8049804" lon="37.8298463" version="2" timestamp="2020-06-16T07:59:14Z" changeset="86706700" uid="355953" user="Aspid"/>
  <node id="1322408069" lat="55.8039098" lon="37.8299594" version="10" timestamp="2026-05-14T23:53:43Z" changeset="182674081" uid="363136" user="neo-plan">
    <tag k="button_operated" v="no"/>
    <tag k="crossing" v="traffic_signals"/>
    <tag k="crossing:island" v="no"/>
    <tag k="highway" v="crossing"/>
    <tag k="ref" v="2833"/>
    <tag k="tactile_paving" v="no"/>
    <tag k="traffic_signals:sound" v="no"/>
  </node>
  <node id="1322408095" lat="55.8046514" lon="37.8298829" version="2" timestamp="2020-06-16T07:59:14Z" changeset="86706700" uid="355953" user="Aspid"/>
  <node id="1322408172" lat="55.8040654" lon="37.8309813" version="2" timestamp="2018-06-01T07:42:19Z" changeset="59452361" uid="3708354" user="eugene-lisovskiy"/>
  <node id="1322408186" lat="55.8038913" lon="37.8293108" version="2" timestamp="2026-05-14T23:53:43Z" changeset="182674081" uid="363136" user="neo-plan"/>
  <node id="1322408242" lat="55.8046605" lon="37.8301784" version="3" timestamp="2020-06-16T07:59:14Z" changeset="86706700" uid="355953" user="Aspid"/>
  <node id="2411787416" lat="55.8027434" lon="37.8300988" version="8" timestamp="2025-06-03T16:36:37Z" changeset="167143296" uid="5642897" user="Travieso">
    <tag k="button_operated" v="no"/>
    <tag k="crossing" v="traffic_signals"/>
    <tag k="crossing:island" v="no"/>
    <tag k="highway" v="crossing"/>
    <tag k="ref" v="2833"/>
    <tag k="tactile_paving" v="no"/>
    <tag k="traffic_signals:sound" v="yes"/>
  </node>
  <node id="2458101783" lat="55.8025836" lon="37.8294715" version="1" timestamp="2013-09-14T14:21:27Z" changeset="17833573" uid="363136" user="neo-plan">
    <tag k="amenity" v="library"/>
  </node>
  <node id="2814463162" lat="55.8045249" lon="37.8288578" version="2" timestamp="2015-10-11T18:00:07Z" changeset="34574848" uid="235179" user="uryevich"/>
  <node id="2814463163" lat="55.8049967" lon="37.8288086" version="2" timestamp="2015-10-11T18:00:07Z" changeset="34574848" uid="235179" user="uryevich"/>
  <node id="2814463164" lat="55.8052056" lon="37.8283020" version="2" timestamp="2015-10-11T18:00:07Z" changeset="34574848" uid="235179" user="uryevich"/>
  <node id="2814463168" lat="55.8057072" lon="37.8282504" version="2" timestamp="2015-10-11T18:00:07Z" changeset="34574848" uid="235179" user="uryevich"/>
  <node id="3531577569" lat="55.8039024" lon="37.8297365" version="3" timestamp="2026-05-14T23:53:43Z" changeset="182674081" uid="363136" user="neo-plan"/>
  <node id="3782313874" lat="55.8039316" lon="37.8292345" version="2" timestamp="2019-04-29T14:52:39Z" changeset="69699808" uid="9657291" user="BANO notIT"/>
  <node id="3782313875" lat="55.8039038" lon="37.8301605" version="3" timestamp="2026-05-14T23:53:43Z" changeset="182674081" uid="363136" user="neo-plan"/>
  <node id="3782313876" lat="55.8046585" lon="37.8301056" version="3" timestamp="2026-05-14T23:53:43Z" changeset="182674081" uid="363136" user="neo-plan"/>
  <node id="3782313877" lat="55.8048580" lon="37.8290859" version="2" timestamp="2019-04-29T15:21:36Z" changeset="69700880" uid="9657291" user="BANO notIT"/>
  <node id="3782313878" lat="55.8049833" lon="37.8299697" version="1" timestamp="2015-10-11T17:59:58Z" changeset="34574848" uid="235179" user="uryevich"/>
  <node id="3782313879" lat="55.8050427" lon="37.8288655" version="2" timestamp="2023-07-24T19:17:44Z" changeset="138955610" uid="363136" user="neo-plan"/>
  <node id="3782313880" lat="55.8057898" lon="37.8288006" version="1" timestamp="2015-10-11T17:59:58Z" changeset="34574848" uid="235179" user="uryevich"/>
  <node id="3868756871" lat="55.8058079" lon="37.8289270" version="1" timestamp="2015-11-30T11:08:41Z" changeset="35663107" uid="79836" user="Hind"/>
  <node id="3956664891" lat="55.8035158" lon="37.8315822" version="2" timestamp="2021-11-02T19:29:39Z" changeset="113299216" uid="363136" user="neo-plan"/>
  <node id="3956664906" lat="55.8036172" lon="37.8315915" version="2" timestamp="2021-11-02T19:29:39Z" changeset="113299216" uid="363136" user="neo-plan"/>
  <node id="3959192279" lat="55.8027235" lon="37.8292543" version="2" timestamp="2016-01-22T10:09:44Z" changeset="36734091" uid="962086" user="crab64"/>
  <node id="3959192280" lat="55.8024149" lon="37.8292316" version="1" timestamp="2016-01-22T09:44:25Z" changeset="36734091" uid="962086" user="crab64"/>
  <node id="3959192281" lat="55.8030617" lon="37.8293416" version="2" timestamp="2020-11-07T17:00:47Z" changeset="93714122" uid="8662378" user="TimurRin"/>
  <node id="3959219949" lat="55.8027029" lon="37.8288754" version="2" timestamp="2026-06-13T05:07:44Z" changeset="184040813" uid="12117593" user="89r"/>
  <node id="3959219951" lat="55.8026978" lon="37.8279795" version="2" timestamp="2026-06-13T05:07:44Z" changeset="184040813" uid="12117593" user="89r"/>
  <node id="3982947305" lat="55.8019116" lon="37.8316382" version="1" timestamp="2016-02-01T21:08:22Z" changeset="36946108" uid="3525463" user="gtnh1201"/>
  <node id="3982947306" lat="55.8019177" lon="37.8313681" version="2" timestamp="2016-02-06T19:38:48Z" changeset="37047747" uid="3525463" user="gtnh1201"/>
  <node id="3982947307" lat="55.8019611" lon="37.8317012" version="1" timestamp="2016-02-01T21:08:22Z" changeset="36946108" uid="3525463" user="gtnh1201"/>
  <node id="3982947308" lat="55.8020997" lon="37.8308678" version="2" timestamp="2016-02-06T19:38:49Z" changeset="37047747" uid="3525463" user="gtnh1201"/>
  <node id="3982947313" lat="55.8024412" lon="37.8309214" version="1" timestamp="2016-02-01T21:08:22Z" changeset="36946108" uid="3525463" user="gtnh1201"/>
  <node id="3982947318" lat="55.8026091" lon="37.8314869" version="1" timestamp="2016-02-01T21:08:22Z" changeset="36946108" uid="3525463" user="gtnh1201"/>
  <node id="3982947319" lat="55.8027947" lon="37.8309002" version="2" timestamp="2020-11-07T17:00:47Z" changeset="93714122" uid="8662378" user="TimurRin"/>
  <node id="3982947325" lat="55.8030063" lon="37.8304282" version="2" timestamp="2023-02-06T17:40:31Z" changeset="132168154" uid="830106" user="literan"/>
  <node id="3992504060" lat="55.8019051" lon="37.8296262" version="1" timestamp="2016-02-06T19:38:43Z" changeset="37047747" uid="3525463" user="gtnh1201"/>
  <node id="3992504062" lat="55.8019719" lon="37.8301324" version="1" timestamp="2016-02-06T19:38:43Z" changeset="37047747" uid="3525463" user="gtnh1201"/>
  <node id="3992504064" lat="55.8020087" lon="37.8317976" version="1" timestamp="2016-02-06T19:38:43Z" changeset="37047747" uid="3525463" user="gtnh1201"/>
  <node id="3992504066" lat="55.8020260" lon="37.8314047" version="1" timestamp="2016-02-06T19:38:43Z" changeset="37047747" uid="3525463" user="gtnh1201"/>
  <node id="3992504067" lat="55.8020905" lon="37.8316160" version="1" timestamp="2016-02-06T19:38:43Z" changeset="37047747" uid="3525463" user="gtnh1201"/>
  <node id="3992504068" lat="55.8020981" lon="37.8314137" version="1" timestamp="2016-02-06T19:38:43Z" changeset="37047747" uid="3525463" user="gtnh1201"/>
  <node id="3992504069" lat="55.8021007" lon="37.8309013" version="1" timestamp="2016-02-06T19:38:43Z" changeset="37047747" uid="3525463" user="gtnh1201"/>
  <node id="3992504071" lat="55.8021115" lon="37.8312475" version="1" timestamp="2016-02-06T19:38:43Z" changeset="37047747" uid="3525463" user="gtnh1201"/>
  <node id="3992504074" lat="55.8021473" lon="37.8291704" version="1" timestamp="2016-02-06T19:38:43Z" changeset="37047747" uid="3525463" user="gtnh1201"/>
  <node id="3992504075" lat="55.8021621" lon="37.8318156" version="1" timestamp="2016-02-06T19:38:43Z" changeset="37047747" uid="3525463" user="gtnh1201"/>
  <node id="3992504076" lat="55.8021708" lon="37.8316276" version="1" timestamp="2016-02-06T19:38:43Z" changeset="37047747" uid="3525463" user="gtnh1201"/>
  <node id="3992504078" lat="55.8021879" lon="37.8297327" version="1" timestamp="2016-02-06T19:38:43Z" changeset="37047747" uid="3525463" user="gtnh1201"/>
  <node id="3992504079" lat="55.8021901" lon="37.8291908" version="1" timestamp="2016-02-06T19:38:43Z" changeset="37047747" uid="3525463" user="gtnh1201"/>
  <node id="3992504080" lat="55.8022316" lon="37.8292686" version="1" timestamp="2016-02-06T19:38:43Z" changeset="37047747" uid="3525463" user="gtnh1201"/>
  <node id="3992504082" lat="55.8023641" lon="37.8317934" version="1" timestamp="2016-02-06T19:38:43Z" changeset="37047747" uid="3525463" user="gtnh1201"/>
  <node id="3992504083" lat="55.8023673" lon="37.8312934" version="1" timestamp="2016-02-06T19:38:43Z" changeset="37047747" uid="3525463" user="gtnh1201"/>
  <node id="3992504084" lat="55.8023720" lon="37.8298199" version="1" timestamp="2016-02-06T19:38:43Z" changeset="37047747" uid="3525463" user="gtnh1201"/>
  <node id="3992504085" lat="55.8023793" lon="37.8314238" version="1" timestamp="2016-02-06T19:38:43Z" changeset="37047747" uid="3525463" user="gtnh1201"/>
  <node id="3992504086" lat="55.8023923" lon="37.8293355" version="1" timestamp="2016-02-06T19:38:43Z" changeset="37047747" uid="3525463" user="gtnh1201"/>
  <node id="3992504087" lat="55.8023997" lon="37.8298848" version="1" timestamp="2016-02-06T19:38:43Z" changeset="37047747" uid="3525463" user="gtnh1201"/>
  <node id="3992504088" lat="55.8024134" lon="37.8292975" version="1" timestamp="2016-02-06T19:38:43Z" changeset="37047747" uid="3525463" user="gtnh1201"/>
  <node id="3992504091" lat="55.8025422" lon="37.8318128" version="1" timestamp="2016-02-06T19:38:43Z" changeset="37047747" uid="3525463" user="gtnh1201"/>
  <node id="3992504092" lat="55.8025516" lon="37.8314572" version="1" timestamp="2016-02-06T19:38:43Z" changeset="37047747" uid="3525463" user="gtnh1201"/>
  <node id="3992504099" lat="55.8027413" lon="37.8297735" version="4" timestamp="2026-06-13T05:07:44Z" changeset="184040813" uid="12117593" user="89r"/>
  <node id="3992504100" lat="55.8028124" lon="37.8303360" version="2" timestamp="2020-11-07T17:00:47Z" changeset="93714122" uid="8662378" user="TimurRin"/>
  <node id="3992504101" lat="55.8028548" lon="37.8292930" version="3" timestamp="2026-06-13T05:07:44Z" changeset="184040813" uid="12117593" user="89r"/>
  <node id="4407036223" lat="55.8027361" lon="37.8303429" version="1" timestamp="2016-09-18T16:50:54Z" changeset="42251472" uid="2268702" user="Imp_GL"/>
  <node id="4407036224" lat="55.8027486" lon="37.8299253" version="1" timestamp="2016-09-18T16:50:54Z" changeset="42251472" uid="2268702" user="Imp_GL"/>
  <node id="4407036225" lat="55.8029189" lon="37.8296678" version="2" timestamp="2020-11-07T17:00:47Z" changeset="93714122" uid="8662378" user="TimurRin"/>
  <node id="4407036226" lat="55.8030064" lon="37.8294558" version="2" timestamp="2020-11-07T17:00:47Z" changeset="93714122" uid="8662378" user="TimurRin"/>
  <node id="4407036227" lat="55.8030569" lon="37.8293493" version="1" timestamp="2016-09-18T16:50:54Z" changeset="42251472" uid="2268702" user="Imp_GL"/>
  <node id="4407036228" lat="55.8031820" lon="37.8292232" version="1" timestamp="2016-09-18T16:50:54Z" changeset="42251472" uid="2268702" user="Imp_GL"/>
  <node id="4407036232" lat="55.8036697" lon="37.8294613" version="3" timestamp="2024-08-28T21:18:42Z" changeset="155901431" uid="363136" user="neo-plan">
    <tag k="emergency" v="ladder_site"/>
  </node>
  <node id="4477197619" lat="55.8034322" lon="37.8295141" version="5" timestamp="2024-07-30T13:37:55Z" changeset="154607100" uid="564990" user="mavl">
    <tag k="bus" v="yes"/>
    <tag k="name" v="Площадь Соловецких Юнг"/>
    <tag k="public_transport" v="stop_position"/>
    <tag k="share_taxi" v="yes"/>
  </node>
  <node id="4703715121" lat="55.8038479" lon="37.8297105" version="2" timestamp="2020-06-16T07:59:14Z" changeset="86706700" uid="355953" user="Aspid"/>
  <node id="4707412435" lat="55.8035586" lon="37.8294552" version="1" timestamp="2017-02-26T22:57:09Z" changeset="46428045" uid="266092" user="luch86"/>
  <node id="4707412436" lat="55.8035327" lon="37.8294123" version="1" timestamp="2017-02-26T22:57:09Z" changeset="46428045" uid="266092" user="luch86"/>
  <node id="4707412437" lat="55.8035209" lon="37.8294348" version="1" timestamp="2017-02-26T22:57:09Z" changeset="46428045" uid="266092" user="luch86"/>
  <node id="4707412438" lat="55.8035467" lon="37.8294777" version="1" timestamp="2017-02-26T22:57:09Z" changeset="46428045" uid="266092" user="luch86"/>
  <node id="4707412439" lat="55.8036812" lon="37.8296085" version="3" timestamp="2024-08-28T21:18:42Z" changeset="155901431" uid="363136" user="neo-plan">
    <tag k="amenity" v="bench"/>
    <tag k="backrest" v="yes"/>
  </node>
  <node id="4938138150" lat="55.8036041" lon="37.8295836" version="1" timestamp="2017-06-27T09:06:24Z" changeset="49856229" uid="2268702" user="Imp_GL"/>
  <node id="5067170521" lat="55.8035391" lon="37.8305701" version="2" timestamp="2023-02-06T17:40:31Z" changeset="132168154" uid="830106" user="literan"/>
  <node id="5067170522" lat="55.8033902" lon="37.8314121" version="1" timestamp="2017-08-29T18:03:25Z" changeset="51552405" uid="6565568" user="Филиал Восточный ГУП &quot;Мосгортранс&quot;"/>
  <node id="5067170523" lat="55.8035909" lon="37.8314083" version="1" timestamp="2017-08-29T18:03:25Z" changeset="51552405" uid="6565568" user="Филиал Восточный ГУП &quot;Мосгортранс&quot;"/>
  <node id="5067170524" lat="55.8035916" lon="37.8314297" version="1" timestamp="2017-08-29T18:03:25Z" changeset="51552405" uid="6565568" user="Филиал Восточный ГУП &quot;Мосгортранс&quot;"/>
  <node id="5067170525" lat="55.8036361" lon="37.8314272" version="1" timestamp="2017-08-29T18:03:26Z" changeset="51552405" uid="6565568" user="Филиал Восточный ГУП &quot;Мосгортранс&quot;"/>
  <node id="5067170526" lat="55.8036361" lon="37.8314058" version="1" timestamp="2017-08-29T18:03:26Z" changeset="51552405" uid="6565568" user="Филиал Восточный ГУП &quot;Мосгортранс&quot;"/>
  <node id="5067170527" lat="55.8036870" lon="37.8314033" version="1" timestamp="2017-08-29T18:03:26Z" changeset="51552405" uid="6565568" user="Филиал Восточный ГУП &quot;Мосгортранс&quot;"/>
  <node id="5067170528" lat="55.8036877" lon="37.8314272" version="1" timestamp="2017-08-29T18:03:26Z" changeset="51552405" uid="6565568" user="Филиал Восточный ГУП &quot;Мосгортранс&quot;"/>
  <node id="5067170529" lat="55.8037117" lon="37.8314259" version="1" timestamp="2017-08-29T18:03:26Z" changeset="51552405" uid="6565568" user="Филиал Восточный ГУП &quot;Мосгортранс&quot;"/>
  <node id="5067170530" lat="55.8037125" lon="37.8314020" version="1" timestamp="2017-08-29T18:03:26Z" changeset="51552405" uid="6565568" user="Филиал Восточный ГУП &quot;Мосгортранс&quot;"/>
  <node id="5067170532" lat="55.8038430" lon="37.8314056" version="2" timestamp="2026-05-14T23:53:43Z" changeset="182674081" uid="363136" user="neo-plan">
    <tag k="barrier" v="kerb"/>
  </node>
  <node id="5067170533" lat="55.8038248" lon="37.8302715" version="4" timestamp="2026-05-14T23:53:43Z" changeset="182674081" uid="363136" user="neo-plan"/>
  <node id="5464891395" lat="55.8055891" lon="37.8286773" version="2" timestamp="2026-05-28T15:50:17Z" changeset="183312449" uid="12117593" user="89r"/>
  <node id="5464891396" lat="55.8057230" lon="37.8286697" version="2" timestamp="2026-05-28T15:50:17Z" changeset="183312449" uid="12117593" user="89r"/>
  <node id="5464891397" lat="55.8057107" lon="37.8279883" version="3" timestamp="2026-05-28T15:50:17Z" changeset="183312449" uid="12117593" user="89r"/>
  <node id="5464891398" lat="55.8055922" lon="37.8288474" version="2" timestamp="2026-05-28T15:50:17Z" changeset="183312449" uid="12117593" user="89r"/>
  <node id="5464891399" lat="55.8058914" lon="37.8288304" version="2" timestamp="2026-05-28T15:50:17Z" changeset="183312449" uid="12117593" user="89r"/>
  <node id="5464891400" lat="55.8058761" lon="37.8279789" version="2" timestamp="2026-05-28T15:50:17Z" changeset="183312449" uid="12117593" user="89r"/>
  <node id="5464891401" lat="55.8057718" lon="37.8280333" version="1" timestamp="2018-03-08T16:08:59Z" changeset="57005358" uid="79836" user="Hind"/>
  <node id="5655550034" lat="55.8039809" lon="37.8301851" version="3" timestamp="2026-05-14T23:53:43Z" changeset="182674081" uid="363136" user="neo-plan"/>
  <node id="5655550035" lat="55.8048209" lon="37.8301522" version="3" timestamp="2026-05-14T23:53:43Z" changeset="182674081" uid="363136" user="neo-plan"/>
  <node id="5655550036" lat="55.8048384" lon="37.8309251" version="2" timestamp="2020-06-16T07:59:14Z" changeset="86706700" uid="355953" user="Aspid"/>
  <node id="5655550037" lat="55.8049003" lon="37.8310023" version="3" timestamp="2025-07-23T21:16:18Z" changeset="169367447" uid="363136" user="neo-plan"/>
  <node id="5655550038" lat="55.8049095" lon="37.8317963" version="1" timestamp="2018-06-01T07:42:17Z" changeset="59452361" uid="3708354" user="eugene-lisovskiy"/>
  <node id="5655550039" lat="55.8039586" lon="37.8317430" version="2" timestamp="2020-06-16T07:59:14Z" changeset="86706700" uid="355953" user="Aspid"/>
  <node id="5655550040" lat="55.8046591" lon="37.8301571" version="3" timestamp="2026-05-14T23:53:43Z" changeset="182674081" uid="363136" user="neo-plan">
    <tag k="barrier" v="gate"/>
  </node>
  <node id="5655550041" lat="55.8040666" lon="37.8307221" version="2" timestamp="2020-06-16T07:59:14Z" changeset="86706700" uid="355953" user="Aspid"/>
  <node id="5655550042" lat="55.8042370" lon="37.8307210" version="2" timestamp="2020-06-16T07:59:14Z" changeset="86706700" uid="355953" user="Aspid">
    <tag k="entrance" v="yes"/>
  </node>
  <node id="5655550043" lat="55.8046174" lon="37.8308211" version="1" timestamp="2018-06-01T07:42:17Z" changeset="59452361" uid="3708354" user="eugene-lisovskiy"/>
  <node id="5655550044" lat="55.8043921" lon="37.8308200" version="1" timestamp="2018-06-01T07:42:17Z" changeset="59452361" uid="3708354" user="eugene-lisovskiy"/>
  <node id="5655550045" lat="55.8043917" lon="37.8310891" version="1" timestamp="2018-06-01T07:42:17Z" changeset="59452361" uid="3708354" user="eugene-lisovskiy"/>
  <node id="5655550046" lat="55.8046170" lon="37.8310901" version="1" timestamp="2018-06-01T07:42:17Z" changeset="59452361" uid="3708354" user="eugene-lisovskiy"/>
  <node id="5655550048" lat="55.8046966" lon="37.8309826" version="2" timestamp="2020-06-16T07:59:14Z" changeset="86706700" uid="355953" user="Aspid"/>
  <node id="5655550049" lat="55.8048524" lon="37.8309885" version="2" timestamp="2020-06-16T07:59:14Z" changeset="86706700" uid="355953" user="Aspid"/>
  <node id="5655550050" lat="55.8048552" lon="37.8316030" version="2" timestamp="2020-06-16T07:59:14Z" changeset="86706700" uid="355953" user="Aspid"/>
  <node id="5655550051" lat="55.8048332" lon="37.8316950" version="2" timestamp="2020-06-16T07:59:14Z" changeset="86706700" uid="355953" user="Aspid"/>
  <node id="5655550052" lat="55.8039987" lon="37.8316835" version="2" timestamp="2020-06-16T07:59:14Z" changeset="86706700" uid="355953" user="Aspid"/>
  <node id="5768622161" lat="55.8030124" lon="37.8293955" version="2" timestamp="2020-11-07T17:00:47Z" changeset="93714122" uid="8662378" user="TimurRin"/>
  <node id="6436462111" lat="55.8058917" lon="37.8283689" version="3" timestamp="2022-11-28T06:36:46Z" changeset="129460485" uid="9657291" user="BANO notIT">
    <tag k="barrier" v="bollard"/>
    <tag k="bollard" v="fixed"/>
  </node>
  <node id="6436462114" lat="55.8058911" lon="37.8283028" version="1" timestamp="2019-04-29T15:21:35Z" changeset="69700880" uid="9657291" user="BANO notIT"/>
  <node id="6436462115" lat="55.8057785" lon="37.8283183" version="1" timestamp="2019-04-29T15:21:35Z" changeset="69700880" uid="9657291" user="BANO notIT"/>
  <node id="6436462116" lat="55.8057237" lon="37.8279379" version="1" timestamp="2019-04-29T15:21:35Z" changeset="69700880" uid="9657291" user="BANO notIT"/>
  <node id="6436504990" lat="55.8052778" lon="37.8278888" version="1" timestamp="2019-04-29T15:39:48Z" changeset="69701508" uid="9657291" user="BANO notIT"/>
  <node id="6436504991" lat="55.8052823" lon="37.8282266" version="1" timestamp="2019-04-29T15:39:48Z" changeset="69701508" uid="9657291" user="BANO notIT"/>
  <node id="6436504992" lat="55.8056734" lon="37.8282099" version="1" timestamp="2019-04-29T15:39:48Z" changeset="69701508" uid="9657291" user="BANO notIT"/>
  <node id="6436504996" lat="55.8047936" lon="37.8282420" version="1" timestamp="2019-04-29T15:39:48Z" changeset="69701508" uid="9657291" user="BANO notIT">
    <tag k="entrance" v="emergency"/>
  </node>
  <node id="6436504997" lat="55.8049824" lon="37.8282327" version="1" timestamp="2019-04-29T15:39:48Z" changeset="69701508" uid="9657291" user="BANO notIT">
    <tag k="entrance" v="emergency"/>
  </node>
  <node id="6436504998" lat="55.8048927" lon="37.8283819" version="2" timestamp="2022-07-12T10:57:02Z" changeset="123515141" uid="9657291" user="BANO notIT">
    <tag k="entrance" v="secondary"/>
    <tag k="wheelchair" v="yes"/>
  </node>
  <node id="6436505001" lat="55.8050083" lon="37.8287888" version="2" timestamp="2023-07-24T19:17:44Z" changeset="138955610" uid="363136" user="neo-plan">
    <tag k="entrance" v="secondary"/>
  </node>
  <node id="6436505006" lat="55.8048790" lon="37.8285252" version="2" timestamp="2019-07-20T20:30:00Z" changeset="72469075" uid="9657291" user="BANO notIT"/>
  <node id="6436505007" lat="55.8046579" lon="37.8285379" version="2" timestamp="2019-07-20T20:30:00Z" changeset="72469075" uid="9657291" user="BANO notIT"/>
  <node id="6436505008" lat="55.8046618" lon="37.8287505" version="2" timestamp="2019-07-20T20:30:00Z" changeset="72469075" uid="9657291" user="BANO notIT"/>
  <node id="6436505009" lat="55.8048828" lon="37.8287377" version="2" timestamp="2019-07-20T20:30:00Z" changeset="72469075" uid="9657291" user="BANO notIT"/>
  <node id="6439721414" lat="55.8049255" lon="37.8283904" version="1" timestamp="2019-04-30T20:47:23Z" changeset="69751089" uid="9657291" user="BANO notIT"/>
  <node id="6439721415" lat="55.8046714" lon="37.8283974" version="1" timestamp="2019-04-30T20:47:23Z" changeset="69751089" uid="9657291" user="BANO notIT"/>
  <node id="6439721418" lat="55.8051482" lon="37.8283624" version="1" timestamp="2019-04-30T20:47:23Z" changeset="69751089" uid="9657291" user="BANO notIT"/>
  <node id="6439721420" lat="55.8048256" lon="37.8283937" version="2" timestamp="2019-07-20T20:30:00Z" changeset="72469075" uid="9657291" user="BANO notIT"/>
  <node id="6439721421" lat="55.8048260" lon="37.8285283" version="2" timestamp="2019-07-20T20:30:00Z" changeset="72469075" uid="9657291" user="BANO notIT"/>
  <node id="6439721425" lat="55.8052801" lon="37.8280615" version="1" timestamp="2019-04-30T20:47:23Z" changeset="69751089" uid="9657291" user="BANO notIT"/>
  <node id="6439721426" lat="55.8051400" lon="37.8280762" version="1" timestamp="2019-04-30T20:47:23Z" changeset="69751089" uid="9657291" user="BANO notIT"/>
  <node id="6563459518" lat="55.8043770" lon="37.8288094" version="1" timestamp="2019-06-21T17:54:34Z" changeset="71491379" uid="9657291" user="BANO notIT"/>
  <node id="6563459519" lat="55.8049763" lon="37.8288547" version="1" timestamp="2019-06-21T17:54:34Z" changeset="71491379" uid="9657291" user="BANO notIT"/>
  <node id="6563459520" lat="55.8045430" lon="37.8289027" version="2" timestamp="2026-05-28T15:50:17Z" changeset="183312449" uid="12117593" user="89r"/>
  <node id="6563459521" lat="55.8044652" lon="37.8289422" version="1" timestamp="2019-06-21T17:54:34Z" changeset="71491379" uid="9657291" user="BANO notIT"/>
  <node id="6563459522" lat="55.8043812" lon="37.8289502" version="1" timestamp="2019-06-21T17:54:34Z" changeset="71491379" uid="9657291" user="BANO notIT"/>
  <node id="6563459523" lat="55.8043882" lon="37.8291550" version="1" timestamp="2019-06-21T17:54:34Z" changeset="71491379" uid="9657291" user="BANO notIT"/>
  <node id="6563459524" lat="55.8044720" lon="37.8291446" version="1" timestamp="2019-06-21T17:54:34Z" changeset="71491379" uid="9657291" user="BANO notIT"/>
  <node id="6563459525" lat="55.8043874" lon="37.8291614" version="1" timestamp="2019-06-21T17:54:34Z" changeset="71491379" uid="9657291" user="BANO notIT"/>
  <node id="6563459526" lat="55.8041135" lon="37.8289785" version="1" timestamp="2019-06-21T17:54:34Z" changeset="71491379" uid="9657291" user="BANO notIT"/>
  <node id="6563459527" lat="55.8041170" lon="37.8292048" version="1" timestamp="2019-06-21T17:54:34Z" changeset="71491379" uid="9657291" user="BANO notIT"/>
  <node id="6563459528" lat="55.8038553" lon="37.8288429" version="1" timestamp="2019-06-21T17:54:34Z" changeset="71491379" uid="9657291" user="BANO notIT"/>
  <node id="6563459531" lat="55.8039279" lon="37.8284106" version="1" timestamp="2019-06-21T17:54:34Z" changeset="71491379" uid="9657291" user="BANO notIT"/>
  <node id="6563459532" lat="55.8040911" lon="37.8284041" version="1" timestamp="2019-06-21T17:54:34Z" changeset="71491379" uid="9657291" user="BANO notIT"/>
  <node id="6563459533" lat="55.8034876" lon="37.8288002" version="1" timestamp="2019-06-21T17:54:34Z" changeset="71491379" uid="9657291" user="BANO notIT"/>
  <node id="6634272243" lat="55.8024049" lon="37.8297560" version="3" timestamp="2026-06-13T05:07:44Z" changeset="184040813" uid="12117593" user="89r"/>
  <node id="7124438453" lat="55.8037269" lon="37.8312595" version="2" timestamp="2022-07-28T21:45:04Z" changeset="124204687" uid="16674883" user="Netfox777">
    <tag k="disused:shop" v="yes"/>
  </node>
  <node id="7124453584" lat="55.8023308" lon="37.8317465" version="1" timestamp="2020-01-11T15:03:27Z" changeset="79453445" uid="363136" user="neo-plan"/>
  <node id="7124472285" lat="55.8022269" lon="37.8312996" version="1" timestamp="2020-01-11T15:03:27Z" changeset="79453445" uid="363136" user="neo-plan"/>
  <node id="7124472286" lat="55.8022024" lon="37.8317230" version="1" timestamp="2020-01-11T15:03:27Z" changeset="79453445" uid="363136" user="neo-plan"/>
  <node id="7124472287" lat="55.8023553" lon="37.8313231" version="1" timestamp="2020-01-11T15:03:27Z" changeset="79453445" uid="363136" user="neo-plan"/>
  <node id="7623936917" lat="55.8032279" lon="37.8306718" version="1" timestamp="2020-06-15T20:31:59Z" changeset="86686822" uid="355953" user="Aspid"/>
  <node id="7623936918" lat="55.8032653" lon="37.8307196" version="1" timestamp="2020-06-15T20:31:59Z" changeset="86686822" uid="355953" user="Aspid"/>
  <node id="7623936919" lat="55.8033073" lon="37.8307978" version="1" timestamp="2020-06-15T20:31:59Z" changeset="86686822" uid="355953" user="Aspid"/>
  <node id="7623936920" lat="55.8033314" lon="37.8308763" version="1" timestamp="2020-06-15T20:31:59Z" changeset="86686822" uid="355953" user="Aspid"/>
  <node id="7623936921" lat="55.8033460" lon="37.8307768" version="1" timestamp="2020-06-15T20:31:59Z" changeset="86686822" uid="355953" user="Aspid"/>
  <node id="7623936922" lat="55.8033664" lon="37.8306823" version="1" timestamp="2020-06-15T20:31:59Z" changeset="86686822" uid="355953" user="Aspid"/>
  <node id="7625057204" lat="55.8048472" lon="37.8316631" version="1" timestamp="2020-06-16T07:59:14Z" changeset="86706700" uid="355953" user="Aspid"/>
  <node id="7633421031" lat="55.8035822" lon="37.8300813" version="2" timestamp="2023-02-06T17:40:31Z" changeset="132168154" uid="830106" user="literan"/>
  <node id="7633421032" lat="55.8035694" lon="37.8302193" version="2" timestamp="2023-02-06T17:40:31Z" changeset="132168154" uid="830106" user="literan"/>
  <node id="7633421033" lat="55.8036074" lon="37.8302004" version="1" timestamp="2020-06-18T20:46:37Z" changeset="86841500" uid="355953" user="Aspid"/>
  <node id="7633421034" lat="55.8036531" lon="37.8301203" version="1" timestamp="2020-06-18T20:46:37Z" changeset="86841500" uid="355953" user="Aspid"/>
  <node id="7633421035" lat="55.8037351" lon="37.8300169" version="1" timestamp="2020-06-18T20:46:37Z" changeset="86841500" uid="355953" user="Aspid"/>
  <node id="7633421036" lat="55.8036951" lon="37.8300637" version="2" timestamp="2024-05-16T19:51:11Z" changeset="151425224" uid="363136" user="neo-plan">
    <tag k="highway" v="traffic_signals"/>
    <tag k="traffic_signals" v="signal"/>
  </node>
  <node id="7633421037" lat="55.8037437" lon="37.8299413" version="1" timestamp="2020-06-18T20:46:37Z" changeset="86841500" uid="355953" user="Aspid"/>
  <node id="7633421038" lat="55.8037119" lon="37.8299172" version="1" timestamp="2020-06-18T20:46:37Z" changeset="86841500" uid="355953" user="Aspid"/>
  <node id="7633421039" lat="55.8035813" lon="37.8297794" version="1" timestamp="2020-06-18T20:46:37Z" changeset="86841500" uid="355953" user="Aspid"/>
  <node id="7633421040" lat="55.8035095" lon="37.8296907" version="2" timestamp="2023-02-06T17:40:31Z" changeset="132168154" uid="830106" user="literan"/>
  <node id="7633421041" lat="55.8038516" lon="37.8299640" version="1" timestamp="2020-06-18T20:46:37Z" changeset="86841500" uid="355953" user="Aspid"/>
  <node id="7686170000" lat="55.8025139" lon="37.8311856" version="22" timestamp="2023-09-17T00:03:31Z" changeset="141362331" uid="461130" user="Fizzie-DWG">
    <tag k="historic" v="memorial"/>
    <tag k="name" v="Пётр I"/>
  </node>
  <node id="8082172855" lat="55.8050447" lon="37.8294179" version="2" timestamp="2023-07-24T19:17:44Z" changeset="138955610" uid="363136" user="neo-plan"/>
  <node id="8082172856" lat="55.8050512" lon="37.8298423" version="3" timestamp="2025-09-08T21:16:58Z" changeset="171656868" uid="363136" user="neo-plan">
    <tag k="crossing" v="uncontrolled"/>
    <tag k="highway" v="crossing"/>
  </node>
  <node id="8082172857" lat="55.8050978" lon="37.8294520" version="1" timestamp="2020-11-04T19:44:26Z" changeset="93560169" uid="363136" user="neo-plan">
    <tag k="amenity" v="parking"/>
  </node>
  <node id="8082172858" lat="55.8050475" lon="37.8295975" version="2" timestamp="2023-07-24T19:17:44Z" changeset="138955610" uid="363136" user="neo-plan"/>
  <node id="8082172860" lat="55.8050890" lon="37.8294094" version="1" timestamp="2020-11-04T19:44:26Z" changeset="93560169" uid="363136" user="neo-plan"/>
  <node id="8091273160" lat="55.8029102" lon="37.8296372" version="1" timestamp="2020-11-07T17:00:47Z" changeset="93714122" uid="8662378" user="TimurRin">
    <tag k="amenity" v="fast_food"/>
    <tag k="cuisine" v="kebab"/>
  </node>
  <node id="8091273162" lat="55.8029950" lon="37.8293958" version="2" timestamp="2025-06-03T16:35:58Z" changeset="167143356" uid="5642897" user="Travieso">
    <tag k="name:signed" v="no"/>
    <tag k="shop" v="tobacco"/>
  </node>
  <node id="8091273163" lat="55.8029107" lon="37.8296602" version="1" timestamp="2020-11-07T17:00:47Z" changeset="93714122" uid="8662378" user="TimurRin"/>
  <node id="8091273164" lat="55.8028661" lon="37.8296059" version="1" timestamp="2020-11-07T17:00:47Z" changeset="93714122" uid="8662378" user="TimurRin"/>
  <node id="8091273165" lat="55.8029678" lon="37.8293412" version="1" timestamp="2020-11-07T17:00:47Z" changeset="93714122" uid="8662378" user="TimurRin"/>
  <node id="8091273166" lat="55.8028443" lon="37.8298270" version="1" timestamp="2020-11-07T17:00:47Z" changeset="93714122" uid="8662378" user="TimurRin"/>
  <node id="8108139700" lat="55.8030094" lon="37.8292228" version="1" timestamp="2020-11-11T12:50:44Z" changeset="93929108" uid="8662378" user="TimurRin"/>
  <node id="8108139710" lat="55.8034408" lon="37.8292960" version="1" timestamp="2020-11-11T12:50:44Z" changeset="93929108" uid="8662378" user="TimurRin"/>
  <node id="8108139711" lat="55.8034687" lon="37.8293362" version="1" timestamp="2020-11-11T12:50:44Z" changeset="93929108" uid="8662378" user="TimurRin"/>
  <node id="8108139712" lat="55.8034812" lon="37.8293089" version="1" timestamp="2020-11-11T12:50:44Z" changeset="93929108" uid="8662378" user="TimurRin"/>
  <node id="8108139713" lat="55.8034532" lon="37.8292687" version="1" timestamp="2020-11-11T12:50:44Z" changeset="93929108" uid="8662378" user="TimurRin"/>
  <node id="8108139714" lat="55.8034642" lon="37.8292068" version="4" timestamp="2025-06-03T16:34:57Z" changeset="167143322" uid="5642897" user="Travieso">
    <tag k="amenity" v="vending_machine"/>
    <tag k="check_date" v="2025-06-03"/>
    <tag k="contact:email" v="info@a-moloko.ru"/>
    <tag k="contact:phone" v="+7 800 5007923"/>
    <tag k="contact:website" v="https://www.a-moloko.ru"/>
    <tag k="name" v="А-Молоко"/>
    <tag k="opening_hours" v="24/7"/>
    <tag k="vending" v="milk"/>
  </node>
  <node id="8181028314" lat="55.8051627" lon="37.8316859" version="1" timestamp="2020-11-30T21:17:02Z" changeset="95068618" uid="363136" user="neo-plan"/>
  <node id="8181074717" lat="55.8051612" lon="37.8314424" version="1" timestamp="2020-11-30T21:17:02Z" changeset="95068618" uid="363136" user="neo-plan"/>
  <node id="8773935635" lat="55.8019238" lon="37.8297211" version="2" timestamp="2021-08-20T19:49:43Z" changeset="110004107" uid="363136" user="neo-plan">
    <tag k="communication:mobile_phone" v="yes"/>
    <tag k="man_made" v="mast"/>
    <tag k="tower:type" v="communication"/>
  </node>
  <node id="8846967386" lat="55.8044268" lon="37.8284804" version="1" timestamp="2021-06-18T22:19:04Z" changeset="106611394" uid="363136" user="neo-plan">
    <tag k="amenity" v="parking"/>
  </node>
  <node id="8868729202" lat="55.8043068" lon="37.8305930" version="1" timestamp="2021-06-26T19:52:08Z" changeset="107015291" uid="363136" user="neo-plan">
    <tag k="amenity" v="driving_school"/>
  </node>
  <node id="8895898323" lat="55.8024183" lon="37.8299405" version="1" timestamp="2021-07-05T20:06:42Z" changeset="107458543" uid="363136" user="neo-plan">
    <tag k="amenity" v="waste_disposal"/>
  </node>
  <node id="8895898324" lat="55.8024105" lon="37.8301249" version="1" timestamp="2021-07-05T20:06:42Z" changeset="107458543" uid="363136" user="neo-plan">
    <tag k="amenity" v="waste_disposal"/>
  </node>
  <node id="8905292537" lat="55.8039797" lon="37.8303343" version="3" timestamp="2026-05-14T23:53:43Z" changeset="182674081" uid="363136" user="neo-plan">
    <tag k="barrier" v="wicket_gate"/>
  </node>
  <node id="8905292539" lat="55.8048827" lon="37.8288651" version="1" timestamp="2021-07-08T20:54:27Z" changeset="107660343" uid="363136" user="neo-plan"/>
  <node id="8905488066" lat="55.8031069" lon="37.8292564" version="2" timestamp="2026-06-13T05:07:44Z" changeset="184040813" uid="12117593" user="89r"/>
  <node id="8905488067" lat="55.8028915" lon="37.8280290" version="1" timestamp="2021-07-08T21:19:09Z" changeset="107661207" uid="363136" user="neo-plan">
    <tag k="shop" v="hardware"/>
  </node>
  <node id="8905544537" lat="55.8029583" lon="37.8302907" version="2" timestamp="2023-02-06T17:40:31Z" changeset="132168154" uid="830106" user="literan"/>
  <node id="8905544538" lat="55.8031790" lon="37.8301110" version="2" timestamp="2023-02-06T17:40:31Z" changeset="132168154" uid="830106" user="literan"/>
  <node id="8905544539" lat="55.8031947" lon="37.8301578" version="2" timestamp="2023-02-06T17:40:31Z" changeset="132168154" uid="830106" user="literan"/>
  <node id="8905544540" lat="55.8032179" lon="37.8301936" version="2" timestamp="2023-02-06T17:40:31Z" changeset="132168154" uid="830106" user="literan"/>
  <node id="8905544541" lat="55.8033328" lon="37.8301774" version="2" timestamp="2023-02-06T17:40:31Z" changeset="132168154" uid="830106" user="literan"/>
  <node id="8905544542" lat="55.8035210" lon="37.8303954" version="2" timestamp="2023-02-06T17:40:31Z" changeset="132168154" uid="830106" user="literan"/>
  <node id="8905544543" lat="55.8033540" lon="37.8301309" version="2" timestamp="2023-02-06T17:40:31Z" changeset="132168154" uid="830106" user="literan"/>
  <node id="8905544544" lat="55.8033650" lon="37.8300744" version="2" timestamp="2023-02-06T17:40:31Z" changeset="132168154" uid="830106" user="literan"/>
  <node id="8905544545" lat="55.8033646" lon="37.8300145" version="2" timestamp="2023-02-06T17:40:31Z" changeset="132168154" uid="830106" user="literan"/>
  <node id="8905544546" lat="55.8032683" lon="37.8298740" version="2" timestamp="2023-02-06T17:40:31Z" changeset="132168154" uid="830106" user="literan"/>
  <node id="8905544547" lat="55.8032374" lon="37.8298834" version="2" timestamp="2023-02-06T17:40:31Z" changeset="132168154" uid="830106" user="literan"/>
  <node id="8905544548" lat="55.8032099" lon="37.8299099" version="2" timestamp="2023-02-06T17:40:31Z" changeset="132168154" uid="830106" user="literan"/>
  <node id="8905544549" lat="55.8032592" lon="37.8294765" version="2" timestamp="2023-02-06T17:40:31Z" changeset="132168154" uid="830106" user="literan"/>
  <node id="8905544550" lat="55.8033527" lon="37.8299586" version="2" timestamp="2023-02-06T17:40:31Z" changeset="132168154" uid="830106" user="literan"/>
  <node id="8905544551" lat="55.8033308" lon="37.8299132" version="2" timestamp="2023-02-06T17:40:31Z" changeset="132168154" uid="830106" user="literan"/>
  <node id="8905544552" lat="55.8033015" lon="37.8298838" version="2" timestamp="2023-02-06T17:40:31Z" changeset="132168154" uid="830106" user="literan"/>
  <node id="8905544553" lat="55.8031885" lon="37.8299505" version="2" timestamp="2023-02-06T17:40:31Z" changeset="132168154" uid="830106" user="literan"/>
  <node id="8905544554" lat="55.8031755" lon="37.8300012" version="2" timestamp="2023-02-06T17:40:31Z" changeset="132168154" uid="830106" user="literan"/>
  <node id="8905544555" lat="55.8031722" lon="37.8300566" version="2" timestamp="2023-02-06T17:40:31Z" changeset="132168154" uid="830106" user="literan"/>
  <node id="8905544556" lat="55.8032463" lon="37.8302147" version="2" timestamp="2023-02-06T17:40:31Z" changeset="132168154" uid="830106" user="literan"/>
  <node id="8905544557" lat="55.8032769" lon="37.8302190" version="2" timestamp="2023-02-06T17:40:31Z" changeset="132168154" uid="830106" user="literan"/>
  <node id="8905544558" lat="55.8033067" lon="37.8302062" version="2" timestamp="2023-02-06T17:40:31Z" changeset="132168154" uid="830106" user="literan"/>
  <node id="8905544559" lat="55.8032631" lon="37.8295801" version="2" timestamp="2023-02-06T17:40:31Z" changeset="132168154" uid="830106" user="literan"/>
  <node id="8905544560" lat="55.8033757" lon="37.8296257" version="2" timestamp="2023-02-06T17:40:31Z" changeset="132168154" uid="830106" user="literan"/>
  <node id="8905544561" lat="55.8034250" lon="37.8296803" version="2" timestamp="2023-02-06T17:40:31Z" changeset="132168154" uid="830106" user="literan"/>
  <node id="8905544562" lat="55.8034664" lon="37.8297528" version="2" timestamp="2023-02-06T17:40:31Z" changeset="132168154" uid="830106" user="literan"/>
  <node id="8905544563" lat="55.8034978" lon="37.8298398" version="2" timestamp="2023-02-06T17:40:31Z" changeset="132168154" uid="830106" user="literan"/>
  <node id="8905544564" lat="55.8035177" lon="37.8299370" version="2" timestamp="2023-02-06T17:40:31Z" changeset="132168154" uid="830106" user="literan"/>
  <node id="8905544565" lat="55.8035250" lon="37.8300395" version="2" timestamp="2023-02-06T17:40:31Z" changeset="132168154" uid="830106" user="literan"/>
  <node id="8905544566" lat="55.8035195" lon="37.8301424" version="2" timestamp="2023-02-06T17:40:31Z" changeset="132168154" uid="830106" user="literan"/>
  <node id="8905544567" lat="55.8035014" lon="37.8302406" version="2" timestamp="2023-02-06T17:40:31Z" changeset="132168154" uid="830106" user="literan"/>
  <node id="8905544568" lat="55.8034716" lon="37.8303294" version="2" timestamp="2023-02-06T17:40:31Z" changeset="132168154" uid="830106" user="literan"/>
  <node id="8905544569" lat="55.8033895" lon="37.8304558" version="2" timestamp="2023-02-06T17:40:31Z" changeset="132168154" uid="830106" user="literan"/>
  <node id="8905544570" lat="55.8033392" lon="37.8304936" version="2" timestamp="2023-02-06T17:40:31Z" changeset="132168154" uid="830106" user="literan"/>
  <node id="8905544571" lat="55.8032856" lon="37.8305121" version="2" timestamp="2023-02-06T17:40:31Z" changeset="132168154" uid="830106" user="literan"/>
  <node id="8905544572" lat="55.8032310" lon="37.8305105" version="2" timestamp="2023-02-06T17:40:31Z" changeset="132168154" uid="830106" user="literan"/>
  <node id="8905544573" lat="55.8031777" lon="37.8304888" version="2" timestamp="2023-02-06T17:40:31Z" changeset="132168154" uid="830106" user="literan"/>
  <node id="8905544574" lat="55.8031282" lon="37.8304480" version="2" timestamp="2023-02-06T17:40:31Z" changeset="132168154" uid="830106" user="literan"/>
  <node id="8905544575" lat="55.8030845" lon="37.8303898" version="2" timestamp="2023-02-06T17:40:31Z" changeset="132168154" uid="830106" user="literan"/>
  <node id="8905544576" lat="55.8030217" lon="37.8302321" version="2" timestamp="2023-02-06T17:40:31Z" changeset="132168154" uid="830106" user="literan"/>
  <node id="8905544577" lat="55.8030036" lon="37.8301214" version="2" timestamp="2023-02-06T17:40:31Z" changeset="132168154" uid="830106" user="literan"/>
  <node id="8905544578" lat="55.8030012" lon="37.8300062" version="2" timestamp="2023-02-06T17:40:31Z" changeset="132168154" uid="830106" user="literan"/>
  <node id="8905544579" lat="55.8030148" lon="37.8298935" version="2" timestamp="2023-02-06T17:40:31Z" changeset="132168154" uid="830106" user="literan"/>
  <node id="8905544580" lat="55.8030435" lon="37.8297902" version="2" timestamp="2023-02-06T17:40:31Z" changeset="132168154" uid="830106" user="literan"/>
  <node id="8905544581" lat="55.8030855" lon="37.8297025" version="2" timestamp="2023-02-06T17:40:31Z" changeset="132168154" uid="830106" user="literan"/>
  <node id="8905544582" lat="55.8031384" lon="37.8296358" version="2" timestamp="2023-02-06T17:40:31Z" changeset="132168154" uid="830106" user="literan"/>
  <node id="8905544583" lat="55.8031988" lon="37.8295941" version="2" timestamp="2023-02-06T17:40:31Z" changeset="132168154" uid="830106" user="literan"/>
  <node id="8905544584" lat="55.8033208" lon="37.8295917" version="2" timestamp="2023-02-06T17:40:31Z" changeset="132168154" uid="830106" user="literan"/>
  <node id="8905544585" lat="55.8034343" lon="37.8304002" version="2" timestamp="2023-02-06T17:40:31Z" changeset="132168154" uid="830106" user="literan"/>
  <node id="8905544586" lat="55.8030485" lon="37.8303168" version="2" timestamp="2023-02-06T17:40:31Z" changeset="132168154" uid="830106" user="literan"/>
  <node id="9023500019" lat="55.8022317" lon="37.8300917" version="11" timestamp="2023-08-23T23:17:23Z" changeset="140296394" uid="19874231" user="SillyWillyDon">
    <tag k="bench" v="yes"/>
    <tag k="bin" v="yes"/>
    <tag k="bus" v="yes"/>
    <tag k="highway" v="bus_stop"/>
    <tag k="lit" v="no"/>
    <tag k="name" v="Площадь Соловецких Юнг"/>
    <tag k="name:uk" v="Площа Соловецьких Юнг"/>
    <tag k="operator" v="ГУП «Мосгортранс»"/>
    <tag k="public_transport" v="platform"/>
    <tag k="shelter" v="yes"/>
    <tag k="tactile_paving" v="no"/>
  </node>
  <node id="9036248486" lat="55.8029580" lon="37.8294941" version="5" timestamp="2023-05-06T14:25:30Z" changeset="135778599" uid="1538111" user="avinet_ua">
    <tag k="amenity" v="pharmacy"/>
    <tag k="brand" v="Планета здоровья"/>
    <tag k="brand:wikidata" v="Q109732844"/>
    <tag k="check_date" v="2023-01-28"/>
    <tag k="dispensing" v="yes"/>
    <tag k="healthcare" v="pharmacy"/>
    <tag k="name" v="Планета здоровья"/>
    <tag k="name:uk" v="Планета здоров'я"/>
    <tag k="opening_hours" v="Mo-Su 00:00-24:00"/>
  </node>
  <node id="9219482352" lat="55.8031091" lon="37.8307409" version="1" timestamp="2021-11-02T19:29:39Z" changeset="113299216" uid="363136" user="neo-plan"/>
  <node id="9219482353" lat="55.8031827" lon="37.8307586" version="1" timestamp="2021-11-02T19:29:39Z" changeset="113299216" uid="363136" user="neo-plan"/>
  <node id="9219482354" lat="55.8032345" lon="37.8307940" version="1" timestamp="2021-11-02T19:29:39Z" changeset="113299216" uid="363136" user="neo-plan"/>
  <node id="9219482355" lat="55.8032802" lon="37.8309002" version="1" timestamp="2021-11-02T19:29:39Z" changeset="113299216" uid="363136" user="neo-plan"/>
  <node id="9219482358" lat="55.8038316" lon="37.8314369" version="2" timestamp="2021-11-04T19:10:32Z" changeset="113382038" uid="363136" user="neo-plan"/>
  <node id="9219482359" lat="55.8033544" lon="37.8314556" version="2" timestamp="2026-05-28T15:50:17Z" changeset="183312449" uid="12117593" user="89r"/>
  <node id="9221466263" lat="55.8039145" lon="37.8309570" version="1" timestamp="2021-11-03T14:41:33Z" changeset="113335975" uid="363136" user="neo-plan"/>
  <node id="9221466264" lat="55.8038949" lon="37.8312171" version="1" timestamp="2021-11-03T14:41:33Z" changeset="113335975" uid="363136" user="neo-plan"/>
  <node id="9221466265" lat="55.8038678" lon="37.8313378" version="1" timestamp="2021-11-03T14:41:33Z" changeset="113335975" uid="363136" user="neo-plan"/>
  <node id="9221478452" lat="55.8038312" lon="37.8304346" version="1" timestamp="2021-11-03T14:37:47Z" changeset="113335808" uid="363136" user="neo-plan"/>
  <node id="9221478453" lat="55.8037208" lon="37.8304374" version="1" timestamp="2021-11-03T14:37:47Z" changeset="113335808" uid="363136" user="neo-plan"/>
  <node id="9221478454" lat="55.8036940" lon="37.8303062" version="2" timestamp="2023-02-06T17:40:31Z" changeset="132168154" uid="830106" user="literan"/>
  <node id="9221478455" lat="55.8036078" lon="37.8305936" version="1" timestamp="2021-11-03T14:37:47Z" changeset="113335808" uid="363136" user="neo-plan"/>
  <node id="9221478456" lat="55.8036528" lon="37.8303229" version="2" timestamp="2023-02-06T17:40:31Z" changeset="132168154" uid="830106" user="literan"/>
  <node id="9221478457" lat="55.8036060" lon="37.8303614" version="1" timestamp="2021-11-03T14:37:47Z" changeset="113335808" uid="363136" user="neo-plan"/>
  <node id="9221496635" lat="55.8037271" lon="37.8302040" version="1" timestamp="2021-11-03T14:40:46Z" changeset="113335941" uid="363136" user="neo-plan"/>
  <node id="9225056548" lat="55.8038208" lon="37.8307199" version="1" timestamp="2021-11-04T19:10:32Z" changeset="113382038" uid="363136" user="neo-plan"/>
  <node id="9225056549" lat="55.8038248" lon="37.8308849" version="1" timestamp="2021-11-04T19:10:32Z" changeset="113382038" uid="363136" user="neo-plan"/>
  <node id="9225056550" lat="55.8038015" lon="37.8305691" version="1" timestamp="2021-11-04T19:10:32Z" changeset="113382038" uid="363136" user="neo-plan"/>
  <node id="9225056553" lat="55.8037640" lon="37.8315510" version="1" timestamp="2021-11-04T19:10:32Z" changeset="113382038" uid="363136" user="neo-plan"/>
  <node id="9225056554" lat="55.8037630" lon="37.8314377" version="1" timestamp="2021-11-04T19:10:32Z" changeset="113382038" uid="363136" user="neo-plan"/>
  <node id="9225056556" lat="55.8037322" lon="37.8315139" version="1" timestamp="2021-11-04T19:10:32Z" changeset="113382038" uid="363136" user="neo-plan"/>
  <node id="9225056557" lat="55.8034200" lon="37.8315195" version="1" timestamp="2021-11-04T19:10:32Z" changeset="113382038" uid="363136" user="neo-plan"/>
  <node id="9225056560" lat="55.8038537" lon="37.8315165" version="1" timestamp="2021-11-04T19:10:32Z" changeset="113382038" uid="363136" user="neo-plan"/>
  <node id="9225056561" lat="55.8037900" lon="37.8315181" version="1" timestamp="2021-11-04T19:10:32Z" changeset="113382038" uid="363136" user="neo-plan"/>
  <node id="9752813925" lat="55.8029599" lon="37.8305305" version="1" timestamp="2022-05-18T19:50:09Z" changeset="121162313" uid="363136" user="neo-plan"/>
  <node id="9752849578" lat="55.8022239" lon="37.8302018" version="1" timestamp="2022-05-18T19:48:18Z" changeset="121162255" uid="363136" user="neo-plan"/>
  <node id="9934374166" lat="55.8029782" lon="37.8294110" version="2" timestamp="2025-06-03T16:35:44Z" changeset="167143356" uid="5642897" user="Travieso">
    <tag k="name:signed" v="no"/>
    <tag k="shop" v="convenience"/>
  </node>
  <node id="10612107259" lat="55.8039093" lon="37.8299128" version="2" timestamp="2026-05-14T23:53:43Z" changeset="182674081" uid="363136" user="neo-plan"/>
  <node id="10612107260" lat="55.8036644" lon="37.8305599" version="1" timestamp="2023-02-06T17:40:31Z" changeset="132168154" uid="830106" user="literan"/>
  <node id="10612107261" lat="55.8034345" lon="37.8306994" version="1" timestamp="2023-02-06T17:40:31Z" changeset="132168154" uid="830106" user="literan"/>
  <node id="10612107262" lat="55.8033941" lon="37.8310709" version="1" timestamp="2023-02-06T17:40:31Z" changeset="132168154" uid="830106" user="literan"/>
  <node id="10705658021" lat="55.8022429" lon="37.8299916" version="4" timestamp="2024-07-30T13:34:48Z" changeset="154606972" uid="564990" user="mavl">
    <tag k="bus" v="yes"/>
    <tag k="name" v="Площадь Соловецких Юнг"/>
    <tag k="public_transport" v="stop_position"/>
  </node>
  <node id="10983009512" lat="55.8027353" lon="37.8306462" version="6" timestamp="2024-06-10T11:10:15Z" changeset="152492358" uid="12100948" user="kate_rocketdata">
    <tag k="brand" v="Ozon"/>
    <tag k="brand:wikidata" v="Q2365235"/>
    <tag k="brand:wikipedia" v="ru:Ozon.ru"/>
    <tag k="contact:facebook" v="https://www.facebook.com/ozon.ru"/>
    <tag k="contact:instagram" v="https://www.instagram.com/ozonru"/>
    <tag k="contact:phone" v="+7 495 2321000"/>
    <tag k="contact:twitter" v="https://twitter.com/Ozon_ru"/>
    <tag k="contact:vk" v="https://vk.com/ozon"/>
    <tag k="contact:website" v="https://www.ozon.ru/"/>
    <tag k="name" v="Ozon"/>
    <tag k="name:en" v="Ozon"/>
    <tag k="opening_hours" v="Mo-Su 10:00-22:00"/>
    <tag k="shop" v="outpost"/>
  </node>
  <node id="10985400865" lat="55.8050862" lon="37.8317759" version="2" timestamp="2025-07-23T21:16:18Z" changeset="169367447" uid="363136" user="neo-plan"/>
  <node id="10985400867" lat="55.8039633" lon="37.8315037" version="1" timestamp="2023-06-19T01:08:14Z" changeset="137496542" uid="363136" user="neo-plan"/>
  <node id="11065610989" lat="55.8039887" lon="37.8298090" version="1" timestamp="2023-07-24T19:13:56Z" changeset="138955503" uid="363136" user="neo-plan"/>
  <node id="11065610990" lat="55.8050495" lon="37.8297312" version="2" timestamp="2023-07-24T19:17:44Z" changeset="138955610" uid="363136" user="neo-plan"/>
  <node id="11065649627" lat="55.8043511" lon="37.8291672" version="3" timestamp="2023-10-19T05:53:55Z" changeset="142794319" uid="830106" user="literan">
    <tag k="emergency" v="ladder_site"/>
  </node>
  <node id="11065649628" lat="55.8049911" lon="37.8290183" version="1" timestamp="2023-07-24T19:17:44Z" changeset="138955610" uid="363136" user="neo-plan"/>
  <node id="11065649629" lat="55.8049215" lon="37.8290784" version="1" timestamp="2023-07-24T19:17:44Z" changeset="138955610" uid="363136" user="neo-plan"/>
  <node id="11065649630" lat="55.8050205" lon="37.8288619" version="1" timestamp="2023-07-24T19:17:44Z" changeset="138955610" uid="363136" user="neo-plan"/>
  <node id="11065649631" lat="55.8054967" lon="37.8288260" version="3" timestamp="2023-10-19T05:53:55Z" changeset="142794319" uid="830106" user="literan">
    <tag k="emergency" v="ladder_site"/>
  </node>
  <node id="11255863753" lat="55.8039666" lon="37.8301604" version="2" timestamp="2026-05-14T23:53:43Z" changeset="182674081" uid="363136" user="neo-plan"/>
  <node id="11308081112" lat="55.8058826" lon="37.8301844" version="1" timestamp="2023-11-02T18:19:13Z" changeset="143544458" uid="830106" user="literan"/>
  <node id="12153739181" lat="55.8029011" lon="37.8303347" version="3" timestamp="2025-12-13T11:34:32Z" changeset="175879902" uid="830106" user="literan">
    <tag k="description" v="16-я Парковая улица"/>
    <tag k="information" v="map"/>
    <tag k="map_size" v="city"/>
    <tag k="map_type" v="cycleway"/>
    <tag k="operator" v="ЦОДД"/>
    <tag k="tourism" v="information"/>
  </node>
  <node id="12233141274" lat="55.8027986" lon="37.8298739" version="1" timestamp="2024-10-07T20:50:06Z" changeset="157599017" uid="363136" user="neo-plan"/>
  <node id="12233141275" lat="55.8027912" lon="37.8301084" version="2" timestamp="2025-02-11T20:03:14Z" changeset="162405423" uid="363136" user="neo-plan">
    <tag k="highway" v="traffic_signals"/>
    <tag k="traffic_signals" v="signal"/>
  </node>
  <node id="12233141276" lat="55.8027840" lon="37.8303386" version="1" timestamp="2024-10-07T20:50:06Z" changeset="157599017" uid="363136" user="neo-plan"/>
  <node id="12233141277" lat="55.8032608" lon="37.8291291" version="2" timestamp="2024-11-07T20:32:23Z" changeset="158871004" uid="363136" user="neo-plan"/>
  <node id="12233141278" lat="55.8033314" lon="37.8291286" version="1" timestamp="2024-10-07T20:50:06Z" changeset="157599017" uid="363136" user="neo-plan"/>
  <node id="12233141280" lat="55.8031794" lon="37.8291310" version="1" timestamp="2024-10-07T20:50:06Z" changeset="157599017" uid="363136" user="neo-plan"/>
  <node id="12233285325" lat="55.8039148" lon="37.8289024" version="1" timestamp="2024-10-07T22:13:53Z" changeset="157600870" uid="363136" user="neo-plan">
    <tag k="amenity" v="waste_disposal"/>
  </node>
  <node id="12239691711" lat="55.8057823" lon="37.8302014" version="1" timestamp="2024-10-09T21:01:40Z" changeset="157689949" uid="363136" user="neo-plan"/>
  <node id="12539768956" lat="55.8058713" lon="37.8299738" version="1" timestamp="2025-01-28T19:47:59Z" changeset="161871468" uid="363136" user="neo-plan"/>
  <node id="12539768957" lat="55.8057710" lon="37.8299909" version="1" timestamp="2025-01-28T19:47:59Z" changeset="161871468" uid="363136" user="neo-plan"/>
  <node id="12539768958" lat="55.8050587" lon="37.8300257" version="1" timestamp="2025-01-28T19:47:59Z" changeset="161871468" uid="363136" user="neo-plan"/>
  <node id="12539792115" lat="55.8037676" lon="37.8298291" version="2" timestamp="2025-12-13T11:34:32Z" changeset="175879902" uid="830106" user="literan">
    <tag k="description" v="16-я Парковая улица"/>
    <tag k="information" v="map"/>
    <tag k="map_size" v="city"/>
    <tag k="map_type" v="cycleway"/>
    <tag k="operator" v="ЦОДД"/>
    <tag k="tourism" v="information"/>
  </node>
  <node id="12539792116" lat="55.8038509" lon="37.8299155" version="1" timestamp="2025-01-28T19:49:15Z" changeset="161871512" uid="363136" user="neo-plan"/>
  <node id="12539792117" lat="55.8038048" lon="37.8299046" version="1" timestamp="2025-01-28T19:49:15Z" changeset="161871512" uid="363136" user="neo-plan"/>
  <node id="12539792118" lat="55.8037754" lon="37.8298923" version="1" timestamp="2025-01-28T19:49:15Z" changeset="161871512" uid="363136" user="neo-plan"/>
  <node id="12539808743" lat="55.8031998" lon="37.8308426" version="1" timestamp="2025-01-28T19:54:19Z" changeset="161871655" uid="363136" user="neo-plan"/>
  <node id="12539808747" lat="55.8030799" lon="37.8316935" version="2" timestamp="2025-03-11T12:59:17Z" changeset="163484088" uid="363136" user="neo-plan">
    <tag k="traffic_calming" v="bump"/>
  </node>
  <node id="12559658927" lat="55.8046599" lon="37.8301331" version="2" timestamp="2026-05-14T23:53:43Z" changeset="182674081" uid="363136" user="neo-plan">
    <tag k="traffic_calming" v="bump"/>
  </node>
  <node id="12580068557" lat="55.8033277" lon="37.8291221" version="1" timestamp="2025-02-11T20:03:14Z" changeset="162405423" uid="363136" user="neo-plan"/>
  <node id="12580068558" lat="55.8032606" lon="37.8291221" version="2" timestamp="2025-03-01T19:11:38Z" changeset="163099594" uid="363136" user="neo-plan">
    <tag k="highway" v="traffic_signals"/>
    <tag k="traffic_signals" v="signal"/>
  </node>
  <node id="12580068559" lat="55.8031833" lon="37.8291220" version="1" timestamp="2025-02-11T20:03:14Z" changeset="162405423" uid="363136" user="neo-plan"/>
  <node id="12628904833" lat="55.8039225" lon="37.8299569" version="1" timestamp="2025-03-01T19:11:38Z" changeset="163099594" uid="363136" user="neo-plan">
    <tag k="highway" v="traffic_signals"/>
    <tag k="traffic_signals" v="signal"/>
  </node>
  <node id="12628904834" lat="55.8039199" lon="37.8299741" version="2" timestamp="2026-05-14T23:53:43Z" changeset="182674081" uid="363136" user="neo-plan"/>
  <node id="12648179684" lat="55.8030778" lon="37.8309112" version="2" timestamp="2025-03-11T12:59:17Z" changeset="163484088" uid="363136" user="neo-plan">
    <tag k="traffic_calming" v="bump"/>
  </node>
  <node id="12648179685" lat="55.8030789" lon="37.8310776" version="1" timestamp="2025-03-09T19:18:57Z" changeset="163414274" uid="363136" user="neo-plan">
    <tag k="emergency" v="ladder_site"/>
  </node>
  <node id="12842980337" lat="55.8036924" lon="37.8282170" version="1" timestamp="2025-05-16T20:44:10Z" changeset="166368777" uid="363136" user="neo-plan">
    <tag k="amenity" v="library"/>
  </node>
  <node id="13019759152" lat="55.8053728" lon="37.8314547" version="1" timestamp="2025-07-23T21:16:18Z" changeset="169367447" uid="363136" user="neo-plan"/>
  <node id="13019759153" lat="55.8052732" lon="37.8316819" version="1" timestamp="2025-07-23T21:16:18Z" changeset="169367447" uid="363136" user="neo-plan"/>
  <node id="13019759154" lat="55.8053230" lon="37.8315683" version="1" timestamp="2025-07-23T21:16:18Z" changeset="169367447" uid="363136" user="neo-plan">
    <tag k="access" v="yes"/>
    <tag k="barrier" v="lift_gate"/>
    <tag k="locked" v="no"/>
  </node>
  <node id="13019759155" lat="55.8050187" lon="37.8299661" version="1" timestamp="2025-07-23T21:16:18Z" changeset="169367447" uid="363136" user="neo-plan"/>
  <node id="13019759156" lat="55.8050448" lon="37.8308896" version="1" timestamp="2025-07-23T21:16:18Z" changeset="169367447" uid="363136" user="neo-plan"/>
  <node id="13019759157" lat="55.8051891" lon="37.8314080" version="1" timestamp="2025-07-23T21:16:18Z" changeset="169367447" uid="363136" user="neo-plan"/>
  <node id="13019759158" lat="55.8051920" lon="37.8316848" version="1" timestamp="2025-07-23T21:16:18Z" changeset="169367447" uid="363136" user="neo-plan"/>
  <node id="13019759159" lat="55.8049521" lon="37.8299767" version="1" timestamp="2025-07-23T21:16:18Z" changeset="169367447" uid="363136" user="neo-plan"/>
  <node id="13019759160" lat="55.8049818" lon="37.8309223" version="1" timestamp="2025-07-23T21:16:18Z" changeset="169367447" uid="363136" user="neo-plan"/>
  <node id="13019759161" lat="55.8051288" lon="37.8314360" version="1" timestamp="2025-07-23T21:16:18Z" changeset="169367447" uid="363136" user="neo-plan"/>
  <node id="13019759164" lat="55.8049740" lon="37.8317049" version="1" timestamp="2025-07-23T21:16:18Z" changeset="169367447" uid="363136" user="neo-plan"/>
  <node id="13019759165" lat="55.8050039" lon="37.8307092" version="1" timestamp="2025-07-23T21:16:18Z" changeset="169367447" uid="363136" user="neo-plan"/>
  <node id="13019759171" lat="55.8052471" lon="37.8316828" version="1" timestamp="2025-07-23T21:16:18Z" changeset="169367447" uid="363136" user="neo-plan"/>
  <node id="13019759172" lat="55.8052482" lon="37.8317538" version="1" timestamp="2025-07-23T21:16:18Z" changeset="169367447" uid="363136" user="neo-plan">
    <tag k="barrier" v="lift_gate"/>
  </node>
  <node id="13019759173" lat="55.8050674" lon="37.8303846" version="1" timestamp="2025-07-23T21:16:18Z" changeset="169367447" uid="363136" user="neo-plan"/>
  <node id="13019762422" lat="55.8051636" lon="37.8318267" version="2" timestamp="2026-05-28T15:50:17Z" changeset="183312449" uid="12117593" user="89r"/>
  <node id="13055848238" lat="55.8026167" lon="37.8293147" version="1" timestamp="2025-08-07T08:57:20Z" changeset="170094822" uid="10129333" user="solenoid jam">
    <tag k="genus" v="Corylus"/>
    <tag k="leaf_cycle" v="deciduous"/>
    <tag k="leaf_type" v="broadleaved"/>
    <tag k="natural" v="tree"/>
    <tag k="produce" v="nut"/>
  </node>
  <node id="13067640745" lat="55.8050625" lon="37.8301809" version="1" timestamp="2025-08-12T21:30:38Z" changeset="170362369" uid="363136" user="neo-plan">
    <tag k="access" v="private"/>
    <tag k="barrier" v="gate"/>
  </node>
  <node id="13067640746" lat="55.8050249" lon="37.8301854" version="1" timestamp="2025-08-12T21:30:38Z" changeset="170362369" uid="363136" user="neo-plan"/>
  <node id="13067640747" lat="55.8049893" lon="37.8301897" version="1" timestamp="2025-08-12T21:30:38Z" changeset="170362369" uid="363136" user="neo-plan"/>
  <node id="13076800703" lat="55.8034203" lon="37.8315661" version="1" timestamp="2025-08-17T23:22:36Z" changeset="170589829" uid="363136" user="neo-plan">
    <tag k="access" v="private"/>
    <tag k="barrier" v="gate"/>
  </node>
  <node id="13076800704" lat="55.8033543" lon="37.8315661" version="2" timestamp="2026-05-28T15:50:17Z" changeset="183312449" uid="12117593" user="89r"/>
  <node id="13129066429" lat="55.8050531" lon="37.8299626" version="1" timestamp="2025-09-08T21:16:58Z" changeset="171656868" uid="363136" user="neo-plan"/>
  <node id="13175774807" lat="55.8026585" lon="37.8292495" version="1" timestamp="2025-09-27T20:14:55Z" changeset="172543305" uid="363136" user="neo-plan"/>
  <node id="13175774808" lat="55.8024457" lon="37.8296512" version="1" timestamp="2025-09-27T20:14:55Z" changeset="172543305" uid="363136" user="neo-plan"/>
  <node id="13175774809" lat="55.8023906" lon="37.8296395" version="1" timestamp="2025-09-27T20:14:55Z" changeset="172543305" uid="363136" user="neo-plan"/>
  <node id="13175774810" lat="55.8023854" lon="37.8298590" version="1" timestamp="2025-09-27T20:14:55Z" changeset="172543305" uid="363136" user="neo-plan"/>
  <node id="13175774811" lat="55.8019185" lon="37.8296057" version="1" timestamp="2025-09-27T20:14:55Z" changeset="172543305" uid="363136" user="neo-plan"/>
  <node id="13175774814" lat="55.8024488" lon="37.8292919" version="1" timestamp="2025-09-27T20:14:55Z" changeset="172543305" uid="363136" user="neo-plan"/>
  <node id="13175774815" lat="55.8026558" lon="37.8292830" version="1" timestamp="2025-09-27T20:14:55Z" changeset="172543305" uid="363136" user="neo-plan"/>
  <node id="13829879398" lat="55.8039639" lon="37.8303176" version="1" timestamp="2026-05-14T23:53:43Z" changeset="182674081" uid="363136" user="neo-plan"/>
  <node id="13829879399" lat="55.8039079" lon="37.8302583" version="1" timestamp="2026-05-14T23:53:43Z" changeset="182674081" uid="363136" user="neo-plan"/>
  <node id="13829879400" lat="55.8039178" lon="37.8302687" version="1" timestamp="2026-05-14T23:53:43Z" changeset="182674081" uid="363136" user="neo-plan"/>
  <node id="13829884401" lat="55.8038261" lon="37.8303185" version="1" timestamp="2026-05-14T23:53:43Z" changeset="182674081" uid="363136" user="neo-plan">
    <tag k="barrier" v="kerb"/>
  </node>
  <node id="13829884402" lat="55.8037641" lon="37.8315125" version="1" timestamp="2026-05-14T23:53:43Z" changeset="182674081" uid="363136" user="neo-plan">
    <tag k="barrier" v="kerb"/>
  </node>
  <node id="13829884403" lat="55.8039745" lon="37.8307220" version="1" timestamp="2026-05-14T23:53:43Z" changeset="182674081" uid="363136" user="neo-plan">
    <tag k="barrier" v="wicket_gate"/>
  </node>
  <node id="13891767417" lat="55.8038059" lon="37.8302161" version="1" timestamp="2026-05-28T15:50:17Z" changeset="183312449" uid="12117593" user="89r"/>
  <node id="13891767418" lat="55.8037862" lon="37.8300670" version="1" timestamp="2026-05-28T15:50:17Z" changeset="183312449" uid="12117593" user="89r"/>
  <node id="13891767419" lat="55.8038099" lon="37.8303514" version="1" timestamp="2026-05-28T15:50:17Z" changeset="183312449" uid="12117593" user="89r">
    <tag k="highway" v="crossing"/>
  </node>
  <node id="13891767425" lat="55.8043744" lon="37.8285944" version="1" timestamp="2026-05-28T15:50:17Z" changeset="183312449" uid="12117593" user="89r"/>
  <node id="13934830012" lat="55.8030936" lon="37.8290639" version="1" timestamp="2026-06-13T05:07:44Z" changeset="184040813" uid="12117593" user="89r"/>
  <node id="13934830013" lat="55.8031621" lon="37.8292026" version="1" timestamp="2026-06-13T05:07:44Z" changeset="184040813" uid="12117593" user="89r"/>
  <node id="13934830016" lat="55.8026619" lon="37.8285081" version="1" timestamp="2026-06-13T05:07:44Z" changeset="184040813" uid="12117593" user="89r"/>
  <node id="13934830018" lat="55.8027331" lon="37.8285078" version="1" timestamp="2026-06-13T05:07:44Z" changeset="184040813" uid="12117593" user="89r"/>
  <node id="13934830019" lat="55.8026994" lon="37.8285080" version="1" timestamp="2026-06-13T05:07:44Z" changeset="184040813" uid="12117593" user="89r"/>
  <node id="13934830020" lat="55.8027001" lon="37.8285755" version="1" timestamp="2026-06-13T05:07:44Z" changeset="184040813" uid="12117593" user="89r"/>
  <node id="13934830021" lat="55.8027461" lon="37.8285135" version="1" timestamp="2026-06-13T05:07:44Z" changeset="184040813" uid="12117593" user="89r"/>
  <node id="13934830025" lat="55.8031427" lon="37.8289835" version="1" timestamp="2026-06-13T05:07:44Z" changeset="184040813" uid="12117593" user="89r"/>
  <node id="13934830028" lat="55.8030447" lon="37.8289872" version="1" timestamp="2026-06-13T05:07:44Z" changeset="184040813" uid="12117593" user="89r"/>
  <node id="13934830064" lat="55.8028413" lon="37.8296475" version="1" timestamp="2026-06-13T05:07:44Z" changeset="184040813" uid="12117593" user="89r"/>
  <way id="5382631" version="41" timestamp="2025-07-30T06:25:56Z" changeset="169702990" uid="16673826" user="KirSanych">
    <nd ref="12233141277"/>
    <nd ref="12580068558"/>
    <nd ref="1321951482"/>
    <nd ref="543281220"/>
    <tag k="admin_level" v="8"/>
    <tag k="boundary" v="administrative"/>
    <tag k="highway" v="secondary"/>
    <tag k="lanes" v="2"/>
    <tag k="lit" v="yes"/>
    <tag k="maxspeed" v="RU:urban"/>
    <tag k="name" v="Сиреневый бульвар"/>
    <tag k="name:uk" v="Бузковий бульвар"/>
    <tag k="oneway" v="no"/>
    <tag k="surface" v="asphalt"/>
  </way>
  <way id="14126086" version="42" timestamp="2024-11-07T20:32:23Z" changeset="158871004" uid="363136" user="neo-plan">
    <nd ref="134752415"/>
    <nd ref="7633421033"/>
    <nd ref="7633421034"/>
    <nd ref="7633421036"/>
    <nd ref="7633421035"/>
    <nd ref="666894983"/>
    <tag k="cycleway:left" v="no"/>
    <tag k="cycleway:right" v="lane"/>
    <tag k="highway" v="secondary"/>
    <tag k="lanes" v="1"/>
    <tag k="lit" v="yes"/>
    <tag k="maxspeed" v="RU:urban"/>
    <tag k="name" v="16-я Парковая улица"/>
    <tag k="name:uk" v="16-а Паркова вулиця"/>
    <tag k="oneway" v="yes"/>
    <tag k="surface" v="asphalt"/>
    <tag k="turn:lanes" v="through"/>
  </way>
  <way id="26138344" version="13" timestamp="2022-07-28T22:00:41Z" changeset="124204149" uid="16674883" user="Netfox777">
    <nd ref="1321951398"/>
    <nd ref="1321951535"/>
    <nd ref="1321951484"/>
    <nd ref="1321951370"/>
    <nd ref="1321951326"/>
    <nd ref="9225056549"/>
    <nd ref="9225056548"/>
    <nd ref="9225056550"/>
    <nd ref="286221469"/>
    <nd ref="9221496635"/>
    <nd ref="7633421036"/>
    <nd ref="286221470"/>
    <tag k="covered" v="no"/>
    <tag k="foot" v="yes"/>
    <tag k="highway" v="service"/>
    <tag k="lit" v="yes"/>
    <tag k="maxspeed" v="RU:urban"/>
    <tag k="motor_vehicle" v="private"/>
    <tag k="oneway" v="yes"/>
    <tag k="psv" v="designated"/>
    <tag k="surface" v="asphalt"/>
    <tag k="vehicle" v="no"/>
  </way>
  <way id="26138351" version="46" timestamp="2024-11-07T20:32:23Z" changeset="158871004" uid="363136" user="neo-plan">
    <nd ref="134756595"/>
    <nd ref="1321951526"/>
    <tag k="cycleway:left" v="no"/>
    <tag k="cycleway:right" v="lane"/>
    <tag k="highway" v="secondary"/>
    <tag k="junction" v="roundabout"/>
    <tag k="lanes" v="2"/>
    <tag k="lit" v="yes"/>
    <tag k="maxspeed" v="60"/>
    <tag k="name" v="площадь Соловецких Юнг"/>
    <tag k="name:uk" v="площа Соловецьких Юнг"/>
    <tag k="oneway" v="yes"/>
    <tag k="postal_code" v="105484"/>
    <tag k="shoulder" v="no"/>
    <tag k="sidewalk" v="left"/>
    <tag k="source:maxspeed" v="sign"/>
    <tag k="surface" v="asphalt"/>
  </way>
  <way id="26633309" version="9" timestamp="2025-03-09T19:18:57Z" changeset="163414274" uid="363136" user="neo-plan">
    <nd ref="134756594"/>
    <nd ref="12648179684"/>
    <nd ref="12648179685"/>
    <nd ref="12539808747"/>
    <nd ref="12539808745"/>
    <nd ref="9219482360"/>
    <nd ref="3982947327"/>
    <nd ref="292131443"/>
    <tag k="highway" v="service"/>
    <tag k="living_street" v="yes"/>
    <tag k="surface" v="asphalt"/>
  </way>
  <way id="26635430" version="7" timestamp="2023-06-04T11:53:30Z" changeset="136929183" uid="5642897" user="Travieso">
    <nd ref="292152165"/>
    <nd ref="292152166"/>
    <nd ref="292152167"/>
    <nd ref="815244841"/>
    <nd ref="815243681"/>
    <nd ref="815246129"/>
    <nd ref="815243479"/>
    <nd ref="815245658"/>
    <nd ref="815245383"/>
    <nd ref="815245097"/>
    <nd ref="815244338"/>
    <nd ref="815242850"/>
    <nd ref="815244378"/>
    <nd ref="815243227"/>
    <nd ref="815245049"/>
    <nd ref="815243634"/>
    <nd ref="815245931"/>
    <nd ref="815245730"/>
    <nd ref="815245849"/>
    <nd ref="815244526"/>
    <nd ref="815244906"/>
    <nd ref="815243741"/>
    <nd ref="815243058"/>
    <nd ref="292152168"/>
    <nd ref="292152165"/>
    <tag k="addr:housenumber" v="66"/>
    <tag k="addr:street" v="Сиреневый бульвар"/>
    <tag k="building" v="apartments"/>
    <tag k="building:flats" v="215"/>
    <tag k="building:levels" v="9"/>
    <tag k="description" v="Дом известной жертвы пранка Романа Петровича"/>
    <tag k="design:ref" v="II-49-06/Ю вариант «П»"/>
    <tag k="roof:shape" v="flat"/>
    <tag k="start_date" v="1969"/>
  </way>
  <way id="26635443" version="10" timestamp="2023-01-30T19:20:34Z" changeset="131893827" uid="5642897" user="Travieso">
    <nd ref="292152267"/>
    <nd ref="292154094"/>
    <nd ref="292152269"/>
    <nd ref="292154096"/>
    <nd ref="292152267"/>
    <tag k="addr:housenumber" v="18"/>
    <tag k="addr:street" v="16-я Парковая улица"/>
    <tag k="building" v="apartments"/>
    <tag k="building:flats" v="216"/>
    <tag k="building:levels" v="9"/>
    <tag k="design:ref" v="II-18-03/МИ вариант «Б»"/>
    <tag k="roof:shape" v="flat"/>
    <tag k="start_date" v="1966"/>
  </way>
  <way id="26635487" version="11" timestamp="2023-06-04T11:52:38Z" changeset="136929183" uid="5642897" user="Travieso">
    <nd ref="292152530"/>
    <nd ref="292152523"/>
    <nd ref="292153884"/>
    <nd ref="292152525"/>
    <nd ref="292152530"/>
    <tag k="addr:city" v="Москва"/>
    <tag k="addr:housenumber" v="62"/>
    <tag k="addr:street" v="Сиреневый бульвар"/>
    <tag k="building" v="apartments"/>
    <tag k="building:flats" v="245"/>
    <tag k="building:levels" v="9"/>
    <tag k="design:note" v="Содержит секции II-29/Ю37"/>
    <tag k="design:ref" v="II-29/37"/>
    <tag k="roof:shape" v="flat"/>
    <tag k="start_date" v="1966"/>
  </way>
  <way id="29699723" version="8" timestamp="2025-09-27T20:14:55Z" changeset="172543305" uid="363136" user="neo-plan">
    <nd ref="327042369"/>
    <nd ref="327042371"/>
    <nd ref="327042372"/>
    <nd ref="327042370"/>
    <nd ref="327042369"/>
    <tag k="addr:housenumber" v="29 к2"/>
    <tag k="addr:street" v="16-я Парковая улица"/>
    <tag k="building:flats" v="80"/>
    <tag k="building:levels" v="5"/>
    <tag k="design:ref" v="1-515-4/М37"/>
    <tag k="start_date" v="1966"/>
    <tag k="was:building" v="apartments"/>
  </way>
  <way id="29699725" version="8" timestamp="2025-09-27T20:14:55Z" changeset="172543305" uid="363136" user="neo-plan">
    <nd ref="327042376"/>
    <nd ref="327042375"/>
    <nd ref="327042374"/>
    <nd ref="327042373"/>
    <nd ref="327042376"/>
    <tag k="addr:housenumber" v="29 к1"/>
    <tag k="addr:street" v="16-я Парковая улица"/>
    <tag k="building:flats" v="80"/>
    <tag k="building:levels" v="5"/>
    <tag k="design:ref" v="1-515-4/М37"/>
    <tag k="start_date" v="1966"/>
    <tag k="was:building" v="apartments"/>
  </way>
  <way id="29702814" version="12" timestamp="2023-01-30T19:20:01Z" changeset="131893827" uid="5642897" user="Travieso">
    <nd ref="327139417"/>
    <nd ref="327139430"/>
    <nd ref="327139412"/>
    <nd ref="327139424"/>
    <nd ref="327139417"/>
    <tag k="addr:housenumber" v="73 к1"/>
    <tag k="addr:street" v="Сиреневый бульвар"/>
    <tag k="building" v="apartments"/>
    <tag k="building:flats" v="128"/>
    <tag k="building:levels" v="9"/>
    <tag k="design:ref" v="II-29-14/Ю37"/>
    <tag k="roof:shape" v="flat"/>
    <tag k="start_date" v="1969"/>
  </way>
  <way id="29702816" version="10" timestamp="2025-06-03T16:37:01Z" changeset="167143397" uid="5642897" user="Travieso">
    <nd ref="327139438"/>
    <nd ref="327139442"/>
    <nd ref="327139436"/>
    <nd ref="327139447"/>
    <nd ref="327139438"/>
    <tag k="addr:city" v="Москва"/>
    <tag k="addr:housenumber" v="73 к2"/>
    <tag k="addr:street" v="Сиреневый бульвар"/>
    <tag k="building" v="apartments"/>
    <tag k="building:flats" v="100"/>
    <tag k="building:levels" v="5"/>
    <tag k="design:ref" v="1-515-5/Ю37"/>
    <tag k="roof:levels" v="0"/>
    <tag k="roof:shape" v="gabled"/>
    <tag k="start_date" v="1969"/>
  </way>
  <way id="29702821" version="10" timestamp="2023-01-30T19:20:25Z" changeset="131893827" uid="5642897" user="Travieso">
    <nd ref="327139518"/>
    <nd ref="327139500"/>
    <nd ref="327139506"/>
    <nd ref="327139512"/>
    <nd ref="327139518"/>
    <tag k="addr:city" v="Москва"/>
    <tag k="addr:housenumber" v="75/33"/>
    <tag k="addr:street" v="Сиреневый бульвар"/>
    <tag k="building" v="apartments"/>
    <tag k="building:flats" v="83"/>
    <tag k="building:levels" v="12"/>
    <tag k="design:ref" v="II-18-01/12"/>
    <tag k="roof:shape" v="flat"/>
    <tag k="start_date" v="1968"/>
  </way>
  <way id="29702823" version="7" timestamp="2023-04-25T17:46:53Z" changeset="135348399" uid="5642897" user="Travieso">
    <nd ref="327139544"/>
    <nd ref="327139535"/>
    <nd ref="327139527"/>
    <nd ref="327139550"/>
    <nd ref="327139544"/>
    <tag k="addr:housenumber" v="35"/>
    <tag k="addr:street" v="16-я Парковая улица"/>
    <tag k="building" v="apartments"/>
    <tag k="building:flats" v="179"/>
    <tag k="building:levels" v="9"/>
    <tag k="design:ref" v="II-57-05/М"/>
    <tag k="design:year" v="1967"/>
    <tag k="roof:shape" v="flat"/>
    <tag k="start_date" v="1967"/>
  </way>
  <way id="29702862" version="8" timestamp="2023-09-26T12:07:34Z" changeset="141771729" uid="18826385" user="MarinaKuzko">
    <nd ref="327140604"/>
    <nd ref="327140596"/>
    <nd ref="327140613"/>
    <nd ref="327140609"/>
    <nd ref="327140604"/>
    <tag k="addr:housenumber" v="37 к1"/>
    <tag k="addr:street" v="16-я Парковая улица"/>
    <tag k="building" v="apartments"/>
    <tag k="building:colour" v="white;blue;grey"/>
    <tag k="building:flats" v="202"/>
    <tag k="building:levels" v="17"/>
    <tag k="design:ref" v="П44-1/17 тип 1"/>
    <tag k="roof:shape" v="flat"/>
    <tag k="start_date" v="1987"/>
  </way>
  <way id="41891048" version="19" timestamp="2025-05-17T11:51:45Z" changeset="166388291" uid="363136" user="neo-plan">
    <nd ref="518308577"/>
    <nd ref="1116408957"/>
    <nd ref="518308545"/>
    <nd ref="518308537"/>
    <nd ref="518308538"/>
    <nd ref="518308543"/>
    <nd ref="518308558"/>
    <nd ref="1321951404"/>
    <nd ref="518308559"/>
    <nd ref="1116408933"/>
    <nd ref="10965165387"/>
    <nd ref="10965165388"/>
    <nd ref="518308569"/>
    <nd ref="518308570"/>
    <nd ref="10965165386"/>
    <nd ref="10965165385"/>
    <nd ref="1322407251"/>
    <nd ref="1322407422"/>
    <nd ref="1322407621"/>
    <nd ref="11476398434"/>
    <nd ref="11476398433"/>
    <nd ref="1322407541"/>
    <nd ref="11476398426"/>
    <nd ref="11476398427"/>
    <nd ref="11476398428"/>
    <nd ref="11476398429"/>
    <nd ref="11476398430"/>
    <nd ref="4454895522"/>
    <nd ref="11476398432"/>
    <nd ref="11476398421"/>
    <nd ref="2972414530"/>
    <nd ref="518308577"/>
    <tag k="landuse" v="residential"/>
    <tag k="residential" v="urban"/>
  </way>
  <way id="41891055" version="10" timestamp="2026-06-13T05:07:44Z" changeset="184040813" uid="12117593" user="89r">
    <nd ref="518308536"/>
    <nd ref="518308523"/>
    <nd ref="9794535526"/>
    <nd ref="9794535527"/>
    <nd ref="518308524"/>
    <nd ref="518308525"/>
    <nd ref="9794535524"/>
    <nd ref="9794535523"/>
    <nd ref="9794535522"/>
    <nd ref="518308526"/>
    <nd ref="518308527"/>
    <nd ref="4407036204"/>
    <nd ref="518308528"/>
    <nd ref="4407036208"/>
    <nd ref="518308529"/>
    <nd ref="518308533"/>
    <nd ref="4407036214"/>
    <nd ref="518308541"/>
    <nd ref="518308547"/>
    <nd ref="518308548"/>
    <nd ref="518308551"/>
    <nd ref="518308552"/>
    <nd ref="518308553"/>
    <nd ref="1116408878"/>
    <nd ref="518308557"/>
    <nd ref="1116408916"/>
    <nd ref="1116408958"/>
    <nd ref="518308561"/>
    <nd ref="1116408860"/>
    <nd ref="1116408925"/>
    <nd ref="4407036227"/>
    <nd ref="4407036228"/>
    <nd ref="518308560"/>
    <nd ref="518308544"/>
    <nd ref="13934830029"/>
    <nd ref="13934830030"/>
    <nd ref="13934830031"/>
    <nd ref="518308535"/>
    <nd ref="518308536"/>
    <tag k="landuse" v="residential"/>
    <tag k="residential" v="urban"/>
  </way>
  <way id="41891073" version="14" timestamp="2025-03-09T19:18:19Z" changeset="163414258" uid="363136" user="neo-plan">
    <nd ref="518308563"/>
    <nd ref="1116408947"/>
    <nd ref="1116408887"/>
    <nd ref="518308564"/>
    <nd ref="12648192604"/>
    <nd ref="518308567"/>
    <nd ref="12639345692"/>
    <nd ref="800267927"/>
    <nd ref="518308566"/>
    <nd ref="4407036210"/>
    <nd ref="518308530"/>
    <nd ref="518308531"/>
    <nd ref="518308532"/>
    <nd ref="518308534"/>
    <nd ref="4407036216"/>
    <nd ref="518308542"/>
    <nd ref="518308549"/>
    <nd ref="518308550"/>
    <nd ref="518308554"/>
    <nd ref="518308555"/>
    <nd ref="518308556"/>
    <nd ref="1116408941"/>
    <nd ref="518308565"/>
    <nd ref="518308563"/>
    <tag k="landuse" v="residential"/>
    <tag k="residential" v="urban"/>
  </way>
  <way id="46035759" version="10" timestamp="2025-06-03T16:37:24Z" changeset="167143320" uid="5642897" user="Travieso">
    <nd ref="815244353"/>
    <nd ref="815243403"/>
    <nd ref="586613273"/>
    <nd ref="586613282"/>
    <nd ref="815245078"/>
    <nd ref="815244800"/>
    <nd ref="815243446"/>
    <nd ref="586613300"/>
    <nd ref="586613306"/>
    <nd ref="815245135"/>
    <nd ref="815245899"/>
    <nd ref="815244869"/>
    <nd ref="815244062"/>
    <nd ref="586613341"/>
    <nd ref="5655550042"/>
    <nd ref="586613346"/>
    <nd ref="586613244"/>
    <nd ref="586613256"/>
    <nd ref="815243044"/>
    <nd ref="815244353"/>
    <tag k="addr:housenumber" v="20"/>
    <tag k="addr:street" v="16-я Парковая улица"/>
    <tag k="building" v="college"/>
    <tag k="building:levels" v="4"/>
    <tag k="roof:shape" v="flat"/>
  </way>
  <way id="52442748" version="9" timestamp="2023-06-04T11:49:34Z" changeset="136929183" uid="5642897" user="Travieso">
    <nd ref="666805258"/>
    <nd ref="6436504997"/>
    <nd ref="666805264"/>
    <nd ref="666805267"/>
    <nd ref="6436504998"/>
    <nd ref="666805263"/>
    <nd ref="666805265"/>
    <nd ref="6436504996"/>
    <nd ref="666805259"/>
    <nd ref="666805260"/>
    <nd ref="666805254"/>
    <nd ref="666805256"/>
    <nd ref="666805255"/>
    <nd ref="666805242"/>
    <nd ref="666805243"/>
    <nd ref="666805241"/>
    <nd ref="666805240"/>
    <nd ref="666805239"/>
    <nd ref="6436504995"/>
    <nd ref="666805247"/>
    <nd ref="666805251"/>
    <nd ref="6436504999"/>
    <nd ref="666805252"/>
    <nd ref="666805246"/>
    <nd ref="6436504994"/>
    <nd ref="666805244"/>
    <nd ref="666805245"/>
    <nd ref="666805249"/>
    <nd ref="666805250"/>
    <nd ref="666805253"/>
    <nd ref="666805268"/>
    <nd ref="666805269"/>
    <nd ref="666805266"/>
    <nd ref="666805262"/>
    <nd ref="666805258"/>
    <tag k="addr:housenumber" v="73 к3"/>
    <tag k="addr:street" v="Сиреневый бульвар"/>
    <tag k="building" v="school"/>
    <tag k="building:levels" v="4"/>
    <tag k="roof:shape" v="flat"/>
  </way>
  <way id="52442750" version="5" timestamp="2023-06-04T11:48:43Z" changeset="136929183" uid="5642897" user="Travieso">
    <nd ref="666805274"/>
    <nd ref="666805272"/>
    <nd ref="666805271"/>
    <nd ref="666805270"/>
    <nd ref="666805274"/>
    <tag k="addr:housenumber" v="37 с1"/>
    <tag k="addr:street" v="16-я Парковая улица"/>
    <tag k="building" v="service"/>
    <tag k="building:levels" v="1"/>
    <tag k="roof:shape" v="flat"/>
  </way>
  <way id="67522508" version="3" timestamp="2025-09-14T14:58:21Z" changeset="171922498" uid="22779724" user="Ozon OSM13">
    <nd ref="815244323"/>
    <nd ref="815246049"/>
    <nd ref="815243624"/>
    <nd ref="815243943"/>
    <nd ref="815244231"/>
    <nd ref="815244857"/>
    <nd ref="815242782"/>
    <nd ref="815243840"/>
    <nd ref="815242796"/>
    <nd ref="815245236"/>
    <nd ref="815245107"/>
    <nd ref="815245838"/>
    <nd ref="815244323"/>
    <tag k="addr:housenumber" v="20Б с2"/>
    <tag k="addr:street" v="16-я Парковая улица"/>
    <tag k="building" v="yes"/>
    <tag k="building:levels" v="2"/>
  </way>
  <way id="67522556" version="3" timestamp="2019-10-19T21:43:38Z" changeset="75940001" uid="9657291" user="BANO notIT">
    <nd ref="815244976"/>
    <nd ref="815245963"/>
    <nd ref="815242773"/>
    <nd ref="815243805"/>
    <nd ref="815244976"/>
    <tag k="building" v="service"/>
    <tag k="building:levels" v="1"/>
  </way>
  <way id="67522558" version="6" timestamp="2025-07-23T21:16:18Z" changeset="169367447" uid="363136" user="neo-plan">
    <nd ref="815243069"/>
    <nd ref="815246075"/>
    <nd ref="815245062"/>
    <nd ref="13019759172"/>
    <nd ref="815244257"/>
    <nd ref="815243069"/>
    <tag k="addr:housenumber" v="20А с1"/>
    <tag k="addr:street" v="16-я Парковая улица"/>
    <tag k="amenity" v="parking"/>
    <tag k="building" v="garage"/>
    <tag k="building:colour" v="lightgrey;green"/>
    <tag k="building:levels" v="6"/>
    <tag k="building:material" v="metal"/>
    <tag k="roof:colour" v="grey"/>
    <tag k="roof:material" v="tar_paper"/>
    <tag k="roof:shape" v="flat"/>
  </way>
  <way id="67522605" version="2" timestamp="2017-06-06T09:42:22Z" changeset="49300058" uid="4741456" user="alex_96">
    <nd ref="815245524"/>
    <nd ref="815243863"/>
    <nd ref="815243599"/>
    <nd ref="815245807"/>
    <nd ref="815243341"/>
    <nd ref="815242994"/>
    <nd ref="815245524"/>
    <tag k="building" v="yes"/>
    <tag k="building:levels" v="1"/>
  </way>
  <way id="67522613" version="2" timestamp="2019-10-23T08:13:57Z" changeset="76087732" uid="9657291" user="BANO notIT">
    <nd ref="815244448"/>
    <nd ref="815244713"/>
    <nd ref="815245779"/>
    <nd ref="815245985"/>
    <nd ref="815244448"/>
    <tag k="building" v="shed"/>
  </way>
  <way id="83923353" version="5" timestamp="2024-10-07T20:50:06Z" changeset="157599017" uid="363136" user="neo-plan">
    <nd ref="134756595"/>
    <nd ref="38652230"/>
    <nd ref="12233141277"/>
    <tag k="admin_level" v="8"/>
    <tag k="boundary" v="administrative"/>
  </way>
  <way id="94059001" version="12" timestamp="2026-06-18T20:46:51Z" changeset="184289469" uid="363136" user="neo-plan">
    <nd ref="1093429435"/>
    <nd ref="3982947294"/>
    <nd ref="3982947297"/>
    <nd ref="6550999229"/>
    <nd ref="3982947305"/>
    <nd ref="1093429440"/>
    <nd ref="13950791681"/>
    <nd ref="1093429444"/>
    <nd ref="10778527342"/>
    <nd ref="1093429447"/>
    <nd ref="9225164720"/>
    <nd ref="1093429435"/>
    <tag k="barrier" v="fence"/>
    <tag k="landuse" v="construction"/>
    <tag k="name" v="Геронтологический центр &quot;Измайлово&quot;"/>
    <tag k="old_name" v="Пансионат ветеранов труда №19"/>
    <tag k="website" v="https://gcizmailovo.ru/"/>
  </way>
  <way id="96325387" version="4" timestamp="2023-06-04T11:49:41Z" changeset="136929183" uid="5642897" user="Travieso">
    <nd ref="1116408930"/>
    <nd ref="1116408970"/>
    <nd ref="1116408863"/>
    <nd ref="1116408879"/>
    <nd ref="1116408930"/>
    <tag k="building" v="service"/>
    <tag k="building:levels" v="1"/>
    <tag k="roof:shape" v="flat"/>
  </way>
  <way id="96325390" version="11" timestamp="2026-05-14T23:53:43Z" changeset="182674081" uid="363136" user="neo-plan">
    <nd ref="1116408948"/>
    <nd ref="1116408876"/>
    <nd ref="1116408889"/>
    <nd ref="1116408939"/>
    <nd ref="1116408948"/>
    <tag k="addr:city" v="Москва"/>
    <tag k="addr:country" v="RU"/>
    <tag k="addr:housenumber" v="77"/>
    <tag k="addr:street" v="Сиреневый бульвар"/>
    <tag k="building" v="yes"/>
    <tag k="building:levels" v="2"/>
    <tag k="description" v="Здание конечной станции &quot;Сиреневый бульвар&quot;"/>
    <tag k="public_transport" v="dispatcher"/>
  </way>
  <way id="96325405" version="6" timestamp="2025-06-03T16:36:17Z" changeset="167143320" uid="5642897" user="Travieso">
    <nd ref="1116408945"/>
    <nd ref="1116408851"/>
    <nd ref="1116408902"/>
    <nd ref="1116408899"/>
    <nd ref="1116408945"/>
    <tag k="addr:housenumber" v="64/31"/>
    <tag k="addr:street" v="Сиреневый бульвар"/>
    <tag k="building" v="apartments"/>
    <tag k="building:flats" v="95"/>
    <tag k="building:levels" v="14"/>
    <tag k="design:ref" v="И-209А"/>
    <tag k="roof:shape" v="flat"/>
    <tag k="start_date" v="1973"/>
  </way>
  <way id="117367359" version="17" timestamp="2024-11-07T20:32:23Z" changeset="158871004" uid="363136" user="neo-plan">
    <nd ref="4477197619"/>
    <nd ref="12233141277"/>
    <tag k="cycleway:left" v="no"/>
    <tag k="cycleway:right" v="lane"/>
    <tag k="highway" v="secondary"/>
    <tag k="lanes" v="1"/>
    <tag k="lit" v="yes"/>
    <tag k="maxspeed" v="60"/>
    <tag k="name" v="Сиреневый бульвар"/>
    <tag k="name:uk" v="Бузковий бульвар"/>
    <tag k="oneway" v="yes"/>
    <tag k="source:maxspeed" v="sign"/>
    <tag k="surface" v="asphalt"/>
  </way>
  <way id="117367362" version="16" timestamp="2024-11-07T20:32:23Z" changeset="158871004" uid="363136" user="neo-plan">
    <nd ref="12233141277"/>
    <nd ref="1321951355"/>
    <nd ref="1321951397"/>
    <nd ref="1321951461"/>
    <tag k="cycleway:left" v="no"/>
    <tag k="cycleway:right" v="lane"/>
    <tag k="highway" v="secondary"/>
    <tag k="lanes" v="1"/>
    <tag k="lit" v="yes"/>
    <tag k="maxspeed" v="60"/>
    <tag k="name" v="Сиреневый бульвар"/>
    <tag k="name:uk" v="Бузковий бульвар"/>
    <tag k="oneway" v="yes"/>
    <tag k="source:maxspeed" v="sign"/>
    <tag k="surface" v="asphalt"/>
  </way>
  <way id="117393906" version="5" timestamp="2025-08-12T21:30:38Z" changeset="170362369" uid="363136" user="neo-plan">
    <nd ref="1322408060"/>
    <nd ref="3782313878"/>
    <nd ref="13067640747"/>
    <nd ref="1322407789"/>
    <nd ref="13019759165"/>
    <nd ref="1322407252"/>
    <tag k="highway" v="service"/>
    <tag k="surface" v="asphalt"/>
  </way>
  <way id="117393912" version="10" timestamp="2025-02-05T19:37:19Z" changeset="162179988" uid="363136" user="neo-plan">
    <nd ref="3531577569"/>
    <nd ref="10612107259"/>
    <tag k="highway" v="footway"/>
    <tag k="lit" v="yes"/>
    <tag k="surface" v="asphalt"/>
  </way>
  <way id="117393955" version="5" timestamp="2025-02-05T19:37:19Z" changeset="162179988" uid="363136" user="neo-plan">
    <nd ref="1322408172"/>
    <nd ref="5655550041"/>
    <nd ref="1322407343"/>
    <nd ref="1322408242"/>
    <nd ref="5655550040"/>
    <nd ref="12559658927"/>
    <nd ref="3782313876"/>
    <nd ref="1322408095"/>
    <tag k="highway" v="service"/>
    <tag k="surface" v="asphalt"/>
  </way>
  <way id="133062361" version="45" timestamp="2026-06-18T20:46:51Z" changeset="184289469" uid="363136" user="neo-plan">
    <nd ref="9219482349"/>
    <nd ref="4407036217"/>
    <nd ref="4407036218"/>
    <nd ref="3959146218"/>
    <nd ref="159822004"/>
    <nd ref="159822006"/>
    <nd ref="2411788190"/>
    <nd ref="3959192129"/>
    <nd ref="3959192262"/>
    <nd ref="2411788211"/>
    <nd ref="13950791683"/>
    <nd ref="159822010"/>
    <nd ref="1116408832"/>
    <nd ref="10705658021"/>
    <tag k="cycleway" v="lane"/>
    <tag k="highway" v="secondary"/>
    <tag k="lanes" v="2"/>
    <tag k="lit" v="yes"/>
    <tag k="maxspeed" v="60"/>
    <tag k="name" v="16-я Парковая улица"/>
    <tag k="name:uk" v="16-а Паркова вулиця"/>
    <tag k="oneway" v="no"/>
    <tag k="shoulder" v="no"/>
    <tag k="source:maxspeed" v="sign"/>
    <tag k="surface" v="asphalt"/>
  </way>
  <way id="134992106" version="17" timestamp="2024-11-07T20:32:23Z" changeset="158871004" uid="363136" user="neo-plan">
    <nd ref="134752415"/>
    <nd ref="7633421032"/>
    <nd ref="7633421031"/>
    <nd ref="1321951373"/>
    <nd ref="60268223"/>
    <nd ref="7633421040"/>
    <tag k="cycleway" v="no"/>
    <tag k="cycleway:both" v="no"/>
    <tag k="highway" v="secondary"/>
    <tag k="junction" v="roundabout"/>
    <tag k="lanes" v="2"/>
    <tag k="lit" v="yes"/>
    <tag k="maxspeed" v="60"/>
    <tag k="name" v="площадь Соловецких Юнг"/>
    <tag k="name:uk" v="площа Соловецьких Юнг"/>
    <tag k="oneway" v="yes"/>
    <tag k="postal_code" v="105484"/>
    <tag k="shoulder" v="no"/>
    <tag k="source:maxspeed" v="sign"/>
    <tag k="surface" v="asphalt"/>
  </way>
  <way id="134992107" version="20" timestamp="2024-11-07T20:32:23Z" changeset="158871004" uid="363136" user="neo-plan">
    <nd ref="1321951400"/>
    <nd ref="134756592"/>
    <nd ref="1321951359"/>
    <nd ref="134756593"/>
    <tag k="cycleway:left" v="no"/>
    <tag k="cycleway:right" v="lane"/>
    <tag k="highway" v="secondary"/>
    <tag k="junction" v="roundabout"/>
    <tag k="lanes" v="2"/>
    <tag k="lit" v="yes"/>
    <tag k="maxspeed" v="60"/>
    <tag k="name" v="площадь Соловецких Юнг"/>
    <tag k="name:uk" v="площа Соловецьких Юнг"/>
    <tag k="oneway" v="yes"/>
    <tag k="postal_code" v="105484"/>
    <tag k="shoulder" v="no"/>
    <tag k="sidewalk" v="left"/>
    <tag k="source:maxspeed" v="sign"/>
    <tag k="surface" v="asphalt"/>
  </way>
  <way id="134992108" version="17" timestamp="2024-11-07T20:32:23Z" changeset="158871004" uid="363136" user="neo-plan">
    <nd ref="1321951350"/>
    <nd ref="134756590"/>
    <nd ref="1321951517"/>
    <nd ref="38652230"/>
    <nd ref="8905544549"/>
    <nd ref="1321951433"/>
    <nd ref="134756591"/>
    <nd ref="1321951385"/>
    <tag k="cycleway" v="no"/>
    <tag k="highway" v="secondary"/>
    <tag k="junction" v="roundabout"/>
    <tag k="lanes" v="2"/>
    <tag k="lit" v="yes"/>
    <tag k="maxspeed" v="60"/>
    <tag k="name" v="площадь Соловецких Юнг"/>
    <tag k="name:uk" v="площа Соловецьких Юнг"/>
    <tag k="postal_code" v="105484"/>
    <tag k="source:maxspeed" v="sign"/>
    <tag k="surface" v="asphalt"/>
  </way>
  <way id="134992109" version="22" timestamp="2024-11-07T20:32:23Z" changeset="158871004" uid="363136" user="neo-plan">
    <nd ref="134756593"/>
    <nd ref="1321951505"/>
    <nd ref="8905544537"/>
    <nd ref="815245448"/>
    <nd ref="3982947325"/>
    <nd ref="1321951443"/>
    <nd ref="134756594"/>
    <nd ref="1321951419"/>
    <nd ref="815246177"/>
    <tag k="cycleway:left" v="no"/>
    <tag k="cycleway:right" v="lane"/>
    <tag k="highway" v="secondary"/>
    <tag k="junction" v="roundabout"/>
    <tag k="lanes" v="2"/>
    <tag k="lit" v="yes"/>
    <tag k="maxspeed" v="60"/>
    <tag k="name" v="площадь Соловецких Юнг"/>
    <tag k="name:uk" v="площа Соловецьких Юнг"/>
    <tag k="oneway" v="yes"/>
    <tag k="postal_code" v="105484"/>
    <tag k="shoulder" v="no"/>
    <tag k="sidewalk" v="left"/>
    <tag k="source:maxspeed" v="sign"/>
    <tag k="surface" v="asphalt"/>
  </way>
  <way id="237948434" version="14" timestamp="2025-08-17T23:22:36Z" changeset="170589829" uid="363136" user="neo-plan">
    <nd ref="1321951398"/>
    <nd ref="9219482359"/>
    <nd ref="13076800704"/>
    <nd ref="1322408128"/>
    <nd ref="137909011"/>
    <nd ref="1322407836"/>
    <nd ref="1322407493"/>
    <nd ref="1322408351"/>
    <nd ref="1322408027"/>
    <nd ref="137909012"/>
    <nd ref="9219482361"/>
    <nd ref="12634073532"/>
    <nd ref="3956664900"/>
    <nd ref="13064249456"/>
    <nd ref="137909015"/>
    <tag k="admin_level" v="8"/>
    <tag k="boundary" v="administrative"/>
    <tag k="highway" v="service"/>
    <tag k="name" v="Сиреневый бульвар"/>
    <tag k="name:uk" v="Бузковий бульвар"/>
    <tag k="surface" v="asphalt"/>
  </way>
  <way id="276880867" version="43" timestamp="2025-05-17T12:08:53Z" changeset="166388880" uid="363136" user="neo-plan">
    <nd ref="2814463165"/>
    <nd ref="2814463166"/>
    <nd ref="2814463167"/>
    <nd ref="2814463168"/>
    <nd ref="2814463164"/>
    <nd ref="6436505001"/>
    <nd ref="2814463163"/>
    <nd ref="2814463162"/>
    <nd ref="6436505000"/>
    <nd ref="2814463161"/>
    <nd ref="6436504993"/>
    <nd ref="6439721424"/>
    <nd ref="12843946972"/>
    <nd ref="2814463165"/>
    <tag k="amenity" v="school"/>
    <tag k="barrier" v="fence"/>
    <tag k="name" v="Школа №1748 &quot;Вертикаль&quot;. Корпус №1"/>
    <tag k="official_name" v="Государственное бюджетное образовательное учреждение &quot;Школа №1748 &quot;Вертикаль&quot;"/>
    <tag k="ref" v="1748"/>
    <tag k="website" v="https://gym1748v.mskobr.ru"/>
  </way>
  <way id="374852229" version="9" timestamp="2025-09-08T21:16:58Z" changeset="171656868" uid="363136" user="neo-plan">
    <nd ref="1322408248"/>
    <nd ref="12724332100"/>
    <nd ref="3782313888"/>
    <nd ref="11308081115"/>
    <nd ref="13129066429"/>
    <nd ref="13019759155"/>
    <nd ref="3782313878"/>
    <nd ref="13019759159"/>
    <nd ref="3782313876"/>
    <nd ref="11255863753"/>
    <nd ref="3782313875"/>
    <tag k="footway" v="sidewalk"/>
    <tag k="highway" v="footway"/>
    <tag k="lit" v="yes"/>
    <tag k="surface" v="asphalt"/>
  </way>
  <way id="374852237" version="6" timestamp="2023-11-02T18:19:13Z" changeset="143544458" uid="830106" user="literan">
    <nd ref="3782313874"/>
    <nd ref="6563459527"/>
    <nd ref="11065649627"/>
    <nd ref="6563459525"/>
    <nd ref="3782313877"/>
    <tag k="highway" v="service"/>
    <tag k="living_street" v="yes"/>
    <tag k="surface" v="asphalt"/>
  </way>
  <way id="374852242" version="7" timestamp="2023-11-03T18:29:26Z" changeset="143586761" uid="363136" user="neo-plan">
    <nd ref="3782313879"/>
    <nd ref="11065649631"/>
    <nd ref="3782313880"/>
    <tag k="highway" v="service"/>
    <tag k="living_street" v="yes"/>
    <tag k="service" v="parking_aisle"/>
    <tag k="surface" v="asphalt"/>
  </way>
  <way id="392447160" version="2" timestamp="2021-11-02T19:29:39Z" changeset="113299216" uid="363136" user="neo-plan">
    <nd ref="3956664891"/>
    <nd ref="3956664906"/>
    <nd ref="3956664889"/>
    <nd ref="3956664893"/>
    <nd ref="3956664891"/>
    <tag k="building" v="garages"/>
  </way>
  <way id="392732468" version="5" timestamp="2025-09-27T20:14:55Z" changeset="172543305" uid="363136" user="neo-plan">
    <nd ref="6634272243"/>
    <nd ref="3992504088"/>
    <nd ref="3959192280"/>
    <nd ref="13175774807"/>
    <nd ref="3959192279"/>
    <tag k="access" v="no"/>
    <tag k="highway" v="service"/>
    <tag k="living_street" v="yes"/>
    <tag k="surface" v="asphalt"/>
  </way>
  <way id="392736479" version="3" timestamp="2025-09-27T20:14:55Z" changeset="172543305" uid="363136" user="neo-plan">
    <nd ref="3959219944"/>
    <nd ref="3959219949"/>
    <tag k="access" v="no"/>
    <tag k="highway" v="service"/>
    <tag k="living_street" v="yes"/>
    <tag k="surface" v="asphalt"/>
  </way>
  <way id="392736480" version="3" timestamp="2025-09-27T20:14:55Z" changeset="172543305" uid="363136" user="neo-plan">
    <nd ref="13175774813"/>
    <nd ref="3959219951"/>
    <tag k="access" v="private"/>
    <tag k="highway" v="service"/>
    <tag k="living_street" v="yes"/>
    <tag k="surface" v="asphalt"/>
  </way>
  <way id="395430235" version="2" timestamp="2016-02-06T19:38:48Z" changeset="37047747" uid="3525463" user="gtnh1201">
    <nd ref="3982947313"/>
    <nd ref="3992504071"/>
    <nd ref="3982947306"/>
    <tag k="highway" v="footway"/>
  </way>
  <way id="395430258" version="3" timestamp="2022-05-18T19:50:09Z" changeset="121162313" uid="363136" user="neo-plan">
    <nd ref="3982947325"/>
    <nd ref="9752813925"/>
    <nd ref="3982947319"/>
    <nd ref="3982947313"/>
    <nd ref="3982947308"/>
    <tag k="highway" v="service"/>
    <tag k="surface" v="asphalt"/>
  </way>
  <way id="395430259" version="3" timestamp="2022-07-28T21:43:13Z" changeset="124204149" uid="16674883" user="Netfox777">
    <nd ref="3982947319"/>
    <nd ref="3982947318"/>
    <nd ref="3982947322"/>
    <nd ref="3982947320"/>
    <tag k="highway" v="footway"/>
    <tag k="lit" v="no"/>
    <tag k="surface" v="asphalt"/>
  </way>
  <way id="395430262" version="5" timestamp="2022-05-18T19:48:18Z" changeset="121162255" uid="363136" user="neo-plan">
    <nd ref="9752849578"/>
    <nd ref="3992504062"/>
    <nd ref="3982947302"/>
    <nd ref="9752849579"/>
    <nd ref="3992504057"/>
    <nd ref="3992504058"/>
    <nd ref="3982947306"/>
    <nd ref="3982947307"/>
    <nd ref="3982947300"/>
    <nd ref="3982947298"/>
    <tag k="highway" v="footway"/>
    <tag k="surface" v="asphalt"/>
  </way>
  <way id="396444368" version="3" timestamp="2025-09-27T20:14:55Z" changeset="172543305" uid="363136" user="neo-plan">
    <nd ref="3992504086"/>
    <nd ref="3992504080"/>
    <nd ref="3992504078"/>
    <nd ref="3992504084"/>
    <nd ref="3992504086"/>
    <tag k="access" v="no"/>
    <tag k="leisure" v="playground"/>
  </way>
  <way id="396444369" version="2" timestamp="2022-07-28T21:43:23Z" changeset="124204190" uid="16674883" user="Netfox777">
    <nd ref="3992504085"/>
    <nd ref="3992504082"/>
    <nd ref="3992504091"/>
    <nd ref="3992504092"/>
    <nd ref="3992504085"/>
    <tag k="access" v="yes"/>
    <tag k="leisure" v="playground"/>
  </way>
  <way id="396444376" version="12" timestamp="2026-06-13T05:07:44Z" changeset="184040813" uid="12117593" user="89r">
    <nd ref="3992504060"/>
    <nd ref="4407036222"/>
    <nd ref="4017015587"/>
    <nd ref="3992503843"/>
    <nd ref="4017015586"/>
    <nd ref="4407036220"/>
    <nd ref="3992503840"/>
    <nd ref="3992503833"/>
    <nd ref="4017015585"/>
    <nd ref="3992503821"/>
    <nd ref="11234459936"/>
    <nd ref="3959146215"/>
    <nd ref="3959135146"/>
    <nd ref="12264615319"/>
    <nd ref="3959135144"/>
    <nd ref="13933769934"/>
    <nd ref="4407036213"/>
    <nd ref="4407036212"/>
    <nd ref="3992503788"/>
    <nd ref="3992503787"/>
    <nd ref="4407036205"/>
    <nd ref="4638631960"/>
    <nd ref="3981494889"/>
    <tag k="footway" v="sidewalk"/>
    <tag k="highway" v="footway"/>
    <tag k="lit" v="yes"/>
    <tag k="surface" v="asphalt"/>
  </way>
  <way id="396444382" version="6" timestamp="2024-08-28T21:18:42Z" changeset="155901431" uid="363136" user="neo-plan">
    <nd ref="3992504060"/>
    <nd ref="3992504087"/>
    <nd ref="4407036224"/>
    <tag k="footway" v="sidewalk"/>
    <tag k="highway" v="footway"/>
    <tag k="lit" v="no"/>
    <tag k="surface" v="asphalt"/>
  </way>
  <way id="396444383" version="5" timestamp="2026-06-13T05:07:44Z" changeset="184040813" uid="12117593" user="89r">
    <nd ref="3992504101"/>
    <nd ref="13934830064"/>
    <nd ref="3992504099"/>
    <nd ref="6634272243"/>
    <tag k="highway" v="service"/>
    <tag k="surface" v="asphalt"/>
  </way>
  <way id="396444387" version="1" timestamp="2016-02-06T19:38:45Z" changeset="37047747" uid="3525463" user="gtnh1201">
    <nd ref="3992504058"/>
    <nd ref="3982947308"/>
    <tag k="highway" v="footway"/>
    <tag k="surface" v="paving_stones"/>
  </way>
  <way id="396444389" version="2" timestamp="2022-07-28T21:35:05Z" changeset="124204152" uid="16674883" user="Netfox777">
    <nd ref="3982947308"/>
    <nd ref="3992504069"/>
    <nd ref="3992504071"/>
    <tag k="highway" v="service"/>
    <tag k="surface" v="asphalt"/>
  </way>
  <way id="396444390" version="1" timestamp="2016-02-06T19:38:45Z" changeset="37047747" uid="3525463" user="gtnh1201">
    <nd ref="3982947318"/>
    <nd ref="3992504083"/>
    <nd ref="3992504071"/>
    <tag k="highway" v="path"/>
  </way>
  <way id="396444397" version="2" timestamp="2025-09-27T20:14:55Z" changeset="172543305" uid="363136" user="neo-plan">
    <nd ref="3992504088"/>
    <nd ref="3992504079"/>
    <nd ref="3992504074"/>
    <nd ref="3992503844"/>
    <tag k="access" v="no"/>
    <tag k="highway" v="footway"/>
  </way>
  <way id="396444401" version="4" timestamp="2025-10-15T05:48:46Z" changeset="173302320" uid="22458389" user="Ozon OSM6">
    <nd ref="3992504068"/>
    <nd ref="3992504066"/>
    <nd ref="3992504064"/>
    <nd ref="3992504075"/>
    <nd ref="3992504076"/>
    <nd ref="3992504067"/>
    <nd ref="3992504068"/>
    <tag k="addr:housenumber" v="18 с1"/>
    <tag k="addr:street" v="16-я Парковая улица"/>
    <tag k="building" v="service"/>
    <tag k="building:levels" v="1"/>
  </way>
  <way id="443064279" version="2" timestamp="2025-06-03T16:34:17Z" changeset="167143207" uid="5642897" user="Travieso">
    <nd ref="1322407654"/>
    <nd ref="1322407297"/>
    <tag k="footway" v="sidewalk"/>
    <tag k="highway" v="footway"/>
    <tag k="lit" v="yes"/>
    <tag k="surface" v="asphalt"/>
  </way>
  <way id="443064283" version="5" timestamp="2025-02-05T19:37:19Z" changeset="162179988" uid="363136" user="neo-plan">
    <nd ref="4407036224"/>
    <nd ref="2411787416"/>
    <nd ref="4407036223"/>
    <tag k="footway" v="crossing"/>
    <tag k="highway" v="footway"/>
    <tag k="lit" v="yes"/>
    <tag k="surface" v="asphalt"/>
  </way>
  <way id="443064291" version="9" timestamp="2025-06-03T16:34:32Z" changeset="167143201" uid="5642897" user="Travieso">
    <nd ref="4407036232"/>
    <nd ref="4703715121"/>
    <tag k="highway" v="service"/>
    <tag k="living_street" v="yes"/>
    <tag k="surface" v="asphalt"/>
  </way>
  <way id="450813819" version="14" timestamp="2024-11-07T20:32:23Z" changeset="158871004" uid="363136" user="neo-plan">
    <nd ref="1321951350"/>
    <nd ref="4477197619"/>
    <tag k="cycleway:left" v="no"/>
    <tag k="cycleway:right" v="lane"/>
    <tag k="highway" v="secondary"/>
    <tag k="lanes" v="1"/>
    <tag k="lit" v="yes"/>
    <tag k="maxspeed" v="60"/>
    <tag k="name" v="Сиреневый бульвар"/>
    <tag k="name:uk" v="Бузковий бульвар"/>
    <tag k="oneway" v="yes"/>
    <tag k="shoulder" v="no"/>
    <tag k="sidewalk" v="both"/>
    <tag k="source:maxspeed" v="sign"/>
    <tag k="surface" v="asphalt"/>
  </way>
  <way id="477375403" version="2" timestamp="2022-10-26T21:54:37Z" changeset="128103290" uid="14175862" user="gratulari">
    <nd ref="4707412438"/>
    <nd ref="4707412437"/>
    <nd ref="4707412436"/>
    <nd ref="4707412435"/>
    <nd ref="4707412438"/>
    <tag k="building" v="roof"/>
    <tag k="layer" v="1"/>
  </way>
  <way id="503525681" version="7" timestamp="2026-05-14T23:53:43Z" changeset="182674081" uid="363136" user="neo-plan">
    <nd ref="13829879400"/>
    <nd ref="1322407930"/>
    <tag k="highway" v="footway"/>
    <tag k="lit" v="no"/>
    <tag k="surface" v="asphalt"/>
  </way>
  <way id="503525682" version="2" timestamp="2019-10-23T08:14:58Z" changeset="76087670" uid="9657291" user="BANO notIT">
    <nd ref="1322408186"/>
    <nd ref="3531577569"/>
    <tag k="highway" v="footway"/>
    <tag k="lit" v="no"/>
    <tag k="surface" v="asphalt"/>
  </way>
  <way id="519714581" version="9" timestamp="2026-05-14T23:53:43Z" changeset="182674081" uid="363136" user="neo-plan">
    <nd ref="9221478455"/>
    <nd ref="10612107260"/>
    <nd ref="9221478453"/>
    <nd ref="9221478454"/>
    <nd ref="5067170533"/>
    <nd ref="13829884401"/>
    <nd ref="9221478452"/>
    <nd ref="5067170532"/>
    <nd ref="5067170530"/>
    <nd ref="5067170529"/>
    <nd ref="5067170528"/>
    <nd ref="5067170527"/>
    <nd ref="5067170526"/>
    <nd ref="5067170525"/>
    <nd ref="5067170524"/>
    <nd ref="5067170523"/>
    <nd ref="5067170522"/>
    <nd ref="10612107262"/>
    <nd ref="10612107261"/>
    <nd ref="5067170521"/>
    <nd ref="9221478455"/>
    <tag k="addr:city" v="Москва"/>
    <tag k="addr:housenumber" v="вл77"/>
    <tag k="addr:street" v="Сиреневый бульвар"/>
    <tag k="area:highway" v="service"/>
    <tag k="description" v="Отстойно-разворотная площадка конечной станции «Сиреневый бульвар»"/>
    <tag k="operator" v="Филиал Восточный ГУП «Мосгортранс»"/>
    <tag k="public_transport" v="bus_park"/>
  </way>
  <way id="567875364" version="4" timestamp="2026-05-28T15:50:17Z" changeset="183312449" uid="12117593" user="89r">
    <nd ref="5464891400"/>
    <nd ref="5464891399"/>
    <nd ref="5464891398"/>
    <nd ref="5464891395"/>
    <nd ref="5464891396"/>
    <nd ref="5464891397"/>
    <nd ref="5464891400"/>
    <tag k="access" v="yes"/>
    <tag k="amenity" v="parking"/>
    <tag k="fee" v="no"/>
    <tag k="opening_hours" v="24/7"/>
    <tag k="parking" v="surface"/>
    <tag k="supervised" v="no"/>
  </way>
  <way id="567875365" version="4" timestamp="2024-12-06T19:38:46Z" changeset="160006960" uid="363136" user="neo-plan">
    <nd ref="3782313880"/>
    <nd ref="6436462115"/>
    <nd ref="5464891401"/>
    <tag k="access" v="no"/>
    <tag k="highway" v="service"/>
    <tag k="living_street" v="yes"/>
    <tag k="service" v="parking_aisle"/>
    <tag k="surface" v="asphalt"/>
  </way>
  <way id="592601396" version="31" timestamp="2026-05-14T23:53:43Z" changeset="182674081" uid="363136" user="neo-plan">
    <nd ref="5655550034"/>
    <nd ref="5655550040"/>
    <nd ref="5655550035"/>
    <nd ref="5655550036"/>
    <nd ref="5655550037"/>
    <nd ref="5655550038"/>
    <nd ref="5655550039"/>
    <nd ref="10985400867"/>
    <nd ref="13829884403"/>
    <nd ref="8905292537"/>
    <nd ref="5655550034"/>
    <tag k="amenity" v="college"/>
    <tag k="barrier" v="fence"/>
    <tag k="fence_type" v="bars"/>
    <tag k="name" v="Технологический колледж № 24"/>
    <tag k="website" v="https://kollege24.mskobr.ru/#/"/>
  </way>
  <way id="592601403" version="1" timestamp="2018-06-01T07:42:18Z" changeset="59452361" uid="3708354" user="eugene-lisovskiy">
    <nd ref="5655550043"/>
    <nd ref="5655550044"/>
    <nd ref="5655550045"/>
    <nd ref="5655550046"/>
    <nd ref="5655550043"/>
    <tag k="leisure" v="pitch"/>
    <tag k="sport" v="soccer"/>
  </way>
  <way id="592601407" version="3" timestamp="2023-06-04T11:52:10Z" changeset="136929173" uid="5642897" user="Travieso">
    <nd ref="1322408242"/>
    <nd ref="5655550048"/>
    <nd ref="5655550049"/>
    <nd ref="5655550050"/>
    <nd ref="7625057204"/>
    <nd ref="5655550051"/>
    <nd ref="5655550052"/>
    <tag k="highway" v="service"/>
    <tag k="surface" v="asphalt"/>
  </way>
  <way id="612239343" version="5" timestamp="2025-10-08T21:21:21Z" changeset="173024081" uid="363136" user="neo-plan">
    <nd ref="4294764165"/>
    <nd ref="5795609561"/>
    <nd ref="4294764167"/>
    <nd ref="5795609560"/>
    <nd ref="5795609559"/>
    <nd ref="5795609558"/>
    <nd ref="5795609557"/>
    <nd ref="10586755623"/>
    <nd ref="5795609556"/>
    <nd ref="5795609553"/>
    <nd ref="10586755618"/>
    <nd ref="5795609555"/>
    <nd ref="5795609352"/>
    <nd ref="5795609554"/>
    <nd ref="8108139700"/>
    <nd ref="3959192281"/>
    <tag k="footway" v="sidewalk"/>
    <tag k="highway" v="footway"/>
    <tag k="lit" v="yes"/>
    <tag k="surface" v="asphalt"/>
  </way>
  <way id="686665227" version="3" timestamp="2023-06-04T11:51:50Z" changeset="136929168" uid="5642897" user="Travieso">
    <nd ref="6436418560"/>
    <nd ref="6563459533"/>
    <nd ref="1322407297"/>
    <tag k="footway" v="sidewalk"/>
    <tag k="highway" v="footway"/>
    <tag k="lit" v="yes"/>
    <tag k="surface" v="asphalt"/>
  </way>
  <way id="686669126" version="4" timestamp="2020-11-04T19:44:26Z" changeset="93560169" uid="363136" user="neo-plan">
    <nd ref="3705343374"/>
    <nd ref="8082172858"/>
    <nd ref="3531577569"/>
    <tag k="footway" v="sidewalk"/>
    <tag k="highway" v="footway"/>
    <tag k="lit" v="no"/>
    <tag k="surface" v="asphalt"/>
  </way>
  <way id="686669131" version="1" timestamp="2019-04-29T15:21:36Z" changeset="69700880" uid="9657291" user="BANO notIT">
    <nd ref="6436462110"/>
    <nd ref="6436462114"/>
    <nd ref="6436462111"/>
    <tag k="highway" v="service"/>
    <tag k="living_street" v="yes"/>
    <tag k="service" v="parking_aisle"/>
    <tag k="surface" v="asphalt"/>
  </way>
  <way id="686669132" version="3" timestamp="2023-06-04T11:48:33Z" changeset="136929168" uid="5642897" user="Travieso">
    <nd ref="6436462111"/>
    <nd ref="6436462112"/>
    <tag k="highway" v="footway"/>
    <tag k="lit" v="yes"/>
    <tag k="surface" v="asphalt"/>
  </way>
  <way id="686669133" version="6" timestamp="2023-10-11T18:35:58Z" changeset="142448653" uid="363136" user="neo-plan">
    <nd ref="6436462111"/>
    <nd ref="11065653526"/>
    <nd ref="3697403326"/>
    <tag k="highway" v="footway"/>
    <tag k="horse" v="no"/>
    <tag k="lit" v="yes"/>
    <tag k="surface" v="asphalt"/>
  </way>
  <way id="686669134" version="2" timestamp="2024-12-06T19:38:46Z" changeset="160006960" uid="363136" user="neo-plan">
    <nd ref="6436462114"/>
    <nd ref="6436462115"/>
    <tag k="access" v="no"/>
    <tag k="highway" v="path"/>
    <tag k="surface" v="asphalt"/>
  </way>
  <way id="686669135" version="2" timestamp="2024-12-06T19:38:46Z" changeset="160006960" uid="363136" user="neo-plan">
    <nd ref="5464891401"/>
    <nd ref="6436462116"/>
    <nd ref="6436462117"/>
    <nd ref="6436462118"/>
    <tag k="access" v="no"/>
    <tag k="highway" v="path"/>
    <tag k="surface" v="ground"/>
  </way>
  <way id="686669136" version="7" timestamp="2023-07-24T19:17:44Z" changeset="138955610" uid="363136" user="neo-plan">
    <nd ref="3782313879"/>
    <nd ref="3782313877"/>
    <tag k="handrail" v="no"/>
    <tag k="highway" v="steps"/>
    <tag k="incline" v="up"/>
    <tag k="lit" v="no"/>
    <tag k="ramp" v="no"/>
    <tag k="step_count" v="32"/>
    <tag k="surface" v="metal"/>
  </way>
  <way id="686672245" version="4" timestamp="2023-06-04T11:51:04Z" changeset="136930048" uid="5642897" user="Travieso">
    <nd ref="6436504989"/>
    <nd ref="6436504990"/>
    <nd ref="6439721425"/>
    <nd ref="6436504991"/>
    <nd ref="6436504992"/>
    <nd ref="6436504989"/>
    <tag k="leisure" v="pitch"/>
    <tag k="lit" v="yes"/>
    <tag k="sport" v="soccer"/>
    <tag k="surface" v="tartan"/>
  </way>
  <way id="686672247" version="3" timestamp="2023-06-04T11:51:04Z" changeset="136930048" uid="5642897" user="Travieso">
    <nd ref="6436505006"/>
    <nd ref="6439721421"/>
    <nd ref="6436505007"/>
    <nd ref="6436505008"/>
    <nd ref="6436505009"/>
    <nd ref="6436505006"/>
    <tag k="barrier" v="fence"/>
    <tag k="leisure" v="pitch"/>
    <tag k="lit" v="yes"/>
    <tag k="sport" v="soccer;volleyball"/>
    <tag k="surface" v="pebblestone"/>
  </way>
  <way id="686969471" version="6" timestamp="2023-07-24T19:17:44Z" changeset="138955610" uid="363136" user="neo-plan">
    <nd ref="11065649630"/>
    <nd ref="6436505001"/>
    <nd ref="6439721414"/>
    <nd ref="6439721420"/>
    <nd ref="6439721415"/>
    <nd ref="6563459539"/>
    <nd ref="6439721416"/>
    <nd ref="6439721423"/>
    <nd ref="6439721417"/>
    <nd ref="6439721426"/>
    <nd ref="6439721418"/>
    <nd ref="6439721414"/>
    <tag k="highway" v="footway"/>
    <tag k="lit" v="yes"/>
    <tag k="motor_vehicle" v="permissive"/>
    <tag k="surface" v="asphalt"/>
  </way>
  <way id="686969472" version="1" timestamp="2019-04-30T20:47:24Z" changeset="69751089" uid="9657291" user="BANO notIT">
    <nd ref="6439721420"/>
    <nd ref="6439721421"/>
    <tag k="highway" v="path"/>
    <tag k="surface" v="pebblestone"/>
  </way>
  <way id="686969474" version="3" timestamp="2023-06-04T11:51:06Z" changeset="136929168" uid="5642897" user="Travieso">
    <nd ref="6439721425"/>
    <nd ref="6439721426"/>
    <tag k="handrail" v="no"/>
    <tag k="highway" v="steps"/>
    <tag k="incline" v="up"/>
    <tag k="lit" v="yes"/>
    <tag k="ramp" v="no"/>
  </way>
  <way id="698943723" version="4" timestamp="2026-05-28T15:50:17Z" changeset="183312449" uid="12117593" user="89r">
    <nd ref="6563459517"/>
    <nd ref="6563459534"/>
    <nd ref="6563459541"/>
    <nd ref="13891767425"/>
    <nd ref="6563459518"/>
    <tag k="highway" v="service"/>
    <tag k="living_street" v="yes"/>
    <tag k="maxspeed" v="RU:living_street"/>
    <tag k="surface" v="asphalt"/>
  </way>
  <way id="698943724" version="5" timestamp="2023-07-24T19:17:44Z" changeset="138955610" uid="363136" user="neo-plan">
    <nd ref="3782313879"/>
    <nd ref="11065649630"/>
    <nd ref="6563459519"/>
    <nd ref="8905292539"/>
    <nd ref="6563459520"/>
    <nd ref="6563459521"/>
    <tag k="highway" v="footway"/>
    <tag k="lit" v="yes"/>
    <tag k="surface" v="paving_stones"/>
  </way>
  <way id="698943725" version="1" timestamp="2019-06-21T17:54:34Z" changeset="71491379" uid="9657291" user="BANO notIT">
    <nd ref="6563459521"/>
    <nd ref="6563459522"/>
    <nd ref="6563459523"/>
    <nd ref="6563459524"/>
    <nd ref="6563459521"/>
    <tag k="fitness_station" v="fitness_station"/>
    <tag k="leisure" v="fitness_station"/>
    <tag k="sport" v="fitness"/>
  </way>
  <way id="698943726" version="3" timestamp="2023-04-25T17:47:07Z" changeset="135347652" uid="5642897" user="Travieso">
    <nd ref="6563459521"/>
    <nd ref="6563459522"/>
    <tag k="highway" v="footway"/>
    <tag k="lit" v="yes"/>
    <tag k="surface" v="paving_stones"/>
  </way>
  <way id="698943727" version="4" timestamp="2023-06-04T11:51:45Z" changeset="136930029" uid="5642897" user="Travieso">
    <nd ref="6563459518"/>
    <nd ref="6563459522"/>
    <tag k="highway" v="footway"/>
    <tag k="incline" v="up"/>
    <tag k="lit" v="yes"/>
    <tag k="surface" v="paving_stones"/>
  </way>
  <way id="698943728" version="3" timestamp="2023-07-24T19:17:44Z" changeset="138955610" uid="363136" user="neo-plan">
    <nd ref="6563459522"/>
    <nd ref="6563459526"/>
    <nd ref="6563459527"/>
    <nd ref="11065649627"/>
    <nd ref="6563459525"/>
    <nd ref="6563459522"/>
    <tag k="access" v="yes"/>
    <tag k="leisure" v="playground"/>
  </way>
  <way id="698943729" version="3" timestamp="2023-04-25T17:46:56Z" changeset="135347652" uid="5642897" user="Travieso">
    <nd ref="6563459522"/>
    <nd ref="6563459526"/>
    <nd ref="6563459528"/>
    <tag k="highway" v="footway"/>
    <tag k="lit" v="yes"/>
    <tag k="surface" v="asphalt"/>
  </way>
  <way id="698943730" version="2" timestamp="2023-01-30T19:20:05Z" changeset="131893847" uid="5642897" user="Travieso">
    <nd ref="6563459529"/>
    <nd ref="6563459530"/>
    <nd ref="6563459537"/>
    <nd ref="6563459531"/>
    <nd ref="6563459532"/>
    <nd ref="6563459529"/>
    <tag k="access" v="yes"/>
    <tag k="leisure" v="playground"/>
  </way>
  <way id="698943731" version="3" timestamp="2023-11-02T18:19:13Z" changeset="143544458" uid="830106" user="literan">
    <nd ref="666895007"/>
    <nd ref="6563459538"/>
    <nd ref="666895009"/>
    <nd ref="6563459533"/>
    <tag k="highway" v="service"/>
    <tag k="living_street" v="yes"/>
    <tag k="surface" v="asphalt"/>
  </way>
  <way id="699107272" version="6" timestamp="2024-09-07T19:19:17Z" changeset="156326203" uid="363136" user="neo-plan">
    <nd ref="3782313880"/>
    <nd ref="3868756871"/>
    <nd ref="3697403326"/>
    <nd ref="8082172859"/>
    <nd ref="12162335918"/>
    <nd ref="3705343374"/>
    <tag k="highway" v="service"/>
    <tag k="living_street" v="yes"/>
    <tag k="surface" v="asphalt"/>
  </way>
  <way id="706067400" version="3" timestamp="2023-06-04T11:51:43Z" changeset="136930029" uid="5642897" user="Travieso">
    <nd ref="6563459522"/>
    <nd ref="6563459525"/>
    <tag k="highway" v="footway"/>
    <tag k="lit" v="yes"/>
    <tag k="surface" v="paving_stones"/>
  </way>
  <way id="737806451" version="4" timestamp="2025-02-11T20:03:14Z" changeset="162405423" uid="363136" user="neo-plan">
    <nd ref="1322407654"/>
    <nd ref="12580068557"/>
    <nd ref="12233141278"/>
    <nd ref="273096222"/>
    <nd ref="4938138150"/>
    <tag k="footway" v="sidewalk"/>
    <tag k="highway" v="footway"/>
    <tag k="lit" v="yes"/>
    <tag k="surface" v="asphalt"/>
  </way>
  <way id="762479608" version="4" timestamp="2022-07-28T21:43:44Z" changeset="124204264" uid="16674883" user="Netfox777">
    <nd ref="7124472287"/>
    <nd ref="7124472285"/>
    <nd ref="7124472286"/>
    <nd ref="7124453584"/>
    <nd ref="7124472287"/>
    <tag k="leisure" v="pitch"/>
    <tag k="lit" v="no"/>
    <tag k="sport" v="soccer"/>
    <tag k="surface" v="asphalt"/>
  </way>
  <way id="816313670" version="2" timestamp="2021-12-08T00:10:18Z" changeset="114680773" uid="260756" user="Felis Pimeja">
    <nd ref="134756595"/>
    <nd ref="7623936920"/>
    <nd ref="1321951398"/>
    <tag k="admin_level" v="8"/>
    <tag k="boundary" v="administrative"/>
  </way>
  <way id="816313671" version="3" timestamp="2022-07-28T22:02:01Z" changeset="124204149" uid="16674883" user="Netfox777">
    <nd ref="815246177"/>
    <nd ref="7623936917"/>
    <nd ref="7623936918"/>
    <nd ref="7623936919"/>
    <nd ref="7623936920"/>
    <tag k="covered" v="no"/>
    <tag k="highway" v="service"/>
    <tag k="lanes" v="1"/>
    <tag k="lit" v="no"/>
    <tag k="maxspeed" v="RU:urban"/>
    <tag k="name" v="Сиреневый бульвар"/>
    <tag k="oneway" v="yes"/>
    <tag k="surface" v="asphalt"/>
  </way>
  <way id="816313672" version="3" timestamp="2022-07-28T21:24:07Z" changeset="124204149" uid="16674883" user="Netfox777">
    <nd ref="7623936920"/>
    <nd ref="1321951398"/>
    <tag k="covered" v="no"/>
    <tag k="highway" v="service"/>
    <tag k="lanes" v="2"/>
    <tag k="lit" v="yes"/>
    <tag k="maxspeed" v="RU:urban"/>
    <tag k="name" v="Сиреневый бульвар"/>
    <tag k="oneway" v="no"/>
    <tag k="surface" v="asphalt"/>
  </way>
  <way id="816313673" version="3" timestamp="2022-07-28T22:01:04Z" changeset="124204149" uid="16674883" user="Netfox777">
    <nd ref="7623936920"/>
    <nd ref="7623936921"/>
    <nd ref="7623936922"/>
    <nd ref="1321951526"/>
    <tag k="covered" v="no"/>
    <tag k="highway" v="service"/>
    <tag k="lanes" v="1"/>
    <tag k="lit" v="no"/>
    <tag k="maxspeed" v="RU:urban"/>
    <tag k="name" v="Сиреневый бульвар"/>
    <tag k="oneway" v="yes"/>
    <tag k="surface" v="asphalt"/>
  </way>
  <way id="816313674" version="12" timestamp="2024-11-07T20:32:23Z" changeset="158871004" uid="363136" user="neo-plan">
    <nd ref="1321951526"/>
    <nd ref="815244091"/>
    <nd ref="1321951467"/>
    <nd ref="8905544542"/>
    <nd ref="134752415"/>
    <tag k="cycleway:left" v="no"/>
    <tag k="cycleway:right" v="lane"/>
    <tag k="highway" v="secondary"/>
    <tag k="junction" v="roundabout"/>
    <tag k="lanes" v="2"/>
    <tag k="lit" v="yes"/>
    <tag k="maxspeed" v="60"/>
    <tag k="name" v="площадь Соловецких Юнг"/>
    <tag k="name:uk" v="площа Соловецьких Юнг"/>
    <tag k="oneway" v="yes"/>
    <tag k="postal_code" v="105484"/>
    <tag k="shoulder" v="no"/>
    <tag k="sidewalk" v="left"/>
    <tag k="source:maxspeed" v="sign"/>
    <tag k="surface" v="asphalt"/>
  </way>
  <way id="816313675" version="10" timestamp="2024-11-07T20:32:23Z" changeset="158871004" uid="363136" user="neo-plan">
    <nd ref="815246177"/>
    <nd ref="1321951377"/>
    <nd ref="134756595"/>
    <tag k="cycleway:left" v="no"/>
    <tag k="cycleway:right" v="lane"/>
    <tag k="highway" v="secondary"/>
    <tag k="junction" v="roundabout"/>
    <tag k="lanes" v="2"/>
    <tag k="lit" v="yes"/>
    <tag k="maxspeed" v="60"/>
    <tag k="name" v="площадь Соловецких Юнг"/>
    <tag k="name:uk" v="площа Соловецьких Юнг"/>
    <tag k="oneway" v="yes"/>
    <tag k="postal_code" v="105484"/>
    <tag k="shoulder" v="no"/>
    <tag k="sidewalk" v="left"/>
    <tag k="source:maxspeed" v="sign"/>
    <tag k="surface" v="asphalt"/>
  </way>
  <way id="816313865" version="8" timestamp="2024-11-07T20:32:23Z" changeset="158871004" uid="363136" user="neo-plan">
    <nd ref="1321951461"/>
    <nd ref="1321951385"/>
    <tag k="cycleway:left" v="no"/>
    <tag k="cycleway:right" v="lane"/>
    <tag k="highway" v="secondary"/>
    <tag k="lanes" v="1"/>
    <tag k="lit" v="yes"/>
    <tag k="maxspeed" v="60"/>
    <tag k="name" v="Сиреневый бульвар"/>
    <tag k="name:uk" v="Бузковий бульвар"/>
    <tag k="oneway" v="yes"/>
    <tag k="source:maxspeed" v="sign"/>
    <tag k="surface" v="asphalt"/>
  </way>
  <way id="817343982" version="12" timestamp="2024-10-02T20:34:11Z" changeset="157394801" uid="363136" user="neo-plan">
    <nd ref="666894983"/>
    <nd ref="7633421041"/>
    <tag k="cycleway" v="lane"/>
    <tag k="highway" v="secondary"/>
    <tag k="lanes" v="4"/>
    <tag k="lit" v="yes"/>
    <tag k="maxspeed" v="60"/>
    <tag k="name" v="16-я Парковая улица"/>
    <tag k="name:uk" v="16-а Паркова вулиця"/>
    <tag k="oneway" v="no"/>
    <tag k="shoulder" v="no"/>
    <tag k="source:maxspeed" v="sign"/>
    <tag k="surface" v="asphalt"/>
  </way>
  <way id="817343983" version="13" timestamp="2024-11-07T20:32:23Z" changeset="158871004" uid="363136" user="neo-plan">
    <nd ref="666894983"/>
    <nd ref="7633421037"/>
    <nd ref="7633421038"/>
    <nd ref="286221470"/>
    <nd ref="7633421039"/>
    <nd ref="7633421040"/>
    <tag k="cycleway:left" v="no"/>
    <tag k="cycleway:right" v="lane"/>
    <tag k="highway" v="secondary"/>
    <tag k="lanes" v="1"/>
    <tag k="lit" v="yes"/>
    <tag k="maxspeed" v="RU:urban"/>
    <tag k="name" v="16-я Парковая улица"/>
    <tag k="name:uk" v="16-а Паркова вулиця"/>
    <tag k="oneway" v="yes"/>
    <tag k="surface" v="asphalt"/>
    <tag k="turn:lanes" v="through"/>
  </way>
  <way id="817343984" version="2" timestamp="2025-01-28T19:49:15Z" changeset="161871512" uid="363136" user="neo-plan">
    <nd ref="7633421041"/>
    <nd ref="12539792116"/>
    <nd ref="4703715121"/>
    <nd ref="1322408186"/>
    <nd ref="3782313874"/>
    <nd ref="666895008"/>
    <nd ref="6563459528"/>
    <nd ref="666895009"/>
    <tag k="highway" v="service"/>
    <tag k="living_street" v="yes"/>
    <tag k="surface" v="asphalt"/>
  </way>
  <way id="817343985" version="1" timestamp="2020-06-18T20:46:37Z" changeset="86841500" uid="355953" user="Aspid">
    <nd ref="4703715121"/>
    <nd ref="3531577569"/>
    <tag k="footway" v="sidewalk"/>
    <tag k="highway" v="footway"/>
    <tag k="lit" v="no"/>
    <tag k="surface" v="asphalt"/>
  </way>
  <way id="817343986" version="19" timestamp="2025-04-02T21:26:26Z" changeset="164440383" uid="363136" user="neo-plan">
    <nd ref="1322408069"/>
    <nd ref="12628904833"/>
    <nd ref="1322408095"/>
    <nd ref="1322408060"/>
    <nd ref="8082172856"/>
    <nd ref="3697403327"/>
    <nd ref="3501273076"/>
    <nd ref="1665603872"/>
    <nd ref="11308081114"/>
    <nd ref="1322408274"/>
    <nd ref="12724359301"/>
    <nd ref="10705535983"/>
    <nd ref="10705535984"/>
    <nd ref="1322407901"/>
    <nd ref="9214847558"/>
    <nd ref="6424175413"/>
    <nd ref="600504951"/>
    <tag k="cycleway" v="lane"/>
    <tag k="highway" v="secondary"/>
    <tag k="lanes" v="4"/>
    <tag k="lit" v="yes"/>
    <tag k="maxspeed" v="60"/>
    <tag k="name" v="16-я Парковая улица"/>
    <tag k="name:uk" v="16-а Паркова вулиця"/>
    <tag k="oneway" v="no"/>
    <tag k="shoulder" v="no"/>
    <tag k="source:maxspeed" v="sign"/>
    <tag k="surface" v="asphalt"/>
  </way>
  <way id="817343987" version="9" timestamp="2024-11-07T20:32:23Z" changeset="158871004" uid="363136" user="neo-plan">
    <nd ref="7633421040"/>
    <nd ref="1321951350"/>
    <tag k="cycleway:left" v="no"/>
    <tag k="cycleway:right" v="lane"/>
    <tag k="highway" v="secondary"/>
    <tag k="junction" v="roundabout"/>
    <tag k="lanes" v="3"/>
    <tag k="lit" v="yes"/>
    <tag k="maxspeed" v="RU:urban"/>
    <tag k="name" v="площадь Соловецких Юнг"/>
    <tag k="name:uk" v="площа Соловецьких Юнг"/>
    <tag k="oneway" v="yes"/>
    <tag k="postal_code" v="105484"/>
    <tag k="surface" v="asphalt"/>
    <tag k="turn:lanes" v="through|through|right"/>
  </way>
  <way id="867069770" version="4" timestamp="2023-07-24T19:17:44Z" changeset="138955610" uid="363136" user="neo-plan">
    <nd ref="8082172858"/>
    <nd ref="8082172855"/>
    <nd ref="3782313879"/>
    <tag k="highway" v="footway"/>
    <tag k="lit" v="yes"/>
    <tag k="surface" v="asphalt"/>
  </way>
  <way id="867069771" version="3" timestamp="2023-06-04T11:50:11Z" changeset="136930029" uid="5642897" user="Travieso">
    <nd ref="8082172860"/>
    <nd ref="8082172855"/>
    <tag k="highway" v="footway"/>
    <tag k="lit" v="yes"/>
    <tag k="surface" v="asphalt"/>
  </way>
  <way id="867069772" version="3" timestamp="2023-11-03T18:29:26Z" changeset="143586761" uid="363136" user="neo-plan">
    <nd ref="8082172859"/>
    <nd ref="8082172860"/>
    <tag k="highway" v="service"/>
    <tag k="living_street" v="yes"/>
    <tag k="surface" v="asphalt"/>
  </way>
  <way id="867069773" version="4" timestamp="2025-09-08T21:16:58Z" changeset="171656868" uid="363136" user="neo-plan">
    <nd ref="11065610990"/>
    <nd ref="8082172856"/>
    <nd ref="13129066429"/>
    <tag k="footway" v="crossing"/>
    <tag k="highway" v="footway"/>
    <tag k="surface" v="asphalt"/>
  </way>
  <way id="868059648" version="3" timestamp="2025-06-03T16:35:34Z" changeset="167143320" uid="5642897" user="Travieso">
    <nd ref="5768622161"/>
    <nd ref="8091273165"/>
    <nd ref="8091273164"/>
    <nd ref="8091273163"/>
    <nd ref="5768622161"/>
    <tag k="addr:housenumber" v="64А"/>
    <tag k="addr:street" v="Сиреневый бульвар"/>
    <tag k="building" v="retail"/>
    <tag k="building:levels" v="1"/>
    <tag k="roof:shape" v="skillion"/>
  </way>
  <way id="870337359" version="4" timestamp="2025-06-03T16:35:09Z" changeset="167143320" uid="5642897" user="Travieso">
    <nd ref="8108139710"/>
    <nd ref="8108139713"/>
    <nd ref="8108139712"/>
    <nd ref="8108139711"/>
    <nd ref="8108139710"/>
    <tag k="building" v="kiosk"/>
    <tag k="building:levels" v="1"/>
    <tag k="inscription" v="Пресса"/>
    <tag k="shop" v="newsagent"/>
  </way>
  <way id="879446523" version="5" timestamp="2023-06-04T11:52:10Z" changeset="136929173" uid="5642897" user="Travieso">
    <nd ref="1322407252"/>
    <nd ref="8181074717"/>
    <nd ref="8181028314"/>
    <tag k="highway" v="service"/>
    <tag k="surface" v="asphalt"/>
  </way>
  <way id="879446524" version="4" timestamp="2025-07-23T21:18:53Z" changeset="169367544" uid="363136" user="neo-plan">
    <nd ref="8181028314"/>
    <nd ref="13019759158"/>
    <nd ref="13019759171"/>
    <nd ref="13019759153"/>
    <nd ref="13019762420"/>
    <tag k="highway" v="service"/>
    <tag k="surface" v="asphalt"/>
  </way>
  <way id="879447990" version="4" timestamp="2026-05-28T15:50:17Z" changeset="183312449" uid="12117593" user="89r">
    <nd ref="13019762422"/>
    <nd ref="8181028315"/>
    <tag k="highway" v="service"/>
    <tag k="surface" v="asphalt"/>
  </way>
  <way id="962712825" version="3" timestamp="2023-06-04T11:50:42Z" changeset="136930029" uid="5642897" user="Travieso">
    <nd ref="3782313877"/>
    <nd ref="8905292539"/>
    <tag k="highway" v="footway"/>
    <tag k="lit" v="yes"/>
    <tag k="surface" v="asphalt"/>
  </way>
  <way id="962729447" version="4" timestamp="2026-06-13T05:07:44Z" changeset="184040813" uid="12117593" user="89r">
    <nd ref="8905488065"/>
    <nd ref="13934830024"/>
    <nd ref="13934830011"/>
    <nd ref="13934830012"/>
    <nd ref="8905488066"/>
    <nd ref="1321951461"/>
    <tag k="highway" v="service"/>
    <tag k="service" v="parking_aisle"/>
    <tag k="surface" v="asphalt"/>
  </way>
  <way id="962729449" version="5" timestamp="2026-06-13T05:07:44Z" changeset="184040813" uid="12117593" user="89r">
    <nd ref="8905488066"/>
    <nd ref="13934830013"/>
    <nd ref="12233141280"/>
    <nd ref="12580068559"/>
    <nd ref="1322407986"/>
    <tag k="footway" v="sidewalk"/>
    <tag k="highway" v="footway"/>
    <tag k="lit" v="yes"/>
    <tag k="surface" v="asphalt"/>
  </way>
  <way id="962733782" version="3" timestamp="2022-07-28T22:01:46Z" changeset="124204149" uid="16674883" user="Netfox777">
    <nd ref="8905544541"/>
    <nd ref="8905544568"/>
    <nd ref="8905544542"/>
    <tag k="highway" v="footway"/>
    <tag k="lit" v="no"/>
    <tag k="surface" v="paving_stones"/>
  </way>
  <way id="962733783" version="3" timestamp="2022-07-28T22:01:54Z" changeset="124204149" uid="16674883" user="Netfox777">
    <nd ref="8905544556"/>
    <nd ref="8905544557"/>
    <nd ref="8905544558"/>
    <nd ref="8905544541"/>
    <nd ref="8905544543"/>
    <nd ref="8905544544"/>
    <nd ref="8905544545"/>
    <nd ref="8905544550"/>
    <nd ref="8905544551"/>
    <nd ref="8905544552"/>
    <nd ref="8905544546"/>
    <nd ref="8905544547"/>
    <nd ref="8905544548"/>
    <nd ref="8905544553"/>
    <nd ref="8905544554"/>
    <nd ref="8905544555"/>
    <nd ref="8905544538"/>
    <nd ref="8905544539"/>
    <nd ref="8905544540"/>
    <nd ref="8905544556"/>
    <tag k="highway" v="footway"/>
    <tag k="lit" v="no"/>
    <tag k="surface" v="paving_stones"/>
  </way>
  <way id="962733784" version="3" timestamp="2022-07-28T22:01:51Z" changeset="124204149" uid="16674883" user="Netfox777">
    <nd ref="8905544546"/>
    <nd ref="8905544559"/>
    <nd ref="8905544549"/>
    <tag k="highway" v="footway"/>
    <tag k="lit" v="no"/>
    <tag k="surface" v="paving_stones"/>
  </way>
  <way id="962733785" version="3" timestamp="2022-07-28T22:01:48Z" changeset="124204149" uid="16674883" user="Netfox777">
    <nd ref="8905544537"/>
    <nd ref="8905544576"/>
    <nd ref="8905544538"/>
    <tag k="highway" v="footway"/>
    <tag k="lit" v="no"/>
    <tag k="surface" v="paving_stones"/>
  </way>
  <way id="962733786" version="3" timestamp="2022-07-28T22:01:44Z" changeset="124204149" uid="16674883" user="Netfox777">
    <nd ref="8905544560"/>
    <nd ref="8905544561"/>
    <nd ref="8905544562"/>
    <nd ref="8905544563"/>
    <nd ref="8905544564"/>
    <nd ref="8905544565"/>
    <nd ref="8905544566"/>
    <nd ref="8905544567"/>
    <nd ref="8905544568"/>
    <nd ref="8905544585"/>
    <nd ref="8905544569"/>
    <nd ref="8905544570"/>
    <nd ref="8905544571"/>
    <nd ref="8905544572"/>
    <nd ref="8905544573"/>
    <nd ref="8905544574"/>
    <nd ref="8905544575"/>
    <nd ref="8905544586"/>
    <nd ref="8905544576"/>
    <nd ref="8905544577"/>
    <nd ref="8905544578"/>
    <nd ref="8905544579"/>
    <nd ref="8905544580"/>
    <nd ref="8905544581"/>
    <nd ref="8905544582"/>
    <nd ref="8905544583"/>
    <nd ref="8905544559"/>
    <nd ref="8905544584"/>
    <nd ref="8905544560"/>
    <tag k="highway" v="footway"/>
    <tag k="lit" v="no"/>
    <tag k="surface" v="paving_stones"/>
  </way>
  <way id="998515982" version="9" timestamp="2025-10-17T20:33:13Z" changeset="173427823" uid="363136" user="neo-plan">
    <nd ref="9219482350"/>
    <nd ref="9219482351"/>
    <nd ref="12539808744"/>
    <nd ref="9219482352"/>
    <nd ref="9219482353"/>
    <nd ref="9219482354"/>
    <nd ref="9219482355"/>
    <nd ref="9219482357"/>
    <nd ref="9219482350"/>
    <tag k="amenity" v="parking"/>
    <tag k="barrier" v="fence"/>
    <tag k="fee" v="yes"/>
    <tag k="surface" v="asphalt"/>
  </way>
  <way id="998515983" version="5" timestamp="2025-10-17T20:33:13Z" changeset="173427823" uid="363136" user="neo-plan">
    <nd ref="12539808742"/>
    <nd ref="12539808743"/>
    <tag k="highway" v="service"/>
    <tag k="service" v="parking_aisle"/>
    <tag k="surface" v="asphalt"/>
  </way>
  <way id="998515984" version="3" timestamp="2022-07-28T21:53:05Z" changeset="124204152" uid="16674883" user="Netfox777">
    <nd ref="9219482359"/>
    <nd ref="9225056554"/>
    <nd ref="9219482358"/>
    <nd ref="9225056549"/>
    <tag k="highway" v="service"/>
    <tag k="surface" v="asphalt"/>
  </way>
  <way id="998763411" version="4" timestamp="2023-02-06T17:40:31Z" changeset="132168154" uid="830106" user="literan">
    <nd ref="9221478453"/>
    <nd ref="9221478454"/>
    <nd ref="9221478456"/>
    <nd ref="9221478457"/>
    <nd ref="5067170521"/>
    <nd ref="9221478455"/>
    <nd ref="10612107260"/>
    <nd ref="9221478453"/>
    <tag k="leaf_type" v="broadleaved"/>
    <tag k="natural" v="wood"/>
  </way>
  <way id="998765384" version="4" timestamp="2026-05-14T23:53:43Z" changeset="182674081" uid="363136" user="neo-plan">
    <nd ref="1322407930"/>
    <nd ref="9221466263"/>
    <nd ref="9221466264"/>
    <nd ref="9221466265"/>
    <nd ref="5067170532"/>
    <nd ref="9219482358"/>
    <tag k="highway" v="path"/>
    <tag k="lit" v="no"/>
    <tag k="surface" v="ground"/>
  </way>
  <way id="999241357" version="3" timestamp="2026-05-14T23:53:43Z" changeset="182674081" uid="363136" user="neo-plan">
    <nd ref="13829884403"/>
    <nd ref="5655550041"/>
    <nd ref="5655550042"/>
    <tag k="highway" v="footway"/>
    <tag k="lit" v="yes"/>
    <tag k="surface" v="asphalt"/>
  </way>
  <way id="999241358" version="3" timestamp="2026-05-14T23:53:43Z" changeset="182674081" uid="363136" user="neo-plan">
    <nd ref="1322407930"/>
    <nd ref="13829884403"/>
    <tag k="highway" v="footway"/>
    <tag k="lit" v="no"/>
    <tag k="surface" v="asphalt"/>
  </way>
  <way id="999241360" version="2" timestamp="2023-06-04T11:52:26Z" changeset="136929173" uid="5642897" user="Travieso">
    <nd ref="9225056552"/>
    <nd ref="9225056555"/>
    <nd ref="9225056553"/>
    <tag k="highway" v="service"/>
    <tag k="surface" v="asphalt"/>
  </way>
  <way id="999241361" version="2" timestamp="2026-05-14T23:53:43Z" changeset="182674081" uid="363136" user="neo-plan">
    <nd ref="9225056553"/>
    <nd ref="13829884402"/>
    <nd ref="9225056554"/>
    <tag k="highway" v="path"/>
  </way>
  <way id="999241362" version="2" timestamp="2025-08-17T23:22:36Z" changeset="170589829" uid="363136" user="neo-plan">
    <nd ref="9225056556"/>
    <nd ref="9225056557"/>
    <nd ref="13076800703"/>
    <nd ref="9225056558"/>
    <nd ref="9225056559"/>
    <nd ref="9225056556"/>
    <tag k="barrier" v="fence"/>
    <tag k="landuse" v="garages"/>
  </way>
  <way id="999241363" version="2" timestamp="2021-11-04T19:14:57Z" changeset="113382219" uid="363136" user="neo-plan">
    <nd ref="9225056560"/>
    <nd ref="9225056561"/>
    <nd ref="9225056562"/>
    <nd ref="9225056563"/>
    <nd ref="9225056560"/>
    <tag k="building" v="garages"/>
  </way>
  <way id="1061512561" version="2" timestamp="2022-07-28T22:09:11Z" changeset="124204193" uid="16674883" user="Netfox777">
    <nd ref="9752849578"/>
    <nd ref="9752849579"/>
    <tag k="highway" v="path"/>
    <tag k="surface" v="ground"/>
  </way>
  <way id="1061512562" version="3" timestamp="2022-07-28T22:08:50Z" changeset="124204149" uid="16674883" user="Netfox777">
    <nd ref="9023500019"/>
    <nd ref="9752849578"/>
    <tag k="highway" v="footway"/>
    <tag k="lit" v="no"/>
    <tag k="surface" v="asphalt"/>
  </way>
  <way id="1061512563" version="3" timestamp="2024-10-07T20:50:06Z" changeset="157599017" uid="363136" user="neo-plan">
    <nd ref="3982947319"/>
    <nd ref="3992504100"/>
    <nd ref="12233141276"/>
    <nd ref="4407036223"/>
    <nd ref="9752849578"/>
    <tag k="highway" v="footway"/>
    <tag k="lit" v="no"/>
    <tag k="surface" v="asphalt"/>
  </way>
  <way id="1061513038" version="3" timestamp="2022-07-28T21:35:55Z" changeset="124204149" uid="16674883" user="Netfox777">
    <nd ref="3992504100"/>
    <nd ref="9752813925"/>
    <tag k="highway" v="footway"/>
    <tag k="lit" v="no"/>
    <tag k="surface" v="asphalt"/>
  </way>
  <way id="1150829322" version="8" timestamp="2024-11-07T20:32:23Z" changeset="158871004" uid="363136" user="neo-plan">
    <nd ref="1321951385"/>
    <nd ref="815243285"/>
    <nd ref="1321951400"/>
    <tag k="cycleway:left" v="no"/>
    <tag k="cycleway:right" v="lane"/>
    <tag k="highway" v="secondary"/>
    <tag k="junction" v="roundabout"/>
    <tag k="lanes" v="2"/>
    <tag k="lit" v="yes"/>
    <tag k="maxspeed" v="60"/>
    <tag k="name" v="площадь Соловецких Юнг"/>
    <tag k="name:uk" v="площа Соловецьких Юнг"/>
    <tag k="oneway" v="yes"/>
    <tag k="postal_code" v="105484"/>
    <tag k="shoulder" v="no"/>
    <tag k="sidewalk" v="left"/>
    <tag k="source:maxspeed" v="sign"/>
    <tag k="surface" v="asphalt"/>
  </way>
  <way id="1150841083" version="12" timestamp="2024-10-18T21:24:03Z" changeset="158068461" uid="363136" user="neo-plan">
    <nd ref="10705658021"/>
    <nd ref="159822012"/>
    <nd ref="1116408849"/>
    <nd ref="2411787416"/>
    <tag k="cycleway" v="lane"/>
    <tag k="highway" v="secondary"/>
    <tag k="lanes" v="2"/>
    <tag k="lit" v="yes"/>
    <tag k="maxspeed" v="60"/>
    <tag k="name" v="16-я Парковая улица"/>
    <tag k="name:uk" v="16-а Паркова вулиця"/>
    <tag k="oneway" v="no"/>
    <tag k="shoulder" v="no"/>
    <tag k="source:maxspeed" v="sign"/>
    <tag k="surface" v="asphalt"/>
  </way>
  <way id="1183060720" version="16" timestamp="2026-05-14T23:53:43Z" changeset="182674081" uid="363136" user="neo-plan">
    <nd ref="666805278"/>
    <nd ref="609811023"/>
    <nd ref="2631232618"/>
    <nd ref="10985400861"/>
    <nd ref="10985400862"/>
    <nd ref="10985400863"/>
    <nd ref="10985400864"/>
    <nd ref="9214847564"/>
    <nd ref="13019759177"/>
    <nd ref="12539768954"/>
    <nd ref="12724359303"/>
    <nd ref="12539768961"/>
    <nd ref="13019759174"/>
    <nd ref="13019759175"/>
    <nd ref="13019759178"/>
    <nd ref="13019759176"/>
    <nd ref="1322407921"/>
    <nd ref="10985400865"/>
    <nd ref="5655550038"/>
    <nd ref="5655550039"/>
    <nd ref="10985400867"/>
    <nd ref="13829884402"/>
    <nd ref="9225056556"/>
    <nd ref="9225056559"/>
    <nd ref="10985400868"/>
    <nd ref="10985400869"/>
    <nd ref="12389094722"/>
    <nd ref="10985400870"/>
    <nd ref="13064249461"/>
    <nd ref="13064241780"/>
    <nd ref="77745881"/>
    <nd ref="77745880"/>
    <nd ref="143841148"/>
    <nd ref="143841147"/>
    <nd ref="5532827273"/>
    <nd ref="5532827270"/>
    <nd ref="5532827285"/>
    <nd ref="5532827286"/>
    <nd ref="5532827287"/>
    <nd ref="5532827288"/>
    <nd ref="5532827289"/>
    <nd ref="5532827290"/>
    <nd ref="10985400873"/>
    <nd ref="12566156562"/>
    <nd ref="12230111966"/>
    <nd ref="3953286730"/>
    <nd ref="10985400872"/>
    <nd ref="11639885951"/>
    <nd ref="10216765691"/>
    <nd ref="10216765692"/>
    <nd ref="10985400860"/>
    <nd ref="10985400859"/>
    <nd ref="1239484258"/>
    <nd ref="2214935498"/>
    <nd ref="2214935479"/>
    <nd ref="1239484259"/>
    <nd ref="1239484274"/>
    <nd ref="3625448032"/>
    <nd ref="3046942494"/>
    <nd ref="583327339"/>
    <nd ref="3625448037"/>
    <nd ref="666805287"/>
    <nd ref="3742329207"/>
    <nd ref="3415851717"/>
    <nd ref="3902576686"/>
    <nd ref="3663215665"/>
    <nd ref="2631232621"/>
    <nd ref="2631232620"/>
    <nd ref="2631232619"/>
    <nd ref="666805278"/>
    <tag k="landuse" v="industrial"/>
  </way>
  <way id="1191908023" version="3" timestamp="2025-09-08T21:16:58Z" changeset="171656868" uid="363136" user="neo-plan">
    <nd ref="3531577569"/>
    <nd ref="11065610989"/>
    <nd ref="11065610990"/>
    <tag k="highway" v="path"/>
    <tag k="surface" v="asphalt"/>
  </way>
  <way id="1191908355" version="1" timestamp="2023-07-24T19:17:44Z" changeset="138955610" uid="363136" user="neo-plan">
    <nd ref="3782313879"/>
    <nd ref="11065649628"/>
    <nd ref="11065649629"/>
    <nd ref="3782313877"/>
    <tag k="highway" v="path"/>
  </way>
  <way id="1214878091" version="2" timestamp="2026-05-14T23:53:43Z" changeset="182674081" uid="363136" user="neo-plan">
    <nd ref="8905292537"/>
    <nd ref="13829879398"/>
    <nd ref="13829879400"/>
    <nd ref="13829879399"/>
    <tag k="highway" v="footway"/>
    <tag k="lit" v="yes"/>
    <tag k="surface" v="asphalt"/>
  </way>
  <way id="1214878092" version="3" timestamp="2025-06-03T16:36:26Z" changeset="167143260" uid="5642897" user="Travieso">
    <nd ref="11255863753"/>
    <nd ref="12628904834"/>
    <nd ref="1322408069"/>
    <tag k="highway" v="path"/>
    <tag k="surface" v="asphalt"/>
  </way>
  <way id="1220346343" version="5" timestamp="2025-02-05T19:37:19Z" changeset="162179988" uid="363136" user="neo-plan">
    <nd ref="12539768956"/>
    <nd ref="11308081112"/>
    <nd ref="12239691711"/>
    <nd ref="12539768957"/>
    <nd ref="12539768956"/>
    <tag k="note" v="Здание охраны бывшего ГСК снесено"/>
    <tag k="was:building" v="yes"/>
  </way>
  <way id="1311569964" version="2" timestamp="2024-10-02T20:34:11Z" changeset="157394801" uid="363136" user="neo-plan">
    <nd ref="7633421041"/>
    <nd ref="1322408069"/>
    <tag k="cycleway" v="lane"/>
    <tag k="highway" v="secondary"/>
    <tag k="lanes" v="4"/>
    <tag k="lit" v="yes"/>
    <tag k="maxspeed" v="60"/>
    <tag k="name" v="16-я Парковая улица"/>
    <tag k="name:uk" v="16-а Паркова вулиця"/>
    <tag k="oneway" v="no"/>
    <tag k="shoulder" v="no"/>
    <tag k="source:maxspeed" v="sign"/>
    <tag k="surface" v="asphalt"/>
  </way>
  <way id="1311569965" version="2" timestamp="2025-02-05T19:37:19Z" changeset="162179988" uid="363136" user="neo-plan">
    <nd ref="10612107259"/>
    <nd ref="1322408069"/>
    <nd ref="3782313875"/>
    <tag k="footway" v="crossing"/>
    <tag k="highway" v="footway"/>
    <tag k="lit" v="yes"/>
    <tag k="surface" v="asphalt"/>
  </way>
  <way id="1311883660" version="1" timestamp="2024-08-28T21:18:42Z" changeset="155901431" uid="363136" user="neo-plan">
    <nd ref="4938138150"/>
    <nd ref="4407036232"/>
    <tag k="footway" v="sidewalk"/>
    <tag k="highway" v="footway"/>
    <tag k="lit" v="no"/>
    <tag k="surface" v="asphalt"/>
  </way>
  <way id="1311883661" version="2" timestamp="2024-10-07T20:50:06Z" changeset="157599017" uid="363136" user="neo-plan">
    <nd ref="4407036224"/>
    <nd ref="12233141274"/>
    <nd ref="8091273166"/>
    <nd ref="4407036225"/>
    <nd ref="4407036226"/>
    <nd ref="3959192281"/>
    <nd ref="8905488066"/>
    <tag k="footway" v="sidewalk"/>
    <tag k="highway" v="footway"/>
    <tag k="lit" v="no"/>
    <tag k="surface" v="asphalt"/>
  </way>
  <way id="1311883663" version="3" timestamp="2024-10-07T20:50:06Z" changeset="157599017" uid="363136" user="neo-plan">
    <nd ref="2411787416"/>
    <nd ref="12233141275"/>
    <nd ref="134756593"/>
    <tag k="cycleway" v="lane"/>
    <tag k="highway" v="secondary"/>
    <tag k="lanes" v="2"/>
    <tag k="lit" v="yes"/>
    <tag k="maxspeed" v="60"/>
    <tag k="name" v="16-я Парковая улица"/>
    <tag k="name:uk" v="16-а Паркова вулиця"/>
    <tag k="oneway" v="no"/>
    <tag k="shoulder" v="no"/>
    <tag k="source:maxspeed" v="sign"/>
    <tag k="surface" v="asphalt"/>
  </way>
  <way id="1321960661" version="1" timestamp="2024-10-07T20:50:06Z" changeset="157599017" uid="363136" user="neo-plan">
    <nd ref="1322407986"/>
    <nd ref="1321951482"/>
    <nd ref="1322407654"/>
    <tag k="footway" v="crossing"/>
    <tag k="highway" v="footway"/>
    <tag k="lit" v="yes"/>
    <tag k="surface" v="asphalt"/>
  </way>
  <way id="1355002919" version="3" timestamp="2025-08-12T21:30:38Z" changeset="170362369" uid="363136" user="neo-plan">
    <nd ref="13019759173"/>
    <nd ref="13067640745"/>
    <nd ref="12539768958"/>
    <nd ref="12539768959"/>
    <nd ref="12539768960"/>
    <nd ref="12539768961"/>
    <nd ref="13019759173"/>
    <tag k="barrier" v="fence"/>
    <tag k="industrial" v="depo"/>
    <tag k="landuse" v="industrial"/>
  </way>
  <way id="1355003141" version="3" timestamp="2025-06-03T16:34:37Z" changeset="167143260" uid="5642897" user="Travieso">
    <nd ref="10612107259"/>
    <nd ref="12539792116"/>
    <nd ref="12539792117"/>
    <nd ref="12539792118"/>
    <nd ref="4938138150"/>
    <tag k="highway" v="footway"/>
    <tag k="lit" v="yes"/>
    <tag k="surface" v="asphalt"/>
  </way>
  <way id="1359140208" version="3" timestamp="2025-06-03T16:34:34Z" changeset="167143260" uid="5642897" user="Travieso">
    <nd ref="12580068557"/>
    <nd ref="12580068558"/>
    <nd ref="12580068559"/>
    <tag k="crossing" v="traffic_signals"/>
    <tag k="cycleway" v="crossing"/>
    <tag k="highway" v="cycleway"/>
    <tag k="lit" v="yes"/>
    <tag k="surface" v="asphalt"/>
  </way>
  <way id="1359140209" version="3" timestamp="2025-06-03T16:36:39Z" changeset="167143260" uid="5642897" user="Travieso">
    <nd ref="12233141274"/>
    <nd ref="12233141275"/>
    <nd ref="12233141276"/>
    <tag k="crossing" v="traffic_signals"/>
    <tag k="cycleway" v="crossing"/>
    <tag k="highway" v="cycleway"/>
    <tag k="lit" v="yes"/>
    <tag k="surface" v="asphalt"/>
  </way>
  <way id="1363885989" version="4" timestamp="2026-05-14T23:53:43Z" changeset="182674081" uid="363136" user="neo-plan">
    <nd ref="10612107259"/>
    <nd ref="12628904833"/>
    <nd ref="12628904834"/>
    <nd ref="3782313875"/>
    <tag k="crossing" v="traffic_signals"/>
    <tag k="cycleway" v="crossing"/>
    <tag k="highway" v="cycleway"/>
    <tag k="lit" v="yes"/>
    <tag k="surface" v="asphalt"/>
  </way>
  <way id="1416833219" version="1" timestamp="2025-07-23T21:16:18Z" changeset="169367447" uid="363136" user="neo-plan">
    <nd ref="13019759151"/>
    <nd ref="13019759152"/>
    <nd ref="13019759154"/>
    <nd ref="13019759153"/>
    <tag k="highway" v="service"/>
  </way>
  <way id="1416833220" version="2" timestamp="2025-08-12T21:30:38Z" changeset="170362369" uid="363136" user="neo-plan">
    <nd ref="13019759155"/>
    <nd ref="13067640746"/>
    <nd ref="13019759156"/>
    <nd ref="13019759157"/>
    <nd ref="13019759158"/>
    <tag k="footway" v="sidewalk"/>
    <tag k="highway" v="footway"/>
  </way>
  <way id="1416833221" version="1" timestamp="2025-07-23T21:16:18Z" changeset="169367447" uid="363136" user="neo-plan">
    <nd ref="13019759159"/>
    <nd ref="13019759160"/>
    <nd ref="13019759161"/>
    <nd ref="8181028314"/>
    <tag k="footway" v="sidewalk"/>
    <tag k="highway" v="footway"/>
  </way>
  <way id="1416833222" version="1" timestamp="2025-07-23T21:16:18Z" changeset="169367447" uid="363136" user="neo-plan">
    <nd ref="13019759162"/>
    <nd ref="13019759163"/>
    <nd ref="13019759164"/>
    <nd ref="13019759160"/>
    <nd ref="13019759165"/>
    <tag k="highway" v="service"/>
  </way>
  <way id="1416833225" version="1" timestamp="2025-07-23T21:16:18Z" changeset="169367447" uid="363136" user="neo-plan">
    <nd ref="13019759171"/>
    <nd ref="13019759172"/>
    <tag k="highway" v="service"/>
  </way>
  <way id="1416833226" version="1" timestamp="2025-07-23T21:16:18Z" changeset="169367447" uid="363136" user="neo-plan">
    <nd ref="13019759173"/>
    <nd ref="10985400865"/>
    <nd ref="1322407921"/>
    <nd ref="13019759178"/>
    <nd ref="13019759175"/>
    <nd ref="13019759174"/>
    <nd ref="12539768961"/>
    <nd ref="13019759173"/>
    <tag k="amenity" v="parking"/>
  </way>
  <way id="1416833457" version="1" timestamp="2025-07-23T21:18:53Z" changeset="169367544" uid="363136" user="neo-plan">
    <nd ref="8181028314"/>
    <nd ref="13019762422"/>
    <tag k="highway" v="service"/>
    <tag k="surface" v="asphalt"/>
  </way>
  <way id="1421908272" version="1" timestamp="2025-08-12T21:30:38Z" changeset="170362369" uid="363136" user="neo-plan">
    <nd ref="13067640745"/>
    <nd ref="13067640746"/>
    <nd ref="13067640747"/>
    <tag k="highway" v="service"/>
  </way>
  <way id="1422933357" version="1" timestamp="2025-08-17T23:22:36Z" changeset="170589829" uid="363136" user="neo-plan">
    <nd ref="13076800703"/>
    <nd ref="13076800704"/>
    <tag k="highway" v="service"/>
  </way>
  <way id="1428130313" version="1" timestamp="2025-09-08T21:16:58Z" changeset="171656868" uid="363136" user="neo-plan">
    <nd ref="8082172858"/>
    <nd ref="11065610990"/>
    <tag k="highway" v="footway"/>
    <tag k="surface" v="asphalt"/>
  </way>
  <way id="1428130314" version="1" timestamp="2025-09-08T21:16:58Z" changeset="171656868" uid="363136" user="neo-plan">
    <nd ref="11065610990"/>
    <nd ref="11065610991"/>
    <tag k="highway" v="path"/>
    <tag k="surface" v="asphalt"/>
  </way>
  <way id="1433620098" version="2" timestamp="2026-06-13T05:07:44Z" changeset="184040813" uid="12117593" user="89r">
    <nd ref="3992504090"/>
    <nd ref="13934830015"/>
    <nd ref="13175774806"/>
    <nd ref="13934830018"/>
    <nd ref="13934830019"/>
    <nd ref="13934830016"/>
    <nd ref="13175774807"/>
    <nd ref="13175774815"/>
    <nd ref="13175774814"/>
    <nd ref="13175774808"/>
    <nd ref="13175774809"/>
    <nd ref="13175774810"/>
    <nd ref="13175774811"/>
    <nd ref="13175774812"/>
    <nd ref="13175774813"/>
    <nd ref="3992503856"/>
    <nd ref="13934830017"/>
    <nd ref="3992504090"/>
    <tag k="barrier" v="wall"/>
    <tag k="landuse" v="construction"/>
    <tag k="name" v="Программа реновации жилья"/>
  </way>
  <way id="1433620100" version="1" timestamp="2025-09-27T20:14:55Z" changeset="172543305" uid="363136" user="neo-plan">
    <nd ref="3959192279"/>
    <nd ref="3992504101"/>
    <nd ref="3959192281"/>
    <nd ref="1321951461"/>
    <tag k="highway" v="service"/>
    <tag k="living_street" v="yes"/>
    <tag k="surface" v="asphalt"/>
  </way>
  <way id="1433620101" version="1" timestamp="2025-09-27T20:14:55Z" changeset="172543305" uid="363136" user="neo-plan">
    <nd ref="159822012"/>
    <nd ref="3992504087"/>
    <nd ref="6634272243"/>
    <tag k="highway" v="service"/>
    <tag k="living_street" v="yes"/>
    <tag k="surface" v="asphalt"/>
  </way>
  <way id="1442251340" version="1" timestamp="2025-10-15T00:42:07Z" changeset="173297660" uid="363136" user="neo-plan">
    <nd ref="3992504079"/>
    <nd ref="13175774811"/>
    <nd ref="3992504060"/>
    <tag k="access" v="no"/>
    <tag k="footway" v="sidewalk"/>
    <tag k="highway" v="footway"/>
    <tag k="lit" v="yes"/>
    <tag k="surface" v="asphalt"/>
  </way>
  <way id="1513860666" version="1" timestamp="2026-05-14T23:53:43Z" changeset="182674081" uid="363136" user="neo-plan">
    <nd ref="11255863753"/>
    <nd ref="13829879398"/>
    <tag k="highway" v="footway"/>
  </way>
  <way id="1513860667" version="1" timestamp="2026-05-14T23:53:43Z" changeset="182674081" uid="363136" user="neo-plan">
    <nd ref="13829879399"/>
    <nd ref="3782313875"/>
    <tag k="highway" v="footway"/>
    <tag k="lit" v="yes"/>
    <tag k="surface" v="asphalt"/>
  </way>
  <way id="1513860668" version="2" timestamp="2026-05-28T15:50:17Z" changeset="183312449" uid="12117593" user="89r">
    <nd ref="3782313875"/>
    <nd ref="13829884401"/>
    <nd ref="13891767419"/>
    <nd ref="286221469"/>
    <tag k="highway" v="path"/>
  </way>
  <way id="1524071944" version="1" timestamp="2026-05-28T15:50:17Z" changeset="183312449" uid="12117593" user="89r">
    <nd ref="9225056548"/>
    <nd ref="13891767419"/>
    <nd ref="13891767417"/>
    <nd ref="13891767418"/>
    <nd ref="666894983"/>
    <tag k="covered" v="no"/>
    <tag k="foot" v="yes"/>
    <tag k="highway" v="service"/>
    <tag k="lit" v="yes"/>
    <tag k="maxspeed" v="RU:urban"/>
    <tag k="motor_vehicle" v="private"/>
    <tag k="oneway" v="yes"/>
    <tag k="psv" v="designated"/>
    <tag k="surface" v="asphalt"/>
    <tag k="vehicle" v="no"/>
  </way>
  <way id="1524071946" version="1" timestamp="2026-05-28T15:50:17Z" changeset="183312449" uid="12117593" user="89r">
    <nd ref="6563459520"/>
    <nd ref="13891767425"/>
    <tag k="highway" v="footway"/>
  </way>
  <way id="1528945510" version="1" timestamp="2026-06-13T05:07:44Z" changeset="184040813" uid="12117593" user="89r">
    <nd ref="3959192279"/>
    <nd ref="3959219949"/>
    <nd ref="13934830020"/>
    <nd ref="13934830019"/>
    <tag k="highway" v="service"/>
    <tag k="living_street" v="yes"/>
    <tag k="surface" v="asphalt"/>
  </way>
  <way id="1528945511" version="1" timestamp="2026-06-13T05:07:44Z" changeset="184040813" uid="12117593" user="89r">
    <nd ref="13934830019"/>
    <nd ref="3959219951"/>
    <nd ref="13934830015"/>
    <tag k="access" v="no"/>
    <tag k="highway" v="service"/>
    <tag k="living_street" v="yes"/>
    <tag k="surface" v="asphalt"/>
  </way>
  <way id="1528945512" version="1" timestamp="2026-06-13T05:07:44Z" changeset="184040813" uid="12117593" user="89r">
    <nd ref="13934830020"/>
    <nd ref="13934830021"/>
    <nd ref="13934830022"/>
    <nd ref="13934830023"/>
    <tag k="highway" v="path"/>
  </way>
  <way id="1528945513" version="1" timestamp="2026-06-13T05:07:44Z" changeset="184040813" uid="12117593" user="89r">
    <nd ref="13934830025"/>
    <nd ref="13934830026"/>
    <nd ref="13934830027"/>
    <nd ref="13934830028"/>
    <nd ref="13934830025"/>
    <tag k="access" v="yes"/>
    <tag k="amenity" v="parking"/>
    <tag k="fee" v="no"/>
    <tag k="orientation" v="perpendicular"/>
  </way>
  <way id="1528945521" version="1" timestamp="2026-06-13T05:07:44Z" changeset="184040813" uid="12117593" user="89r">
    <nd ref="8091273166"/>
    <nd ref="3992504099"/>
    <tag k="highway" v="footway"/>
  </way>
  <relation id="66856" version="56" timestamp="2025-09-27T20:16:39Z" changeset="172543355" uid="363136" user="neo-plan">
    <member type="way" ref="117367359" role="street"/>
    <member type="way" ref="450813819" role="street"/>
    <member type="way" ref="117367362" role="street"/>
    <member type="way" ref="816313865" role="street"/>
    <member type="way" ref="237948434" role="street"/>
    <member type="way" ref="816313672" role="street"/>
    <member type="way" ref="816313671" role="street"/>
    <member type="way" ref="5382150" role="street"/>
    <member type="way" ref="490715113" role="street"/>
    <member type="way" ref="785932434" role="street"/>
    <member type="way" ref="785932434" role="street"/>
    <member type="way" ref="490715113" role="street"/>
    <member type="way" ref="5382150" role="street"/>
    <member type="way" ref="244945040" role="street"/>
    <member type="way" ref="896808539" role="street"/>
    <member type="way" ref="460151555" role="street"/>
    <member type="way" ref="53493794" role="street"/>
    <member type="way" ref="26138512" role="street"/>
    <member type="way" ref="53493808" role="street"/>
    <member type="way" ref="37066051" role="street"/>
    <member type="way" ref="26949409" role="street"/>
    <member type="way" ref="1418589429" role="street"/>
    <member type="way" ref="1259775022" role="street"/>
    <member type="way" ref="1259775024" role="street"/>
    <member type="way" ref="37066052" role="street"/>
    <member type="way" ref="244945041" role="street"/>
    <member type="way" ref="5382631" role="street"/>
    <member type="way" ref="1418586006" role="street"/>
    <member type="way" ref="1418586004" role="street"/>
    <member type="way" ref="1433620447" role="street"/>
    <member type="way" ref="1433620448" role="street"/>
    <member type="way" ref="1418589430" role="street"/>
    <member type="way" ref="490715109" role="street"/>
    <member type="way" ref="490715110" role="street"/>
    <member type="way" ref="443186353" role="street"/>
    <member type="way" ref="1324326935" role="street"/>
    <member type="way" ref="1150924081" role="street"/>
    <member type="way" ref="1324326936" role="street"/>
    <member type="way" ref="23613884" role="street"/>
    <member type="way" ref="1313695461" role="street"/>
    <member type="way" ref="490715115" role="street"/>
    <member type="way" ref="490715114" role="street"/>
    <member type="way" ref="41891064" role="street"/>
    <member type="way" ref="25967617" role="street"/>
    <member type="way" ref="460151552" role="street"/>
    <member type="way" ref="1215442789" role="street"/>
    <member type="way" ref="426553921" role="street"/>
    <member type="way" ref="26949454" role="street"/>
    <member type="way" ref="244945039" role="street"/>
    <member type="way" ref="896808538" role="street"/>
    <member type="way" ref="134992102" role="street"/>
    <member type="way" ref="41891063" role="street"/>
    <member type="way" ref="490715112" role="street"/>
    <member type="way" ref="29696476" role="house"/>
    <member type="way" ref="103267482" role="house"/>
    <member type="way" ref="29696528" role="house"/>
    <member type="way" ref="29696525" role="house"/>
    <member type="way" ref="29696524" role="house"/>
    <member type="way" ref="26758130" role="house"/>
    <member type="way" ref="29696529" role="house"/>
    <member type="way" ref="29696527" role="house"/>
    <member type="way" ref="642976177" role="house"/>
    <member type="way" ref="26758146" role="house"/>
    <member type="way" ref="108202805" role="house"/>
    <member type="way" ref="30131239" role="house"/>
    <member type="way" ref="29699712" role="house"/>
    <member type="way" ref="194817518" role="house"/>
    <member type="way" ref="26981333" role="house"/>
    <member type="way" ref="29698215" role="house"/>
    <member type="way" ref="26814026" role="house"/>
    <member type="way" ref="108730672" role="house"/>
    <member type="way" ref="29698217" role="house"/>
    <member type="way" ref="26813980" role="house"/>
    <member type="way" ref="26981327" role="house"/>
    <member type="way" ref="29698214" role="house"/>
    <member type="way" ref="29728256" role="house"/>
    <member type="way" ref="29728164" role="house"/>
    <member type="way" ref="29699717" role="house"/>
    <member type="way" ref="29728258" role="house"/>
    <member type="way" ref="26814014" role="house"/>
    <member type="way" ref="816313673" role="street"/>
    <tag k="name" v="Сиреневый бульвар"/>
    <tag k="old_name" v="Проектируемый проезд №3503"/>
    <tag k="type" v="associatedStreet"/>
    <tag k="wikidata" v="Q4420739"/>
    <tag k="wikipedia" v="ru:Сиреневый бульвар (Москва)"/>
  </relation>
  <relation id="1106774" version="100" timestamp="2026-05-19T00:30:16Z" changeset="182856294" uid="12117593" user="89r">
    <member type="node" ref="10706781218" role="stop_entry_only"/>
    <member type="node" ref="288329091" role="platform_entry_only"/>
    <member type="node" ref="654015724" role="stop"/>
    <member type="node" ref="288329109" role="platform"/>
    <member type="node" ref="10704253614" role="stop"/>
    <member type="node" ref="727898050" role="platform"/>
    <member type="node" ref="10704253616" role="stop"/>
    <member type="node" ref="676626827" role="platform"/>
    <member type="node" ref="10704253618" role="stop"/>
    <member type="node" ref="288329139" role="platform"/>
    <member type="node" ref="10704253620" role="stop"/>
    <member type="node" ref="288329141" role="platform"/>
    <member type="node" ref="10704253621" role="stop"/>
    <member type="node" ref="4219098297" role="platform"/>
    <member type="node" ref="10704253622" role="stop"/>
    <member type="node" ref="288329143" role="platform"/>
    <member type="node" ref="10706501514" role="stop"/>
    <member type="node" ref="727898056" role="platform"/>
    <member type="node" ref="10706501513" role="stop"/>
    <member type="node" ref="727898043" role="platform"/>
    <member type="node" ref="10706501512" role="stop"/>
    <member type="node" ref="727898047" role="platform"/>
    <member type="node" ref="10706501511" role="stop"/>
    <member type="node" ref="727898058" role="platform"/>
    <member type="node" ref="10705713438" role="stop"/>
    <member type="node" ref="727898053" role="platform"/>
    <member type="node" ref="10705713439" role="stop"/>
    <member type="node" ref="676626840" role="platform"/>
    <member type="node" ref="10705713442" role="stop"/>
    <member type="node" ref="676626841" role="platform"/>
    <member type="node" ref="4621576217" role="stop"/>
    <member type="node" ref="282970804" role="platform"/>
    <member type="node" ref="4621576195" role="stop"/>
    <member type="node" ref="282970805" role="platform"/>
    <member type="node" ref="10705642401" role="stop"/>
    <member type="node" ref="282970806" role="platform"/>
    <member type="node" ref="10705658010" role="stop"/>
    <member type="node" ref="282970807" role="platform"/>
    <member type="node" ref="10705658009" role="stop"/>
    <member type="node" ref="282970808" role="platform"/>
    <member type="node" ref="1321951400" role="stop_exit_only"/>
    <member type="node" ref="273096309" role="platform_exit_only"/>
    <member type="way" ref="23838063" role=""/>
    <member type="way" ref="80512593" role=""/>
    <member type="way" ref="48276001" role=""/>
    <member type="way" ref="48276002" role=""/>
    <member type="way" ref="388933874" role=""/>
    <member type="way" ref="388933877" role=""/>
    <member type="way" ref="51728975" role=""/>
    <member type="way" ref="80512590" role=""/>
    <member type="way" ref="80512586" role=""/>
    <member type="way" ref="80512585" role=""/>
    <member type="way" ref="80512588" role=""/>
    <member type="way" ref="1516692571" role=""/>
    <member type="way" ref="80512580" role=""/>
    <member type="way" ref="599425352" role=""/>
    <member type="way" ref="1196131656" role=""/>
    <member type="way" ref="40528554" role=""/>
    <member type="way" ref="425560052" role=""/>
    <member type="way" ref="492219012" role=""/>
    <member type="way" ref="32930209" role=""/>
    <member type="way" ref="32930212" role=""/>
    <member type="way" ref="52436999" role=""/>
    <member type="way" ref="445436607" role=""/>
    <member type="way" ref="443186358" role=""/>
    <member type="way" ref="1324326936" role=""/>
    <member type="way" ref="23613884" role=""/>
    <member type="way" ref="1313695461" role=""/>
    <member type="way" ref="490715115" role=""/>
    <member type="way" ref="490715114" role=""/>
    <member type="way" ref="785932434" role=""/>
    <member type="way" ref="490715113" role=""/>
    <member type="way" ref="5382150" role=""/>
    <member type="way" ref="41891064" role=""/>
    <member type="way" ref="244945040" role=""/>
    <member type="way" ref="896808539" role=""/>
    <member type="way" ref="25967617" role=""/>
    <member type="way" ref="460151555" role=""/>
    <member type="way" ref="53493794" role=""/>
    <member type="way" ref="26138512" role=""/>
    <member type="way" ref="53493808" role=""/>
    <member type="way" ref="37066051" role=""/>
    <member type="way" ref="1418589430" role=""/>
    <member type="way" ref="1433620448" role=""/>
    <member type="way" ref="1433620447" role=""/>
    <member type="way" ref="1418586004" role=""/>
    <member type="way" ref="1418586006" role=""/>
    <member type="way" ref="5382631" role=""/>
    <member type="way" ref="117367362" role=""/>
    <member type="way" ref="816313865" role=""/>
    <member type="way" ref="1150829322" role=""/>
    <tag k="air_conditioning" v="yes"/>
    <tag k="bicycle" v="yes"/>
    <tag k="blind" v="limited"/>
    <tag k="bus_class:length" v="4;5"/>
    <tag k="charge:all-in-one" v="90 RUB"/>
    <tag k="charge:cards" v="83 RUB"/>
    <tag k="charge:sbp" v="83 RUB"/>
    <tag k="charge:troika" v="75 RUB"/>
    <tag k="charge:troika_qr" v="75 RUB"/>
    <tag k="check_date" v="2023-03-03"/>
    <tag k="colour" v="#c2e6ff"/>
    <tag k="deaf" v="yes"/>
    <tag k="fee" v="yes"/>
    <tag k="fine:ticketless" v="5000 RUB"/>
    <tag k="from" v="Метро «Преображенская площадь»"/>
    <tag k="name" v="Автобус 230: Метро «Преображенская площадь» =&gt; Площадь Соловецких Юнг"/>
    <tag k="name:uk" v="Автобус 230: Метро «Преображенська площа» =&gt; Площа Соловецьких Юнг"/>
    <tag k="network" v="Московский транспорт"/>
    <tag k="operator" v="ГУП «Мосгортранс»"/>
    <tag k="payment:cards" v="yes"/>
    <tag k="payment:cash" v="no"/>
    <tag k="payment:contactless" v="yes"/>
    <tag k="payment:maestro" v="no"/>
    <tag k="payment:mastercard" v="no"/>
    <tag k="payment:mir" v="yes"/>
    <tag k="payment:nfc" v="yes"/>
    <tag k="payment:podorozhnik" v="no"/>
    <tag k="payment:sbp" v="yes"/>
    <tag k="payment:social_cards" v="yes"/>
    <tag k="payment:strelka" v="no"/>
    <tag k="payment:troika" v="yes"/>
    <tag k="payment:visa" v="no"/>
    <tag k="public_transport:version" v="2"/>
    <tag k="ref" v="230"/>
    <tag k="route" v="bus"/>
    <tag k="source" v="Реестр маршрутов города Москвы"/>
    <tag k="to" v="Площадь Соловецких Юнг"/>
    <tag k="type" v="route"/>
    <tag k="website" v="https://transport.mos.ru/transport/schedule/route/761"/>
    <tag k="wheelchair" v="yes"/>
  </relation>
  <relation id="1255680" version="53" timestamp="2026-01-12T07:26:28Z" changeset="177124714" uid="23298465" user="NasuFoito">
    <member type="way" ref="83923365" role="outer"/>
    <member type="way" ref="516908095" role="outer"/>
    <member type="way" ref="1434459988" role="outer"/>
    <member type="way" ref="516908101" role="outer"/>
    <member type="way" ref="1434459989" role="outer"/>
    <member type="way" ref="516908102" role="outer"/>
    <member type="way" ref="516908103" role="outer"/>
    <member type="way" ref="516908100" role="outer"/>
    <member type="way" ref="516908099" role="outer"/>
    <member type="way" ref="516908098" role="outer"/>
    <member type="way" ref="516908096" role="outer"/>
    <member type="way" ref="516908097" role="outer"/>
    <member type="way" ref="516908104" role="outer"/>
    <member type="way" ref="508171527" role="outer"/>
    <member type="way" ref="1466389556" role="outer"/>
    <member type="way" ref="123959236" role="outer"/>
    <member type="way" ref="1466389555" role="outer"/>
    <member type="way" ref="83923364" role="outer"/>
    <member type="way" ref="402923113" role="outer"/>
    <member type="way" ref="237948434" role="outer"/>
    <member type="way" ref="816313670" role="outer"/>
    <member type="way" ref="83923353" role="outer"/>
    <member type="way" ref="5382631" role="outer"/>
    <member type="way" ref="1418586006" role="outer"/>
    <member type="way" ref="1418586004" role="outer"/>
    <member type="way" ref="1433620447" role="outer"/>
    <member type="way" ref="1433620448" role="outer"/>
    <member type="way" ref="1418589430" role="outer"/>
    <member type="way" ref="83923350" role="outer"/>
    <member type="way" ref="83925813" role="outer"/>
    <member type="way" ref="490715114" role="outer"/>
    <member type="way" ref="490715115" role="outer"/>
    <member type="way" ref="1313695461" role="outer"/>
    <member type="way" ref="23613884" role="outer"/>
    <member type="way" ref="1324326936" role="outer"/>
    <member type="way" ref="1150924081" role="outer"/>
    <member type="way" ref="1324326935" role="outer"/>
    <member type="way" ref="443186353" role="outer"/>
    <member type="way" ref="443186350" role="outer"/>
    <member type="way" ref="83923359" role="outer"/>
    <member type="node" ref="1625648129" role="label"/>
    <tag k="addr:country" v="RU"/>
    <tag k="addr:region" v="Москва"/>
    <tag k="admin_level" v="8"/>
    <tag k="alt_name" v="муниципальный округ Северное Измайлово"/>
    <tag k="boundary" v="administrative"/>
    <tag k="contact:website" v="https://sevizm.mos.ru/"/>
    <tag k="description" v="район — административно-территориальная единица; муниципальный округ — тип муниципального образования (с 1 июля 2012)"/>
    <tag k="name" v="район Северное Измайлово"/>
    <tag k="name:be" v="раён Паўночнае Ізмайлава"/>
    <tag k="name:en" v="Severnoye Izmaylovo District"/>
    <tag k="name:ru" v="район Северное Измайлово"/>
    <tag k="name:uk" v="Район Північне Ізмайлове"/>
    <tag k="official_status" v="ru:внутригородская территория города федерального значения"/>
    <tag k="type" v="boundary"/>
    <tag k="wikidata" v="Q2366853"/>
    <tag k="wikipedia" v="ru:Северное Измайлово"/>
  </relation>
  <relation id="1255704" version="70" timestamp="2026-02-18T20:44:45Z" changeset="178742685" uid="819798" user="s_yasakov">
    <member type="way" ref="56252572" role="outer"/>
    <member type="way" ref="56252584" role="outer"/>
    <member type="way" ref="426553916" role="outer"/>
    <member type="way" ref="56252557" role="outer"/>
    <member type="way" ref="83925814" role="outer"/>
    <member type="way" ref="83923350" role="outer"/>
    <member type="way" ref="1418589430" role="outer"/>
    <member type="way" ref="1433620448" role="outer"/>
    <member type="way" ref="1433620447" role="outer"/>
    <member type="way" ref="1418586004" role="outer"/>
    <member type="way" ref="1418586006" role="outer"/>
    <member type="way" ref="5382631" role="outer"/>
    <member type="way" ref="83923353" role="outer"/>
    <member type="way" ref="816313670" role="outer"/>
    <member type="way" ref="237948434" role="outer"/>
    <member type="way" ref="402923113" role="outer"/>
    <member type="way" ref="83923364" role="outer"/>
    <member type="way" ref="508171529" role="outer"/>
    <member type="way" ref="124033235" role="outer"/>
    <member type="way" ref="882265229" role="outer"/>
    <member type="way" ref="83925812" role="outer"/>
    <member type="way" ref="1416025453" role="outer"/>
    <member type="way" ref="56034831" role="outer"/>
    <member type="way" ref="395550308" role="outer"/>
    <member type="way" ref="83925816" role="outer"/>
    <member type="way" ref="1325508392" role="outer"/>
    <member type="way" ref="1325508394" role="outer"/>
    <member type="way" ref="292462478" role="outer"/>
    <member type="way" ref="1310933305" role="outer"/>
    <member type="way" ref="1308897743" role="outer"/>
    <member type="way" ref="1318524524" role="outer"/>
    <member type="way" ref="1310933303" role="outer"/>
    <member type="way" ref="293808604" role="outer"/>
    <member type="way" ref="882250386" role="outer"/>
    <member type="way" ref="699096604" role="outer"/>
    <member type="way" ref="237234720" role="outer"/>
    <member type="way" ref="882252941" role="outer"/>
    <member type="way" ref="238503022" role="outer"/>
    <member type="way" ref="237236230" role="outer"/>
    <member type="way" ref="611011019" role="outer"/>
    <member type="way" ref="9221851" role="outer"/>
    <member type="way" ref="491644009" role="outer"/>
    <member type="way" ref="491644008" role="outer"/>
    <member type="way" ref="71932089" role="outer"/>
    <member type="way" ref="529094687" role="outer"/>
    <member type="way" ref="529094686" role="outer"/>
    <member type="way" ref="524383006" role="outer"/>
    <member type="way" ref="536950436" role="outer"/>
    <member type="way" ref="1480403301" role="outer"/>
    <member type="node" ref="1625648082" role="label"/>
    <tag k="addr:country" v="RU"/>
    <tag k="addr:region" v="Москва"/>
    <tag k="admin_level" v="8"/>
    <tag k="alt_name" v="муниципальный округ Восточное Измайлово"/>
    <tag k="boundary" v="administrative"/>
    <tag k="contact:website" v="https://v-izm.mos.ru/"/>
    <tag k="description" v="район — административно-территориальная единица; муниципальный округ — тип муниципального образования (с 1 июля 2012)"/>
    <tag k="name" v="район Восточное Измайлово"/>
    <tag k="name:be" v="раён Усходняе Ізмайлава"/>
    <tag k="name:en" v="Vostochnoye Izmaylovo District"/>
    <tag k="name:ru" v="район Восточное Измайлово"/>
    <tag k="name:uk" v="Район Східне Ізмайлове"/>
    <tag k="official_status" v="ru:внутригородская территория города федерального значения"/>
    <tag k="type" v="boundary"/>
    <tag k="wikidata" v="Q944276"/>
    <tag k="wikipedia" v="ru:Восточное Измайлово"/>
  </relation>
  <relation id="1360407" version="85" timestamp="2026-04-08T20:48:23Z" changeset="181069309" uid="363136" user="neo-plan">
    <member type="node" ref="4558545292" role="stop_entry_only"/>
    <member type="node" ref="2452321048" role="platform_entry_only"/>
    <member type="node" ref="4477197617" role="stop"/>
    <member type="node" ref="4477197618" role="platform"/>
    <member type="node" ref="7862905106" role="stop"/>
    <member type="node" ref="510122022" role="platform"/>
    <member type="node" ref="10705676495" role="stop"/>
    <member type="node" ref="8337527223" role="platform"/>
    <member type="node" ref="10705676492" role="stop"/>
    <member type="node" ref="1779366207" role="platform"/>
    <member type="node" ref="10705676488" role="stop"/>
    <member type="node" ref="282970801" role="platform"/>
    <member type="node" ref="4621576134" role="stop"/>
    <member type="node" ref="1781692724" role="platform"/>
    <member type="node" ref="10705642390" role="stop"/>
    <member type="node" ref="1464955453" role="platform"/>
    <member type="node" ref="10705642397" role="stop"/>
    <member type="node" ref="293799191" role="platform"/>
    <member type="node" ref="10705658016" role="stop"/>
    <member type="node" ref="293799192" role="platform"/>
    <member type="node" ref="10705658014" role="stop"/>
    <member type="node" ref="3992503801" role="platform"/>
    <member type="node" ref="10705658012" role="stop"/>
    <member type="node" ref="4033578605" role="platform"/>
    <member type="node" ref="10705658010" role="stop"/>
    <member type="node" ref="282970807" role="platform"/>
    <member type="node" ref="10705658009" role="stop"/>
    <member type="node" ref="282970808" role="platform"/>
    <member type="node" ref="1321951400" role="stop_exit_only"/>
    <member type="node" ref="273096309" role="platform_exit_only"/>
    <member type="way" ref="460178035" role=""/>
    <member type="way" ref="168840483" role=""/>
    <member type="way" ref="234836363" role=""/>
    <member type="way" ref="529094666" role=""/>
    <member type="way" ref="168840484" role=""/>
    <member type="way" ref="975156168" role=""/>
    <member type="way" ref="9219871" role=""/>
    <member type="way" ref="26138496" role=""/>
    <member type="way" ref="26138497" role=""/>
    <member type="way" ref="25967650" role=""/>
    <member type="way" ref="1480403303" role=""/>
    <member type="way" ref="1497784916" role=""/>
    <member type="way" ref="1497784917" role=""/>
    <member type="way" ref="53493809" role=""/>
    <member type="way" ref="93649461" role=""/>
    <member type="way" ref="615720084" role=""/>
    <member type="way" ref="615720081" role=""/>
    <member type="way" ref="26949374" role=""/>
    <member type="way" ref="37066051" role=""/>
    <member type="way" ref="1418589430" role=""/>
    <member type="way" ref="1433620448" role=""/>
    <member type="way" ref="1433620447" role=""/>
    <member type="way" ref="1418586004" role=""/>
    <member type="way" ref="1418586006" role=""/>
    <member type="way" ref="5382631" role=""/>
    <member type="way" ref="117367362" role=""/>
    <member type="way" ref="816313865" role=""/>
    <member type="way" ref="1150829322" role=""/>
    <tag k="air_conditioning" v="yes"/>
    <tag k="bicycle" v="yes"/>
    <tag k="blind" v="limited"/>
    <tag k="bus_class:length" v="4;5"/>
    <tag k="charge:all-in-one" v="90 RUB"/>
    <tag k="charge:cards" v="83 RUB"/>
    <tag k="charge:sbp" v="83 RUB"/>
    <tag k="charge:troika" v="75 RUB"/>
    <tag k="charge:troika_qr" v="75 RUB"/>
    <tag k="check_date" v="2023-03-03"/>
    <tag k="colour" v="#c2e6ff"/>
    <tag k="deaf" v="yes"/>
    <tag k="fee" v="yes"/>
    <tag k="fine:ticketless" v="5000 RUB"/>
    <tag k="from" v="Метро «Измайловская»"/>
    <tag k="name" v="Автобус т51: Метро «Измайловская» =&gt; Площадь Соловецких Юнг"/>
    <tag k="name:uk" v="Автобус т51: Метро «Ізмайлівська» =&gt; Площа Соловецьких Юнг"/>
    <tag k="network" v="Московский транспорт"/>
    <tag k="operator" v="ГУП «Мосгортранс»"/>
    <tag k="payment:cards" v="yes"/>
    <tag k="payment:cash" v="no"/>
    <tag k="payment:contactless" v="yes"/>
    <tag k="payment:maestro" v="no"/>
    <tag k="payment:mastercard" v="no"/>
    <tag k="payment:mir" v="yes"/>
    <tag k="payment:nfc" v="yes"/>
    <tag k="payment:podorozhnik" v="no"/>
    <tag k="payment:sbp" v="yes"/>
    <tag k="payment:social_cards" v="yes"/>
    <tag k="payment:strelka" v="no"/>
    <tag k="payment:troika" v="yes"/>
    <tag k="payment:visa" v="no"/>
    <tag k="public_transport:version" v="2"/>
    <tag k="ref" v="т51"/>
    <tag k="route" v="bus"/>
    <tag k="source" v="Реестр маршрутов города Москвы"/>
    <tag k="to" v="Площадь Соловецких Юнг"/>
    <tag k="type" v="route"/>
    <tag k="website" v="https://transport.mos.ru/transport/schedule/route/1761"/>
    <tag k="wheelchair" v="yes"/>
  </relation>
  <relation id="1360408" version="78" timestamp="2026-02-12T19:46:20Z" changeset="178473203" uid="2055718" user="Bobropiton">
    <member type="node" ref="4477197619" role="stop_entry_only"/>
    <member type="node" ref="273096222" role="platform_entry_only"/>
    <member type="node" ref="10705658008" role="stop"/>
    <member type="node" ref="286040081" role="platform"/>
    <member type="node" ref="10705658011" role="stop"/>
    <member type="node" ref="4696295838" role="platform"/>
    <member type="node" ref="10705658013" role="stop"/>
    <member type="node" ref="3992503819" role="platform"/>
    <member type="node" ref="10705658015" role="stop"/>
    <member type="node" ref="1473468051" role="platform"/>
    <member type="node" ref="10705642398" role="stop"/>
    <member type="node" ref="755815128" role="platform"/>
    <member type="node" ref="4621576149" role="stop"/>
    <member type="node" ref="1464955455" role="platform"/>
    <member type="node" ref="4621576155" role="stop"/>
    <member type="node" ref="286040094" role="platform"/>
    <member type="node" ref="10705676489" role="stop"/>
    <member type="node" ref="901228509" role="platform"/>
    <member type="node" ref="10705676493" role="stop"/>
    <member type="node" ref="918001980" role="platform"/>
    <member type="node" ref="10705676494" role="stop"/>
    <member type="node" ref="1779366204" role="platform"/>
    <member type="node" ref="10705676496" role="stop"/>
    <member type="node" ref="1779366173" role="platform"/>
    <member type="node" ref="10705676504" role="stop"/>
    <member type="node" ref="4558545291" role="platform"/>
    <member type="node" ref="4558545295" role="stop_exit_only"/>
    <member type="node" ref="4558545294" role="platform_exit_only"/>
    <member type="way" ref="117367359" role=""/>
    <member type="way" ref="5382631" role=""/>
    <member type="way" ref="1418586006" role=""/>
    <member type="way" ref="1418586004" role=""/>
    <member type="way" ref="1433620447" role=""/>
    <member type="way" ref="1433620448" role=""/>
    <member type="way" ref="1418589430" role=""/>
    <member type="way" ref="26949409" role=""/>
    <member type="way" ref="1418589429" role=""/>
    <member type="way" ref="52436553" role=""/>
    <member type="way" ref="26949374" role=""/>
    <member type="way" ref="615720081" role=""/>
    <member type="way" ref="615720084" role=""/>
    <member type="way" ref="9220013" role=""/>
    <member type="way" ref="244945038" role=""/>
    <member type="way" ref="26138485" role=""/>
    <member type="way" ref="26138488" role=""/>
    <member type="way" ref="23806529" role=""/>
    <member type="way" ref="975156168" role=""/>
    <member type="way" ref="168840484" role=""/>
    <member type="way" ref="529094666" role=""/>
    <member type="way" ref="234836363" role=""/>
    <member type="way" ref="168840483" role=""/>
    <member type="way" ref="108238136" role=""/>
    <member type="way" ref="460178038" role=""/>
    <tag k="air_conditioning" v="yes"/>
    <tag k="bicycle" v="yes"/>
    <tag k="blind" v="limited"/>
    <tag k="bus_class:length" v="4;5"/>
    <tag k="charge:all-in-one" v="90 RUB"/>
    <tag k="charge:cards" v="83 RUB"/>
    <tag k="charge:sbp" v="83 RUB"/>
    <tag k="charge:troika" v="75 RUB"/>
    <tag k="charge:troika_qr" v="75 RUB"/>
    <tag k="check_date" v="2023-03-03"/>
    <tag k="colour" v="#c2e6ff"/>
    <tag k="deaf" v="yes"/>
    <tag k="fee" v="yes"/>
    <tag k="fine:ticketless" v="5000 RUB"/>
    <tag k="from" v="Площадь Соловецких Юнг"/>
    <tag k="name" v="Автобус т51: Площадь Соловецких Юнг =&gt; Метро «Измайловская»"/>
    <tag k="name:uk" v="Автобус т51: Площа Соловецьких Юнг =&gt; Метро «Ізмайлівська»"/>
    <tag k="network" v="Московский транспорт"/>
    <tag k="operator" v="ГУП «Мосгортранс»"/>
    <tag k="payment:cards" v="yes"/>
    <tag k="payment:cash" v="no"/>
    <tag k="payment:contactless" v="yes"/>
    <tag k="payment:maestro" v="no"/>
    <tag k="payment:mastercard" v="no"/>
    <tag k="payment:mir" v="yes"/>
    <tag k="payment:nfc" v="yes"/>
    <tag k="payment:podorozhnik" v="no"/>
    <tag k="payment:sbp" v="yes"/>
    <tag k="payment:social_cards" v="yes"/>
    <tag k="payment:strelka" v="no"/>
    <tag k="payment:troika" v="yes"/>
    <tag k="payment:visa" v="no"/>
    <tag k="public_transport:version" v="2"/>
    <tag k="ref" v="т51"/>
    <tag k="route" v="bus"/>
    <tag k="source" v="Реестр маршрутов города Москвы"/>
    <tag k="to" v="Метро «Измайловская»"/>
    <tag k="type" v="route"/>
    <tag k="website" v="https://transport.mos.ru/transport/schedule/route/1761"/>
    <tag k="wheelchair" v="yes"/>
  </relation>
  <relation id="1814720" version="90" timestamp="2026-05-19T00:30:16Z" changeset="182856294" uid="12117593" user="89r">
    <member type="node" ref="4477197619" role="stop_entry_only"/>
    <member type="node" ref="273096222" role="platform_entry_only"/>
    <member type="node" ref="10705658008" role="stop"/>
    <member type="node" ref="286040081" role="platform"/>
    <member type="node" ref="10705658007" role="stop"/>
    <member type="node" ref="283812491" role="platform"/>
    <member type="node" ref="4707412462" role="stop"/>
    <member type="node" ref="283812496" role="platform"/>
    <member type="node" ref="4582170599" role="stop"/>
    <member type="node" ref="283812500" role="platform"/>
    <member type="node" ref="4582170614" role="stop"/>
    <member type="node" ref="283812510" role="platform"/>
    <member type="node" ref="10705713441" role="stop"/>
    <member type="node" ref="1483264972" role="platform"/>
    <member type="node" ref="10705713440" role="stop"/>
    <member type="node" ref="1483264971" role="platform"/>
    <member type="node" ref="11002192824" role="stop"/>
    <member type="node" ref="11002192825" role="platform"/>
    <member type="node" ref="5018745542" role="stop"/>
    <member type="node" ref="1483264970" role="platform"/>
    <member type="node" ref="10705713435" role="stop"/>
    <member type="node" ref="8617878456" role="platform"/>
    <member type="node" ref="10704253609" role="stop"/>
    <member type="node" ref="673952596" role="platform"/>
    <member type="node" ref="10704253608" role="stop"/>
    <member type="node" ref="510122027" role="platform"/>
    <member type="node" ref="10704253607" role="stop"/>
    <member type="node" ref="6381602576" role="platform"/>
    <member type="node" ref="10704253606" role="stop"/>
    <member type="node" ref="286308400" role="platform"/>
    <member type="node" ref="10704253605" role="stop"/>
    <member type="node" ref="286311525" role="platform"/>
    <member type="node" ref="4477197612" role="stop"/>
    <member type="node" ref="286311520" role="platform"/>
    <member type="node" ref="10704253619" role="stop"/>
    <member type="node" ref="510122029" role="platform"/>
    <member type="node" ref="10704253617" role="stop"/>
    <member type="node" ref="510122030" role="platform"/>
    <member type="node" ref="10704253615" role="stop"/>
    <member type="node" ref="510122031" role="platform"/>
    <member type="node" ref="10704253613" role="stop"/>
    <member type="node" ref="684722956" role="platform"/>
    <member type="node" ref="10706781218" role="stop_exit_only"/>
    <member type="node" ref="288329091" role="platform_exit_only"/>
    <member type="way" ref="117367359" role=""/>
    <member type="way" ref="5382631" role=""/>
    <member type="way" ref="1418586006" role=""/>
    <member type="way" ref="1418586004" role=""/>
    <member type="way" ref="1433620447" role=""/>
    <member type="way" ref="1433620448" role=""/>
    <member type="way" ref="1418589430" role=""/>
    <member type="way" ref="26949409" role=""/>
    <member type="way" ref="1418589429" role=""/>
    <member type="way" ref="1259775022" role=""/>
    <member type="way" ref="1259775024" role=""/>
    <member type="way" ref="37066052" role=""/>
    <member type="way" ref="244945041" role=""/>
    <member type="way" ref="426553921" role=""/>
    <member type="way" ref="1215442789" role=""/>
    <member type="way" ref="460151552" role=""/>
    <member type="way" ref="26949454" role=""/>
    <member type="way" ref="244945039" role=""/>
    <member type="way" ref="896808538" role=""/>
    <member type="way" ref="23776599" role=""/>
    <member type="way" ref="1278313681" role=""/>
    <member type="way" ref="1278313682" role=""/>
    <member type="way" ref="9218199" role=""/>
    <member type="way" ref="47098545" role=""/>
    <member type="way" ref="1150976629" role=""/>
    <member type="way" ref="47098540" role=""/>
    <member type="way" ref="439655197" role=""/>
    <member type="way" ref="442738509" role=""/>
    <member type="way" ref="335737678" role=""/>
    <member type="way" ref="335737634" role=""/>
    <member type="way" ref="496890030" role=""/>
    <member type="way" ref="496890029" role=""/>
    <member type="way" ref="32930217" role=""/>
    <member type="way" ref="32930215" role=""/>
    <member type="way" ref="235057757" role=""/>
    <member type="way" ref="45191113" role=""/>
    <member type="way" ref="1516692566" role=""/>
    <member type="way" ref="1198440727" role=""/>
    <member type="way" ref="1196131659" role=""/>
    <member type="way" ref="42093700" role=""/>
    <member type="way" ref="80512587" role=""/>
    <member type="way" ref="80512581" role=""/>
    <member type="way" ref="80512583" role=""/>
    <member type="way" ref="80512592" role=""/>
    <member type="way" ref="388933873" role=""/>
    <member type="way" ref="26787446" role=""/>
    <member type="way" ref="1150957764" role=""/>
    <tag k="air_conditioning" v="yes"/>
    <tag k="bicycle" v="yes"/>
    <tag k="blind" v="limited"/>
    <tag k="bus_class:length" v="4;5"/>
    <tag k="charge:all-in-one" v="90 RUB"/>
    <tag k="charge:cards" v="83 RUB"/>
    <tag k="charge:sbp" v="83 RUB"/>
    <tag k="charge:troika" v="75 RUB"/>
    <tag k="charge:troika_qr" v="75 RUB"/>
    <tag k="check_date" v="2023-03-03"/>
    <tag k="colour" v="#c2e6ff"/>
    <tag k="deaf" v="yes"/>
    <tag k="fee" v="yes"/>
    <tag k="fine:ticketless" v="5000 RUB"/>
    <tag k="from" v="Площадь Соловецких Юнг"/>
    <tag k="name" v="Автобус 230: Площадь Соловецких Юнг =&gt; Метро «Преображенская площадь»"/>
    <tag k="name:uk" v="Автобус 230: Площа Соловецьких Юнг =&gt; Метро «Преображенська площа»"/>
    <tag k="network" v="Московский транспорт"/>
    <tag k="operator" v="ГУП «Мосгортранс»"/>
    <tag k="payment:cards" v="yes"/>
    <tag k="payment:cash" v="no"/>
    <tag k="payment:contactless" v="yes"/>
    <tag k="payment:maestro" v="no"/>
    <tag k="payment:mastercard" v="no"/>
    <tag k="payment:mir" v="yes"/>
    <tag k="payment:nfc" v="yes"/>
    <tag k="payment:podorozhnik" v="no"/>
    <tag k="payment:sbp" v="yes"/>
    <tag k="payment:social_cards" v="yes"/>
    <tag k="payment:strelka" v="no"/>
    <tag k="payment:troika" v="yes"/>
    <tag k="payment:visa" v="no"/>
    <tag k="public_transport:version" v="2"/>
    <tag k="ref" v="230"/>
    <tag k="route" v="bus"/>
    <tag k="source" v="Реестр маршрутов города Москвы"/>
    <tag k="to" v="Метро «Преображенская площадь»"/>
    <tag k="type" v="route"/>
    <tag k="website" v="https://transport.mos.ru/transport/schedule/route/761"/>
    <tag k="wheelchair" v="yes"/>
  </relation>
  <relation id="3311715" version="104" timestamp="2026-05-23T04:13:52Z" changeset="183049092" uid="12117593" user="89r">
    <member type="node" ref="1321951400" role="stop_entry_only"/>
    <member type="node" ref="273096309" role="platform_entry_only"/>
    <member type="node" ref="10000380384" role="stop"/>
    <member type="node" ref="3982661479" role="platform"/>
    <member type="node" ref="737156381" role="stop"/>
    <member type="node" ref="1464151993" role="platform"/>
    <member type="node" ref="10705658017" role="stop"/>
    <member type="node" ref="9044310169" role="platform"/>
    <member type="node" ref="10705658015" role="stop"/>
    <member type="node" ref="1473468051" role="platform"/>
    <member type="node" ref="10705642398" role="stop"/>
    <member type="node" ref="755815128" role="platform"/>
    <member type="node" ref="4707412452" role="stop"/>
    <member type="node" ref="755815127" role="platform"/>
    <member type="node" ref="4707412462" role="stop"/>
    <member type="node" ref="283812496" role="platform"/>
    <member type="node" ref="4582170599" role="stop"/>
    <member type="node" ref="283812500" role="platform"/>
    <member type="node" ref="4582170614" role="stop"/>
    <member type="node" ref="283812510" role="platform"/>
    <member type="node" ref="10705713441" role="stop"/>
    <member type="node" ref="1483264972" role="platform"/>
    <member type="node" ref="10705713440" role="stop"/>
    <member type="node" ref="1483264971" role="platform"/>
    <member type="node" ref="11002192824" role="stop"/>
    <member type="node" ref="11002192825" role="platform"/>
    <member type="node" ref="12248220126" role="stop"/>
    <member type="node" ref="12248220127" role="platform"/>
    <member type="node" ref="10705676480" role="stop"/>
    <member type="node" ref="4558545178" role="platform"/>
    <member type="node" ref="10705676496" role="stop"/>
    <member type="node" ref="1779366173" role="platform"/>
    <member type="node" ref="10705676504" role="stop"/>
    <member type="node" ref="4558545291" role="platform"/>
    <member type="node" ref="4919912195" role="stop"/>
    <member type="node" ref="4775740119" role="platform"/>
    <member type="node" ref="5018745525" role="stop"/>
    <member type="node" ref="4919912196" role="platform"/>
    <member type="node" ref="5018745543" role="stop"/>
    <member type="node" ref="5018745544" role="platform"/>
    <member type="node" ref="10705676482" role="stop"/>
    <member type="node" ref="2452321384" role="platform"/>
    <member type="node" ref="10705676483" role="stop"/>
    <member type="node" ref="676626832" role="platform"/>
    <member type="node" ref="10705676484" role="stop"/>
    <member type="node" ref="676626829" role="platform"/>
    <member type="node" ref="10705676485" role="stop"/>
    <member type="node" ref="676626828" role="platform"/>
    <member type="node" ref="10705676482" role="stop"/>
    <member type="node" ref="2452321384" role="platform"/>
    <member type="node" ref="10706913844" role="stop"/>
    <member type="node" ref="10706913845" role="platform"/>
    <member type="node" ref="10706913842" role="stop"/>
    <member type="node" ref="10706913843" role="platform"/>
    <member type="node" ref="10706501511" role="stop"/>
    <member type="node" ref="727898058" role="platform"/>
    <member type="node" ref="5018745542" role="stop"/>
    <member type="node" ref="1483264970" role="platform"/>
    <member type="node" ref="10705713435" role="stop"/>
    <member type="node" ref="8617878456" role="platform"/>
    <member type="node" ref="10704253609" role="stop"/>
    <member type="node" ref="673952596" role="platform"/>
    <member type="node" ref="10704253608" role="stop"/>
    <member type="node" ref="510122027" role="platform"/>
    <member type="node" ref="10704253607" role="stop"/>
    <member type="node" ref="6381602576" role="platform"/>
    <member type="node" ref="10704253606" role="stop"/>
    <member type="node" ref="286308400" role="platform"/>
    <member type="node" ref="10704253605" role="stop"/>
    <member type="node" ref="286311525" role="platform"/>
    <member type="node" ref="4477197612" role="stop"/>
    <member type="node" ref="286311520" role="platform"/>
    <member type="node" ref="10704253619" role="stop"/>
    <member type="node" ref="510122029" role="platform"/>
    <member type="node" ref="10704253617" role="stop"/>
    <member type="node" ref="510122030" role="platform"/>
    <member type="node" ref="10704253615" role="stop"/>
    <member type="node" ref="510122031" role="platform"/>
    <member type="node" ref="10704253613" role="stop"/>
    <member type="node" ref="684722956" role="platform"/>
    <member type="node" ref="10706781218" role="stop_exit_only"/>
    <member type="node" ref="288329091" role="platform_exit_only"/>
    <member type="way" ref="134992107" role=""/>
    <member type="way" ref="1311883663" role=""/>
    <member type="way" ref="1150841083" role=""/>
    <member type="way" ref="133062361" role=""/>
    <member type="way" ref="1325506288" role=""/>
    <member type="way" ref="1325506287" role=""/>
    <member type="way" ref="1321970542" role=""/>
    <member type="way" ref="1321970541" role=""/>
    <member type="way" ref="1301168205" role=""/>
    <member type="way" ref="1325506967" role=""/>
    <member type="way" ref="1301168204" role=""/>
    <member type="way" ref="1150752961" role=""/>
    <member type="way" ref="53493810" role=""/>
    <member type="way" ref="133062357" role=""/>
    <member type="way" ref="53493813" role=""/>
    <member type="way" ref="1519189310" role=""/>
    <member type="way" ref="1170886544" role=""/>
    <member type="way" ref="53493812" role=""/>
    <member type="way" ref="93649461" role=""/>
    <member type="way" ref="9220013" role=""/>
    <member type="way" ref="23762489" role=""/>
    <member type="way" ref="1513859207" role=""/>
    <member type="way" ref="1513859208" role=""/>
    <member type="way" ref="23762496" role=""/>
    <member type="way" ref="53493811" role=""/>
    <member type="way" ref="244945041" role=""/>
    <member type="way" ref="426553921" role=""/>
    <member type="way" ref="1215442789" role=""/>
    <member type="way" ref="460151552" role=""/>
    <member type="way" ref="26949454" role=""/>
    <member type="way" ref="244945039" role=""/>
    <member type="way" ref="47098542" role=""/>
    <member type="way" ref="490716168" role=""/>
    <member type="way" ref="47098543" role=""/>
    <member type="way" ref="1278308409" role=""/>
    <member type="way" ref="1278308410" role=""/>
    <member type="way" ref="369729003" role=""/>
    <member type="way" ref="93649459" role=""/>
    <member type="way" ref="23806529" role=""/>
    <member type="way" ref="975156168" role=""/>
    <member type="way" ref="168840484" role=""/>
    <member type="way" ref="529094666" role=""/>
    <member type="way" ref="234836363" role=""/>
    <member type="way" ref="168840483" role=""/>
    <member type="way" ref="108238136" role=""/>
    <member type="way" ref="501090623" role=""/>
    <member type="way" ref="117166278" role=""/>
    <member type="way" ref="9217548" role=""/>
    <member type="way" ref="200336234" role=""/>
    <member type="way" ref="566748568" role=""/>
    <member type="way" ref="200336230" role=""/>
    <member type="way" ref="200336238" role=""/>
    <member type="way" ref="566748567" role=""/>
    <member type="way" ref="200336232" role=""/>
    <member type="way" ref="524198591" role=""/>
    <member type="way" ref="23775563" role=""/>
    <member type="way" ref="133052945" role=""/>
    <member type="way" ref="1124266138" role=""/>
    <member type="way" ref="23775627" role=""/>
    <member type="way" ref="1124265249" role=""/>
    <member type="way" ref="23775500" role=""/>
    <member type="way" ref="1370711846" role=""/>
    <member type="way" ref="1370711845" role=""/>
    <member type="way" ref="53493798" role=""/>
    <member type="way" ref="53493802" role=""/>
    <member type="way" ref="490269800" role=""/>
    <member type="way" ref="490269801" role=""/>
    <member type="way" ref="374179814" role=""/>
    <member type="way" ref="490269802" role=""/>
    <member type="way" ref="23775151" role=""/>
    <member type="way" ref="1195055045" role=""/>
    <member type="way" ref="23775500" role=""/>
    <member type="way" ref="1370711846" role=""/>
    <member type="way" ref="1370711845" role=""/>
    <member type="way" ref="53493797" role=""/>
    <member type="way" ref="41891064" role=""/>
    <member type="way" ref="134992105" role=""/>
    <member type="way" ref="23776599" role=""/>
    <member type="way" ref="1278313681" role=""/>
    <member type="way" ref="1278313682" role=""/>
    <member type="way" ref="9218199" role=""/>
    <member type="way" ref="47098545" role=""/>
    <member type="way" ref="1150976629" role=""/>
    <member type="way" ref="47098540" role=""/>
    <member type="way" ref="439655197" role=""/>
    <member type="way" ref="442738509" role=""/>
    <member type="way" ref="335737678" role=""/>
    <member type="way" ref="335737634" role=""/>
    <member type="way" ref="496890030" role=""/>
    <member type="way" ref="496890029" role=""/>
    <member type="way" ref="32930217" role=""/>
    <member type="way" ref="32930215" role=""/>
    <member type="way" ref="235057757" role=""/>
    <member type="way" ref="45191113" role=""/>
    <member type="way" ref="1516692566" role=""/>
    <member type="way" ref="1198440727" role=""/>
    <member type="way" ref="1196131659" role=""/>
    <member type="way" ref="42093700" role=""/>
    <member type="way" ref="80512587" role=""/>
    <member type="way" ref="80512581" role=""/>
    <member type="way" ref="80512583" role=""/>
    <member type="way" ref="80512592" role=""/>
    <member type="way" ref="388933873" role=""/>
    <member type="way" ref="26787446" role=""/>
    <member type="way" ref="1150957764" role=""/>
    <tag k="air_conditioning" v="yes"/>
    <tag k="bicycle" v="yes"/>
    <tag k="blind" v="limited"/>
    <tag k="bus_class:length" v="4;5"/>
    <tag k="charge:all-in-one" v="90 RUB"/>
    <tag k="charge:cards" v="83 RUB"/>
    <tag k="charge:sbp" v="83 RUB"/>
    <tag k="charge:troika" v="75 RUB"/>
    <tag k="charge:troika_qr" v="75 RUB"/>
    <tag k="check_date" v="2024-10-13"/>
    <tag k="colour" v="#ff9ad2"/>
    <tag k="deaf" v="yes"/>
    <tag k="fee" v="yes"/>
    <tag k="fine:ticketless" v="5000 RUB"/>
    <tag k="from" v="Площадь Соловецких Юнг"/>
    <tag k="name" v="Автобус 34: Площадь Соловецких Юнг =&gt; Метро «Преображенская площадь»"/>
    <tag k="name:uk" v="Автобус 34: Площа Соловецьких Юнг =&gt; Метро «Преображенська площа»"/>
    <tag k="network" v="Московский транспорт"/>
    <tag k="operator" v="ГУП «Мосгортранс»"/>
    <tag k="payment:cards" v="yes"/>
    <tag k="payment:cash" v="no"/>
    <tag k="payment:contactless" v="yes"/>
    <tag k="payment:maestro" v="no"/>
    <tag k="payment:mastercard" v="no"/>
    <tag k="payment:mir" v="yes"/>
    <tag k="payment:nfc" v="yes"/>
    <tag k="payment:podorozhnik" v="no"/>
    <tag k="payment:sbp" v="yes"/>
    <tag k="payment:social_cards" v="yes"/>
    <tag k="payment:strelka" v="no"/>
    <tag k="payment:troika" v="yes"/>
    <tag k="payment:visa" v="no"/>
    <tag k="public_transport:version" v="2"/>
    <tag k="ref" v="34"/>
    <tag k="route" v="bus"/>
    <tag k="source" v="Реестр маршрутов города Москвы"/>
    <tag k="to" v="Метро «Преображенская площадь»"/>
    <tag k="type" v="route"/>
    <tag k="website" v="https://t.mos.ru/transport/schedule/route/141501988"/>
    <tag k="wheelchair" v="yes"/>
  </relation>
  <relation id="3311722" version="99" timestamp="2026-05-19T00:30:16Z" changeset="182856294" uid="12117593" user="89r">
    <member type="node" ref="10706781218" role="stop_entry_only"/>
    <member type="node" ref="288329091" role="platform_entry_only"/>
    <member type="node" ref="654015724" role="stop"/>
    <member type="node" ref="288329109" role="platform"/>
    <member type="node" ref="10704253614" role="stop"/>
    <member type="node" ref="727898050" role="platform"/>
    <member type="node" ref="10704253616" role="stop"/>
    <member type="node" ref="676626827" role="platform"/>
    <member type="node" ref="10704253618" role="stop"/>
    <member type="node" ref="288329139" role="platform"/>
    <member type="node" ref="10704253620" role="stop"/>
    <member type="node" ref="288329141" role="platform"/>
    <member type="node" ref="10704253621" role="stop"/>
    <member type="node" ref="4219098297" role="platform"/>
    <member type="node" ref="10704253622" role="stop"/>
    <member type="node" ref="288329143" role="platform"/>
    <member type="node" ref="10704253623" role="stop"/>
    <member type="node" ref="288329146" role="platform"/>
    <member type="node" ref="10704253624" role="stop"/>
    <member type="node" ref="294948390" role="platform"/>
    <member type="node" ref="10704253625" role="stop"/>
    <member type="node" ref="294948392" role="platform"/>
    <member type="node" ref="10705713431" role="stop"/>
    <member type="node" ref="676626838" role="platform"/>
    <member type="node" ref="10705713430" role="stop"/>
    <member type="node" ref="676626837" role="platform"/>
    <member type="node" ref="10705713429" role="stop"/>
    <member type="node" ref="676626836" role="platform"/>
    <member type="node" ref="10705676483" role="stop"/>
    <member type="node" ref="676626832" role="platform"/>
    <member type="node" ref="10705676484" role="stop"/>
    <member type="node" ref="676626829" role="platform"/>
    <member type="node" ref="10705676485" role="stop"/>
    <member type="node" ref="676626828" role="platform"/>
    <member type="node" ref="10705676498" role="stop"/>
    <member type="node" ref="676626830" role="platform"/>
    <member type="node" ref="5018745535" role="stop"/>
    <member type="node" ref="676626831" role="platform"/>
    <member type="node" ref="5018745513" role="stop"/>
    <member type="node" ref="4919912197" role="platform"/>
    <member type="node" ref="4558545295" role="stop"/>
    <member type="node" ref="4558545294" role="platform"/>
    <member type="node" ref="4558545292" role="stop"/>
    <member type="node" ref="2452321048" role="platform"/>
    <member type="node" ref="4477197617" role="stop"/>
    <member type="node" ref="4477197618" role="platform"/>
    <member type="node" ref="7862905106" role="stop"/>
    <member type="node" ref="510122022" role="platform"/>
    <member type="node" ref="10705676481" role="stop"/>
    <member type="node" ref="4558545179" role="platform"/>
    <member type="node" ref="10705713438" role="stop"/>
    <member type="node" ref="727898053" role="platform"/>
    <member type="node" ref="10705713439" role="stop"/>
    <member type="node" ref="676626840" role="platform"/>
    <member type="node" ref="10705713442" role="stop"/>
    <member type="node" ref="676626841" role="platform"/>
    <member type="node" ref="4621576217" role="stop"/>
    <member type="node" ref="282970804" role="platform"/>
    <member type="node" ref="4621576195" role="stop"/>
    <member type="node" ref="282970805" role="platform"/>
    <member type="node" ref="10705642400" role="stop"/>
    <member type="node" ref="293799189" role="platform"/>
    <member type="node" ref="10705642399" role="stop"/>
    <member type="node" ref="293799190" role="platform"/>
    <member type="node" ref="10705642397" role="stop"/>
    <member type="node" ref="293799191" role="platform"/>
    <member type="node" ref="10705658016" role="stop"/>
    <member type="node" ref="293799192" role="platform"/>
    <member type="node" ref="10705658018" role="stop"/>
    <member type="node" ref="9044310170" role="platform"/>
    <member type="node" ref="10705658019" role="stop"/>
    <member type="node" ref="676626842" role="platform"/>
    <member type="node" ref="10704783335" role="stop"/>
    <member type="node" ref="676626843" role="platform"/>
    <member type="node" ref="10705658020" role="stop"/>
    <member type="node" ref="293799193" role="platform"/>
    <member type="node" ref="10705658021" role="stop_exit_only"/>
    <member type="node" ref="9023500019" role="platform_exit_only"/>
    <member type="way" ref="23838063" role=""/>
    <member type="way" ref="80512593" role=""/>
    <member type="way" ref="48276001" role=""/>
    <member type="way" ref="48276002" role=""/>
    <member type="way" ref="388933874" role=""/>
    <member type="way" ref="388933877" role=""/>
    <member type="way" ref="51728975" role=""/>
    <member type="way" ref="80512590" role=""/>
    <member type="way" ref="80512586" role=""/>
    <member type="way" ref="80512585" role=""/>
    <member type="way" ref="80512588" role=""/>
    <member type="way" ref="1516692571" role=""/>
    <member type="way" ref="80512580" role=""/>
    <member type="way" ref="599425352" role=""/>
    <member type="way" ref="1196131656" role=""/>
    <member type="way" ref="40528554" role=""/>
    <member type="way" ref="425560052" role=""/>
    <member type="way" ref="492219012" role=""/>
    <member type="way" ref="32930209" role=""/>
    <member type="way" ref="32930212" role=""/>
    <member type="way" ref="52436999" role=""/>
    <member type="way" ref="445436607" role=""/>
    <member type="way" ref="443186354" role=""/>
    <member type="way" ref="514461166" role=""/>
    <member type="way" ref="56252564" role=""/>
    <member type="way" ref="56252571" role=""/>
    <member type="way" ref="53493797" role=""/>
    <member type="way" ref="53493798" role=""/>
    <member type="way" ref="53493802" role=""/>
    <member type="way" ref="490269800" role=""/>
    <member type="way" ref="490269801" role=""/>
    <member type="way" ref="374179814" role=""/>
    <member type="way" ref="490269802" role=""/>
    <member type="way" ref="23775151" role=""/>
    <member type="way" ref="1195055045" role=""/>
    <member type="way" ref="9222160" role=""/>
    <member type="way" ref="680653455" role=""/>
    <member type="way" ref="680653457" role=""/>
    <member type="way" ref="490269803" role=""/>
    <member type="way" ref="896966562" role=""/>
    <member type="way" ref="524198576" role=""/>
    <member type="way" ref="524637533" role=""/>
    <member type="way" ref="524198591" role=""/>
    <member type="way" ref="200336232" role=""/>
    <member type="way" ref="566748567" role=""/>
    <member type="way" ref="200336238" role=""/>
    <member type="way" ref="200336230" role=""/>
    <member type="way" ref="566748568" role=""/>
    <member type="way" ref="200336234" role=""/>
    <member type="way" ref="9217548" role=""/>
    <member type="way" ref="117166273" role=""/>
    <member type="way" ref="490267318" role=""/>
    <member type="way" ref="460178038" role=""/>
    <member type="way" ref="108238137" role=""/>
    <member type="way" ref="460178035" role=""/>
    <member type="way" ref="168840483" role=""/>
    <member type="way" ref="234836363" role=""/>
    <member type="way" ref="529094666" role=""/>
    <member type="way" ref="168840484" role=""/>
    <member type="way" ref="975156168" role=""/>
    <member type="way" ref="23806529" role=""/>
    <member type="way" ref="93649459" role=""/>
    <member type="way" ref="369729003" role=""/>
    <member type="way" ref="1278308410" role=""/>
    <member type="way" ref="1278308409" role=""/>
    <member type="way" ref="23776462" role=""/>
    <member type="way" ref="25967617" role=""/>
    <member type="way" ref="460151555" role=""/>
    <member type="way" ref="53493794" role=""/>
    <member type="way" ref="26138512" role=""/>
    <member type="way" ref="23762496" role=""/>
    <member type="way" ref="1513859208" role=""/>
    <member type="way" ref="1513859207" role=""/>
    <member type="way" ref="23762489" role=""/>
    <member type="way" ref="49840749" role=""/>
    <member type="way" ref="1497784916" role=""/>
    <member type="way" ref="1497784917" role=""/>
    <member type="way" ref="53493809" role=""/>
    <member type="way" ref="53493812" role=""/>
    <member type="way" ref="529094677" role=""/>
    <member type="way" ref="524198653" role=""/>
    <member type="way" ref="1150976627" role=""/>
    <member type="way" ref="529094665" role=""/>
    <member type="way" ref="53493810" role=""/>
    <member type="way" ref="1150752961" role=""/>
    <member type="way" ref="1301168204" role=""/>
    <member type="way" ref="1325506967" role=""/>
    <member type="way" ref="1301168205" role=""/>
    <member type="way" ref="1321970541" role=""/>
    <member type="way" ref="1321970542" role=""/>
    <member type="way" ref="1325506287" role=""/>
    <member type="way" ref="1325506288" role=""/>
    <member type="way" ref="133062361" role=""/>
    <tag k="air_conditioning" v="yes"/>
    <tag k="bicycle" v="yes"/>
    <tag k="blind" v="limited"/>
    <tag k="bus_class:length" v="4;5"/>
    <tag k="charge:all-in-one" v="90 RUB"/>
    <tag k="charge:cards" v="83 RUB"/>
    <tag k="charge:sbp" v="83 RUB"/>
    <tag k="charge:troika" v="75 RUB"/>
    <tag k="charge:troika_qr" v="75 RUB"/>
    <tag k="check_date" v="2024-10-13"/>
    <tag k="colour" v="#ff9ad2"/>
    <tag k="deaf" v="yes"/>
    <tag k="fee" v="yes"/>
    <tag k="fine:ticketless" v="5000 RUB"/>
    <tag k="from" v="Метро «Преображенская площадь»"/>
    <tag k="name" v="Автобус 34: Метро «Преображенская площадь» =&gt; Площадь Соловецких Юнг"/>
    <tag k="name:uk" v="Автобус 34: Метро «Преображенська площа» =&gt; Площа Соловецьких Юнг"/>
    <tag k="network" v="Московский транспорт"/>
    <tag k="operator" v="ГУП «Мосгортранс»"/>
    <tag k="payment:cards" v="yes"/>
    <tag k="payment:cash" v="no"/>
    <tag k="payment:contactless" v="yes"/>
    <tag k="payment:maestro" v="no"/>
    <tag k="payment:mastercard" v="no"/>
    <tag k="payment:mir" v="yes"/>
    <tag k="payment:nfc" v="yes"/>
    <tag k="payment:podorozhnik" v="no"/>
    <tag k="payment:sbp" v="yes"/>
    <tag k="payment:social_cards" v="yes"/>
    <tag k="payment:strelka" v="no"/>
    <tag k="payment:troika" v="yes"/>
    <tag k="payment:visa" v="no"/>
    <tag k="public_transport:version" v="2"/>
    <tag k="ref" v="34"/>
    <tag k="route" v="bus"/>
    <tag k="source" v="Реестр маршрутов города Москвы"/>
    <tag k="to" v="Площадь Соловецких Юнг"/>
    <tag k="type" v="route"/>
    <tag k="website" v="https://t.mos.ru/transport/schedule/route/141501988"/>
    <tag k="wheelchair" v="yes"/>
  </relation>
  <relation id="6798462" version="84" timestamp="2026-02-12T19:46:20Z" changeset="178473203" uid="2055718" user="Bobropiton">
    <member type="node" ref="4477197619" role="stop_entry_only"/>
    <member type="node" ref="273096222" role="platform_entry_only"/>
    <member type="node" ref="10705658008" role="stop"/>
    <member type="node" ref="286040081" role="platform"/>
    <member type="node" ref="10705658006" role="stop"/>
    <member type="node" ref="742113630" role="platform"/>
    <member type="node" ref="10705658005" role="stop"/>
    <member type="node" ref="742113633" role="platform"/>
    <member type="node" ref="10705642402" role="stop"/>
    <member type="node" ref="742113619" role="platform"/>
    <member type="node" ref="359068945" role="stop"/>
    <member type="node" ref="472577606" role="platform"/>
    <member type="node" ref="2938310012" role="stop"/>
    <member type="node" ref="472577602" role="platform"/>
    <member type="node" ref="4477197615" role="stop"/>
    <member type="node" ref="2218406250" role="platform"/>
    <member type="node" ref="4967121376" role="stop"/>
    <member type="node" ref="4967121378" role="platform"/>
    <member type="node" ref="10705713434" role="stop"/>
    <member type="node" ref="2440655207" role="platform"/>
    <member type="node" ref="1271026069" role="stop"/>
    <member type="node" ref="2440655190" role="platform"/>
    <member type="node" ref="10705713436" role="stop"/>
    <member type="node" ref="510122024" role="platform"/>
    <member type="node" ref="10705676480" role="stop"/>
    <member type="node" ref="4558545178" role="platform"/>
    <member type="node" ref="10705676496" role="stop"/>
    <member type="node" ref="1779366173" role="platform"/>
    <member type="node" ref="10705676504" role="stop"/>
    <member type="node" ref="4558545291" role="platform"/>
    <member type="node" ref="4558545295" role="stop_exit_only"/>
    <member type="node" ref="4558545294" role="platform_exit_only"/>
    <member type="way" ref="117367359" role=""/>
    <member type="way" ref="5382631" role=""/>
    <member type="way" ref="1418586006" role=""/>
    <member type="way" ref="1418586004" role=""/>
    <member type="way" ref="1433620447" role=""/>
    <member type="way" ref="1433620448" role=""/>
    <member type="way" ref="1418589430" role=""/>
    <member type="way" ref="26949409" role=""/>
    <member type="way" ref="1418589429" role=""/>
    <member type="way" ref="528894626" role=""/>
    <member type="way" ref="615720094" role=""/>
    <member type="way" ref="1030605649" role=""/>
    <member type="way" ref="1474042242" role=""/>
    <member type="way" ref="615720099" role=""/>
    <member type="way" ref="26949414" role=""/>
    <member type="way" ref="12109078" role=""/>
    <member type="way" ref="47098553" role=""/>
    <member type="way" ref="47098535" role=""/>
    <member type="way" ref="1217311117" role=""/>
    <member type="way" ref="290278242" role=""/>
    <member type="way" ref="527042794" role=""/>
    <member type="way" ref="290278239" role=""/>
    <member type="way" ref="1172262695" role=""/>
    <member type="way" ref="1172262694" role=""/>
    <member type="way" ref="32013163" role=""/>
    <member type="way" ref="8105511" role=""/>
    <member type="way" ref="1151625368" role=""/>
    <member type="way" ref="462889500" role=""/>
    <member type="way" ref="79082668" role=""/>
    <member type="way" ref="442775065" role=""/>
    <member type="way" ref="335936933" role=""/>
    <member type="way" ref="79082670" role=""/>
    <member type="way" ref="1217311116" role=""/>
    <member type="way" ref="1150976633" role=""/>
    <member type="way" ref="8110650" role=""/>
    <member type="way" ref="518149765" role=""/>
    <member type="way" ref="1293030076" role=""/>
    <member type="way" ref="30776889" role=""/>
    <member type="way" ref="1425441785" role=""/>
    <member type="way" ref="1425441784" role=""/>
    <member type="way" ref="47098547" role=""/>
    <member type="way" ref="47098542" role=""/>
    <member type="way" ref="490716168" role=""/>
    <member type="way" ref="47098543" role=""/>
    <member type="way" ref="1278308409" role=""/>
    <member type="way" ref="1278308410" role=""/>
    <member type="way" ref="369729003" role=""/>
    <member type="way" ref="93649459" role=""/>
    <member type="way" ref="23806529" role=""/>
    <member type="way" ref="975156168" role=""/>
    <member type="way" ref="168840484" role=""/>
    <member type="way" ref="529094666" role=""/>
    <member type="way" ref="234836363" role=""/>
    <member type="way" ref="168840483" role=""/>
    <member type="way" ref="108238136" role=""/>
    <member type="way" ref="460178038" role=""/>
    <tag k="air_conditioning" v="yes"/>
    <tag k="bicycle" v="yes"/>
    <tag k="blind" v="limited"/>
    <tag k="bus_class:length" v="4;5"/>
    <tag k="charge:all-in-one" v="90 RUB"/>
    <tag k="charge:cards" v="83 RUB"/>
    <tag k="charge:sbp" v="83 RUB"/>
    <tag k="charge:troika" v="75 RUB"/>
    <tag k="charge:troika_qr" v="75 RUB"/>
    <tag k="check_date" v="2023-03-03"/>
    <tag k="colour" v="#c2e6ff"/>
    <tag k="deaf" v="yes"/>
    <tag k="fee" v="yes"/>
    <tag k="fine:ticketless" v="5000 RUB"/>
    <tag k="from" v="Площадь Соловецких Юнг"/>
    <tag k="name" v="Автобус 97: Площадь Соловецких Юнг =&gt; Метро «Измайловская»"/>
    <tag k="name:uk" v="Автобус 97: Площа Соловецьких Юнг =&gt; Метро «Ізмайлівська»"/>
    <tag k="network" v="Московский транспорт"/>
    <tag k="operator" v="ГУП «Мосгортранс»"/>
    <tag k="payment:cards" v="yes"/>
    <tag k="payment:cash" v="no"/>
    <tag k="payment:contactless" v="yes"/>
    <tag k="payment:maestro" v="no"/>
    <tag k="payment:mastercard" v="no"/>
    <tag k="payment:mir" v="yes"/>
    <tag k="payment:nfc" v="yes"/>
    <tag k="payment:podorozhnik" v="no"/>
    <tag k="payment:sbp" v="yes"/>
    <tag k="payment:social_cards" v="yes"/>
    <tag k="payment:strelka" v="no"/>
    <tag k="payment:troika" v="yes"/>
    <tag k="payment:visa" v="no"/>
    <tag k="public_transport:version" v="2"/>
    <tag k="ref" v="97"/>
    <tag k="route" v="bus"/>
    <tag k="source" v="Реестр маршрутов города Москвы"/>
    <tag k="to" v="Метро «Измайловская»"/>
    <tag k="type" v="route"/>
    <tag k="website" v="https://transport.mos.ru/transport/schedule/route/755"/>
    <tag k="wheelchair" v="yes"/>
  </relation>
  <relation id="6798463" version="79" timestamp="2026-02-12T19:46:20Z" changeset="178473203" uid="2055718" user="Bobropiton">
    <member type="node" ref="4558545292" role="stop_entry_only"/>
    <member type="node" ref="2452321048" role="platform_entry_only"/>
    <member type="node" ref="4477197617" role="stop"/>
    <member type="node" ref="4477197618" role="platform"/>
    <member type="node" ref="7862905106" role="stop"/>
    <member type="node" ref="510122022" role="platform"/>
    <member type="node" ref="10705676481" role="stop"/>
    <member type="node" ref="4558545179" role="platform"/>
    <member type="node" ref="10705713437" role="stop"/>
    <member type="node" ref="510122023" role="platform"/>
    <member type="node" ref="600302277" role="stop"/>
    <member type="node" ref="2440655193" role="platform"/>
    <member type="node" ref="4558545162" role="stop"/>
    <member type="node" ref="2440655210" role="platform"/>
    <member type="node" ref="10704253627" role="stop"/>
    <member type="node" ref="294948394" role="platform"/>
    <member type="node" ref="4558545123" role="stop"/>
    <member type="node" ref="294948396" role="platform"/>
    <member type="node" ref="2266333160" role="stop"/>
    <member type="node" ref="2218406249" role="platform"/>
    <member type="node" ref="1071420396" role="stop"/>
    <member type="node" ref="472577604" role="platform"/>
    <member type="node" ref="288329151" role="stop"/>
    <member type="node" ref="472577605" role="platform"/>
    <member type="node" ref="10705642403" role="stop"/>
    <member type="node" ref="287395608" role="platform"/>
    <member type="node" ref="10705642404" role="stop"/>
    <member type="node" ref="287395611" role="platform"/>
    <member type="node" ref="10705658010" role="stop"/>
    <member type="node" ref="282970807" role="platform"/>
    <member type="node" ref="10705658009" role="stop"/>
    <member type="node" ref="282970808" role="platform"/>
    <member type="node" ref="1321951400" role="stop_exit_only"/>
    <member type="node" ref="273096309" role="platform_exit_only"/>
    <member type="way" ref="460178035" role=""/>
    <member type="way" ref="168840483" role=""/>
    <member type="way" ref="234836363" role=""/>
    <member type="way" ref="529094666" role=""/>
    <member type="way" ref="168840484" role=""/>
    <member type="way" ref="975156168" role=""/>
    <member type="way" ref="23806529" role=""/>
    <member type="way" ref="93649459" role=""/>
    <member type="way" ref="369729003" role=""/>
    <member type="way" ref="1278308410" role=""/>
    <member type="way" ref="1278308409" role=""/>
    <member type="way" ref="23776462" role=""/>
    <member type="way" ref="23776417" role=""/>
    <member type="way" ref="47098547" role=""/>
    <member type="way" ref="1425441784" role=""/>
    <member type="way" ref="1425441785" role=""/>
    <member type="way" ref="30776889" role=""/>
    <member type="way" ref="1293030076" role=""/>
    <member type="way" ref="518149765" role=""/>
    <member type="way" ref="134424390" role=""/>
    <member type="way" ref="427571228" role=""/>
    <member type="way" ref="1217311115" role=""/>
    <member type="way" ref="518149763" role=""/>
    <member type="way" ref="442775064" role=""/>
    <member type="way" ref="507128491" role=""/>
    <member type="way" ref="427571226" role=""/>
    <member type="way" ref="450813822" role=""/>
    <member type="way" ref="1172262693" role=""/>
    <member type="way" ref="32013159" role=""/>
    <member type="way" ref="490591796" role=""/>
    <member type="way" ref="47098555" role=""/>
    <member type="way" ref="147723524" role=""/>
    <member type="way" ref="443009129" role=""/>
    <member type="way" ref="427572334" role=""/>
    <member type="way" ref="427573275" role=""/>
    <member type="way" ref="135081100" role=""/>
    <member type="way" ref="1167866333" role=""/>
    <member type="way" ref="427576122" role=""/>
    <member type="way" ref="26949414" role=""/>
    <member type="way" ref="615720099" role=""/>
    <member type="way" ref="1474042242" role=""/>
    <member type="way" ref="1030605649" role=""/>
    <member type="way" ref="615720094" role=""/>
    <member type="way" ref="528894626" role=""/>
    <member type="way" ref="52436553" role=""/>
    <member type="way" ref="37066051" role=""/>
    <member type="way" ref="1418589430" role=""/>
    <member type="way" ref="1433620448" role=""/>
    <member type="way" ref="1433620447" role=""/>
    <member type="way" ref="1418586004" role=""/>
    <member type="way" ref="1418586006" role=""/>
    <member type="way" ref="5382631" role=""/>
    <member type="way" ref="117367362" role=""/>
    <member type="way" ref="816313865" role=""/>
    <member type="way" ref="1150829322" role=""/>
    <tag k="air_conditioning" v="yes"/>
    <tag k="bicycle" v="yes"/>
    <tag k="blind" v="limited"/>
    <tag k="bus_class:length" v="4;5"/>
    <tag k="charge:all-in-one" v="90 RUB"/>
    <tag k="charge:cards" v="83 RUB"/>
    <tag k="charge:sbp" v="83 RUB"/>
    <tag k="charge:troika" v="75 RUB"/>
    <tag k="charge:troika_qr" v="75 RUB"/>
    <tag k="check_date" v="2023-03-03"/>
    <tag k="colour" v="#c2e6ff"/>
    <tag k="deaf" v="yes"/>
    <tag k="fee" v="yes"/>
    <tag k="fine:ticketless" v="5000 RUB"/>
    <tag k="from" v="Метро «Измайловская»"/>
    <tag k="name" v="Автобус 97: Метро «Измайловская» =&gt; Площадь Соловецких Юнг"/>
    <tag k="name:uk" v="Автобус 97: Метро «Ізмайлівська» =&gt; Площа Соловецьких Юнг"/>
    <tag k="network" v="Московский транспорт"/>
    <tag k="operator" v="ГУП «Мосгортранс»"/>
    <tag k="payment:cards" v="yes"/>
    <tag k="payment:cash" v="no"/>
    <tag k="payment:contactless" v="yes"/>
    <tag k="payment:maestro" v="no"/>
    <tag k="payment:mastercard" v="no"/>
    <tag k="payment:mir" v="yes"/>
    <tag k="payment:nfc" v="yes"/>
    <tag k="payment:podorozhnik" v="no"/>
    <tag k="payment:sbp" v="yes"/>
    <tag k="payment:social_cards" v="yes"/>
    <tag k="payment:strelka" v="no"/>
    <tag k="payment:troika" v="yes"/>
    <tag k="payment:visa" v="no"/>
    <tag k="public_transport:version" v="2"/>
    <tag k="ref" v="97"/>
    <tag k="route" v="bus"/>
    <tag k="source" v="Реестр маршрутов города Москвы"/>
    <tag k="to" v="Площадь Соловецких Юнг"/>
    <tag k="type" v="route"/>
    <tag k="website" v="https://transport.mos.ru/transport/schedule/route/755"/>
    <tag k="wheelchair" v="yes"/>
  </relation>
  <relation id="6898920" version="87" timestamp="2026-06-19T10:08:43Z" changeset="184308159" uid="2055718" user="Bobropiton">
    <member type="node" ref="1321951400" role="stop_entry_only"/>
    <member type="node" ref="273096309" role="platform_entry_only"/>
    <member type="node" ref="10705535983" role="stop"/>
    <member type="node" ref="4696293930" role="platform"/>
    <member type="node" ref="10705535986" role="stop"/>
    <member type="node" ref="289765145" role="platform"/>
    <member type="node" ref="1071420442" role="stop"/>
    <member type="node" ref="472577597" role="platform"/>
    <member type="node" ref="1071420486" role="stop"/>
    <member type="node" ref="472577601" role="platform"/>
    <member type="node" ref="1071420350" role="stop"/>
    <member type="node" ref="472577608" role="platform"/>
    <member type="node" ref="359068945" role="stop"/>
    <member type="node" ref="472577606" role="platform"/>
    <member type="node" ref="2938310012" role="stop"/>
    <member type="node" ref="472577602" role="platform"/>
    <member type="node" ref="4621573374" role="stop"/>
    <member type="node" ref="293487231" role="platform"/>
    <member type="node" ref="10705311309" role="stop"/>
    <member type="node" ref="740417956" role="platform"/>
    <member type="node" ref="10705311310" role="stop"/>
    <member type="node" ref="740417954" role="platform"/>
    <member type="node" ref="10705311313" role="stop"/>
    <member type="node" ref="586548841" role="platform"/>
    <member type="node" ref="10705311316" role="stop"/>
    <member type="node" ref="586563120" role="platform"/>
    <member type="node" ref="10705311318" role="stop"/>
    <member type="node" ref="586491080" role="platform"/>
    <member type="node" ref="10705311320" role="stop"/>
    <member type="node" ref="289765150" role="platform"/>
    <member type="node" ref="10705311362" role="stop"/>
    <member type="node" ref="1321838451" role="platform"/>
    <member type="node" ref="10705311364" role="stop"/>
    <member type="node" ref="1321839139" role="platform"/>
    <member type="node" ref="10705311366" role="stop"/>
    <member type="node" ref="1321839771" role="platform"/>
    <member type="node" ref="10705311368" role="stop"/>
    <member type="node" ref="1321839897" role="platform"/>
    <member type="node" ref="10705311370" role="stop"/>
    <member type="node" ref="1321839208" role="platform"/>
    <member type="node" ref="854830468" role="stop_exit_only"/>
    <member type="node" ref="1321606557" role="platform_exit_only"/>
    <member type="way" ref="134992107" role=""/>
    <member type="way" ref="134992109" role=""/>
    <member type="way" ref="816313675" role=""/>
    <member type="way" ref="26138351" role=""/>
    <member type="way" ref="816313674" role=""/>
    <member type="way" ref="14126086" role=""/>
    <member type="way" ref="817343982" role=""/>
    <member type="way" ref="1311569964" role=""/>
    <member type="way" ref="817343986" role=""/>
    <member type="way" ref="477375418" role=""/>
    <member type="way" ref="685724417" role=""/>
    <member type="way" ref="685724418" role=""/>
    <member type="way" ref="450813815" role=""/>
    <member type="way" ref="14351700" role=""/>
    <member type="way" ref="1430381880" role=""/>
    <member type="way" ref="93658853" role=""/>
    <member type="way" ref="1313310735" role=""/>
    <member type="way" ref="16077864" role=""/>
    <member type="way" ref="16077800" role=""/>
    <member type="way" ref="438772771" role=""/>
    <member type="way" ref="47117763" role=""/>
    <member type="way" ref="246092552" role=""/>
    <member type="way" ref="301773972" role=""/>
    <member type="way" ref="301773970" role=""/>
    <member type="way" ref="160010778" role=""/>
    <member type="way" ref="1311569954" role=""/>
    <member type="way" ref="246092553" role=""/>
    <member type="way" ref="481560058" role=""/>
    <member type="way" ref="47098559" role=""/>
    <member type="way" ref="538376061" role=""/>
    <member type="way" ref="47098553" role=""/>
    <member type="way" ref="47098535" role=""/>
    <member type="way" ref="1217311117" role=""/>
    <member type="way" ref="290278242" role=""/>
    <member type="way" ref="527042794" role=""/>
    <member type="way" ref="290278239" role=""/>
    <member type="way" ref="1172262695" role=""/>
    <member type="way" ref="1172262694" role=""/>
    <member type="way" ref="32013163" role=""/>
    <member type="way" ref="32742199" role=""/>
    <member type="way" ref="1202323727" role=""/>
    <member type="way" ref="133295157" role=""/>
    <member type="way" ref="1529956121" role=""/>
    <member type="way" ref="1529956122" role=""/>
    <member type="way" ref="560459532" role=""/>
    <member type="way" ref="47234044" role=""/>
    <member type="way" ref="134424394" role=""/>
    <member type="way" ref="23703667" role=""/>
    <member type="way" ref="23100175" role=""/>
    <member type="way" ref="1297473695" role=""/>
    <member type="way" ref="1297473361" role=""/>
    <member type="way" ref="1297473697" role=""/>
    <member type="way" ref="1297473696" role=""/>
    <member type="way" ref="645748099" role=""/>
    <member type="way" ref="299748835" role=""/>
    <member type="way" ref="255956176" role=""/>
    <member type="way" ref="299748838" role=""/>
    <member type="way" ref="174679488" role=""/>
    <member type="way" ref="1286397725" role=""/>
    <member type="way" ref="1286397726" role=""/>
    <member type="way" ref="1286397727" role=""/>
    <member type="way" ref="1286397728" role=""/>
    <member type="way" ref="174679487" role=""/>
    <member type="way" ref="1311881287" role=""/>
    <member type="way" ref="1418343379" role=""/>
    <member type="way" ref="134799814" role=""/>
    <member type="way" ref="23774808" role=""/>
    <member type="way" ref="134799815" role=""/>
    <member type="way" ref="299748853" role=""/>
    <member type="way" ref="299748861" role=""/>
    <member type="way" ref="816976210" role=""/>
    <member type="way" ref="1418348666" role=""/>
    <member type="way" ref="467671081" role=""/>
    <member type="way" ref="493168024" role=""/>
    <member type="way" ref="493168035" role=""/>
    <member type="way" ref="493168023" role=""/>
    <member type="way" ref="493168022" role=""/>
    <member type="way" ref="493168034" role=""/>
    <member type="way" ref="493168033" role=""/>
    <member type="way" ref="493168009" role=""/>
    <member type="way" ref="84630281" role=""/>
    <member type="way" ref="60395232" role=""/>
    <member type="way" ref="60395225" role=""/>
    <member type="way" ref="123071565" role=""/>
    <member type="way" ref="23772724" role=""/>
    <member type="way" ref="134434115" role=""/>
    <member type="way" ref="134121772" role=""/>
    <tag k="air_conditioning" v="yes"/>
    <tag k="bicycle" v="yes"/>
    <tag k="blind" v="limited"/>
    <tag k="bus_class:length" v="4;5"/>
    <tag k="charge:all-in-one" v="90 RUB"/>
    <tag k="charge:cards" v="83 RUB"/>
    <tag k="charge:sbp" v="83 RUB"/>
    <tag k="charge:troika" v="75 RUB"/>
    <tag k="charge:troika_qr" v="75 RUB"/>
    <tag k="check_date" v="2023-03-03"/>
    <tag k="colour" v="#ff9ad2"/>
    <tag k="deaf" v="yes"/>
    <tag k="fee" v="yes"/>
    <tag k="fine:ticketless" v="5000 RUB"/>
    <tag k="from" v="Площадь Соловецких Юнг"/>
    <tag k="name" v="Автобус 68: Площадь Соловецких Юнг =&gt; Камчатская улица"/>
    <tag k="name:uk" v="Автобус 68: Площа Соловецьких Юнг =&gt; Камчатська вулиця"/>
    <tag k="network" v="Московский транспорт"/>
    <tag k="operator" v="ГУП «Мосгортранс»"/>
    <tag k="payment:cards" v="yes"/>
    <tag k="payment:cash" v="no"/>
    <tag k="payment:contactless" v="yes"/>
    <tag k="payment:maestro" v="no"/>
    <tag k="payment:mastercard" v="no"/>
    <tag k="payment:mir" v="yes"/>
    <tag k="payment:nfc" v="yes"/>
    <tag k="payment:podorozhnik" v="no"/>
    <tag k="payment:sbp" v="yes"/>
    <tag k="payment:social_cards" v="yes"/>
    <tag k="payment:strelka" v="no"/>
    <tag k="payment:troika" v="yes"/>
    <tag k="payment:visa" v="no"/>
    <tag k="public_transport:version" v="2"/>
    <tag k="ref" v="68"/>
    <tag k="route" v="bus"/>
    <tag k="source" v="Реестр маршрутов города Москвы"/>
    <tag k="to" v="Камчатская улица"/>
    <tag k="type" v="route"/>
    <tag k="website" v="https://transport.mos.ru/transport/schedule/route/828"/>
    <tag k="wheelchair" v="yes"/>
  </relation>
  <relation id="6898921" version="82" timestamp="2026-06-19T10:08:43Z" changeset="184308159" uid="2055718" user="Bobropiton">
    <member type="node" ref="854830468" role="stop_entry_only"/>
    <member type="node" ref="1321606557" role="platform_entry_only"/>
    <member type="node" ref="10705311369" role="stop"/>
    <member type="node" ref="1321839760" role="platform"/>
    <member type="node" ref="10705311367" role="stop"/>
    <member type="node" ref="1321838730" role="platform"/>
    <member type="node" ref="10705311365" role="stop"/>
    <member type="node" ref="1321838614" role="platform"/>
    <member type="node" ref="10705311363" role="stop"/>
    <member type="node" ref="1376671988" role="platform"/>
    <member type="node" ref="10705311361" role="stop"/>
    <member type="node" ref="586496099" role="platform"/>
    <member type="node" ref="10705311317" role="stop"/>
    <member type="node" ref="586491821" role="platform"/>
    <member type="node" ref="10705311315" role="stop"/>
    <member type="node" ref="586563131" role="platform"/>
    <member type="node" ref="10705311314" role="stop"/>
    <member type="node" ref="586535280" role="platform"/>
    <member type="node" ref="10705311311" role="stop"/>
    <member type="node" ref="586548878" role="platform"/>
    <member type="node" ref="1057382251" role="stop"/>
    <member type="node" ref="740417955" role="platform"/>
    <member type="node" ref="4595559169" role="stop"/>
    <member type="node" ref="293487233" role="platform"/>
    <member type="node" ref="4595559163" role="stop"/>
    <member type="node" ref="293487232" role="platform"/>
    <member type="node" ref="2266333160" role="stop"/>
    <member type="node" ref="2218406249" role="platform"/>
    <member type="node" ref="1071420396" role="stop"/>
    <member type="node" ref="472577604" role="platform"/>
    <member type="node" ref="288329151" role="stop"/>
    <member type="node" ref="472577605" role="platform"/>
    <member type="node" ref="1071420449" role="stop"/>
    <member type="node" ref="472577607" role="platform"/>
    <member type="node" ref="1071420374" role="stop"/>
    <member type="node" ref="472577600" role="platform"/>
    <member type="node" ref="10814376639" role="stop"/>
    <member type="node" ref="10814376640" role="platform"/>
    <member type="node" ref="10705535985" role="stop"/>
    <member type="node" ref="1121331348" role="platform"/>
    <member type="node" ref="10705535984" role="stop"/>
    <member type="node" ref="292160802" role="platform"/>
    <member type="node" ref="1321951400" role="stop_exit_only"/>
    <member type="node" ref="273096309" role="platform_exit_only"/>
    <member type="way" ref="23774838" role=""/>
    <member type="way" ref="47234063" role=""/>
    <member type="way" ref="23774868" role=""/>
    <member type="way" ref="60395232" role=""/>
    <member type="way" ref="84630281" role=""/>
    <member type="way" ref="493168009" role=""/>
    <member type="way" ref="493168033" role=""/>
    <member type="way" ref="493168034" role=""/>
    <member type="way" ref="493168022" role=""/>
    <member type="way" ref="493168023" role=""/>
    <member type="way" ref="493168035" role=""/>
    <member type="way" ref="493168024" role=""/>
    <member type="way" ref="467671081" role=""/>
    <member type="way" ref="467671082" role=""/>
    <member type="way" ref="1311569952" role=""/>
    <member type="way" ref="93653620" role=""/>
    <member type="way" ref="299748856" role=""/>
    <member type="way" ref="1419036346" role=""/>
    <member type="way" ref="1311881287" role=""/>
    <member type="way" ref="174679487" role=""/>
    <member type="way" ref="1286397728" role=""/>
    <member type="way" ref="1286397727" role=""/>
    <member type="way" ref="1286397726" role=""/>
    <member type="way" ref="1286397725" role=""/>
    <member type="way" ref="174679488" role=""/>
    <member type="way" ref="299748838" role=""/>
    <member type="way" ref="255956176" role=""/>
    <member type="way" ref="299748835" role=""/>
    <member type="way" ref="645748099" role=""/>
    <member type="way" ref="1297473696" role=""/>
    <member type="way" ref="1297473697" role=""/>
    <member type="way" ref="1297473361" role=""/>
    <member type="way" ref="1297473695" role=""/>
    <member type="way" ref="23100175" role=""/>
    <member type="way" ref="47234049" role=""/>
    <member type="way" ref="134799818" role=""/>
    <member type="way" ref="93653616" role=""/>
    <member type="way" ref="114578003" role=""/>
    <member type="way" ref="610902375" role=""/>
    <member type="way" ref="560459532" role=""/>
    <member type="way" ref="1529956122" role=""/>
    <member type="way" ref="1529956121" role=""/>
    <member type="way" ref="133295157" role=""/>
    <member type="way" ref="1202323727" role=""/>
    <member type="way" ref="32742199" role=""/>
    <member type="way" ref="8060326" role=""/>
    <member type="way" ref="450813822" role=""/>
    <member type="way" ref="1172262693" role=""/>
    <member type="way" ref="32013159" role=""/>
    <member type="way" ref="490591796" role=""/>
    <member type="way" ref="47098555" role=""/>
    <member type="way" ref="147723524" role=""/>
    <member type="way" ref="443009129" role=""/>
    <member type="way" ref="427572334" role=""/>
    <member type="way" ref="427573275" role=""/>
    <member type="way" ref="135081100" role=""/>
    <member type="way" ref="1167866333" role=""/>
    <member type="way" ref="427576122" role=""/>
    <member type="way" ref="32013211" role=""/>
    <member type="way" ref="439740464" role=""/>
    <member type="way" ref="1311571311" role=""/>
    <member type="way" ref="448482118" role=""/>
    <member type="way" ref="1311571309" role=""/>
    <member type="way" ref="1311569963" role=""/>
    <member type="way" ref="450813816" role=""/>
    <member type="way" ref="47117765" role=""/>
    <member type="way" ref="685724418" role=""/>
    <member type="way" ref="685724417" role=""/>
    <member type="way" ref="477375418" role=""/>
    <member type="way" ref="817343986" role=""/>
    <member type="way" ref="1311569964" role=""/>
    <member type="way" ref="817343982" role=""/>
    <member type="way" ref="817343983" role=""/>
    <member type="way" ref="817343987" role=""/>
    <member type="way" ref="134992108" role=""/>
    <member type="way" ref="1150829322" role=""/>
    <tag k="air_conditioning" v="yes"/>
    <tag k="bicycle" v="yes"/>
    <tag k="blind" v="limited"/>
    <tag k="bus_class:length" v="4;5"/>
    <tag k="charge:all-in-one" v="90 RUB"/>
    <tag k="charge:cards" v="83 RUB"/>
    <tag k="charge:sbp" v="83 RUB"/>
    <tag k="charge:troika" v="75 RUB"/>
    <tag k="charge:troika_qr" v="75 RUB"/>
    <tag k="check_date" v="2023-03-03"/>
    <tag k="colour" v="#ff9ad2"/>
    <tag k="deaf" v="yes"/>
    <tag k="fee" v="yes"/>
    <tag k="fine:ticketless" v="5000 RUB"/>
    <tag k="from" v="Камчатская улица"/>
    <tag k="name" v="Автобус 68: Камчатская улица =&gt; Площадь Соловецких Юнг"/>
    <tag k="name:uk" v="Автобус 68: Камчатська вулиця =&gt; Площа Соловецьких Юнг"/>
    <tag k="network" v="Московский транспорт"/>
    <tag k="operator" v="ГУП «Мосгортранс»"/>
    <tag k="payment:cards" v="yes"/>
    <tag k="payment:cash" v="no"/>
    <tag k="payment:contactless" v="yes"/>
    <tag k="payment:maestro" v="no"/>
    <tag k="payment:mastercard" v="no"/>
    <tag k="payment:mir" v="yes"/>
    <tag k="payment:nfc" v="yes"/>
    <tag k="payment:podorozhnik" v="no"/>
    <tag k="payment:sbp" v="yes"/>
    <tag k="payment:social_cards" v="yes"/>
    <tag k="payment:strelka" v="no"/>
    <tag k="payment:troika" v="yes"/>
    <tag k="payment:visa" v="no"/>
    <tag k="public_transport:version" v="2"/>
    <tag k="ref" v="68"/>
    <tag k="route" v="bus"/>
    <tag k="source" v="Реестр маршрутов города Москвы"/>
    <tag k="to" v="Площадь Соловецких Юнг"/>
    <tag k="type" v="route"/>
    <tag k="website" v="https://transport.mos.ru/transport/schedule/route/828"/>
    <tag k="wheelchair" v="yes"/>
  </relation>
  <relation id="7013999" version="26" timestamp="2025-09-27T20:16:39Z" changeset="172543355" uid="363136" user="neo-plan">
    <member type="node" ref="10705535984" role="stop"/>
    <member type="node" ref="292160802" role="platform"/>
    <member type="node" ref="4477197619" role="stop"/>
    <member type="node" ref="273096222" role="platform"/>
    <member type="node" ref="10705658008" role="stop"/>
    <member type="node" ref="286040081" role="platform"/>
    <member type="node" ref="10705658007" role="stop"/>
    <member type="node" ref="283812491" role="platform"/>
    <member type="node" ref="4707412462" role="stop"/>
    <member type="node" ref="283812496" role="platform"/>
    <member type="node" ref="4582170599" role="stop"/>
    <member type="node" ref="283812500" role="platform"/>
    <member type="node" ref="4582170479" role="stop"/>
    <member type="node" ref="286040086" role="platform"/>
    <member type="node" ref="4621576180" role="stop"/>
    <member type="node" ref="286040090" role="platform"/>
    <member type="way" ref="817343986" role=""/>
    <member type="way" ref="1311569964" role=""/>
    <member type="way" ref="817343982" role=""/>
    <member type="way" ref="817343983" role=""/>
    <member type="way" ref="817343987" role=""/>
    <member type="way" ref="450813819" role=""/>
    <member type="way" ref="117367359" role=""/>
    <member type="way" ref="5382631" role=""/>
    <member type="way" ref="1418586006" role=""/>
    <member type="way" ref="1418586004" role=""/>
    <member type="way" ref="1433620447" role=""/>
    <member type="way" ref="1433620448" role=""/>
    <member type="way" ref="1418589430" role=""/>
    <member type="way" ref="26949409" role=""/>
    <member type="way" ref="1418589429" role=""/>
    <member type="way" ref="1259775022" role=""/>
    <member type="way" ref="1259775024" role=""/>
    <member type="way" ref="37066052" role=""/>
    <member type="way" ref="244945041" role=""/>
    <member type="way" ref="426553921" role=""/>
    <member type="way" ref="1215442789" role=""/>
    <member type="way" ref="26138465" role=""/>
    <member type="way" ref="1418587972" role=""/>
    <member type="way" ref="50115382" role=""/>
    <member type="way" ref="426553917" role=""/>
    <member type="way" ref="50115338" role=""/>
    <member type="way" ref="26138479" role=""/>
    <member type="way" ref="26138509" role=""/>
    <member type="way" ref="467550502" role=""/>
    <tag k="disused:route" v="share_taxi"/>
    <tag k="from" v="ТЦ «Щёлково»"/>
    <tag k="name" v="Маршрутка 1072: ТЦ «Щёлково» =&gt; Метро «Первомайская»"/>
    <tag k="payment:cash" v="yes"/>
    <tag k="payment:troika" v="no"/>
    <tag k="public_transport:version" v="2"/>
    <tag k="ref" v="1072"/>
    <tag k="to" v="Метро «Первомайская»"/>
    <tag k="type" v="disused:route"/>
  </relation>
  <relation id="7014000" version="25" timestamp="2025-09-27T20:16:39Z" changeset="172543355" uid="363136" user="neo-plan">
    <member type="node" ref="4621576306" role="stop_entry_only"/>
    <member type="node" ref="4621576311" role="platform_entry_only"/>
    <member type="node" ref="4621576174" role="stop"/>
    <member type="node" ref="297473740" role="platform"/>
    <member type="node" ref="4558282920" role="stop"/>
    <member type="node" ref="282970803" role="platform"/>
    <member type="node" ref="4621576217" role="stop"/>
    <member type="node" ref="282970804" role="platform"/>
    <member type="node" ref="4621576195" role="stop"/>
    <member type="node" ref="282970805" role="platform"/>
    <member type="node" ref="10705642401" role="stop"/>
    <member type="node" ref="282970806" role="platform"/>
    <member type="node" ref="10705658010" role="stop"/>
    <member type="node" ref="282970807" role="platform"/>
    <member type="node" ref="10705658009" role="stop"/>
    <member type="node" ref="282970808" role="platform"/>
    <member type="node" ref="1321951400" role="stop"/>
    <member type="node" ref="273096309" role="platform"/>
    <member type="node" ref="10705535983" role="stop"/>
    <member type="node" ref="4696293930" role="platform"/>
    <member type="way" ref="467550502" role=""/>
    <member type="way" ref="26138509" role=""/>
    <member type="way" ref="26138479" role=""/>
    <member type="way" ref="50115338" role=""/>
    <member type="way" ref="426553917" role=""/>
    <member type="way" ref="50115382" role=""/>
    <member type="way" ref="1418587972" role=""/>
    <member type="way" ref="26138512" role=""/>
    <member type="way" ref="53493808" role=""/>
    <member type="way" ref="37066051" role=""/>
    <member type="way" ref="1418589430" role=""/>
    <member type="way" ref="1433620448" role=""/>
    <member type="way" ref="1433620447" role=""/>
    <member type="way" ref="1418586004" role=""/>
    <member type="way" ref="1418586006" role=""/>
    <member type="way" ref="5382631" role=""/>
    <member type="way" ref="117367362" role=""/>
    <member type="way" ref="816313865" role=""/>
    <member type="way" ref="1150829322" role=""/>
    <member type="way" ref="134992107" role=""/>
    <member type="way" ref="134992109" role=""/>
    <member type="way" ref="816313675" role=""/>
    <member type="way" ref="26138351" role=""/>
    <member type="way" ref="816313674" role=""/>
    <member type="way" ref="14126086" role=""/>
    <member type="way" ref="817343982" role=""/>
    <member type="way" ref="1311569964" role=""/>
    <member type="way" ref="817343986" role=""/>
    <tag k="disused:route" v="share_taxi"/>
    <tag k="from" v="Метро «Первомайская»"/>
    <tag k="name" v="Маршрутка 1072: Метро «Первомайская» =&gt; ТЦ «Щёлково»"/>
    <tag k="payment:cash" v="yes"/>
    <tag k="payment:troika" v="no"/>
    <tag k="public_transport:version" v="2"/>
    <tag k="ref" v="1072"/>
    <tag k="to" v="ТЦ «Щёлково»"/>
    <tag k="type" v="disused:route"/>
  </relation>
  <relation id="7556355" version="107" timestamp="2026-06-19T14:44:49Z" changeset="184319444" uid="23926472" user="Максим Баранаускас">
    <member type="node" ref="10735897522" role="stop_entry_only"/>
    <member type="node" ref="2168741858" role="platform_entry_only"/>
    <member type="node" ref="10707960265" role="stop"/>
    <member type="node" ref="703742397" role="platform"/>
    <member type="node" ref="10707964408" role="stop"/>
    <member type="node" ref="365201599" role="platform"/>
    <member type="node" ref="10707964411" role="stop"/>
    <member type="node" ref="365201597" role="platform"/>
    <member type="node" ref="10707964420" role="stop"/>
    <member type="node" ref="365202029" role="platform"/>
    <member type="node" ref="922792550" role="stop"/>
    <member type="node" ref="365201585" role="platform"/>
    <member type="node" ref="10707964429" role="stop"/>
    <member type="node" ref="365197725" role="platform"/>
    <member type="node" ref="10707964427" role="stop"/>
    <member type="node" ref="365201579" role="platform"/>
    <member type="node" ref="922792548" role="stop"/>
    <member type="node" ref="433258865" role="platform"/>
    <member type="node" ref="376309520" role="stop"/>
    <member type="node" ref="661052692" role="platform"/>
    <member type="node" ref="1028951263" role="stop"/>
    <member type="node" ref="477227697" role="platform"/>
    <member type="node" ref="10707996643" role="stop"/>
    <member type="node" ref="1446621049" role="platform"/>
    <member type="node" ref="1028951343" role="stop"/>
    <member type="node" ref="492143606" role="platform"/>
    <member type="node" ref="1028951271" role="stop"/>
    <member type="node" ref="12544400504" role="platform"/>
    <member type="node" ref="10707996644" role="stop"/>
    <member type="node" ref="2760884188" role="platform"/>
    <member type="node" ref="10706580206" role="stop"/>
    <member type="node" ref="1447849697" role="platform"/>
    <member type="node" ref="5402432802" role="stop"/>
    <member type="node" ref="1447849704" role="platform"/>
    <member type="node" ref="5402437659" role="stop"/>
    <member type="node" ref="1473468050" role="platform"/>
    <member type="node" ref="10705642392" role="stop"/>
    <member type="node" ref="2458087130" role="platform"/>
    <member type="node" ref="10705642393" role="stop"/>
    <member type="node" ref="1448788224" role="platform"/>
    <member type="node" ref="10705658017" role="stop"/>
    <member type="node" ref="9044310169" role="platform"/>
    <member type="node" ref="10705658014" role="stop"/>
    <member type="node" ref="3992503801" role="platform"/>
    <member type="node" ref="10705658012" role="stop"/>
    <member type="node" ref="4033578605" role="platform"/>
    <member type="node" ref="10705658010" role="stop"/>
    <member type="node" ref="282970807" role="platform"/>
    <member type="node" ref="10705658009" role="stop"/>
    <member type="node" ref="282970808" role="platform"/>
    <member type="node" ref="1321951400" role="stop"/>
    <member type="node" ref="273096309" role="platform"/>
    <member type="node" ref="10705535983" role="stop"/>
    <member type="node" ref="4696293930" role="platform"/>
    <member type="node" ref="10705535986" role="stop"/>
    <member type="node" ref="289765145" role="platform"/>
    <member type="node" ref="10705293685" role="stop"/>
    <member type="node" ref="289765149" role="platform"/>
    <member type="node" ref="10705311320" role="stop"/>
    <member type="node" ref="289765150" role="platform"/>
    <member type="node" ref="5019166059" role="stop"/>
    <member type="node" ref="289765151" role="platform"/>
    <member type="node" ref="10705311374" role="stop"/>
    <member type="node" ref="1379347121" role="platform"/>
    <member type="node" ref="10705311372" role="stop_exit_only"/>
    <member type="node" ref="1475027587" role="platform_exit_only"/>
    <member type="way" ref="1154373500" role=""/>
    <member type="way" ref="1154328948" role=""/>
    <member type="way" ref="1150746711" role=""/>
    <member type="way" ref="363289348" role=""/>
    <member type="way" ref="1154706740" role=""/>
    <member type="way" ref="17503624" role=""/>
    <member type="way" ref="1096972905" role=""/>
    <member type="way" ref="243040798" role=""/>
    <member type="way" ref="44852933" role=""/>
    <member type="way" ref="56755144" role=""/>
    <member type="way" ref="1176386139" role=""/>
    <member type="way" ref="78699224" role=""/>
    <member type="way" ref="1176386144" role=""/>
    <member type="way" ref="131446698" role=""/>
    <member type="way" ref="131446702" role=""/>
    <member type="way" ref="131446697" role=""/>
    <member type="way" ref="19384805" role=""/>
    <member type="way" ref="1176386145" role=""/>
    <member type="way" ref="78699223" role=""/>
    <member type="way" ref="1176386147" role=""/>
    <member type="way" ref="78699219" role=""/>
    <member type="way" ref="78699266" role=""/>
    <member type="way" ref="1176386153" role=""/>
    <member type="way" ref="1176386152" role=""/>
    <member type="way" ref="23516391" role=""/>
    <member type="way" ref="78699258" role=""/>
    <member type="way" ref="1176386156" role=""/>
    <member type="way" ref="133146087" role=""/>
    <member type="way" ref="1423711115" role=""/>
    <member type="way" ref="88055235" role=""/>
    <member type="way" ref="1176386171" role=""/>
    <member type="way" ref="627985284" role=""/>
    <member type="way" ref="37760692" role=""/>
    <member type="way" ref="132329880" role=""/>
    <member type="way" ref="23351599" role=""/>
    <member type="way" ref="28404620" role=""/>
    <member type="way" ref="56758936" role=""/>
    <member type="way" ref="130533799" role=""/>
    <member type="way" ref="78699241" role=""/>
    <member type="way" ref="83009670" role=""/>
    <member type="way" ref="1176386129" role=""/>
    <member type="way" ref="1530855908" role=""/>
    <member type="way" ref="83009691" role=""/>
    <member type="way" ref="78699236" role=""/>
    <member type="way" ref="1154389643" role=""/>
    <member type="way" ref="132329887" role=""/>
    <member type="way" ref="40490734" role=""/>
    <member type="way" ref="40490733" role=""/>
    <member type="way" ref="78780387" role=""/>
    <member type="way" ref="1164894956" role=""/>
    <member type="way" ref="93868251" role=""/>
    <member type="way" ref="1164894955" role=""/>
    <member type="way" ref="40130118" role=""/>
    <member type="way" ref="1218669996" role=""/>
    <member type="way" ref="1215872442" role=""/>
    <member type="way" ref="1215872443" role=""/>
    <member type="way" ref="40130119" role=""/>
    <member type="way" ref="40130121" role=""/>
    <member type="way" ref="37761442" role=""/>
    <member type="way" ref="40958370" role=""/>
    <member type="way" ref="850430612" role=""/>
    <member type="way" ref="47424896" role=""/>
    <member type="way" ref="40958372" role=""/>
    <member type="way" ref="23536706" role=""/>
    <member type="way" ref="610560062" role=""/>
    <member type="way" ref="50722612" role=""/>
    <member type="way" ref="50722611" role=""/>
    <member type="way" ref="50722609" role=""/>
    <member type="way" ref="170358066" role=""/>
    <member type="way" ref="1176386127" role=""/>
    <member type="way" ref="263982820" role=""/>
    <member type="way" ref="40958367" role=""/>
    <member type="way" ref="1395602188" role=""/>
    <member type="way" ref="308135022" role=""/>
    <member type="way" ref="1488503346" role=""/>
    <member type="way" ref="1488503345" role=""/>
    <member type="way" ref="1154716860" role=""/>
    <member type="way" ref="1492911310" role=""/>
    <member type="way" ref="307757138" role=""/>
    <member type="way" ref="307757137" role=""/>
    <member type="way" ref="1150933835" role=""/>
    <member type="way" ref="1150933837" role=""/>
    <member type="way" ref="1150933834" role=""/>
    <member type="way" ref="52279851" role=""/>
    <member type="way" ref="52279852" role=""/>
    <member type="way" ref="52279847" role=""/>
    <member type="way" ref="115938474" role=""/>
    <member type="way" ref="491646985" role=""/>
    <member type="way" ref="491646984" role=""/>
    <member type="way" ref="52279853" role=""/>
    <member type="way" ref="52267716" role=""/>
    <member type="way" ref="52267713" role=""/>
    <member type="way" ref="293808599" role=""/>
    <member type="way" ref="1308897744" role=""/>
    <member type="way" ref="23510500" role=""/>
    <member type="way" ref="236816790" role=""/>
    <member type="way" ref="1308897320" role=""/>
    <member type="way" ref="234836428" role=""/>
    <member type="way" ref="1188144187" role=""/>
    <member type="way" ref="1188144188" role=""/>
    <member type="way" ref="53493814" role=""/>
    <member type="way" ref="529094677" role=""/>
    <member type="way" ref="53493812" role=""/>
    <member type="way" ref="93649461" role=""/>
    <member type="way" ref="615720084" role=""/>
    <member type="way" ref="615720081" role=""/>
    <member type="way" ref="26949374" role=""/>
    <member type="way" ref="37066051" role=""/>
    <member type="way" ref="1418589430" role=""/>
    <member type="way" ref="1433620448" role=""/>
    <member type="way" ref="1433620447" role=""/>
    <member type="way" ref="1418586004" role=""/>
    <member type="way" ref="1418586006" role=""/>
    <member type="way" ref="5382631" role=""/>
    <member type="way" ref="117367362" role=""/>
    <member type="way" ref="816313865" role=""/>
    <member type="way" ref="1150829322" role=""/>
    <member type="way" ref="134992107" role=""/>
    <member type="way" ref="134992109" role=""/>
    <member type="way" ref="816313675" role=""/>
    <member type="way" ref="26138351" role=""/>
    <member type="way" ref="816313674" role=""/>
    <member type="way" ref="14126086" role=""/>
    <member type="way" ref="817343982" role=""/>
    <member type="way" ref="1311569964" role=""/>
    <member type="way" ref="817343986" role=""/>
    <member type="way" ref="477375418" role=""/>
    <member type="way" ref="685724417" role=""/>
    <member type="way" ref="685724418" role=""/>
    <member type="way" ref="450813815" role=""/>
    <member type="way" ref="14351700" role=""/>
    <member type="way" ref="1430381880" role=""/>
    <member type="way" ref="93658853" role=""/>
    <member type="way" ref="1313310735" role=""/>
    <member type="way" ref="16077864" role=""/>
    <member type="way" ref="16077800" role=""/>
    <member type="way" ref="438772771" role=""/>
    <member type="way" ref="47117763" role=""/>
    <member type="way" ref="246092552" role=""/>
    <member type="way" ref="301773971" role=""/>
    <member type="way" ref="134799815" role=""/>
    <member type="way" ref="299748853" role=""/>
    <member type="way" ref="299748861" role=""/>
    <member type="way" ref="816976210" role=""/>
    <member type="way" ref="1418348666" role=""/>
    <member type="way" ref="1418348903" role=""/>
    <member type="way" ref="467671080" role=""/>
    <member type="way" ref="93653626" role=""/>
    <member type="way" ref="1150804616" role=""/>
    <member type="way" ref="108237033" role=""/>
    <member type="way" ref="23703676" role=""/>
    <member type="way" ref="93653606" role=""/>
    <member type="way" ref="1419392038" role=""/>
    <member type="way" ref="1419392040" role=""/>
    <member type="way" ref="1418350640" role=""/>
    <member type="way" ref="1419035104" role=""/>
    <member type="way" ref="1418350641" role=""/>
    <member type="way" ref="374263682" role=""/>
    <member type="way" ref="31149665" role=""/>
    <tag k="air_conditioning" v="yes"/>
    <tag k="bicycle" v="yes"/>
    <tag k="blind" v="limited"/>
    <tag k="bus_class:length" v="4;5"/>
    <tag k="charge:all-in-one" v="90 RUB"/>
    <tag k="charge:cards" v="83 RUB"/>
    <tag k="charge:sbp" v="83 RUB"/>
    <tag k="charge:troika" v="75 RUB"/>
    <tag k="charge:troika_qr" v="75 RUB"/>
    <tag k="check_date" v="2023-03-04"/>
    <tag k="colour" v="#ff9ad2"/>
    <tag k="deaf" v="yes"/>
    <tag k="fee" v="yes"/>
    <tag k="fine:ticketless" v="5000 RUB"/>
    <tag k="from" v="Метро «Выхино»"/>
    <tag k="name" v="Автобус 884: Метро «Выхино» =&gt; Камчатская улица"/>
    <tag k="name:uk" v="Автобус 884: Метро &quot;Вихіно&quot; =&gt; Камчатська вулиця"/>
    <tag k="network" v="Московский транспорт"/>
    <tag k="operator" v="ГУП «Мосгортранс»"/>
    <tag k="payment:cards" v="yes"/>
    <tag k="payment:cash" v="no"/>
    <tag k="payment:contactless" v="yes"/>
    <tag k="payment:maestro" v="no"/>
    <tag k="payment:mastercard" v="no"/>
    <tag k="payment:mir" v="yes"/>
    <tag k="payment:nfc" v="yes"/>
    <tag k="payment:podorozhnik" v="no"/>
    <tag k="payment:sbp" v="yes"/>
    <tag k="payment:social_cards" v="yes"/>
    <tag k="payment:strelka" v="no"/>
    <tag k="payment:troika" v="yes"/>
    <tag k="payment:visa" v="no"/>
    <tag k="public_transport:version" v="2"/>
    <tag k="ref" v="884"/>
    <tag k="route" v="bus"/>
    <tag k="source" v="Реестр маршрутов города Москвы"/>
    <tag k="to" v="Камчатская улица"/>
    <tag k="type" v="route"/>
    <tag k="website" v="https://transport.mos.ru/transport/schedule/route/141502909"/>
    <tag k="wheelchair" v="yes"/>
  </relation>
  <relation id="7556356" version="95" timestamp="2026-06-19T14:48:50Z" changeset="184319608" uid="23926472" user="Максим Баранаускас">
    <member type="node" ref="1779401003" role="stop_entry_only"/>
    <member type="node" ref="854830403" role="platform_entry_only"/>
    <member type="node" ref="10705311373" role="stop"/>
    <member type="node" ref="1379347286" role="platform"/>
    <member type="node" ref="13031274298" role="stop"/>
    <member type="node" ref="13031274299" role="platform"/>
    <member type="node" ref="10705311361" role="stop"/>
    <member type="node" ref="586496099" role="platform"/>
    <member type="node" ref="10705311319" role="stop"/>
    <member type="node" ref="586487373" role="platform"/>
    <member type="node" ref="10705293684" role="stop"/>
    <member type="node" ref="289765148" role="platform"/>
    <member type="node" ref="10705535985" role="stop"/>
    <member type="node" ref="1121331348" role="platform"/>
    <member type="node" ref="10705535984" role="stop"/>
    <member type="node" ref="292160802" role="platform"/>
    <member type="node" ref="4477197619" role="stop"/>
    <member type="node" ref="273096222" role="platform"/>
    <member type="node" ref="10705658008" role="stop"/>
    <member type="node" ref="286040081" role="platform"/>
    <member type="node" ref="10705658011" role="stop"/>
    <member type="node" ref="4696295838" role="platform"/>
    <member type="node" ref="10705658013" role="stop"/>
    <member type="node" ref="3992503819" role="platform"/>
    <member type="node" ref="10705658018" role="stop"/>
    <member type="node" ref="9044310170" role="platform"/>
    <member type="node" ref="10705642394" role="stop"/>
    <member type="node" ref="907294398" role="platform"/>
    <member type="node" ref="10705642391" role="stop"/>
    <member type="node" ref="1448788248" role="platform"/>
    <member type="node" ref="5402437658" role="stop"/>
    <member type="node" ref="1473468048" role="platform"/>
    <member type="node" ref="5402432801" role="stop"/>
    <member type="node" ref="1447849700" role="platform"/>
    <member type="node" ref="10706580207" role="stop"/>
    <member type="node" ref="1447849696" role="platform"/>
    <member type="node" ref="10707996641" role="stop"/>
    <member type="node" ref="3113191123" role="platform"/>
    <member type="node" ref="10707996640" role="stop"/>
    <member type="node" ref="1108849441" role="platform"/>
    <member type="node" ref="10707996639" role="stop"/>
    <member type="node" ref="1478104597" role="platform"/>
    <member type="node" ref="5405362944" role="stop"/>
    <member type="node" ref="1446621047" role="platform"/>
    <member type="node" ref="376309444" role="stop"/>
    <member type="node" ref="533754548" role="platform"/>
    <member type="node" ref="923113109" role="stop"/>
    <member type="node" ref="923113118" role="platform"/>
    <member type="node" ref="10707964428" role="stop"/>
    <member type="node" ref="365201582" role="platform"/>
    <member type="node" ref="10707964430" role="stop"/>
    <member type="node" ref="365197727" role="platform"/>
    <member type="node" ref="254671417" role="stop"/>
    <member type="node" ref="365201587" role="platform"/>
    <member type="node" ref="10707964422" role="stop"/>
    <member type="node" ref="365202027" role="platform"/>
    <member type="node" ref="923113161" role="stop"/>
    <member type="node" ref="365201598" role="platform"/>
    <member type="node" ref="10707964410" role="stop"/>
    <member type="node" ref="365201600" role="platform"/>
    <member type="node" ref="10707960266" role="stop"/>
    <member type="node" ref="703742399" role="platform"/>
    <member type="node" ref="9330637096" role="stop_exit_only"/>
    <member type="node" ref="1446621010" role="platform_exit_only"/>
    <member type="way" ref="134424387" role=""/>
    <member type="way" ref="1150804614" role=""/>
    <member type="way" ref="31149665" role=""/>
    <member type="way" ref="374263682" role=""/>
    <member type="way" ref="1418350641" role=""/>
    <member type="way" ref="1419035104" role=""/>
    <member type="way" ref="1418350640" role=""/>
    <member type="way" ref="1419392040" role=""/>
    <member type="way" ref="1419392038" role=""/>
    <member type="way" ref="93653606" role=""/>
    <member type="way" ref="23703676" role=""/>
    <member type="way" ref="1418041051" role=""/>
    <member type="way" ref="1418041045" role=""/>
    <member type="way" ref="1418041052" role=""/>
    <member type="way" ref="93653629" role=""/>
    <member type="way" ref="134434110" role=""/>
    <member type="way" ref="467671079" role=""/>
    <member type="way" ref="1419036087" role=""/>
    <member type="way" ref="1311569952" role=""/>
    <member type="way" ref="93653620" role=""/>
    <member type="way" ref="299748856" role=""/>
    <member type="way" ref="1419036346" role=""/>
    <member type="way" ref="1418343379" role=""/>
    <member type="way" ref="134799814" role=""/>
    <member type="way" ref="134799816" role=""/>
    <member type="way" ref="1418343382" role=""/>
    <member type="way" ref="301773970" role=""/>
    <member type="way" ref="160010778" role=""/>
    <member type="way" ref="1311569954" role=""/>
    <member type="way" ref="246092553" role=""/>
    <member type="way" ref="481560058" role=""/>
    <member type="way" ref="16077829" role=""/>
    <member type="way" ref="14351796" role=""/>
    <member type="way" ref="1311569963" role=""/>
    <member type="way" ref="450813816" role=""/>
    <member type="way" ref="47117765" role=""/>
    <member type="way" ref="685724418" role=""/>
    <member type="way" ref="685724417" role=""/>
    <member type="way" ref="477375418" role=""/>
    <member type="way" ref="817343986" role=""/>
    <member type="way" ref="1311569964" role=""/>
    <member type="way" ref="817343982" role=""/>
    <member type="way" ref="817343983" role=""/>
    <member type="way" ref="817343987" role=""/>
    <member type="way" ref="450813819" role=""/>
    <member type="way" ref="117367359" role=""/>
    <member type="way" ref="5382631" role=""/>
    <member type="way" ref="1418586006" role=""/>
    <member type="way" ref="1418586004" role=""/>
    <member type="way" ref="1433620447" role=""/>
    <member type="way" ref="1433620448" role=""/>
    <member type="way" ref="1418589430" role=""/>
    <member type="way" ref="26949409" role=""/>
    <member type="way" ref="1418589429" role=""/>
    <member type="way" ref="52436553" role=""/>
    <member type="way" ref="26949374" role=""/>
    <member type="way" ref="615720081" role=""/>
    <member type="way" ref="615720084" role=""/>
    <member type="way" ref="93649461" role=""/>
    <member type="way" ref="53493812" role=""/>
    <member type="way" ref="529094677" role=""/>
    <member type="way" ref="53493814" role=""/>
    <member type="way" ref="1188144188" role=""/>
    <member type="way" ref="1188144187" role=""/>
    <member type="way" ref="234836428" role=""/>
    <member type="way" ref="1308897320" role=""/>
    <member type="way" ref="1308897741" role=""/>
    <member type="way" ref="522722501" role=""/>
    <member type="way" ref="1308897744" role=""/>
    <member type="way" ref="293808599" role=""/>
    <member type="way" ref="52267713" role=""/>
    <member type="way" ref="52267716" role=""/>
    <member type="way" ref="52279853" role=""/>
    <member type="way" ref="491646984" role=""/>
    <member type="way" ref="491646985" role=""/>
    <member type="way" ref="115938474" role=""/>
    <member type="way" ref="52279847" role=""/>
    <member type="way" ref="52279852" role=""/>
    <member type="way" ref="52279851" role=""/>
    <member type="way" ref="326193472" role=""/>
    <member type="way" ref="1150933833" role=""/>
    <member type="way" ref="1150933836" role=""/>
    <member type="way" ref="1488503347" role=""/>
    <member type="way" ref="307757145" role=""/>
    <member type="way" ref="1488503341" role=""/>
    <member type="way" ref="23613881" role=""/>
    <member type="way" ref="1409596351" role=""/>
    <member type="way" ref="326193473" role=""/>
    <member type="way" ref="170358069" role=""/>
    <member type="way" ref="170358068" role=""/>
    <member type="way" ref="50722610" role=""/>
    <member type="way" ref="369381631" role=""/>
    <member type="way" ref="40958373" role=""/>
    <member type="way" ref="40958372" role=""/>
    <member type="way" ref="47424896" role=""/>
    <member type="way" ref="850430612" role=""/>
    <member type="way" ref="40958370" role=""/>
    <member type="way" ref="37761442" role=""/>
    <member type="way" ref="40130121" role=""/>
    <member type="way" ref="40130119" role=""/>
    <member type="way" ref="1215872443" role=""/>
    <member type="way" ref="1215872442" role=""/>
    <member type="way" ref="1218669996" role=""/>
    <member type="way" ref="40130118" role=""/>
    <member type="way" ref="1164894955" role=""/>
    <member type="way" ref="61219989" role=""/>
    <member type="way" ref="78780361" role=""/>
    <member type="way" ref="61219997" role=""/>
    <member type="way" ref="61219993" role=""/>
    <member type="way" ref="1370317699" role=""/>
    <member type="way" ref="1154389644" role=""/>
    <member type="way" ref="132329884" role=""/>
    <member type="way" ref="1370317698" role=""/>
    <member type="way" ref="1176386128" role=""/>
    <member type="way" ref="1530856470" role=""/>
    <member type="way" ref="83009692" role=""/>
    <member type="way" ref="1176386130" role=""/>
    <member type="way" ref="83009671" role=""/>
    <member type="way" ref="78780377" role=""/>
    <member type="way" ref="130533800" role=""/>
    <member type="way" ref="132418508" role=""/>
    <member type="way" ref="37972816" role=""/>
    <member type="way" ref="23351605" role=""/>
    <member type="way" ref="132329883" role=""/>
    <member type="way" ref="132418506" role=""/>
    <member type="way" ref="132418507" role=""/>
    <member type="way" ref="1176386169" role=""/>
    <member type="way" ref="1176386168" role=""/>
    <member type="way" ref="55936492" role=""/>
    <member type="way" ref="1423711114" role=""/>
    <member type="way" ref="88055245" role=""/>
    <member type="way" ref="37972143" role=""/>
    <member type="way" ref="78780368" role=""/>
    <member type="way" ref="1176386157" role=""/>
    <member type="way" ref="78780454" role=""/>
    <member type="way" ref="1176386154" role=""/>
    <member type="way" ref="1176386155" role=""/>
    <member type="way" ref="78780395" role=""/>
    <member type="way" ref="78780427" role=""/>
    <member type="way" ref="1176386146" role=""/>
    <member type="way" ref="131446700" role=""/>
    <member type="way" ref="131446701" role=""/>
    <member type="way" ref="131446699" role=""/>
    <member type="way" ref="1176386143" role=""/>
    <member type="way" ref="28882091" role=""/>
    <member type="way" ref="28882089" role=""/>
    <member type="way" ref="206826811" role=""/>
    <member type="way" ref="243040800" role=""/>
    <member type="way" ref="1176386140" role=""/>
    <member type="way" ref="1150746708" role=""/>
    <member type="way" ref="58967508" role=""/>
    <member type="way" ref="807914989" role=""/>
    <member type="way" ref="93642222" role=""/>
    <member type="way" ref="1176473961" role=""/>
    <member type="way" ref="1096972911" role=""/>
    <tag k="air_conditioning" v="yes"/>
    <tag k="bicycle" v="yes"/>
    <tag k="blind" v="limited"/>
    <tag k="bus_class:length" v="4;5"/>
    <tag k="charge:all-in-one" v="90 RUB"/>
    <tag k="charge:cards" v="83 RUB"/>
    <tag k="charge:sbp" v="83 RUB"/>
    <tag k="charge:troika" v="75 RUB"/>
    <tag k="charge:troika_qr" v="75 RUB"/>
    <tag k="check_date" v="2023-03-04"/>
    <tag k="colour" v="#ff9ad2"/>
    <tag k="deaf" v="yes"/>
    <tag k="fee" v="yes"/>
    <tag k="fine:ticketless" v="5000 RUB"/>
    <tag k="from" v="Камчатская улица"/>
    <tag k="name" v="Автобус 884: Камчатская улица =&gt; Метро «Выхино»"/>
    <tag k="name:uk" v="Автобус 884: Камчатська вулиця =&gt; Метро «Вихіно»"/>
    <tag k="network" v="Московский транспорт"/>
    <tag k="operator" v="ГУП «Мосгортранс»"/>
    <tag k="payment:cards" v="yes"/>
    <tag k="payment:cash" v="no"/>
    <tag k="payment:contactless" v="yes"/>
    <tag k="payment:maestro" v="no"/>
    <tag k="payment:mastercard" v="no"/>
    <tag k="payment:mir" v="yes"/>
    <tag k="payment:nfc" v="yes"/>
    <tag k="payment:podorozhnik" v="no"/>
    <tag k="payment:sbp" v="yes"/>
    <tag k="payment:social_cards" v="yes"/>
    <tag k="payment:strelka" v="no"/>
    <tag k="payment:troika" v="yes"/>
    <tag k="payment:visa" v="no"/>
    <tag k="public_transport:version" v="2"/>
    <tag k="ref" v="884"/>
    <tag k="route" v="bus"/>
    <tag k="source" v="Реестр маршрутов города Москвы"/>
    <tag k="to" v="Метро «Выхино»"/>
    <tag k="type" v="route"/>
    <tag k="website" v="https://transport.mos.ru/transport/schedule/route/141502909"/>
    <tag k="wheelchair" v="yes"/>
  </relation>
  <relation id="10854577" version="63" timestamp="2026-02-12T19:46:20Z" changeset="178473203" uid="2055718" user="Bobropiton">
    <member type="node" ref="4621576318" role="stop"/>
    <member type="node" ref="1448788222" role="platform"/>
    <member type="node" ref="4558282943" role="stop"/>
    <member type="node" ref="1448788223" role="platform"/>
    <member type="node" ref="4621576174" role="stop"/>
    <member type="node" ref="297473740" role="platform"/>
    <member type="node" ref="4558282920" role="stop"/>
    <member type="node" ref="282970803" role="platform"/>
    <member type="node" ref="4621576217" role="stop"/>
    <member type="node" ref="282970804" role="platform"/>
    <member type="node" ref="4621576195" role="stop"/>
    <member type="node" ref="282970805" role="platform"/>
    <member type="node" ref="10705642401" role="stop"/>
    <member type="node" ref="282970806" role="platform"/>
    <member type="node" ref="10705658010" role="stop"/>
    <member type="node" ref="282970807" role="platform"/>
    <member type="node" ref="10705658009" role="stop"/>
    <member type="node" ref="282970808" role="platform"/>
    <member type="node" ref="1321951400" role="stop_exit_only"/>
    <member type="node" ref="273096309" role="platform_exit_only"/>
    <member type="way" ref="467550510" role=""/>
    <member type="way" ref="426552523" role=""/>
    <member type="way" ref="23771589" role=""/>
    <member type="way" ref="846546709" role=""/>
    <member type="way" ref="434056276" role=""/>
    <member type="way" ref="460151553" role=""/>
    <member type="way" ref="320082363" role=""/>
    <member type="way" ref="846546708" role=""/>
    <member type="way" ref="130533061" role=""/>
    <member type="way" ref="467550502" role=""/>
    <member type="way" ref="26138509" role=""/>
    <member type="way" ref="26138479" role=""/>
    <member type="way" ref="50115338" role=""/>
    <member type="way" ref="426553917" role=""/>
    <member type="way" ref="50115382" role=""/>
    <member type="way" ref="1418587972" role=""/>
    <member type="way" ref="26138512" role=""/>
    <member type="way" ref="53493808" role=""/>
    <member type="way" ref="37066051" role=""/>
    <member type="way" ref="1418589430" role=""/>
    <member type="way" ref="1433620448" role=""/>
    <member type="way" ref="1433620447" role=""/>
    <member type="way" ref="1418586004" role=""/>
    <member type="way" ref="1418586006" role=""/>
    <member type="way" ref="5382631" role=""/>
    <member type="way" ref="117367362" role=""/>
    <member type="way" ref="816313865" role=""/>
    <member type="way" ref="1150829322" role=""/>
    <tag k="air_conditioning" v="yes"/>
    <tag k="bicycle" v="yes"/>
    <tag k="blind" v="limited"/>
    <tag k="bus_class:length" v="4;5"/>
    <tag k="charge:all-in-one" v="90 RUB"/>
    <tag k="charge:cards" v="83 RUB"/>
    <tag k="charge:sbp" v="83 RUB"/>
    <tag k="charge:troika" v="75 RUB"/>
    <tag k="charge:troika_qr" v="75 RUB"/>
    <tag k="check_date" v="2023-03-12"/>
    <tag k="colour" v="#c2e6ff"/>
    <tag k="deaf" v="yes"/>
    <tag k="fee" v="yes"/>
    <tag k="fine:ticketless" v="5000 RUB"/>
    <tag k="from" v="Метро «Первомайская»"/>
    <tag k="name" v="Автобус т55: Метро «Первомайская» =&gt; Площадь Соловецких Юнг"/>
    <tag k="name:uk" v="Автобус т55: Метро «Первомайська» =&gt; Площа Соловецьких Юнг"/>
    <tag k="network" v="Московский транспорт"/>
    <tag k="operator" v="ГУП «Мосгортранс»"/>
    <tag k="payment:cards" v="yes"/>
    <tag k="payment:cash" v="no"/>
    <tag k="payment:contactless" v="yes"/>
    <tag k="payment:maestro" v="no"/>
    <tag k="payment:mastercard" v="no"/>
    <tag k="payment:mir" v="yes"/>
    <tag k="payment:nfc" v="yes"/>
    <tag k="payment:podorozhnik" v="no"/>
    <tag k="payment:sbp" v="yes"/>
    <tag k="payment:social_cards" v="yes"/>
    <tag k="payment:strelka" v="no"/>
    <tag k="payment:troika" v="yes"/>
    <tag k="payment:visa" v="no"/>
    <tag k="public_transport:version" v="2"/>
    <tag k="ref" v="т55"/>
    <tag k="route" v="bus"/>
    <tag k="source" v="Реестр маршрутов города Москвы"/>
    <tag k="to" v="Площадь Соловецких Юнг"/>
    <tag k="type" v="route"/>
    <tag k="website" v="https://transport.mos.ru/transport/schedule/route/1713"/>
    <tag k="wheelchair" v="yes"/>
  </relation>
  <relation id="10854578" version="63" timestamp="2026-02-12T19:46:20Z" changeset="178473203" uid="2055718" user="Bobropiton">
    <member type="node" ref="4477197619" role="stop"/>
    <member type="node" ref="273096222" role="platform"/>
    <member type="node" ref="10705658008" role="stop"/>
    <member type="node" ref="286040081" role="platform"/>
    <member type="node" ref="10705658007" role="stop"/>
    <member type="node" ref="283812491" role="platform"/>
    <member type="node" ref="4707412462" role="stop"/>
    <member type="node" ref="283812496" role="platform"/>
    <member type="node" ref="4582170599" role="stop"/>
    <member type="node" ref="283812500" role="platform"/>
    <member type="node" ref="4582170479" role="stop"/>
    <member type="node" ref="286040086" role="platform"/>
    <member type="node" ref="4621576180" role="stop"/>
    <member type="node" ref="286040090" role="platform"/>
    <member type="node" ref="4621576318" role="stop"/>
    <member type="node" ref="1448788222" role="platform"/>
    <member type="way" ref="117367359" role=""/>
    <member type="way" ref="5382631" role=""/>
    <member type="way" ref="1418586006" role=""/>
    <member type="way" ref="1418586004" role=""/>
    <member type="way" ref="1433620447" role=""/>
    <member type="way" ref="1433620448" role=""/>
    <member type="way" ref="1418589430" role=""/>
    <member type="way" ref="26949409" role=""/>
    <member type="way" ref="1418589429" role=""/>
    <member type="way" ref="1259775022" role=""/>
    <member type="way" ref="1259775024" role=""/>
    <member type="way" ref="37066052" role=""/>
    <member type="way" ref="244945041" role=""/>
    <member type="way" ref="426553921" role=""/>
    <member type="way" ref="1215442789" role=""/>
    <member type="way" ref="26138465" role=""/>
    <member type="way" ref="1418587972" role=""/>
    <member type="way" ref="50115382" role=""/>
    <member type="way" ref="426553917" role=""/>
    <member type="way" ref="50115338" role=""/>
    <member type="way" ref="26138479" role=""/>
    <member type="way" ref="26138509" role=""/>
    <member type="way" ref="467550502" role=""/>
    <member type="way" ref="130533061" role=""/>
    <member type="way" ref="23771558" role=""/>
    <member type="way" ref="467550513" role=""/>
    <member type="way" ref="467550511" role=""/>
    <tag k="air_conditioning" v="yes"/>
    <tag k="bicycle" v="yes"/>
    <tag k="blind" v="limited"/>
    <tag k="bus_class:length" v="4;5"/>
    <tag k="charge:all-in-one" v="90 RUB"/>
    <tag k="charge:cards" v="83 RUB"/>
    <tag k="charge:sbp" v="83 RUB"/>
    <tag k="charge:troika" v="75 RUB"/>
    <tag k="charge:troika_qr" v="75 RUB"/>
    <tag k="check_date" v="2023-03-12"/>
    <tag k="colour" v="#c2e6ff"/>
    <tag k="deaf" v="yes"/>
    <tag k="fee" v="yes"/>
    <tag k="fine:ticketless" v="5000 RUB"/>
    <tag k="from" v="Площадь Соловецких Юнг"/>
    <tag k="name" v="Автобус т55: Площадь Соловецких Юнг =&gt; Метро «Первомайская»"/>
    <tag k="name:uk" v="Автобус т55: Площа Соловецьких Юнг =&gt; Метро «Первомайська»"/>
    <tag k="network" v="Московский транспорт"/>
    <tag k="operator" v="ГУП «Мосгортранс»"/>
    <tag k="payment:cards" v="yes"/>
    <tag k="payment:cash" v="no"/>
    <tag k="payment:contactless" v="yes"/>
    <tag k="payment:maestro" v="no"/>
    <tag k="payment:mastercard" v="no"/>
    <tag k="payment:mir" v="yes"/>
    <tag k="payment:nfc" v="yes"/>
    <tag k="payment:podorozhnik" v="no"/>
    <tag k="payment:sbp" v="yes"/>
    <tag k="payment:social_cards" v="yes"/>
    <tag k="payment:strelka" v="no"/>
    <tag k="payment:troika" v="yes"/>
    <tag k="payment:visa" v="no"/>
    <tag k="public_transport:version" v="2"/>
    <tag k="ref" v="т55"/>
    <tag k="route" v="bus"/>
    <tag k="source" v="Реестр маршрутов города Москвы"/>
    <tag k="to" v="Метро «Первомайская»"/>
    <tag k="type" v="route"/>
    <tag k="website" v="https://transport.mos.ru/transport/schedule/route/1713"/>
    <tag k="wheelchair" v="yes"/>
  </relation>
  <relation id="11207135" version="1" timestamp="2020-06-15T20:31:59Z" changeset="86686822" uid="355953" user="Aspid">
    <member type="way" ref="816313671" role="from"/>
    <member type="node" ref="7623936920" role="via"/>
    <member type="way" ref="816313673" role="to"/>
    <tag k="restriction" v="no_left_turn"/>
    <tag k="type" v="restriction"/>
  </relation>
  <relation id="11207139" version="2" timestamp="2024-10-07T20:50:06Z" changeset="157599017" uid="363136" user="neo-plan">
    <member type="way" ref="117367359" role="from"/>
    <member type="node" ref="12233141277" role="via"/>
    <member type="way" ref="117367362" role="to"/>
    <tag k="restriction" v="no_left_turn"/>
    <tag k="type" v="restriction"/>
  </relation>
  <relation id="11207140" version="2" timestamp="2024-10-07T20:50:06Z" changeset="157599017" uid="363136" user="neo-plan">
    <member type="way" ref="5382631" role="from"/>
    <member type="node" ref="12233141277" role="via"/>
    <member type="way" ref="5382631" role="to"/>
    <tag k="restriction" v="no_u_turn"/>
    <tag k="type" v="restriction"/>
  </relation>
  <relation id="11215760" version="1" timestamp="2020-06-18T20:46:37Z" changeset="86841500" uid="355953" user="Aspid">
    <member type="way" ref="14126086" role="from"/>
    <member type="node" ref="666894983" role="via"/>
    <member type="way" ref="817343983" role="to"/>
    <tag k="restriction" v="no_left_turn"/>
    <tag k="type" v="restriction"/>
  </relation>
  <relation id="11215761" version="1" timestamp="2020-06-18T20:46:37Z" changeset="86841500" uid="355953" user="Aspid">
    <member type="way" ref="817343982" role="from"/>
    <member type="node" ref="7633421041" role="via"/>
    <member type="way" ref="817343982" role="to"/>
    <tag k="restriction" v="no_u_turn"/>
    <tag k="type" v="restriction"/>
  </relation>
  <relation id="11215762" version="1" timestamp="2020-06-18T20:46:37Z" changeset="86841500" uid="355953" user="Aspid">
    <member type="way" ref="817343982" role="from"/>
    <member type="node" ref="7633421041" role="via"/>
    <member type="way" ref="817343984" role="to"/>
    <tag k="restriction" v="no_left_turn"/>
    <tag k="type" v="restriction"/>
  </relation>
  <relation id="11215763" version="2" timestamp="2024-08-27T16:45:36Z" changeset="155841621" uid="363136" user="neo-plan">
    <member type="way" ref="817343984" role="from"/>
    <member type="node" ref="7633421041" role="via"/>
    <member type="way" ref="1311569964" role="to"/>
    <tag k="restriction" v="no_left_turn"/>
    <tag k="type" v="restriction"/>
  </relation>
  <relation id="11215764" version="1" timestamp="2020-06-18T20:46:37Z" changeset="86841500" uid="355953" user="Aspid">
    <member type="way" ref="817343984" role="from"/>
    <member type="node" ref="7633421041" role="via"/>
    <member type="way" ref="817343984" role="to"/>
    <tag k="restriction" v="no_u_turn"/>
    <tag k="type" v="restriction"/>
  </relation>
  <relation id="11215765" version="2" timestamp="2024-08-27T16:45:36Z" changeset="155841621" uid="363136" user="neo-plan">
    <member type="way" ref="1311569964" role="from"/>
    <member type="node" ref="7633421041" role="via"/>
    <member type="way" ref="1311569964" role="to"/>
    <tag k="restriction" v="no_u_turn"/>
    <tag k="type" v="restriction"/>
  </relation>
  <relation id="11215766" version="1" timestamp="2020-06-18T20:46:37Z" changeset="86841500" uid="355953" user="Aspid">
    <member type="way" ref="817343982" role="from"/>
    <member type="node" ref="666894983" role="via"/>
    <member type="way" ref="817343982" role="to"/>
    <tag k="restriction" v="no_u_turn"/>
    <tag k="type" v="restriction"/>
  </relation>
  <relation id="15551198" version="1" timestamp="2023-03-03T00:42:18Z" changeset="133232069" uid="2055718" user="Bobropiton">
    <member type="node" ref="1321951400" role="stop"/>
    <member type="node" ref="273096309" role="platform"/>
    <tag k="name" v="Площадь Соловецких Юнг"/>
    <tag k="operator" v="ГУП «Мосгортранс»"/>
    <tag k="public_transport" v="stop_area"/>
    <tag k="type" v="public_transport"/>
  </relation>
  <relation id="15551199" version="1" timestamp="2023-03-03T00:42:18Z" changeset="133232069" uid="2055718" user="Bobropiton">
    <member type="node" ref="4477197619" role="stop"/>
    <member type="node" ref="273096222" role="platform"/>
    <tag k="name" v="Площадь Соловецких Юнг"/>
    <tag k="public_transport" v="stop_area"/>
    <tag k="type" v="public_transport"/>
  </relation>
  <relation id="15551377" version="1" timestamp="2023-03-03T02:21:30Z" changeset="133233404" uid="2055718" user="Bobropiton">
    <member type="node" ref="10705658021" role="stop"/>
    <member type="node" ref="9023500019" role="platform"/>
    <tag k="name" v="Площадь Соловецких Юнг"/>
    <tag k="operator" v="ГУП «Мосгортранс»"/>
    <tag k="public_transport" v="stop_area"/>
    <tag k="type" v="public_transport"/>
  </relation>
  <relation id="15552311" version="67" timestamp="2026-06-19T10:01:05Z" changeset="184307810" uid="2055718" user="Bobropiton">
    <member type="node" ref="7058662988" role="stop"/>
    <member type="node" ref="7021312080" role="platform"/>
    <member type="node" ref="10705642387" role="stop"/>
    <member type="node" ref="6939561295" role="platform"/>
    <member type="node" ref="4621576112" role="stop"/>
    <member type="node" ref="1448788221" role="platform"/>
    <member type="node" ref="4558282943" role="stop"/>
    <member type="node" ref="1448788223" role="platform"/>
    <member type="node" ref="4621576174" role="stop"/>
    <member type="node" ref="297473740" role="platform"/>
    <member type="node" ref="4582170590" role="stop"/>
    <member type="node" ref="4582170595" role="platform"/>
    <member type="node" ref="4707412452" role="stop"/>
    <member type="node" ref="755815127" role="platform"/>
    <member type="node" ref="10705642401" role="stop"/>
    <member type="node" ref="282970806" role="platform"/>
    <member type="node" ref="10705658010" role="stop"/>
    <member type="node" ref="282970807" role="platform"/>
    <member type="node" ref="10705658009" role="stop"/>
    <member type="node" ref="282970808" role="platform"/>
    <member type="node" ref="1321951400" role="stop"/>
    <member type="node" ref="273096309" role="platform"/>
    <member type="node" ref="10705535983" role="stop"/>
    <member type="node" ref="4696293930" role="platform"/>
    <member type="node" ref="10705535986" role="stop"/>
    <member type="node" ref="289765145" role="platform"/>
    <member type="node" ref="10705293685" role="stop"/>
    <member type="node" ref="289765149" role="platform"/>
    <member type="node" ref="10705311320" role="stop"/>
    <member type="node" ref="289765150" role="platform"/>
    <member type="node" ref="10705311357" role="stop"/>
    <member type="node" ref="586502104" role="platform"/>
    <member type="node" ref="10705311355" role="stop"/>
    <member type="node" ref="740412323" role="platform"/>
    <member type="node" ref="10705311353" role="stop"/>
    <member type="node" ref="746696939" role="platform"/>
    <member type="node" ref="10705311351" role="stop"/>
    <member type="node" ref="732059739" role="platform"/>
    <member type="node" ref="10705311349" role="stop"/>
    <member type="node" ref="1475411967" role="platform"/>
    <member type="node" ref="10705311340" role="stop"/>
    <member type="node" ref="1478149018" role="platform"/>
    <member type="node" ref="10705311342" role="stop"/>
    <member type="node" ref="1321839287" role="platform"/>
    <member type="node" ref="10705311338" role="stop"/>
    <member type="node" ref="1478113910" role="platform"/>
    <member type="node" ref="10705311336" role="stop"/>
    <member type="node" ref="760354590" role="platform"/>
    <member type="node" ref="10705311335" role="stop"/>
    <member type="node" ref="1478113913" role="platform"/>
    <member type="node" ref="10705311323" role="stop"/>
    <member type="node" ref="1321606529" role="platform"/>
    <member type="node" ref="10705311322" role="stop"/>
    <member type="node" ref="1321606190" role="platform"/>
    <member type="node" ref="854830468" role="stop"/>
    <member type="node" ref="1321606557" role="platform"/>
    <member type="node" ref="10705311369" role="stop"/>
    <member type="node" ref="1321839760" role="platform"/>
    <member type="node" ref="10705311367" role="stop"/>
    <member type="node" ref="1321838730" role="platform"/>
    <member type="node" ref="10705311365" role="stop"/>
    <member type="node" ref="1321838614" role="platform"/>
    <member type="node" ref="10705311363" role="stop"/>
    <member type="node" ref="1376671988" role="platform"/>
    <member type="node" ref="5019166059" role="stop"/>
    <member type="node" ref="289765151" role="platform"/>
    <member type="node" ref="13031274298" role="stop_exit_only"/>
    <member type="node" ref="13031274299" role="platform_exit_only"/>
    <member type="way" ref="1150941055" role=""/>
    <member type="way" ref="23771514" role=""/>
    <member type="way" ref="83925810" role=""/>
    <member type="way" ref="773627071" role=""/>
    <member type="way" ref="529094685" role=""/>
    <member type="way" ref="524383006" role=""/>
    <member type="way" ref="524383007" role=""/>
    <member type="way" ref="83925809" role=""/>
    <member type="way" ref="1519189306" role=""/>
    <member type="way" ref="71932088" role=""/>
    <member type="way" ref="23771589" role=""/>
    <member type="way" ref="846546709" role=""/>
    <member type="way" ref="434056276" role=""/>
    <member type="way" ref="460151553" role=""/>
    <member type="way" ref="320082363" role=""/>
    <member type="way" ref="846546708" role=""/>
    <member type="way" ref="130533061" role=""/>
    <member type="way" ref="467550502" role=""/>
    <member type="way" ref="26138509" role=""/>
    <member type="way" ref="26138479" role=""/>
    <member type="way" ref="50115338" role=""/>
    <member type="way" ref="426553917" role=""/>
    <member type="way" ref="426553918" role=""/>
    <member type="way" ref="426553920" role=""/>
    <member type="way" ref="462889487" role=""/>
    <member type="way" ref="426553919" role=""/>
    <member type="way" ref="1513859207" role=""/>
    <member type="way" ref="1513859208" role=""/>
    <member type="way" ref="23762496" role=""/>
    <member type="way" ref="53493808" role=""/>
    <member type="way" ref="37066051" role=""/>
    <member type="way" ref="1418589430" role=""/>
    <member type="way" ref="1433620448" role=""/>
    <member type="way" ref="1433620447" role=""/>
    <member type="way" ref="1418586004" role=""/>
    <member type="way" ref="1418586006" role=""/>
    <member type="way" ref="5382631" role=""/>
    <member type="way" ref="117367362" role=""/>
    <member type="way" ref="816313865" role=""/>
    <member type="way" ref="1150829322" role=""/>
    <member type="way" ref="134992107" role=""/>
    <member type="way" ref="134992109" role=""/>
    <member type="way" ref="816313675" role=""/>
    <member type="way" ref="26138351" role=""/>
    <member type="way" ref="816313674" role=""/>
    <member type="way" ref="14126086" role=""/>
    <member type="way" ref="817343982" role=""/>
    <member type="way" ref="1311569964" role=""/>
    <member type="way" ref="817343986" role=""/>
    <member type="way" ref="477375418" role=""/>
    <member type="way" ref="685724417" role=""/>
    <member type="way" ref="685724418" role=""/>
    <member type="way" ref="450813815" role=""/>
    <member type="way" ref="14351700" role=""/>
    <member type="way" ref="1430381880" role=""/>
    <member type="way" ref="93658853" role=""/>
    <member type="way" ref="1313310735" role=""/>
    <member type="way" ref="16077864" role=""/>
    <member type="way" ref="16077800" role=""/>
    <member type="way" ref="438772771" role=""/>
    <member type="way" ref="47117763" role=""/>
    <member type="way" ref="246092552" role=""/>
    <member type="way" ref="301773971" role=""/>
    <member type="way" ref="134799815" role=""/>
    <member type="way" ref="299748853" role=""/>
    <member type="way" ref="299748861" role=""/>
    <member type="way" ref="816976210" role=""/>
    <member type="way" ref="1418348666" role=""/>
    <member type="way" ref="467671082" role=""/>
    <member type="way" ref="1310861333" role=""/>
    <member type="way" ref="493177175" role=""/>
    <member type="way" ref="493177166" role=""/>
    <member type="way" ref="493177171" role=""/>
    <member type="way" ref="493177176" role=""/>
    <member type="way" ref="53348074" role=""/>
    <member type="way" ref="1311262888" role=""/>
    <member type="way" ref="1310861334" role=""/>
    <member type="way" ref="134424386" role=""/>
    <member type="way" ref="1530236701" role=""/>
    <member type="way" ref="1316810354" role=""/>
    <member type="way" ref="1414258468" role=""/>
    <member type="way" ref="1414258469" role=""/>
    <member type="way" ref="134434101" role=""/>
    <member type="way" ref="60957368" role=""/>
    <member type="way" ref="1416409447" role=""/>
    <member type="way" ref="993563486" role=""/>
    <member type="way" ref="1192483581" role=""/>
    <member type="way" ref="1192483580" role=""/>
    <member type="way" ref="1192483582" role=""/>
    <member type="way" ref="1414256038" role=""/>
    <member type="way" ref="134430697" role=""/>
    <member type="way" ref="1416410409" role=""/>
    <member type="way" ref="1412325084" role=""/>
    <member type="way" ref="1412629647" role=""/>
    <member type="way" ref="23772761" role=""/>
    <member type="way" ref="122840692" role=""/>
    <member type="way" ref="134434115" role=""/>
    <member type="way" ref="134121772" role=""/>
    <member type="way" ref="23774838" role=""/>
    <member type="way" ref="47234063" role=""/>
    <member type="way" ref="23774868" role=""/>
    <member type="way" ref="60395232" role=""/>
    <member type="way" ref="84630281" role=""/>
    <member type="way" ref="493168009" role=""/>
    <member type="way" ref="493168033" role=""/>
    <member type="way" ref="493168034" role=""/>
    <member type="way" ref="493168022" role=""/>
    <member type="way" ref="493168023" role=""/>
    <member type="way" ref="493168035" role=""/>
    <member type="way" ref="493168024" role=""/>
    <member type="way" ref="467671081" role=""/>
    <member type="way" ref="1418348903" role=""/>
    <member type="way" ref="467671080" role=""/>
    <member type="way" ref="93653626" role=""/>
    <member type="way" ref="1150804616" role=""/>
    <member type="way" ref="47234058" role=""/>
    <member type="way" ref="1418041045" role=""/>
    <member type="way" ref="1418041052" role=""/>
    <tag k="air_conditioning" v="yes"/>
    <tag k="bicycle" v="yes"/>
    <tag k="blind" v="limited"/>
    <tag k="bus_class:length" v="4"/>
    <tag k="charge:all-in-one" v="90 RUB"/>
    <tag k="charge:cards" v="83 RUB"/>
    <tag k="charge:sbp" v="83 RUB"/>
    <tag k="charge:troika" v="75 RUB"/>
    <tag k="charge:troika_qr" v="75 RUB"/>
    <tag k="check_date" v="2026-06-19"/>
    <tag k="colour" v="#ff9ad2"/>
    <tag k="deaf" v="yes"/>
    <tag k="fee" v="yes"/>
    <tag k="fine:ticketless" v="5000 RUB"/>
    <tag k="from" v="МФЦ «Восточное Измайлово»"/>
    <tag k="name" v="Автобус 557: МФЦ «Восточное Измайлово» =&gt; Уссурийская улица"/>
    <tag k="name:uk" v="Автобус 557: МФЦ &quot;Східне Ізмайлово&quot; =&gt; Уссурійська вулиця"/>
    <tag k="network" v="Московский транспорт"/>
    <tag k="operator" v="ГУП «Мосгортранс»"/>
    <tag k="payment:cards" v="yes"/>
    <tag k="payment:cash" v="no"/>
    <tag k="payment:contactless" v="yes"/>
    <tag k="payment:maestro" v="no"/>
    <tag k="payment:mastercard" v="no"/>
    <tag k="payment:mir" v="yes"/>
    <tag k="payment:nfc" v="yes"/>
    <tag k="payment:podorozhnik" v="no"/>
    <tag k="payment:sbp" v="yes"/>
    <tag k="payment:social_cards" v="yes"/>
    <tag k="payment:strelka" v="no"/>
    <tag k="payment:troika" v="yes"/>
    <tag k="payment:visa" v="no"/>
    <tag k="public_transport:version" v="2"/>
    <tag k="ref" v="557"/>
    <tag k="route" v="bus"/>
    <tag k="source" v="Реестр маршрутов города Москвы"/>
    <tag k="to" v="Уссурийская улица"/>
    <tag k="type" v="route"/>
    <tag k="website" v="https://transport.mos.ru/transport/schedule/route/141508496"/>
    <tag k="wheelchair" v="yes"/>
  </relation>
  <relation id="15552312" version="68" timestamp="2026-06-19T10:01:05Z" changeset="184307810" uid="2055718" user="Bobropiton">
    <member type="node" ref="13031274298" role="stop_entry_only"/>
    <member type="node" ref="13031274299" role="platform_entry_only"/>
    <member type="node" ref="10705311362" role="stop"/>
    <member type="node" ref="1321838451" role="platform"/>
    <member type="node" ref="10705311364" role="stop"/>
    <member type="node" ref="1321839139" role="platform"/>
    <member type="node" ref="10705311366" role="stop"/>
    <member type="node" ref="1321839771" role="platform"/>
    <member type="node" ref="10705311368" role="stop"/>
    <member type="node" ref="1321839897" role="platform"/>
    <member type="node" ref="10705311370" role="stop"/>
    <member type="node" ref="1321839208" role="platform"/>
    <member type="node" ref="10705311321" role="stop"/>
    <member type="node" ref="1478113916" role="platform"/>
    <member type="node" ref="10705311324" role="stop"/>
    <member type="node" ref="1478113915" role="platform"/>
    <member type="node" ref="257572833" role="stop"/>
    <member type="node" ref="1478113914" role="platform"/>
    <member type="node" ref="10705311329" role="stop"/>
    <member type="node" ref="10705311330" role="platform"/>
    <member type="node" ref="10705311337" role="stop"/>
    <member type="node" ref="1478113918" role="platform"/>
    <member type="node" ref="10705311343" role="stop"/>
    <member type="node" ref="1321839405" role="platform"/>
    <member type="node" ref="10705311341" role="stop"/>
    <member type="node" ref="1321839265" role="platform"/>
    <member type="node" ref="10705311339" role="stop"/>
    <member type="node" ref="293487235" role="platform"/>
    <member type="node" ref="10705311350" role="stop"/>
    <member type="node" ref="1475411965" role="platform"/>
    <member type="node" ref="10705311352" role="stop"/>
    <member type="node" ref="1475411918" role="platform"/>
    <member type="node" ref="10705311354" role="stop"/>
    <member type="node" ref="747819702" role="platform"/>
    <member type="node" ref="10705311356" role="stop"/>
    <member type="node" ref="740411971" role="platform"/>
    <member type="node" ref="10705311360" role="stop"/>
    <member type="node" ref="586496473" role="platform"/>
    <member type="node" ref="10705311361" role="stop"/>
    <member type="node" ref="586496099" role="platform"/>
    <member type="node" ref="10705311319" role="stop"/>
    <member type="node" ref="586487373" role="platform"/>
    <member type="node" ref="10705293684" role="stop"/>
    <member type="node" ref="289765148" role="platform"/>
    <member type="node" ref="10705535985" role="stop"/>
    <member type="node" ref="1121331348" role="platform"/>
    <member type="node" ref="10705535984" role="stop"/>
    <member type="node" ref="292160802" role="platform"/>
    <member type="node" ref="4477197619" role="stop"/>
    <member type="node" ref="273096222" role="platform"/>
    <member type="node" ref="10705658008" role="stop"/>
    <member type="node" ref="286040081" role="platform"/>
    <member type="node" ref="10705658007" role="stop"/>
    <member type="node" ref="283812491" role="platform"/>
    <member type="node" ref="10705642400" role="stop"/>
    <member type="node" ref="293799189" role="platform"/>
    <member type="node" ref="11405361476" role="stop"/>
    <member type="node" ref="11405361477" role="platform"/>
    <member type="node" ref="10705642385" role="stop"/>
    <member type="node" ref="10705642386" role="platform"/>
    <member type="node" ref="4621576180" role="stop"/>
    <member type="node" ref="286040090" role="platform"/>
    <member type="node" ref="4621576317" role="stop"/>
    <member type="node" ref="3671569125" role="platform"/>
    <member type="node" ref="7061533906" role="stop"/>
    <member type="node" ref="7061533907" role="platform"/>
    <member type="node" ref="7058662986" role="stop"/>
    <member type="node" ref="7058662987" role="platform"/>
    <member type="node" ref="7058662988" role="stop"/>
    <member type="node" ref="7021312080" role="platform"/>
    <member type="way" ref="93653629" role=""/>
    <member type="way" ref="134434110" role=""/>
    <member type="way" ref="467671079" role=""/>
    <member type="way" ref="1419036087" role=""/>
    <member type="way" ref="467671082" role=""/>
    <member type="way" ref="467671081" role=""/>
    <member type="way" ref="493168024" role=""/>
    <member type="way" ref="493168035" role=""/>
    <member type="way" ref="493168023" role=""/>
    <member type="way" ref="493168022" role=""/>
    <member type="way" ref="493168034" role=""/>
    <member type="way" ref="493168033" role=""/>
    <member type="way" ref="493168009" role=""/>
    <member type="way" ref="84630281" role=""/>
    <member type="way" ref="60395232" role=""/>
    <member type="way" ref="60395225" role=""/>
    <member type="way" ref="123071565" role=""/>
    <member type="way" ref="23772724" role=""/>
    <member type="way" ref="122840692" role=""/>
    <member type="way" ref="23772761" role=""/>
    <member type="way" ref="1412629647" role=""/>
    <member type="way" ref="1412325084" role=""/>
    <member type="way" ref="1416410409" role=""/>
    <member type="way" ref="134430697" role=""/>
    <member type="way" ref="1414256038" role=""/>
    <member type="way" ref="1192483582" role=""/>
    <member type="way" ref="1192483580" role=""/>
    <member type="way" ref="1192483581" role=""/>
    <member type="way" ref="993563486" role=""/>
    <member type="way" ref="1416409447" role=""/>
    <member type="way" ref="60957368" role=""/>
    <member type="way" ref="134434101" role=""/>
    <member type="way" ref="1414258469" role=""/>
    <member type="way" ref="1414258468" role=""/>
    <member type="way" ref="1316810354" role=""/>
    <member type="way" ref="1530236701" role=""/>
    <member type="way" ref="134424386" role=""/>
    <member type="way" ref="1310861334" role=""/>
    <member type="way" ref="1311262888" role=""/>
    <member type="way" ref="53348074" role=""/>
    <member type="way" ref="493177176" role=""/>
    <member type="way" ref="493177171" role=""/>
    <member type="way" ref="493177166" role=""/>
    <member type="way" ref="493177175" role=""/>
    <member type="way" ref="1310861333" role=""/>
    <member type="way" ref="1311569952" role=""/>
    <member type="way" ref="93653620" role=""/>
    <member type="way" ref="299748856" role=""/>
    <member type="way" ref="1419036346" role=""/>
    <member type="way" ref="1418343379" role=""/>
    <member type="way" ref="134799814" role=""/>
    <member type="way" ref="134799816" role=""/>
    <member type="way" ref="1418343382" role=""/>
    <member type="way" ref="301773970" role=""/>
    <member type="way" ref="160010778" role=""/>
    <member type="way" ref="1311569954" role=""/>
    <member type="way" ref="246092553" role=""/>
    <member type="way" ref="481560058" role=""/>
    <member type="way" ref="16077829" role=""/>
    <member type="way" ref="14351796" role=""/>
    <member type="way" ref="1311569963" role=""/>
    <member type="way" ref="450813816" role=""/>
    <member type="way" ref="47117765" role=""/>
    <member type="way" ref="685724418" role=""/>
    <member type="way" ref="685724417" role=""/>
    <member type="way" ref="477375418" role=""/>
    <member type="way" ref="817343986" role=""/>
    <member type="way" ref="1311569964" role=""/>
    <member type="way" ref="817343982" role=""/>
    <member type="way" ref="817343983" role=""/>
    <member type="way" ref="817343987" role=""/>
    <member type="way" ref="450813819" role=""/>
    <member type="way" ref="117367359" role=""/>
    <member type="way" ref="5382631" role=""/>
    <member type="way" ref="1418586006" role=""/>
    <member type="way" ref="1418586004" role=""/>
    <member type="way" ref="1433620447" role=""/>
    <member type="way" ref="1433620448" role=""/>
    <member type="way" ref="1418589430" role=""/>
    <member type="way" ref="26949409" role=""/>
    <member type="way" ref="1418589429" role=""/>
    <member type="way" ref="1259775022" role=""/>
    <member type="way" ref="1259775024" role=""/>
    <member type="way" ref="37066052" role=""/>
    <member type="way" ref="53493811" role=""/>
    <member type="way" ref="23762496" role=""/>
    <member type="way" ref="1513859208" role=""/>
    <member type="way" ref="1513859207" role=""/>
    <member type="way" ref="426553919" role=""/>
    <member type="way" ref="462889487" role=""/>
    <member type="way" ref="426553920" role=""/>
    <member type="way" ref="426553918" role=""/>
    <member type="way" ref="426553917" role=""/>
    <member type="way" ref="50115338" role=""/>
    <member type="way" ref="26138479" role=""/>
    <member type="way" ref="26138509" role=""/>
    <member type="way" ref="467550502" role=""/>
    <member type="way" ref="130533061" role=""/>
    <member type="way" ref="23771558" role=""/>
    <member type="way" ref="467550513" role=""/>
    <member type="way" ref="467550511" role=""/>
    <member type="way" ref="467550510" role=""/>
    <member type="way" ref="426552523" role=""/>
    <member type="way" ref="71932088" role=""/>
    <member type="way" ref="529094684" role=""/>
    <member type="way" ref="529094687" role=""/>
    <member type="way" ref="71932089" role=""/>
    <member type="way" ref="491644008" role=""/>
    <member type="way" ref="491644009" role=""/>
    <member type="way" ref="487124937" role=""/>
    <member type="way" ref="1062200570" role=""/>
    <member type="way" ref="20639798" role=""/>
    <member type="way" ref="755707230" role=""/>
    <tag k="air_conditioning" v="yes"/>
    <tag k="bicycle" v="yes"/>
    <tag k="blind" v="limited"/>
    <tag k="bus_class:length" v="4"/>
    <tag k="charge:all-in-one" v="90 RUB"/>
    <tag k="charge:cards" v="83 RUB"/>
    <tag k="charge:sbp" v="83 RUB"/>
    <tag k="charge:troika" v="75 RUB"/>
    <tag k="charge:troika_qr" v="75 RUB"/>
    <tag k="check_date" v="2026-06-19"/>
    <tag k="colour" v="#ff9ad2"/>
    <tag k="deaf" v="yes"/>
    <tag k="fee" v="yes"/>
    <tag k="fine:ticketless" v="5000 RUB"/>
    <tag k="from" v="Уссурийская улица"/>
    <tag k="name" v="Автобус 557: Уссурийская улица =&gt; МФЦ «Восточное Измайлово»"/>
    <tag k="name:uk" v="Автобус 557: Уссурійська вулиця =&gt; МФЦ &quot;Східне Ізмайлово&quot;"/>
    <tag k="network" v="Московский транспорт"/>
    <tag k="operator" v="ГУП «Мосгортранс»"/>
    <tag k="payment:cards" v="yes"/>
    <tag k="payment:cash" v="no"/>
    <tag k="payment:contactless" v="yes"/>
    <tag k="payment:maestro" v="no"/>
    <tag k="payment:mastercard" v="no"/>
    <tag k="payment:mir" v="yes"/>
    <tag k="payment:nfc" v="yes"/>
    <tag k="payment:podorozhnik" v="no"/>
    <tag k="payment:sbp" v="yes"/>
    <tag k="payment:social_cards" v="yes"/>
    <tag k="payment:strelka" v="no"/>
    <tag k="payment:troika" v="yes"/>
    <tag k="payment:visa" v="no"/>
    <tag k="public_transport:version" v="2"/>
    <tag k="ref" v="557"/>
    <tag k="route" v="bus"/>
    <tag k="source" v="Реестр маршрутов города Москвы"/>
    <tag k="to" v="МФЦ «Восточное Измайлово»"/>
    <tag k="type" v="route"/>
    <tag k="website" v="https://transport.mos.ru/transport/schedule/route/141508496"/>
    <tag k="wheelchair" v="yes"/>
  </relation>
  <relation id="15686951" version="78" timestamp="2026-06-24T12:52:30Z" changeset="184522387" uid="23926472" user="Максим Баранаускас">
    <member type="node" ref="4477197619" role="stop_entry_only"/>
    <member type="node" ref="273096222" role="platform_entry_only"/>
    <member type="node" ref="10705658008" role="stop"/>
    <member type="node" ref="286040081" role="platform"/>
    <member type="node" ref="10705658006" role="stop"/>
    <member type="node" ref="742113630" role="platform"/>
    <member type="node" ref="10705658005" role="stop"/>
    <member type="node" ref="742113633" role="platform"/>
    <member type="node" ref="10705642402" role="stop"/>
    <member type="node" ref="742113619" role="platform"/>
    <member type="node" ref="359068945" role="stop"/>
    <member type="node" ref="472577606" role="platform"/>
    <member type="node" ref="2938310012" role="stop"/>
    <member type="node" ref="472577602" role="platform"/>
    <member type="node" ref="4477197615" role="stop"/>
    <member type="node" ref="2218406250" role="platform"/>
    <member type="node" ref="4967121376" role="stop"/>
    <member type="node" ref="4967121378" role="platform"/>
    <member type="node" ref="10704253610" role="stop"/>
    <member type="node" ref="684722971" role="platform"/>
    <member type="node" ref="10704253609" role="stop"/>
    <member type="node" ref="673952596" role="platform"/>
    <member type="node" ref="10704253608" role="stop"/>
    <member type="node" ref="510122027" role="platform"/>
    <member type="node" ref="10704253607" role="stop"/>
    <member type="node" ref="6381602576" role="platform"/>
    <member type="node" ref="10704253606" role="stop"/>
    <member type="node" ref="286308400" role="platform"/>
    <member type="node" ref="10704253605" role="stop"/>
    <member type="node" ref="286311525" role="platform"/>
    <member type="node" ref="4477197612" role="stop"/>
    <member type="node" ref="286311520" role="platform"/>
    <member type="node" ref="10704253619" role="stop"/>
    <member type="node" ref="510122029" role="platform"/>
    <member type="node" ref="10704253617" role="stop"/>
    <member type="node" ref="510122030" role="platform"/>
    <member type="node" ref="10704253615" role="stop"/>
    <member type="node" ref="510122031" role="platform"/>
    <member type="node" ref="10704253613" role="stop"/>
    <member type="node" ref="684722956" role="platform"/>
    <member type="node" ref="10704243504" role="stop"/>
    <member type="node" ref="288329106" role="platform"/>
    <member type="node" ref="1373930823" role="stop"/>
    <member type="node" ref="1373930826" role="platform"/>
    <member type="node" ref="10702681745" role="stop"/>
    <member type="node" ref="2218406252" role="platform"/>
    <member type="node" ref="1384954503" role="stop"/>
    <member type="node" ref="1041075237" role="platform"/>
    <member type="node" ref="1384954517" role="stop"/>
    <member type="node" ref="1041076204" role="platform"/>
    <member type="node" ref="1384954483" role="stop"/>
    <member type="node" ref="1384954488" role="platform"/>
    <member type="node" ref="10704072292" role="stop"/>
    <member type="node" ref="1073098479" role="platform"/>
    <member type="node" ref="10703241130" role="stop"/>
    <member type="node" ref="620581587" role="platform"/>
    <member type="node" ref="10703241129" role="stop"/>
    <member type="node" ref="1463920943" role="platform"/>
    <member type="node" ref="10703241126" role="stop"/>
    <member type="node" ref="1245294265" role="platform"/>
    <member type="node" ref="13145540784" role="stop"/>
    <member type="node" ref="13145540718" role="platform"/>
    <member type="node" ref="13134374144" role="stop"/>
    <member type="node" ref="13125509280" role="platform"/>
    <member type="node" ref="12401657675" role="stop"/>
    <member type="node" ref="11090791062" role="platform"/>
    <member type="node" ref="13879013061" role="stop"/>
    <member type="node" ref="13879013062" role="platform"/>
    <member type="node" ref="4261845471" role="stop"/>
    <member type="node" ref="1485851466" role="platform"/>
    <member type="node" ref="4203448053" role="stop"/>
    <member type="node" ref="2509793662" role="platform"/>
    <member type="node" ref="59842920" role="stop"/>
    <member type="node" ref="4203448049" role="platform"/>
    <member type="node" ref="6074586992" role="stop"/>
    <member type="node" ref="6074586996" role="platform"/>
    <member type="node" ref="5152813894" role="stop_exit_only"/>
    <member type="node" ref="5152813895" role="platform_exit_only"/>
    <member type="way" ref="117367359" role=""/>
    <member type="way" ref="5382631" role=""/>
    <member type="way" ref="1418586006" role=""/>
    <member type="way" ref="1418586004" role=""/>
    <member type="way" ref="1433620447" role=""/>
    <member type="way" ref="1433620448" role=""/>
    <member type="way" ref="1418589430" role=""/>
    <member type="way" ref="26949409" role=""/>
    <member type="way" ref="1418589429" role=""/>
    <member type="way" ref="528894626" role=""/>
    <member type="way" ref="615720094" role=""/>
    <member type="way" ref="1030605649" role=""/>
    <member type="way" ref="1474042242" role=""/>
    <member type="way" ref="615720099" role=""/>
    <member type="way" ref="26949414" role=""/>
    <member type="way" ref="12109078" role=""/>
    <member type="way" ref="47098553" role=""/>
    <member type="way" ref="47098535" role=""/>
    <member type="way" ref="1217311117" role=""/>
    <member type="way" ref="290278242" role=""/>
    <member type="way" ref="527042794" role=""/>
    <member type="way" ref="290278239" role=""/>
    <member type="way" ref="1172262695" role=""/>
    <member type="way" ref="1172262694" role=""/>
    <member type="way" ref="32013163" role=""/>
    <member type="way" ref="8105511" role=""/>
    <member type="way" ref="1151625368" role=""/>
    <member type="way" ref="462889500" role=""/>
    <member type="way" ref="79082668" role=""/>
    <member type="way" ref="442775065" role=""/>
    <member type="way" ref="335936933" role=""/>
    <member type="way" ref="79082670" role=""/>
    <member type="way" ref="1217311116" role=""/>
    <member type="way" ref="1150976633" role=""/>
    <member type="way" ref="47098544" role=""/>
    <member type="way" ref="1150976629" role=""/>
    <member type="way" ref="47098540" role=""/>
    <member type="way" ref="439655197" role=""/>
    <member type="way" ref="442738509" role=""/>
    <member type="way" ref="335737678" role=""/>
    <member type="way" ref="335737634" role=""/>
    <member type="way" ref="496890030" role=""/>
    <member type="way" ref="496890029" role=""/>
    <member type="way" ref="32930217" role=""/>
    <member type="way" ref="32930215" role=""/>
    <member type="way" ref="235057757" role=""/>
    <member type="way" ref="45191113" role=""/>
    <member type="way" ref="1516692566" role=""/>
    <member type="way" ref="1198440727" role=""/>
    <member type="way" ref="1196131659" role=""/>
    <member type="way" ref="42093700" role=""/>
    <member type="way" ref="80512587" role=""/>
    <member type="way" ref="80512581" role=""/>
    <member type="way" ref="80512583" role=""/>
    <member type="way" ref="80512592" role=""/>
    <member type="way" ref="388933873" role=""/>
    <member type="way" ref="51728973" role=""/>
    <member type="way" ref="388933876" role=""/>
    <member type="way" ref="388933875" role=""/>
    <member type="way" ref="48276004" role=""/>
    <member type="way" ref="165542730" role=""/>
    <member type="way" ref="165542733" role=""/>
    <member type="way" ref="165542731" role=""/>
    <member type="way" ref="747193853" role=""/>
    <member type="way" ref="176075871" role=""/>
    <member type="way" ref="176075870" role=""/>
    <member type="way" ref="123459644" role=""/>
    <member type="way" ref="165542758" role=""/>
    <member type="way" ref="176075885" role=""/>
    <member type="way" ref="126463259" role=""/>
    <member type="way" ref="425563005" role=""/>
    <member type="way" ref="176075886" role=""/>
    <member type="way" ref="1211777338" role=""/>
    <member type="way" ref="1211777337" role=""/>
    <member type="way" ref="89183510" role=""/>
    <member type="way" ref="1211862000" role=""/>
    <member type="way" ref="1211861999" role=""/>
    <member type="way" ref="1150863983" role=""/>
    <member type="way" ref="1531925148" role=""/>
    <member type="way" ref="424046506" role=""/>
    <member type="way" ref="1411071548" role=""/>
    <member type="way" ref="761482978" role=""/>
    <member type="way" ref="1150689276" role=""/>
    <member type="way" ref="48649340" role=""/>
    <member type="way" ref="1150533798" role=""/>
    <member type="way" ref="133735871" role=""/>
    <member type="way" ref="1150490371" role=""/>
    <member type="way" ref="55942798" role=""/>
    <member type="way" ref="8118468" role=""/>
    <member type="way" ref="1518643893" role=""/>
    <member type="way" ref="83008406" role=""/>
    <member type="way" ref="133037028" role=""/>
    <member type="way" ref="1530375225" role=""/>
    <member type="way" ref="352519981" role=""/>
    <member type="way" ref="573724109" role=""/>
    <member type="way" ref="570746240" role=""/>
    <member type="way" ref="8118457" role=""/>
    <member type="way" ref="45791145" role=""/>
    <member type="way" ref="864762903" role=""/>
    <member type="way" ref="44952166" role=""/>
    <member type="way" ref="1249296638" role=""/>
    <member type="way" ref="1249296637" role=""/>
    <member type="way" ref="1249296636" role=""/>
    <member type="way" ref="301160865" role=""/>
    <member type="way" ref="301160866" role=""/>
    <member type="way" ref="301160867" role=""/>
    <member type="way" ref="1249296635" role=""/>
    <member type="way" ref="1249296633" role=""/>
    <member type="way" ref="1430068548" role=""/>
    <member type="way" ref="1430068550" role=""/>
    <member type="way" ref="1430068545" role=""/>
    <member type="way" ref="1430068543" role=""/>
    <member type="way" ref="1430068542" role=""/>
    <member type="way" ref="1430068540" role=""/>
    <member type="way" ref="1432358991" role=""/>
    <member type="way" ref="1427757263" role=""/>
    <member type="way" ref="1194894521" role=""/>
    <member type="way" ref="1195042414" role=""/>
    <member type="way" ref="1194894520" role=""/>
    <member type="way" ref="1379201172" role=""/>
    <member type="way" ref="1434414729" role=""/>
    <member type="way" ref="761339329" role=""/>
    <member type="way" ref="1434414730" role=""/>
    <member type="way" ref="462956230" role=""/>
    <member type="way" ref="45791027" role=""/>
    <member type="way" ref="428452398" role=""/>
    <member type="way" ref="1232805364" role=""/>
    <member type="way" ref="1232805363" role=""/>
    <member type="way" ref="1232805362" role=""/>
    <member type="way" ref="1232805361" role=""/>
    <member type="way" ref="1232805360" role=""/>
    <member type="way" ref="1232805359" role=""/>
    <member type="way" ref="27264789" role=""/>
    <member type="way" ref="765431425" role=""/>
    <member type="way" ref="9562803" role=""/>
    <member type="way" ref="1392323304" role=""/>
    <member type="way" ref="80217852" role=""/>
    <member type="way" ref="84039105" role=""/>
    <member type="way" ref="1392322571" role=""/>
    <member type="way" ref="586498057" role=""/>
    <member type="way" ref="586498056" role=""/>
    <member type="way" ref="43565416" role=""/>
    <member type="way" ref="1392324140" role=""/>
    <member type="way" ref="43565415" role=""/>
    <member type="way" ref="179980293" role=""/>
    <member type="way" ref="415084206" role=""/>
    <member type="way" ref="1413223307" role=""/>
    <member type="way" ref="179980292" role=""/>
    <member type="way" ref="80217851" role=""/>
    <member type="way" ref="1392324138" role=""/>
    <member type="way" ref="542090313" role=""/>
    <member type="way" ref="668245383" role=""/>
    <member type="way" ref="530685353" role=""/>
    <member type="way" ref="1151034691" role=""/>
    <member type="way" ref="542090311" role=""/>
    <member type="way" ref="530685351" role=""/>
    <member type="way" ref="1006265304" role=""/>
    <member type="way" ref="1150727611" role=""/>
    <member type="way" ref="666431585" role=""/>
    <member type="way" ref="5169713" role=""/>
    <member type="way" ref="672975913" role=""/>
    <member type="way" ref="672975918" role=""/>
    <member type="way" ref="672975915" role=""/>
    <member type="way" ref="33970159" role=""/>
    <member type="way" ref="224422614" role=""/>
    <member type="way" ref="1458863886" role=""/>
    <member type="way" ref="532405427" role=""/>
    <member type="way" ref="530705743" role=""/>
    <tag k="air_conditioning" v="yes"/>
    <tag k="bicycle" v="yes"/>
    <tag k="blind" v="limited"/>
    <tag k="bus_class:length" v="4"/>
    <tag k="by_night" v="only"/>
    <tag k="charge:all-in-one" v="90 RUB"/>
    <tag k="charge:cards" v="83 RUB"/>
    <tag k="charge:sbp" v="83 RUB"/>
    <tag k="charge:troika" v="75 RUB"/>
    <tag k="charge:troika_qr" v="75 RUB"/>
    <tag k="check_date" v="2026-05-25"/>
    <tag k="colour" v="#1f1051"/>
    <tag k="deaf" v="yes"/>
    <tag k="fee" v="yes"/>
    <tag k="fine:ticketless" v="5000 RUB"/>
    <tag k="from" v="Площадь Соловецких Юнг"/>
    <tag k="name" v="Ночной автобус н15: Площадь Соловецких Юнг =&gt; Метро «Китай-город»"/>
    <tag k="network" v="Московский транспорт"/>
    <tag k="operator" v="ГУП «Мосгортранс»"/>
    <tag k="payment:cards" v="yes"/>
    <tag k="payment:cash" v="no"/>
    <tag k="payment:contactless" v="yes"/>
    <tag k="payment:maestro" v="no"/>
    <tag k="payment:mastercard" v="no"/>
    <tag k="payment:mir" v="yes"/>
    <tag k="payment:nfc" v="yes"/>
    <tag k="payment:podorozhnik" v="no"/>
    <tag k="payment:sbp" v="yes"/>
    <tag k="payment:social_cards" v="yes"/>
    <tag k="payment:strelka" v="no"/>
    <tag k="payment:troika" v="yes"/>
    <tag k="payment:visa" v="no"/>
    <tag k="public_transport:version" v="2"/>
    <tag k="ref" v="н15"/>
    <tag k="route" v="bus"/>
    <tag k="source" v="Реестр маршрутов города Москвы"/>
    <tag k="to" v="Метро «Китай-город»"/>
    <tag k="type" v="route"/>
    <tag k="website" v="https://transport.mos.ru/transport/schedule/route/141509150"/>
    <tag k="wheelchair" v="yes"/>
  </relation>
  <relation id="15686952" version="62" timestamp="2026-05-25T21:37:19Z" changeset="183178509" uid="2055718" user="Bobropiton">
    <member type="node" ref="5152813894" role="stop_entry_only"/>
    <member type="node" ref="5152813895" role="platform_entry_only"/>
    <member type="node" ref="10707555482" role="stop"/>
    <member type="node" ref="3336312824" role="platform"/>
    <member type="node" ref="3048753690" role="stop"/>
    <member type="node" ref="2505569421" role="platform"/>
    <member type="node" ref="3048753692" role="stop"/>
    <member type="node" ref="3048754314" role="platform"/>
    <member type="node" ref="3048754297" role="stop"/>
    <member type="node" ref="2196651600" role="platform"/>
    <member type="node" ref="3048754309" role="stop"/>
    <member type="node" ref="2196651650" role="platform"/>
    <member type="node" ref="2407376766" role="stop"/>
    <member type="node" ref="2386754551" role="platform"/>
    <member type="node" ref="2407376731" role="stop"/>
    <member type="node" ref="2386770965" role="platform"/>
    <member type="node" ref="10704541551" role="stop"/>
    <member type="node" ref="10704541552" role="platform"/>
    <member type="node" ref="10700011414" role="stop"/>
    <member type="node" ref="7890819157" role="platform"/>
    <member type="node" ref="13145540719" role="stop"/>
    <member type="node" ref="13125509281" role="platform"/>
    <member type="node" ref="13145540782" role="stop"/>
    <member type="node" ref="13145540717" role="platform"/>
    <member type="node" ref="10703241124" role="stop"/>
    <member type="node" ref="1463920944" role="platform"/>
    <member type="node" ref="10703241127" role="stop"/>
    <member type="node" ref="2218406248" role="platform"/>
    <member type="node" ref="10703241128" role="stop"/>
    <member type="node" ref="1463920941" role="platform"/>
    <member type="node" ref="3599958538" role="stop"/>
    <member type="node" ref="12265898267" role="platform"/>
    <member type="node" ref="1370928724" role="stop"/>
    <member type="node" ref="1073098477" role="platform"/>
    <member type="node" ref="1370928622" role="stop"/>
    <member type="node" ref="1370928619" role="platform"/>
    <member type="node" ref="1370928748" role="stop"/>
    <member type="node" ref="1041076208" role="platform"/>
    <member type="node" ref="1370928646" role="stop"/>
    <member type="node" ref="1041075231" role="platform"/>
    <member type="node" ref="10704253612" role="stop"/>
    <member type="node" ref="2218406251" role="platform"/>
    <member type="node" ref="654015724" role="stop"/>
    <member type="node" ref="288329109" role="platform"/>
    <member type="node" ref="10704253614" role="stop"/>
    <member type="node" ref="727898050" role="platform"/>
    <member type="node" ref="10704253616" role="stop"/>
    <member type="node" ref="676626827" role="platform"/>
    <member type="node" ref="10704253618" role="stop"/>
    <member type="node" ref="288329139" role="platform"/>
    <member type="node" ref="10704253620" role="stop"/>
    <member type="node" ref="288329141" role="platform"/>
    <member type="node" ref="10704253621" role="stop"/>
    <member type="node" ref="4219098297" role="platform"/>
    <member type="node" ref="10704253622" role="stop"/>
    <member type="node" ref="288329143" role="platform"/>
    <member type="node" ref="10704253623" role="stop"/>
    <member type="node" ref="288329146" role="platform"/>
    <member type="node" ref="10704253624" role="stop"/>
    <member type="node" ref="294948390" role="platform"/>
    <member type="node" ref="10704253625" role="stop"/>
    <member type="node" ref="294948392" role="platform"/>
    <member type="node" ref="10704253626" role="stop"/>
    <member type="node" ref="288329149" role="platform"/>
    <member type="node" ref="10704253627" role="stop"/>
    <member type="node" ref="294948394" role="platform"/>
    <member type="node" ref="4558545123" role="stop"/>
    <member type="node" ref="294948396" role="platform"/>
    <member type="node" ref="3787745256" role="stop"/>
    <member type="node" ref="3294984717" role="platform"/>
    <member type="node" ref="1071420396" role="stop"/>
    <member type="node" ref="472577604" role="platform"/>
    <member type="node" ref="288329151" role="stop"/>
    <member type="node" ref="472577605" role="platform"/>
    <member type="node" ref="10705642403" role="stop"/>
    <member type="node" ref="287395608" role="platform"/>
    <member type="node" ref="10705642404" role="stop"/>
    <member type="node" ref="287395611" role="platform"/>
    <member type="node" ref="10705658010" role="stop"/>
    <member type="node" ref="282970807" role="platform"/>
    <member type="node" ref="10705658009" role="stop"/>
    <member type="node" ref="282970808" role="platform"/>
    <member type="node" ref="1321951400" role="stop_exit_only"/>
    <member type="node" ref="273096309" role="platform_exit_only"/>
    <member type="way" ref="532405428" role=""/>
    <member type="way" ref="530714696" role=""/>
    <member type="way" ref="668688358" role=""/>
    <member type="way" ref="243106076" role=""/>
    <member type="way" ref="1176296438" role=""/>
    <member type="way" ref="750547119" role=""/>
    <member type="way" ref="8810476" role=""/>
    <member type="way" ref="292411257" role=""/>
    <member type="way" ref="292411258" role=""/>
    <member type="way" ref="300644951" role=""/>
    <member type="way" ref="179949942" role=""/>
    <member type="way" ref="8810893" role=""/>
    <member type="way" ref="300644939" role=""/>
    <member type="way" ref="81443652" role=""/>
    <member type="way" ref="47994626" role=""/>
    <member type="way" ref="677779381" role=""/>
    <member type="way" ref="292411259" role=""/>
    <member type="way" ref="209448001" role=""/>
    <member type="way" ref="23633105" role=""/>
    <member type="way" ref="239564409" role=""/>
    <member type="way" ref="141797545" role=""/>
    <member type="way" ref="27089729" role=""/>
    <member type="way" ref="867841272" role=""/>
    <member type="way" ref="452110028" role=""/>
    <member type="way" ref="452110027" role=""/>
    <member type="way" ref="867841271" role=""/>
    <member type="way" ref="189820377" role=""/>
    <member type="way" ref="113778095" role=""/>
    <member type="way" ref="761339331" role=""/>
    <member type="way" ref="45791027" role=""/>
    <member type="way" ref="462956230" role=""/>
    <member type="way" ref="1231367029" role=""/>
    <member type="way" ref="1434414731" role=""/>
    <member type="way" ref="1434414728" role=""/>
    <member type="way" ref="1194894529" role=""/>
    <member type="way" ref="1379201170" role=""/>
    <member type="way" ref="1194894534" role=""/>
    <member type="way" ref="1379201174" role=""/>
    <member type="way" ref="1194894513" role=""/>
    <member type="way" ref="48246158" role=""/>
    <member type="way" ref="1194894521" role=""/>
    <member type="way" ref="835828305" role=""/>
    <member type="way" ref="1434172678" role=""/>
    <member type="way" ref="701292323" role=""/>
    <member type="way" ref="1430068533" role=""/>
    <member type="way" ref="1430068535" role=""/>
    <member type="way" ref="1430068546" role=""/>
    <member type="way" ref="1430068532" role=""/>
    <member type="way" ref="1430068534" role=""/>
    <member type="way" ref="1430068542" role=""/>
    <member type="way" ref="1430068543" role=""/>
    <member type="way" ref="1430068545" role=""/>
    <member type="way" ref="1430068549" role=""/>
    <member type="way" ref="1431650106" role=""/>
    <member type="way" ref="1430068547" role=""/>
    <member type="way" ref="1233066209" role=""/>
    <member type="way" ref="8110141" role=""/>
    <member type="way" ref="1233066208" role=""/>
    <member type="way" ref="1046808287" role=""/>
    <member type="way" ref="681051252" role=""/>
    <member type="way" ref="1431650107" role=""/>
    <member type="way" ref="1178327745" role=""/>
    <member type="way" ref="1178327746" role=""/>
    <member type="way" ref="1233066207" role=""/>
    <member type="way" ref="1233066206" role=""/>
    <member type="way" ref="1233066202" role=""/>
    <member type="way" ref="33814283" role=""/>
    <member type="way" ref="570747719" role=""/>
    <member type="way" ref="8110201" role=""/>
    <member type="way" ref="45878756" role=""/>
    <member type="way" ref="44952168" role=""/>
    <member type="way" ref="352519977" role=""/>
    <member type="way" ref="1430212428" role=""/>
    <member type="way" ref="352519980" role=""/>
    <member type="way" ref="133037026" role=""/>
    <member type="way" ref="8110502" role=""/>
    <member type="way" ref="1150533799" role=""/>
    <member type="way" ref="126463250" role=""/>
    <member type="way" ref="1150689275" role=""/>
    <member type="way" ref="1419034047" role=""/>
    <member type="way" ref="165542757" role=""/>
    <member type="way" ref="862318053" role=""/>
    <member type="way" ref="1419034045" role=""/>
    <member type="way" ref="1211777334" role=""/>
    <member type="way" ref="1419034042" role=""/>
    <member type="way" ref="424046505" role=""/>
    <member type="way" ref="1211777339" role=""/>
    <member type="way" ref="1211777336" role=""/>
    <member type="way" ref="1292117102" role=""/>
    <member type="way" ref="424046503" role=""/>
    <member type="way" ref="1211777335" role=""/>
    <member type="way" ref="425563006" role=""/>
    <member type="way" ref="290605028" role=""/>
    <member type="way" ref="8110505" role=""/>
    <member type="way" ref="176075868" role=""/>
    <member type="way" ref="165542732" role=""/>
    <member type="way" ref="126463247" role=""/>
    <member type="way" ref="1516692567" role=""/>
    <member type="way" ref="1083420426" role=""/>
    <member type="way" ref="1516692568" role=""/>
    <member type="way" ref="48582204" role=""/>
    <member type="way" ref="1516692570" role=""/>
    <member type="way" ref="45040514" role=""/>
    <member type="way" ref="9478080" role=""/>
    <member type="way" ref="124839443" role=""/>
    <member type="way" ref="388933874" role=""/>
    <member type="way" ref="388933877" role=""/>
    <member type="way" ref="51728975" role=""/>
    <member type="way" ref="80512590" role=""/>
    <member type="way" ref="80512586" role=""/>
    <member type="way" ref="80512585" role=""/>
    <member type="way" ref="80512588" role=""/>
    <member type="way" ref="1516692571" role=""/>
    <member type="way" ref="80512580" role=""/>
    <member type="way" ref="599425352" role=""/>
    <member type="way" ref="1196131656" role=""/>
    <member type="way" ref="40528554" role=""/>
    <member type="way" ref="425560052" role=""/>
    <member type="way" ref="492219012" role=""/>
    <member type="way" ref="32930209" role=""/>
    <member type="way" ref="32930212" role=""/>
    <member type="way" ref="52436999" role=""/>
    <member type="way" ref="445436607" role=""/>
    <member type="way" ref="443186354" role=""/>
    <member type="way" ref="514461170" role=""/>
    <member type="way" ref="47098548" role=""/>
    <member type="way" ref="134992103" role=""/>
    <member type="way" ref="1150976624" role=""/>
    <member type="way" ref="427571227" role=""/>
    <member type="way" ref="134424390" role=""/>
    <member type="way" ref="427571228" role=""/>
    <member type="way" ref="1217311115" role=""/>
    <member type="way" ref="518149763" role=""/>
    <member type="way" ref="442775064" role=""/>
    <member type="way" ref="507128491" role=""/>
    <member type="way" ref="427571226" role=""/>
    <member type="way" ref="450813822" role=""/>
    <member type="way" ref="1172262693" role=""/>
    <member type="way" ref="32013159" role=""/>
    <member type="way" ref="490591796" role=""/>
    <member type="way" ref="47098555" role=""/>
    <member type="way" ref="147723524" role=""/>
    <member type="way" ref="443009129" role=""/>
    <member type="way" ref="427572334" role=""/>
    <member type="way" ref="427573275" role=""/>
    <member type="way" ref="135081100" role=""/>
    <member type="way" ref="515652609" role=""/>
    <member type="way" ref="1167866331" role=""/>
    <member type="way" ref="615720099" role=""/>
    <member type="way" ref="1474042242" role=""/>
    <member type="way" ref="1030605649" role=""/>
    <member type="way" ref="615720094" role=""/>
    <member type="way" ref="528894626" role=""/>
    <member type="way" ref="52436553" role=""/>
    <member type="way" ref="37066051" role=""/>
    <member type="way" ref="1418589430" role=""/>
    <member type="way" ref="1433620448" role=""/>
    <member type="way" ref="1433620447" role=""/>
    <member type="way" ref="1418586004" role=""/>
    <member type="way" ref="1418586006" role=""/>
    <member type="way" ref="5382631" role=""/>
    <member type="way" ref="117367362" role=""/>
    <member type="way" ref="816313865" role=""/>
    <member type="way" ref="1150829322" role=""/>
    <tag k="air_conditioning" v="yes"/>
    <tag k="bicycle" v="yes"/>
    <tag k="blind" v="limited"/>
    <tag k="bus_class:length" v="4"/>
    <tag k="by_night" v="only"/>
    <tag k="charge:all-in-one" v="90 RUB"/>
    <tag k="charge:cards" v="83 RUB"/>
    <tag k="charge:sbp" v="83 RUB"/>
    <tag k="charge:troika" v="75 RUB"/>
    <tag k="charge:troika_qr" v="75 RUB"/>
    <tag k="check_date" v="2026-05-25"/>
    <tag k="colour" v="#1f1051"/>
    <tag k="deaf" v="yes"/>
    <tag k="fee" v="yes"/>
    <tag k="fine:ticketless" v="5000 RUB"/>
    <tag k="from" v="Метро «Китай-город»"/>
    <tag k="name" v="Ночной автобус н15: Метро «Китай-город» =&gt; Площадь Соловецких Юнг"/>
    <tag k="network" v="Московский транспорт"/>
    <tag k="operator" v="ГУП «Мосгортранс»"/>
    <tag k="payment:cards" v="yes"/>
    <tag k="payment:cash" v="no"/>
    <tag k="payment:contactless" v="yes"/>
    <tag k="payment:maestro" v="no"/>
    <tag k="payment:mastercard" v="no"/>
    <tag k="payment:mir" v="yes"/>
    <tag k="payment:nfc" v="yes"/>
    <tag k="payment:podorozhnik" v="no"/>
    <tag k="payment:sbp" v="yes"/>
    <tag k="payment:social_cards" v="yes"/>
    <tag k="payment:strelka" v="no"/>
    <tag k="payment:troika" v="yes"/>
    <tag k="payment:visa" v="no"/>
    <tag k="public_transport:version" v="2"/>
    <tag k="ref" v="н15"/>
    <tag k="route" v="bus"/>
    <tag k="source" v="Реестр маршрутов города Москвы"/>
    <tag k="to" v="Площадь Соловецких Юнг"/>
    <tag k="type" v="route"/>
    <tag k="website" v="https://transport.mos.ru/transport/schedule/route/141509150"/>
    <tag k="wheelchair" v="yes"/>
  </relation>
  <relation id="17439059" version="589" timestamp="2026-06-08T10:06:48Z" changeset="183820110" uid="23948820" user="EvilBear6969">
    <member type="node" ref="11824449808" role="guidepost"/>
    <member type="node" ref="11816239706" role="guidepost"/>
    <member type="node" ref="458038472" role="guidepost"/>
    <member type="node" ref="11875898986" role="guidepost"/>
    <member type="node" ref="11875898987" role="guidepost"/>
    <member type="node" ref="11875898988" role="guidepost"/>
    <member type="node" ref="11875898989" role="guidepost"/>
    <member type="node" ref="11875898990" role="guidepost"/>
    <member type="node" ref="11875898991" role="guidepost"/>
    <member type="node" ref="11875956404" role="guidepost"/>
    <member type="node" ref="11875949761" role=""/>
    <member type="node" ref="11875989398" role="guidepost"/>
    <member type="node" ref="11876026774" role=""/>
    <member type="node" ref="11881139699" role="guidepost"/>
    <member type="node" ref="11881141111" role="guidepost"/>
    <member type="node" ref="11881160386" role=""/>
    <member type="node" ref="11904740909" role="guidepost"/>
    <member type="node" ref="11904782270" role="guidepost"/>
    <member type="node" ref="11904757483" role="guidepost"/>
    <member type="node" ref="11904793303" role="guidepost"/>
    <member type="node" ref="11904818402" role="guidepost"/>
    <member type="node" ref="11904792771" role="guidepost"/>
    <member type="node" ref="11936997282" role="guidepost"/>
    <member type="node" ref="11952378881" role="guidepost"/>
    <member type="node" ref="11952378880" role="guidepost"/>
    <member type="node" ref="11952378882" role="guidepost"/>
    <member type="node" ref="12153724273" role=""/>
    <member type="node" ref="12143071275" role=""/>
    <member type="node" ref="12153739181" role=""/>
    <member type="node" ref="12187138093" role=""/>
    <member type="node" ref="12187138094" role=""/>
    <member type="node" ref="12188177128" role=""/>
    <member type="node" ref="12191240671" role=""/>
    <member type="node" ref="12191240672" role=""/>
    <member type="node" ref="12191282823" role=""/>
    <member type="node" ref="12191282824" role=""/>
    <member type="node" ref="12191282825" role=""/>
    <member type="node" ref="12191291676" role=""/>
    <member type="node" ref="12191291677" role=""/>
    <member type="node" ref="12188170142" role=""/>
    <member type="node" ref="12188171056" role=""/>
    <member type="node" ref="12291392237" role=""/>
    <member type="node" ref="12320491776" role=""/>
    <member type="node" ref="12320491777" role=""/>
    <member type="node" ref="12321258303" role=""/>
    <member type="node" ref="12321223381" role=""/>
    <member type="node" ref="12323302286" role=""/>
    <member type="node" ref="12323353171" role=""/>
    <member type="node" ref="12323372999" role=""/>
    <member type="node" ref="12323373000" role=""/>
    <member type="node" ref="12323370131" role=""/>
    <member type="node" ref="12323370132" role=""/>
    <member type="node" ref="12323367493" role=""/>
    <member type="node" ref="12323367492" role=""/>
    <member type="node" ref="12539792115" role=""/>
    <member type="node" ref="12559769667" role=""/>
    <member type="node" ref="12716406183" role=""/>
    <member type="node" ref="12724293108" role=""/>
    <member type="node" ref="12264659225" role=""/>
    <member type="node" ref="12202762937" role=""/>
    <member type="node" ref="12150404451" role=""/>
    <member type="node" ref="12202762936" role=""/>
    <member type="node" ref="12202762938" role=""/>
    <member type="node" ref="12233203111" role=""/>
    <member type="node" ref="12314206777" role=""/>
    <member type="node" ref="12236641088" role=""/>
    <member type="node" ref="12572248103" role=""/>
    <member type="node" ref="12175034304" role=""/>
    <member type="node" ref="12175034305" role=""/>
    <member type="node" ref="12233186347" role=""/>
    <member type="node" ref="12175034307" role=""/>
    <member type="node" ref="12572246069" role=""/>
    <member type="node" ref="12572246068" role=""/>
    <member type="node" ref="12233487038" role=""/>
    <member type="node" ref="12233209714" role=""/>
    <member type="node" ref="12236661030" role=""/>
    <member type="node" ref="12233278084" role=""/>
    <member type="node" ref="12153724603" role=""/>
    <member type="node" ref="12233209689" role=""/>
    <member type="node" ref="12233209688" role=""/>
    <member type="node" ref="12277247388" role=""/>
    <member type="node" ref="12264841333" role=""/>
    <member type="node" ref="12209895112" role=""/>
    <member type="node" ref="12557504755" role=""/>
    <member type="node" ref="12583373983" role=""/>
    <member type="node" ref="12583347313" role=""/>
    <member type="node" ref="12152061726" role=""/>
    <member type="node" ref="12583379107" role=""/>
    <member type="node" ref="12152151255" role=""/>
    <member type="node" ref="12583378310" role=""/>
    <member type="node" ref="12583347312" role=""/>
    <member type="node" ref="12583347311" role=""/>
    <member type="node" ref="12152053882" role=""/>
    <member type="node" ref="12557531658" role=""/>
    <member type="node" ref="12557641404" role=""/>
    <member type="node" ref="12152145678" role=""/>
    <member type="node" ref="12288923398" role=""/>
    <member type="node" ref="12152091760" role=""/>
    <member type="node" ref="12152151430" role=""/>
    <member type="node" ref="12557657757" role=""/>
    <member type="node" ref="12152094162" role=""/>
    <member type="node" ref="12152171198" role=""/>
    <member type="node" ref="12152094160" role=""/>
    <member type="node" ref="12152171199" role=""/>
    <member type="node" ref="12288964014" role=""/>
    <member type="node" ref="12152190599" role=""/>
    <member type="node" ref="12152212455" role=""/>
    <member type="node" ref="12152210894" role=""/>
    <member type="node" ref="12285111320" role=""/>
    <member type="node" ref="12152210895" role=""/>
    <member type="node" ref="12152232221" role=""/>
    <member type="node" ref="12152255614" role=""/>
    <member type="node" ref="12152231630" role=""/>
    <member type="node" ref="12152356635" role=""/>
    <member type="node" ref="12152356638" role=""/>
    <member type="node" ref="12736660549" role=""/>
    <member type="node" ref="12736673776" role=""/>
    <member type="node" ref="12148707745" role=""/>
    <member type="node" ref="12148707744" role=""/>
    <member type="node" ref="12154303805" role=""/>
    <member type="node" ref="12154264996" role=""/>
    <member type="node" ref="12154306897" role=""/>
    <member type="node" ref="12736733397" role=""/>
    <member type="node" ref="12154314650" role=""/>
    <member type="node" ref="12156279390" role=""/>
    <member type="node" ref="12156268339" role=""/>
    <member type="node" ref="12156299508" role=""/>
    <member type="node" ref="12156266864" role=""/>
    <member type="node" ref="12156279388" role=""/>
    <member type="node" ref="12156313185" role=""/>
    <member type="node" ref="12156305781" role=""/>
    <member type="node" ref="12156299509" role=""/>
    <member type="node" ref="12156295232" role=""/>
    <member type="node" ref="12716406122" role=""/>
    <member type="node" ref="12716433307" role=""/>
    <member type="node" ref="12716405171" role=""/>
    <member type="node" ref="13322697709" role=""/>
    <member type="node" ref="12716410998" role=""/>
    <member type="node" ref="12800936085" role=""/>
    <member type="node" ref="12800936086" role=""/>
    <member type="node" ref="12800936087" role=""/>
    <member type="node" ref="12806914890" role=""/>
    <member type="node" ref="12821557432" role=""/>
    <member type="node" ref="12821559828" role=""/>
    <member type="node" ref="12821561278" role=""/>
    <member type="node" ref="12821560741" role=""/>
    <member type="node" ref="12821496079" role=""/>
    <member type="node" ref="12821582619" role=""/>
    <member type="node" ref="12821560955" role=""/>
    <member type="node" ref="12821560956" role=""/>
    <member type="node" ref="12821578905" role=""/>
    <member type="node" ref="12825170818" role=""/>
    <member type="node" ref="12825167864" role=""/>
    <member type="node" ref="12825156040" role=""/>
    <member type="node" ref="12825155353" role=""/>
    <member type="node" ref="12825180487" role=""/>
    <member type="node" ref="12321258304" role=""/>
    <member type="node" ref="12840874081" role=""/>
    <member type="node" ref="12847716429" role=""/>
    <member type="node" ref="12847750727" role=""/>
    <member type="node" ref="12847749938" role=""/>
    <member type="node" ref="12847749939" role=""/>
    <member type="node" ref="12847746057" role=""/>
    <member type="node" ref="12847755012" role=""/>
    <member type="node" ref="12847746060" role=""/>
    <member type="node" ref="12847753679" role=""/>
    <member type="node" ref="12847750809" role=""/>
    <member type="node" ref="12847751053" role=""/>
    <member type="node" ref="12847741478" role=""/>
    <member type="node" ref="12847727283" role=""/>
    <member type="node" ref="12847792008" role=""/>
    <member type="node" ref="12847790670" role=""/>
    <member type="node" ref="12849691160" role=""/>
    <member type="node" ref="12849693881" role=""/>
    <member type="node" ref="12849715413" role=""/>
    <member type="node" ref="12849691081" role=""/>
    <member type="node" ref="12849788127" role=""/>
    <member type="node" ref="12850732028" role=""/>
    <member type="node" ref="12850813565" role=""/>
    <member type="node" ref="12850786555" role=""/>
    <member type="node" ref="12850778431" role=""/>
    <member type="node" ref="12850837359" role=""/>
    <member type="node" ref="12850903606" role=""/>
    <member type="node" ref="12851174959" role=""/>
    <member type="node" ref="12851221077" role=""/>
    <member type="node" ref="12851245297" role=""/>
    <member type="node" ref="12851250169" role=""/>
    <member type="node" ref="12851256586" role=""/>
    <member type="node" ref="12851268028" role=""/>
    <member type="node" ref="12851268027" role=""/>
    <member type="node" ref="12851242219" role=""/>
    <member type="node" ref="12851272658" role=""/>
    <member type="node" ref="12851242220" role=""/>
    <member type="node" ref="12851261476" role=""/>
    <member type="node" ref="12851278518" role=""/>
    <member type="node" ref="12853200285" role=""/>
    <member type="node" ref="12853140392" role=""/>
    <member type="node" ref="12853140393" role=""/>
    <member type="node" ref="12853238423" role=""/>
    <member type="node" ref="12853258016" role=""/>
    <member type="node" ref="12853250876" role=""/>
    <member type="node" ref="12853257953" role=""/>
    <member type="node" ref="12853252874" role=""/>
    <member type="node" ref="12853269756" role=""/>
    <member type="node" ref="12853312313" role=""/>
    <member type="node" ref="12853312314" role=""/>
    <member type="node" ref="12853313164" role=""/>
    <member type="node" ref="12853313165" role=""/>
    <member type="node" ref="12853313166" role=""/>
    <member type="node" ref="12853313167" role=""/>
    <member type="node" ref="12853317927" role=""/>
    <member type="node" ref="12853317928" role=""/>
    <member type="node" ref="12853256365" role=""/>
    <member type="node" ref="12853312334" role=""/>
    <member type="node" ref="12853317312" role=""/>
    <member type="node" ref="12853254489" role=""/>
    <member type="node" ref="12853318275" role=""/>
    <member type="node" ref="12853361020" role=""/>
    <member type="node" ref="12863446173" role=""/>
    <member type="node" ref="12863430384" role=""/>
    <member type="node" ref="12863496745" role=""/>
    <member type="node" ref="12899261286" role=""/>
    <member type="node" ref="12899448675" role=""/>
    <member type="node" ref="12899493977" role=""/>
    <member type="node" ref="12899474661" role=""/>
    <member type="node" ref="12899497708" role=""/>
    <member type="node" ref="12899487222" role=""/>
    <member type="node" ref="12899501101" role=""/>
    <member type="node" ref="12899451971" role=""/>
    <member type="node" ref="12899451665" role=""/>
    <member type="node" ref="12899451667" role=""/>
    <member type="node" ref="12899503104" role=""/>
    <member type="node" ref="12899536704" role=""/>
    <member type="node" ref="12899535319" role=""/>
    <member type="node" ref="12233203110" role=""/>
    <member type="node" ref="12918629939" role=""/>
    <member type="node" ref="12918631832" role=""/>
    <member type="node" ref="12918599868" role=""/>
    <member type="node" ref="12918635560" role=""/>
    <member type="node" ref="12918615522" role=""/>
    <member type="node" ref="12918629541" role=""/>
    <member type="node" ref="12918644192" role=""/>
    <member type="node" ref="12918629547" role=""/>
    <member type="node" ref="12918645149" role=""/>
    <member type="node" ref="12918641432" role=""/>
    <member type="node" ref="12918658184" role=""/>
    <member type="node" ref="12918673006" role=""/>
    <member type="node" ref="12918673574" role=""/>
    <member type="node" ref="12918672854" role=""/>
    <member type="node" ref="12919692858" role=""/>
    <member type="node" ref="12919695453" role=""/>
    <member type="node" ref="12919718506" role=""/>
    <member type="node" ref="12919686549" role=""/>
    <member type="node" ref="12919684671" role=""/>
    <member type="node" ref="12919735023" role=""/>
    <member type="node" ref="12919724764" role=""/>
    <member type="node" ref="12157867548" role=""/>
    <member type="node" ref="12157867547" role=""/>
    <member type="node" ref="12157869117" role=""/>
    <member type="node" ref="12157867546" role=""/>
    <member type="node" ref="12157845660" role=""/>
    <member type="node" ref="12157849587" role=""/>
    <member type="node" ref="12157838023" role=""/>
    <member type="node" ref="12157847708" role=""/>
    <member type="node" ref="12157848118" role=""/>
    <member type="node" ref="12157828161" role=""/>
    <member type="node" ref="12157837069" role=""/>
    <member type="node" ref="12157802891" role=""/>
    <member type="node" ref="12157801455" role=""/>
    <member type="node" ref="12157765994" role=""/>
    <member type="node" ref="12157833698" role=""/>
    <member type="node" ref="12157784868" role=""/>
    <member type="node" ref="12157786970" role=""/>
    <member type="node" ref="12157786969" role=""/>
    <member type="node" ref="12157806724" role=""/>
    <member type="node" ref="12157806723" role=""/>
    <member type="node" ref="12157805843" role=""/>
    <member type="node" ref="12920218380" role=""/>
    <member type="node" ref="12157784834" role=""/>
    <member type="node" ref="12920296144" role=""/>
    <member type="node" ref="12922407281" role=""/>
    <member type="node" ref="12922464186" role=""/>
    <member type="node" ref="12922463830" role=""/>
    <member type="node" ref="12922411891" role=""/>
    <member type="node" ref="12922476971" role=""/>
    <member type="node" ref="12922474344" role=""/>
    <member type="node" ref="12922485039" role=""/>
    <member type="node" ref="12922458974" role=""/>
    <member type="node" ref="12922462828" role=""/>
    <member type="node" ref="12922476977" role=""/>
    <member type="node" ref="12922486004" role=""/>
    <member type="node" ref="12922458977" role=""/>
    <member type="node" ref="12922499444" role=""/>
    <member type="node" ref="12926920659" role=""/>
    <member type="node" ref="12926973307" role=""/>
    <member type="node" ref="12926969813" role=""/>
    <member type="node" ref="12926915671" role=""/>
    <member type="node" ref="12926961855" role=""/>
    <member type="node" ref="12926965522" role=""/>
    <member type="node" ref="12926940321" role=""/>
    <member type="node" ref="12926975070" role=""/>
    <member type="node" ref="12926975069" role=""/>
    <member type="node" ref="12926971738" role=""/>
    <member type="node" ref="12926956963" role=""/>
    <member type="node" ref="12926956964" role=""/>
    <member type="node" ref="12943743316" role=""/>
    <member type="node" ref="12943720970" role=""/>
    <member type="node" ref="12945508223" role=""/>
    <member type="node" ref="12945508224" role=""/>
    <member type="node" ref="12948932475" role=""/>
    <member type="node" ref="12948982491" role=""/>
    <member type="node" ref="12948988622" role=""/>
    <member type="node" ref="12948988112" role=""/>
    <member type="node" ref="12948991853" role=""/>
    <member type="node" ref="12948997214" role=""/>
    <member type="node" ref="12948997215" role=""/>
    <member type="node" ref="12949023776" role=""/>
    <member type="node" ref="12949016716" role=""/>
    <member type="node" ref="12949023777" role=""/>
    <member type="node" ref="12948997175" role=""/>
    <member type="node" ref="12978700896" role=""/>
    <member type="node" ref="12978717605" role=""/>
    <member type="node" ref="12978724521" role=""/>
    <member type="node" ref="12979389070" role=""/>
    <member type="node" ref="12979901260" role=""/>
    <member type="node" ref="12979856431" role=""/>
    <member type="node" ref="12979856432" role=""/>
    <member type="node" ref="12979906384" role=""/>
    <member type="node" ref="12979914700" role=""/>
    <member type="node" ref="12979938508" role=""/>
    <member type="node" ref="12979961307" role=""/>
    <member type="node" ref="12979961308" role=""/>
    <member type="node" ref="12979961309" role=""/>
    <member type="node" ref="12979906385" role=""/>
    <member type="node" ref="12979928084" role=""/>
    <member type="node" ref="12979924281" role=""/>
    <member type="node" ref="12979924282" role=""/>
    <member type="node" ref="12979924283" role=""/>
    <member type="node" ref="12979977864" role=""/>
    <member type="node" ref="12979977865" role=""/>
    <member type="node" ref="12979977866" role=""/>
    <member type="node" ref="13014526405" role=""/>
    <member type="node" ref="13014526406" role=""/>
    <member type="node" ref="13019265707" role=""/>
    <member type="node" ref="13021450982" role=""/>
    <member type="node" ref="13033969674" role=""/>
    <member type="node" ref="13034038185" role=""/>
    <member type="node" ref="13034038186" role=""/>
    <member type="node" ref="13034037524" role=""/>
    <member type="node" ref="13034058418" role=""/>
    <member type="node" ref="13034058419" role=""/>
    <member type="node" ref="13034066915" role=""/>
    <member type="node" ref="13034081403" role=""/>
    <member type="node" ref="13040236381" role=""/>
    <member type="node" ref="13043098239" role=""/>
    <member type="node" ref="13043098240" role=""/>
    <member type="node" ref="13046776933" role=""/>
    <member type="node" ref="13046776935" role=""/>
    <member type="node" ref="13046776936" role=""/>
    <member type="node" ref="13046776937" role=""/>
    <member type="node" ref="13046776938" role=""/>
    <member type="node" ref="13049018541" role=""/>
    <member type="node" ref="13049122450" role=""/>
    <member type="node" ref="13049221551" role=""/>
    <member type="node" ref="13049221554" role=""/>
    <member type="node" ref="13049221555" role=""/>
    <member type="node" ref="12847740158" role=""/>
    <member type="node" ref="13049246524" role=""/>
    <member type="node" ref="13073442010" role=""/>
    <member type="node" ref="13073442015" role=""/>
    <member type="node" ref="13073447254" role=""/>
    <member type="node" ref="13073447255" role=""/>
    <member type="node" ref="13073447256" role=""/>
    <member type="node" ref="13073447258" role=""/>
    <member type="node" ref="13073439302" role=""/>
    <member type="node" ref="13073439303" role=""/>
    <member type="node" ref="13073439304" role=""/>
    <member type="node" ref="12152145679" role=""/>
    <member type="node" ref="12583347310" role=""/>
    <member type="node" ref="13073428760" role=""/>
    <member type="node" ref="13082835950" role=""/>
    <member type="node" ref="13168269383" role=""/>
    <member type="node" ref="13168292598" role=""/>
    <member type="node" ref="13168328101" role=""/>
    <member type="node" ref="13168328105" role=""/>
    <member type="node" ref="13168328106" role=""/>
    <member type="node" ref="13177643414" role=""/>
    <member type="node" ref="13177643415" role=""/>
    <member type="node" ref="13177643418" role=""/>
    <member type="node" ref="13177643419" role=""/>
    <member type="node" ref="13177643422" role=""/>
    <member type="node" ref="13177649491" role=""/>
    <member type="node" ref="13202994982" role=""/>
    <member type="node" ref="13202994983" role=""/>
    <member type="node" ref="13203017095" role=""/>
    <member type="node" ref="13238075190" role=""/>
    <member type="node" ref="13238087915" role=""/>
    <member type="node" ref="13238093423" role=""/>
    <member type="node" ref="13238089709" role=""/>
    <member type="node" ref="13238089711" role=""/>
    <member type="node" ref="13272556976" role=""/>
    <member type="node" ref="13342579651" role=""/>
    <member type="node" ref="13343249336" role=""/>
    <member type="node" ref="12159551254" role=""/>
    <member type="node" ref="12159521988" role=""/>
    <member type="node" ref="12159560246" role=""/>
    <member type="node" ref="12159685919" role=""/>
    <member type="node" ref="13348635354" role=""/>
    <member type="node" ref="13348635355" role=""/>
    <member type="node" ref="13348595271" role=""/>
    <member type="node" ref="13351410387" role=""/>
    <member type="node" ref="13352904514" role=""/>
    <member type="node" ref="13352904515" role=""/>
    <member type="node" ref="13352904516" role=""/>
    <member type="node" ref="13352904517" role=""/>
    <member type="node" ref="13352904518" role=""/>
    <member type="node" ref="13352904519" role=""/>
    <member type="node" ref="13352904520" role=""/>
    <member type="node" ref="13352904522" role=""/>
    <member type="node" ref="13352923565" role=""/>
    <member type="node" ref="13352923566" role=""/>
    <member type="node" ref="13352923567" role=""/>
    <member type="node" ref="13352927918" role=""/>
    <member type="node" ref="13352927919" role=""/>
    <member type="node" ref="12153741023" role=""/>
    <member type="node" ref="13353336794" role=""/>
    <member type="node" ref="13353354331" role=""/>
    <member type="node" ref="13353486618" role=""/>
    <member type="node" ref="13353486619" role=""/>
    <member type="node" ref="13353486620" role=""/>
    <member type="node" ref="13353459438" role=""/>
    <member type="node" ref="13353451545" role=""/>
    <member type="node" ref="13355209402" role=""/>
    <member type="node" ref="13355209403" role=""/>
    <member type="node" ref="13355209404" role=""/>
    <member type="node" ref="13355227112" role=""/>
    <member type="node" ref="13355227113" role=""/>
    <member type="node" ref="13355227117" role=""/>
    <member type="node" ref="13355227119" role=""/>
    <member type="node" ref="13355188890" role=""/>
    <member type="node" ref="13355188892" role=""/>
    <member type="node" ref="13355188893" role=""/>
    <member type="node" ref="13355188897" role=""/>
    <member type="node" ref="13355271858" role=""/>
    <member type="node" ref="13355271866" role=""/>
    <member type="node" ref="13355210574" role=""/>
    <member type="node" ref="13355210588" role=""/>
    <member type="node" ref="13355210590" role=""/>
    <member type="node" ref="13355250533" role=""/>
    <member type="node" ref="13355250534" role=""/>
    <member type="node" ref="13355767247" role=""/>
    <member type="node" ref="13355767248" role=""/>
    <member type="node" ref="12850925325" role=""/>
    <member type="node" ref="13355767249" role=""/>
    <member type="node" ref="13355767250" role=""/>
    <member type="node" ref="13355830624" role=""/>
    <member type="node" ref="13355848007" role=""/>
    <member type="node" ref="13355912792" role=""/>
    <member type="node" ref="13355912794" role=""/>
    <member type="node" ref="13355912795" role=""/>
    <member type="node" ref="13355912796" role=""/>
    <member type="node" ref="13355912797" role=""/>
    <member type="node" ref="13355912798" role=""/>
    <member type="node" ref="13355912800" role=""/>
    <member type="node" ref="13355913109" role=""/>
    <member type="node" ref="13355913113" role=""/>
    <member type="node" ref="13355901361" role=""/>
    <member type="node" ref="13355901362" role=""/>
    <member type="node" ref="13355901363" role=""/>
    <member type="node" ref="13355901364" role=""/>
    <member type="node" ref="13355901365" role=""/>
    <member type="node" ref="13355901367" role=""/>
    <member type="node" ref="13355901368" role=""/>
    <member type="node" ref="13355875870" role=""/>
    <member type="node" ref="13356412620" role=""/>
    <member type="node" ref="13356399988" role=""/>
    <member type="node" ref="13356399989" role=""/>
    <member type="node" ref="13356399990" role=""/>
    <member type="node" ref="13356399991" role=""/>
    <member type="node" ref="13356450399" role=""/>
    <member type="node" ref="13357624333" role=""/>
    <member type="node" ref="13357632984" role=""/>
    <member type="node" ref="13357632985" role=""/>
    <member type="node" ref="13357632986" role=""/>
    <member type="node" ref="13357632987" role=""/>
    <member type="node" ref="13357632988" role=""/>
    <member type="node" ref="13357632989" role=""/>
    <member type="node" ref="13357632990" role=""/>
    <member type="node" ref="13357609641" role=""/>
    <member type="node" ref="13357609643" role=""/>
    <member type="node" ref="13357609645" role=""/>
    <member type="node" ref="13357609651" role=""/>
    <member type="node" ref="13357609652" role=""/>
    <member type="node" ref="13357609653" role=""/>
    <member type="node" ref="13360394249" role=""/>
    <member type="node" ref="13360394250" role=""/>
    <member type="node" ref="13360394251" role=""/>
    <member type="node" ref="13360394252" role=""/>
    <member type="node" ref="13360394253" role=""/>
    <member type="node" ref="13360394254" role=""/>
    <member type="node" ref="13360394255" role=""/>
    <member type="node" ref="13360411281" role=""/>
    <member type="node" ref="13360411282" role=""/>
    <member type="node" ref="13360411283" role=""/>
    <member type="node" ref="13360411284" role=""/>
    <member type="node" ref="13360411285" role=""/>
    <member type="node" ref="13360411288" role=""/>
    <member type="node" ref="13360411293" role=""/>
    <member type="node" ref="13360411294" role=""/>
    <member type="node" ref="13360411295" role=""/>
    <member type="node" ref="13360411296" role=""/>
    <member type="node" ref="13360411298" role=""/>
    <member type="node" ref="13360411299" role=""/>
    <member type="node" ref="13360425603" role=""/>
    <member type="node" ref="13360409526" role=""/>
    <member type="node" ref="13360409528" role=""/>
    <member type="node" ref="13360455712" role=""/>
    <member type="node" ref="13360455713" role=""/>
    <member type="node" ref="13360455714" role=""/>
    <member type="node" ref="13360455719" role=""/>
    <member type="node" ref="13360455718" role=""/>
    <member type="node" ref="13360455724" role=""/>
    <member type="node" ref="13360455726" role=""/>
    <member type="node" ref="13360455727" role=""/>
    <member type="node" ref="13360455730" role=""/>
    <member type="node" ref="13360455731" role=""/>
    <member type="node" ref="13360455733" role=""/>
    <member type="node" ref="13360455735" role=""/>
    <member type="node" ref="13360455734" role=""/>
    <member type="node" ref="13360639718" role=""/>
    <member type="node" ref="13360639719" role=""/>
    <member type="node" ref="13360639720" role=""/>
    <member type="node" ref="13360635845" role=""/>
    <member type="node" ref="13360635848" role=""/>
    <member type="node" ref="13360635850" role=""/>
    <member type="node" ref="13360652815" role=""/>
    <member type="node" ref="13360561787" role=""/>
    <member type="node" ref="13360561788" role=""/>
    <member type="node" ref="13360561789" role=""/>
    <member type="node" ref="13360561790" role=""/>
    <member type="node" ref="13360640214" role=""/>
    <member type="node" ref="13361417376" role=""/>
    <member type="node" ref="13361417375" role=""/>
    <member type="node" ref="13361417377" role=""/>
    <member type="node" ref="13361392946" role=""/>
    <member type="node" ref="13361430130" role=""/>
    <member type="node" ref="13362627017" role=""/>
    <member type="node" ref="13362627020" role=""/>
    <member type="node" ref="13362627023" role=""/>
    <member type="node" ref="13362630494" role=""/>
    <member type="node" ref="13362630495" role=""/>
    <member type="node" ref="13362630496" role=""/>
    <member type="node" ref="13362630497" role=""/>
    <member type="node" ref="13371912790" role=""/>
    <member type="node" ref="13371912791" role=""/>
    <member type="node" ref="13371931992" role=""/>
    <member type="node" ref="13371931993" role=""/>
    <member type="node" ref="13371931997" role=""/>
    <member type="node" ref="13371931998" role=""/>
    <member type="node" ref="13371961649" role=""/>
    <member type="node" ref="13371961650" role=""/>
    <member type="node" ref="13371961652" role=""/>
    <member type="node" ref="13371977442" role=""/>
    <member type="node" ref="13371961651" role=""/>
    <member type="node" ref="13372004290" role=""/>
    <member type="node" ref="13372004292" role=""/>
    <member type="node" ref="13372858701" role=""/>
    <member type="node" ref="13372858702" role=""/>
    <member type="node" ref="13372858704" role=""/>
    <member type="node" ref="13372858703" role=""/>
    <member type="node" ref="13372858705" role=""/>
    <member type="node" ref="13372858706" role=""/>
    <member type="node" ref="13372858713" role=""/>
    <member type="node" ref="13372858714" role=""/>
    <member type="node" ref="13372858715" role=""/>
    <member type="node" ref="13372858721" role=""/>
    <member type="node" ref="13372858722" role=""/>
    <member type="node" ref="13372873410" role=""/>
    <member type="node" ref="13372873413" role=""/>
    <member type="node" ref="13372873414" role=""/>
    <member type="node" ref="13372873416" role=""/>
    <member type="node" ref="13372873417" role=""/>
    <member type="node" ref="13372873418" role=""/>
    <member type="node" ref="13372873419" role=""/>
    <member type="node" ref="13374705120" role=""/>
    <member type="node" ref="13374705119" role=""/>
    <member type="node" ref="13374719768" role=""/>
    <member type="node" ref="13374733931" role=""/>
    <member type="node" ref="13374707355" role=""/>
    <member type="node" ref="13374707356" role=""/>
    <member type="node" ref="13374769868" role=""/>
    <member type="node" ref="13374769886" role=""/>
    <member type="node" ref="13374769887" role=""/>
    <member type="node" ref="13374769888" role=""/>
    <member type="node" ref="13374874277" role=""/>
    <member type="node" ref="13374874294" role=""/>
    <member type="node" ref="13374874295" role=""/>
    <member type="node" ref="13374879544" role=""/>
    <member type="node" ref="12159536792" role=""/>
    <member type="node" ref="13375000803" role=""/>
    <member type="node" ref="13375062548" role=""/>
    <member type="node" ref="13375020098" role=""/>
    <member type="node" ref="13375020099" role=""/>
    <member type="node" ref="13375020100" role=""/>
    <member type="node" ref="13375094301" role=""/>
    <member type="node" ref="13375094302" role=""/>
    <member type="node" ref="13375094303" role=""/>
    <member type="node" ref="13375085310" role=""/>
    <member type="node" ref="13375085313" role=""/>
    <member type="node" ref="13375838437" role=""/>
    <member type="node" ref="13375838438" role=""/>
    <member type="node" ref="13375838439" role=""/>
    <member type="node" ref="13375838440" role=""/>
    <member type="node" ref="13375838441" role=""/>
    <member type="node" ref="13375838442" role=""/>
    <member type="node" ref="13375838443" role=""/>
    <member type="node" ref="13376144014" role=""/>
    <member type="node" ref="13376158839" role=""/>
    <member type="node" ref="13376158840" role=""/>
    <member type="node" ref="13376158844" role=""/>
    <member type="node" ref="13376208908" role=""/>
    <member type="node" ref="13376241180" role=""/>
    <member type="node" ref="13379174029" role=""/>
    <member type="node" ref="13379181025" role=""/>
    <member type="node" ref="13379204736" role=""/>
    <member type="node" ref="13379204737" role=""/>
    <member type="node" ref="13379204738" role=""/>
    <member type="node" ref="13379204742" role=""/>
    <member type="node" ref="13379222539" role=""/>
    <member type="node" ref="13379230325" role=""/>
    <member type="node" ref="13379230327" role=""/>
    <member type="node" ref="13379230329" role=""/>
    <member type="node" ref="13379230331" role=""/>
    <member type="node" ref="13379230332" role=""/>
    <member type="node" ref="13379249700" role=""/>
    <member type="node" ref="13379261071" role=""/>
    <member type="node" ref="13379261075" role=""/>
    <member type="node" ref="13379282110" role=""/>
    <member type="node" ref="13379282112" role=""/>
    <member type="node" ref="13379282115" role=""/>
    <member type="node" ref="13379282116" role=""/>
    <member type="node" ref="13379464768" role=""/>
    <member type="node" ref="13379464769" role=""/>
    <member type="node" ref="13379476888" role=""/>
    <member type="node" ref="13379476889" role=""/>
    <member type="node" ref="13379476890" role=""/>
    <member type="node" ref="13713935123" role=""/>
    <member type="node" ref="12152151431" role=""/>
    <member type="node" ref="13836663950" role=""/>
    <member type="node" ref="13836663951" role=""/>
    <member type="way" ref="1313581687" role=""/>
    <member type="way" ref="100650178" role=""/>
    <member type="way" ref="322204111" role=""/>
    <member type="way" ref="1458852166" role=""/>
    <member type="way" ref="1458852167" role=""/>
    <member type="way" ref="100650181" role=""/>
    <member type="way" ref="1420068246" role=""/>
    <member type="way" ref="1420068247" role=""/>
    <member type="way" ref="322204108" role=""/>
    <member type="way" ref="1273322869" role=""/>
    <member type="way" ref="1164244484" role=""/>
    <member type="way" ref="1458865257" role=""/>
    <member type="way" ref="1164244485" role=""/>
    <member type="way" ref="1272480694" role=""/>
    <member type="way" ref="1164244486" role=""/>
    <member type="way" ref="1272481430" role=""/>
    <member type="way" ref="1164244487" role=""/>
    <member type="way" ref="1164244489" role=""/>
    <member type="way" ref="1273322872" role=""/>
    <member type="way" ref="429259906" role=""/>
    <member type="way" ref="1458367059" role=""/>
    <member type="way" ref="444256702" role=""/>
    <member type="way" ref="1458367065" role=""/>
    <member type="way" ref="1458367064" role=""/>
    <member type="way" ref="1458367063" role=""/>
    <member type="way" ref="1272482283" role=""/>
    <member type="way" ref="1272482282" role=""/>
    <member type="way" ref="242892623" role=""/>
    <member type="way" ref="38880912" role=""/>
    <member type="way" ref="1313578321" role=""/>
    <member type="way" ref="718993413" role=""/>
    <member type="way" ref="718993414" role=""/>
    <member type="way" ref="1313983992" role=""/>
    <member type="way" ref="1313578320" role=""/>
    <member type="way" ref="242892628" role=""/>
    <member type="way" ref="242892625" role=""/>
    <member type="way" ref="759352850" role=""/>
    <member type="way" ref="759352851" role=""/>
    <member type="way" ref="242872613" role=""/>
    <member type="way" ref="242872618" role=""/>
    <member type="way" ref="976036460" role=""/>
    <member type="way" ref="242872612" role=""/>
    <member type="way" ref="1086723186" role=""/>
    <member type="way" ref="1086723187" role=""/>
    <member type="way" ref="1086723184" role=""/>
    <member type="way" ref="1086723185" role=""/>
    <member type="way" ref="1456025032" role=""/>
    <member type="way" ref="242872620" role=""/>
    <member type="way" ref="1272484659" role=""/>
    <member type="way" ref="1086723192" role=""/>
    <member type="way" ref="1086723193" role=""/>
    <member type="way" ref="242872611" role=""/>
    <member type="way" ref="242872610" role=""/>
    <member type="way" ref="976032721" role=""/>
    <member type="way" ref="962952446" role=""/>
    <member type="way" ref="242872609" role=""/>
    <member type="way" ref="962952438" role=""/>
    <member type="way" ref="1456017775" role=""/>
    <member type="way" ref="1456019601" role=""/>
    <member type="way" ref="976030677" role=""/>
    <member type="way" ref="1273611630" role=""/>
    <member type="way" ref="1313576875" role=""/>
    <member type="way" ref="1458505928" role=""/>
    <member type="way" ref="1458505929" role=""/>
    <member type="way" ref="1313576876" role=""/>
    <member type="way" ref="1456017773" role=""/>
    <member type="way" ref="44417963" role=""/>
    <member type="way" ref="44417962" role=""/>
    <member type="way" ref="44417964" role=""/>
    <member type="way" ref="1455767813" role=""/>
    <member type="way" ref="1455767815" role=""/>
    <member type="way" ref="1455767816" role=""/>
    <member type="way" ref="309123387" role=""/>
    <member type="way" ref="1273611638" role=""/>
    <member type="way" ref="1273611636" role=""/>
    <member type="way" ref="1273611637" role=""/>
    <member type="way" ref="1190388059" role=""/>
    <member type="way" ref="1190388058" role=""/>
    <member type="way" ref="1156267788" role=""/>
    <member type="way" ref="1189587792" role=""/>
    <member type="way" ref="1190388057" role=""/>
    <member type="way" ref="1190388062" role=""/>
    <member type="way" ref="1190388064" role=""/>
    <member type="way" ref="1280111284" role=""/>
    <member type="way" ref="1280111284" role=""/>
    <member type="way" ref="1280111285" role=""/>
    <member type="way" ref="1158214598" role=""/>
    <member type="way" ref="686455443" role=""/>
    <member type="way" ref="5720172" role=""/>
    <member type="way" ref="1279887030" role=""/>
    <member type="way" ref="821508465" role=""/>
    <member type="way" ref="97221956" role=""/>
    <member type="way" ref="686455437" role=""/>
    <member type="way" ref="1313494922" role=""/>
    <member type="way" ref="98744225" role=""/>
    <member type="way" ref="1313494923" role=""/>
    <member type="way" ref="1313494924" role=""/>
    <member type="way" ref="885536355" role=""/>
    <member type="way" ref="59243513" role=""/>
    <member type="way" ref="1455834155" role=""/>
    <member type="way" ref="1455834156" role=""/>
    <member type="way" ref="5454716" role=""/>
    <member type="way" ref="1313494927" role=""/>
    <member type="way" ref="1313494928" role=""/>
    <member type="way" ref="519757963" role=""/>
    <member type="way" ref="1313494930" role=""/>
    <member type="way" ref="307411225" role=""/>
    <member type="way" ref="1313494931" role=""/>
    <member type="way" ref="348686366" role=""/>
    <member type="way" ref="1189856528" role=""/>
    <member type="way" ref="348686371" role=""/>
    <member type="way" ref="1163383940" role=""/>
    <member type="way" ref="1036317806" role="forward"/>
    <member type="way" ref="1036317807" role="forward"/>
    <member type="way" ref="5454637" role="forward"/>
    <member type="way" ref="1046862875" role="forward"/>
    <member type="way" ref="1046862876" role="forward"/>
    <member type="way" ref="1046862877" role="forward"/>
    <member type="way" ref="5454828" role=""/>
    <member type="way" ref="8162444" role=""/>
    <member type="way" ref="1313499012" role=""/>
    <member type="way" ref="1189856525" role=""/>
    <member type="way" ref="1104885133" role=""/>
    <member type="way" ref="1090302282" role=""/>
    <member type="way" ref="1089618120" role=""/>
    <member type="way" ref="171702938" role=""/>
    <member type="way" ref="1093322252" role=""/>
    <member type="way" ref="1279040875" role=""/>
    <member type="way" ref="1086779518" role=""/>
    <member type="way" ref="1086779517" role=""/>
    <member type="way" ref="1086779516" role=""/>
    <member type="way" ref="28455255" role=""/>
    <member type="way" ref="1278497164" role=""/>
    <member type="way" ref="28455256" role=""/>
    <member type="way" ref="1279040874" role=""/>
    <member type="way" ref="1279040872" role=""/>
    <member type="way" ref="1412487168" role=""/>
    <member type="way" ref="1279040870" role=""/>
    <member type="way" ref="685841843" role=""/>
    <member type="way" ref="685841842" role=""/>
    <member type="way" ref="39523559" role=""/>
    <member type="way" ref="1189856533" role=""/>
    <member type="way" ref="1189856534" role=""/>
    <member type="way" ref="770916359" role=""/>
    <member type="way" ref="827402061" role=""/>
    <member type="way" ref="668410602" role=""/>
    <member type="way" ref="1279040866" role=""/>
    <member type="way" ref="1279040865" role=""/>
    <member type="way" ref="156776929" role=""/>
    <member type="way" ref="770453184" role=""/>
    <member type="way" ref="993509100" role=""/>
    <member type="way" ref="770453183" role=""/>
    <member type="way" ref="1279040864" role=""/>
    <member type="way" ref="770453181" role=""/>
    <member type="way" ref="770453182" role=""/>
    <member type="way" ref="117239848" role=""/>
    <member type="way" ref="806037378" role=""/>
    <member type="way" ref="1313506830" role=""/>
    <member type="way" ref="1313506831" role=""/>
    <member type="way" ref="803284303" role=""/>
    <member type="way" ref="29463140" role=""/>
    <member type="way" ref="103996612" role=""/>
    <member type="way" ref="488482912" role=""/>
    <member type="way" ref="1313506834" role=""/>
    <member type="way" ref="962884662" role=""/>
    <member type="way" ref="27112923" role=""/>
    <member type="way" ref="350873934" role=""/>
    <member type="way" ref="85446799" role=""/>
    <member type="way" ref="85446814" role=""/>
    <member type="way" ref="85446805" role=""/>
    <member type="way" ref="1313507469" role=""/>
    <member type="way" ref="955277388" role=""/>
    <member type="way" ref="1313507470" role=""/>
    <member type="way" ref="1171452061" role=""/>
    <member type="way" ref="1358330841" role=""/>
    <member type="way" ref="1455335387" role=""/>
    <member type="way" ref="1006778408" role=""/>
    <member type="way" ref="528949390" role=""/>
    <member type="way" ref="1455335386" role=""/>
    <member type="way" ref="1313507474" role=""/>
    <member type="way" ref="528096710" role=""/>
    <member type="way" ref="1313507475" role=""/>
    <member type="way" ref="1313507476" role=""/>
    <member type="way" ref="376154826" role=""/>
    <member type="way" ref="1313507478" role=""/>
    <member type="way" ref="27680442" role=""/>
    <member type="way" ref="1180380896" role=""/>
    <member type="way" ref="1180381138" role=""/>
    <member type="way" ref="528096707" role=""/>
    <member type="way" ref="1180381301" role=""/>
    <member type="way" ref="1180381214" role=""/>
    <member type="way" ref="1180381318" role=""/>
    <member type="way" ref="27996703" role=""/>
    <member type="way" ref="524989187" role=""/>
    <member type="way" ref="152841015" role=""/>
    <member type="way" ref="145591829" role=""/>
    <member type="way" ref="1197007990" role=""/>
    <member type="way" ref="1395778325" role=""/>
    <member type="way" ref="1052528303" role=""/>
    <member type="way" ref="167009444" role=""/>
    <member type="way" ref="686450249" role=""/>
    <member type="way" ref="686450247" role=""/>
    <member type="way" ref="1395774141" role=""/>
    <member type="way" ref="1395774662" role=""/>
    <member type="way" ref="686450245" role=""/>
    <member type="way" ref="337037279" role=""/>
    <member type="way" ref="979344958" role=""/>
    <member type="way" ref="686450243" role=""/>
    <member type="way" ref="931742755" role=""/>
    <member type="way" ref="686450242" role=""/>
    <member type="way" ref="58662879" role=""/>
    <member type="way" ref="48424224" role=""/>
    <member type="way" ref="48743886" role=""/>
    <member type="way" ref="34202796" role=""/>
    <member type="way" ref="312974909" role=""/>
    <member type="way" ref="58662876" role=""/>
    <member type="way" ref="759352895" role=""/>
    <member type="way" ref="686419198" role=""/>
    <member type="way" ref="759352894" role=""/>
    <member type="way" ref="998179279" role=""/>
    <member type="way" ref="998179280" role=""/>
    <member type="way" ref="1278462173" role=""/>
    <member type="way" ref="231037729" role=""/>
    <member type="way" ref="231037730" role=""/>
    <member type="way" ref="231037732" role=""/>
    <member type="way" ref="1458377187" role=""/>
    <member type="way" ref="1458377191" role=""/>
    <member type="way" ref="1458377189" role=""/>
    <member type="way" ref="666413945" role=""/>
    <member type="way" ref="759352893" role=""/>
    <member type="way" ref="1161086683" role=""/>
    <member type="way" ref="533417444" role=""/>
    <member type="way" ref="275492717" role=""/>
    <member type="way" ref="275472565" role=""/>
    <member type="way" ref="931742754" role=""/>
    <member type="way" ref="1278450465" role=""/>
    <member type="way" ref="1189856524" role=""/>
    <member type="way" ref="1395649279" role=""/>
    <member type="way" ref="1395649278" role=""/>
    <member type="way" ref="545438350" role=""/>
    <member type="way" ref="1240787824" role=""/>
    <member type="way" ref="40014646" role=""/>
    <member type="way" ref="275474956" role=""/>
    <member type="way" ref="1189856519" role=""/>
    <member type="way" ref="686419195" role=""/>
    <member type="way" ref="275472567" role=""/>
    <member type="way" ref="275472571" role=""/>
    <member type="way" ref="1208596308" role=""/>
    <member type="way" ref="102022197" role=""/>
    <member type="way" ref="686418550" role=""/>
    <member type="way" ref="1203882070" role=""/>
    <member type="way" ref="686418549" role=""/>
    <member type="way" ref="359218695" role=""/>
    <member type="way" ref="1162258857" role=""/>
    <member type="way" ref="1278793865" role=""/>
    <member type="way" ref="1189375402" role=""/>
    <member type="way" ref="1240787807" role=""/>
    <member type="way" ref="986934449" role=""/>
    <member type="way" ref="1189375399" role=""/>
    <member type="way" ref="986934448" role=""/>
    <member type="way" ref="1189375405" role=""/>
    <member type="way" ref="1458515382" role=""/>
    <member type="way" ref="1458515381" role=""/>
    <member type="way" ref="1345127779" role=""/>
    <member type="way" ref="1345127778" role=""/>
    <member type="way" ref="157471603" role=""/>
    <member type="way" ref="986934457" role=""/>
    <member type="way" ref="986934459" role=""/>
    <member type="way" ref="986934460" role=""/>
    <member type="way" ref="759352892" role=""/>
    <member type="way" ref="986934458" role=""/>
    <member type="way" ref="23430743" role=""/>
    <member type="way" ref="1396128573" role=""/>
    <member type="way" ref="1396128572" role=""/>
    <member type="way" ref="1189856530" role=""/>
    <member type="way" ref="914650753" role=""/>
    <member type="way" ref="1190388075" role=""/>
    <member type="way" ref="737997658" role=""/>
    <member type="way" ref="1189856531" role=""/>
    <member type="way" ref="1396127118" role=""/>
    <member type="way" ref="759352888" role=""/>
    <member type="way" ref="1455334297" role=""/>
    <member type="way" ref="759352887" role=""/>
    <member type="way" ref="426902317" role=""/>
    <member type="way" ref="686417062" role=""/>
    <member type="way" ref="474570625" role=""/>
    <member type="way" ref="474570624" role=""/>
    <member type="way" ref="129708499" role=""/>
    <member type="way" ref="758586754" role=""/>
    <member type="way" ref="758586753" role=""/>
    <member type="way" ref="758586756" role=""/>
    <member type="way" ref="758586755" role=""/>
    <member type="way" ref="686416681" role=""/>
    <member type="way" ref="1313574921" role=""/>
    <member type="way" ref="1313574923" role=""/>
    <member type="way" ref="426902363" role=""/>
    <member type="way" ref="1313574924" role=""/>
    <member type="way" ref="426902358" role=""/>
    <member type="way" ref="38864204" role=""/>
    <member type="way" ref="1313575141" role=""/>
    <member type="way" ref="1313575142" role=""/>
    <member type="way" ref="38696020" role=""/>
    <member type="way" ref="40592381" role=""/>
    <member type="way" ref="38754929" role=""/>
    <member type="way" ref="759352882" role=""/>
    <member type="way" ref="248585733" role=""/>
    <member type="way" ref="1313575286" role=""/>
    <member type="way" ref="1278789738" role=""/>
    <member type="way" ref="235236508" role=""/>
    <member type="way" ref="1190388072" role=""/>
    <member type="way" ref="1190388071" role=""/>
    <member type="way" ref="1190388070" role=""/>
    <member type="way" ref="686416314" role=""/>
    <member type="way" ref="1278789736" role=""/>
    <member type="way" ref="1458074298" role=""/>
    <member type="way" ref="128124094" role=""/>
    <member type="way" ref="1458072154" role=""/>
    <member type="way" ref="1190388068" role=""/>
    <member type="way" ref="931868510" role=""/>
    <member type="way" ref="1458071491" role=""/>
    <member type="way" ref="1458071494" role=""/>
    <member type="way" ref="28066298" role=""/>
    <member type="way" ref="1458509240" role=""/>
    <member type="way" ref="851923902" role=""/>
    <member type="way" ref="1458508075" role=""/>
    <member type="way" ref="1272494319" role=""/>
    <member type="way" ref="1251184655" role=""/>
    <member type="way" ref="38668992" role=""/>
    <member type="way" ref="38669041" role=""/>
    <member type="way" ref="1273641899" role=""/>
    <member type="way" ref="1458379054" role=""/>
    <member type="way" ref="1458379049" role=""/>
    <member type="way" ref="1458379046" role=""/>
    <member type="way" ref="1458379047" role=""/>
    <member type="way" ref="1272493683" role=""/>
    <member type="way" ref="1272489020" role=""/>
    <member type="way" ref="1272488447" role=""/>
    <member type="way" ref="1458384798" role=""/>
    <member type="way" ref="1313696184" role=""/>
    <member type="way" ref="1313696185" role=""/>
    <member type="way" ref="1313695839" role=""/>
    <member type="way" ref="1313695840" role=""/>
    <member type="way" ref="1455332784" role=""/>
    <member type="way" ref="1455332785" role=""/>
    <member type="way" ref="38668977" role=""/>
    <member type="way" ref="1272487979" role=""/>
    <member type="way" ref="1455829648" role=""/>
    <member type="way" ref="1313576439" role=""/>
    <member type="way" ref="30922720" role=""/>
    <member type="way" ref="1036317809" role="forward"/>
    <member type="way" ref="1036317808" role="forward"/>
    <member type="way" ref="1046862880" role="forward"/>
    <member type="way" ref="1046862878" role="forward"/>
    <member type="way" ref="234998840" role="forward"/>
    <member type="way" ref="1046862879" role="forward"/>
    <member type="way" ref="1313497651" role=""/>
    <member type="way" ref="1313499010" role=""/>
    <member type="way" ref="1036491068" role=""/>
    <member type="way" ref="1103593967" role=""/>
    <member type="way" ref="1103593966" role=""/>
    <member type="way" ref="1103593961" role=""/>
    <member type="way" ref="1103265786" role=""/>
    <member type="way" ref="1105872919" role=""/>
    <member type="way" ref="295054638" role=""/>
    <member type="way" ref="1412489274" role=""/>
    <member type="way" ref="1090303467" role=""/>
    <member type="way" ref="1090303464" role=""/>
    <member type="way" ref="1237935809" role=""/>
    <member type="way" ref="482443482" role=""/>
    <member type="way" ref="1088462893" role=""/>
    <member type="way" ref="1157162318" role=""/>
    <member type="way" ref="1157162319" role=""/>
    <member type="way" ref="1157162317" role=""/>
    <member type="way" ref="1157162316" role=""/>
    <member type="way" ref="495590710" role=""/>
    <member type="way" ref="1157162314" role=""/>
    <member type="way" ref="1280111282" role=""/>
    <member type="way" ref="1157162315" role=""/>
    <member type="way" ref="1157162313" role=""/>
    <member type="way" ref="1157162321" role=""/>
    <member type="way" ref="1333099361" role=""/>
    <member type="way" ref="1157162320" role=""/>
    <member type="way" ref="1455432970" role=""/>
    <member type="way" ref="58201219" role=""/>
    <member type="way" ref="686456196" role=""/>
    <member type="way" ref="605601058" role=""/>
    <member type="way" ref="686456197" role=""/>
    <member type="way" ref="1455966256" role=""/>
    <member type="way" ref="1455433647" role=""/>
    <member type="way" ref="1313372537" role=""/>
    <member type="way" ref="308990167" role=""/>
    <member type="way" ref="308990189" role=""/>
    <member type="way" ref="1313372533" role=""/>
    <member type="way" ref="900013370" role=""/>
    <member type="way" ref="900013369" role=""/>
    <member type="way" ref="900013368" role=""/>
    <member type="way" ref="900013367" role=""/>
    <member type="way" ref="1239773832" role=""/>
    <member type="way" ref="308990198" role=""/>
    <member type="way" ref="1313372532" role=""/>
    <member type="way" ref="1313372530" role=""/>
    <member type="way" ref="809261497" role=""/>
    <member type="way" ref="1313372529" role=""/>
    <member type="way" ref="1455432565" role=""/>
    <member type="way" ref="627187149" role=""/>
    <member type="way" ref="1455432564" role=""/>
    <member type="way" ref="39538096" role=""/>
    <member type="way" ref="1381874451" role=""/>
    <member type="way" ref="699909674" role=""/>
    <member type="way" ref="1381874243" role=""/>
    <member type="way" ref="1455836554" role=""/>
    <member type="way" ref="293288496" role=""/>
    <member type="way" ref="1455836553" role=""/>
    <member type="way" ref="430427606" role=""/>
    <member type="way" ref="430427610" role=""/>
    <member type="way" ref="430427617" role=""/>
    <member type="way" ref="430427604" role=""/>
    <member type="way" ref="94422451" role=""/>
    <member type="way" ref="430427614" role=""/>
    <member type="way" ref="1455837216" role=""/>
    <member type="way" ref="1455837215" role=""/>
    <member type="way" ref="430507938" role=""/>
    <member type="way" ref="221574802" role=""/>
    <member type="way" ref="1313372322" role=""/>
    <member type="way" ref="1313372321" role=""/>
    <member type="way" ref="425651857" role=""/>
    <member type="way" ref="24288331" role=""/>
    <member type="way" ref="760530473" role=""/>
    <member type="way" ref="430427627" role=""/>
    <member type="way" ref="430427632" role=""/>
    <member type="way" ref="1313511251" role=""/>
    <member type="way" ref="430427603" role=""/>
    <member type="way" ref="1313372318" role=""/>
    <member type="way" ref="374066854" role=""/>
    <member type="way" ref="519343626" role=""/>
    <member type="way" ref="519343625" role=""/>
    <member type="way" ref="515512503" role=""/>
    <member type="way" ref="338157506" role=""/>
    <member type="way" ref="1313372316" role=""/>
    <member type="way" ref="655099951" role=""/>
    <member type="way" ref="686457922" role=""/>
    <member type="way" ref="1101042551" role=""/>
    <member type="way" ref="233166005" role=""/>
    <member type="way" ref="1268228023" role=""/>
    <member type="way" ref="1393566237" role=""/>
    <member type="way" ref="686458017" role=""/>
    <member type="way" ref="27158518" role=""/>
    <member type="way" ref="1420817362" role=""/>
    <member type="way" ref="1524575410" role=""/>
    <member type="way" ref="1420817361" role=""/>
    <member type="way" ref="975674692" role=""/>
    <member type="way" ref="1085227693" role=""/>
    <member type="way" ref="274457942" role=""/>
    <member type="way" ref="1091962875" role=""/>
    <member type="way" ref="680420731" role=""/>
    <member type="way" ref="1091962879" role=""/>
    <member type="way" ref="1091962877" role=""/>
    <member type="way" ref="349184377" role=""/>
    <member type="way" ref="50336102" role=""/>
    <member type="way" ref="1091962881" role=""/>
    <member type="way" ref="678847215" role=""/>
    <member type="way" ref="467845352" role=""/>
    <member type="way" ref="48545687" role=""/>
    <member type="way" ref="50308545" role=""/>
    <member type="way" ref="678847266" role=""/>
    <member type="way" ref="701348205" role=""/>
    <member type="way" ref="978535562" role=""/>
    <member type="way" ref="1433378256" role=""/>
    <member type="way" ref="678847352" role=""/>
    <member type="way" ref="50337015" role=""/>
    <member type="way" ref="50308546" role=""/>
    <member type="way" ref="679858410" role=""/>
    <member type="way" ref="840818320" role=""/>
    <member type="way" ref="679859435" role=""/>
    <member type="way" ref="840818319" role=""/>
    <member type="way" ref="1211918895" role=""/>
    <member type="way" ref="429153725" role=""/>
    <member type="way" ref="978535220" role=""/>
    <member type="way" ref="35401113" role=""/>
    <member type="way" ref="678848151" role=""/>
    <member type="way" ref="48925366" role=""/>
    <member type="way" ref="678848193" role=""/>
    <member type="way" ref="62046296" role=""/>
    <member type="way" ref="62046295" role=""/>
    <member type="way" ref="28829157" role=""/>
    <member type="way" ref="1065679456" role=""/>
    <member type="way" ref="62046292" role=""/>
    <member type="way" ref="71406528" role=""/>
    <member type="way" ref="62046289" role=""/>
    <member type="way" ref="62046286" role=""/>
    <member type="way" ref="680411873" role=""/>
    <member type="way" ref="35668668" role=""/>
    <member type="way" ref="1067964478" role=""/>
    <member type="way" ref="35606526" role=""/>
    <member type="way" ref="61412687" role=""/>
    <member type="way" ref="1456909199" role=""/>
    <member type="way" ref="61412695" role=""/>
    <member type="way" ref="680412588" role=""/>
    <member type="way" ref="503112256" role=""/>
    <member type="way" ref="1432630137" role=""/>
    <member type="way" ref="375287127" role=""/>
    <member type="way" ref="963481349" role=""/>
    <member type="way" ref="1311262875" role=""/>
    <member type="way" ref="1065922126" role=""/>
    <member type="way" ref="1068405211" role=""/>
    <member type="way" ref="167162409" role=""/>
    <member type="way" ref="680413371" role=""/>
    <member type="way" ref="1311262878" role=""/>
    <member type="way" ref="235243960" role=""/>
    <member type="way" ref="235243961" role=""/>
    <member type="way" ref="1042118626" role=""/>
    <member type="way" ref="976774337" role=""/>
    <member type="way" ref="976774336" role=""/>
    <member type="way" ref="442096610" role=""/>
    <member type="way" ref="442096599" role=""/>
    <member type="way" ref="442096608" role=""/>
    <member type="way" ref="442096614" role=""/>
    <member type="way" ref="442096606" role=""/>
    <member type="way" ref="442096605" role=""/>
    <member type="way" ref="680417640" role=""/>
    <member type="way" ref="680417684" role=""/>
    <member type="way" ref="1030145493" role=""/>
    <member type="way" ref="1030145495" role=""/>
    <member type="way" ref="1030145492" role=""/>
    <member type="way" ref="1316811365" role=""/>
    <member type="way" ref="1030145486" role=""/>
    <member type="way" ref="1145142924" role=""/>
    <member type="way" ref="874724491" role=""/>
    <member type="way" ref="1145142897" role=""/>
    <member type="way" ref="1145142909" role=""/>
    <member type="way" ref="1145142907" role=""/>
    <member type="way" ref="346641397" role=""/>
    <member type="way" ref="416859996" role=""/>
    <member type="way" ref="786149272" role=""/>
    <member type="way" ref="65239199" role=""/>
    <member type="way" ref="786016407" role=""/>
    <member type="way" ref="786016406" role=""/>
    <member type="way" ref="1131690623" role=""/>
    <member type="way" ref="61650492" role=""/>
    <member type="way" ref="417093662" role=""/>
    <member type="way" ref="786016402" role=""/>
    <member type="way" ref="1131690637" role=""/>
    <member type="way" ref="383077463" role=""/>
    <member type="way" ref="62689491" role=""/>
    <member type="way" ref="424893099" role=""/>
    <member type="way" ref="60739178" role=""/>
    <member type="way" ref="1311262879" role=""/>
    <member type="way" ref="377596992" role=""/>
    <member type="way" ref="60739199" role=""/>
    <member type="way" ref="993563487" role=""/>
    <member type="way" ref="60739121" role=""/>
    <member type="way" ref="1192483581" role=""/>
    <member type="way" ref="993563486" role=""/>
    <member type="way" ref="1412325077" role=""/>
    <member type="way" ref="134434104" role=""/>
    <member type="way" ref="60795014" role=""/>
    <member type="way" ref="1311262882" role=""/>
    <member type="way" ref="684138422" role=""/>
    <member type="way" ref="1455553102" role=""/>
    <member type="way" ref="944046139" role=""/>
    <member type="way" ref="1455798393" role=""/>
    <member type="way" ref="1455553104" role=""/>
    <member type="way" ref="1455553106" role=""/>
    <member type="way" ref="944046141" role=""/>
    <member type="way" ref="856899179" role=""/>
    <member type="way" ref="350952570" role=""/>
    <member type="way" ref="1297473872" role=""/>
    <member type="way" ref="53348074" role=""/>
    <member type="way" ref="493177176" role=""/>
    <member type="way" ref="493177171" role=""/>
    <member type="way" ref="493177166" role=""/>
    <member type="way" ref="493177175" role=""/>
    <member type="way" ref="1310861332" role=""/>
    <member type="way" ref="1311569951" role=""/>
    <member type="way" ref="503850370" role=""/>
    <member type="way" ref="93653620" role=""/>
    <member type="way" ref="299748856" role=""/>
    <member type="way" ref="1419036346" role=""/>
    <member type="way" ref="1418343379" role=""/>
    <member type="way" ref="134799814" role=""/>
    <member type="way" ref="134799816" role=""/>
    <member type="way" ref="117393965" role=""/>
    <member type="way" ref="1311569958" role=""/>
    <member type="way" ref="96790862" role=""/>
    <member type="way" ref="975983850" role=""/>
    <member type="way" ref="1311881289" role=""/>
    <member type="way" ref="1311881291" role=""/>
    <member type="way" ref="117393908" role=""/>
    <member type="way" ref="1311569959" role=""/>
    <member type="way" ref="26453983" role=""/>
    <member type="way" ref="117393930" role=""/>
    <member type="way" ref="117393924" role=""/>
    <member type="way" ref="1311881561" role=""/>
    <member type="way" ref="448482121" role=""/>
    <member type="way" ref="1311571310" role=""/>
    <member type="way" ref="1236064732" role=""/>
    <member type="way" ref="1311569962" role=""/>
    <member type="way" ref="1385409017" role=""/>
    <member type="way" ref="117393939" role=""/>
    <member type="way" ref="688722234" role=""/>
    <member type="way" ref="525814124" role=""/>
    <member type="way" ref="93658853" role=""/>
    <member type="way" ref="1430381880" role=""/>
    <member type="way" ref="14351700" role=""/>
    <member type="way" ref="450813815" role=""/>
    <member type="way" ref="47117765" role=""/>
    <member type="way" ref="450813816" role=""/>
    <member type="way" ref="685724417" role=""/>
    <member type="way" ref="477375418" role=""/>
    <member type="way" ref="817343986" role=""/>
    <member type="way" ref="1311569964" role=""/>
    <member type="way" ref="817343982" role=""/>
    <member type="way" ref="817343983" role=""/>
    <member type="way" ref="817343987" role=""/>
    <member type="way" ref="450813819" role=""/>
    <member type="way" ref="117367359" role=""/>
    <member type="way" ref="117367362" role=""/>
    <member type="way" ref="816313865" role=""/>
    <member type="way" ref="1150829322" role=""/>
    <member type="way" ref="134992107" role=""/>
    <member type="way" ref="1311883663" role=""/>
    <member type="way" ref="1150841083" role=""/>
    <member type="way" ref="133062361" role=""/>
    <member type="way" ref="1325506288" role=""/>
    <member type="way" ref="1325506287" role=""/>
    <member type="way" ref="1321970542" role=""/>
    <member type="way" ref="1321970541" role=""/>
    <member type="way" ref="1301168205" role=""/>
    <member type="way" ref="1325506967" role=""/>
    <member type="way" ref="1325506968" role=""/>
    <member type="way" ref="1331696896" role=""/>
    <member type="way" ref="1357025209" role=""/>
    <member type="way" ref="395166285" role=""/>
    <member type="way" ref="1150752961" role=""/>
    <member type="way" ref="53493810" role=""/>
    <member type="way" ref="529094665" role=""/>
    <member type="way" ref="1357028218" role=""/>
    <member type="way" ref="1453720685" role=""/>
    <member type="way" ref="491646988" role=""/>
    <member type="way" ref="491646987" role=""/>
    <member type="way" ref="292462479" role=""/>
    <member type="way" ref="20640062" role=""/>
    <member type="way" ref="1325508393" role=""/>
    <member type="way" ref="491646986" role=""/>
    <member type="way" ref="236816790" role=""/>
    <member type="way" ref="1308897320" role=""/>
    <member type="way" ref="996257454" role=""/>
    <member type="way" ref="1313502363" role=""/>
    <member type="way" ref="1313502366" role=""/>
    <member type="way" ref="1313502367" role=""/>
    <member type="way" ref="1313502368" role=""/>
    <member type="way" ref="1082313795" role=""/>
    <member type="way" ref="1420068249" role=""/>
    <member type="way" ref="100650175" role=""/>
    <member type="way" ref="1314180619" role=""/>
    <member type="way" ref="1314180618" role=""/>
    <member type="way" ref="77502630" role=""/>
    <member type="way" ref="322204143" role=""/>
    <member type="way" ref="273503855" role=""/>
    <member type="way" ref="273503853" role=""/>
    <member type="way" ref="273494303" role=""/>
    <member type="way" ref="82780536" role=""/>
    <member type="way" ref="82780540" role=""/>
    <member type="way" ref="1313581693" role=""/>
    <member type="way" ref="294379854" role=""/>
    <member type="way" ref="100646294" role=""/>
    <member type="way" ref="100646292" role=""/>
    <member type="way" ref="1313322734" role=""/>
    <member type="way" ref="237163648" role=""/>
    <member type="way" ref="283687161" role=""/>
    <member type="way" ref="1382195900" role=""/>
    <member type="way" ref="259789304" role=""/>
    <member type="way" ref="1313582458" role=""/>
    <member type="way" ref="1382195899" role=""/>
    <member type="way" ref="259789254" role=""/>
    <member type="way" ref="244666426" role=""/>
    <member type="way" ref="1313322731" role=""/>
    <member type="way" ref="186432579" role=""/>
    <member type="way" ref="261385843" role=""/>
    <member type="way" ref="244666425" role=""/>
    <member type="way" ref="384685202" role=""/>
    <member type="way" ref="384685172" role=""/>
    <member type="way" ref="174285520" role=""/>
    <member type="way" ref="86841349" role=""/>
    <member type="way" ref="139712246" role=""/>
    <member type="way" ref="1211519558" role=""/>
    <member type="way" ref="244666434" role=""/>
    <member type="way" ref="244666417" role=""/>
    <member type="way" ref="1273640893" role=""/>
    <member type="way" ref="1080809074" role=""/>
    <member type="way" ref="308913290" role=""/>
    <member type="way" ref="1080809081" role=""/>
    <member type="way" ref="184562271" role=""/>
    <member type="way" ref="1184591087" role=""/>
    <member type="way" ref="96327222" role=""/>
    <member type="way" ref="1313322135" role=""/>
    <member type="way" ref="286082066" role=""/>
    <member type="way" ref="1102308823" role=""/>
    <member type="way" ref="316088908" role=""/>
    <member type="way" ref="1313321656" role=""/>
    <member type="way" ref="1313321655" role=""/>
    <member type="way" ref="1321781468" role=""/>
    <member type="way" ref="1313342842" role=""/>
    <member type="way" ref="1321781467" role=""/>
    <member type="way" ref="1313342843" role=""/>
    <member type="way" ref="1313321653" role=""/>
    <member type="way" ref="1321781469" role=""/>
    <member type="way" ref="1384828304" role=""/>
    <member type="way" ref="1384828281" role=""/>
    <member type="way" ref="784005642" role=""/>
    <member type="way" ref="1384832341" role=""/>
    <member type="way" ref="1384832339" role=""/>
    <member type="way" ref="1335559217" role=""/>
    <member type="way" ref="1384832114" role=""/>
    <member type="way" ref="1384828136" role=""/>
    <member type="way" ref="1384828137" role=""/>
    <member type="way" ref="462705770" role=""/>
    <member type="way" ref="462705767" role=""/>
    <member type="way" ref="312653088" role=""/>
    <member type="way" ref="312653087" role=""/>
    <member type="way" ref="225232963" role=""/>
    <member type="way" ref="311703415" role=""/>
    <member type="way" ref="46695885" role=""/>
    <member type="way" ref="1436483149" role=""/>
    <member type="way" ref="46695892" role=""/>
    <member type="way" ref="46695891" role=""/>
    <member type="way" ref="46695890" role=""/>
    <member type="way" ref="46695889" role=""/>
    <member type="way" ref="46695888" role=""/>
    <member type="way" ref="1384829918" role=""/>
    <member type="way" ref="46695893" role=""/>
    <member type="way" ref="1105234030" role=""/>
    <member type="way" ref="1105241913" role=""/>
    <member type="way" ref="46694360" role=""/>
    <member type="way" ref="1381982771" role=""/>
    <member type="way" ref="304004222" role=""/>
    <member type="way" ref="1381982770" role=""/>
    <member type="way" ref="334068608" role=""/>
    <member type="way" ref="82650182" role=""/>
    <member type="way" ref="29267158" role=""/>
    <member type="way" ref="1454884434" role=""/>
    <member type="way" ref="1313320205" role=""/>
    <member type="way" ref="944869622" role=""/>
    <member type="way" ref="1051640675" role=""/>
    <member type="way" ref="1051640676" role=""/>
    <member type="way" ref="379152249" role=""/>
    <member type="way" ref="376634450" role=""/>
    <member type="way" ref="822372366" role=""/>
    <member type="way" ref="1313320202" role=""/>
    <member type="way" ref="489049434" role=""/>
    <member type="way" ref="922403087" role=""/>
    <member type="way" ref="1313320201" role=""/>
    <member type="way" ref="1161351830" role=""/>
    <member type="way" ref="1313320200" role=""/>
    <member type="way" ref="376634927" role=""/>
    <member type="way" ref="79113399" role=""/>
    <member type="way" ref="255777803" role=""/>
    <member type="way" ref="148418169" role=""/>
    <member type="way" ref="538458560" role=""/>
    <member type="way" ref="1087958596" role=""/>
    <member type="way" ref="1087958597" role=""/>
    <member type="way" ref="538458561" role=""/>
    <member type="way" ref="424972088" role=""/>
    <member type="way" ref="220664300" role=""/>
    <member type="way" ref="79119278" role=""/>
    <member type="way" ref="834934928" role=""/>
    <member type="way" ref="206638598" role=""/>
    <member type="way" ref="431443355" role=""/>
    <member type="way" ref="659295440" role=""/>
    <member type="way" ref="1313319123" role=""/>
    <member type="way" ref="1313319122" role=""/>
    <member type="way" ref="1409148660" role=""/>
    <member type="way" ref="1409156358" role=""/>
    <member type="way" ref="502426602" role=""/>
    <member type="way" ref="1409149524" role=""/>
    <member type="way" ref="1409149526" role=""/>
    <member type="way" ref="1409149525" role=""/>
    <member type="way" ref="1409149523" role=""/>
    <member type="way" ref="1180931807" role=""/>
    <member type="way" ref="1262072152" role=""/>
    <member type="way" ref="1180931810" role=""/>
    <member type="way" ref="1313319113" role=""/>
    <member type="way" ref="502426603" role=""/>
    <member type="way" ref="502426605" role=""/>
    <member type="way" ref="1454785161" role=""/>
    <member type="way" ref="1425249269" role=""/>
    <member type="way" ref="502426604" role=""/>
    <member type="way" ref="98925402" role=""/>
    <member type="way" ref="1409155918" role=""/>
    <member type="way" ref="537837676" role=""/>
    <member type="way" ref="1180931809" role=""/>
    <member type="way" ref="1409155919" role=""/>
    <member type="way" ref="1409155920" role=""/>
    <member type="way" ref="1456800398" role=""/>
    <member type="way" ref="1456800400" role=""/>
    <member type="way" ref="431441898" role=""/>
    <member type="way" ref="1409149850" role=""/>
    <member type="way" ref="922909853" role=""/>
    <member type="way" ref="1313319119" role=""/>
    <member type="way" ref="759360437" role=""/>
    <member type="way" ref="1409158907" role=""/>
    <member type="way" ref="1456800401" role=""/>
    <member type="way" ref="424288534" role=""/>
    <member type="way" ref="1409160079" role=""/>
    <member type="way" ref="659295439" role=""/>
    <member type="way" ref="164222153" role=""/>
    <member type="way" ref="1226130964" role=""/>
    <member type="way" ref="982179035" role=""/>
    <member type="way" ref="905228271" role=""/>
    <member type="way" ref="1313317226" role=""/>
    <member type="way" ref="1313317225" role=""/>
    <member type="way" ref="905228268" role=""/>
    <member type="way" ref="1313317222" role=""/>
    <member type="way" ref="1190388060" role=""/>
    <member type="way" ref="1190388061" role=""/>
    <member type="way" ref="976025959" role=""/>
    <member type="way" ref="1313694576" role=""/>
    <member type="way" ref="134992109" role=""/>
    <member type="way" ref="816313675" role=""/>
    <member type="way" ref="26138351" role=""/>
    <member type="way" ref="816313674" role=""/>
    <member type="way" ref="14126086" role=""/>
    <member type="way" ref="1388534817" role=""/>
    <member type="way" ref="1105267002" role=""/>
    <member type="way" ref="1272474022" role=""/>
    <member type="way" ref="1272474021" role=""/>
    <member type="way" ref="441607894" role=""/>
    <member type="way" ref="441607888" role=""/>
    <member type="way" ref="441607900" role=""/>
    <member type="way" ref="441607899" role=""/>
    <member type="way" ref="441607895" role=""/>
    <member type="way" ref="441607893" role=""/>
    <member type="way" ref="1272605727" role=""/>
    <member type="way" ref="1105267003" role=""/>
    <member type="way" ref="1272474252" role=""/>
    <member type="way" ref="1087498631" role=""/>
    <member type="way" ref="1384900488" role=""/>
    <member type="way" ref="1059299867" role=""/>
    <member type="way" ref="257086836" role=""/>
    <member type="way" ref="480811449" role=""/>
    <member type="way" ref="1058342637" role=""/>
    <member type="way" ref="1058342636" role=""/>
    <member type="way" ref="1058342639" role=""/>
    <member type="way" ref="1058342638" role=""/>
    <member type="way" ref="1273319386" role=""/>
    <member type="way" ref="1273320230" role=""/>
    <member type="way" ref="1308897741" role=""/>
    <member type="way" ref="634138728" role=""/>
    <member type="way" ref="1312670243" role=""/>
    <member type="way" ref="293808599" role=""/>
    <member type="way" ref="1318524524" role=""/>
    <member type="way" ref="1318524525" role=""/>
    <member type="way" ref="1318524523" role=""/>
    <member type="way" ref="1310933304" role=""/>
    <member type="way" ref="882247066" role=""/>
    <member type="way" ref="182574053" role=""/>
    <member type="way" ref="411937233" role=""/>
    <member type="way" ref="1019345250" role=""/>
    <member type="way" ref="25007823" role=""/>
    <member type="way" ref="680654375" role=""/>
    <member type="way" ref="882240475" role=""/>
    <member type="way" ref="843559471" role=""/>
    <member type="way" ref="882240490" role=""/>
    <member type="way" ref="292470867" role=""/>
    <member type="way" ref="1200949230" role=""/>
    <member type="way" ref="1456927748" role=""/>
    <member type="way" ref="613852265" role=""/>
    <member type="way" ref="25007794" role=""/>
    <member type="way" ref="276384185" role=""/>
    <member type="way" ref="1514876976" role=""/>
    <member type="way" ref="1514876978" role=""/>
    <member type="way" ref="542375301" role=""/>
    <member type="way" ref="74747214" role=""/>
    <member type="way" ref="329932292" role=""/>
    <member type="way" ref="542375295" role=""/>
    <member type="way" ref="542375294" role=""/>
    <member type="way" ref="1310933299" role=""/>
    <member type="way" ref="1322147655" role=""/>
    <member type="way" ref="1514883505" role=""/>
    <member type="way" ref="1514883504" role=""/>
    <member type="way" ref="1314260098" role=""/>
    <member type="way" ref="1305195340" role=""/>
    <member type="way" ref="1305195342" role=""/>
    <member type="way" ref="1305195554" role=""/>
    <member type="way" ref="1305195556" role=""/>
    <member type="way" ref="131471479" role=""/>
    <member type="way" ref="23613589" role=""/>
    <member type="way" ref="1305195338" role=""/>
    <member type="way" ref="1305195337" role=""/>
    <member type="way" ref="1314260968" role=""/>
    <member type="way" ref="1455431780" role=""/>
    <member type="way" ref="1314260966" role=""/>
    <member type="way" ref="542375297" role=""/>
    <member type="way" ref="542375299" role=""/>
    <member type="way" ref="1310933300" role=""/>
    <member type="way" ref="1314260303" role=""/>
    <member type="way" ref="131471463" role=""/>
    <member type="way" ref="1278312022" role=""/>
    <member type="way" ref="1278312021" role=""/>
    <member type="way" ref="1315349717" role=""/>
    <member type="way" ref="1313032803" role=""/>
    <member type="way" ref="476903687" role=""/>
    <member type="way" ref="131484251" role=""/>
    <member type="way" ref="1027306070" role=""/>
    <member type="way" ref="87296244" role=""/>
    <member type="way" ref="131471475" role=""/>
    <member type="way" ref="131471477" role=""/>
    <member type="way" ref="1313032120" role=""/>
    <member type="way" ref="1313032122" role=""/>
    <member type="way" ref="131471476" role=""/>
    <member type="way" ref="1313032049" role=""/>
    <member type="way" ref="1313032051" role=""/>
    <member type="way" ref="87296254" role=""/>
    <member type="way" ref="1313031307" role=""/>
    <member type="way" ref="1310862293" role=""/>
    <member type="way" ref="157630754" role=""/>
    <member type="way" ref="1310862291" role=""/>
    <member type="way" ref="487273730" role=""/>
    <member type="way" ref="1310933293" role=""/>
    <member type="way" ref="437375682" role=""/>
    <member type="way" ref="487273731" role=""/>
    <member type="way" ref="1310933296" role=""/>
    <member type="way" ref="1310933290" role=""/>
    <member type="way" ref="891087225" role=""/>
    <member type="way" ref="1455436185" role=""/>
    <member type="way" ref="1455436186" role=""/>
    <member type="way" ref="55335235" role=""/>
    <member type="way" ref="25008738" role=""/>
    <member type="way" ref="55335234" role=""/>
    <member type="way" ref="646058863" role=""/>
    <member type="way" ref="1454989331" role=""/>
    <member type="way" ref="1190048476" role=""/>
    <member type="way" ref="1454989332" role=""/>
    <member type="way" ref="1212373536" role=""/>
    <member type="way" ref="55335518" role=""/>
    <member type="way" ref="1187884727" role=""/>
    <member type="way" ref="37806745" role=""/>
    <member type="way" ref="1014932229" role=""/>
    <member type="way" ref="38088012" role=""/>
    <member type="way" ref="1310933286" role=""/>
    <member type="way" ref="1187872733" role=""/>
    <member type="way" ref="1197828703" role=""/>
    <member type="way" ref="1187872735" role=""/>
    <member type="way" ref="1456933409" role=""/>
    <member type="way" ref="74037573" role=""/>
    <member type="way" ref="75764854" role=""/>
    <member type="way" ref="189213124" role=""/>
    <member type="way" ref="682252382" role=""/>
    <member type="way" ref="622817958" role=""/>
    <member type="way" ref="1454991336" role=""/>
    <member type="way" ref="1310928550" role=""/>
    <member type="way" ref="1310928551" role=""/>
    <member type="way" ref="1272048866" role=""/>
    <member type="way" ref="593903298" role=""/>
    <member type="way" ref="682252456" role=""/>
    <member type="way" ref="593903301" role=""/>
    <member type="way" ref="55336091" role=""/>
    <member type="way" ref="35444982" role=""/>
    <member type="way" ref="1356779485" role=""/>
    <member type="way" ref="1296709964" role=""/>
    <member type="way" ref="1154503005" role=""/>
    <member type="way" ref="53609199" role=""/>
    <member type="way" ref="45308106" role=""/>
    <member type="way" ref="1296709967" role=""/>
    <member type="way" ref="1312576903" role=""/>
    <member type="way" ref="27392935" role=""/>
    <member type="way" ref="1310943759" role=""/>
    <member type="way" ref="1310943758" role=""/>
    <member type="way" ref="176491368" role=""/>
    <member type="way" ref="23557247" role=""/>
    <member type="way" ref="176491342" role=""/>
    <member type="way" ref="1311027183" role=""/>
    <member type="way" ref="1311027184" role=""/>
    <member type="way" ref="1311027181" role=""/>
    <member type="way" ref="1292743067" role=""/>
    <member type="way" ref="1387101073" role=""/>
    <member type="way" ref="1319626869" role=""/>
    <member type="way" ref="1312883404" role=""/>
    <member type="way" ref="1319360670" role=""/>
    <member type="way" ref="1312878764" role=""/>
    <member type="way" ref="1331729920" role=""/>
    <member type="way" ref="1328250183" role=""/>
    <member type="way" ref="1331729921" role=""/>
    <member type="way" ref="1312879692" role=""/>
    <member type="way" ref="1312880274" role=""/>
    <member type="way" ref="1331729923" role=""/>
    <member type="way" ref="1331729922" role=""/>
    <member type="way" ref="1331730120" role=""/>
    <member type="way" ref="1331730121" role=""/>
    <member type="way" ref="1292743068" role=""/>
    <member type="way" ref="1331730122" role=""/>
    <member type="way" ref="1292747144" role=""/>
    <member type="way" ref="1226030963" role=""/>
    <member type="way" ref="1292747310" role=""/>
    <member type="way" ref="1311027188" role=""/>
    <member type="way" ref="644925309" role=""/>
    <member type="way" ref="1292747309" role=""/>
    <member type="way" ref="1311027186" role=""/>
    <member type="way" ref="1292964250" role=""/>
    <member type="way" ref="1292964139" role=""/>
    <member type="way" ref="1292964141" role=""/>
    <member type="way" ref="1292963886" role=""/>
    <member type="way" ref="1292963884" role=""/>
    <member type="way" ref="570072297" role=""/>
    <member type="way" ref="570072298" role=""/>
    <member type="way" ref="570072302" role=""/>
    <member type="way" ref="161616687" role=""/>
    <member type="way" ref="570072301" role=""/>
    <member type="way" ref="570072300" role=""/>
    <member type="way" ref="570072299" role=""/>
    <member type="way" ref="1312877977" role=""/>
    <member type="way" ref="1312877976" role=""/>
    <member type="way" ref="1312877975" role=""/>
    <member type="way" ref="887815799" role=""/>
    <member type="way" ref="176491367" role=""/>
    <member type="way" ref="1311027187" role=""/>
    <member type="way" ref="1152801550" role=""/>
    <member type="way" ref="1152801554" role=""/>
    <member type="way" ref="1152801551" role=""/>
    <member type="way" ref="1152801556" role=""/>
    <member type="way" ref="1311040332" role=""/>
    <member type="way" ref="86339451" role=""/>
    <member type="way" ref="682255555" role=""/>
    <member type="way" ref="143310590" role=""/>
    <member type="way" ref="195701543" role=""/>
    <member type="way" ref="195701542" role=""/>
    <member type="way" ref="682255658" role=""/>
    <member type="way" ref="27116851" role=""/>
    <member type="way" ref="1300079439" role=""/>
    <member type="way" ref="133728406" role=""/>
    <member type="way" ref="1433808031" role=""/>
    <member type="way" ref="1311040336" role=""/>
    <member type="way" ref="1311040335" role=""/>
    <member type="way" ref="1311040334" role=""/>
    <member type="way" ref="1311040333" role=""/>
    <member type="way" ref="1306925621" role=""/>
    <member type="way" ref="1312884531" role=""/>
    <member type="way" ref="1306925622" role=""/>
    <member type="way" ref="131118863" role=""/>
    <member type="way" ref="1306925625" role=""/>
    <member type="way" ref="1306925626" role=""/>
    <member type="way" ref="1312885128" role=""/>
    <member type="way" ref="447275611" role=""/>
    <member type="way" ref="131118855" role=""/>
    <member type="way" ref="1152294257" role=""/>
    <member type="way" ref="1312886071" role=""/>
    <member type="way" ref="1312886074" role=""/>
    <member type="way" ref="1152294256" role=""/>
    <member type="way" ref="27219907" role=""/>
    <member type="way" ref="992466930" role=""/>
    <member type="way" ref="992466931" role=""/>
    <member type="way" ref="1152294255" role=""/>
    <member type="way" ref="475934523" role=""/>
    <member type="way" ref="1312514411" role=""/>
    <member type="way" ref="206565334" role=""/>
    <member type="way" ref="1454920338" role=""/>
    <member type="way" ref="1312514413" role=""/>
    <member type="way" ref="476241154" role=""/>
    <member type="way" ref="1456357371" role=""/>
    <member type="way" ref="476241153" role=""/>
    <member type="way" ref="206568870" role=""/>
    <member type="way" ref="1300079437" role=""/>
    <member type="way" ref="85290470" role=""/>
    <member type="way" ref="1311254736" role=""/>
    <member type="way" ref="1454919741" role=""/>
    <member type="way" ref="476146138" role=""/>
    <member type="way" ref="1311255348" role=""/>
    <member type="way" ref="476146137" role=""/>
    <member type="way" ref="85290444" role=""/>
    <member type="way" ref="1456358311" role=""/>
    <member type="way" ref="1456359273" role=""/>
    <member type="way" ref="1456359275" role=""/>
    <member type="way" ref="1313095302" role=""/>
    <member type="way" ref="1442717755" role=""/>
    <member type="way" ref="494156586" role=""/>
    <member type="way" ref="1300040220" role=""/>
    <member type="way" ref="1313095304" role=""/>
    <member type="way" ref="1300040223" role=""/>
    <member type="way" ref="1312113058" role=""/>
    <member type="way" ref="1312113062" role=""/>
    <member type="way" ref="733349383" role=""/>
    <member type="way" ref="733297740" role=""/>
    <member type="way" ref="1456360479" role=""/>
    <member type="way" ref="1312113059" role=""/>
    <member type="way" ref="85290454" role=""/>
    <member type="way" ref="1312114056" role=""/>
    <member type="way" ref="685032746" role=""/>
    <member type="way" ref="1312114057" role=""/>
    <member type="way" ref="187033600" role=""/>
    <member type="way" ref="188225011" role=""/>
    <member type="way" ref="878459751" role=""/>
    <member type="way" ref="878459728" role=""/>
    <member type="way" ref="878459752" role=""/>
    <member type="way" ref="1312512494" role=""/>
    <member type="way" ref="189241825" role=""/>
    <member type="way" ref="486740421" role=""/>
    <member type="way" ref="288106224" role=""/>
    <member type="way" ref="288106225" role=""/>
    <member type="way" ref="288106223" role=""/>
    <member type="way" ref="288106226" role=""/>
    <member type="way" ref="331484203" role=""/>
    <member type="way" ref="1312114059" role=""/>
    <member type="way" ref="331484204" role=""/>
    <member type="way" ref="1312114060" role=""/>
    <member type="way" ref="922921010" role=""/>
    <member type="way" ref="127299680" role=""/>
    <member type="way" ref="127299683" role=""/>
    <member type="way" ref="685033413" role=""/>
    <member type="way" ref="685033414" role=""/>
    <member type="way" ref="127299684" role=""/>
    <member type="way" ref="1188535505" role=""/>
    <member type="way" ref="49452544" role=""/>
    <member type="way" ref="1375599291" role=""/>
    <member type="way" ref="1375599290" role=""/>
    <member type="way" ref="1375595776" role=""/>
    <member type="way" ref="46331668" role=""/>
    <member type="way" ref="1278636369" role=""/>
    <member type="way" ref="511700230" role=""/>
    <member type="way" ref="501686582" role=""/>
    <member type="way" ref="338214519" role=""/>
    <member type="way" ref="338214543" role=""/>
    <member type="way" ref="1312114377" role=""/>
    <member type="way" ref="226952708" role=""/>
    <member type="way" ref="532161197" role=""/>
    <member type="way" ref="1313099155" role=""/>
    <member type="way" ref="1071670430" role=""/>
    <member type="way" ref="1071670432" role=""/>
    <member type="way" ref="624808159" role=""/>
    <member type="way" ref="1312114709" role=""/>
    <member type="way" ref="624812283" role=""/>
    <member type="way" ref="229936506" role=""/>
    <member type="way" ref="1312114710" role=""/>
    <member type="way" ref="229936495" role=""/>
    <member type="way" ref="229936493" role=""/>
    <member type="way" ref="670423541" role=""/>
    <member type="way" ref="1313101892" role=""/>
    <member type="way" ref="1313101891" role=""/>
    <member type="way" ref="229936476" role=""/>
    <member type="way" ref="229936475" role=""/>
    <member type="way" ref="229936507" role=""/>
    <member type="way" ref="229936487" role=""/>
    <member type="way" ref="64700664" role=""/>
    <member type="way" ref="1388235226" role=""/>
    <member type="way" ref="1312114715" role=""/>
    <member type="way" ref="1456289111" role=""/>
    <member type="way" ref="1312114716" role=""/>
    <member type="way" ref="1456289112" role=""/>
    <member type="way" ref="1375599759" role=""/>
    <member type="way" ref="1313101994" role=""/>
    <member type="way" ref="1456290549" role=""/>
    <member type="way" ref="1456290550" role=""/>
    <member type="way" ref="1312115491" role=""/>
    <member type="way" ref="229936470" role=""/>
    <member type="way" ref="465231710" role=""/>
    <member type="way" ref="1313104147" role=""/>
    <member type="way" ref="1313105571" role=""/>
    <member type="way" ref="1313105570" role=""/>
    <member type="way" ref="1312115495" role=""/>
    <member type="way" ref="1312115496" role=""/>
    <member type="way" ref="1312115498" role=""/>
    <member type="way" ref="1312115497" role=""/>
    <member type="way" ref="987496628" role=""/>
    <member type="way" ref="1312115501" role=""/>
    <member type="way" ref="1312115500" role=""/>
    <member type="way" ref="1456299322" role=""/>
    <member type="way" ref="1456299320" role=""/>
    <member type="way" ref="685034526" role=""/>
    <member type="way" ref="1315946977" role=""/>
    <member type="way" ref="1315946976" role=""/>
    <member type="way" ref="1456778519" role=""/>
    <member type="way" ref="166261085" role=""/>
    <member type="way" ref="62656068" role=""/>
    <member type="way" ref="62656053" role=""/>
    <member type="way" ref="229315054" role=""/>
    <member type="way" ref="1388227621" role=""/>
    <member type="way" ref="338214551" role=""/>
    <member type="way" ref="300549558" role=""/>
    <member type="way" ref="1312115504" role=""/>
    <member type="way" ref="1312115506" role=""/>
    <member type="way" ref="856446665" role=""/>
    <member type="way" ref="1089944422" role=""/>
    <member type="way" ref="1352441621" role=""/>
    <member type="way" ref="296991175" role=""/>
    <member type="way" ref="1313338863" role=""/>
    <member type="way" ref="285871039" role=""/>
    <member type="way" ref="1296709960" role=""/>
    <member type="way" ref="414769545" role=""/>
    <member type="way" ref="856445612" role=""/>
    <member type="way" ref="856445609" role=""/>
    <member type="way" ref="1183358647" role=""/>
    <member type="way" ref="1312329913" role=""/>
    <member type="way" ref="1300079434" role=""/>
    <member type="way" ref="142620533" role=""/>
    <member type="way" ref="995927230" role=""/>
    <member type="way" ref="424725608" role=""/>
    <member type="way" ref="1313317213" role=""/>
    <member type="way" ref="86446572" role=""/>
    <member type="way" ref="103817247" role=""/>
    <member type="way" ref="1313317214" role=""/>
    <member type="way" ref="148420098" role=""/>
    <member type="way" ref="1313317215" role=""/>
    <member type="way" ref="1313317216" role=""/>
    <member type="way" ref="427361891" role=""/>
    <member type="way" ref="659902647" role=""/>
    <member type="way" ref="1313317220" role=""/>
    <member type="way" ref="1311040330" role=""/>
    <member type="way" ref="1152801555" role=""/>
    <member type="way" ref="23510500" role=""/>
    <member type="way" ref="1308897744" role=""/>
    <member type="way" ref="1388527181" role=""/>
    <member type="way" ref="1389657430" role=""/>
    <member type="way" ref="1263845414" role=""/>
    <member type="way" ref="1313032979" role=""/>
    <member type="way" ref="131471461" role=""/>
    <member type="way" ref="1314260969" role=""/>
    <member type="way" ref="260332734" role=""/>
    <member type="way" ref="1313581685" role=""/>
    <member type="way" ref="322204104" role=""/>
    <member type="way" ref="322204150" role=""/>
    <member type="way" ref="1393738375" role=""/>
    <member type="way" ref="978823565" role=""/>
    <member type="way" ref="1388270344" role=""/>
    <member type="way" ref="1105310162" role=""/>
    <member type="way" ref="271218645" role=""/>
    <member type="way" ref="1458852632" role=""/>
    <member type="way" ref="1395851659" role=""/>
    <member type="way" ref="1395776881" role=""/>
    <member type="way" ref="1193423896" role=""/>
    <member type="way" ref="686450932" role=""/>
    <member type="way" ref="107231883" role=""/>
    <member type="way" ref="102602029" role=""/>
    <member type="way" ref="1086219435" role=""/>
    <member type="way" ref="426450126" role=""/>
    <member type="way" ref="1428811839" role=""/>
    <member type="way" ref="1428811840" role=""/>
    <member type="way" ref="1428811841" role=""/>
    <member type="way" ref="1428811842" role=""/>
    <member type="way" ref="1433532055" role=""/>
    <member type="way" ref="1060204690" role=""/>
    <member type="way" ref="1313319110" role=""/>
    <member type="way" ref="156918889" role=""/>
    <member type="way" ref="1313318127" role=""/>
    <member type="way" ref="1313318126" role=""/>
    <member type="way" ref="817329222" role=""/>
    <member type="way" ref="83389691" role=""/>
    <member type="way" ref="191190568" role=""/>
    <member type="way" ref="1454914274" role=""/>
    <member type="way" ref="1100930477" role=""/>
    <member type="way" ref="1313317724" role=""/>
    <member type="way" ref="1028281819" role=""/>
    <member type="way" ref="740729257" role=""/>
    <member type="way" ref="1433532852" role=""/>
    <member type="way" ref="586965443" role=""/>
    <member type="way" ref="586965441" role=""/>
    <member type="way" ref="1313317723" role=""/>
    <member type="way" ref="991253653" role=""/>
    <member type="way" ref="83389655" role=""/>
    <member type="way" ref="1313317720" role=""/>
    <member type="way" ref="582364570" role=""/>
    <member type="way" ref="1313341545" role=""/>
    <member type="way" ref="165965490" role=""/>
    <member type="way" ref="1313317228" role=""/>
    <member type="way" ref="1300079436" role=""/>
    <member type="way" ref="23394297" role=""/>
    <member type="way" ref="1412487711" role=""/>
    <member type="way" ref="1412487712" role=""/>
    <member type="way" ref="1416409446" role=""/>
    <member type="way" ref="1416409066" role=""/>
    <member type="way" ref="503519839" role=""/>
    <member type="way" ref="1416409447" role=""/>
    <member type="way" ref="685724418" role=""/>
    <member type="way" ref="1311569957" role=""/>
    <member type="way" ref="1311569955" role=""/>
    <member type="way" ref="1418347678" role=""/>
    <member type="way" ref="1418347677" role=""/>
    <member type="way" ref="301773971" role=""/>
    <member type="way" ref="134799815" role=""/>
    <member type="way" ref="299748853" role=""/>
    <member type="way" ref="299748861" role=""/>
    <member type="way" ref="816976210" role=""/>
    <member type="way" ref="503850372" role=""/>
    <member type="way" ref="503850368" role=""/>
    <member type="way" ref="1331696347" role=""/>
    <member type="way" ref="503850365" role=""/>
    <member type="way" ref="1418348904" role=""/>
    <member type="way" ref="503850366" role=""/>
    <member type="way" ref="1419036088" role=""/>
    <member type="way" ref="503850367" role=""/>
    <member type="way" ref="59058277" role=""/>
    <member type="way" ref="1300040217" role=""/>
    <member type="way" ref="1442718204" role=""/>
    <member type="way" ref="1313095303" role=""/>
    <member type="way" ref="1453720684" role=""/>
    <member type="way" ref="1492907880" role=""/>
    <member type="way" ref="1357028219" role=""/>
    <member type="way" ref="469563893" role=""/>
    <member type="way" ref="1455434876" role=""/>
    <member type="way" ref="1344502513" role=""/>
    <member type="way" ref="880946106" role=""/>
    <member type="way" ref="62251503" role=""/>
    <member type="way" ref="129499106" role=""/>
    <member type="way" ref="61407878" role=""/>
    <member type="way" ref="1314261696" role=""/>
    <member type="way" ref="1314261816" role=""/>
    <member type="way" ref="476903689" role=""/>
    <member type="way" ref="1315349721" role=""/>
    <member type="way" ref="1315349719" role=""/>
    <member type="way" ref="1456026240" role=""/>
    <member type="way" ref="1273439343" role=""/>
    <member type="way" ref="1454786416" role=""/>
    <member type="way" ref="480811452" role=""/>
    <member type="way" ref="546705574" role=""/>
    <member type="way" ref="193924004" role=""/>
    <member type="way" ref="1183358648" role=""/>
    <member type="way" ref="324588420" role=""/>
    <member type="way" ref="1300079432" role=""/>
    <member type="way" ref="995927564" role=""/>
    <member type="way" ref="1456781389" role=""/>
    <member type="way" ref="693821456" role=""/>
    <member type="way" ref="1313317212" role=""/>
    <member type="way" ref="1456781692" role=""/>
    <member type="way" ref="1456779812" role=""/>
    <member type="way" ref="1313692566" role=""/>
    <member type="way" ref="1273611639" role=""/>
    <member type="way" ref="1313690070" role=""/>
    <member type="way" ref="1458379044" role=""/>
    <member type="way" ref="1458379048" role=""/>
    <member type="way" ref="1458379042" role=""/>
    <member type="way" ref="1458515383" role=""/>
    <member type="way" ref="1458515380" role=""/>
    <member type="way" ref="1458515384" role=""/>
    <member type="way" ref="1458912475" role=""/>
    <member type="way" ref="1458517665" role=""/>
    <member type="way" ref="1458857253" role=""/>
    <member type="way" ref="1270610727" role=""/>
    <member type="way" ref="1352346745" role=""/>
    <member type="way" ref="1270610726" role=""/>
    <member type="way" ref="1105310159" role=""/>
    <member type="way" ref="1388274826" role=""/>
    <member type="way" ref="1388274824" role=""/>
    <member type="way" ref="681114730" role=""/>
    <member type="way" ref="1313579788" role=""/>
    <member type="way" ref="1105267007" role=""/>
    <member type="way" ref="1388272518" role=""/>
    <member type="way" ref="1458854883" role=""/>
    <member type="way" ref="1105310160" role=""/>
    <member type="way" ref="1105267008" role=""/>
    <member type="way" ref="311522371" role=""/>
    <member type="way" ref="1105267000" role=""/>
    <member type="way" ref="697246796" role=""/>
    <member type="way" ref="1458858537" role=""/>
    <member type="way" ref="1388529038" role=""/>
    <member type="way" ref="1388527182" role=""/>
    <member type="way" ref="1060544507" role=""/>
    <member type="way" ref="1060544508" role=""/>
    <tag k="colour" v="lightgreen"/>
    <tag k="distance" v="129"/>
    <tag k="name" v="Зелёное кольцо"/>
    <tag k="network" v="lcn"/>
    <tag k="network:type" v="basic_network"/>
    <tag k="operator" v="ЦОДД"/>
    <tag k="ref" v="ЗК"/>
    <tag k="roundtrip" v="yes"/>
    <tag k="route" v="bicycle"/>
    <tag k="type" v="route"/>
  </relation>
  <relation id="20771705" version="1" timestamp="2026-05-28T15:50:17Z" changeset="183312449" uid="12117593" user="89r">
    <member type="node" ref="666894983" role="via"/>
    <member type="way" ref="1524071944" role="from"/>
    <member type="way" ref="817343982" role="to"/>
    <tag k="restriction" v="only_right_turn"/>
    <tag k="type" v="restriction"/>
  </relation>

</osm>
