<?xml version="1.0" encoding="UTF-8"?>
<osm version="0.6" generator="Overpass API 0.7.62.11 87bfad18">
<note>The data included in this document is from www.openstreetmap.org. The data is made available under ODbL.</note>
<meta osm_base="2026-06-26T14:05:08Z"/>

  <node id="252865629" lat="55.7444396" lon="37.8651543" version="11" timestamp="2012-07-26T21:49:55Z" changeset="12504813" uid="139384" user="AKz">
    <tag k="highway" v="traffic_signals"/>
  </node>
  <node id="252865632" lat="55.7441965" lon="37.8638759" version="11" timestamp="2013-07-10T12:57:21Z" changeset="16899502" uid="363136" user="neo-plan">
    <tag k="highway" v="traffic_signals"/>
  </node>
  <node id="252866749" lat="55.7418029" lon="37.8660833" version="8" timestamp="2016-02-23T09:26:07Z" changeset="37384248" uid="2853561" user="Владимир К">
    <tag k="crossing" v="traffic_signals"/>
    <tag k="highway" v="crossing"/>
  </node>
  <node id="252866917" lat="55.7418442" lon="37.8630660" version="6" timestamp="2015-11-06T11:26:48Z" changeset="35123774" uid="467526" user="Gumeg"/>
  <node id="252866937" lat="55.7430484" lon="37.8660013" version="12" timestamp="2018-01-29T09:11:17Z" changeset="55853322" uid="467526" user="Gumeg">
    <tag k="crossing" v="traffic_signals"/>
    <tag k="highway" v="crossing"/>
  </node>
  <node id="253849602" lat="55.7422730" lon="37.8656486" version="17" timestamp="2023-08-22T04:46:19Z" changeset="140208865" uid="15215305" user="NorthCrab">
    <tag k="int_name" v="Novokosino"/>
    <tag k="name" v="Новокосино"/>
    <tag k="name:en" v="Novokosino"/>
    <tag k="name:ru" v="Новокосино"/>
    <tag k="place" v="suburb"/>
    <tag k="wikidata" v="Q2366748"/>
    <tag k="wikipedia" v="ru:Новокосино (район Москвы)"/>
  </node>
  <node id="254385407" lat="55.7444373" lon="37.8656132" version="7" timestamp="2010-12-31T09:42:55Z" changeset="6817002" uid="350434" user="Uriy_L"/>
  <node id="303617480" lat="55.7422369" lon="37.8665881" version="5" timestamp="2014-11-05T14:54:23Z" changeset="26572397" uid="2241459" user="Юрий Z"/>
  <node id="303618284" lat="55.7444509" lon="37.8637189" version="12" timestamp="2011-02-20T11:45:58Z" changeset="7341241" uid="393484" user="staric"/>
  <node id="303618712" lat="55.7445284" lon="37.8639413" version="7" timestamp="2011-02-15T18:46:52Z" changeset="7297533" uid="316868" user="LexIgnatov"/>
  <node id="345145378" lat="55.7443347" lon="37.8646032" version="7" timestamp="2011-02-16T16:31:42Z" changeset="7305281" uid="316868" user="LexIgnatov"/>
  <node id="449578611" lat="55.7432633" lon="37.8642908" version="39" timestamp="2023-09-17T00:03:31Z" changeset="141362330" uid="461130" user="Fizzie-DWG">
    <tag k="bench" v="yes"/>
    <tag k="bus" v="yes"/>
    <tag k="highway" v="bus_stop"/>
    <tag k="name" v="Метро «Новокосино»"/>
    <tag k="name:uk" v="Метро «Новокосине»"/>
    <tag k="operator" v="ГУП &quot;Мосгортранс&quot;"/>
    <tag k="public_transport" v="platform"/>
    <tag k="shelter" v="yes"/>
  </node>
  <node id="449578614" lat="55.7433118" lon="37.8660287" version="44" timestamp="2024-08-13T08:44:24Z" changeset="155183562" uid="20435980" user="Константин3">
    <tag k="bench" v="yes"/>
    <tag k="bin" v="yes"/>
    <tag k="bus" v="yes"/>
    <tag k="highway" v="bus_stop"/>
    <tag k="lit" v="yes"/>
    <tag k="name" v="Метро «Новокосино»"/>
    <tag k="name:uk" v="Метро «Новокосине»"/>
    <tag k="public_transport" v="platform"/>
    <tag k="shelter" v="yes"/>
    <tag k="tactile_paving" v="no"/>
  </node>
  <node id="449578615" lat="55.7418759" lon="37.8627677" version="42" timestamp="2025-03-22T12:53:02Z" changeset="163946206" uid="2055718" user="Bobropiton">
    <tag k="bus" v="yes"/>
    <tag k="highway" v="bus_stop"/>
    <tag k="name" v="Музыкальная школа имени Гайдна"/>
    <tag k="operator" v="Мосгортранс"/>
    <tag k="public_transport" v="platform"/>
    <tag k="shelter" v="yes"/>
  </node>
  <node id="449578617" lat="55.7419540" lon="37.8636884" version="44" timestamp="2025-03-22T12:53:02Z" changeset="163946206" uid="2055718" user="Bobropiton">
    <tag k="bench" v="yes"/>
    <tag k="bin" v="yes"/>
    <tag k="bus" v="yes"/>
    <tag k="highway" v="bus_stop"/>
    <tag k="lit" v="yes"/>
    <tag k="name" v="Музыкальная школа имени Гайдна"/>
    <tag k="operator" v="Мосгортранс"/>
    <tag k="public_transport" v="platform"/>
    <tag k="shelter" v="yes"/>
    <tag k="tactile_paving" v="no"/>
  </node>
  <node id="449578631" lat="55.7437240" lon="37.8630817" version="3" timestamp="2015-11-04T20:01:26Z" changeset="35086995" uid="467526" user="Gumeg"/>
  <node id="449578632" lat="55.7435635" lon="37.8633420" version="3" timestamp="2015-11-04T20:01:26Z" changeset="35086995" uid="467526" user="Gumeg"/>
  <node id="449578633" lat="55.7437721" lon="37.8637479" version="3" timestamp="2015-11-04T20:01:26Z" changeset="35086995" uid="467526" user="Gumeg"/>
  <node id="449578635" lat="55.7439326" lon="37.8634876" version="3" timestamp="2015-11-04T20:01:26Z" changeset="35086995" uid="467526" user="Gumeg"/>
  <node id="454455852" lat="55.7427907" lon="37.8636507" version="3" timestamp="2018-01-29T09:11:18Z" changeset="55853322" uid="467526" user="Gumeg"/>
  <node id="454455856" lat="55.7423094" lon="37.8630154" version="3" timestamp="2018-01-29T09:11:18Z" changeset="55853322" uid="467526" user="Gumeg"/>
  <node id="454455860" lat="55.7428288" lon="37.8637273" version="3" timestamp="2018-01-29T09:11:18Z" changeset="55853322" uid="467526" user="Gumeg"/>
  <node id="454455863" lat="55.7426509" lon="37.8637027" version="3" timestamp="2018-01-29T09:11:18Z" changeset="55853322" uid="467526" user="Gumeg"/>
  <node id="454455868" lat="55.7427397" lon="37.8637306" version="3" timestamp="2018-01-29T09:11:18Z" changeset="55853322" uid="467526" user="Gumeg"/>
  <node id="454455870" lat="55.7427272" lon="37.8635175" version="3" timestamp="2018-01-29T09:11:18Z" changeset="55853322" uid="467526" user="Gumeg"/>
  <node id="454455878" lat="55.7426930" lon="37.8636367" version="3" timestamp="2018-01-29T09:11:18Z" changeset="55853322" uid="467526" user="Gumeg"/>
  <node id="454455880" lat="55.7422726" lon="37.8629179" version="3" timestamp="2018-01-29T09:11:18Z" changeset="55853322" uid="467526" user="Gumeg"/>
  <node id="454455884" lat="55.7424040" lon="37.8628670" version="3" timestamp="2018-01-29T09:11:18Z" changeset="55853322" uid="467526" user="Gumeg"/>
  <node id="454455888" lat="55.7427463" lon="37.8635559" version="3" timestamp="2018-01-29T09:11:18Z" changeset="55853322" uid="467526" user="Gumeg"/>
  <node id="454455893" lat="55.7428895" lon="37.8635832" version="3" timestamp="2018-01-29T09:11:18Z" changeset="55853322" uid="467526" user="Gumeg"/>
  <node id="454455896" lat="55.7428192" lon="37.8634416" version="3" timestamp="2018-01-29T09:11:18Z" changeset="55853322" uid="467526" user="Gumeg"/>
  <node id="454455917" lat="55.7433056" lon="37.8638990" version="2" timestamp="2010-11-09T12:57:30Z" changeset="6327771" uid="316868" user="LexIgnatov"/>
  <node id="454455918" lat="55.7430754" lon="37.8642360" version="2" timestamp="2010-11-09T12:57:09Z" changeset="6327771" uid="316868" user="LexIgnatov"/>
  <node id="454455920" lat="55.7429247" lon="37.8639109" version="2" timestamp="2010-11-09T12:53:55Z" changeset="6327771" uid="316868" user="LexIgnatov"/>
  <node id="454455921" lat="55.7431549" lon="37.8635740" version="2" timestamp="2010-11-09T12:58:00Z" changeset="6327771" uid="316868" user="LexIgnatov"/>
  <node id="454456109" lat="55.7437334" lon="37.8661539" version="4" timestamp="2019-10-09T17:42:07Z" changeset="75476652" uid="830106" user="literan"/>
  <node id="454456110" lat="55.7433987" lon="37.8661495" version="4" timestamp="2019-10-09T17:42:07Z" changeset="75476652" uid="830106" user="literan"/>
  <node id="454456113" lat="55.7433971" lon="37.8665448" version="4" timestamp="2019-10-09T17:42:07Z" changeset="75476652" uid="830106" user="literan"/>
  <node id="454456115" lat="55.7437317" lon="37.8665492" version="4" timestamp="2019-10-09T17:42:07Z" changeset="75476652" uid="830106" user="literan"/>
  <node id="454692860" lat="55.7427900" lon="37.8647526" version="11" timestamp="2024-02-29T19:50:35Z" changeset="148068737" uid="363136" user="neo-plan">
    <tag k="crossing" v="traffic_signals"/>
    <tag k="highway" v="crossing"/>
  </node>
  <node id="456013692" lat="55.7429965" lon="37.8633123" version="3" timestamp="2015-11-04T20:01:26Z" changeset="35086995" uid="467526" user="Gumeg"/>
  <node id="456013696" lat="55.7430680" lon="37.8634529" version="4" timestamp="2015-11-04T20:01:26Z" changeset="35086995" uid="467526" user="Gumeg"/>
  <node id="456013699" lat="55.7432335" lon="37.8631497" version="4" timestamp="2015-11-04T20:01:26Z" changeset="35086995" uid="467526" user="Gumeg"/>
  <node id="456013700" lat="55.7433614" lon="37.8634013" version="3" timestamp="2015-11-04T20:01:26Z" changeset="35086995" uid="467526" user="Gumeg"/>
  <node id="456013701" lat="55.7434413" lon="37.8632729" version="3" timestamp="2015-11-04T20:01:26Z" changeset="35086995" uid="467526" user="Gumeg"/>
  <node id="456013702" lat="55.7432511" lon="37.8629644" version="3" timestamp="2015-11-04T20:01:26Z" changeset="35086995" uid="467526" user="Gumeg"/>
  <node id="457475597" lat="55.7429341" lon="37.8661990" version="3" timestamp="2011-11-27T09:09:13Z" changeset="9964286" uid="316868" user="LexIgnatov">
    <tag k="amenity" v="taxi"/>
  </node>
  <node id="469716566" lat="55.7429199" lon="37.8653834" version="9" timestamp="2024-02-29T19:50:35Z" changeset="148068737" uid="363136" user="neo-plan"/>
  <node id="469716567" lat="55.7438224" lon="37.8666878" version="4" timestamp="2019-10-09T17:42:07Z" changeset="75476652" uid="830106" user="literan"/>
  <node id="469716570" lat="55.7440622" lon="37.8666986" version="4" timestamp="2019-10-09T17:42:07Z" changeset="75476652" uid="830106" user="literan"/>
  <node id="469716572" lat="55.7441247" lon="37.8666982" version="4" timestamp="2019-10-09T17:42:07Z" changeset="75476652" uid="830106" user="literan"/>
  <node id="469716574" lat="55.7441240" lon="37.8662945" version="4" timestamp="2019-10-09T17:42:07Z" changeset="75476652" uid="830106" user="literan"/>
  <node id="469716576" lat="55.7440005" lon="37.8662951" version="4" timestamp="2019-10-09T17:42:07Z" changeset="75476652" uid="830106" user="literan"/>
  <node id="469716577" lat="55.7440011" lon="37.8666869" version="4" timestamp="2019-10-09T17:42:07Z" changeset="75476652" uid="830106" user="literan"/>
  <node id="469716620" lat="55.7432238" lon="37.8627781" version="6" timestamp="2020-05-11T01:31:06Z" changeset="84992143" uid="334643" user="Steve_32"/>
  <node id="469786788" lat="55.7406997" lon="37.8630773" version="5" timestamp="2015-11-06T11:26:48Z" changeset="35123774" uid="467526" user="Gumeg"/>
  <node id="469786793" lat="55.7412086" lon="37.8629674" version="5" timestamp="2015-11-06T11:26:48Z" changeset="35123774" uid="467526" user="Gumeg"/>
  <node id="469786800" lat="55.7413692" lon="37.8635343" version="4" timestamp="2015-01-07T09:23:43Z" changeset="27972487" uid="384084" user="Kostik"/>
  <node id="469786801" lat="55.7414722" lon="37.8637710" version="4" timestamp="2015-01-07T09:23:43Z" changeset="27972487" uid="384084" user="Kostik"/>
  <node id="469786804" lat="55.7413397" lon="37.8640571" version="4" timestamp="2015-01-07T09:23:43Z" changeset="27972487" uid="384084" user="Kostik"/>
  <node id="469786805" lat="55.7414035" lon="37.8642500" version="4" timestamp="2015-01-07T09:23:43Z" changeset="27972487" uid="384084" user="Kostik"/>
  <node id="469786807" lat="55.7416036" lon="37.8639264" version="4" timestamp="2015-01-07T09:23:43Z" changeset="27972487" uid="384084" user="Kostik"/>
  <node id="469786809" lat="55.7414560" lon="37.8634438" version="4" timestamp="2015-01-07T09:23:43Z" changeset="27972487" uid="384084" user="Kostik"/>
  <node id="472410612" lat="55.7412839" lon="37.8663997" version="6" timestamp="2011-11-27T09:09:13Z" changeset="9964286" uid="316868" user="LexIgnatov"/>
  <node id="472410619" lat="55.7409901" lon="37.8649149" version="5" timestamp="2020-01-07T01:36:36Z" changeset="79270740" uid="4650090" user="Axry"/>
  <node id="479086567" lat="55.7440989" lon="37.8640875" version="4" timestamp="2018-01-29T12:10:30Z" changeset="55857529" uid="467526" user="Gumeg"/>
  <node id="479086571" lat="55.7442998" lon="37.8651399" version="4" timestamp="2018-01-29T12:10:30Z" changeset="55857529" uid="467526" user="Gumeg"/>
  <node id="479086575" lat="55.7443299" lon="37.8651121" version="4" timestamp="2018-01-29T12:10:30Z" changeset="55857529" uid="467526" user="Gumeg"/>
  <node id="479086579" lat="55.7443510" lon="37.8650021" version="4" timestamp="2018-01-29T12:10:30Z" changeset="55857529" uid="467526" user="Gumeg"/>
  <node id="479086583" lat="55.7441797" lon="37.8641197" version="4" timestamp="2018-01-29T12:10:30Z" changeset="55857529" uid="467526" user="Gumeg"/>
  <node id="479086586" lat="55.7441555" lon="37.8640835" version="4" timestamp="2018-01-29T12:10:30Z" changeset="55857529" uid="467526" user="Gumeg"/>
  <node id="479086696" lat="55.7442894" lon="37.8657596" version="4" timestamp="2012-09-13T12:27:11Z" changeset="13095236" uid="696711" user="ad47"/>
  <node id="479086700" lat="55.7440019" lon="37.8657498" version="4" timestamp="2012-09-13T12:27:11Z" changeset="13095236" uid="696711" user="ad47"/>
  <node id="479086703" lat="55.7439969" lon="37.8662122" version="4" timestamp="2012-09-13T12:27:11Z" changeset="13095236" uid="696711" user="ad47"/>
  <node id="479086706" lat="55.7442845" lon="37.8662220" version="4" timestamp="2012-09-13T12:27:11Z" changeset="13095236" uid="696711" user="ad47"/>
  <node id="479086711" lat="55.7437988" lon="37.8628636" version="3" timestamp="2015-11-04T20:01:26Z" changeset="35086995" uid="467526" user="Gumeg"/>
  <node id="479086712" lat="55.7437111" lon="37.8629982" version="3" timestamp="2015-11-04T20:01:26Z" changeset="35086995" uid="467526" user="Gumeg"/>
  <node id="479086743" lat="55.7421859" lon="37.8632255" version="3" timestamp="2014-08-20T21:15:43Z" changeset="24896488" uid="467526" user="Gumeg"/>
  <node id="479086747" lat="55.7425218" lon="37.8639034" version="3" timestamp="2014-08-20T21:15:43Z" changeset="24896488" uid="467526" user="Gumeg"/>
  <node id="479086750" lat="55.7424760" lon="37.8639516" version="3" timestamp="2014-08-20T21:15:43Z" changeset="24896488" uid="467526" user="Gumeg"/>
  <node id="479086754" lat="55.7424277" lon="37.8640200" version="4" timestamp="2014-08-20T21:15:43Z" changeset="24896488" uid="467526" user="Gumeg"/>
  <node id="479086757" lat="55.7423975" lon="37.8640683" version="4" timestamp="2014-08-20T21:15:43Z" changeset="24896488" uid="467526" user="Gumeg"/>
  <node id="479086760" lat="55.7423673" lon="37.8641380" version="4" timestamp="2014-08-20T21:15:43Z" changeset="24896488" uid="467526" user="Gumeg"/>
  <node id="479086763" lat="55.7423346" lon="37.8639541" version="3" timestamp="2014-08-20T21:15:43Z" changeset="24896488" uid="467526" user="Gumeg"/>
  <node id="479086767" lat="55.7422531" lon="37.8636470" version="3" timestamp="2014-08-20T21:15:43Z" changeset="24896488" uid="467526" user="Gumeg"/>
  <node id="479086771" lat="55.7421631" lon="37.8633779" version="3" timestamp="2014-08-20T21:15:43Z" changeset="24896488" uid="467526" user="Gumeg"/>
  <node id="479086775" lat="55.7421288" lon="37.8633068" version="3" timestamp="2014-08-20T21:15:43Z" changeset="24896488" uid="467526" user="Gumeg"/>
  <node id="479086816" lat="55.7424971" lon="37.8640357" version="4" timestamp="2015-11-06T11:26:48Z" changeset="35123774" uid="467526" user="Gumeg"/>
  <node id="479086820" lat="55.7425285" lon="37.8640930" version="5" timestamp="2015-11-06T11:26:48Z" changeset="35123774" uid="467526" user="Gumeg"/>
  <node id="479086822" lat="55.7425577" lon="37.8640689" version="5" timestamp="2015-11-06T11:26:49Z" changeset="35123774" uid="467526" user="Gumeg"/>
  <node id="479086825" lat="55.7426492" lon="37.8640821" version="5" timestamp="2015-11-06T11:26:49Z" changeset="35123774" uid="467526" user="Gumeg"/>
  <node id="479086827" lat="55.7426808" lon="37.8641291" version="5" timestamp="2015-11-06T11:26:49Z" changeset="35123774" uid="467526" user="Gumeg"/>
  <node id="479086830" lat="55.7427037" lon="37.8642055" version="5" timestamp="2015-11-06T11:26:49Z" changeset="35123774" uid="467526" user="Gumeg"/>
  <node id="479086832" lat="55.7427079" lon="37.8642838" version="5" timestamp="2015-11-06T11:26:49Z" changeset="35123774" uid="467526" user="Gumeg"/>
  <node id="479086835" lat="55.7426941" lon="37.8643709" version="5" timestamp="2015-11-06T11:26:49Z" changeset="35123774" uid="467526" user="Gumeg"/>
  <node id="479086838" lat="55.7427396" lon="37.8644340" version="4" timestamp="2015-11-06T11:26:49Z" changeset="35123774" uid="467526" user="Gumeg"/>
  <node id="479086841" lat="55.7427690" lon="37.8643401" version="4" timestamp="2015-11-06T11:26:49Z" changeset="35123774" uid="467526" user="Gumeg"/>
  <node id="479086845" lat="55.7427508" lon="37.8641994" version="4" timestamp="2015-11-06T11:26:49Z" changeset="35123774" uid="467526" user="Gumeg"/>
  <node id="479086849" lat="55.7427158" lon="37.8640561" version="4" timestamp="2015-11-06T11:26:49Z" changeset="35123774" uid="467526" user="Gumeg"/>
  <node id="479086852" lat="55.7426509" lon="37.8639799" version="4" timestamp="2015-11-06T11:26:49Z" changeset="35123774" uid="467526" user="Gumeg"/>
  <node id="479086856" lat="55.7425532" lon="37.8639966" version="4" timestamp="2015-11-06T11:26:49Z" changeset="35123774" uid="467526" user="Gumeg"/>
  <node id="479086859" lat="55.7424989" lon="37.8641345" version="5" timestamp="2015-11-06T11:26:49Z" changeset="35123774" uid="467526" user="Gumeg"/>
  <node id="479086861" lat="55.7424720" lon="37.8640784" version="5" timestamp="2015-11-06T11:26:49Z" changeset="35123774" uid="467526" user="Gumeg"/>
  <node id="479086864" lat="55.7424402" lon="37.8641747" version="4" timestamp="2015-11-04T20:01:26Z" changeset="35086995" uid="467526" user="Gumeg"/>
  <node id="479086866" lat="55.7424793" lon="37.8641955" version="4" timestamp="2015-11-04T20:01:27Z" changeset="35086995" uid="467526" user="Gumeg"/>
  <node id="479086869" lat="55.7424755" lon="37.8642638" version="5" timestamp="2015-11-06T11:26:49Z" changeset="35123774" uid="467526" user="Gumeg"/>
  <node id="479086872" lat="55.7424364" lon="37.8642465" version="4" timestamp="2015-11-04T20:01:27Z" changeset="35086995" uid="467526" user="Gumeg"/>
  <node id="479086876" lat="55.7424382" lon="37.8643503" version="4" timestamp="2015-11-04T20:01:27Z" changeset="35086995" uid="467526" user="Gumeg"/>
  <node id="479086879" lat="55.7424797" lon="37.8643316" version="4" timestamp="2015-11-04T20:01:27Z" changeset="35086995" uid="467526" user="Gumeg"/>
  <node id="479086883" lat="55.7424913" lon="37.8643724" version="4" timestamp="2015-11-04T20:01:27Z" changeset="35086995" uid="467526" user="Gumeg"/>
  <node id="479086887" lat="55.7424526" lon="37.8644107" version="5" timestamp="2015-11-06T11:26:49Z" changeset="35123774" uid="467526" user="Gumeg"/>
  <node id="479086891" lat="55.7424789" lon="37.8644759" version="5" timestamp="2015-11-06T11:26:49Z" changeset="35123774" uid="467526" user="Gumeg"/>
  <node id="479086894" lat="55.7425143" lon="37.8644219" version="4" timestamp="2015-11-04T20:01:27Z" changeset="35086995" uid="467526" user="Gumeg"/>
  <node id="479086898" lat="55.7426671" lon="37.8644288" version="5" timestamp="2015-11-06T11:26:49Z" changeset="35123774" uid="467526" user="Gumeg"/>
  <node id="479086900" lat="55.7426973" lon="37.8645096" version="4" timestamp="2015-11-06T11:26:49Z" changeset="35123774" uid="467526" user="Gumeg"/>
  <node id="479086904" lat="55.7426369" lon="37.8645499" version="4" timestamp="2015-11-06T11:26:49Z" changeset="35123774" uid="467526" user="Gumeg"/>
  <node id="479086907" lat="55.7426291" lon="37.8644668" version="5" timestamp="2015-11-06T11:26:49Z" changeset="35123774" uid="467526" user="Gumeg"/>
  <node id="479086910" lat="55.7425888" lon="37.8644728" version="4" timestamp="2015-11-04T20:01:27Z" changeset="35086995" uid="467526" user="Gumeg"/>
  <node id="479086913" lat="55.7425886" lon="37.8645573" version="5" timestamp="2015-11-06T11:26:49Z" changeset="35123774" uid="467526" user="Gumeg"/>
  <node id="479086917" lat="55.7425521" lon="37.8645540" version="5" timestamp="2015-11-06T11:26:49Z" changeset="35123774" uid="467526" user="Gumeg"/>
  <node id="479086920" lat="55.7425120" lon="37.8645281" version="5" timestamp="2015-11-06T11:26:49Z" changeset="35123774" uid="467526" user="Gumeg"/>
  <node id="479086923" lat="55.7425463" lon="37.8644569" version="4" timestamp="2015-11-04T20:01:27Z" changeset="35086995" uid="467526" user="Gumeg"/>
  <node id="479086958" lat="55.7425850" lon="37.8642248" version="6" timestamp="2015-11-06T11:26:49Z" changeset="35123774" uid="467526" user="Gumeg"/>
  <node id="479086961" lat="55.7425967" lon="37.8643087" version="6" timestamp="2015-11-06T11:26:49Z" changeset="35123774" uid="467526" user="Gumeg"/>
  <node id="479086964" lat="55.7425784" lon="37.8643037" version="7" timestamp="2015-11-06T11:26:49Z" changeset="35123774" uid="467526" user="Gumeg"/>
  <node id="479086966" lat="55.7425673" lon="37.8642771" version="6" timestamp="2015-11-06T11:26:49Z" changeset="35123774" uid="467526" user="Gumeg"/>
  <node id="479086967" lat="55.7425701" lon="37.8642445" version="6" timestamp="2015-11-06T11:26:49Z" changeset="35123774" uid="467526" user="Gumeg"/>
  <node id="479086969" lat="55.7426034" lon="37.8642299" version="6" timestamp="2015-11-06T11:26:49Z" changeset="35123774" uid="467526" user="Gumeg"/>
  <node id="479086971" lat="55.7426145" lon="37.8642564" version="6" timestamp="2015-11-06T11:26:49Z" changeset="35123774" uid="467526" user="Gumeg"/>
  <node id="479086974" lat="55.7426117" lon="37.8642891" version="6" timestamp="2015-11-06T11:26:49Z" changeset="35123774" uid="467526" user="Gumeg"/>
  <node id="479092699" lat="55.7445229" lon="37.8638806" version="4" timestamp="2011-02-16T16:33:13Z" changeset="7305281" uid="316868" user="LexIgnatov"/>
  <node id="479092700" lat="55.7445037" lon="37.8638611" version="4" timestamp="2011-02-16T16:32:39Z" changeset="7305281" uid="316868" user="LexIgnatov"/>
  <node id="479092703" lat="55.7445037" lon="37.8638091" version="4" timestamp="2011-02-16T16:34:43Z" changeset="7305281" uid="316868" user="LexIgnatov"/>
  <node id="479092704" lat="55.7445311" lon="37.8637441" version="4" timestamp="2011-02-16T16:35:08Z" changeset="7305281" uid="316868" user="LexIgnatov"/>
  <node id="479092705" lat="55.7444497" lon="37.8638123" version="4" timestamp="2011-02-16T16:34:49Z" changeset="7305281" uid="316868" user="LexIgnatov"/>
  <node id="479092706" lat="55.7444442" lon="37.8638806" version="4" timestamp="2011-02-16T16:34:22Z" changeset="7305281" uid="316868" user="LexIgnatov"/>
  <node id="479092707" lat="55.7444561" lon="37.8639537" version="4" timestamp="2011-02-16T16:33:51Z" changeset="7305281" uid="316868" user="LexIgnatov"/>
  <node id="479092708" lat="55.7444817" lon="37.8639943" version="4" timestamp="2011-02-16T16:33:07Z" changeset="7305281" uid="316868" user="LexIgnatov"/>
  <node id="479092709" lat="55.7445320" lon="37.8642640" version="4" timestamp="2011-02-16T16:32:35Z" changeset="7305281" uid="316868" user="LexIgnatov"/>
  <node id="479092711" lat="55.7445292" lon="37.8643371" version="4" timestamp="2011-02-16T16:34:57Z" changeset="7305281" uid="316868" user="LexIgnatov"/>
  <node id="479092712" lat="55.7445091" lon="37.8643907" version="4" timestamp="2011-02-16T16:32:32Z" changeset="7305281" uid="316868" user="LexIgnatov"/>
  <node id="479092713" lat="55.7444314" lon="37.8644929" version="4" timestamp="2011-02-16T16:31:51Z" changeset="7305281" uid="316868" user="LexIgnatov"/>
  <node id="479092714" lat="55.7443847" lon="37.8644590" version="4" timestamp="2011-02-16T16:34:57Z" changeset="7305281" uid="316868" user="LexIgnatov"/>
  <node id="479092716" lat="55.7443034" lon="37.8640333" version="4" timestamp="2011-02-16T16:34:10Z" changeset="7305281" uid="316868" user="LexIgnatov"/>
  <node id="479092718" lat="55.7443043" lon="37.8639504" version="4" timestamp="2011-02-16T16:32:47Z" changeset="7305281" uid="316868" user="LexIgnatov"/>
  <node id="479092719" lat="55.7443173" lon="37.8639022" version="4" timestamp="2011-02-16T16:32:15Z" changeset="7305281" uid="316868" user="LexIgnatov"/>
  <node id="479092720" lat="55.7444535" lon="37.8645905" version="4" timestamp="2011-02-16T16:33:55Z" changeset="7305281" uid="316868" user="LexIgnatov"/>
  <node id="479092721" lat="55.7444969" lon="37.8645361" version="4" timestamp="2011-02-16T16:33:10Z" changeset="7305281" uid="316868" user="LexIgnatov"/>
  <node id="479092722" lat="55.7445277" lon="37.8645248" version="4" timestamp="2011-02-16T16:32:36Z" changeset="7305281" uid="316868" user="LexIgnatov"/>
  <node id="479092723" lat="55.7445596" lon="37.8645487" version="4" timestamp="2011-02-16T16:31:54Z" changeset="7305281" uid="316868" user="LexIgnatov"/>
  <node id="479092736" lat="55.7445750" lon="37.8649629" version="5" timestamp="2018-01-29T12:10:30Z" changeset="55857529" uid="467526" user="Gumeg"/>
  <node id="479092737" lat="55.7445077" lon="37.8649222" version="4" timestamp="2011-02-16T16:33:06Z" changeset="7305281" uid="316868" user="LexIgnatov"/>
  <node id="479092738" lat="55.7444730" lon="37.8648734" version="4" timestamp="2011-02-16T16:32:32Z" changeset="7305281" uid="316868" user="LexIgnatov"/>
  <node id="479092739" lat="55.7444364" lon="37.8646866" version="4" timestamp="2011-02-16T16:31:49Z" changeset="7305281" uid="316868" user="LexIgnatov"/>
  <node id="479092740" lat="55.7444041" lon="37.8644983" version="4" timestamp="2011-02-16T16:34:57Z" changeset="7305281" uid="316868" user="LexIgnatov"/>
  <node id="479092742" lat="55.7444389" lon="37.8646342" version="4" timestamp="2011-02-16T16:34:09Z" changeset="7305281" uid="316868" user="LexIgnatov"/>
  <node id="482504451" lat="55.7440466" lon="37.8639683" version="6" timestamp="2018-01-29T09:11:18Z" changeset="55853322" uid="467526" user="Gumeg">
    <tag k="crossing" v="traffic_signals"/>
    <tag k="highway" v="crossing"/>
  </node>
  <node id="482504453" lat="55.7442967" lon="37.8652409" version="5" timestamp="2011-02-20T11:46:05Z" changeset="7341241" uid="393484" user="staric">
    <tag k="crossing" v="traffic_signals"/>
    <tag k="highway" v="crossing"/>
  </node>
  <node id="482504519" lat="55.7441786" lon="37.8646244" version="4" timestamp="2018-01-29T09:11:18Z" changeset="55853322" uid="467526" user="Gumeg"/>
  <node id="544840479" lat="55.7409146" lon="37.8651538" version="3" timestamp="2015-01-07T09:23:43Z" changeset="27972487" uid="384084" user="Kostik"/>
  <node id="544840481" lat="55.7408103" lon="37.8652160" version="3" timestamp="2015-01-07T09:23:43Z" changeset="27972487" uid="384084" user="Kostik"/>
  <node id="544840484" lat="55.7409166" lon="37.8657782" version="3" timestamp="2015-01-07T09:23:43Z" changeset="27972487" uid="384084" user="Kostik"/>
  <node id="544840492" lat="55.7409646" lon="37.8659631" version="3" timestamp="2015-01-07T09:23:43Z" changeset="27972487" uid="384084" user="Kostik"/>
  <node id="544840495" lat="55.7409870" lon="37.8657032" version="3" timestamp="2015-01-07T09:23:43Z" changeset="27972487" uid="384084" user="Kostik"/>
  <node id="544840498" lat="55.7410368" lon="37.8656735" version="3" timestamp="2015-01-07T09:23:43Z" changeset="27972487" uid="384084" user="Kostik"/>
  <node id="544840502" lat="55.7410089" lon="37.8658195" version="3" timestamp="2015-01-07T09:23:43Z" changeset="27972487" uid="384084" user="Kostik"/>
  <node id="544840505" lat="55.7409447" lon="37.8658579" version="3" timestamp="2015-01-07T09:23:43Z" changeset="27972487" uid="384084" user="Kostik"/>
  <node id="544840624" lat="55.7407301" lon="37.8649835" version="3" timestamp="2015-01-07T09:23:43Z" changeset="27972487" uid="384084" user="Kostik"/>
  <node id="544840631" lat="55.7408130" lon="37.8648577" version="3" timestamp="2015-01-07T09:23:43Z" changeset="27972487" uid="384084" user="Kostik"/>
  <node id="662998101" lat="55.7417413" lon="37.8658332" version="5" timestamp="2015-01-07T09:23:43Z" changeset="27972487" uid="384084" user="Kostik"/>
  <node id="663002420" lat="55.7440030" lon="37.8637030" version="7" timestamp="2021-12-07T23:00:21Z" changeset="114679532" uid="363136" user="neo-plan"/>
  <node id="663002422" lat="55.7427558" lon="37.8645809" version="6" timestamp="2024-02-29T19:50:35Z" changeset="148068737" uid="363136" user="neo-plan"/>
  <node id="903983495" lat="55.7427498" lon="37.8632360" version="2" timestamp="2010-11-09T12:56:57Z" changeset="6327771" uid="316868" user="LexIgnatov"/>
  <node id="903983509" lat="55.7431185" lon="37.8627835" version="4" timestamp="2015-11-04T20:01:27Z" changeset="35086995" uid="467526" user="Gumeg"/>
  <node id="903983519" lat="55.7428389" lon="37.8632651" version="2" timestamp="2010-11-09T12:58:49Z" changeset="6327771" uid="316868" user="LexIgnatov"/>
  <node id="903983536" lat="55.7433809" lon="37.8627894" version="4" timestamp="2015-11-04T20:01:27Z" changeset="35086995" uid="467526" user="Gumeg"/>
  <node id="983341851" lat="55.7421859" lon="37.8651984" version="5" timestamp="2015-11-06T11:26:49Z" changeset="35123774" uid="467526" user="Gumeg"/>
  <node id="983341855" lat="55.7417561" lon="37.8663871" version="3" timestamp="2011-11-27T09:09:19Z" changeset="9964286" uid="316868" user="LexIgnatov"/>
  <node id="983341857" lat="55.7440305" lon="37.8640581" version="1" timestamp="2010-11-09T12:52:54Z" changeset="6327771" uid="316868" user="LexIgnatov"/>
  <node id="983341878" lat="55.7416420" lon="37.8667252" version="3" timestamp="2011-11-27T09:09:19Z" changeset="9964286" uid="316868" user="LexIgnatov"/>
  <node id="983341883" lat="55.7427014" lon="37.8661561" version="5" timestamp="2015-11-06T11:26:49Z" changeset="35123774" uid="467526" user="Gumeg"/>
  <node id="983341924" lat="55.7438813" lon="37.8629731" version="2" timestamp="2018-01-29T09:19:22Z" changeset="55853526" uid="467526" user="Gumeg"/>
  <node id="983341934" lat="55.7426257" lon="37.8650978" version="5" timestamp="2015-11-06T11:26:49Z" changeset="35123774" uid="467526" user="Gumeg"/>
  <node id="983341949" lat="55.7419665" lon="37.8663850" version="2" timestamp="2011-11-27T09:09:19Z" changeset="9964286" uid="316868" user="LexIgnatov"/>
  <node id="983341980" lat="55.7420770" lon="37.8658659" version="5" timestamp="2015-11-06T11:26:49Z" changeset="35123774" uid="467526" user="Gumeg"/>
  <node id="983341988" lat="55.7415790" lon="37.8664803" version="4" timestamp="2011-11-27T09:09:20Z" changeset="9964286" uid="316868" user="LexIgnatov"/>
  <node id="983342023" lat="55.7425477" lon="37.8663177" version="5" timestamp="2015-11-06T11:26:49Z" changeset="35123774" uid="467526" user="Gumeg"/>
  <node id="983342046" lat="55.7443423" lon="37.8654627" version="4" timestamp="2011-02-16T16:32:33Z" changeset="7305281" uid="316868" user="LexIgnatov"/>
  <node id="983342052" lat="55.7419433" lon="37.8665363" version="1" timestamp="2010-11-09T12:53:08Z" changeset="6327771" uid="316868" user="LexIgnatov"/>
  <node id="983342064" lat="55.7428143" lon="37.8657075" version="5" timestamp="2015-11-06T11:26:49Z" changeset="35123774" uid="467526" user="Gumeg"/>
  <node id="983342096" lat="55.7418574" lon="37.8663620" version="2" timestamp="2011-11-27T09:09:21Z" changeset="9964286" uid="316868" user="LexIgnatov"/>
  <node id="983342099" lat="55.7427794" lon="37.8659604" version="5" timestamp="2015-11-06T11:26:49Z" changeset="35123774" uid="467526" user="Gumeg"/>
  <node id="983342112" lat="55.7435065" lon="37.8643044" version="6" timestamp="2018-01-29T09:11:18Z" changeset="55853322" uid="467526" user="Gumeg">
    <tag k="crossing" v="uncontrolled"/>
    <tag k="highway" v="crossing"/>
  </node>
  <node id="983342123" lat="55.7431825" lon="37.8666437" version="2" timestamp="2018-02-01T08:16:22Z" changeset="55958443" uid="467526" user="Gumeg"/>
  <node id="983342137" lat="55.7424595" lon="37.8650101" version="5" timestamp="2015-11-06T11:26:49Z" changeset="35123774" uid="467526" user="Gumeg"/>
  <node id="983342158" lat="55.7442480" lon="37.8651604" version="1" timestamp="2010-11-09T12:53:14Z" changeset="6327771" uid="316868" user="LexIgnatov"/>
  <node id="983342195" lat="55.7427922" lon="37.8654501" version="5" timestamp="2015-11-06T11:26:49Z" changeset="35123774" uid="467526" user="Gumeg"/>
  <node id="983342217" lat="55.7427214" lon="37.8652372" version="5" timestamp="2015-11-06T11:26:49Z" changeset="35123774" uid="467526" user="Gumeg"/>
  <node id="995955153" lat="55.7426092" lon="37.8638649" version="1" timestamp="2010-11-20T11:49:56Z" changeset="6413438" uid="350434" user="Uriy_L"/>
  <node id="1004045386" lat="55.7421327" lon="37.8652870" version="4" timestamp="2015-11-06T11:26:45Z" changeset="35123774" uid="467526" user="Gumeg"/>
  <node id="1025308746" lat="55.7426516" lon="37.8662287" version="3" timestamp="2015-11-06T11:26:45Z" changeset="35123774" uid="467526" user="Gumeg"/>
  <node id="1025308751" lat="55.7419157" lon="37.8632157" version="6" timestamp="2024-02-22T20:22:46Z" changeset="147788438" uid="363136" user="neo-plan">
    <tag k="crossing" v="traffic_signals"/>
    <tag k="highway" v="crossing"/>
  </node>
  <node id="1025308752" lat="55.7420564" lon="37.8636085" version="20" timestamp="2025-03-22T12:53:02Z" changeset="163946206" uid="2055718" user="Bobropiton">
    <tag k="bus" v="yes"/>
    <tag k="name" v="Музыкальная школа имени Гайдна"/>
    <tag k="public_transport" v="stop_position"/>
  </node>
  <node id="1025308753" lat="55.7421111" lon="37.8638032" version="3" timestamp="2015-11-06T11:26:45Z" changeset="35123774" uid="467526" user="Gumeg"/>
  <node id="1025308755" lat="55.7422673" lon="37.8645611" version="7" timestamp="2024-08-13T08:42:46Z" changeset="155182950" uid="20435980" user="Константин3">
    <tag k="crossing" v="traffic_signals"/>
    <tag k="highway" v="crossing"/>
    <tag k="tactile_paving" v="no"/>
  </node>
  <node id="1025308784" lat="55.7423761" lon="37.8648274" version="3" timestamp="2015-11-06T11:26:45Z" changeset="35123774" uid="467526" user="Gumeg"/>
  <node id="1025308785" lat="55.7422957" lon="37.8646500" version="3" timestamp="2015-11-06T11:26:45Z" changeset="35123774" uid="467526" user="Gumeg"/>
  <node id="1025308801" lat="55.7423379" lon="37.8650332" version="3" timestamp="2015-11-06T11:26:45Z" changeset="35123774" uid="467526" user="Gumeg"/>
  <node id="1025308845" lat="55.7426150" lon="37.8667073" version="2" timestamp="2011-11-27T09:08:54Z" changeset="9964286" uid="316868" user="LexIgnatov"/>
  <node id="1025308847" lat="55.7423046" lon="37.8663030" version="3" timestamp="2015-11-06T11:26:45Z" changeset="35123774" uid="467526" user="Gumeg"/>
  <node id="1025308866" lat="55.7426044" lon="37.8662778" version="3" timestamp="2015-11-06T11:26:45Z" changeset="35123774" uid="467526" user="Gumeg"/>
  <node id="1025308879" lat="55.7422646" lon="37.8662711" version="3" timestamp="2015-11-06T11:26:45Z" changeset="35123774" uid="467526" user="Gumeg"/>
  <node id="1029136719" lat="55.7427686" lon="37.8640093" version="2" timestamp="2015-11-06T11:26:45Z" changeset="35123774" uid="467526" user="Gumeg"/>
  <node id="1029136721" lat="55.7436874" lon="37.8641900" version="3" timestamp="2011-02-20T11:45:54Z" changeset="7341241" uid="393484" user="staric"/>
  <node id="1029136722" lat="55.7430924" lon="37.8635170" version="1" timestamp="2010-12-09T06:16:20Z" changeset="6592076" uid="350434" user="Uriy_L"/>
  <node id="1029136723" lat="55.7435723" lon="37.8638491" version="6" timestamp="2021-06-06T22:44:28Z" changeset="105935045" uid="363136" user="neo-plan">
    <tag k="barrier" v="lift_gate"/>
    <tag k="bicycle" v="yes"/>
    <tag k="foot" v="yes"/>
  </node>
  <node id="1029136725" lat="55.7428780" lon="37.8638603" version="1" timestamp="2010-12-09T06:16:20Z" changeset="6592076" uid="350434" user="Uriy_L"/>
  <node id="1029137222" lat="55.7428547" lon="37.8632391" version="1" timestamp="2010-12-09T06:17:51Z" changeset="6592076" uid="350434" user="Uriy_L"/>
  <node id="1029137224" lat="55.7430384" lon="37.8636035" version="1" timestamp="2010-12-09T06:17:51Z" changeset="6592076" uid="350434" user="Uriy_L"/>
  <node id="1029432721" lat="55.7435712" lon="37.8631891" version="2" timestamp="2015-11-04T20:01:24Z" changeset="35086995" uid="467526" user="Gumeg"/>
  <node id="1029432723" lat="55.7434198" lon="37.8634663" version="2" timestamp="2015-11-04T20:01:24Z" changeset="35086995" uid="467526" user="Gumeg"/>
  <node id="1074697203" lat="55.7407233" lon="37.8651396" version="2" timestamp="2011-03-29T19:05:09Z" changeset="7709689" uid="384084" user="Kostik"/>
  <node id="1074697223" lat="55.7408197" lon="37.8657205" version="1" timestamp="2010-12-31T08:18:34Z" changeset="6817002" uid="350434" user="Uriy_L"/>
  <node id="1074714480" lat="55.7412613" lon="37.8635657" version="4" timestamp="2020-01-07T01:36:36Z" changeset="79270740" uid="4650090" user="Axry"/>
  <node id="1074714482" lat="55.7417359" lon="37.8628494" version="3" timestamp="2015-11-06T11:26:45Z" changeset="35123774" uid="467526" user="Gumeg"/>
  <node id="1074714484" lat="55.7417865" lon="37.8640060" version="2" timestamp="2015-01-07T09:23:42Z" changeset="27972487" uid="384084" user="Kostik"/>
  <node id="1074714485" lat="55.7416516" lon="37.8636722" version="2" timestamp="2015-01-07T09:23:42Z" changeset="27972487" uid="384084" user="Kostik"/>
  <node id="1074907474" lat="55.7444181" lon="37.8663749" version="2" timestamp="2016-06-23T21:19:00Z" changeset="40245556" uid="3108624" user="AlexPot"/>
  <node id="1074907484" lat="55.7437538" lon="37.8666227" version="2" timestamp="2012-09-13T12:27:10Z" changeset="13095236" uid="696711" user="ad47"/>
  <node id="1074907485" lat="55.7437531" lon="37.8655676" version="3" timestamp="2012-09-13T12:27:10Z" changeset="13095236" uid="696711" user="ad47"/>
  <node id="1074907625" lat="55.7441534" lon="37.8663678" version="2" timestamp="2016-06-23T21:19:00Z" changeset="40245556" uid="3108624" user="AlexPot"/>
  <node id="1076445502" lat="55.7428364" lon="37.8630252" version="3" timestamp="2016-07-30T11:49:39Z" changeset="41125991" uid="830106" user="literan"/>
  <node id="1076445505" lat="55.7429591" lon="37.8628285" version="3" timestamp="2016-07-30T11:49:39Z" changeset="41125991" uid="830106" user="literan"/>
  <node id="1078213365" lat="55.7430803" lon="37.8661624" version="3" timestamp="2018-01-29T09:11:19Z" changeset="55853322" uid="467526" user="Gumeg"/>
  <node id="1078213367" lat="55.7438051" lon="37.8658004" version="5" timestamp="2016-02-23T09:30:41Z" changeset="37384314" uid="2853561" user="Владимир К"/>
  <node id="1078213372" lat="55.7444815" lon="37.8653754" version="5" timestamp="2016-02-23T17:53:14Z" changeset="37395118" uid="2853561" user="Владимир К">
    <tag k="crossing" v="traffic_signals"/>
    <tag k="highway" v="crossing"/>
  </node>
  <node id="1078486635" lat="55.7441481" lon="37.8636179" version="8" timestamp="2022-10-23T16:31:52Z" changeset="127965408" uid="2853561" user="Владимир К">
    <tag k="crossing" v="traffic_signals"/>
    <tag k="highway" v="crossing"/>
  </node>
  <node id="1080164531" lat="55.7421246" lon="37.8646962" version="3" timestamp="2015-11-06T11:26:45Z" changeset="35123774" uid="467526" user="Gumeg"/>
  <node id="1080164532" lat="55.7424102" lon="37.8644260" version="4" timestamp="2015-11-04T20:01:25Z" changeset="35086995" uid="467526" user="Gumeg"/>
  <node id="1080164533" lat="55.7425713" lon="37.8642924" version="4" timestamp="2015-11-06T11:26:45Z" changeset="35123774" uid="467526" user="Gumeg"/>
  <node id="1080164534" lat="55.7425669" lon="37.8642603" version="4" timestamp="2015-11-06T11:26:45Z" changeset="35123774" uid="467526" user="Gumeg"/>
  <node id="1080164535" lat="55.7425765" lon="37.8642320" version="4" timestamp="2015-11-06T11:26:45Z" changeset="35123774" uid="467526" user="Gumeg"/>
  <node id="1080164536" lat="55.7425945" lon="37.8642241" version="4" timestamp="2015-11-06T11:26:45Z" changeset="35123774" uid="467526" user="Gumeg"/>
  <node id="1080164537" lat="55.7426105" lon="37.8642412" version="4" timestamp="2015-11-06T11:26:45Z" changeset="35123774" uid="467526" user="Gumeg"/>
  <node id="1080164538" lat="55.7426149" lon="37.8642733" version="4" timestamp="2015-11-06T11:26:45Z" changeset="35123774" uid="467526" user="Gumeg"/>
  <node id="1080164539" lat="55.7426053" lon="37.8643016" version="4" timestamp="2015-11-06T11:26:45Z" changeset="35123774" uid="467526" user="Gumeg"/>
  <node id="1080164540" lat="55.7425873" lon="37.8643094" version="4" timestamp="2015-11-06T11:26:45Z" changeset="35123774" uid="467526" user="Gumeg"/>
  <node id="1080384730" lat="55.7414589" lon="37.8628925" version="2" timestamp="2015-11-06T11:26:45Z" changeset="35123774" uid="467526" user="Gumeg"/>
  <node id="1080384731" lat="55.7407995" lon="37.8638953" version="2" timestamp="2015-11-06T11:26:46Z" changeset="35123774" uid="467526" user="Gumeg"/>
  <node id="1097934471" lat="55.7441537" lon="37.8629244" version="8" timestamp="2018-01-18T10:30:50Z" changeset="55545930" uid="467526" user="Gumeg"/>
  <node id="1104650731" lat="55.7436044" lon="37.8639478" version="2" timestamp="2011-02-16T16:33:12Z" changeset="7305281" uid="316868" user="LexIgnatov"/>
  <node id="1143989838" lat="55.7445878" lon="37.8639340" version="3" timestamp="2015-03-07T23:09:29Z" changeset="29319180" uid="1437066" user="s-tikhomirov"/>
  <node id="1156423155" lat="55.7442397" lon="37.8641038" version="1" timestamp="2011-02-16T16:30:40Z" changeset="7305281" uid="316868" user="LexIgnatov"/>
  <node id="1156423520" lat="55.7445816" lon="37.8653125" version="2" timestamp="2011-03-12T03:12:04Z" changeset="7529439" uid="393484" user="staric"/>
  <node id="1224522916" lat="55.7413379" lon="37.8666569" version="4" timestamp="2016-01-07T13:24:33Z" changeset="36424131" uid="3509503" user="Arbuzuzz"/>
  <node id="1224530833" lat="55.7407925" lon="37.8633544" version="3" timestamp="2015-11-06T11:26:46Z" changeset="35123774" uid="467526" user="Gumeg"/>
  <node id="1224530834" lat="55.7406243" lon="37.8629220" version="3" timestamp="2015-11-06T11:26:46Z" changeset="35123774" uid="467526" user="Gumeg"/>
  <node id="1224530845" lat="55.7406758" lon="37.8631138" version="3" timestamp="2015-11-06T11:26:46Z" changeset="35123774" uid="467526" user="Gumeg"/>
  <node id="1224530847" lat="55.7408449" lon="37.8632741" version="3" timestamp="2015-11-06T11:26:46Z" changeset="35123774" uid="467526" user="Gumeg"/>
  <node id="1224530854" lat="55.7411609" lon="37.8627913" version="3" timestamp="2015-11-06T11:26:46Z" changeset="35123774" uid="467526" user="Gumeg"/>
  <node id="1224530855" lat="55.7411489" lon="37.8630588" version="3" timestamp="2015-11-06T11:26:46Z" changeset="35123774" uid="467526" user="Gumeg"/>
  <node id="1224530858" lat="55.7411576" lon="37.8630767" version="3" timestamp="2015-11-06T11:26:46Z" changeset="35123774" uid="467526" user="Gumeg"/>
  <node id="1224530868" lat="55.7411393" lon="37.8628244" version="3" timestamp="2015-11-06T11:26:46Z" changeset="35123774" uid="467526" user="Gumeg"/>
  <node id="1224530873" lat="55.7409232" lon="37.8634355" version="3" timestamp="2015-11-06T11:26:46Z" changeset="35123774" uid="467526" user="Gumeg"/>
  <node id="1456250159" lat="55.7406879" lon="37.8665647" version="32" timestamp="2023-09-17T00:03:31Z" changeset="141362330" uid="461130" user="Fizzie-DWG">
    <tag k="bus" v="yes"/>
    <tag k="highway" v="bus_stop"/>
    <tag k="name" v="Городецкая улица"/>
    <tag k="name:uk" v="Городоцька вулиця"/>
    <tag k="operator" v="ГУП &quot;Мосгортранс&quot;"/>
    <tag k="public_transport" v="platform"/>
  </node>
  <node id="1456250160" lat="55.7411512" lon="37.8666103" version="32" timestamp="2023-09-17T00:03:31Z" changeset="141362330" uid="461130" user="Fizzie-DWG">
    <tag k="bus" v="yes"/>
    <tag k="highway" v="bus_stop"/>
    <tag k="name" v="Городецкая улица"/>
    <tag k="name:uk" v="Городоцька вулиця"/>
    <tag k="operator" v="ГУП &quot;Мосгортранс&quot;"/>
    <tag k="public_transport" v="platform"/>
  </node>
  <node id="1465330250" lat="55.7442210" lon="37.8634704" version="4" timestamp="2013-02-18T13:27:44Z" changeset="15077257" uid="696711" user="ad47"/>
  <node id="1519221965" lat="55.7412320" lon="37.8661342" version="2" timestamp="2015-01-07T09:23:42Z" changeset="27972487" uid="384084" user="Kostik"/>
  <node id="1519221973" lat="55.7415283" lon="37.8662506" version="1" timestamp="2011-11-27T09:06:52Z" changeset="9964286" uid="316868" user="LexIgnatov"/>
  <node id="1519221975" lat="55.7416300" lon="37.8664498" version="2" timestamp="2026-05-18T07:49:59Z" changeset="182816719" uid="363136" user="neo-plan"/>
  <node id="1519221976" lat="55.7418298" lon="37.8660560" version="1" timestamp="2011-11-27T09:06:52Z" changeset="9964286" uid="316868" user="LexIgnatov"/>
  <node id="1519221978" lat="55.7418372" lon="37.8660779" version="1" timestamp="2011-11-27T09:06:52Z" changeset="9964286" uid="316868" user="LexIgnatov"/>
  <node id="1519221980" lat="55.7418475" lon="37.8660241" version="1" timestamp="2011-11-27T09:06:52Z" changeset="9964286" uid="316868" user="LexIgnatov"/>
  <node id="1519221982" lat="55.7418649" lon="37.8659815" version="1" timestamp="2011-11-27T09:06:52Z" changeset="9964286" uid="316868" user="LexIgnatov"/>
  <node id="1519221995" lat="55.7418744" lon="37.8660799" version="1" timestamp="2011-11-27T09:06:52Z" changeset="9964286" uid="316868" user="LexIgnatov"/>
  <node id="1519221997" lat="55.7419229" lon="37.8660879" version="1" timestamp="2011-11-27T09:06:52Z" changeset="9964286" uid="316868" user="LexIgnatov"/>
  <node id="1519222000" lat="55.7419999" lon="37.8634301" version="2" timestamp="2015-11-06T11:26:46Z" changeset="35123774" uid="467526" user="Gumeg"/>
  <node id="1519222002" lat="55.7419928" lon="37.8661179" version="1" timestamp="2011-11-27T09:06:52Z" changeset="9964286" uid="316868" user="LexIgnatov"/>
  <node id="1519222003" lat="55.7420029" lon="37.8655692" version="1" timestamp="2011-11-27T09:06:53Z" changeset="9964286" uid="316868" user="LexIgnatov"/>
  <node id="1519222005" lat="55.7420046" lon="37.8664036" version="1" timestamp="2011-11-27T09:06:53Z" changeset="9964286" uid="316868" user="LexIgnatov"/>
  <node id="1519222006" lat="55.7420324" lon="37.8654950" version="1" timestamp="2011-11-27T09:06:53Z" changeset="9964286" uid="316868" user="LexIgnatov"/>
  <node id="1519222007" lat="55.7420632" lon="37.8657362" version="2" timestamp="2015-11-06T11:26:46Z" changeset="35123774" uid="467526" user="Gumeg"/>
  <node id="1519222008" lat="55.7420642" lon="37.8656026" version="2" timestamp="2015-11-06T11:26:46Z" changeset="35123774" uid="467526" user="Gumeg"/>
  <node id="1519222014" lat="55.7420779" lon="37.8654840" version="2" timestamp="2015-11-06T11:26:46Z" changeset="35123774" uid="467526" user="Gumeg"/>
  <node id="1519222016" lat="55.7420706" lon="37.8661600" version="1" timestamp="2011-11-27T09:06:53Z" changeset="9964286" uid="316868" user="LexIgnatov"/>
  <node id="1519222019" lat="55.7421011" lon="37.8659753" version="2" timestamp="2015-11-06T11:26:46Z" changeset="35123774" uid="467526" user="Gumeg"/>
  <node id="1519222021" lat="55.7421035" lon="37.8653717" version="2" timestamp="2015-11-06T11:26:46Z" changeset="35123774" uid="467526" user="Gumeg"/>
  <node id="1519222023" lat="55.7421392" lon="37.8657070" version="2" timestamp="2015-11-06T11:26:46Z" changeset="35123774" uid="467526" user="Gumeg"/>
  <node id="1519222026" lat="55.7421403" lon="37.8656036" version="2" timestamp="2015-11-06T11:26:46Z" changeset="35123774" uid="467526" user="Gumeg"/>
  <node id="1519222028" lat="55.7421515" lon="37.8658252" version="2" timestamp="2015-11-06T11:26:46Z" changeset="35123774" uid="467526" user="Gumeg"/>
  <node id="1519222030" lat="55.7421518" lon="37.8655055" version="2" timestamp="2015-11-06T11:26:46Z" changeset="35123774" uid="467526" user="Gumeg"/>
  <node id="1519222037" lat="55.7421350" lon="37.8660739" version="2" timestamp="2015-11-06T11:26:46Z" changeset="35123774" uid="467526" user="Gumeg"/>
  <node id="1519222039" lat="55.7421708" lon="37.8659122" version="2" timestamp="2015-11-06T11:26:46Z" changeset="35123774" uid="467526" user="Gumeg"/>
  <node id="1519222041" lat="55.7421731" lon="37.8654118" version="2" timestamp="2015-11-06T11:26:46Z" changeset="35123774" uid="467526" user="Gumeg"/>
  <node id="1519222043" lat="55.7421614" lon="37.8640096" version="2" timestamp="2015-11-06T11:26:46Z" changeset="35123774" uid="467526" user="Gumeg"/>
  <node id="1519222044" lat="55.7421722" lon="37.8661509" version="2" timestamp="2015-11-06T11:26:46Z" changeset="35123774" uid="467526" user="Gumeg"/>
  <node id="1519222046" lat="55.7421971" lon="37.8653426" version="2" timestamp="2015-11-06T11:26:46Z" changeset="35123774" uid="467526" user="Gumeg"/>
  <node id="1519222048" lat="55.7421990" lon="37.8659945" version="2" timestamp="2015-11-06T11:26:46Z" changeset="35123774" uid="467526" user="Gumeg"/>
  <node id="1519222049" lat="55.7421906" lon="37.8651703" version="2" timestamp="2015-11-06T11:26:46Z" changeset="35123774" uid="467526" user="Gumeg"/>
  <node id="1519222051" lat="55.7421946" lon="37.8641718" version="2" timestamp="2015-11-06T11:26:46Z" changeset="35123774" uid="467526" user="Gumeg"/>
  <node id="1519222061" lat="55.7422042" lon="37.8651047" version="2" timestamp="2015-11-06T11:26:46Z" changeset="35123774" uid="467526" user="Gumeg"/>
  <node id="1519222062" lat="55.7422282" lon="37.8652770" version="2" timestamp="2015-11-06T11:26:46Z" changeset="35123774" uid="467526" user="Gumeg"/>
  <node id="1519222064" lat="55.7422139" lon="37.8642887" version="2" timestamp="2015-11-06T11:26:46Z" changeset="35123774" uid="467526" user="Gumeg"/>
  <node id="1519222066" lat="55.7422142" lon="37.8650277" version="2" timestamp="2015-11-06T11:26:46Z" changeset="35123774" uid="467526" user="Gumeg"/>
  <node id="1519222069" lat="55.7422299" lon="37.8660580" version="2" timestamp="2015-11-06T11:26:46Z" changeset="35123774" uid="467526" user="Gumeg"/>
  <node id="1519222070" lat="55.7422124" lon="37.8662128" version="2" timestamp="2015-11-06T11:26:46Z" changeset="35123774" uid="467526" user="Gumeg"/>
  <node id="1519222071" lat="55.7422239" lon="37.8648895" version="2" timestamp="2015-11-06T11:26:46Z" changeset="35123774" uid="467526" user="Gumeg"/>
  <node id="1519222072" lat="55.7422264" lon="37.8644055" version="2" timestamp="2015-11-06T11:26:46Z" changeset="35123774" uid="467526" user="Gumeg"/>
  <node id="1519222073" lat="55.7422219" lon="37.8651305" version="2" timestamp="2015-11-06T11:26:46Z" changeset="35123774" uid="467526" user="Gumeg"/>
  <node id="1519222081" lat="55.7422305" lon="37.8647410" version="2" timestamp="2015-11-06T11:26:46Z" changeset="35123774" uid="467526" user="Gumeg"/>
  <node id="1519222083" lat="55.7422310" lon="37.8645114" version="2" timestamp="2015-11-06T11:26:46Z" changeset="35123774" uid="467526" user="Gumeg"/>
  <node id="1519222086" lat="55.7422316" lon="37.8643935" version="2" timestamp="2015-11-06T11:26:47Z" changeset="35123774" uid="467526" user="Gumeg"/>
  <node id="1519222089" lat="55.7422281" lon="37.8645983" version="6" timestamp="2024-08-13T08:42:43Z" changeset="155182950" uid="20435980" user="Константин3">
    <tag k="crossing" v="traffic_signals"/>
    <tag k="highway" v="crossing"/>
    <tag k="tactile_paving" v="no"/>
  </node>
  <node id="1519222092" lat="55.7422628" lon="37.8661089" version="2" timestamp="2015-11-06T11:26:47Z" changeset="35123774" uid="467526" user="Gumeg"/>
  <node id="1519222093" lat="55.7422492" lon="37.8644843" version="2" timestamp="2015-11-06T11:26:47Z" changeset="35123774" uid="467526" user="Gumeg"/>
  <node id="1519222095" lat="55.7422709" lon="37.8652130" version="2" timestamp="2015-11-06T11:26:47Z" changeset="35123774" uid="467526" user="Gumeg"/>
  <node id="1519222101" lat="55.7422837" lon="37.8650680" version="2" timestamp="2015-11-06T11:26:47Z" changeset="35123774" uid="467526" user="Gumeg"/>
  <node id="1519222102" lat="55.7423068" lon="37.8661579" version="2" timestamp="2015-11-06T11:26:47Z" changeset="35123774" uid="467526" user="Gumeg"/>
  <node id="1519222104" lat="55.7423226" lon="37.8651609" version="2" timestamp="2015-11-06T11:26:47Z" changeset="35123774" uid="467526" user="Gumeg"/>
  <node id="1519222106" lat="55.7423102" lon="37.8650510" version="2" timestamp="2015-11-06T11:26:47Z" changeset="35123774" uid="467526" user="Gumeg">
    <tag k="note" v="За эту точкуоттягивать в сторону чтобы видеть корректирующий круг"/>
  </node>
  <node id="1519222110" lat="55.7423389" lon="37.8661834" version="2" timestamp="2015-11-06T11:26:47Z" changeset="35123774" uid="467526" user="Gumeg"/>
  <node id="1519222111" lat="55.7423326" lon="37.8647437" version="2" timestamp="2015-11-06T11:26:47Z" changeset="35123774" uid="467526" user="Gumeg"/>
  <node id="1519222113" lat="55.7423667" lon="37.8651326" version="2" timestamp="2015-11-06T11:26:47Z" changeset="35123774" uid="467526" user="Gumeg"/>
  <node id="1519222123" lat="55.7423637" lon="37.8663333" version="2" timestamp="2015-11-06T11:26:47Z" changeset="35123774" uid="467526" user="Gumeg"/>
  <node id="1519222124" lat="55.7423884" lon="37.8662088" version="2" timestamp="2015-11-06T11:26:47Z" changeset="35123774" uid="467526" user="Gumeg"/>
  <node id="1519222126" lat="55.7423806" lon="37.8664043" version="1" timestamp="2011-11-27T09:06:56Z" changeset="9964286" uid="316868" user="LexIgnatov"/>
  <node id="1519222128" lat="55.7424060" lon="37.8650115" version="2" timestamp="2015-11-06T11:26:47Z" changeset="35123774" uid="467526" user="Gumeg"/>
  <node id="1519222130" lat="55.7424240" lon="37.8651144" version="2" timestamp="2015-11-06T11:26:47Z" changeset="35123774" uid="467526" user="Gumeg"/>
  <node id="1519222131" lat="55.7424224" lon="37.8648949" version="2" timestamp="2015-11-06T11:26:47Z" changeset="35123774" uid="467526" user="Gumeg"/>
  <node id="1519222133" lat="55.7424240" lon="37.8663461" version="2" timestamp="2015-11-06T11:26:47Z" changeset="35123774" uid="467526" user="Gumeg"/>
  <node id="1519222135" lat="55.7424385" lon="37.8662194" version="2" timestamp="2015-11-06T11:26:47Z" changeset="35123774" uid="467526" user="Gumeg"/>
  <node id="1519222140" lat="55.7424677" lon="37.8651134" version="2" timestamp="2015-11-06T11:26:47Z" changeset="35123774" uid="467526" user="Gumeg"/>
  <node id="1519222141" lat="55.7424785" lon="37.8649523" version="2" timestamp="2015-11-06T11:26:47Z" changeset="35123774" uid="467526" user="Gumeg"/>
  <node id="1519222143" lat="55.7424847" lon="37.8662163" version="2" timestamp="2015-11-06T11:26:47Z" changeset="35123774" uid="467526" user="Gumeg"/>
  <node id="1519222144" lat="55.7424805" lon="37.8663423" version="2" timestamp="2015-11-06T11:26:47Z" changeset="35123774" uid="467526" user="Gumeg"/>
  <node id="1519222146" lat="55.7425123" lon="37.8651236" version="2" timestamp="2015-11-06T11:26:47Z" changeset="35123774" uid="467526" user="Gumeg"/>
  <node id="1519222147" lat="55.7425135" lon="37.8650225" version="2" timestamp="2015-11-06T11:26:47Z" changeset="35123774" uid="467526" user="Gumeg"/>
  <node id="1519222149" lat="55.7425409" lon="37.8661956" version="2" timestamp="2015-11-06T11:26:47Z" changeset="35123774" uid="467526" user="Gumeg"/>
  <node id="1519222151" lat="55.7425584" lon="37.8651470" version="2" timestamp="2015-11-06T11:26:47Z" changeset="35123774" uid="467526" user="Gumeg"/>
  <node id="1519222161" lat="55.7425693" lon="37.8650508" version="2" timestamp="2015-11-06T11:26:47Z" changeset="35123774" uid="467526" user="Gumeg"/>
  <node id="1519222163" lat="55.7425678" lon="37.8666246" version="1" timestamp="2011-11-27T09:06:57Z" changeset="9964286" uid="316868" user="LexIgnatov"/>
  <node id="1519222164" lat="55.7425879" lon="37.8661626" version="2" timestamp="2015-11-06T11:26:47Z" changeset="35123774" uid="467526" user="Gumeg"/>
  <node id="1519222170" lat="55.7426051" lon="37.8651860" version="2" timestamp="2015-11-06T11:26:47Z" changeset="35123774" uid="467526" user="Gumeg"/>
  <node id="1519222171" lat="55.7426265" lon="37.8661224" version="2" timestamp="2015-11-06T11:26:47Z" changeset="35123774" uid="467526" user="Gumeg"/>
  <node id="1519222173" lat="55.7426488" lon="37.8652397" version="2" timestamp="2015-11-06T11:26:47Z" changeset="35123774" uid="467526" user="Gumeg"/>
  <node id="1519222175" lat="55.7426679" lon="37.8660620" version="2" timestamp="2015-11-06T11:26:47Z" changeset="35123774" uid="467526" user="Gumeg"/>
  <node id="1519222176" lat="55.7426609" lon="37.8666817" version="2" timestamp="2015-09-20T10:44:19Z" changeset="34138050" uid="384084" user="Kostik"/>
  <node id="1519222187" lat="55.7426705" lon="37.8665436" version="2" timestamp="2015-09-20T10:44:19Z" changeset="34138050" uid="384084" user="Kostik"/>
  <node id="1519222191" lat="55.7426782" lon="37.8651625" version="2" timestamp="2015-11-06T11:26:47Z" changeset="35123774" uid="467526" user="Gumeg"/>
  <node id="1519222192" lat="55.7426844" lon="37.8653013" version="2" timestamp="2015-11-06T11:26:47Z" changeset="35123774" uid="467526" user="Gumeg"/>
  <node id="1519222196" lat="55.7427040" lon="37.8659869" version="2" timestamp="2015-11-06T11:26:47Z" changeset="35123774" uid="467526" user="Gumeg"/>
  <node id="1519222208" lat="55.7427152" lon="37.8653755" version="2" timestamp="2015-11-06T11:26:47Z" changeset="35123774" uid="467526" user="Gumeg"/>
  <node id="1519222216" lat="55.7427324" lon="37.8659001" version="2" timestamp="2015-11-06T11:26:47Z" changeset="35123774" uid="467526" user="Gumeg"/>
  <node id="1519222217" lat="55.7427238" lon="37.8662123" version="1" timestamp="2011-11-27T09:06:58Z" changeset="9964286" uid="316868" user="LexIgnatov"/>
  <node id="1519222218" lat="55.7427431" lon="37.8654778" version="2" timestamp="2015-11-06T11:26:47Z" changeset="35123774" uid="467526" user="Gumeg"/>
  <node id="1519222219" lat="55.7427450" lon="37.8660654" version="2" timestamp="2015-11-06T11:26:47Z" changeset="35123774" uid="467526" user="Gumeg"/>
  <node id="1519222225" lat="55.7427523" lon="37.8658011" version="2" timestamp="2015-11-06T11:26:47Z" changeset="35123774" uid="467526" user="Gumeg"/>
  <node id="1519222227" lat="55.7427581" lon="37.8655821" version="2" timestamp="2015-11-06T11:26:47Z" changeset="35123774" uid="467526" user="Gumeg"/>
  <node id="1519222230" lat="55.7427589" lon="37.8653275" version="2" timestamp="2015-11-06T11:26:47Z" changeset="35123774" uid="467526" user="Gumeg"/>
  <node id="1519222232" lat="55.7427613" lon="37.8656905" version="2" timestamp="2015-11-06T11:26:47Z" changeset="35123774" uid="467526" user="Gumeg"/>
  <node id="1519222234" lat="55.7428553" lon="37.8648063" version="2" timestamp="2024-02-29T19:50:35Z" changeset="148068737" uid="363136" user="neo-plan"/>
  <node id="1519222237" lat="55.7428034" lon="37.8658407" version="2" timestamp="2015-11-06T11:26:47Z" changeset="35123774" uid="467526" user="Gumeg"/>
  <node id="1519222238" lat="55.7428104" lon="37.8655764" version="2" timestamp="2015-11-06T11:26:47Z" changeset="35123774" uid="467526" user="Gumeg"/>
  <node id="1519222254" lat="55.7430787" lon="37.8658888" version="2" timestamp="2024-02-29T19:50:35Z" changeset="148068737" uid="363136" user="neo-plan"/>
  <node id="1590969458" lat="55.7445736" lon="37.8658563" version="2" timestamp="2012-07-27T12:43:46Z" changeset="12511014" uid="139384" user="AKz"/>
  <node id="1760860248" lat="55.7418309" lon="37.8666866" version="2" timestamp="2013-04-03T17:42:24Z" changeset="15597811" uid="519501" user="parukhin">
    <tag k="amenity" v="parking"/>
    <tag k="fee" v="no"/>
    <tag k="parking" v="surface"/>
  </node>
  <node id="1782917192" lat="55.7415202" lon="37.8638880" version="36" timestamp="2023-09-17T22:34:53Z" changeset="141400216" uid="149719" user="Bloodmage">
    <tag k="name" v="Каштан"/>
    <tag k="shop" v="hairdresser"/>
  </node>
  <node id="1857963692" lat="55.7443222" lon="37.8666474" version="1" timestamp="2012-08-08T22:21:40Z" changeset="12662802" uid="227736" user="FtW"/>
  <node id="1890438394" lat="55.7439177" lon="37.8627970" version="12" timestamp="2019-03-05T03:37:21Z" changeset="67789434" uid="485808" user="Alexey Lukin">
    <tag k="colour" v="yellow"/>
    <tag k="network" v="Московский метрополитен"/>
    <tag k="operator" v="ГУП «Московский метрополитен»"/>
    <tag k="railway" v="subway_entrance"/>
    <tag k="ref" v="4"/>
  </node>
  <node id="1890438401" lat="55.7444211" lon="37.8657847" version="11" timestamp="2018-01-29T12:10:31Z" changeset="55857529" uid="467526" user="Gumeg">
    <tag k="colour" v="yellow"/>
    <tag k="network" v="Московский метрополитен"/>
    <tag k="operator" v="ГУП «Московский метрополитен»"/>
    <tag k="railway" v="subway_entrance"/>
    <tag k="ref" v="2"/>
  </node>
  <node id="1890438451" lat="55.7441216" lon="37.8634518" version="2" timestamp="2013-03-02T18:25:38Z" changeset="15224713" uid="547304" user="m90_tass"/>
  <node id="1890438457" lat="55.7442299" lon="37.8635681" version="3" timestamp="2018-01-18T10:30:51Z" changeset="55545930" uid="467526" user="Gumeg"/>
  <node id="1890438459" lat="55.7443872" lon="37.8657518" version="3" timestamp="2018-01-29T12:10:31Z" changeset="55857529" uid="467526" user="Gumeg"/>
  <node id="1890438460" lat="55.7445159" lon="37.8662657" version="6" timestamp="2019-03-05T03:37:21Z" changeset="67789434" uid="485808" user="Alexey Lukin"/>
  <node id="1912738792" lat="55.7406615" lon="37.8666431" version="2" timestamp="2015-01-07T09:23:42Z" changeset="27972487" uid="384084" user="Kostik"/>
  <node id="1912738794" lat="55.7408785" lon="37.8665148" version="2" timestamp="2015-01-07T09:23:42Z" changeset="27972487" uid="384084" user="Kostik"/>
  <node id="1912738796" lat="55.7409062" lon="37.8666294" version="2" timestamp="2016-02-23T09:26:06Z" changeset="37384248" uid="2853561" user="Владимир К">
    <tag k="crossing" v="uncontrolled"/>
    <tag k="highway" v="crossing"/>
  </node>
  <node id="1912738798" lat="55.7409450" lon="37.8664755" version="2" timestamp="2015-01-07T09:23:42Z" changeset="27972487" uid="384084" user="Kostik"/>
  <node id="1912738799" lat="55.7410096" lon="37.8662710" version="2" timestamp="2015-01-07T09:23:42Z" changeset="27972487" uid="384084" user="Kostik"/>
  <node id="1912738800" lat="55.7412873" lon="37.8665880" version="2" timestamp="2016-01-07T13:24:33Z" changeset="36424131" uid="3509503" user="Arbuzuzz"/>
  <node id="1912738801" lat="55.7415281" lon="37.8631469" version="3" timestamp="2020-01-07T01:36:36Z" changeset="79270740" uid="4650090" user="Axry"/>
  <node id="1912738802" lat="55.7417139" lon="37.8635613" version="2" timestamp="2015-11-06T11:26:48Z" changeset="35123774" uid="467526" user="Gumeg"/>
  <node id="1912738803" lat="55.7418120" lon="37.8657397" version="2" timestamp="2015-01-07T09:23:42Z" changeset="27972487" uid="384084" user="Kostik"/>
  <node id="1912738804" lat="55.7420295" lon="37.8650208" version="2" timestamp="2015-01-07T09:23:42Z" changeset="27972487" uid="384084" user="Kostik"/>
  <node id="1912738805" lat="55.7420536" lon="37.8642781" version="3" timestamp="2015-11-06T11:26:48Z" changeset="35123774" uid="467526" user="Gumeg"/>
  <node id="1912738806" lat="55.7420721" lon="37.8648884" version="2" timestamp="2015-01-07T09:23:42Z" changeset="27972487" uid="384084" user="Kostik"/>
  <node id="1912738807" lat="55.7420988" lon="37.8644279" version="3" timestamp="2015-11-06T11:26:48Z" changeset="35123774" uid="467526" user="Gumeg"/>
  <node id="1912738808" lat="55.7421202" lon="37.8646166" version="2" timestamp="2015-11-06T11:26:48Z" changeset="35123774" uid="467526" user="Gumeg"/>
  <node id="1912738809" lat="55.7422363" lon="37.8665269" version="1" timestamp="2012-09-13T12:27:00Z" changeset="13095236" uid="696711" user="ad47"/>
  <node id="1912738810" lat="55.7427165" lon="37.8666470" version="1" timestamp="2012-09-13T12:27:00Z" changeset="13095236" uid="696711" user="ad47"/>
  <node id="1912738811" lat="55.7427491" lon="37.8664691" version="1" timestamp="2012-09-13T12:27:00Z" changeset="13095236" uid="696711" user="ad47"/>
  <node id="1912738812" lat="55.7428554" lon="37.8663256" version="1" timestamp="2012-09-13T12:27:00Z" changeset="13095236" uid="696711" user="ad47"/>
  <node id="1912738813" lat="55.7435056" lon="37.8660157" version="2" timestamp="2016-01-11T18:22:18Z" changeset="36509997" uid="384084" user="Kostik"/>
  <node id="1912738814" lat="55.7438061" lon="37.8662688" version="1" timestamp="2012-09-13T12:27:00Z" changeset="13095236" uid="696711" user="ad47"/>
  <node id="1912738815" lat="55.7438665" lon="37.8661148" version="1" timestamp="2012-09-13T12:27:00Z" changeset="13095236" uid="696711" user="ad47"/>
  <node id="1925323082" lat="55.7414803" lon="37.8647094" version="1" timestamp="2012-09-21T13:32:23Z" changeset="13195731" uid="150335" user="gwinder"/>
  <node id="1925323083" lat="55.7415528" lon="37.8650698" version="1" timestamp="2012-09-21T13:32:23Z" changeset="13195731" uid="150335" user="gwinder"/>
  <node id="1925323085" lat="55.7416702" lon="37.8645498" version="1" timestamp="2012-09-21T13:32:24Z" changeset="13195731" uid="150335" user="gwinder"/>
  <node id="1925323086" lat="55.7417484" lon="37.8649308" version="1" timestamp="2012-09-21T13:32:24Z" changeset="13195731" uid="150335" user="gwinder"/>
  <node id="2010578063" lat="55.7413032" lon="37.8639046" version="3" timestamp="2020-01-07T01:36:36Z" changeset="79270740" uid="4650090" user="Axry"/>
  <node id="2099673040" lat="55.7416950" lon="37.8627679" version="3" timestamp="2021-07-15T22:01:52Z" changeset="108075654" uid="363136" user="neo-plan"/>
  <node id="2399445072" lat="55.7424786" lon="37.8645727" version="2" timestamp="2015-11-04T20:01:25Z" changeset="35086995" uid="467526" user="Gumeg"/>
  <node id="2399445073" lat="55.7425843" lon="37.8646639" version="2" timestamp="2015-11-04T20:01:25Z" changeset="35086995" uid="467526" user="Gumeg"/>
  <node id="2399445074" lat="55.7438688" lon="37.8637909" version="2" timestamp="2015-11-04T20:01:25Z" changeset="35086995" uid="467526" user="Gumeg"/>
  <node id="2399445075" lat="55.7425178" lon="37.8646371" version="2" timestamp="2015-11-04T20:01:25Z" changeset="35086995" uid="467526" user="Gumeg"/>
  <node id="2403797870" lat="55.7433533" lon="37.8661060" version="3" timestamp="2023-08-13T15:57:50Z" changeset="139831442" uid="830106" user="literan">
    <tag k="inscription" v="Мороженое"/>
    <tag k="shop" v="ice_cream"/>
  </node>
  <node id="2428197327" lat="55.7434372" lon="37.8641016" version="4" timestamp="2018-01-29T09:11:19Z" changeset="55853322" uid="467526" user="Gumeg"/>
  <node id="2428197328" lat="55.7436206" lon="37.8639923" version="2" timestamp="2015-11-04T20:01:25Z" changeset="35086995" uid="467526" user="Gumeg"/>
  <node id="2433468468" lat="55.7435716" lon="37.8662024" version="2" timestamp="2019-10-09T17:42:07Z" changeset="75476652" uid="830106" user="literan">
    <tag k="craft" v="photographic_laboratory"/>
  </node>
  <node id="2902592172" lat="55.7418351" lon="37.8653911" version="2" timestamp="2015-03-16T16:51:27Z" changeset="29521691" uid="363136" user="neo-plan">
    <tag k="name" v="Новокосино"/>
    <tag k="tourism" v="information"/>
  </node>
  <node id="3030631762" lat="55.7426047" lon="37.8640555" version="3" timestamp="2015-11-06T11:26:48Z" changeset="35123774" uid="467526" user="Gumeg"/>
  <node id="3030631763" lat="55.7426032" lon="37.8639673" version="2" timestamp="2015-11-06T11:26:48Z" changeset="35123774" uid="467526" user="Gumeg"/>
  <node id="3030631764" lat="55.7426864" lon="37.8640103" version="2" timestamp="2015-11-06T11:26:48Z" changeset="35123774" uid="467526" user="Gumeg"/>
  <node id="3030631765" lat="55.7427396" lon="37.8641234" version="2" timestamp="2015-11-06T11:26:48Z" changeset="35123774" uid="467526" user="Gumeg"/>
  <node id="3168638597" lat="55.7414538" lon="37.8637902" version="2" timestamp="2015-01-07T09:23:42Z" changeset="27972487" uid="384084" user="Kostik"/>
  <node id="3168638598" lat="55.7415086" lon="37.8638809" version="2" timestamp="2015-01-07T09:23:42Z" changeset="27972487" uid="384084" user="Kostik"/>
  <node id="3168638599" lat="55.7414775" lon="37.8641728" version="2" timestamp="2015-01-07T09:23:42Z" changeset="27972487" uid="384084" user="Kostik"/>
  <node id="3168638600" lat="55.7414949" lon="37.8642256" version="2" timestamp="2015-01-07T09:23:42Z" changeset="27972487" uid="384084" user="Kostik"/>
  <node id="3168638601" lat="55.7416492" lon="37.8640645" version="2" timestamp="2015-01-07T09:23:43Z" changeset="27972487" uid="384084" user="Kostik"/>
  <node id="3168638602" lat="55.7415883" lon="37.8639423" version="2" timestamp="2015-01-07T09:23:43Z" changeset="27972487" uid="384084" user="Kostik"/>
  <node id="3168638603" lat="55.7415452" lon="37.8638119" version="2" timestamp="2015-01-07T09:23:43Z" changeset="27972487" uid="384084" user="Kostik"/>
  <node id="3168638604" lat="55.7416015" lon="37.8637532" version="2" timestamp="2015-01-07T09:23:43Z" changeset="27972487" uid="384084" user="Kostik"/>
  <node id="3168638605" lat="55.7415602" lon="37.8636284" version="2" timestamp="2015-01-07T09:23:43Z" changeset="27972487" uid="384084" user="Kostik"/>
  <node id="3168638606" lat="55.7415204" lon="37.8635081" version="2" timestamp="2015-01-07T09:23:43Z" changeset="27972487" uid="384084" user="Kostik"/>
  <node id="3175340433" lat="55.7425980" lon="37.8634762" version="35" timestamp="2026-03-02T07:21:19Z" changeset="179239563" uid="12100948" user="kate_rocketdata">
    <tag k="brand" v="Читай-город"/>
    <tag k="brand:wikidata" v="Q4516645"/>
    <tag k="brand:wikipedia" v="ru:Читай-город"/>
    <tag k="contact:phone" v="84954248444;88004448444"/>
    <tag k="contact:website" v="https://www.chitai-gorod.ru/"/>
    <tag k="name" v="Читай-город"/>
    <tag k="opening_hours" v="Mo-Fr 09:00-22:00; Sa-Su 09:00-21:00"/>
    <tag k="shop" v="books"/>
  </node>
  <node id="3269474002" lat="55.7422099" lon="37.8667092" version="3" timestamp="2019-10-09T12:22:52Z" changeset="75459860" uid="10364252" user="evsina">
    <tag k="amenity" v="vending_machine"/>
    <tag k="vending" v="lemonade"/>
  </node>
  <node id="3274216941" lat="55.7406282" lon="37.8644736" version="1" timestamp="2015-01-07T09:23:38Z" changeset="27972487" uid="384084" user="Kostik"/>
  <node id="3274216942" lat="55.7406294" lon="37.8661387" version="1" timestamp="2015-01-07T09:23:38Z" changeset="27972487" uid="384084" user="Kostik"/>
  <node id="3274216943" lat="55.7406335" lon="37.8661605" version="1" timestamp="2015-01-07T09:23:38Z" changeset="27972487" uid="384084" user="Kostik"/>
  <node id="3274216944" lat="55.7406399" lon="37.8644558" version="1" timestamp="2015-01-07T09:23:39Z" changeset="27972487" uid="384084" user="Kostik"/>
  <node id="3274216945" lat="55.7406470" lon="37.8659004" version="1" timestamp="2015-01-07T09:23:39Z" changeset="27972487" uid="384084" user="Kostik"/>
  <node id="3274216946" lat="55.7406560" lon="37.8659482" version="1" timestamp="2015-01-07T09:23:39Z" changeset="27972487" uid="384084" user="Kostik"/>
  <node id="3274216947" lat="55.7406846" lon="37.8645908" version="1" timestamp="2015-01-07T09:23:39Z" changeset="27972487" uid="384084" user="Kostik"/>
  <node id="3274216948" lat="55.7406855" lon="37.8661053" version="1" timestamp="2015-01-07T09:23:39Z" changeset="27972487" uid="384084" user="Kostik"/>
  <node id="3274216949" lat="55.7406896" lon="37.8661271" version="1" timestamp="2015-01-07T09:23:39Z" changeset="27972487" uid="384084" user="Kostik"/>
  <node id="3274216950" lat="55.7406942" lon="37.8641802" version="1" timestamp="2015-01-07T09:23:39Z" changeset="27972487" uid="384084" user="Kostik"/>
  <node id="3274216951" lat="55.7406970" lon="37.8645720" version="1" timestamp="2015-01-07T09:23:39Z" changeset="27972487" uid="384084" user="Kostik"/>
  <node id="3274216952" lat="55.7407665" lon="37.8658292" version="1" timestamp="2015-01-07T09:23:39Z" changeset="27972487" uid="384084" user="Kostik"/>
  <node id="3274216953" lat="55.7407691" lon="37.8647665" version="1" timestamp="2015-01-07T09:23:39Z" changeset="27972487" uid="384084" user="Kostik"/>
  <node id="3274216954" lat="55.7407731" lon="37.8658638" version="1" timestamp="2015-01-07T09:23:39Z" changeset="27972487" uid="384084" user="Kostik"/>
  <node id="3274216955" lat="55.7407815" lon="37.8647477" version="1" timestamp="2015-01-07T09:23:39Z" changeset="27972487" uid="384084" user="Kostik"/>
  <node id="3274216956" lat="55.7408320" lon="37.8660155" version="1" timestamp="2015-01-07T09:23:39Z" changeset="27972487" uid="384084" user="Kostik"/>
  <node id="3274216957" lat="55.7408365" lon="37.8660395" version="1" timestamp="2015-01-07T09:23:39Z" changeset="27972487" uid="384084" user="Kostik"/>
  <node id="3274216958" lat="55.7408884" lon="37.8659819" version="1" timestamp="2015-01-07T09:23:39Z" changeset="27972487" uid="384084" user="Kostik"/>
  <node id="3274216959" lat="55.7408929" lon="37.8660058" version="1" timestamp="2015-01-07T09:23:39Z" changeset="27972487" uid="384084" user="Kostik"/>
  <node id="3274216960" lat="55.7409246" lon="37.8652069" version="1" timestamp="2015-01-07T09:23:39Z" changeset="27972487" uid="384084" user="Kostik"/>
  <node id="3274217761" lat="55.7409478" lon="37.8651930" version="1" timestamp="2015-01-07T09:23:39Z" changeset="27972487" uid="384084" user="Kostik"/>
  <node id="3274217762" lat="55.7409647" lon="37.8654191" version="1" timestamp="2015-01-07T09:23:39Z" changeset="27972487" uid="384084" user="Kostik"/>
  <node id="3274217763" lat="55.7409879" lon="37.8654053" version="1" timestamp="2015-01-07T09:23:39Z" changeset="27972487" uid="384084" user="Kostik"/>
  <node id="3274217764" lat="55.7409905" lon="37.8636994" version="1" timestamp="2015-01-07T09:23:39Z" changeset="27972487" uid="384084" user="Kostik"/>
  <node id="3274217765" lat="55.7410029" lon="37.8656212" version="1" timestamp="2015-01-07T09:23:39Z" changeset="27972487" uid="384084" user="Kostik"/>
  <node id="3274217766" lat="55.7410245" lon="37.8656083" version="1" timestamp="2015-01-07T09:23:39Z" changeset="27972487" uid="384084" user="Kostik"/>
  <node id="3274217767" lat="55.7411378" lon="37.8640749" version="1" timestamp="2015-01-07T09:23:39Z" changeset="27972487" uid="384084" user="Kostik"/>
  <node id="3274217768" lat="55.7411859" lon="37.8640066" version="1" timestamp="2015-01-07T09:23:39Z" changeset="27972487" uid="384084" user="Kostik"/>
  <node id="3274217769" lat="55.7412229" lon="37.8640223" version="2" timestamp="2020-01-07T01:36:36Z" changeset="79270740" uid="4650090" user="Axry"/>
  <node id="3274217770" lat="55.7413954" lon="37.8644845" version="2" timestamp="2020-01-07T01:36:36Z" changeset="79270740" uid="4650090" user="Axry"/>
  <node id="3274217771" lat="55.7412453" lon="37.8650491" version="1" timestamp="2015-01-07T09:23:39Z" changeset="27972487" uid="384084" user="Kostik"/>
  <node id="3274217772" lat="55.7412496" lon="37.8636508" version="2" timestamp="2020-01-07T01:36:36Z" changeset="79270740" uid="4650090" user="Axry"/>
  <node id="3274217773" lat="55.7412587" lon="37.8660750" version="1" timestamp="2015-01-07T09:23:39Z" changeset="27972487" uid="384084" user="Kostik"/>
  <node id="3274217774" lat="55.7413143" lon="37.8638375" version="2" timestamp="2020-01-07T01:36:36Z" changeset="79270740" uid="4650090" user="Axry"/>
  <node id="3274217775" lat="55.7414288" lon="37.8659644" version="1" timestamp="2015-01-07T09:23:39Z" changeset="27972487" uid="384084" user="Kostik"/>
  <node id="3274217776" lat="55.7414690" lon="37.8644125" version="2" timestamp="2020-01-07T01:36:36Z" changeset="79270740" uid="4650090" user="Axry"/>
  <node id="3274217777" lat="55.7414687" lon="37.8634824" version="1" timestamp="2015-01-07T09:23:39Z" changeset="27972487" uid="384084" user="Kostik"/>
  <node id="3274217778" lat="55.7414717" lon="37.8648096" version="1" timestamp="2015-01-07T09:23:39Z" changeset="27972487" uid="384084" user="Kostik"/>
  <node id="3274217779" lat="55.7414847" lon="37.8634656" version="1" timestamp="2015-01-07T09:23:40Z" changeset="27972487" uid="384084" user="Kostik"/>
  <node id="3274217780" lat="55.7415043" lon="37.8635249" version="1" timestamp="2015-01-07T09:23:40Z" changeset="27972487" uid="384084" user="Kostik"/>
  <node id="3274217781" lat="55.7415392" lon="37.8643361" version="1" timestamp="2015-01-07T09:23:40Z" changeset="27972487" uid="384084" user="Kostik"/>
  <node id="3274217782" lat="55.7416318" lon="37.8643582" version="1" timestamp="2015-01-07T09:23:40Z" changeset="27972487" uid="384084" user="Kostik"/>
  <node id="3274217783" lat="55.7417007" lon="37.8641205" version="1" timestamp="2015-01-07T09:23:40Z" changeset="27972487" uid="384084" user="Kostik"/>
  <node id="3274217784" lat="55.7417617" lon="37.8643891" version="1" timestamp="2015-01-07T09:23:40Z" changeset="27972487" uid="384084" user="Kostik"/>
  <node id="3274217785" lat="55.7419585" lon="37.8652557" version="1" timestamp="2015-01-07T09:23:40Z" changeset="27972487" uid="384084" user="Kostik"/>
  <node id="3309352671" lat="55.7438153" lon="37.8636201" version="32" timestamp="2023-09-17T22:34:53Z" changeset="141400216" uid="149719" user="Bloodmage">
    <tag k="name" v="Красная икра"/>
    <tag k="shop" v="seafood"/>
  </node>
  <node id="3332360367" lat="55.7444911" lon="37.8661400" version="6" timestamp="2019-03-05T03:37:21Z" changeset="67789434" uid="485808" user="Alexey Lukin">
    <tag k="wheelchair" v="yes"/>
  </node>
  <node id="3388458779" lat="55.7444833" lon="37.8638659" version="1" timestamp="2015-03-07T23:09:28Z" changeset="29319180" uid="1437066" user="s-tikhomirov"/>
  <node id="3388975139" lat="55.7433746" lon="37.8637987" version="2" timestamp="2015-11-04T20:01:25Z" changeset="35086995" uid="467526" user="Gumeg">
    <tag k="shop" v="florist"/>
  </node>
  <node id="3388975472" lat="55.7442150" lon="37.8643185" version="3" timestamp="2021-07-23T16:11:35Z" changeset="108503038" uid="363136" user="neo-plan">
    <tag k="communication:mobile_phone" v="yes"/>
    <tag k="man_made" v="mast"/>
    <tag k="tower:type" v="communication"/>
  </node>
  <node id="3388975473" lat="55.7442902" lon="37.8647521" version="3" timestamp="2021-07-23T16:11:35Z" changeset="108503038" uid="363136" user="neo-plan">
    <tag k="communication:mobile_phone" v="yes"/>
    <tag k="man_made" v="mast"/>
    <tag k="tower:type" v="communication"/>
  </node>
  <node id="3416356822" lat="55.7445606" lon="37.8653257" version="1" timestamp="2015-03-24T18:36:09Z" changeset="29710173" uid="2714093" user="Ale GA"/>
  <node id="3450089250" lat="55.7416564" lon="37.8658834" version="1" timestamp="2015-04-11T07:30:37Z" changeset="30137057" uid="2714093" user="Ale GA"/>
  <node id="3450089251" lat="55.7413278" lon="37.8654606" version="1" timestamp="2015-04-11T07:30:37Z" changeset="30137057" uid="2714093" user="Ale GA"/>
  <node id="3714002266" lat="55.7430983" lon="37.8662102" version="1" timestamp="2015-08-25T18:20:07Z" changeset="33578505" uid="363136" user="neo-plan">
    <tag k="tourism" v="information"/>
  </node>
  <node id="3714002267" lat="55.7441024" lon="37.8656926" version="1" timestamp="2015-08-25T18:20:07Z" changeset="33578505" uid="363136" user="neo-plan">
    <tag k="tourism" v="information"/>
  </node>
  <node id="3759904775" lat="55.7415129" lon="37.8629224" version="2" timestamp="2024-03-02T12:20:30Z" changeset="148129013" uid="363136" user="neo-plan"/>
  <node id="3759904776" lat="55.7415800" lon="37.8628196" version="2" timestamp="2024-03-02T12:20:30Z" changeset="148129013" uid="363136" user="neo-plan"/>
  <node id="3775416758" lat="55.7431665" lon="37.8640394" version="40" timestamp="2024-09-24T07:40:40Z" changeset="157025850" uid="6710042" user="dpolovinkin">
    <tag k="name" v="Рублевский"/>
    <tag k="shop" v="butcher"/>
  </node>
  <node id="3775416759" lat="55.7432505" lon="37.8639175" version="37" timestamp="2023-09-17T22:47:20Z" changeset="141400391" uid="149719" user="Bloodmage">
    <tag k="amenity" v="pharmacy"/>
    <tag k="brand" v="А5"/>
    <tag k="brand:wikidata" v="Q62663476"/>
    <tag k="healthcare" v="pharmacy"/>
    <tag k="name" v="А5"/>
    <tag k="name:uk" v="А5"/>
  </node>
  <node id="3817798170" lat="55.7431244" lon="37.8641019" version="34" timestamp="2026-03-02T09:14:35Z" changeset="179243917" uid="830106" user="literan">
    <tag k="brand" v="T2"/>
    <tag k="brand:wikidata" v="Q4050799"/>
    <tag k="brand:wikipedia" v="ru:T2 (оператор сотовой связи)"/>
    <tag k="contact:ok" v="https://ok.ru/group/54092282068992"/>
    <tag k="contact:telegram" v="https://t.me/t2russia"/>
    <tag k="contact:vk" v="https://vk.com/t2russia"/>
    <tag k="contact:website" v="https://t2.ru"/>
    <tag k="contact:youtube" v="https://www.youtube.com/channel/UCTmVNtOoQAmgIGIL6pULmgA"/>
    <tag k="name" v="T2"/>
    <tag k="name:en" v="T2"/>
    <tag k="office" v="telecommunication"/>
    <tag k="shop" v="mobile_phone"/>
  </node>
  <node id="3817798174" lat="55.7420072" lon="37.8630938" version="1" timestamp="2015-11-04T20:01:15Z" changeset="35086995" uid="467526" user="Gumeg"/>
  <node id="3817798175" lat="55.7420899" lon="37.8632762" version="2" timestamp="2024-02-29T19:50:35Z" changeset="148068737" uid="363136" user="neo-plan"/>
  <node id="3817798177" lat="55.7422212" lon="37.8630803" version="2" timestamp="2024-02-29T19:50:35Z" changeset="148068737" uid="363136" user="neo-plan"/>
  <node id="3817798178" lat="55.7422424" lon="37.8636792" version="1" timestamp="2015-11-04T20:01:15Z" changeset="35086995" uid="467526" user="Gumeg"/>
  <node id="3817798180" lat="55.7423000" lon="37.8638772" version="1" timestamp="2015-11-04T20:01:15Z" changeset="35086995" uid="467526" user="Gumeg"/>
  <node id="3817798181" lat="55.7423698" lon="37.8642058" version="1" timestamp="2015-11-04T20:01:15Z" changeset="35086995" uid="467526" user="Gumeg"/>
  <node id="3817798182" lat="55.7423819" lon="37.8642720" version="1" timestamp="2015-11-04T20:01:15Z" changeset="35086995" uid="467526" user="Gumeg"/>
  <node id="3817798183" lat="55.7424206" lon="37.8641133" version="1" timestamp="2015-11-04T20:01:15Z" changeset="35086995" uid="467526" user="Gumeg"/>
  <node id="3817798184" lat="55.7424332" lon="37.8643002" version="1" timestamp="2015-11-04T20:01:15Z" changeset="35086995" uid="467526" user="Gumeg"/>
  <node id="3817798185" lat="55.7424576" lon="37.8641090" version="2" timestamp="2015-11-06T11:26:48Z" changeset="35123774" uid="467526" user="Gumeg"/>
  <node id="3817798186" lat="55.7424631" lon="37.8640163" version="1" timestamp="2015-11-04T20:01:15Z" changeset="35086995" uid="467526" user="Gumeg"/>
  <node id="3817798187" lat="55.7424750" lon="37.8642994" version="1" timestamp="2015-11-04T20:01:15Z" changeset="35086995" uid="467526" user="Gumeg"/>
  <node id="3817798189" lat="55.7425081" lon="37.8639594" version="1" timestamp="2015-11-04T20:01:15Z" changeset="35086995" uid="467526" user="Gumeg"/>
  <node id="3817798190" lat="55.7425114" lon="37.8642539" version="2" timestamp="2015-11-06T11:26:48Z" changeset="35123774" uid="467526" user="Gumeg"/>
  <node id="3817798191" lat="55.7425126" lon="37.8642948" version="2" timestamp="2015-11-06T11:26:48Z" changeset="35123774" uid="467526" user="Gumeg"/>
  <node id="3817798192" lat="55.7425189" lon="37.8642058" version="2" timestamp="2015-11-06T11:26:48Z" changeset="35123774" uid="467526" user="Gumeg"/>
  <node id="3817798193" lat="55.7425232" lon="37.8643429" version="2" timestamp="2015-11-06T11:26:48Z" changeset="35123774" uid="467526" user="Gumeg"/>
  <node id="3817798194" lat="55.7425448" lon="37.8643839" version="2" timestamp="2015-11-06T11:26:48Z" changeset="35123774" uid="467526" user="Gumeg"/>
  <node id="3817798195" lat="55.7425442" lon="37.8641515" version="2" timestamp="2015-11-06T11:26:48Z" changeset="35123774" uid="467526" user="Gumeg"/>
  <node id="3817798196" lat="55.7425785" lon="37.8644086" version="2" timestamp="2015-11-06T11:26:48Z" changeset="35123774" uid="467526" user="Gumeg"/>
  <node id="3817798198" lat="55.7426059" lon="37.8644083" version="2" timestamp="2015-11-06T11:26:48Z" changeset="35123774" uid="467526" user="Gumeg"/>
  <node id="3817798199" lat="55.7426298" lon="37.8643936" version="2" timestamp="2015-11-06T11:26:48Z" changeset="35123774" uid="467526" user="Gumeg"/>
  <node id="3817798200" lat="55.7426537" lon="37.8643589" version="2" timestamp="2015-11-06T11:26:48Z" changeset="35123774" uid="467526" user="Gumeg"/>
  <node id="3817798201" lat="55.7427814" lon="37.8645650" version="2" timestamp="2015-11-06T11:26:48Z" changeset="35123774" uid="467526" user="Gumeg"/>
  <node id="3817798205" lat="55.7429208" lon="37.8648603" version="1" timestamp="2015-11-04T20:01:16Z" changeset="35086995" uid="467526" user="Gumeg"/>
  <node id="3817798210" lat="55.7430069" lon="37.8632442" version="1" timestamp="2015-11-04T20:01:16Z" changeset="35086995" uid="467526" user="Gumeg"/>
  <node id="3817798211" lat="55.7430213" lon="37.8632725" version="1" timestamp="2015-11-04T20:01:16Z" changeset="35086995" uid="467526" user="Gumeg"/>
  <node id="3817798213" lat="55.7430664" lon="37.8643337" version="1" timestamp="2015-11-04T20:01:16Z" changeset="35086995" uid="467526" user="Gumeg"/>
  <node id="3817798214" lat="55.7431387" lon="37.8630327" version="1" timestamp="2015-11-04T20:01:16Z" changeset="35086995" uid="467526" user="Gumeg"/>
  <node id="3817798216" lat="55.7431794" lon="37.8631129" version="1" timestamp="2015-11-04T20:01:16Z" changeset="35086995" uid="467526" user="Gumeg"/>
  <node id="3817798217" lat="55.7431804" lon="37.8632349" version="1" timestamp="2015-11-04T20:01:16Z" changeset="35086995" uid="467526" user="Gumeg"/>
  <node id="3817798218" lat="55.7431909" lon="37.8632557" version="1" timestamp="2015-11-04T20:01:16Z" changeset="35086995" uid="467526" user="Gumeg"/>
  <node id="3817798219" lat="55.7431917" lon="37.8628419" version="1" timestamp="2015-11-04T20:01:16Z" changeset="35086995" uid="467526" user="Gumeg"/>
  <node id="3817798220" lat="55.7431989" lon="37.8630817" version="1" timestamp="2015-11-04T20:01:16Z" changeset="35086995" uid="467526" user="Gumeg"/>
  <node id="3817798222" lat="55.7432185" lon="37.8634721" version="1" timestamp="2015-11-04T20:01:16Z" changeset="35086995" uid="467526" user="Gumeg"/>
  <node id="3817798226" lat="55.7432605" lon="37.8629828" version="1" timestamp="2015-11-04T20:01:16Z" changeset="35086995" uid="467526" user="Gumeg"/>
  <node id="3817798227" lat="55.7432775" lon="37.8628584" version="1" timestamp="2015-11-04T20:01:16Z" changeset="35086995" uid="467526" user="Gumeg"/>
  <node id="3817798228" lat="55.7432909" lon="37.8629005" version="1" timestamp="2015-11-04T20:01:16Z" changeset="35086995" uid="467526" user="Gumeg"/>
  <node id="3817798229" lat="55.7433265" lon="37.8641542" version="2" timestamp="2015-11-06T11:26:48Z" changeset="35123774" uid="467526" user="Gumeg"/>
  <node id="3817798230" lat="55.7433245" lon="37.8630048" version="1" timestamp="2015-11-04T20:01:16Z" changeset="35086995" uid="467526" user="Gumeg"/>
  <node id="3817798231" lat="55.7433352" lon="37.8629876" version="1" timestamp="2015-11-04T20:01:16Z" changeset="35086995" uid="467526" user="Gumeg"/>
  <node id="3817798232" lat="55.7433401" lon="37.8639530" version="1" timestamp="2015-11-04T20:01:16Z" changeset="35086995" uid="467526" user="Gumeg"/>
  <node id="3817798233" lat="55.7433425" lon="37.8634773" version="1" timestamp="2015-11-04T20:01:16Z" changeset="35086995" uid="467526" user="Gumeg"/>
  <node id="3817798235" lat="55.7433617" lon="37.8637069" version="1" timestamp="2015-11-04T20:01:16Z" changeset="35086995" uid="467526" user="Gumeg"/>
  <node id="3817798237" lat="55.7434007" lon="37.8631930" version="1" timestamp="2015-11-04T20:01:16Z" changeset="35086995" uid="467526" user="Gumeg"/>
  <node id="3817798238" lat="55.7434114" lon="37.8631758" version="1" timestamp="2015-11-04T20:01:16Z" changeset="35086995" uid="467526" user="Gumeg"/>
  <node id="3817798241" lat="55.7434435" lon="37.8635311" version="1" timestamp="2015-11-04T20:01:16Z" changeset="35086995" uid="467526" user="Gumeg"/>
  <node id="3817798244" lat="55.7434949" lon="37.8645193" version="1" timestamp="2015-11-04T20:01:16Z" changeset="35086995" uid="467526" user="Gumeg"/>
  <node id="3817798248" lat="55.7435918" lon="37.8644548" version="1" timestamp="2015-11-04T20:01:16Z" changeset="35086995" uid="467526" user="Gumeg"/>
  <node id="3817798256" lat="55.7439567" lon="37.8642305" version="1" timestamp="2015-11-04T20:01:16Z" changeset="35086995" uid="467526" user="Gumeg"/>
  <node id="3820589174" lat="55.7406905" lon="37.8637720" version="1" timestamp="2015-11-06T11:26:41Z" changeset="35123774" uid="467526" user="Gumeg"/>
  <node id="3820589176" lat="55.7418362" lon="37.8633035" version="1" timestamp="2015-11-06T11:26:41Z" changeset="35123774" uid="467526" user="Gumeg"/>
  <node id="3820589177" lat="55.7419709" lon="37.8629512" version="2" timestamp="2024-02-29T20:03:15Z" changeset="148069398" uid="363136" user="neo-plan"/>
  <node id="3820589178" lat="55.7420328" lon="37.8628483" version="2" timestamp="2024-02-29T20:03:15Z" changeset="148069398" uid="363136" user="neo-plan"/>
  <node id="3820589179" lat="55.7420964" lon="37.8632294" version="1" timestamp="2015-11-06T11:26:41Z" changeset="35123774" uid="467526" user="Gumeg"/>
  <node id="3820589180" lat="55.7421620" lon="37.8631342" version="1" timestamp="2015-11-06T11:26:41Z" changeset="35123774" uid="467526" user="Gumeg"/>
  <node id="3820589181" lat="55.7424469" lon="37.8641435" version="1" timestamp="2015-11-06T11:26:41Z" changeset="35123774" uid="467526" user="Gumeg"/>
  <node id="3820589182" lat="55.7424816" lon="37.8642920" version="1" timestamp="2015-11-06T11:26:41Z" changeset="35123774" uid="467526" user="Gumeg">
    <tag k="amenity" v="bench"/>
    <tag k="backrest" v="yes"/>
  </node>
  <node id="3820589183" lat="55.7424928" lon="37.8641692" version="1" timestamp="2015-11-06T11:26:41Z" changeset="35123774" uid="467526" user="Gumeg">
    <tag k="amenity" v="bench"/>
    <tag k="backrest" v="yes"/>
  </node>
  <node id="3820589184" lat="55.7425103" lon="37.8643983" version="1" timestamp="2015-11-06T11:26:41Z" changeset="35123774" uid="467526" user="Gumeg">
    <tag k="amenity" v="bench"/>
    <tag k="backrest" v="yes"/>
  </node>
  <node id="3820589185" lat="55.7425189" lon="37.8640065" version="1" timestamp="2015-11-06T11:26:41Z" changeset="35123774" uid="467526" user="Gumeg"/>
  <node id="3820589186" lat="55.7425362" lon="37.8639972" version="1" timestamp="2015-11-06T11:26:41Z" changeset="35123774" uid="467526" user="Gumeg"/>
  <node id="3820589187" lat="55.7425426" lon="37.8640744" version="1" timestamp="2015-11-06T11:26:41Z" changeset="35123774" uid="467526" user="Gumeg"/>
  <node id="3820589188" lat="55.7425483" lon="37.8640853" version="1" timestamp="2015-11-06T11:26:41Z" changeset="35123774" uid="467526" user="Gumeg">
    <tag k="amenity" v="bench"/>
    <tag k="backrest" v="yes"/>
  </node>
  <node id="3820589189" lat="55.7425744" lon="37.8641274" version="1" timestamp="2015-11-06T11:26:41Z" changeset="35123774" uid="467526" user="Gumeg"/>
  <node id="3820589190" lat="55.7426129" lon="37.8641291" version="1" timestamp="2015-11-06T11:26:41Z" changeset="35123774" uid="467526" user="Gumeg"/>
  <node id="3820589191" lat="55.7426286" lon="37.8640827" version="1" timestamp="2015-11-06T11:26:41Z" changeset="35123774" uid="467526" user="Gumeg">
    <tag k="amenity" v="bench"/>
    <tag k="backrest" v="yes"/>
  </node>
  <node id="3820589192" lat="55.7426423" lon="37.8641558" version="1" timestamp="2015-11-06T11:26:41Z" changeset="35123774" uid="467526" user="Gumeg"/>
  <node id="3820589193" lat="55.7426444" lon="37.8644434" version="1" timestamp="2015-11-06T11:26:41Z" changeset="35123774" uid="467526" user="Gumeg">
    <tag k="amenity" v="bench"/>
    <tag k="backrest" v="yes"/>
  </node>
  <node id="3820589194" lat="55.7426475" lon="37.8644549" version="1" timestamp="2015-11-06T11:26:41Z" changeset="35123774" uid="467526" user="Gumeg"/>
  <node id="3820589195" lat="55.7426658" lon="37.8642110" version="1" timestamp="2015-11-06T11:26:41Z" changeset="35123774" uid="467526" user="Gumeg"/>
  <node id="3820589196" lat="55.7426685" lon="37.8642596" version="1" timestamp="2015-11-06T11:26:41Z" changeset="35123774" uid="467526" user="Gumeg"/>
  <node id="3820589197" lat="55.7426705" lon="37.8645357" version="1" timestamp="2015-11-06T11:26:41Z" changeset="35123774" uid="467526" user="Gumeg"/>
  <node id="3820589198" lat="55.7426706" lon="37.8642972" version="1" timestamp="2015-11-06T11:26:41Z" changeset="35123774" uid="467526" user="Gumeg"/>
  <node id="3820589199" lat="55.7426900" lon="37.8641761" version="1" timestamp="2015-11-06T11:26:41Z" changeset="35123774" uid="467526" user="Gumeg">
    <tag k="amenity" v="bench"/>
    <tag k="backrest" v="yes"/>
  </node>
  <node id="3820589200" lat="55.7426993" lon="37.8643266" version="1" timestamp="2015-11-06T11:26:41Z" changeset="35123774" uid="467526" user="Gumeg">
    <tag k="amenity" v="bench"/>
    <tag k="backrest" v="yes"/>
  </node>
  <node id="3820589201" lat="55.7427061" lon="37.8643327" version="1" timestamp="2015-11-06T11:26:42Z" changeset="35123774" uid="467526" user="Gumeg"/>
  <node id="3820589202" lat="55.7427608" lon="37.8643885" version="1" timestamp="2015-11-06T11:26:42Z" changeset="35123774" uid="467526" user="Gumeg"/>
  <node id="3820589203" lat="55.7427664" lon="37.8642858" version="1" timestamp="2015-11-06T11:26:42Z" changeset="35123774" uid="467526" user="Gumeg"/>
  <node id="3820589204" lat="55.7427794" lon="37.8642626" version="1" timestamp="2015-11-06T11:26:42Z" changeset="35123774" uid="467526" user="Gumeg"/>
  <node id="3820589205" lat="55.7428547" lon="37.8641749" version="1" timestamp="2015-11-06T11:26:42Z" changeset="35123774" uid="467526" user="Gumeg"/>
  <node id="3820589206" lat="55.7428897" lon="37.8642841" version="1" timestamp="2015-11-06T11:26:42Z" changeset="35123774" uid="467526" user="Gumeg"/>
  <node id="3820589207" lat="55.7431232" lon="37.8642945" version="1" timestamp="2015-11-06T11:26:42Z" changeset="35123774" uid="467526" user="Gumeg"/>
  <node id="3820589208" lat="55.7432104" lon="37.8639785" version="1" timestamp="2015-11-06T11:26:42Z" changeset="35123774" uid="467526" user="Gumeg">
    <tag k="shop" v="seafood"/>
  </node>
  <node id="3900412177" lat="55.7422746" lon="37.8653339" version="1" timestamp="2015-12-19T18:55:44Z" changeset="36052453" uid="2923607" user="степа99">
    <tag k="emergency" v="fire_hydrant"/>
  </node>
  <node id="3900412182" lat="55.7423967" lon="37.8638511" version="1" timestamp="2015-12-19T18:55:45Z" changeset="36052453" uid="2923607" user="степа99">
    <tag k="emergency" v="fire_hydrant"/>
  </node>
  <node id="3900412186" lat="55.7425651" lon="37.8667531" version="1" timestamp="2015-12-19T18:55:45Z" changeset="36052453" uid="2923607" user="степа99">
    <tag k="emergency" v="fire_hydrant"/>
  </node>
  <node id="3900412197" lat="55.7428674" lon="37.8654174" version="1" timestamp="2015-12-19T18:55:45Z" changeset="36052453" uid="2923607" user="степа99">
    <tag k="emergency" v="fire_hydrant"/>
  </node>
  <node id="3900412205" lat="55.7431867" lon="37.8665862" version="1" timestamp="2015-12-19T18:55:45Z" changeset="36052453" uid="2923607" user="степа99">
    <tag k="emergency" v="fire_hydrant"/>
  </node>
  <node id="3900412221" lat="55.7436056" lon="37.8645046" version="1" timestamp="2015-12-19T18:55:46Z" changeset="36052453" uid="2923607" user="степа99">
    <tag k="emergency" v="fire_hydrant"/>
  </node>
  <node id="3900412224" lat="55.7437703" lon="37.8659258" version="1" timestamp="2015-12-19T18:55:46Z" changeset="36052453" uid="2923607" user="степа99">
    <tag k="emergency" v="fire_hydrant"/>
  </node>
  <node id="3900412228" lat="55.7439119" lon="37.8641958" version="1" timestamp="2015-12-19T18:55:46Z" changeset="36052453" uid="2923607" user="степа99">
    <tag k="emergency" v="fire_hydrant"/>
  </node>
  <node id="3900412229" lat="55.7439768" lon="37.8631733" version="1" timestamp="2015-12-19T18:55:46Z" changeset="36052453" uid="2923607" user="степа99">
    <tag k="emergency" v="fire_hydrant"/>
  </node>
  <node id="3900412235" lat="55.7444137" lon="37.8652351" version="1" timestamp="2015-12-19T18:55:46Z" changeset="36052453" uid="2923607" user="степа99">
    <tag k="emergency" v="fire_hydrant"/>
  </node>
  <node id="3900412239" lat="55.7445366" lon="37.8642275" version="1" timestamp="2015-12-19T18:55:46Z" changeset="36052453" uid="2923607" user="степа99">
    <tag k="emergency" v="fire_hydrant"/>
  </node>
  <node id="3905148705" lat="55.7407185" lon="37.8651452" version="1" timestamp="2015-12-22T17:49:04Z" changeset="36110555" uid="2923607" user="степа99">
    <tag k="emergency" v="fire_hydrant"/>
  </node>
  <node id="3905148709" lat="55.7411343" lon="37.8655651" version="1" timestamp="2015-12-22T17:49:04Z" changeset="36110555" uid="2923607" user="степа99">
    <tag k="emergency" v="fire_hydrant"/>
  </node>
  <node id="3905148712" lat="55.7415208" lon="37.8627804" version="1" timestamp="2015-12-22T17:49:04Z" changeset="36110555" uid="2923607" user="степа99">
    <tag k="emergency" v="fire_hydrant"/>
  </node>
  <node id="3905148713" lat="55.7417907" lon="37.8640586" version="1" timestamp="2015-12-22T17:49:04Z" changeset="36110555" uid="2923607" user="степа99">
    <tag k="emergency" v="fire_hydrant"/>
  </node>
  <node id="3940079989" lat="55.7434309" lon="37.8659781" version="1" timestamp="2016-01-11T18:22:18Z" changeset="36509997" uid="384084" user="Kostik"/>
  <node id="3964908557" lat="55.7434771" lon="37.8662521" version="37" timestamp="2023-09-17T22:47:20Z" changeset="141400391" uid="149719" user="Bloodmage">
    <tag k="amenity" v="pharmacy"/>
    <tag k="healthcare" v="pharmacy"/>
    <tag k="name" v="Диалог"/>
    <tag k="name:uk" v="Діалог"/>
    <tag k="wheelchair" v="yes"/>
  </node>
  <node id="3964908558" lat="55.7434385" lon="37.8662146" version="43" timestamp="2023-09-17T22:34:53Z" changeset="141400216" uid="149719" user="Bloodmage">
    <tag k="brand" v="Ортека"/>
    <tag k="brand:wikidata" v="Q62393660"/>
    <tag k="contact:email" v="info@orteka.ru"/>
    <tag k="contact:facebook" v="https://www.facebook.com/orteka.rus"/>
    <tag k="contact:instagram" v="https://www.instagram.com/orteka_rus/"/>
    <tag k="contact:phone" v="+7 495 7755000;+7 800 3333112"/>
    <tag k="contact:vk" v="https://vk.com/orteka_ru"/>
    <tag k="contact:website" v="https://orteka.ru/salon/orteka-novokosino.php"/>
    <tag k="medical_supply" v="orthopedic"/>
    <tag k="name" v="Ортека"/>
    <tag k="name:en" v="Orteka"/>
    <tag k="opening_hours" v="Mo-Su 09:00-21:00"/>
    <tag k="operator" v="НИКАМЕД"/>
    <tag k="shop" v="medical_supply"/>
  </node>
  <node id="3964909347" lat="55.7435351" lon="37.8664226" version="44" timestamp="2025-07-10T21:25:57Z" changeset="168761907" uid="363136" user="neo-plan">
    <tag k="brand" v="Мегафон"/>
    <tag k="brand:en" v="MegaFon"/>
    <tag k="brand:ru" v="Мегафон"/>
    <tag k="brand:wikidata" v="Q1720713"/>
    <tag k="brand:wikipedia" v="en:MegaFon"/>
    <tag k="contact:facebook" v="https://www.facebook.com/MegaFon.ru"/>
    <tag k="contact:habrahabr" v="https://habrahabr.ru/company/megafon"/>
    <tag k="contact:ok" v="https://ok.ru/megafon"/>
    <tag k="contact:phone" v="+7 800 5500500"/>
    <tag k="contact:twitter" v="https://twitter.com/megafonru"/>
    <tag k="contact:vk" v="https://vk.com/megafon"/>
    <tag k="contact:website" v="https://megafon.ru"/>
    <tag k="contact:youtube" v="https://www.youtube.com/user/MegaFonTV"/>
    <tag k="name" v="Мегафон"/>
    <tag k="name:en" v="MegaFon"/>
    <tag k="name:ru" v="Мегафон"/>
    <tag k="shop" v="mobile_phone"/>
  </node>
  <node id="4021300220" lat="55.7430352" lon="37.8659342" version="2" timestamp="2018-01-29T09:11:19Z" changeset="55853322" uid="467526" user="Gumeg"/>
  <node id="4021300237" lat="55.7434701" lon="37.8642404" version="2" timestamp="2018-01-29T09:11:19Z" changeset="55853322" uid="467526" user="Gumeg"/>
  <node id="4021300252" lat="55.7441110" lon="37.8628188" version="2" timestamp="2018-01-18T10:30:51Z" changeset="55545930" uid="467526" user="Gumeg"/>
  <node id="4021300254" lat="55.7445232" lon="37.8633741" version="2" timestamp="2018-01-18T10:30:51Z" changeset="55545930" uid="467526" user="Gumeg"/>
  <node id="4021311101" lat="55.7409278" lon="37.8667191" version="1" timestamp="2016-02-23T09:26:06Z" changeset="37384248" uid="2853561" user="Владимир К"/>
  <node id="4021311102" lat="55.7417800" lon="37.8659576" version="1" timestamp="2016-02-23T09:26:06Z" changeset="37384248" uid="2853561" user="Владимир К"/>
  <node id="4021311103" lat="55.7418232" lon="37.8661951" version="1" timestamp="2016-02-23T09:26:06Z" changeset="37384248" uid="2853561" user="Владимир К"/>
  <node id="4085265991" lat="55.7430235" lon="37.8639474" version="39" timestamp="2024-09-24T07:40:40Z" changeset="157025850" uid="6710042" user="dpolovinkin">
    <tag k="name" v="Ремит"/>
    <tag k="shop" v="butcher"/>
  </node>
  <node id="4085265992" lat="55.7431171" lon="37.8639688" version="39" timestamp="2024-09-24T07:40:40Z" changeset="157025850" uid="6710042" user="dpolovinkin">
    <tag k="brand" v="ВкусВилл"/>
    <tag k="brand:wikidata" v="Q57271676"/>
    <tag k="brand:wikipedia" v="ru:Вкусвилл"/>
    <tag k="name" v="ВкусВилл"/>
    <tag k="shop" v="convenience"/>
  </node>
  <node id="4085265993" lat="55.7430718" lon="37.8638186" version="1" timestamp="2016-03-29T16:17:06Z" changeset="38147564" uid="363136" user="neo-plan">
    <tag k="shop" v="florist"/>
  </node>
  <node id="4085265994" lat="55.7431956" lon="37.8638615" version="32" timestamp="2023-09-17T22:34:53Z" changeset="141400216" uid="149719" user="Bloodmage">
    <tag k="name" v="Займ Экспресс"/>
    <tag k="shop" v="money_lender"/>
  </node>
  <node id="4085265995" lat="55.7430657" lon="37.8640600" version="36" timestamp="2023-09-17T22:55:32Z" changeset="141400514" uid="149719" user="Bloodmage">
    <tag k="amenity" v="bar"/>
    <tag k="name" v="24"/>
  </node>
  <node id="4085265996" lat="55.7431322" lon="37.8638240" version="1" timestamp="2016-03-29T16:17:06Z" changeset="38147564" uid="363136" user="neo-plan">
    <tag k="shop" v="butcher"/>
  </node>
  <node id="4085266475" lat="55.7436576" lon="37.8633948" version="40" timestamp="2023-09-17T22:34:53Z" changeset="141400216" uid="149719" user="Bloodmage">
    <tag k="brand" v="Мегафон"/>
    <tag k="brand:en" v="MegaFon"/>
    <tag k="brand:wikidata" v="Q1720713"/>
    <tag k="brand:wikipedia" v="en:MegaFon"/>
    <tag k="contact:facebook" v="https://www.facebook.com/MegaFon.ru"/>
    <tag k="contact:habrahabr" v="https://habrahabr.ru/company/megafon"/>
    <tag k="contact:ok" v="https://ok.ru/megafon"/>
    <tag k="contact:phone" v="+7 800 5500500"/>
    <tag k="contact:twitter" v="https://twitter.com/megafonru"/>
    <tag k="contact:vk" v="https://vk.com/megafon"/>
    <tag k="contact:website" v="https://megafon.ru"/>
    <tag k="contact:youtube" v="https://www.youtube.com/user/MegaFonTV"/>
    <tag k="name" v="МегаФон"/>
    <tag k="name:en" v="MegaFon"/>
    <tag k="shop" v="mobile_phone"/>
  </node>
  <node id="4085266476" lat="55.7437270" lon="37.8633787" version="40" timestamp="2023-09-17T22:34:53Z" changeset="141400216" uid="149719" user="Bloodmage">
    <tag k="brand" v="МТС"/>
    <tag k="brand:en" v="MTS"/>
    <tag k="brand:wikidata" v="Q1368919"/>
    <tag k="brand:wikipedia" v="en:MTS (network provider)"/>
    <tag k="contact:facebook" v="https://www.facebook.com/mts"/>
    <tag k="contact:ok" v="https://ok.ru/mts"/>
    <tag k="contact:phone" v="+7 800 2500890"/>
    <tag k="contact:twitter" v="https://twitter.com/ru_mts"/>
    <tag k="contact:vk" v="https://vk.com/mts"/>
    <tag k="contact:website" v="https://shop.mts.ru"/>
    <tag k="name" v="МТС"/>
    <tag k="name:en" v="MTS"/>
    <tag k="shop" v="mobile_phone"/>
  </node>
  <node id="4085266477" lat="55.7438821" lon="37.8634198" version="33" timestamp="2023-09-17T22:47:20Z" changeset="141400391" uid="149719" user="Bloodmage">
    <tag k="amenity" v="fast_food"/>
    <tag k="check_date" v="2022-06-04"/>
    <tag k="name" v="Шашлычная #1"/>
  </node>
  <node id="4085266478" lat="55.7437421" lon="37.8635504" version="34" timestamp="2023-09-17T22:47:20Z" changeset="141400391" uid="149719" user="Bloodmage">
    <tag k="amenity" v="pharmacy"/>
    <tag k="healthcare" v="pharmacy"/>
    <tag k="name" v="НеоФарм"/>
    <tag k="name:uk" v="Неофарм"/>
  </node>
  <node id="4091231635" lat="55.7407063" lon="37.8658651" version="1" timestamp="2016-04-01T23:52:07Z" changeset="38240696" uid="384084" user="Kostik">
    <tag k="entrance" v="yes"/>
    <tag k="ref" v="3"/>
  </node>
  <node id="4091231636" lat="55.7409676" lon="37.8652977" version="1" timestamp="2016-04-01T23:52:07Z" changeset="38240696" uid="384084" user="Kostik">
    <tag k="entrance" v="yes"/>
    <tag k="ref" v="2"/>
  </node>
  <node id="4091231637" lat="55.7410306" lon="37.8656406" version="1" timestamp="2016-04-01T23:52:08Z" changeset="38240696" uid="384084" user="Kostik">
    <tag k="entrance" v="yes"/>
    <tag k="ref" v="1"/>
  </node>
  <node id="4203973992" lat="55.7440987" lon="37.8663840" version="40" timestamp="2025-04-08T20:01:35Z" changeset="164696139" uid="363136" user="neo-plan">
    <tag k="addr:city" v="Москва"/>
    <tag k="addr:housenumber" v="3"/>
    <tag k="addr:postcode" v="111672"/>
    <tag k="addr:street" v="Городецкая улица"/>
    <tag k="amenity" v="fast_food"/>
    <tag k="brand" v="Суши Wok"/>
    <tag k="brand:en" v="Sushi Wok"/>
    <tag k="brand:ru" v="Суши Wok"/>
    <tag k="brand:wikidata" v="Q25444754"/>
    <tag k="brand:wikipedia" v="uk:Суши Wok (мережа магазинів)"/>
    <tag k="contact:facebook" v="https://www.facebook.com/sushiwokofficial"/>
    <tag k="contact:website" v="http://sushiwok.ru"/>
    <tag k="cuisine" v="asian"/>
    <tag k="delivery" v="yes"/>
    <tag k="name" v="Суши Wok"/>
    <tag k="name:en" v="Sushi Wok"/>
    <tag k="name:ru" v="Суши Wok"/>
    <tag k="opening_hours" v="Mo-Su 10:00-23:00"/>
    <tag k="takeaway" v="yes"/>
  </node>
  <node id="4241842116" lat="55.7432914" lon="37.8644331" version="5" timestamp="2024-07-30T13:39:34Z" changeset="154607139" uid="564990" user="mavl">
    <tag k="bus" v="yes"/>
    <tag k="name" v="Метро «Новокосино»"/>
    <tag k="public_transport" v="stop_position"/>
  </node>
  <node id="4261574692" lat="55.7444776" lon="37.8663434" version="2" timestamp="2018-01-29T12:10:32Z" changeset="55857529" uid="467526" user="Gumeg"/>
  <node id="4278292818" lat="55.7411361" lon="37.8656487" version="1" timestamp="2016-07-02T13:29:27Z" changeset="40440284" uid="363136" user="neo-plan"/>
  <node id="4278292819" lat="55.7410670" lon="37.8660473" version="1" timestamp="2016-07-02T13:29:27Z" changeset="40440284" uid="363136" user="neo-plan"/>
  <node id="4320195770" lat="55.7440664" lon="37.8640634" version="2" timestamp="2018-01-29T09:11:19Z" changeset="55853322" uid="467526" user="Gumeg"/>
  <node id="4320195771" lat="55.7442800" lon="37.8651628" version="1" timestamp="2016-07-25T20:48:47Z" changeset="41022511" uid="696711" user="ad47"/>
  <node id="4584284475" lat="55.7435312" lon="37.8663164" version="28" timestamp="2023-09-17T22:34:53Z" changeset="141400216" uid="149719" user="Bloodmage">
    <tag k="name" v="Очкарик"/>
    <tag k="shop" v="optician"/>
    <tag k="wheelchair" v="yes"/>
  </node>
  <node id="4807975978" lat="55.7430744" lon="37.8631360" version="1" timestamp="2017-04-21T17:26:48Z" changeset="48010042" uid="150335" user="gwinder">
    <tag k="access" v="private"/>
    <tag k="entrance" v="yes"/>
    <tag k="ref" v="2"/>
    <tag k="wheelchair" v="yes"/>
  </node>
  <node id="4807975979" lat="55.7431920" lon="37.8631893" version="24" timestamp="2023-09-17T22:47:20Z" changeset="141400391" uid="149719" user="Bloodmage">
    <tag k="amenity" v="police"/>
    <tag k="name" v="Опорный пункт"/>
    <tag k="phone" v="+7 499 7466065"/>
  </node>
  <node id="4807975980" lat="55.7432012" lon="37.8632015" version="1" timestamp="2017-04-21T17:26:48Z" changeset="48010042" uid="150335" user="gwinder">
    <tag k="access" v="private"/>
    <tag k="entrance" v="service"/>
  </node>
  <node id="4807975981" lat="55.7432738" lon="37.8632290" version="1" timestamp="2017-04-21T17:26:48Z" changeset="48010042" uid="150335" user="gwinder">
    <tag k="access" v="private"/>
    <tag k="entrance" v="yes"/>
    <tag k="ref" v="1"/>
    <tag k="wheelchair" v="yes"/>
  </node>
  <node id="4811908673" lat="55.7424502" lon="37.8657178" version="2" timestamp="2017-04-24T12:48:13Z" changeset="48090038" uid="830106" user="literan">
    <tag k="description" v="Стела Новокосино"/>
    <tag k="information" v="stele"/>
    <tag k="tourism" v="information"/>
  </node>
  <node id="4811908675" lat="55.7441643" lon="37.8645576" version="2" timestamp="2018-01-29T09:11:19Z" changeset="55853322" uid="467526" user="Gumeg"/>
  <node id="4811908676" lat="55.7435355" lon="37.8643732" version="3" timestamp="2024-02-29T19:50:35Z" changeset="148068737" uid="363136" user="neo-plan"/>
  <node id="4812254438" lat="55.7415235" lon="37.8651214" version="1" timestamp="2017-04-23T21:02:18Z" changeset="48072058" uid="5720252" user="mihailpihail"/>
  <node id="4812254439" lat="55.7418777" lon="37.8648998" version="1" timestamp="2017-04-23T21:02:18Z" changeset="48072058" uid="5720252" user="mihailpihail"/>
  <node id="4812254440" lat="55.7417858" lon="37.8649573" version="1" timestamp="2017-04-23T21:02:18Z" changeset="48072058" uid="5720252" user="mihailpihail"/>
  <node id="4812254441" lat="55.7415531" lon="37.8659444" version="1" timestamp="2017-04-23T21:02:18Z" changeset="48072058" uid="5720252" user="mihailpihail"/>
  <node id="4812254442" lat="55.7411681" lon="37.8658109" version="1" timestamp="2017-04-23T21:02:18Z" changeset="48072058" uid="5720252" user="mihailpihail"/>
  <node id="4994458671" lat="55.7429464" lon="37.8645057" version="1" timestamp="2017-07-26T10:10:18Z" changeset="50583404" uid="363136" user="neo-plan">
    <tag k="amenity" v="toilets"/>
    <tag k="fee" v="yes"/>
    <tag k="opening_hours" v="24/7"/>
  </node>
  <node id="5020453045" lat="55.7423799" lon="37.8630164" version="1" timestamp="2017-08-07T16:07:43Z" changeset="50921838" uid="363136" user="neo-plan">
    <tag k="shop" v="clothes"/>
  </node>
  <node id="5020455160" lat="55.7432692" lon="37.8640651" version="2" timestamp="2021-11-07T15:30:54Z" changeset="113484690" uid="830106" user="literan">
    <tag k="building" v="kiosk"/>
    <tag k="inscription" v="Пресса"/>
    <tag k="shop" v="newsagent"/>
  </node>
  <node id="5020455161" lat="55.7419843" lon="37.8627615" version="2" timestamp="2021-11-07T15:30:54Z" changeset="113484690" uid="830106" user="literan">
    <tag k="building" v="kiosk"/>
    <tag k="inscription" v="Пресса"/>
    <tag k="shop" v="newsagent"/>
  </node>
  <node id="5086301690" lat="55.7410734" lon="37.8667172" version="1" timestamp="2017-09-07T15:03:15Z" changeset="51815247" uid="467526" user="Gumeg"/>
  <node id="5131656759" lat="55.7429283" lon="37.8641611" version="22" timestamp="2023-09-17T00:03:31Z" changeset="141362331" uid="461130" user="Fizzie-DWG">
    <tag k="historic" v="suburb"/>
    <tag k="name" v="Крутицы"/>
  </node>
  <node id="5346743880" lat="55.7443012" lon="37.8628054" version="1" timestamp="2018-01-18T10:30:47Z" changeset="55545930" uid="467526" user="Gumeg"/>
  <node id="5369878217" lat="55.7443480" lon="37.8650652" version="2" timestamp="2018-01-29T12:10:32Z" changeset="55857529" uid="467526" user="Gumeg"/>
  <node id="5369878218" lat="55.7441283" lon="37.8640754" version="2" timestamp="2018-01-29T12:10:32Z" changeset="55857529" uid="467526" user="Gumeg"/>
  <node id="5369878219" lat="55.7426268" lon="37.8633667" version="1" timestamp="2018-01-29T09:11:14Z" changeset="55853322" uid="467526" user="Gumeg"/>
  <node id="5369878220" lat="55.7427129" lon="37.8635400" version="1" timestamp="2018-01-29T09:11:14Z" changeset="55853322" uid="467526" user="Gumeg"/>
  <node id="5369878321" lat="55.7425448" lon="37.8632017" version="1" timestamp="2018-01-29T09:11:14Z" changeset="55853322" uid="467526" user="Gumeg"/>
  <node id="5369878322" lat="55.7424832" lon="37.8630777" version="1" timestamp="2018-01-29T09:11:14Z" changeset="55853322" uid="467526" user="Gumeg"/>
  <node id="5369878323" lat="55.7426402" lon="37.8633423" version="1" timestamp="2018-01-29T09:11:14Z" changeset="55853322" uid="467526" user="Gumeg"/>
  <node id="5369878324" lat="55.7425591" lon="37.8631792" version="1" timestamp="2018-01-29T09:11:15Z" changeset="55853322" uid="467526" user="Gumeg"/>
  <node id="5369878325" lat="55.7424975" lon="37.8630552" version="1" timestamp="2018-01-29T09:11:15Z" changeset="55853322" uid="467526" user="Gumeg"/>
  <node id="5369878326" lat="55.7428448" lon="37.8636532" version="1" timestamp="2018-01-29T09:11:15Z" changeset="55853322" uid="467526" user="Gumeg"/>
  <node id="5369878327" lat="55.7428585" lon="37.8636807" version="1" timestamp="2018-01-29T09:11:15Z" changeset="55853322" uid="467526" user="Gumeg"/>
  <node id="5369878335" lat="55.7423525" lon="37.8627936" version="1" timestamp="2018-01-29T09:11:15Z" changeset="55853322" uid="467526" user="Gumeg"/>
  <node id="5369878340" lat="55.7431156" lon="37.8648293" version="1" timestamp="2018-01-29T09:11:15Z" changeset="55853322" uid="467526" user="Gumeg"/>
  <node id="5369878341" lat="55.7432697" lon="37.8655870" version="1" timestamp="2018-01-29T09:11:15Z" changeset="55853322" uid="467526" user="Gumeg"/>
  <node id="5369878342" lat="55.7431047" lon="37.8656928" version="1" timestamp="2018-01-29T09:11:15Z" changeset="55853322" uid="467526" user="Gumeg"/>
  <node id="5369878343" lat="55.7429507" lon="37.8649351" version="1" timestamp="2018-01-29T09:11:15Z" changeset="55853322" uid="467526" user="Gumeg"/>
  <node id="5369878344" lat="55.7440076" lon="37.8639105" version="1" timestamp="2018-01-29T09:11:15Z" changeset="55853322" uid="467526" user="Gumeg"/>
  <node id="5369878345" lat="55.7437275" lon="37.8640902" version="1" timestamp="2018-01-29T09:11:15Z" changeset="55853322" uid="467526" user="Gumeg"/>
  <node id="5369878346" lat="55.7437139" lon="37.8640822" version="1" timestamp="2018-01-29T09:11:15Z" changeset="55853322" uid="467526" user="Gumeg"/>
  <node id="5369878347" lat="55.7436981" lon="37.8640500" version="1" timestamp="2018-01-29T09:11:15Z" changeset="55853322" uid="467526" user="Gumeg"/>
  <node id="5369878348" lat="55.7436905" lon="37.8640231" version="1" timestamp="2018-01-29T09:11:15Z" changeset="55853322" uid="467526" user="Gumeg"/>
  <node id="5369878349" lat="55.7436935" lon="37.8639910" version="1" timestamp="2018-01-29T09:11:15Z" changeset="55853322" uid="467526" user="Gumeg"/>
  <node id="5369878350" lat="55.7438596" lon="37.8638394" version="1" timestamp="2018-01-29T09:11:15Z" changeset="55853322" uid="467526" user="Gumeg"/>
  <node id="5369878351" lat="55.7439849" lon="37.8637925" version="1" timestamp="2018-01-29T09:11:15Z" changeset="55853322" uid="467526" user="Gumeg"/>
  <node id="5369878367" lat="55.7436414" lon="37.8641003" version="1" timestamp="2018-01-29T09:11:15Z" changeset="55853322" uid="467526" user="Gumeg"/>
  <node id="5369878368" lat="55.7436090" lon="37.8640426" version="1" timestamp="2018-01-29T09:11:15Z" changeset="55853322" uid="467526" user="Gumeg"/>
  <node id="5369878369" lat="55.7436309" lon="37.8640634" version="1" timestamp="2018-01-29T09:11:15Z" changeset="55853322" uid="467526" user="Gumeg"/>
  <node id="5369878370" lat="55.7436403" lon="37.8641338" version="1" timestamp="2018-01-29T09:11:15Z" changeset="55853322" uid="467526" user="Gumeg"/>
  <node id="5369878371" lat="55.7435093" lon="37.8642149" version="1" timestamp="2018-01-29T09:11:15Z" changeset="55853322" uid="467526" user="Gumeg"/>
  <node id="5369878372" lat="55.7434822" lon="37.8641143" version="1" timestamp="2018-01-29T09:11:15Z" changeset="55853322" uid="467526" user="Gumeg"/>
  <node id="5369878373" lat="55.7435878" lon="37.8640527" version="1" timestamp="2018-01-29T09:11:15Z" changeset="55853322" uid="467526" user="Gumeg"/>
  <node id="5369878375" lat="55.7430292" lon="37.8653079" version="1" timestamp="2018-01-29T09:11:15Z" changeset="55853322" uid="467526" user="Gumeg"/>
  <node id="5369878390" lat="55.7445579" lon="37.8635001" version="1" timestamp="2018-01-29T09:11:16Z" changeset="55853322" uid="467526" user="Gumeg"/>
  <node id="5369893372" lat="55.7445484" lon="37.8629383" version="1" timestamp="2018-01-29T09:19:20Z" changeset="55853526" uid="467526" user="Gumeg"/>
  <node id="5369893377" lat="55.7439416" lon="37.8627830" version="1" timestamp="2018-01-29T09:19:20Z" changeset="55853526" uid="467526" user="Gumeg"/>
  <node id="5369893379" lat="55.7437486" lon="37.8630441" version="1" timestamp="2018-01-29T09:19:20Z" changeset="55853526" uid="467526" user="Gumeg"/>
  <node id="5369893381" lat="55.7419361" lon="37.8629447" version="1" timestamp="2018-01-29T09:19:20Z" changeset="55853526" uid="467526" user="Gumeg"/>
  <node id="5369893390" lat="55.7436671" lon="37.8630549" version="1" timestamp="2018-01-29T09:19:21Z" changeset="55853526" uid="467526" user="Gumeg"/>
  <node id="5369893392" lat="55.7439238" lon="37.8629315" version="1" timestamp="2018-01-29T09:19:21Z" changeset="55853526" uid="467526" user="Gumeg"/>
  <node id="5369893398" lat="55.7438948" lon="37.8628103" version="1" timestamp="2018-01-29T09:19:21Z" changeset="55853526" uid="467526" user="Gumeg"/>
  <node id="5369893402" lat="55.7420583" lon="37.8627606" version="1" timestamp="2018-01-29T09:19:21Z" changeset="55853526" uid="467526" user="Gumeg"/>
  <node id="5369977499" lat="55.7430842" lon="37.8628428" version="1" timestamp="2018-01-29T10:12:24Z" changeset="55854652" uid="467526" user="Gumeg"/>
  <node id="5370185348" lat="55.7445276" lon="37.8663251" version="2" timestamp="2021-01-14T11:39:33Z" changeset="97493155" uid="421938" user="RFuser11">
    <tag k="access" v="customers"/>
    <tag k="highway" v="elevator"/>
    <tag k="wheelchair" v="yes"/>
  </node>
  <node id="5370185349" lat="55.7445350" lon="37.8649563" version="1" timestamp="2018-01-29T12:10:25Z" changeset="55857529" uid="467526" user="Gumeg"/>
  <node id="5370190230" lat="55.7443831" lon="37.8658821" version="2" timestamp="2021-01-14T11:39:33Z" changeset="97493155" uid="421938" user="RFuser11"/>
  <node id="5370190245" lat="55.7442210" lon="37.8655390" version="1" timestamp="2018-01-29T12:10:27Z" changeset="55857529" uid="467526" user="Gumeg"/>
  <node id="5370190246" lat="55.7442210" lon="37.8657018" version="1" timestamp="2018-01-29T12:10:27Z" changeset="55857529" uid="467526" user="Gumeg"/>
  <node id="5370190247" lat="55.7439877" lon="37.8656856" version="1" timestamp="2018-01-29T12:10:27Z" changeset="55857529" uid="467526" user="Gumeg"/>
  <node id="5370190248" lat="55.7445330" lon="37.8664184" version="1" timestamp="2018-01-29T12:10:27Z" changeset="55857529" uid="467526" user="Gumeg"/>
  <node id="5370190249" lat="55.7443912" lon="37.8657137" version="1" timestamp="2018-01-29T12:10:27Z" changeset="55857529" uid="467526" user="Gumeg"/>
  <node id="5370190250" lat="55.7444439" lon="37.8657705" version="1" timestamp="2018-01-29T12:10:27Z" changeset="55857529" uid="467526" user="Gumeg"/>
  <node id="5370190251" lat="55.7445504" lon="37.8663110" version="1" timestamp="2018-01-29T12:10:27Z" changeset="55857529" uid="467526" user="Gumeg"/>
  <node id="5370190252" lat="55.7445028" lon="37.8663406" version="1" timestamp="2018-01-29T12:10:27Z" changeset="55857529" uid="467526" user="Gumeg"/>
  <node id="5370190253" lat="55.7443963" lon="37.8658001" version="1" timestamp="2018-01-29T12:10:27Z" changeset="55857529" uid="467526" user="Gumeg"/>
  <node id="5377439469" lat="55.7432821" lon="37.8660898" version="1" timestamp="2018-02-01T08:16:22Z" changeset="55958443" uid="467526" user="Gumeg">
    <tag k="amenity" v="vending_machine"/>
    <tag k="operator" v="ГУП «Мосгортранс»"/>
    <tag k="payment:cash" v="yes"/>
    <tag k="payment:notes" v="yes"/>
    <tag k="ref" v="M0089"/>
    <tag k="vending" v="public_transport_tickets"/>
  </node>
  <node id="5377439471" lat="55.7444129" lon="37.8635833" version="1" timestamp="2018-02-01T08:16:22Z" changeset="55958443" uid="467526" user="Gumeg"/>
  <node id="6284360109" lat="55.7430738" lon="37.8648559" version="1" timestamp="2019-02-17T14:05:50Z" changeset="67280461" uid="4937489" user="Grekmsk"/>
  <node id="6284360110" lat="55.7430953" lon="37.8649623" version="1" timestamp="2019-02-17T14:05:50Z" changeset="67280461" uid="4937489" user="Grekmsk"/>
  <node id="6284360111" lat="55.7430198" lon="37.8650104" version="1" timestamp="2019-02-17T14:05:50Z" changeset="67280461" uid="4937489" user="Grekmsk"/>
  <node id="6284360112" lat="55.7429983" lon="37.8649040" version="1" timestamp="2019-02-17T14:05:50Z" changeset="67280461" uid="4937489" user="Grekmsk"/>
  <node id="6284360113" lat="55.7431894" lon="37.8654624" version="2" timestamp="2022-06-05T11:51:57Z" changeset="121973327" uid="830106" user="literan"/>
  <node id="6284360114" lat="55.7431820" lon="37.8654376" version="2" timestamp="2022-06-05T11:51:57Z" changeset="121973327" uid="830106" user="literan"/>
  <node id="6284360115" lat="55.7430969" lon="37.8655240" version="2" timestamp="2022-06-05T11:51:57Z" changeset="121973327" uid="830106" user="literan"/>
  <node id="6284360116" lat="55.7431059" lon="37.8655493" version="2" timestamp="2022-06-05T11:51:57Z" changeset="121973327" uid="830106" user="literan"/>
  <node id="6284360117" lat="55.7431706" lon="37.8654183" version="2" timestamp="2022-06-05T11:51:57Z" changeset="121973327" uid="830106" user="literan"/>
  <node id="6284360118" lat="55.7431564" lon="37.8654064" version="2" timestamp="2022-06-05T11:51:57Z" changeset="121973327" uid="830106" user="literan"/>
  <node id="6284360119" lat="55.7431407" lon="37.8654029" version="2" timestamp="2022-06-05T11:51:57Z" changeset="121973327" uid="830106" user="literan"/>
  <node id="6284360120" lat="55.7431253" lon="37.8654084" version="2" timestamp="2022-06-05T11:51:57Z" changeset="121973327" uid="830106" user="literan"/>
  <node id="6284360121" lat="55.7431116" lon="37.8654224" version="2" timestamp="2022-06-05T11:51:57Z" changeset="121973327" uid="830106" user="literan"/>
  <node id="6284360122" lat="55.7431010" lon="37.8654432" version="2" timestamp="2022-06-05T11:51:57Z" changeset="121973327" uid="830106" user="literan"/>
  <node id="6284360123" lat="55.7430947" lon="37.8654688" version="2" timestamp="2022-06-05T11:51:57Z" changeset="121973327" uid="830106" user="literan"/>
  <node id="6284360124" lat="55.7430933" lon="37.8654967" version="2" timestamp="2022-06-05T11:51:57Z" changeset="121973327" uid="830106" user="literan"/>
  <node id="6284360125" lat="55.7431191" lon="37.8655678" version="2" timestamp="2022-06-05T11:51:57Z" changeset="121973327" uid="830106" user="literan"/>
  <node id="6284360126" lat="55.7431350" lon="37.8655774" version="2" timestamp="2022-06-05T11:51:57Z" changeset="121973327" uid="830106" user="literan"/>
  <node id="6284360127" lat="55.7431518" lon="37.8655769" version="2" timestamp="2022-06-05T11:51:57Z" changeset="121973327" uid="830106" user="literan"/>
  <node id="6284360128" lat="55.7431676" lon="37.8655664" version="2" timestamp="2022-06-05T11:51:57Z" changeset="121973327" uid="830106" user="literan"/>
  <node id="6284360129" lat="55.7431804" lon="37.8655471" version="2" timestamp="2022-06-05T11:51:57Z" changeset="121973327" uid="830106" user="literan"/>
  <node id="6284360130" lat="55.7431889" lon="37.8655213" version="2" timestamp="2022-06-05T11:51:57Z" changeset="121973327" uid="830106" user="literan"/>
  <node id="6284360131" lat="55.7431920" lon="37.8654919" version="2" timestamp="2022-06-05T11:51:57Z" changeset="121973327" uid="830106" user="literan"/>
  <node id="6284360132" lat="55.7437285" lon="37.8648070" version="3" timestamp="2024-11-13T03:31:02Z" changeset="159074833" uid="564990" user="mavl"/>
  <node id="6284360133" lat="55.7437506" lon="37.8649280" version="3" timestamp="2024-11-13T03:30:51Z" changeset="159074833" uid="564990" user="mavl"/>
  <node id="6284360134" lat="55.7435478" lon="37.8650450" version="3" timestamp="2024-11-13T03:30:33Z" changeset="159074828" uid="564990" user="mavl"/>
  <node id="6284360135" lat="55.7435257" lon="37.8649240" version="3" timestamp="2024-11-13T03:30:48Z" changeset="159074833" uid="564990" user="mavl"/>
  <node id="6284360136" lat="55.7438365" lon="37.8649900" version="3" timestamp="2024-11-13T03:30:53Z" changeset="159074833" uid="564990" user="mavl"/>
  <node id="6284360137" lat="55.7437887" lon="37.8649556" version="3" timestamp="2024-11-13T03:30:20Z" changeset="159074828" uid="564990" user="mavl"/>
  <node id="6284360138" lat="55.7437406" lon="37.8651668" version="3" timestamp="2024-11-13T03:30:51Z" changeset="159074833" uid="564990" user="mavl"/>
  <node id="6284360139" lat="55.7437884" lon="37.8652012" version="3" timestamp="2024-11-13T03:30:57Z" changeset="159074833" uid="564990" user="mavl"/>
  <node id="6284360140" lat="55.7437901" lon="37.8650648" version="1" timestamp="2019-02-17T14:05:51Z" changeset="67280461" uid="4937489" user="Grekmsk">
    <tag k="amenity" v="cafe"/>
  </node>
  <node id="6284360141" lat="55.7435399" lon="37.8651368" version="1" timestamp="2019-02-17T14:05:51Z" changeset="67280461" uid="4937489" user="Grekmsk"/>
  <node id="6284360142" lat="55.7435119" lon="37.8652277" version="1" timestamp="2019-02-17T14:05:51Z" changeset="67280461" uid="4937489" user="Grekmsk"/>
  <node id="6284360143" lat="55.7436232" lon="37.8653359" version="1" timestamp="2019-02-17T14:05:51Z" changeset="67280461" uid="4937489" user="Grekmsk"/>
  <node id="6284360144" lat="55.7436512" lon="37.8652450" version="1" timestamp="2019-02-17T14:05:51Z" changeset="67280461" uid="4937489" user="Grekmsk"/>
  <node id="6284360145" lat="55.7437539" lon="37.8647579" version="1" timestamp="2019-02-17T14:05:51Z" changeset="67280461" uid="4937489" user="Grekmsk"/>
  <node id="6284360146" lat="55.7437796" lon="37.8646725" version="1" timestamp="2019-02-17T14:05:51Z" changeset="67280461" uid="4937489" user="Grekmsk"/>
  <node id="6284360147" lat="55.7436841" lon="37.8645816" version="1" timestamp="2019-02-17T14:05:51Z" changeset="67280461" uid="4937489" user="Grekmsk"/>
  <node id="6284360148" lat="55.7436583" lon="37.8646670" version="1" timestamp="2019-02-17T14:05:51Z" changeset="67280461" uid="4937489" user="Grekmsk"/>
  <node id="6284360149" lat="55.7435132" lon="37.8646517" version="3" timestamp="2024-11-13T03:30:47Z" changeset="159074833" uid="564990" user="mavl"/>
  <node id="6284360150" lat="55.7434397" lon="37.8648765" version="3" timestamp="2024-11-13T03:30:23Z" changeset="159074828" uid="564990" user="mavl"/>
  <node id="6284360151" lat="55.7434499" lon="37.8649493" version="3" timestamp="2024-11-13T03:30:36Z" changeset="159074828" uid="564990" user="mavl"/>
  <node id="6284360152" lat="55.7434824" lon="37.8649311" version="3" timestamp="2024-11-13T03:30:27Z" changeset="159074828" uid="564990" user="mavl"/>
  <node id="6284360153" lat="55.7434773" lon="37.8648886" version="3" timestamp="2024-11-13T03:30:38Z" changeset="159074828" uid="564990" user="mavl"/>
  <node id="6284360154" lat="55.7435440" lon="37.8646973" version="3" timestamp="2024-11-13T03:30:46Z" changeset="159074833" uid="564990" user="mavl"/>
  <node id="6863412638" lat="55.7439666" lon="37.8667338" version="8" timestamp="2024-09-24T07:40:40Z" changeset="157025850" uid="6710042" user="dpolovinkin">
    <tag k="addr:city" v="Москва"/>
    <tag k="addr:housenumber" v="3"/>
    <tag k="addr:postcode" v="111672"/>
    <tag k="addr:street" v="Городецкая улица"/>
    <tag k="brand" v="У Палыча"/>
    <tag k="contact:email" v="com@palich.ru"/>
    <tag k="contact:phone" v="+7 800 3330163"/>
    <tag k="contact:website" v="https://palich.ru"/>
    <tag k="name" v="У Палыча"/>
    <tag k="name:ru" v="У Палыча"/>
    <tag k="opening_hours" v="08:30-21:30"/>
    <tag k="shop" v="convenience"/>
  </node>
  <node id="7071714886" lat="55.7439981" lon="37.8650972" version="1" timestamp="2019-12-20T09:21:04Z" changeset="78675304" uid="363136" user="neo-plan">
    <tag k="amenity" v="toilets"/>
  </node>
  <node id="7113336270" lat="55.7412495" lon="37.8635899" version="1" timestamp="2020-01-07T01:36:36Z" changeset="79270740" uid="4650090" user="Axry"/>
  <node id="7113336271" lat="55.7412451" lon="37.8636223" version="1" timestamp="2020-01-07T01:36:36Z" changeset="79270740" uid="4650090" user="Axry"/>
  <node id="7113336272" lat="55.7413155" lon="37.8638750" version="1" timestamp="2020-01-07T01:36:36Z" changeset="79270740" uid="4650090" user="Axry"/>
  <node id="7113336273" lat="55.7412319" lon="37.8640650" version="1" timestamp="2020-01-07T01:36:36Z" changeset="79270740" uid="4650090" user="Axry"/>
  <node id="7113336274" lat="55.7412359" lon="37.8639953" version="1" timestamp="2020-01-07T01:36:36Z" changeset="79270740" uid="4650090" user="Axry"/>
  <node id="7113336275" lat="55.7412286" lon="37.8640058" version="1" timestamp="2020-01-07T01:36:36Z" changeset="79270740" uid="4650090" user="Axry"/>
  <node id="7113336276" lat="55.7412248" lon="37.8640440" version="1" timestamp="2020-01-07T01:36:36Z" changeset="79270740" uid="4650090" user="Axry"/>
  <node id="7113336277" lat="55.7413152" lon="37.8638569" version="1" timestamp="2020-01-07T01:36:36Z" changeset="79270740" uid="4650090" user="Axry"/>
  <node id="7113336278" lat="55.7413102" lon="37.8638904" version="1" timestamp="2020-01-07T01:36:36Z" changeset="79270740" uid="4650090" user="Axry"/>
  <node id="7113336279" lat="55.7410173" lon="37.8637678" version="1" timestamp="2020-01-07T01:36:36Z" changeset="79270740" uid="4650090" user="Axry"/>
  <node id="7113359786" lat="55.7412790" lon="37.8650135" version="1" timestamp="2020-01-07T01:36:36Z" changeset="79270740" uid="4650090" user="Axry"/>
  <node id="7113359787" lat="55.7412480" lon="37.8655016" version="1" timestamp="2020-01-07T01:36:36Z" changeset="79270740" uid="4650090" user="Axry"/>
  <node id="7113359788" lat="55.7411315" lon="37.8649824" version="1" timestamp="2020-01-07T01:36:36Z" changeset="79270740" uid="4650090" user="Axry"/>
  <node id="7113359789" lat="55.7409901" lon="37.8649149" version="1" timestamp="2020-01-07T01:36:36Z" changeset="79270740" uid="4650090" user="Axry"/>
  <node id="7113359790" lat="55.7412288" lon="37.8648917" version="1" timestamp="2020-01-07T01:36:36Z" changeset="79270740" uid="4650090" user="Axry"/>
  <node id="7113359791" lat="55.7410236" lon="37.8650832" version="1" timestamp="2020-01-07T01:36:36Z" changeset="79270740" uid="4650090" user="Axry"/>
  <node id="7214079848" lat="55.7436125" lon="37.8662158" version="1" timestamp="2020-02-15T13:51:08Z" changeset="81043851" uid="363136" user="neo-plan">
    <tag k="amenity" v="fast_food"/>
    <tag k="name" v="Пончики"/>
  </node>
  <node id="7629116358" lat="55.7409765" lon="37.8658389" version="22" timestamp="2023-09-17T00:03:31Z" changeset="141362331" uid="461130" user="Fizzie-DWG">
    <tag k="description" v="Первый дом Новокосино"/>
    <tag k="historic" v="memorial"/>
    <tag k="memorial" v="plaque"/>
    <tag k="name" v="Первый дом с которого началось строительство района Новокосино"/>
  </node>
  <node id="8321033348" lat="55.7442967" lon="37.8666051" version="1" timestamp="2021-01-14T11:39:33Z" changeset="97493155" uid="421938" user="RFuser11"/>
  <node id="8752581922" lat="55.7430330" lon="37.8633070" version="2" timestamp="2021-08-05T12:00:38Z" changeset="109199580" uid="12100948" user="kate_rocketdata">
    <tag k="contact:email" v="van.elena@mail.ru"/>
    <tag k="contact:phone" v="+7 903 2323900;+7 903 5400403"/>
    <tag k="contact:website" v="https://art-studio-centr.ru/"/>
    <tag k="name" v="Арт-Студио"/>
    <tag k="opening_hours" v="Mo-Su 09:00-22:00"/>
    <tag k="shop" v="hairdresser"/>
  </node>
  <node id="8810033873" lat="55.7435336" lon="37.8635767" version="1" timestamp="2021-06-06T22:44:28Z" changeset="105935045" uid="363136" user="neo-plan">
    <tag k="access" v="private"/>
    <tag k="amenity" v="parking"/>
  </node>
  <node id="8912212281" lat="55.7430342" lon="37.8666604" version="1" timestamp="2021-07-11T21:08:57Z" changeset="107798104" uid="363136" user="neo-plan">
    <tag k="amenity" v="parking"/>
  </node>
  <node id="8923678768" lat="55.7438849" lon="37.8663556" version="1" timestamp="2021-07-15T21:59:30Z" changeset="108075602" uid="363136" user="neo-plan">
    <tag k="amenity" v="parking"/>
  </node>
  <node id="9319559017" lat="55.7436321" lon="37.8633748" version="2" timestamp="2024-11-27T13:16:07Z" changeset="159659065" uid="8923706" user="Elizen">
    <tag k="amenity" v="fast_food"/>
    <tag k="brand" v="Додо Пицца"/>
    <tag k="brand:en" v="Dodo Pizza"/>
    <tag k="brand:ru" v="Додо Пицца"/>
    <tag k="brand:wikidata" v="Q61949318"/>
    <tag k="brand:wikipedia" v="ru:Додо Пицца"/>
    <tag k="contact:email" v="feedback@dodopizza.com"/>
    <tag k="contact:facebook" v="https://www.facebook.com/dodopizza/"/>
    <tag k="contact:instagram" v="https://www.instagram.com/dodopizza"/>
    <tag k="contact:phone" v="+7 800 3020060"/>
    <tag k="contact:vk" v="https://vk.com/dodo"/>
    <tag k="contact:website" v="https://dodopizza.ru"/>
    <tag k="cuisine" v="pizza"/>
    <tag k="delivery" v="yes"/>
    <tag k="diet:vegetarian" v="yes"/>
    <tag k="name" v="Додо Пицца"/>
    <tag k="name:en" v="Dodo Pizza"/>
    <tag k="name:ru" v="Додо Пицца"/>
    <tag k="takeaway" v="yes"/>
  </node>
  <node id="9319559018" lat="55.7437091" lon="37.8635437" version="2" timestamp="2023-05-06T14:25:30Z" changeset="135778599" uid="1538111" user="avinet_ua">
    <tag k="amenity" v="pharmacy"/>
    <tag k="dispensing" v="yes"/>
    <tag k="healthcare" v="pharmacy"/>
    <tag k="name" v="Здоров.ру"/>
    <tag k="name:uk" v="Здоров.ру"/>
  </node>
  <node id="9325198471" lat="55.7438192" lon="37.8635010" version="1" timestamp="2021-12-09T19:23:29Z" changeset="114756879" uid="363136" user="neo-plan">
    <tag k="shop" v="butcher"/>
  </node>
  <node id="9325198472" lat="55.7437490" lon="37.8632761" version="2" timestamp="2022-06-04T13:56:59Z" changeset="121940283" uid="397326" user="trolleway">
    <tag k="amenity" v="fast_food"/>
    <tag k="check_date" v="2022-06-04"/>
    <tag k="name" v="Шашлычная №1"/>
  </node>
  <node id="9325198473" lat="55.7437368" lon="37.8632438" version="1" timestamp="2021-12-09T19:23:29Z" changeset="114756879" uid="363136" user="neo-plan">
    <tag k="shop" v="greengrocer"/>
  </node>
  <node id="9325198474" lat="55.7437152" lon="37.8632823" version="1" timestamp="2021-12-09T19:23:29Z" changeset="114756879" uid="363136" user="neo-plan">
    <tag k="shop" v="bakery"/>
  </node>
  <node id="9325198475" lat="55.7437160" lon="37.8632207" version="9" timestamp="2024-09-24T07:40:40Z" changeset="157025850" uid="6710042" user="dpolovinkin">
    <tag k="brand" v="ВкусВилл"/>
    <tag k="brand:wikidata" v="Q57271676"/>
    <tag k="brand:wikipedia" v="ru:Вкусвилл"/>
    <tag k="check_date" v="2022-06-04"/>
    <tag k="name" v="ВкусВилл"/>
    <tag k="shop" v="convenience"/>
    <tag k="website" v="https://vkusvill.ru/"/>
  </node>
  <node id="9325198476" lat="55.7438276" lon="37.8633103" version="3" timestamp="2023-05-06T14:25:30Z" changeset="135778599" uid="1538111" user="avinet_ua">
    <tag k="amenity" v="pharmacy"/>
    <tag k="check_date" v="2022-06-04"/>
    <tag k="dispensing" v="yes"/>
    <tag k="healthcare" v="pharmacy"/>
    <tag k="name" v="Диалог"/>
    <tag k="name:uk" v="Діалог"/>
  </node>
  <node id="9325198477" lat="55.7436917" lon="37.8632468" version="7" timestamp="2024-09-24T07:40:40Z" changeset="157025850" uid="6710042" user="dpolovinkin">
    <tag k="name" v="Мясницкий ряд"/>
    <tag k="shop" v="butcher"/>
  </node>
  <node id="9325239403" lat="55.7438444" lon="37.8634825" version="1" timestamp="2021-12-09T19:21:52Z" changeset="114756822" uid="363136" user="neo-plan">
    <tag k="shop" v="tobacco"/>
  </node>
  <node id="9325239404" lat="55.7438045" lon="37.8633747" version="1" timestamp="2021-12-09T19:21:52Z" changeset="114756822" uid="363136" user="neo-plan">
    <tag k="shop" v="florist"/>
  </node>
  <node id="9325239405" lat="55.7438470" lon="37.8634302" version="7" timestamp="2024-09-24T07:40:40Z" changeset="157025850" uid="6710042" user="dpolovinkin">
    <tag k="name" v="Рублёвский"/>
    <tag k="shop" v="butcher"/>
  </node>
  <node id="9755187806" lat="55.7436520" lon="37.8665149" version="4" timestamp="2025-07-10T21:25:57Z" changeset="168761907" uid="363136" user="neo-plan">
    <tag k="brand" v="Винлаб"/>
    <tag k="brand:wikidata" v="Q109907753"/>
    <tag k="contact:email" v="call@winelab.ru"/>
    <tag k="contact:phone" v="+7 800 3017755"/>
    <tag k="contact:website" v="https://www.winelab.ru/"/>
    <tag k="name" v="Винлаб"/>
    <tag k="name:ru" v="Винлаб"/>
    <tag k="opening_hours" v="Mo-Su 10:00-23:00"/>
    <tag k="shop" v="alcohol"/>
  </node>
  <node id="9796440178" lat="55.7437011" lon="37.8662132" version="1" timestamp="2022-06-05T11:51:57Z" changeset="121973327" uid="830106" user="literan">
    <tag k="brand" v="Четыре лапы"/>
    <tag k="brand:wikidata" v="Q62390783"/>
    <tag k="name" v="Четыре лапы"/>
    <tag k="operator" v="Четыре лапы"/>
    <tag k="shop" v="pet"/>
    <tag k="website" v="https://4lapy.ru/"/>
  </node>
  <node id="10707964444" lat="55.7432788" lon="37.8658595" version="3" timestamp="2024-07-30T13:37:15Z" changeset="154607086" uid="564990" user="mavl">
    <tag k="bus" v="yes"/>
    <tag k="name" v="Метро «Новокосино»"/>
    <tag k="public_transport" v="stop_position"/>
  </node>
  <node id="10711349475" lat="55.7417748" lon="37.8629272" version="12" timestamp="2025-03-22T12:53:02Z" changeset="163946206" uid="2055718" user="Bobropiton">
    <tag k="bus" v="yes"/>
    <tag k="name" v="Музыкальная школа имени Гайдна"/>
    <tag k="public_transport" v="stop_position"/>
  </node>
  <node id="10733884131" lat="55.7411287" lon="37.8664941" version="10" timestamp="2024-07-30T13:41:11Z" changeset="154607243" uid="564990" user="mavl">
    <tag k="bus" v="yes"/>
    <tag k="name" v="Городецкая улица"/>
    <tag k="public_transport" v="stop_position"/>
  </node>
  <node id="10733884132" lat="55.7407221" lon="37.8667417" version="10" timestamp="2024-07-30T13:33:04Z" changeset="154606888" uid="564990" user="mavl">
    <tag k="bus" v="yes"/>
    <tag k="name" v="Городецкая улица"/>
    <tag k="public_transport" v="stop_position"/>
  </node>
  <node id="11236497825" lat="55.7441940" lon="37.8651123" version="1" timestamp="2023-10-03T16:12:43Z" changeset="142108321" uid="16534415" user="Clacking"/>
  <node id="11236497826" lat="55.7439819" lon="37.8652467" version="1" timestamp="2023-10-03T16:12:43Z" changeset="142108321" uid="16534415" user="Clacking"/>
  <node id="11236497827" lat="55.7439828" lon="37.8650358" version="1" timestamp="2023-10-03T16:12:43Z" changeset="142108321" uid="16534415" user="Clacking"/>
  <node id="11236497828" lat="55.7441145" lon="37.8649557" version="1" timestamp="2023-10-03T16:12:43Z" changeset="142108321" uid="16534415" user="Clacking"/>
  <node id="11236497829" lat="55.7440997" lon="37.8648821" version="1" timestamp="2023-10-03T16:12:43Z" changeset="142108321" uid="16534415" user="Clacking"/>
  <node id="11236497830" lat="55.7441571" lon="37.8649287" version="1" timestamp="2023-10-03T16:12:43Z" changeset="142108321" uid="16534415" user="Clacking"/>
  <node id="11236497831" lat="55.7439686" lon="37.8649653" version="1" timestamp="2023-10-03T16:12:43Z" changeset="142108321" uid="16534415" user="Clacking"/>
  <node id="11236497832" lat="55.7439445" lon="37.8650601" version="1" timestamp="2023-10-03T16:12:43Z" changeset="142108321" uid="16534415" user="Clacking"/>
  <node id="11678038356" lat="55.7429676" lon="37.8653501" version="1" timestamp="2024-02-29T19:50:35Z" changeset="148068737" uid="363136" user="neo-plan"/>
  <node id="11678208662" lat="55.7425420" lon="37.8638384" version="1" timestamp="2024-02-29T20:02:37Z" changeset="148069373" uid="363136" user="neo-plan"/>
  <node id="11678208663" lat="55.7422099" lon="37.8631437" version="1" timestamp="2024-02-29T20:02:37Z" changeset="148069373" uid="363136" user="neo-plan"/>
  <node id="11678208664" lat="55.7421008" lon="37.8633050" version="1" timestamp="2024-02-29T20:02:37Z" changeset="148069373" uid="363136" user="neo-plan"/>
  <node id="11684393660" lat="55.7414699" lon="37.8628812" version="1" timestamp="2024-03-02T12:20:30Z" changeset="148129013" uid="363136" user="neo-plan"/>
  <node id="11684393661" lat="55.7415034" lon="37.8631857" version="1" timestamp="2024-03-02T12:20:30Z" changeset="148129013" uid="363136" user="neo-plan">
    <tag k="barrier" v="lift_gate"/>
  </node>
  <node id="11889003936" lat="55.7432303" lon="37.8638214" version="2" timestamp="2024-06-10T10:54:36Z" changeset="152491748" uid="12100948" user="kate_rocketdata">
    <tag k="contact:email" v="info@narodny-konditer.ru"/>
    <tag k="contact:phone" v="+7 499 3808800"/>
    <tag k="contact:website" v="https://narodny-konditer.ru"/>
    <tag k="name" v="Народный кондитер"/>
    <tag k="opening_hours" v="Mo-Su 09:00-21:00"/>
    <tag k="shop" v="confectionery"/>
  </node>
  <node id="11889163644" lat="55.7431519" lon="37.8636584" version="1" timestamp="2024-05-08T14:07:28Z" changeset="151058305" uid="12100948" user="kate_rocketdata">
    <tag k="amenity" v="fast_food"/>
    <tag k="contact:phone" v="+7 916 3715994"/>
    <tag k="contact:website" v="https://www.kartoshka.com"/>
    <tag k="cuisine" v="potato"/>
    <tag k="name" v="Крошка Картошка"/>
    <tag k="opening_hours" v="Mo-Su 09:30-20:30"/>
  </node>
  <node id="12993246458" lat="55.7438447" lon="37.8657755" version="1" timestamp="2025-07-10T21:25:57Z" changeset="168761907" uid="363136" user="neo-plan"/>
  <node id="12993246459" lat="55.7439242" lon="37.8662129" version="1" timestamp="2025-07-10T21:25:57Z" changeset="168761907" uid="363136" user="neo-plan"/>
  <node id="12993246460" lat="55.7438201" lon="37.8658770" version="1" timestamp="2025-07-10T21:25:57Z" changeset="168761907" uid="363136" user="neo-plan">
    <tag k="barrier" v="lift_gate"/>
    <tag k="bicycle" v="yes"/>
    <tag k="foot" v="yes"/>
    <tag k="motor_vehicle" v="private"/>
  </node>
  <node id="13541566857" lat="55.7438046" lon="37.8633122" version="1" timestamp="2026-02-10T19:03:41Z" changeset="178374791" uid="363136" user="neo-plan">
    <tag k="amenity" v="atm"/>
    <tag k="brand" v="Сбербанк"/>
    <tag k="brand:en" v="Sberbank"/>
    <tag k="brand:ru" v="Сбербанк"/>
    <tag k="brand:wikidata" v="Q205012"/>
    <tag k="description" v="В помещении аптеки, со стороны Суздальской улицы"/>
    <tag k="operator" v="Сбербанк"/>
    <tag k="operator:wikidata" v="Q205012"/>
  </node>
  <node id="13843663545" lat="55.7413027" lon="37.8661228" version="1" timestamp="2026-05-18T07:49:59Z" changeset="182816719" uid="363136" user="neo-plan">
    <tag k="information" v="guidepost"/>
    <tag k="tourism" v="information"/>
  </node>
  <node id="13843663546" lat="55.7415258" lon="37.8665193" version="1" timestamp="2026-05-18T07:49:59Z" changeset="182816719" uid="363136" user="neo-plan"/>
  <way id="23352937" version="37" timestamp="2026-05-18T07:49:59Z" changeset="182816719" uid="363136" user="neo-plan">
    <nd ref="1519221846"/>
    <nd ref="3402066220"/>
    <nd ref="10733884129"/>
    <nd ref="10733884132"/>
    <nd ref="1912738796"/>
    <nd ref="10733884131"/>
    <nd ref="472410612"/>
    <nd ref="1519221973"/>
    <nd ref="252866749"/>
    <tag k="highway" v="tertiary"/>
    <tag k="int_name" v="Gorodetskaya str."/>
    <tag k="lanes" v="4"/>
    <tag k="lit" v="yes"/>
    <tag k="name" v="Городецкая улица"/>
    <tag k="name:uk" v="Городоцька вулиця"/>
    <tag k="postal_code" v="111672"/>
    <tag k="surface" v="asphalt"/>
  </way>
  <way id="23490935" version="33" timestamp="2023-08-25T13:13:24Z" changeset="140372443" uid="11978982" user="mappinglander">
    <nd ref="254385382"/>
    <nd ref="254385383"/>
    <nd ref="983342121"/>
    <nd ref="9460281626"/>
    <nd ref="9460281627"/>
    <nd ref="9460281628"/>
    <nd ref="9460281629"/>
    <nd ref="9460281630"/>
    <nd ref="254385384"/>
    <nd ref="254385385"/>
    <nd ref="9460281631"/>
    <nd ref="983341850"/>
    <nd ref="254385386"/>
    <nd ref="254385387"/>
    <nd ref="9460281632"/>
    <nd ref="1074784201"/>
    <nd ref="254385388"/>
    <nd ref="9460281633"/>
    <nd ref="983342212"/>
    <nd ref="9460281634"/>
    <nd ref="9460281635"/>
    <nd ref="9460281636"/>
    <nd ref="9460281637"/>
    <nd ref="983342045"/>
    <nd ref="9460281638"/>
    <nd ref="9460281639"/>
    <nd ref="1074697310"/>
    <nd ref="254385391"/>
    <nd ref="254385392"/>
    <nd ref="9460281640"/>
    <nd ref="254385393"/>
    <nd ref="254385394"/>
    <nd ref="1519221425"/>
    <nd ref="1519221406"/>
    <nd ref="1519221398"/>
    <nd ref="254385397"/>
    <nd ref="254385398"/>
    <nd ref="4169514933"/>
    <nd ref="4169514935"/>
    <nd ref="254385399"/>
    <nd ref="268347713"/>
    <nd ref="457058617"/>
    <nd ref="254385401"/>
    <nd ref="268347717"/>
    <nd ref="5333204739"/>
    <nd ref="268347709"/>
    <nd ref="254385402"/>
    <nd ref="254385403"/>
    <nd ref="1081508636"/>
    <nd ref="254385404"/>
    <nd ref="1075918692"/>
    <nd ref="254385405"/>
    <nd ref="1074453682"/>
    <nd ref="458236731"/>
    <nd ref="3900412216"/>
    <nd ref="268347705"/>
    <nd ref="254385406"/>
    <nd ref="254385407"/>
    <nd ref="1074860346"/>
    <nd ref="303613549"/>
    <nd ref="254385382"/>
    <tag k="landuse" v="residential"/>
    <tag k="residential" v="urban"/>
  </way>
  <way id="24686796" version="10" timestamp="2017-03-03T17:05:00Z" changeset="46553235" uid="672536" user="xmd5a">
    <nd ref="252866749"/>
    <nd ref="1519221978"/>
    <nd ref="1519221995"/>
    <nd ref="1519221997"/>
    <nd ref="1519222002"/>
    <nd ref="1519222016"/>
    <nd ref="1025308879"/>
    <tag k="highway" v="tertiary"/>
    <tag k="lanes" v="2"/>
    <tag k="lit" v="yes"/>
    <tag k="oneway" v="yes"/>
    <tag k="surface" v="asphalt"/>
  </way>
  <way id="24686799" version="7" timestamp="2017-03-03T17:05:00Z" changeset="46553235" uid="672536" user="xmd5a">
    <nd ref="1004045386"/>
    <nd ref="1519222006"/>
    <nd ref="1519222003"/>
    <nd ref="1519221982"/>
    <nd ref="1519221980"/>
    <nd ref="1519221976"/>
    <nd ref="252866749"/>
    <tag k="highway" v="tertiary"/>
    <tag k="lanes" v="2"/>
    <tag k="lit" v="yes"/>
    <tag k="oneway" v="yes"/>
    <tag k="surface" v="asphalt"/>
  </way>
  <way id="27645044" version="18" timestamp="2023-10-30T12:44:02Z" changeset="143363951" uid="18826385" user="MarinaKuzko">
    <nd ref="303617480"/>
    <nd ref="303617483"/>
    <nd ref="303617486"/>
    <nd ref="303617490"/>
    <nd ref="303617480"/>
    <tag k="addr:city" v="Москва"/>
    <tag k="addr:housenumber" v="32"/>
    <tag k="addr:postcode" v="111672"/>
    <tag k="addr:street" v="Новокосинская улица"/>
    <tag k="building" v="retail"/>
    <tag k="building:colour" v="grey;green"/>
    <tag k="building:levels" v="2"/>
    <tag k="building:material" v="metal"/>
    <tag k="roof:colour" v="grey"/>
    <tag k="roof:material" v="tar_paper"/>
    <tag k="roof:shape" v="flat"/>
  </way>
  <way id="27645106" version="6" timestamp="2015-03-07T23:09:29Z" changeset="29319180" uid="1437066" user="s-tikhomirov">
    <nd ref="303618284"/>
    <nd ref="3388458779"/>
    <nd ref="303618712"/>
    <tag k="highway" v="service"/>
    <tag k="oneway" v="yes"/>
  </way>
  <way id="27645121" version="6" timestamp="2010-12-05T17:17:59Z" changeset="6553569" uid="65083" user="deep125">
    <nd ref="303618712"/>
    <nd ref="479092693"/>
    <tag k="highway" v="service"/>
    <tag k="oneway" v="yes"/>
  </way>
  <way id="31048278" version="4" timestamp="2011-10-13T16:55:05Z" changeset="9548524" uid="18776" user="Max Vasilev">
    <nd ref="345145378"/>
    <nd ref="345145293"/>
    <tag k="highway" v="service"/>
    <tag k="oneway" v="yes"/>
  </way>
  <way id="38179678" version="14" timestamp="2023-10-30T10:45:21Z" changeset="143358014" uid="18826385" user="MarinaKuzko">
    <nd ref="449578631"/>
    <nd ref="449578632"/>
    <nd ref="449578633"/>
    <nd ref="449578635"/>
    <nd ref="449578631"/>
    <tag k="addr:city" v="Москва"/>
    <tag k="addr:housenumber" v="30/2"/>
    <tag k="addr:postcode" v="111116"/>
    <tag k="addr:street" v="Суздальская улица"/>
    <tag k="building" v="retail"/>
    <tag k="building:colour" v="grey;red"/>
    <tag k="building:levels" v="1"/>
    <tag k="building:material" v="glass"/>
    <tag k="roof:colour" v="grey"/>
    <tag k="roof:material" v="tar_paper"/>
    <tag k="roof:shape" v="flat"/>
  </way>
  <way id="38438776" version="9" timestamp="2020-05-11T01:31:06Z" changeset="84992143" uid="334643" user="Steve_32">
    <nd ref="454455896"/>
    <nd ref="454455893"/>
    <nd ref="5369878326"/>
    <nd ref="5369878327"/>
    <nd ref="454455860"/>
    <nd ref="454455852"/>
    <nd ref="454455868"/>
    <nd ref="454455878"/>
    <nd ref="454455863"/>
    <nd ref="454455856"/>
    <nd ref="454455884"/>
    <nd ref="5369878325"/>
    <nd ref="5369878322"/>
    <nd ref="5369878321"/>
    <nd ref="5369878324"/>
    <nd ref="5369878323"/>
    <nd ref="5369878219"/>
    <nd ref="5369878220"/>
    <nd ref="454455870"/>
    <nd ref="454455888"/>
    <nd ref="454455896"/>
    <tag k="addr:housenumber" v="29"/>
    <tag k="addr:street" v="Новокосинская улица"/>
    <tag k="building" v="apartments"/>
    <tag k="building:flats" v="195"/>
    <tag k="building:levels" v="17"/>
    <tag k="building:year_built" v="1989"/>
    <tag k="design:ref" v="П44-1/17 тип 1;П44-4/17 тип 4"/>
    <tag k="start_date" v="1990"/>
  </way>
  <way id="38438779" version="9" timestamp="2020-05-11T01:31:06Z" changeset="84992143" uid="334643" user="Steve_32">
    <nd ref="454455862"/>
    <nd ref="454455865"/>
    <nd ref="5369878338"/>
    <nd ref="5369878339"/>
    <nd ref="454455871"/>
    <nd ref="454455916"/>
    <nd ref="454455858"/>
    <nd ref="454455886"/>
    <nd ref="454455850"/>
    <nd ref="454455880"/>
    <nd ref="5369878335"/>
    <nd ref="454455891"/>
    <nd ref="5369878334"/>
    <nd ref="5369878332"/>
    <nd ref="5369878329"/>
    <nd ref="5369878336"/>
    <nd ref="5369878333"/>
    <nd ref="5369878330"/>
    <nd ref="5369878337"/>
    <nd ref="5369878328"/>
    <nd ref="5369878331"/>
    <nd ref="454455854"/>
    <nd ref="454455882"/>
    <nd ref="454455876"/>
    <nd ref="454455862"/>
    <tag k="addr:housenumber" v="27"/>
    <tag k="addr:street" v="Новокосинская улица"/>
    <tag k="building" v="apartments"/>
    <tag k="building:flats" v="196"/>
    <tag k="building:levels" v="17"/>
    <tag k="design:ref" v="П44-1/17 тип 1;П44-4/17 тип 2"/>
    <tag k="start_date" v="1990"/>
  </way>
  <way id="38438781" version="43" timestamp="2023-10-30T10:45:21Z" changeset="143358014" uid="18826385" user="MarinaKuzko">
    <nd ref="454455917"/>
    <nd ref="454455918"/>
    <nd ref="454455920"/>
    <nd ref="454455921"/>
    <nd ref="454455917"/>
    <tag k="addr:housenumber" v="31"/>
    <tag k="addr:street" v="Новокосинская улица"/>
    <tag k="building" v="retail"/>
    <tag k="building:colour" v="grey"/>
    <tag k="building:levels" v="1"/>
    <tag k="building:material" v="metal_plates"/>
    <tag k="name" v="Торговый центр &quot;Крутицы&quot;"/>
    <tag k="name:uk" v="Торговий центр &quot;Крутиці&quot;"/>
    <tag k="roof:colour" v="grey"/>
    <tag k="roof:material" v="tar_paper"/>
    <tag k="roof:shape" v="flat"/>
    <tag k="shop" v="mall"/>
  </way>
  <way id="38438796" version="10" timestamp="2023-10-30T12:44:02Z" changeset="143363951" uid="18826385" user="MarinaKuzko">
    <nd ref="454456109"/>
    <nd ref="454456115"/>
    <nd ref="454456113"/>
    <nd ref="454456110"/>
    <nd ref="454456109"/>
    <tag k="addr:housenumber" v="35/5"/>
    <tag k="addr:postcode" v="111672"/>
    <tag k="addr:street" v="Новокосинская улица"/>
    <tag k="building" v="public"/>
    <tag k="building:colour" v="grey"/>
    <tag k="building:levels" v="1"/>
    <tag k="building:material" v="metal_plates"/>
    <tag k="roof:colour" v="grey"/>
    <tag k="roof:material" v="tar_paper"/>
    <tag k="roof:shape" v="flat"/>
  </way>
  <way id="38498068" version="10" timestamp="2024-03-02T12:04:54Z" changeset="148128468" uid="363136" user="neo-plan">
    <nd ref="663002422"/>
    <nd ref="454692860"/>
    <nd ref="469716566"/>
    <nd ref="4021300220"/>
    <nd ref="252866937"/>
    <nd ref="1078213365"/>
    <nd ref="983342123"/>
    <nd ref="983341862"/>
    <nd ref="983342197"/>
    <nd ref="4022373507"/>
    <nd ref="3751398181"/>
    <nd ref="983341884"/>
    <nd ref="4021300221"/>
    <nd ref="11684548744"/>
    <nd ref="1074907502"/>
    <nd ref="1074907398"/>
    <nd ref="7357493824"/>
    <nd ref="3260330824"/>
    <nd ref="3260330828"/>
    <nd ref="4021300242"/>
    <nd ref="4021300249"/>
    <nd ref="3751398184"/>
    <nd ref="4021300250"/>
    <nd ref="3260330850"/>
    <nd ref="1074916323"/>
    <nd ref="11684525367"/>
    <nd ref="3260331066"/>
    <nd ref="3260331070"/>
    <nd ref="1074916385"/>
    <tag k="bicycle" v="designated"/>
    <tag k="foot" v="designated"/>
    <tag k="highway" v="cycleway"/>
    <tag k="surface" v="asphalt"/>
  </way>
  <way id="38533554" version="11" timestamp="2020-05-11T01:31:06Z" changeset="84992143" uid="334643" user="Steve_32">
    <nd ref="3817798218"/>
    <nd ref="456013696"/>
    <nd ref="456013692"/>
    <nd ref="3817798211"/>
    <nd ref="3817798210"/>
    <nd ref="4807975978"/>
    <nd ref="3817798214"/>
    <nd ref="3817798216"/>
    <nd ref="3817798220"/>
    <nd ref="3817798226"/>
    <nd ref="456013702"/>
    <nd ref="3817798228"/>
    <nd ref="3817798231"/>
    <nd ref="3817798230"/>
    <nd ref="3817798238"/>
    <nd ref="3817798237"/>
    <nd ref="456013701"/>
    <nd ref="456013700"/>
    <nd ref="4807975981"/>
    <nd ref="456013699"/>
    <nd ref="4807975980"/>
    <nd ref="3817798217"/>
    <nd ref="3817798218"/>
    <tag k="addr:housenumber" v="28"/>
    <tag k="addr:postcode" v="111673"/>
    <tag k="addr:street" v="Суздальская улица"/>
    <tag k="building" v="apartments"/>
    <tag k="building:flats" v="172"/>
    <tag k="building:levels" v="22"/>
    <tag k="design:ref" v="КОПЭ-85;КТЖС-2;КТЖС-5"/>
    <tag k="start_date" v="1990"/>
  </way>
  <way id="38968903" version="2" timestamp="2011-03-12T03:12:04Z" changeset="7529439" uid="393484" user="staric">
    <nd ref="303618712"/>
    <nd ref="345145293"/>
    <tag k="highway" v="service"/>
    <tag k="motor_vehicle" v="destination"/>
  </way>
  <way id="39211707" version="9" timestamp="2020-05-11T01:31:06Z" changeset="84992143" uid="334643" user="Steve_32">
    <nd ref="469716567"/>
    <nd ref="469716568"/>
    <nd ref="469716569"/>
    <nd ref="469716570"/>
    <nd ref="469716572"/>
    <nd ref="469716574"/>
    <nd ref="469716576"/>
    <nd ref="469716577"/>
    <nd ref="469716567"/>
    <tag k="addr:city" v="Москва"/>
    <tag k="addr:housenumber" v="3"/>
    <tag k="addr:postcode" v="111672"/>
    <tag k="addr:street" v="Городецкая улица"/>
    <tag k="building" v="apartments"/>
    <tag k="building:flats" v="171"/>
    <tag k="building:levels" v="22"/>
    <tag k="design:ref" v="КОПЭ-85;КТЖС-2;КТЖС-5"/>
    <tag k="start_date" v="1987"/>
  </way>
  <way id="39216524" version="14" timestamp="2023-10-30T12:44:02Z" changeset="143363951" uid="18826385" user="MarinaKuzko">
    <nd ref="1224530845"/>
    <nd ref="1224530833"/>
    <nd ref="1224530847"/>
    <nd ref="1224530873"/>
    <nd ref="1224530858"/>
    <nd ref="1224530855"/>
    <nd ref="469786793"/>
    <nd ref="1224530868"/>
    <nd ref="1224530854"/>
    <nd ref="1224530850"/>
    <nd ref="469786795"/>
    <nd ref="1224530852"/>
    <nd ref="1224530834"/>
    <nd ref="469786788"/>
    <nd ref="1224530845"/>
    <tag k="addr:housenumber" v="26"/>
    <tag k="addr:street" v="Новокосинская улица"/>
    <tag k="building" v="school"/>
    <tag k="building:colour" v="beige;brown"/>
    <tag k="building:levels" v="4"/>
    <tag k="building:material" v="concrete"/>
    <tag k="roof:colour" v="grey"/>
    <tag k="roof:material" v="tar_paper"/>
    <tag k="roof:shape" v="flat"/>
  </way>
  <way id="39411059" version="28" timestamp="2023-09-16T23:03:43Z" changeset="141361395" uid="3305165" user="luisforte">
    <nd ref="345145378"/>
    <nd ref="252865629"/>
    <tag k="highway" v="tertiary"/>
    <tag k="lanes" v="4"/>
    <tag k="lit" v="yes"/>
    <tag k="name" v="Суздальская улица"/>
    <tag k="name:uk" v="Суздальська вулиця"/>
    <tag k="sidewalk" v="separate"/>
    <tag k="surface" v="asphalt"/>
  </way>
  <way id="39440571" version="14" timestamp="2020-04-06T13:52:49Z" changeset="83150050" uid="10529491" user="Pagorki">
    <nd ref="472410612"/>
    <nd ref="1224522916"/>
    <nd ref="1519221972"/>
    <nd ref="685070549"/>
    <nd ref="7372380967"/>
    <nd ref="5086302321"/>
    <nd ref="5086301720"/>
    <nd ref="5086301719"/>
    <nd ref="4021299376"/>
    <nd ref="3932059007"/>
    <nd ref="4021299375"/>
    <nd ref="3932058967"/>
    <nd ref="5086301701"/>
    <nd ref="685070546"/>
    <tag k="highway" v="service"/>
    <tag k="living_street" v="yes"/>
    <tag k="surface" v="asphalt"/>
  </way>
  <way id="39440573" version="3" timestamp="2020-01-07T01:36:36Z" changeset="79270740" uid="4650090" user="Axry">
    <nd ref="7113359789"/>
    <nd ref="1074697203"/>
    <tag k="highway" v="service"/>
    <tag k="living_street" v="yes"/>
  </way>
  <way id="39903317" version="6" timestamp="2023-08-25T13:13:24Z" changeset="140372443" uid="11978982" user="mappinglander">
    <nd ref="479086567"/>
    <nd ref="479086571"/>
    <nd ref="479086575"/>
    <nd ref="5369878217"/>
    <nd ref="479086579"/>
    <nd ref="479086583"/>
    <nd ref="479086586"/>
    <nd ref="5369878218"/>
    <nd ref="479086567"/>
    <tag k="landuse" v="grass"/>
  </way>
  <way id="39903325" version="58" timestamp="2025-07-10T21:25:57Z" changeset="168761907" uid="363136" user="neo-plan">
    <nd ref="479086696"/>
    <nd ref="479086706"/>
    <nd ref="479086703"/>
    <nd ref="479086700"/>
    <nd ref="479086696"/>
    <tag k="addr:housenumber" v="32/1"/>
    <tag k="addr:postcode" v="111672"/>
    <tag k="addr:street" v="Суздальская улица"/>
    <tag k="alt_name" v="Пятерочка"/>
    <tag k="brand" v="Пятёрочка"/>
    <tag k="brand:en" v="Pyaterochka"/>
    <tag k="brand:ru" v="Пятёрочка"/>
    <tag k="brand:wikidata" v="Q1768969"/>
    <tag k="brand:wikipedia" v="ru:Пятёрочка"/>
    <tag k="building" v="retail"/>
    <tag k="building:colour" v="grey;green"/>
    <tag k="building:levels" v="1"/>
    <tag k="building:material" v="metal_plates"/>
    <tag k="check_date" v="2022-06-04"/>
    <tag k="contact:facebook" v="https://www.facebook.com/pyaterochka"/>
    <tag k="contact:website" v="https://5ka.ru"/>
    <tag k="name" v="Пятёрочка"/>
    <tag k="name:en" v="Pyaterochka"/>
    <tag k="name:ru" v="Пятёрочка"/>
    <tag k="opening_hours" v="24/7"/>
    <tag k="roof:colour" v="grey"/>
    <tag k="roof:material" v="tar_paper"/>
    <tag k="roof:shape" v="flat"/>
    <tag k="shop" v="supermarket"/>
  </way>
  <way id="39903326" version="7" timestamp="2023-10-30T10:45:21Z" changeset="143358014" uid="18826385" user="MarinaKuzko">
    <nd ref="479086709"/>
    <nd ref="479086711"/>
    <nd ref="479086712"/>
    <nd ref="479086738"/>
    <nd ref="479086709"/>
    <tag k="addr:housenumber" v="30А"/>
    <tag k="addr:street" v="Суздальская улица"/>
    <tag k="building" v="service"/>
    <tag k="building:colour" v="grey"/>
    <tag k="building:levels" v="2"/>
    <tag k="building:material" v="brick"/>
    <tag k="roof:colour" v="grey"/>
    <tag k="roof:material" v="tar_paper"/>
    <tag k="roof:shape" v="flat"/>
    <tag k="source:building:levels" v="guess"/>
  </way>
  <way id="39903327" version="5" timestamp="2023-08-25T13:13:24Z" changeset="140372443" uid="11978982" user="mappinglander">
    <nd ref="479086743"/>
    <nd ref="479086747"/>
    <nd ref="479086750"/>
    <nd ref="479086754"/>
    <nd ref="479086757"/>
    <nd ref="479086760"/>
    <nd ref="479086763"/>
    <nd ref="479086767"/>
    <nd ref="479086771"/>
    <nd ref="479086775"/>
    <nd ref="479086743"/>
    <tag k="landuse" v="grass"/>
  </way>
  <way id="39903330" version="7" timestamp="2023-08-25T13:13:24Z" changeset="140372443" uid="11978982" user="mappinglander">
    <nd ref="479086830"/>
    <nd ref="479086845"/>
    <nd ref="3030631765"/>
    <nd ref="479086849"/>
    <nd ref="3030631764"/>
    <nd ref="479086852"/>
    <nd ref="3030631763"/>
    <nd ref="3030631762"/>
    <nd ref="479086825"/>
    <nd ref="479086827"/>
    <nd ref="479086830"/>
    <tag k="landuse" v="grass"/>
  </way>
  <way id="39903331" version="7" timestamp="2023-08-25T13:13:24Z" changeset="140372443" uid="11978982" user="mappinglander">
    <nd ref="479086859"/>
    <nd ref="479086861"/>
    <nd ref="3817798185"/>
    <nd ref="3820589181"/>
    <nd ref="479086864"/>
    <nd ref="479086866"/>
    <nd ref="479086859"/>
    <tag k="landuse" v="grass"/>
  </way>
  <way id="39903332" version="6" timestamp="2023-08-25T13:13:24Z" changeset="140372443" uid="11978982" user="mappinglander">
    <nd ref="479086869"/>
    <nd ref="479086872"/>
    <nd ref="3817798184"/>
    <nd ref="479086876"/>
    <nd ref="479086879"/>
    <nd ref="3817798187"/>
    <nd ref="479086869"/>
    <tag k="landuse" v="grass"/>
  </way>
  <way id="39903333" version="6" timestamp="2023-08-25T13:13:24Z" changeset="140372443" uid="11978982" user="mappinglander">
    <nd ref="479086898"/>
    <nd ref="479086900"/>
    <nd ref="3820589197"/>
    <nd ref="479086904"/>
    <nd ref="479086907"/>
    <nd ref="3820589194"/>
    <nd ref="479086898"/>
    <tag k="landuse" v="grass"/>
  </way>
  <way id="39903334" version="5" timestamp="2023-08-25T13:13:24Z" changeset="140372443" uid="11978982" user="mappinglander">
    <nd ref="479086910"/>
    <nd ref="479086913"/>
    <nd ref="479086917"/>
    <nd ref="479086920"/>
    <nd ref="479086891"/>
    <nd ref="479086887"/>
    <nd ref="479086883"/>
    <nd ref="479086894"/>
    <nd ref="479086923"/>
    <nd ref="479086910"/>
    <tag k="landuse" v="grass"/>
  </way>
  <way id="39903336" version="4" timestamp="2015-11-06T11:26:42Z" changeset="35123774" uid="467526" user="Gumeg">
    <nd ref="479086964"/>
    <nd ref="1080164533"/>
    <nd ref="479086966"/>
    <nd ref="1080164534"/>
    <nd ref="479086967"/>
    <nd ref="1080164535"/>
    <nd ref="479086958"/>
    <nd ref="1080164536"/>
    <nd ref="479086969"/>
    <nd ref="1080164537"/>
    <nd ref="479086971"/>
    <nd ref="1080164538"/>
    <nd ref="479086974"/>
    <nd ref="1080164539"/>
    <nd ref="479086961"/>
    <nd ref="1080164540"/>
    <nd ref="479086964"/>
    <tag k="amenity" v="fountain"/>
    <tag k="fixme" v="Рабочий или нет?"/>
  </way>
  <way id="39904669" version="5" timestamp="2023-08-25T13:13:24Z" changeset="140372443" uid="11978982" user="mappinglander">
    <nd ref="479092694"/>
    <nd ref="479092695"/>
    <nd ref="479092696"/>
    <nd ref="479092697"/>
    <nd ref="479092698"/>
    <nd ref="479092699"/>
    <nd ref="479092700"/>
    <nd ref="479092703"/>
    <nd ref="479092704"/>
    <nd ref="479092694"/>
    <tag k="landuse" v="grass"/>
  </way>
  <way id="39904670" version="5" timestamp="2023-08-25T13:13:24Z" changeset="140372443" uid="11978982" user="mappinglander">
    <nd ref="479092705"/>
    <nd ref="479092706"/>
    <nd ref="479092707"/>
    <nd ref="479092708"/>
    <nd ref="479092709"/>
    <nd ref="479092711"/>
    <nd ref="479092712"/>
    <nd ref="479092713"/>
    <nd ref="479092740"/>
    <nd ref="479092714"/>
    <nd ref="479092716"/>
    <nd ref="479092718"/>
    <nd ref="479092719"/>
    <nd ref="479092705"/>
    <tag k="landuse" v="grass"/>
  </way>
  <way id="39904671" version="8" timestamp="2023-08-25T13:13:24Z" changeset="140372443" uid="11978982" user="mappinglander">
    <nd ref="479092720"/>
    <nd ref="479092721"/>
    <nd ref="479092722"/>
    <nd ref="479092723"/>
    <nd ref="479092724"/>
    <nd ref="479092725"/>
    <nd ref="479092727"/>
    <nd ref="479092728"/>
    <nd ref="5369878377"/>
    <nd ref="5369878376"/>
    <nd ref="1415727041"/>
    <nd ref="479092734"/>
    <nd ref="479092736"/>
    <nd ref="5370185349"/>
    <nd ref="479092737"/>
    <nd ref="479092738"/>
    <nd ref="479092739"/>
    <nd ref="479092742"/>
    <nd ref="479092720"/>
    <tag k="landuse" v="grass"/>
  </way>
  <way id="43339048" version="14" timestamp="2020-06-17T11:49:25Z" changeset="86772188" uid="363136" user="neo-plan">
    <nd ref="544840479"/>
    <nd ref="544840481"/>
    <nd ref="544840484"/>
    <nd ref="3274216954"/>
    <nd ref="3274216952"/>
    <nd ref="4091231635"/>
    <nd ref="3274216945"/>
    <nd ref="3274216946"/>
    <nd ref="3274216940"/>
    <nd ref="3274216939"/>
    <nd ref="4091231634"/>
    <nd ref="3274216933"/>
    <nd ref="3274216934"/>
    <nd ref="544840518"/>
    <nd ref="3274216928"/>
    <nd ref="4091231633"/>
    <nd ref="3274216922"/>
    <nd ref="3274216923"/>
    <nd ref="3274216916"/>
    <nd ref="3274216915"/>
    <nd ref="4091231632"/>
    <nd ref="3274216907"/>
    <nd ref="3274216909"/>
    <nd ref="3274216901"/>
    <nd ref="3274216900"/>
    <nd ref="4091231631"/>
    <nd ref="3274216894"/>
    <nd ref="3274216895"/>
    <nd ref="3274216891"/>
    <nd ref="3274216890"/>
    <nd ref="4091231630"/>
    <nd ref="3274216886"/>
    <nd ref="3274216887"/>
    <nd ref="3274216883"/>
    <nd ref="3274216882"/>
    <nd ref="4091231629"/>
    <nd ref="3274216880"/>
    <nd ref="3274216881"/>
    <nd ref="544840487"/>
    <nd ref="544840490"/>
    <nd ref="3274216885"/>
    <nd ref="3274216884"/>
    <nd ref="3274216888"/>
    <nd ref="3274216889"/>
    <nd ref="3274216893"/>
    <nd ref="3274216892"/>
    <nd ref="3274216896"/>
    <nd ref="3274216898"/>
    <nd ref="3274216905"/>
    <nd ref="3274216904"/>
    <nd ref="3274216910"/>
    <nd ref="3274216911"/>
    <nd ref="3274216921"/>
    <nd ref="3274216920"/>
    <nd ref="3274216924"/>
    <nd ref="3274216925"/>
    <nd ref="3274216931"/>
    <nd ref="3274216930"/>
    <nd ref="3274216935"/>
    <nd ref="3274216936"/>
    <nd ref="3274216943"/>
    <nd ref="3274216942"/>
    <nd ref="3274216948"/>
    <nd ref="3274216949"/>
    <nd ref="3274216957"/>
    <nd ref="3274216956"/>
    <nd ref="3274216958"/>
    <nd ref="3274216959"/>
    <nd ref="544840492"/>
    <nd ref="544840505"/>
    <nd ref="7629116358"/>
    <nd ref="544840502"/>
    <nd ref="544840495"/>
    <nd ref="544840498"/>
    <nd ref="4091231637"/>
    <nd ref="3274217766"/>
    <nd ref="3274217765"/>
    <nd ref="3274217762"/>
    <nd ref="3274217763"/>
    <nd ref="4091231636"/>
    <nd ref="3274217761"/>
    <nd ref="3274216960"/>
    <nd ref="544840479"/>
    <tag k="addr:housenumber" v="8 к1"/>
    <tag k="addr:postcode" v="111672"/>
    <tag k="addr:street" v="Городецкая улица"/>
    <tag k="building" v="apartments"/>
    <tag k="building:flats" v="598"/>
    <tag k="building:levels" v="17"/>
    <tag k="design:ref" v="П44-1/17 тип 1;П44-4/17 тип 4"/>
    <tag k="start_date" v="1987"/>
  </way>
  <way id="43339057" version="10" timestamp="2020-05-11T01:31:06Z" changeset="84992143" uid="334643" user="Steve_32">
    <nd ref="544840621"/>
    <nd ref="544840628"/>
    <nd ref="3274216937"/>
    <nd ref="3274216938"/>
    <nd ref="3274216944"/>
    <nd ref="3274216941"/>
    <nd ref="3274216947"/>
    <nd ref="3274216951"/>
    <nd ref="3274216955"/>
    <nd ref="3274216953"/>
    <nd ref="544840631"/>
    <nd ref="544840624"/>
    <nd ref="544840621"/>
    <tag k="addr:housenumber" v="8 к2"/>
    <tag k="addr:postcode" v="111672"/>
    <tag k="addr:street" v="Городецкая улица"/>
    <tag k="building" v="apartments"/>
    <tag k="building:flats" v="135"/>
    <tag k="building:levels" v="17"/>
    <tag k="design:ref" v="П44-1/17 тип 1"/>
    <tag k="start_date" v="1987"/>
  </way>
  <way id="76726712" version="8" timestamp="2024-03-02T12:15:09Z" changeset="148128794" uid="363136" user="neo-plan">
    <nd ref="903983509"/>
    <nd ref="5369977499"/>
    <nd ref="1029137222"/>
    <nd ref="903983519"/>
    <nd ref="903983495"/>
    <nd ref="11678038357"/>
    <nd ref="903983575"/>
    <nd ref="903983525"/>
    <nd ref="1076446543"/>
    <nd ref="5369977481"/>
    <nd ref="903983562"/>
    <nd ref="11684518746"/>
    <nd ref="995955149"/>
    <nd ref="3817798171"/>
    <nd ref="903983521"/>
    <tag k="highway" v="service"/>
    <tag k="living_street" v="yes"/>
  </way>
  <way id="84651184" version="8" timestamp="2026-05-18T07:49:59Z" changeset="182816719" uid="363136" user="neo-plan">
    <nd ref="983342077"/>
    <nd ref="983342127"/>
    <nd ref="1519222167"/>
    <nd ref="1519222153"/>
    <nd ref="983342024"/>
    <nd ref="1912738809"/>
    <nd ref="1519222005"/>
    <nd ref="983341949"/>
    <nd ref="983342096"/>
    <nd ref="983341855"/>
    <nd ref="1519221975"/>
    <tag k="highway" v="footway"/>
    <tag k="living_street" v="yes"/>
    <tag k="surface" v="asphalt"/>
  </way>
  <way id="84651206" version="27" timestamp="2023-09-16T23:03:43Z" changeset="141361395" uid="3305165" user="luisforte">
    <nd ref="10707964444"/>
    <nd ref="1074907485"/>
    <nd ref="482504453"/>
    <nd ref="252865629"/>
    <tag k="highway" v="tertiary"/>
    <tag k="lanes" v="3"/>
    <tag k="lit" v="yes"/>
    <tag k="name" v="Городецкая улица"/>
    <tag k="name:uk" v="Городоцька вулиця"/>
    <tag k="oneway" v="yes"/>
    <tag k="postal_code" v="111672"/>
    <tag k="surface" v="asphalt"/>
  </way>
  <way id="84651209" version="4" timestamp="2011-11-27T09:08:23Z" changeset="9964286" uid="316868" user="LexIgnatov">
    <nd ref="983342161"/>
    <nd ref="983341878"/>
    <nd ref="983341988"/>
    <nd ref="1519221973"/>
    <tag k="highway" v="service"/>
    <tag k="living_street" v="yes"/>
  </way>
  <way id="84651216" version="2" timestamp="2011-10-13T11:14:02Z" changeset="9546171" uid="397326" user="trolleway">
    <nd ref="983341878"/>
    <nd ref="983342052"/>
    <tag k="highway" v="service"/>
    <tag k="living_street" v="yes"/>
  </way>
  <way id="84651229" version="6" timestamp="2017-04-23T17:49:17Z" changeset="48067359" uid="5720252" user="mihailpihail">
    <nd ref="4021300237"/>
    <nd ref="983342112"/>
    <nd ref="4811908676"/>
    <tag k="footway" v="crossing"/>
    <tag k="highway" v="footway"/>
    <tag k="surface" v="asphalt"/>
  </way>
  <way id="84651238" version="4" timestamp="2023-10-23T12:57:13Z" changeset="143017488" uid="20434839" user="armagedonnnnn">
    <nd ref="1078213365"/>
    <nd ref="1912738812"/>
    <nd ref="1912738811"/>
    <nd ref="1912738810"/>
    <nd ref="983341926"/>
    <tag k="highway" v="footway"/>
    <tag k="surface" v="asphalt"/>
  </way>
  <way id="84651243" version="10" timestamp="2021-04-26T17:33:14Z" changeset="103652492" uid="2714093" user="Ale GA">
    <nd ref="3416356822"/>
    <nd ref="1156423520"/>
    <nd ref="1156422997"/>
    <nd ref="1156423287"/>
    <nd ref="5370190287"/>
    <nd ref="1078213371"/>
    <tag k="highway" v="footway"/>
    <tag k="surface" v="asphalt"/>
  </way>
  <way id="84651245" version="38" timestamp="2024-02-29T19:50:35Z" changeset="148068737" uid="363136" user="neo-plan">
    <nd ref="983341857"/>
    <nd ref="983342158"/>
    <nd ref="1519222254"/>
    <nd ref="11678038356"/>
    <nd ref="1519222234"/>
    <nd ref="4811908676"/>
    <nd ref="983341857"/>
    <tag k="barrier" v="fence"/>
    <tag k="leisure" v="park"/>
    <tag k="name" v="Фестивальная площадка «Городецкий бульвар»"/>
  </way>
  <way id="84651249" version="8" timestamp="2016-07-28T08:39:47Z" changeset="41080596" uid="2853561" user="Владимир К">
    <nd ref="1025308879"/>
    <nd ref="1025308847"/>
    <tag k="highway" v="tertiary"/>
    <tag k="junction" v="roundabout"/>
    <tag k="lanes" v="2"/>
    <tag k="lit" v="yes"/>
    <tag k="oneway" v="yes"/>
    <tag k="surface" v="asphalt"/>
    <tag k="trolley_wire" v="yes"/>
  </way>
  <way id="84651254" version="6" timestamp="2016-02-23T09:26:06Z" changeset="37384248" uid="2853561" user="Владимир К">
    <nd ref="4021311102"/>
    <nd ref="252866749"/>
    <nd ref="4021311103"/>
    <tag k="footway" v="crossing"/>
    <tag k="highway" v="footway"/>
    <tag k="surface" v="asphalt"/>
  </way>
  <way id="85797827" version="5" timestamp="2024-02-22T20:26:07Z" changeset="147788532" uid="363136" user="neo-plan">
    <nd ref="995955149"/>
    <nd ref="5369893399"/>
    <nd ref="5369893402"/>
    <nd ref="3817798177"/>
    <tag k="bicycle" v="designated"/>
    <tag k="foot" v="designated"/>
    <tag k="highway" v="cycleway"/>
  </way>
  <way id="85797907" version="4" timestamp="2023-01-06T10:26:04Z" changeset="130940927" uid="166816" user="Vascom">
    <nd ref="995955153"/>
    <nd ref="1029136719"/>
    <nd ref="3820589205"/>
    <nd ref="3820589206"/>
    <tag k="highway" v="footway"/>
    <tag k="living_street" v="yes"/>
  </way>
  <way id="88261050" version="5" timestamp="2016-07-28T08:39:48Z" changeset="41080596" uid="2853561" user="Владимир К">
    <nd ref="1025308742"/>
    <nd ref="1519222176"/>
    <nd ref="1519222187"/>
    <nd ref="1519222217"/>
    <tag k="highway" v="tertiary"/>
    <tag k="lanes" v="2"/>
    <tag k="lit" v="yes"/>
    <tag k="oneway" v="yes"/>
    <tag k="surface" v="asphalt"/>
  </way>
  <way id="88261061" version="3" timestamp="2017-03-03T17:06:02Z" changeset="46553235" uid="672536" user="xmd5a">
    <nd ref="983341934"/>
    <nd ref="1519222141"/>
    <tag k="highway" v="tertiary"/>
    <tag k="lanes" v="3"/>
    <tag k="lit" v="yes"/>
    <tag k="oneway" v="yes"/>
    <tag k="surface" v="asphalt"/>
  </way>
  <way id="88261063" version="3" timestamp="2016-07-28T08:39:45Z" changeset="41080596" uid="2853561" user="Владимир К">
    <nd ref="1519222064"/>
    <nd ref="1519222072"/>
    <nd ref="1519222083"/>
    <nd ref="1519222089"/>
    <nd ref="1519222081"/>
    <nd ref="1519222071"/>
    <nd ref="1519222066"/>
    <nd ref="1519222061"/>
    <nd ref="1519222049"/>
    <nd ref="983341851"/>
    <tag k="highway" v="tertiary"/>
    <tag k="lanes" v="3"/>
    <tag k="lit" v="yes"/>
    <tag k="oneway" v="yes"/>
    <tag k="surface" v="asphalt"/>
  </way>
  <way id="88261066" version="21" timestamp="2023-09-16T23:03:43Z" changeset="141361395" uid="3305165" user="luisforte">
    <nd ref="252865632"/>
    <nd ref="482504451"/>
    <nd ref="1029136721"/>
    <nd ref="983342112"/>
    <nd ref="4241842116"/>
    <tag k="highway" v="tertiary"/>
    <tag k="lanes" v="3"/>
    <tag k="lit" v="yes"/>
    <tag k="name" v="Городецкая улица"/>
    <tag k="name:uk" v="Городоцька вулиця"/>
    <tag k="oneway" v="yes"/>
    <tag k="postal_code" v="111672"/>
    <tag k="surface" v="asphalt"/>
    <tag k="trolley_wire" v="yes"/>
  </way>
  <way id="88261081" version="6" timestamp="2017-03-03T17:06:03Z" changeset="46553235" uid="672536" user="xmd5a">
    <nd ref="1025308847"/>
    <nd ref="1519222126"/>
    <nd ref="1519222163"/>
    <nd ref="1025308845"/>
    <nd ref="1025308742"/>
    <tag k="highway" v="tertiary"/>
    <tag k="lanes" v="2"/>
    <tag k="lit" v="yes"/>
    <tag k="oneway" v="yes"/>
    <tag k="surface" v="asphalt"/>
    <tag k="trolley_wire" v="yes"/>
  </way>
  <way id="88626369" version="4" timestamp="2015-11-04T20:01:23Z" changeset="35086995" uid="467526" user="Gumeg">
    <nd ref="903983536"/>
    <nd ref="3817798253"/>
    <nd ref="1387698951"/>
    <nd ref="2102000865"/>
    <tag k="highway" v="service"/>
    <tag k="living_street" v="yes"/>
  </way>
  <way id="88626518" version="7" timestamp="2024-02-22T20:20:35Z" changeset="147788378" uid="363136" user="neo-plan">
    <nd ref="2428197328"/>
    <nd ref="1104650731"/>
    <nd ref="1029136723"/>
    <nd ref="3817798241"/>
    <nd ref="1029432723"/>
    <nd ref="3817798233"/>
    <nd ref="3817798222"/>
    <nd ref="1029136722"/>
    <nd ref="1029137224"/>
    <nd ref="1029136725"/>
    <nd ref="1029136719"/>
    <tag k="highway" v="service"/>
    <tag k="living_street" v="yes"/>
  </way>
  <way id="88626541" version="1" timestamp="2010-12-09T06:17:51Z" changeset="6592076" uid="350434" user="Uriy_L">
    <nd ref="1029137224"/>
    <nd ref="1029137222"/>
    <tag k="highway" v="service"/>
    <tag k="living_street" v="yes"/>
  </way>
  <way id="92646352" version="2" timestamp="2020-01-07T01:36:36Z" changeset="79270740" uid="4650090" user="Axry">
    <nd ref="1074697203"/>
    <nd ref="1074697204"/>
    <nd ref="7113336284"/>
    <nd ref="1074697205"/>
    <tag k="highway" v="service"/>
    <tag k="living_street" v="yes"/>
  </way>
  <way id="92647812" version="8" timestamp="2024-03-02T12:20:30Z" changeset="148129013" uid="363136" user="neo-plan">
    <nd ref="1074714480"/>
    <nd ref="11684393661"/>
    <nd ref="1912738801"/>
    <nd ref="1074714482"/>
    <tag k="highway" v="service"/>
    <tag k="living_street" v="yes"/>
    <tag k="surface" v="asphalt"/>
  </way>
  <way id="92647814" version="9" timestamp="2020-01-07T01:36:36Z" changeset="79270740" uid="4650090" user="Axry">
    <nd ref="1074714480"/>
    <nd ref="7113336270"/>
    <nd ref="7113336271"/>
    <nd ref="3274217772"/>
    <nd ref="3274217774"/>
    <nd ref="7113336277"/>
    <nd ref="7113336272"/>
    <nd ref="7113336278"/>
    <nd ref="2010578063"/>
    <nd ref="7113336274"/>
    <nd ref="7113336275"/>
    <nd ref="3274217769"/>
    <nd ref="7113336276"/>
    <nd ref="7113336273"/>
    <nd ref="3274217770"/>
    <tag k="highway" v="service"/>
    <tag k="living_street" v="yes"/>
  </way>
  <way id="92667965" version="2" timestamp="2011-10-13T11:14:03Z" changeset="9546171" uid="397326" user="trolleway">
    <nd ref="1074907467"/>
    <nd ref="1074907474"/>
    <tag k="highway" v="service"/>
    <tag k="living_street" v="yes"/>
  </way>
  <way id="92667967" version="6" timestamp="2025-07-10T21:25:57Z" changeset="168761907" uid="363136" user="neo-plan">
    <nd ref="1074907476"/>
    <nd ref="1074907484"/>
    <nd ref="1912738814"/>
    <nd ref="1912738815"/>
    <nd ref="12993246460"/>
    <nd ref="1078213367"/>
    <nd ref="1074907485"/>
    <tag k="highway" v="service"/>
    <tag k="living_street" v="yes"/>
  </way>
  <way id="92667972" version="2" timestamp="2011-10-13T11:14:03Z" changeset="9546171" uid="397326" user="trolleway">
    <nd ref="1074907592"/>
    <nd ref="1074907625"/>
    <tag k="highway" v="service"/>
    <tag k="living_street" v="yes"/>
  </way>
  <way id="92830114" version="7" timestamp="2023-10-30T12:44:02Z" changeset="143363951" uid="18826385" user="MarinaKuzko">
    <nd ref="1076445502"/>
    <nd ref="1076445503"/>
    <nd ref="1076445504"/>
    <nd ref="1076445505"/>
    <nd ref="1076445502"/>
    <tag k="addr:housenumber" v="29 с1"/>
    <tag k="addr:street" v="Новокосинская улица"/>
    <tag k="building" v="industrial"/>
    <tag k="building:levels" v="1"/>
    <tag k="roof:colour" v="grey"/>
    <tag k="roof:material" v="tar_paper"/>
    <tag k="roof:shape" v="flat"/>
  </way>
  <way id="92997143" version="5" timestamp="2021-04-28T21:26:14Z" changeset="103802162" uid="2714093" user="Ale GA">
    <nd ref="4320195770"/>
    <nd ref="4811908675"/>
    <nd ref="482504519"/>
    <nd ref="4320195771"/>
    <tag k="highway" v="footway"/>
    <tag k="surface" v="asphalt"/>
  </way>
  <way id="93012446" version="6" timestamp="2024-08-13T08:44:15Z" changeset="155183224" uid="20435980" user="Константин3">
    <nd ref="1078213365"/>
    <nd ref="3940079989"/>
    <nd ref="1912738813"/>
    <nd ref="1078213367"/>
    <tag k="highway" v="footway"/>
    <tag k="surface" v="asphalt"/>
  </way>
  <way id="93012449" version="8" timestamp="2025-07-10T21:25:57Z" changeset="168761907" uid="363136" user="neo-plan">
    <nd ref="1078213367"/>
    <nd ref="12993246458"/>
    <nd ref="5370190247"/>
    <nd ref="5370190245"/>
    <nd ref="983342046"/>
    <tag k="bicycle" v="designated"/>
    <tag k="foot" v="designated"/>
    <tag k="highway" v="path"/>
    <tag k="segregated" v="yes"/>
    <tag k="surface" v="asphalt"/>
  </way>
  <way id="93178323" version="5" timestamp="2016-07-25T20:49:19Z" changeset="41022511" uid="696711" user="ad47">
    <nd ref="1080164531"/>
    <nd ref="1519222089"/>
    <nd ref="1025308755"/>
    <nd ref="1080164532"/>
    <tag k="footway" v="crossing"/>
    <tag k="highway" v="footway"/>
    <tag k="surface" v="asphalt"/>
  </way>
  <way id="93187535" version="8" timestamp="2024-03-02T12:22:58Z" changeset="148129101" uid="363136" user="neo-plan">
    <nd ref="1080384729"/>
    <nd ref="11684576257"/>
    <nd ref="8923665690"/>
    <nd ref="1080384730"/>
    <nd ref="1080384731"/>
    <nd ref="3820589174"/>
    <nd ref="3820589172"/>
    <nd ref="3820589173"/>
    <nd ref="1080384732"/>
    <nd ref="1080384729"/>
    <tag k="addr:housenumber" v="26"/>
    <tag k="addr:street" v="Новокосинская улица"/>
    <tag k="amenity" v="music_school"/>
    <tag k="barrier" v="fence"/>
    <tag k="education" v="facultative_school"/>
    <tag k="education_form:parttime" v="yes"/>
    <tag k="education_level:primary" v="yes"/>
    <tag k="education_profile:music" v="yes"/>
    <tag k="education_system:ru_standard" v="yes"/>
    <tag k="name" v="Детская музыкальная школа №85 им. Гайдна"/>
  </way>
  <way id="94519071" version="13" timestamp="2023-06-15T18:01:56Z" changeset="137384115" uid="363136" user="neo-plan">
    <nd ref="5346743889"/>
    <nd ref="5346743890"/>
    <nd ref="5346743891"/>
    <nd ref="1036711483"/>
    <nd ref="1036711486"/>
    <nd ref="547002665"/>
    <nd ref="1925060743"/>
    <nd ref="9241512737"/>
    <nd ref="1925060745"/>
    <nd ref="2958529200"/>
    <nd ref="10960492874"/>
    <nd ref="10960535682"/>
    <nd ref="10960492875"/>
    <nd ref="10960535680"/>
    <nd ref="10960492876"/>
    <nd ref="10960492877"/>
    <nd ref="10960492878"/>
    <nd ref="10960492879"/>
    <nd ref="10960492880"/>
    <nd ref="10960492873"/>
    <nd ref="10960492881"/>
    <nd ref="1088853255"/>
    <nd ref="5346743824"/>
    <nd ref="5346743892"/>
    <nd ref="1088853243"/>
    <nd ref="1088853266"/>
    <nd ref="5346743852"/>
    <nd ref="2958529229"/>
    <nd ref="2958529224"/>
    <nd ref="5346743848"/>
    <nd ref="2958529228"/>
    <nd ref="547002672"/>
    <nd ref="10979333246"/>
    <nd ref="2958532033"/>
    <nd ref="2958532041"/>
    <nd ref="5346743828"/>
    <nd ref="5346743829"/>
    <nd ref="5346743830"/>
    <nd ref="1097934463"/>
    <nd ref="1465330241"/>
    <nd ref="1465330250"/>
    <nd ref="1097934471"/>
    <nd ref="5346743880"/>
    <nd ref="5346743879"/>
    <nd ref="5346743878"/>
    <nd ref="5346743877"/>
    <nd ref="5346743876"/>
    <nd ref="5346743875"/>
    <nd ref="5346743874"/>
    <nd ref="5346743873"/>
    <nd ref="5346743872"/>
    <nd ref="5346743871"/>
    <nd ref="5346743870"/>
    <nd ref="5346743869"/>
    <nd ref="5346743868"/>
    <nd ref="5346743867"/>
    <nd ref="5346743866"/>
    <nd ref="5346743865"/>
    <nd ref="5346743864"/>
    <nd ref="5346743889"/>
  </way>
  <way id="98885659" version="5" timestamp="2023-10-30T12:44:02Z" changeset="143363951" uid="18826385" user="MarinaKuzko">
    <nd ref="1143989838"/>
    <nd ref="1143989841"/>
    <nd ref="1143989819"/>
    <nd ref="1143989820"/>
    <nd ref="1143989838"/>
    <tag k="building" v="roof"/>
    <tag k="building:colour" v="white;green"/>
    <tag k="building:levels" v="1"/>
    <tag k="building:material" v="metal_plates"/>
    <tag k="layer" v="1"/>
    <tag k="roof:colour" v="grey"/>
    <tag k="roof:material" v="tar_paper"/>
    <tag k="roof:shape" v="flat"/>
  </way>
  <way id="106435000" version="2" timestamp="2020-01-07T01:36:36Z" changeset="79270740" uid="4650090" user="Axry">
    <nd ref="1074697221"/>
    <nd ref="7113359794"/>
    <nd ref="1074697223"/>
    <nd ref="1074697203"/>
    <tag k="highway" v="service"/>
    <tag k="living_street" v="yes"/>
  </way>
  <way id="124782754" version="9" timestamp="2023-06-06T22:40:10Z" changeset="137033712" uid="363136" user="neo-plan">
    <nd ref="1890438457"/>
    <nd ref="4021300252"/>
    <nd ref="1890438445"/>
    <nd ref="10960539600"/>
    <nd ref="995823194"/>
    <nd ref="995823196"/>
    <nd ref="2958529204"/>
    <nd ref="1156423366"/>
    <nd ref="995823199"/>
    <nd ref="995823201"/>
    <nd ref="995823205"/>
    <nd ref="5346743518"/>
    <nd ref="995823207"/>
    <nd ref="1156423565"/>
    <nd ref="995823208"/>
    <nd ref="1081508571"/>
    <nd ref="995823209"/>
    <nd ref="3817798240"/>
    <nd ref="1081508582"/>
    <nd ref="10942885727"/>
    <nd ref="1156423093"/>
    <nd ref="995823210"/>
    <nd ref="1156423758"/>
    <nd ref="899213951"/>
    <tag k="highway" v="footway"/>
    <tag k="surface" v="asphalt"/>
  </way>
  <way id="125061360" version="7" timestamp="2018-01-29T09:19:23Z" changeset="55853526" uid="467526" user="Gumeg">
    <nd ref="663002420"/>
    <nd ref="983341924"/>
    <nd ref="995815895"/>
    <nd ref="5369893383"/>
    <nd ref="1387698951"/>
    <nd ref="995815899"/>
    <nd ref="995815902"/>
    <tag k="highway" v="footway"/>
    <tag k="surface" v="asphalt"/>
  </way>
  <way id="128986756" version="18" timestamp="2023-09-16T23:03:43Z" changeset="141361395" uid="3305165" user="luisforte">
    <nd ref="252865632"/>
    <nd ref="1156423155"/>
    <nd ref="345145378"/>
    <tag k="highway" v="tertiary"/>
    <tag k="int_name" v="Suzdalskaya str."/>
    <tag k="lanes" v="4"/>
    <tag k="lit" v="yes"/>
    <tag k="name" v="Суздальская улица"/>
    <tag k="name:uk" v="Суздальська вулиця"/>
    <tag k="oneway" v="no"/>
    <tag k="sidewalk" v="separate"/>
    <tag k="surface" v="asphalt"/>
  </way>
  <way id="132329903" version="4" timestamp="2017-03-03T17:06:15Z" changeset="46553235" uid="672536" user="xmd5a">
    <nd ref="1025308801"/>
    <nd ref="1519222106"/>
    <nd ref="1519222101"/>
    <nd ref="1519222073"/>
    <nd ref="983341851"/>
    <tag k="highway" v="tertiary"/>
    <tag k="junction" v="roundabout"/>
    <tag k="lanes" v="2"/>
    <tag k="lit" v="yes"/>
    <tag k="oneway" v="yes"/>
    <tag k="surface" v="asphalt"/>
    <tag k="trolley_wire" v="yes"/>
  </way>
  <way id="132329904" version="4" timestamp="2016-07-28T08:39:45Z" changeset="41080596" uid="2853561" user="Владимир К">
    <nd ref="1004045386"/>
    <nd ref="1519222021"/>
    <nd ref="1519222014"/>
    <nd ref="1519222008"/>
    <nd ref="1519222007"/>
    <nd ref="983341980"/>
    <nd ref="1519222019"/>
    <nd ref="1519222037"/>
    <nd ref="1519222044"/>
    <nd ref="1519222070"/>
    <nd ref="1025308879"/>
    <tag k="highway" v="tertiary"/>
    <tag k="junction" v="roundabout"/>
    <tag k="lanes" v="2"/>
    <tag k="lit" v="yes"/>
    <tag k="oneway" v="yes"/>
    <tag k="surface" v="asphalt"/>
    <tag k="trolley_wire" v="yes"/>
  </way>
  <way id="132329913" version="4" timestamp="2016-07-28T08:39:50Z" changeset="41080596" uid="2853561" user="Владимир К">
    <nd ref="1025308847"/>
    <nd ref="1519222123"/>
    <nd ref="1519222133"/>
    <nd ref="1519222144"/>
    <nd ref="983342023"/>
    <nd ref="1025308866"/>
    <tag k="highway" v="tertiary"/>
    <tag k="junction" v="roundabout"/>
    <tag k="lanes" v="2"/>
    <tag k="lit" v="yes"/>
    <tag k="oneway" v="yes"/>
    <tag k="surface" v="asphalt"/>
  </way>
  <way id="132329938" version="4" timestamp="2016-07-28T08:39:46Z" changeset="41080596" uid="2853561" user="Владимир К">
    <nd ref="983341851"/>
    <nd ref="1004045386"/>
    <tag k="highway" v="tertiary"/>
    <tag k="junction" v="roundabout"/>
    <tag k="lanes" v="2"/>
    <tag k="lit" v="yes"/>
    <tag k="oneway" v="yes"/>
    <tag k="surface" v="asphalt"/>
    <tag k="trolley_wire" v="yes"/>
  </way>
  <way id="132329940" version="5" timestamp="2017-03-03T17:06:16Z" changeset="46553235" uid="672536" user="xmd5a">
    <nd ref="1025308866"/>
    <nd ref="1025308746"/>
    <nd ref="983341883"/>
    <nd ref="1519222219"/>
    <nd ref="983342099"/>
    <tag k="highway" v="tertiary"/>
    <tag k="junction" v="roundabout"/>
    <tag k="lanes" v="2"/>
    <tag k="lit" v="yes"/>
    <tag k="oneway" v="yes"/>
    <tag k="surface" v="asphalt"/>
  </way>
  <way id="132334430" version="24" timestamp="2023-09-16T23:03:43Z" changeset="141361395" uid="3305165" user="luisforte">
    <nd ref="252865629"/>
    <nd ref="10707964443"/>
    <nd ref="2872557901"/>
    <nd ref="5370190288"/>
    <nd ref="878813456"/>
    <nd ref="252865630"/>
    <tag k="highway" v="tertiary"/>
    <tag k="lanes" v="3"/>
    <tag k="lit" v="yes"/>
    <tag k="name" v="Городецкая улица"/>
    <tag k="name:uk" v="Городоцька вулиця"/>
    <tag k="oneway" v="yes"/>
    <tag k="postal_code" v="111672"/>
    <tag k="sidewalk" v="separate"/>
    <tag k="surface" v="asphalt"/>
  </way>
  <way id="133148535" version="19" timestamp="2023-09-16T23:03:43Z" changeset="141361395" uid="3305165" user="luisforte">
    <nd ref="252865629"/>
    <nd ref="1078213372"/>
    <nd ref="1590969458"/>
    <tag k="highway" v="tertiary"/>
    <tag k="lanes" v="4"/>
    <tag k="lit" v="yes"/>
    <tag k="name" v="Суздальская улица"/>
    <tag k="name:uk" v="Суздальська вулиця"/>
    <tag k="surface" v="asphalt"/>
  </way>
  <way id="133171830" version="20" timestamp="2023-09-16T23:03:43Z" changeset="141361395" uid="3305165" user="luisforte">
    <nd ref="1055290945"/>
    <nd ref="878813455"/>
    <nd ref="303618492"/>
    <nd ref="10707996642"/>
    <nd ref="303618284"/>
    <nd ref="252865632"/>
    <tag k="highway" v="tertiary"/>
    <tag k="lanes" v="3"/>
    <tag k="lit" v="yes"/>
    <tag k="name" v="Городецкая улица"/>
    <tag k="name:uk" v="Городоцька вулиця"/>
    <tag k="oneway" v="yes"/>
    <tag k="postal_code" v="111672"/>
    <tag k="surface" v="asphalt"/>
    <tag k="trolley_wire" v="yes"/>
  </way>
  <way id="138545288" version="16" timestamp="2023-09-16T23:03:43Z" changeset="141361395" uid="3305165" user="luisforte">
    <nd ref="1025308866"/>
    <nd ref="1519222217"/>
    <tag k="highway" v="tertiary"/>
    <tag k="lanes" v="3"/>
    <tag k="lit" v="yes"/>
    <tag k="name" v="Городецкая улица"/>
    <tag k="name:uk" v="Городоцька вулиця"/>
    <tag k="oneway" v="yes"/>
    <tag k="postal_code" v="111672"/>
    <tag k="surface" v="asphalt"/>
  </way>
  <way id="138545299" version="2" timestamp="2017-03-03T17:06:36Z" changeset="46553235" uid="672536" user="xmd5a">
    <nd ref="1519222141"/>
    <nd ref="1519222131"/>
    <nd ref="1025308784"/>
    <nd ref="1519222111"/>
    <nd ref="1025308785"/>
    <nd ref="1025308755"/>
    <nd ref="1519222093"/>
    <nd ref="1519222086"/>
    <nd ref="1519222064"/>
    <tag k="highway" v="tertiary"/>
    <tag k="lanes" v="3"/>
    <tag k="lit" v="yes"/>
    <tag k="oneway" v="yes"/>
    <tag k="surface" v="asphalt"/>
  </way>
  <way id="138545301" version="5" timestamp="2023-08-25T13:13:24Z" changeset="140372443" uid="11978982" user="mappinglander">
    <nd ref="1519222104"/>
    <nd ref="1519222095"/>
    <nd ref="1519222062"/>
    <nd ref="1519222046"/>
    <nd ref="1519222041"/>
    <nd ref="1519222030"/>
    <nd ref="1519222026"/>
    <nd ref="1519222023"/>
    <nd ref="1519222028"/>
    <nd ref="1519222039"/>
    <nd ref="1519222048"/>
    <nd ref="1519222069"/>
    <nd ref="1519222092"/>
    <nd ref="1519222102"/>
    <nd ref="1519222110"/>
    <nd ref="1519222124"/>
    <nd ref="1519222135"/>
    <nd ref="1519222143"/>
    <nd ref="1519222149"/>
    <nd ref="1519222164"/>
    <nd ref="1519222171"/>
    <nd ref="1519222175"/>
    <nd ref="1519222196"/>
    <nd ref="1519222216"/>
    <nd ref="1519222225"/>
    <nd ref="1519222232"/>
    <nd ref="1519222227"/>
    <nd ref="1519222218"/>
    <nd ref="1519222208"/>
    <nd ref="1519222192"/>
    <nd ref="1519222173"/>
    <nd ref="1519222170"/>
    <nd ref="1519222151"/>
    <nd ref="1519222146"/>
    <nd ref="1519222140"/>
    <nd ref="1519222130"/>
    <nd ref="1519222113"/>
    <nd ref="1519222104"/>
    <tag k="landuse" v="grass"/>
  </way>
  <way id="165466946" version="17" timestamp="2023-09-16T23:03:43Z" changeset="141361395" uid="3305165" user="luisforte">
    <nd ref="1519222141"/>
    <nd ref="1025308801"/>
    <tag k="highway" v="tertiary"/>
    <tag k="lanes" v="3"/>
    <tag k="lit" v="yes"/>
    <tag k="name" v="Городецкая улица"/>
    <tag k="name:uk" v="Городоцька вулиця"/>
    <tag k="oneway" v="yes"/>
    <tag k="postal_code" v="111672"/>
    <tag k="surface" v="asphalt"/>
    <tag k="trolley_wire" v="yes"/>
  </way>
  <way id="165467037" version="15" timestamp="2024-05-02T22:10:04Z" changeset="150813489" uid="363136" user="neo-plan">
    <nd ref="983342046"/>
    <nd ref="5370190249"/>
    <nd ref="1890438459"/>
    <nd ref="5370190230"/>
    <nd ref="4261574692"/>
    <nd ref="5370190248"/>
    <nd ref="1074907603"/>
    <nd ref="2428197329"/>
    <nd ref="3450086461"/>
    <nd ref="1104678130"/>
    <nd ref="2428197330"/>
    <nd ref="3900412245"/>
    <nd ref="1074907526"/>
    <nd ref="3450085668"/>
    <nd ref="2428197331"/>
    <nd ref="11875149370"/>
    <nd ref="1104678157"/>
    <nd ref="11875149374"/>
    <nd ref="3417339308"/>
    <nd ref="11875149384"/>
    <nd ref="1104678120"/>
    <nd ref="4320195784"/>
    <nd ref="11875149389"/>
    <nd ref="685085021"/>
    <nd ref="685085022"/>
    <nd ref="1104678155"/>
    <nd ref="1104678125"/>
    <nd ref="1074916403"/>
    <nd ref="685085023"/>
    <tag k="highway" v="footway"/>
    <tag k="surface" v="asphalt"/>
  </way>
  <way id="166484448" version="2" timestamp="2017-03-03T17:06:47Z" changeset="46553235" uid="672536" user="xmd5a">
    <nd ref="1519222217"/>
    <nd ref="983342099"/>
    <tag k="highway" v="tertiary"/>
    <tag k="lanes" v="2"/>
    <tag k="lit" v="yes"/>
    <tag k="oneway" v="yes"/>
    <tag k="surface" v="asphalt"/>
  </way>
  <way id="170358073" version="2" timestamp="2017-03-03T17:06:49Z" changeset="46553235" uid="672536" user="xmd5a">
    <nd ref="983341934"/>
    <nd ref="1519222161"/>
    <nd ref="1519222147"/>
    <nd ref="983342137"/>
    <nd ref="1519222128"/>
    <nd ref="1025308801"/>
    <tag k="highway" v="tertiary"/>
    <tag k="junction" v="roundabout"/>
    <tag k="lanes" v="2"/>
    <tag k="lit" v="yes"/>
    <tag k="oneway" v="yes"/>
    <tag k="surface" v="asphalt"/>
  </way>
  <way id="170358074" version="2" timestamp="2017-03-03T17:06:49Z" changeset="46553235" uid="672536" user="xmd5a">
    <nd ref="983342099"/>
    <nd ref="1519222237"/>
    <nd ref="983342064"/>
    <nd ref="1519222238"/>
    <nd ref="983342195"/>
    <nd ref="1519222230"/>
    <nd ref="983342217"/>
    <nd ref="1519222191"/>
    <nd ref="983341934"/>
    <tag k="highway" v="tertiary"/>
    <tag k="junction" v="roundabout"/>
    <tag k="lanes" v="2"/>
    <tag k="lit" v="yes"/>
    <tag k="oneway" v="yes"/>
    <tag k="surface" v="asphalt"/>
  </way>
  <way id="175157368" version="5" timestamp="2021-01-14T11:39:33Z" changeset="97493155" uid="421938" user="RFuser11">
    <nd ref="1074907625"/>
    <nd ref="8321033348"/>
    <nd ref="1857963692"/>
    <nd ref="1857963694"/>
    <tag k="highway" v="footway"/>
    <tag k="surface" v="asphalt"/>
  </way>
  <way id="178694731" version="18" timestamp="2025-04-13T10:13:07Z" changeset="164887207" uid="2055718" user="Bobropiton">
    <nd ref="10707996636"/>
    <nd ref="1925323098"/>
    <nd ref="2102000865"/>
    <nd ref="1890438443"/>
    <nd ref="1890438451"/>
    <nd ref="1078486635"/>
    <nd ref="252865632"/>
    <tag k="highway" v="tertiary"/>
    <tag k="int_name" v="Suzdalskaya str."/>
    <tag k="lanes" v="4"/>
    <tag k="lit" v="yes"/>
    <tag k="name" v="Суздальская улица"/>
    <tag k="name:uk" v="Суздальська вулиця"/>
    <tag k="noexit" v="yes"/>
    <tag k="surface" v="asphalt"/>
  </way>
  <way id="178694735" version="3" timestamp="2018-01-29T09:19:23Z" changeset="55853526" uid="467526" user="Gumeg">
    <nd ref="1890438462"/>
    <nd ref="5369893372"/>
    <nd ref="5346743836"/>
    <nd ref="5346743837"/>
    <nd ref="1890438397"/>
    <tag k="highway" v="footway"/>
  </way>
  <way id="178694737" version="1" timestamp="2012-08-30T19:21:12Z" changeset="12922116" uid="397326" user="trolleway">
    <nd ref="1890438459"/>
    <nd ref="1890438401"/>
    <tag k="footway" v="sidewalk"/>
    <tag k="highway" v="footway"/>
  </way>
  <way id="178694742" version="3" timestamp="2015-02-05T18:05:34Z" changeset="28635694" uid="316868" user="LexIgnatov">
    <nd ref="3332360362"/>
    <nd ref="1890438394"/>
    <tag k="highway" v="steps"/>
    <tag k="incline" v="up"/>
    <tag k="layer" v="-1"/>
    <tag k="tunnel" v="yes"/>
  </way>
  <way id="178694744" version="5" timestamp="2021-01-14T11:39:33Z" changeset="97493155" uid="421938" user="RFuser11">
    <nd ref="3332360367"/>
    <nd ref="1890438460"/>
    <nd ref="3388458787"/>
    <nd ref="8321033343"/>
    <nd ref="1890438469"/>
    <nd ref="3332360374"/>
    <tag k="highway" v="footway"/>
    <tag k="layer" v="-1"/>
    <tag k="tunnel" v="yes"/>
  </way>
  <way id="178694746" version="2" timestamp="2018-01-29T09:19:23Z" changeset="55853526" uid="467526" user="Gumeg">
    <nd ref="983341924"/>
    <nd ref="5369893392"/>
    <nd ref="1890438394"/>
    <tag k="highway" v="footway"/>
  </way>
  <way id="178694754" version="3" timestamp="2015-02-05T18:05:34Z" changeset="28635694" uid="316868" user="LexIgnatov">
    <nd ref="3332360367"/>
    <nd ref="1890438401"/>
    <tag k="highway" v="steps"/>
    <tag k="incline" v="up"/>
    <tag k="layer" v="-1"/>
    <tag k="tunnel" v="yes"/>
  </way>
  <way id="178694756" version="10" timestamp="2024-02-22T20:20:35Z" changeset="147788378" uid="363136" user="neo-plan">
    <nd ref="2428197328"/>
    <nd ref="2428197327"/>
    <nd ref="3817798229"/>
    <nd ref="3820589207"/>
    <nd ref="3817798213"/>
    <nd ref="3817798201"/>
    <nd ref="663002422"/>
    <nd ref="2399445073"/>
    <nd ref="2399445075"/>
    <nd ref="2399445072"/>
    <nd ref="1080164532"/>
    <tag k="bicycle" v="designated"/>
    <tag k="foot" v="designated"/>
    <tag k="highway" v="cycleway"/>
    <tag k="surface" v="asphalt"/>
  </way>
  <way id="180809376" version="3" timestamp="2024-08-13T08:42:30Z" changeset="155183374" uid="20435980" user="Константин3">
    <nd ref="1912738801"/>
    <nd ref="1912738802"/>
    <nd ref="1912738805"/>
    <nd ref="1912738807"/>
    <nd ref="1912738808"/>
    <nd ref="1080164531"/>
    <tag k="bicycle" v="yes"/>
    <tag k="highway" v="service"/>
    <tag k="living_street" v="yes"/>
    <tag k="surface" v="asphalt"/>
  </way>
  <way id="180809388" version="2" timestamp="2017-02-26T00:02:29Z" changeset="46405700" uid="3580412" user="Alexander-II">
    <nd ref="1912738794"/>
    <nd ref="1912738798"/>
    <nd ref="1912738799"/>
    <tag k="highway" v="footway"/>
  </way>
  <way id="180809393" version="4" timestamp="2017-09-07T15:03:20Z" changeset="51815247" uid="467526" user="Gumeg">
    <nd ref="4021311101"/>
    <nd ref="1912738797"/>
    <nd ref="5086301690"/>
    <nd ref="1912738800"/>
    <nd ref="1224522916"/>
    <tag k="highway" v="footway"/>
  </way>
  <way id="182187587" version="4" timestamp="2017-09-07T12:03:41Z" changeset="51809587" uid="830106" user="literan">
    <nd ref="1925323082"/>
    <nd ref="1925323083"/>
    <nd ref="1925323086"/>
    <nd ref="1925323085"/>
    <nd ref="1925323082"/>
    <tag k="leisure" v="playground"/>
  </way>
  <way id="190429652" version="6" timestamp="2020-05-11T01:31:06Z" changeset="84992143" uid="334643" user="Steve_32">
    <nd ref="469786809"/>
    <nd ref="3274217777"/>
    <nd ref="3274217779"/>
    <nd ref="3274217780"/>
    <nd ref="3168638606"/>
    <nd ref="3168638605"/>
    <nd ref="3168638604"/>
    <nd ref="3168638603"/>
    <nd ref="3168638602"/>
    <nd ref="469786807"/>
    <nd ref="3168638601"/>
    <nd ref="3168638600"/>
    <nd ref="3168638599"/>
    <nd ref="469786805"/>
    <nd ref="469786804"/>
    <nd ref="3168638598"/>
    <nd ref="469786801"/>
    <nd ref="3168638597"/>
    <nd ref="469786800"/>
    <nd ref="469786809"/>
    <tag k="addr:housenumber" v="28"/>
    <tag k="addr:street" v="Новокосинская улица"/>
    <tag k="building" v="apartments"/>
    <tag k="building:flats" v="172"/>
    <tag k="building:levels" v="22"/>
    <tag k="design:ref" v="КОПЭ-85;КТЖС-2;КТЖС-5"/>
    <tag k="start_date" v="1991"/>
  </way>
  <way id="235639167" version="3" timestamp="2018-01-29T10:12:26Z" changeset="55854652" uid="467526" user="Gumeg">
    <nd ref="2437149320"/>
    <nd ref="903983479"/>
    <nd ref="3817798221"/>
    <nd ref="903983503"/>
    <nd ref="5369977478"/>
    <nd ref="5369977505"/>
    <nd ref="903983580"/>
    <nd ref="903983509"/>
    <nd ref="3817798219"/>
    <nd ref="3817798227"/>
    <nd ref="903983536"/>
    <nd ref="1029432721"/>
    <nd ref="1029432723"/>
    <tag k="highway" v="service"/>
    <tag k="living_street" v="yes"/>
  </way>
  <way id="320776269" version="5" timestamp="2026-05-18T07:49:59Z" changeset="182816719" uid="363136" user="neo-plan">
    <nd ref="3274217778"/>
    <nd ref="3274217768"/>
    <nd ref="3274217767"/>
    <nd ref="7113336279"/>
    <nd ref="3274217764"/>
    <nd ref="3274216950"/>
    <nd ref="472410619"/>
    <nd ref="3274217773"/>
    <nd ref="3274217775"/>
    <nd ref="3450089251"/>
    <nd ref="3274217771"/>
    <nd ref="7113359786"/>
    <nd ref="3274217778"/>
    <tag k="amenity" v="parking"/>
    <tag k="surface" v="asphalt"/>
  </way>
  <way id="320776270" version="1" timestamp="2015-01-07T09:23:40Z" changeset="27972487" uid="384084" user="Kostik">
    <nd ref="3274217782"/>
    <nd ref="1925323085"/>
    <tag k="highway" v="footway"/>
  </way>
  <way id="320776271" version="4" timestamp="2017-09-07T12:03:41Z" changeset="51809587" uid="830106" user="literan">
    <nd ref="3274217785"/>
    <nd ref="4812254439"/>
    <nd ref="3274217784"/>
    <nd ref="3274217783"/>
    <tag k="highway" v="footway"/>
  </way>
  <way id="320776272" version="3" timestamp="2017-09-07T12:03:41Z" changeset="51809587" uid="830106" user="literan">
    <nd ref="1912738807"/>
    <nd ref="3274217784"/>
    <nd ref="3274217782"/>
    <nd ref="3274217781"/>
    <tag k="highway" v="footway"/>
  </way>
  <way id="320776273" version="5" timestamp="2023-10-23T12:55:53Z" changeset="143017428" uid="20434839" user="armagedonnnnn">
    <nd ref="1080164531"/>
    <nd ref="1912738806"/>
    <nd ref="1912738804"/>
    <nd ref="3274217785"/>
    <nd ref="1912738803"/>
    <nd ref="662998101"/>
    <nd ref="3450089250"/>
    <nd ref="4812254441"/>
    <nd ref="1519221965"/>
    <tag k="highway" v="footway"/>
    <tag k="surface" v="asphalt"/>
  </way>
  <way id="320776274" version="2" timestamp="2020-01-07T01:36:36Z" changeset="79270740" uid="4650090" user="Axry">
    <nd ref="7113359789"/>
    <nd ref="3274217770"/>
    <nd ref="3274217776"/>
    <nd ref="3274217781"/>
    <nd ref="3274217783"/>
    <nd ref="1074714484"/>
    <nd ref="1074714485"/>
    <nd ref="1912738802"/>
    <tag k="highway" v="service"/>
    <tag k="living_street" v="yes"/>
  </way>
  <way id="334573201" version="16" timestamp="2025-03-07T11:19:47Z" changeset="163322942" uid="363136" user="neo-plan">
    <nd ref="3416356822"/>
    <nd ref="3714004063"/>
    <nd ref="3450086460"/>
    <nd ref="5370185343"/>
    <nd ref="11175498885"/>
    <nd ref="3416356823"/>
    <nd ref="5370185377"/>
    <nd ref="5370185380"/>
    <nd ref="3416358875"/>
    <nd ref="11875149378"/>
    <nd ref="4568949691"/>
    <nd ref="3416356824"/>
    <nd ref="11092472236"/>
    <nd ref="3450089415"/>
    <nd ref="3450089182"/>
    <nd ref="3416356825"/>
    <nd ref="3416356826"/>
    <nd ref="12643095049"/>
    <nd ref="983342001"/>
    <tag k="highway" v="footway"/>
    <tag k="surface" v="asphalt"/>
    <tag k="width" v="2"/>
  </way>
  <way id="337932513" version="3" timestamp="2020-01-07T01:36:36Z" changeset="79270740" uid="4650090" user="Axry">
    <nd ref="3450089250"/>
    <nd ref="3450089251"/>
    <nd ref="7113359787"/>
    <nd ref="7113359788"/>
    <tag k="highway" v="footway"/>
    <tag k="surface" v="asphalt"/>
  </way>
  <way id="372433922" version="4" timestamp="2024-03-02T12:25:34Z" changeset="148129209" uid="363136" user="neo-plan">
    <nd ref="3759904772"/>
    <nd ref="4812254444"/>
    <nd ref="3759904775"/>
    <nd ref="3759904776"/>
    <nd ref="11684393667"/>
    <nd ref="11684393663"/>
    <nd ref="3759904773"/>
    <nd ref="3759904772"/>
    <tag k="amenity" v="parking"/>
    <tag k="fee" v="yes"/>
  </way>
  <way id="378366615" version="1" timestamp="2015-11-04T20:01:17Z" changeset="35086995" uid="467526" user="Gumeg">
    <nd ref="3817798244"/>
    <nd ref="3817798205"/>
    <tag k="natural" v="tree_row"/>
  </way>
  <way id="378366616" version="1" timestamp="2015-11-04T20:01:17Z" changeset="35086995" uid="467526" user="Gumeg">
    <nd ref="3817798256"/>
    <nd ref="3817798248"/>
    <tag k="natural" v="tree_row"/>
  </way>
  <way id="378366618" version="4" timestamp="2024-02-22T20:26:07Z" changeset="147788532" uid="363136" user="neo-plan">
    <nd ref="3817798175"/>
    <nd ref="3817798177"/>
    <tag k="bicycle" v="designated"/>
    <tag k="foot" v="designated"/>
    <tag k="highway" v="cycleway"/>
    <tag k="surface" v="asphalt"/>
  </way>
  <way id="378366622" version="1" timestamp="2015-11-04T20:01:17Z" changeset="35086995" uid="467526" user="Gumeg">
    <nd ref="3817798241"/>
    <nd ref="3817798235"/>
    <nd ref="3817798232"/>
    <nd ref="3817798229"/>
    <tag k="highway" v="footway"/>
  </way>
  <way id="378366624" version="1" timestamp="2015-11-04T20:01:17Z" changeset="35086995" uid="467526" user="Gumeg">
    <nd ref="995955153"/>
    <nd ref="3817798189"/>
    <nd ref="3817798186"/>
    <nd ref="3817798183"/>
    <nd ref="3817798182"/>
    <tag k="highway" v="footway"/>
    <tag k="surface" v="asphalt"/>
  </way>
  <way id="378366625" version="1" timestamp="2015-11-04T20:01:17Z" changeset="35086995" uid="467526" user="Gumeg">
    <nd ref="3817798186"/>
    <nd ref="3817798195"/>
    <nd ref="3817798192"/>
    <nd ref="3817798190"/>
    <nd ref="3817798191"/>
    <nd ref="3817798193"/>
    <tag k="highway" v="footway"/>
    <tag k="surface" v="asphalt"/>
  </way>
  <way id="378366626" version="3" timestamp="2024-02-22T20:26:07Z" changeset="147788532" uid="363136" user="neo-plan">
    <nd ref="3817798175"/>
    <nd ref="3817798174"/>
    <nd ref="5369893381"/>
    <nd ref="5369893384"/>
    <nd ref="3817798171"/>
    <tag k="highway" v="footway"/>
    <tag k="surface" v="asphalt"/>
  </way>
  <way id="378366627" version="1" timestamp="2015-11-04T20:01:17Z" changeset="35086995" uid="467526" user="Gumeg">
    <nd ref="1080164532"/>
    <nd ref="3817798193"/>
    <nd ref="3817798194"/>
    <nd ref="3817798196"/>
    <nd ref="3817798198"/>
    <nd ref="3817798199"/>
    <nd ref="3817798200"/>
    <nd ref="3817798201"/>
    <tag k="highway" v="footway"/>
    <tag k="surface" v="asphalt"/>
  </way>
  <way id="378644535" version="3" timestamp="2025-02-13T08:25:24Z" changeset="162456625" uid="363136" user="neo-plan">
    <nd ref="3820589176"/>
    <nd ref="449578617"/>
    <tag k="highway" v="footway"/>
    <tag k="surface" v="asphalt"/>
  </way>
  <way id="378644537" version="1" timestamp="2015-11-06T11:26:42Z" changeset="35123774" uid="467526" user="Gumeg">
    <nd ref="3820589196"/>
    <nd ref="3820589204"/>
    <nd ref="3820589206"/>
    <nd ref="3820589207"/>
    <tag k="highway" v="footway"/>
    <tag k="surface" v="asphalt"/>
  </way>
  <way id="378644538" version="1" timestamp="2015-11-06T11:26:42Z" changeset="35123774" uid="467526" user="Gumeg">
    <nd ref="3817798200"/>
    <nd ref="3820589198"/>
    <nd ref="3820589196"/>
    <nd ref="3820589195"/>
    <nd ref="3820589192"/>
    <nd ref="3820589190"/>
    <nd ref="3820589189"/>
    <nd ref="3817798195"/>
    <tag k="highway" v="footway"/>
    <tag k="surface" v="asphalt"/>
  </way>
  <way id="378644540" version="1" timestamp="2015-11-06T11:26:42Z" changeset="35123774" uid="467526" user="Gumeg">
    <nd ref="3820589177"/>
    <nd ref="3820589179"/>
    <nd ref="3820589180"/>
    <nd ref="3820589178"/>
    <nd ref="3820589177"/>
    <tag k="landuse" v="grass"/>
  </way>
  <way id="378644541" version="1" timestamp="2015-11-06T11:26:42Z" changeset="35123774" uid="467526" user="Gumeg">
    <nd ref="479086822"/>
    <nd ref="479086856"/>
    <nd ref="3820589186"/>
    <nd ref="3820589185"/>
    <nd ref="479086816"/>
    <nd ref="479086820"/>
    <nd ref="3820589187"/>
    <nd ref="479086822"/>
    <tag k="landuse" v="grass"/>
  </way>
  <way id="378644543" version="1" timestamp="2015-11-06T11:26:42Z" changeset="35123774" uid="467526" user="Gumeg">
    <nd ref="3820589203"/>
    <nd ref="479086832"/>
    <nd ref="3820589201"/>
    <nd ref="479086835"/>
    <nd ref="479086838"/>
    <nd ref="3820589202"/>
    <nd ref="479086841"/>
    <nd ref="3820589203"/>
    <tag k="landuse" v="grass"/>
  </way>
  <way id="399392521" version="2" timestamp="2023-10-23T12:57:13Z" changeset="143017488" uid="20434839" user="armagedonnnnn">
    <nd ref="2428197327"/>
    <nd ref="4021300237"/>
    <tag k="highway" v="footway"/>
    <tag k="surface" v="asphalt"/>
  </way>
  <way id="399392533" version="1" timestamp="2016-02-23T09:23:42Z" changeset="37384202" uid="2853561" user="Владимир К">
    <nd ref="4021300254"/>
    <nd ref="4021300252"/>
    <tag k="highway" v="path"/>
  </way>
  <way id="399392887" version="1" timestamp="2016-02-23T09:26:06Z" changeset="37384248" uid="2853561" user="Владимир К">
    <nd ref="662998101"/>
    <nd ref="4021311102"/>
    <tag k="highway" v="footway"/>
    <tag k="surface" v="asphalt"/>
  </way>
  <way id="399392888" version="1" timestamp="2016-02-23T09:26:06Z" changeset="37384248" uid="2853561" user="Владимир К">
    <nd ref="4021311103"/>
    <nd ref="983342096"/>
    <tag k="highway" v="footway"/>
    <tag k="surface" v="asphalt"/>
  </way>
  <way id="399392890" version="1" timestamp="2016-02-23T09:26:06Z" changeset="37384248" uid="2853561" user="Владимир К">
    <nd ref="1912738790"/>
    <nd ref="1912738792"/>
    <nd ref="1912738794"/>
    <tag k="highway" v="footway"/>
  </way>
  <way id="399392891" version="1" timestamp="2016-02-23T09:26:06Z" changeset="37384248" uid="2853561" user="Владимир К">
    <nd ref="1912738794"/>
    <nd ref="1912738796"/>
    <nd ref="4021311101"/>
    <tag k="footway" v="crossing"/>
    <tag k="highway" v="footway"/>
    <tag k="surface" v="asphalt"/>
  </way>
  <way id="424807652" version="15" timestamp="2023-08-27T00:37:58Z" changeset="140433249" uid="285369" user="avi32">
    <nd ref="4241842116"/>
    <nd ref="454692860"/>
    <nd ref="1519222141"/>
    <tag k="highway" v="tertiary"/>
    <tag k="lanes" v="3"/>
    <tag k="lit" v="yes"/>
    <tag k="name" v="Городецкая улица"/>
    <tag k="name:uk" v="Городоцька вулиця"/>
    <tag k="oneway" v="yes"/>
    <tag k="postal_code" v="111672"/>
    <tag k="surface" v="asphalt"/>
    <tag k="trolley_wire" v="yes"/>
  </way>
  <way id="426905198" version="1" timestamp="2016-06-23T21:19:01Z" changeset="40245556" uid="3108624" user="AlexPot">
    <nd ref="1074907474"/>
    <nd ref="1074907625"/>
    <tag k="highway" v="service"/>
  </way>
  <way id="426905199" version="1" timestamp="2016-06-23T21:19:02Z" changeset="40245556" uid="3108624" user="AlexPot">
    <nd ref="1074907474"/>
    <nd ref="4261574692"/>
    <tag k="highway" v="footway"/>
  </way>
  <way id="428736283" version="1" timestamp="2016-07-02T13:29:27Z" changeset="40440284" uid="363136" user="neo-plan">
    <nd ref="4278292818"/>
    <nd ref="4278292819"/>
    <nd ref="4278292817"/>
    <tag k="highway" v="service"/>
  </way>
  <way id="433144005" version="1" timestamp="2016-07-25T20:48:51Z" changeset="41022511" uid="696711" user="ad47">
    <nd ref="4320195770"/>
    <nd ref="482504451"/>
    <nd ref="663002420"/>
    <tag k="footway" v="crossing"/>
    <tag k="highway" v="footway"/>
    <tag k="surface" v="asphalt"/>
  </way>
  <way id="433144010" version="1" timestamp="2016-07-25T20:48:52Z" changeset="41022511" uid="696711" user="ad47">
    <nd ref="1890438457"/>
    <nd ref="1078486635"/>
    <nd ref="663002420"/>
    <tag k="footway" v="crossing"/>
    <tag k="highway" v="footway"/>
    <tag k="surface" v="asphalt"/>
  </way>
  <way id="433144012" version="2" timestamp="2023-10-23T13:00:25Z" changeset="143017650" uid="20434839" user="armagedonnnnn">
    <nd ref="983342046"/>
    <nd ref="1078213372"/>
    <nd ref="3416356822"/>
    <tag k="footway" v="crossing"/>
    <tag k="highway" v="footway"/>
    <tag k="surface" v="asphalt"/>
  </way>
  <way id="433144013" version="1" timestamp="2016-07-25T20:48:52Z" changeset="41022511" uid="696711" user="ad47">
    <nd ref="4320195771"/>
    <nd ref="482504453"/>
    <nd ref="983342046"/>
    <tag k="footway" v="crossing"/>
    <tag k="highway" v="footway"/>
    <tag k="living_street" v="yes"/>
    <tag k="surface" v="asphalt"/>
  </way>
  <way id="433144023" version="3" timestamp="2018-01-29T09:19:23Z" changeset="55853526" uid="467526" user="Gumeg">
    <nd ref="1104687379"/>
    <nd ref="5369878389"/>
    <nd ref="1890438462"/>
    <nd ref="5369893371"/>
    <nd ref="4021300254"/>
    <nd ref="1890438457"/>
    <tag k="highway" v="footway"/>
    <tag k="surface" v="asphalt"/>
  </way>
  <way id="488941122" version="2" timestamp="2020-01-07T01:36:36Z" changeset="79270740" uid="4650090" user="Axry">
    <nd ref="7113359791"/>
    <nd ref="7113359788"/>
    <nd ref="7113359790"/>
    <nd ref="7113359786"/>
    <nd ref="4812254438"/>
    <nd ref="662998101"/>
    <tag k="highway" v="footway"/>
  </way>
  <way id="488941123" version="1" timestamp="2017-04-23T21:02:18Z" changeset="48072058" uid="5720252" user="mihailpihail">
    <nd ref="4812254438"/>
    <nd ref="4812254440"/>
    <nd ref="4812254439"/>
    <tag k="highway" v="footway"/>
  </way>
  <way id="488941124" version="1" timestamp="2017-04-23T21:02:18Z" changeset="48072058" uid="5720252" user="mihailpihail">
    <nd ref="662998101"/>
    <nd ref="4812254440"/>
    <tag k="highway" v="footway"/>
  </way>
  <way id="488941126" version="3" timestamp="2024-03-02T12:22:58Z" changeset="148129101" uid="363136" user="neo-plan">
    <nd ref="4811908688"/>
    <nd ref="4812254443"/>
    <nd ref="3759904771"/>
    <nd ref="11684393659"/>
    <nd ref="11684576258"/>
    <nd ref="11684393658"/>
    <nd ref="11684393660"/>
    <nd ref="1912738801"/>
    <tag k="highway" v="footway"/>
  </way>
  <way id="491651932" version="4" timestamp="2026-05-18T07:49:59Z" changeset="182816719" uid="363136" user="neo-plan">
    <nd ref="1519221965"/>
    <nd ref="1912738799"/>
    <nd ref="1912738790"/>
    <nd ref="13843663548"/>
    <nd ref="8923658475"/>
    <nd ref="1519221842"/>
    <nd ref="13831560372"/>
    <nd ref="5086301688"/>
    <nd ref="1224522921"/>
    <tag k="highway" v="footway"/>
  </way>
  <way id="522156529" version="1" timestamp="2017-09-07T15:03:16Z" changeset="51815247" uid="467526" user="Gumeg">
    <nd ref="5086301690"/>
    <nd ref="5086301689"/>
    <tag k="highway" v="footway"/>
  </way>
  <way id="522156530" version="3" timestamp="2026-05-18T07:49:59Z" changeset="182816719" uid="363136" user="neo-plan">
    <nd ref="472410609"/>
    <nd ref="4811908710"/>
    <nd ref="472410613"/>
    <nd ref="7113336282"/>
    <nd ref="7113359789"/>
    <nd ref="7113359791"/>
    <nd ref="4278292818"/>
    <nd ref="4812254442"/>
    <nd ref="1519221965"/>
    <nd ref="472410612"/>
    <tag k="highway" v="service"/>
    <tag k="living_street" v="yes"/>
    <tag k="surface" v="asphalt"/>
  </way>
  <way id="556694858" version="2" timestamp="2019-02-17T14:05:52Z" changeset="67280461" uid="4937489" user="Grekmsk">
    <nd ref="5369878343"/>
    <nd ref="6284360112"/>
    <nd ref="6284360109"/>
    <nd ref="5369878340"/>
    <nd ref="5369878341"/>
    <nd ref="5369878342"/>
    <nd ref="5369878343"/>
    <tag k="area:highway" v="footway"/>
  </way>
  <way id="556694859" version="1" timestamp="2018-01-29T09:11:17Z" changeset="55853322" uid="467526" user="Gumeg">
    <nd ref="5369878351"/>
    <nd ref="5369878350"/>
    <nd ref="5369878349"/>
    <nd ref="5369878348"/>
    <nd ref="5369878347"/>
    <nd ref="5369878346"/>
    <nd ref="5369878345"/>
    <nd ref="5369878344"/>
    <nd ref="5369878351"/>
    <tag k="landuse" v="grass"/>
  </way>
  <way id="556694861" version="1" timestamp="2018-01-29T09:11:17Z" changeset="55853322" uid="467526" user="Gumeg">
    <nd ref="5369878373"/>
    <nd ref="5369878372"/>
    <nd ref="5369878371"/>
    <nd ref="5369878370"/>
    <nd ref="5369878367"/>
    <nd ref="5369878369"/>
    <nd ref="5369878368"/>
    <nd ref="5369878373"/>
    <tag k="landuse" v="grass"/>
  </way>
  <way id="556694862" version="2" timestamp="2024-02-29T19:50:35Z" changeset="148068737" uid="363136" user="neo-plan">
    <nd ref="5369878375"/>
    <nd ref="11678038356"/>
    <nd ref="469716566"/>
    <tag k="highway" v="steps"/>
    <tag k="lit" v="no"/>
    <tag k="surface" v="asphalt"/>
  </way>
  <way id="556694865" version="2" timestamp="2018-02-01T08:16:22Z" changeset="55958443" uid="467526" user="Gumeg">
    <nd ref="5369878393"/>
    <nd ref="5369878392"/>
    <nd ref="5369878391"/>
    <nd ref="5369878390"/>
    <nd ref="5377439471"/>
    <tag k="footway" v="sidewalk"/>
    <tag k="highway" v="footway"/>
    <tag k="surface" v="asphalt"/>
  </way>
  <way id="556697300" version="1" timestamp="2018-01-29T09:19:21Z" changeset="55853526" uid="467526" user="Gumeg">
    <nd ref="5369893372"/>
    <nd ref="5369893371"/>
    <tag k="highway" v="footway"/>
  </way>
  <way id="556697315" version="1" timestamp="2018-01-29T09:19:21Z" changeset="55853526" uid="467526" user="Gumeg">
    <nd ref="5369893402"/>
    <nd ref="5369893381"/>
    <tag k="highway" v="footway"/>
  </way>
  <way id="556697322" version="1" timestamp="2018-01-29T09:19:21Z" changeset="55853526" uid="467526" user="Gumeg">
    <nd ref="1029432721"/>
    <nd ref="5369893390"/>
    <nd ref="5369893379"/>
    <nd ref="983341924"/>
    <tag k="highway" v="footway"/>
  </way>
  <way id="556697328" version="3" timestamp="2023-10-30T10:45:21Z" changeset="143358014" uid="18826385" user="MarinaKuzko">
    <nd ref="5369893386"/>
    <nd ref="5369893396"/>
    <nd ref="5369893395"/>
    <nd ref="5369893377"/>
    <nd ref="1890438394"/>
    <nd ref="5369893398"/>
    <nd ref="5369893386"/>
    <tag k="building" v="transportation"/>
    <tag k="building:colour" v="black;grey"/>
    <tag k="building:levels" v="1"/>
    <tag k="building:material" v="glass;metal_plates"/>
    <tag k="roof:colour" v="black;grey"/>
    <tag k="roof:material" v="glass;metal_plates"/>
    <tag k="roof:shape" v="flat"/>
  </way>
  <way id="556710706" version="1" timestamp="2018-01-29T10:12:25Z" changeset="55854652" uid="467526" user="Gumeg">
    <nd ref="5369977499"/>
    <nd ref="5369977498"/>
    <nd ref="5369977497"/>
    <nd ref="5369977496"/>
    <nd ref="5369977495"/>
    <nd ref="5369977494"/>
    <tag k="highway" v="service"/>
    <tag k="service" v="parking_aisle"/>
  </way>
  <way id="556738440" version="1" timestamp="2018-01-29T12:10:28Z" changeset="55857529" uid="467526" user="Gumeg">
    <nd ref="5370190248"/>
    <nd ref="5370185348"/>
    <tag k="highway" v="footway"/>
    <tag k="surface" v="asphalt"/>
  </way>
  <way id="556738443" version="1" timestamp="2018-01-29T12:10:28Z" changeset="55857529" uid="467526" user="Gumeg">
    <nd ref="1890438460"/>
    <nd ref="5370185348"/>
    <tag k="highway" v="footway"/>
    <tag k="layer" v="-1"/>
    <tag k="tunnel" v="yes"/>
  </way>
  <way id="556738466" version="1" timestamp="2018-01-29T12:10:29Z" changeset="55857529" uid="467526" user="Gumeg">
    <nd ref="5370190246"/>
    <nd ref="5370190245"/>
    <tag k="highway" v="footway"/>
    <tag k="surface" v="asphalt"/>
  </way>
  <way id="556738467" version="1" timestamp="2018-01-29T12:10:29Z" changeset="55857529" uid="467526" user="Gumeg">
    <nd ref="5370190249"/>
    <nd ref="5370190246"/>
    <nd ref="5370190247"/>
    <tag k="highway" v="footway"/>
    <tag k="surface" v="asphalt"/>
  </way>
  <way id="556738468" version="2" timestamp="2023-10-30T12:44:02Z" changeset="143363951" uid="18826385" user="MarinaKuzko">
    <nd ref="5370190253"/>
    <nd ref="1890438401"/>
    <nd ref="5370190250"/>
    <nd ref="5370190251"/>
    <nd ref="5370185348"/>
    <nd ref="5370190252"/>
    <nd ref="5370190253"/>
    <tag k="building" v="transportation"/>
    <tag k="building:colour" v="grey"/>
    <tag k="building:levels" v="1"/>
    <tag k="building:material" v="plastic"/>
    <tag k="roof:colour" v="grey"/>
    <tag k="roof:material" v="plastic"/>
    <tag k="roof:shape" v="round"/>
  </way>
  <way id="557580245" version="1" timestamp="2018-02-01T08:16:22Z" changeset="55958443" uid="467526" user="Gumeg">
    <nd ref="5369878390"/>
    <nd ref="4021300254"/>
    <tag k="highway" v="footway"/>
    <tag k="surface" v="asphalt"/>
  </way>
  <way id="590190150" version="2" timestamp="2020-05-11T01:31:06Z" changeset="84992143" uid="334643" user="Steve_32">
    <nd ref="7504953042"/>
    <nd ref="5369977447"/>
    <nd ref="5369977446"/>
    <nd ref="469716620"/>
    <nd ref="469716618"/>
    <nd ref="7504953043"/>
    <nd ref="7504953042"/>
    <tag k="addr:city" v="Москва"/>
    <tag k="addr:housenumber" v="26 к3"/>
    <tag k="addr:postcode" v="111116"/>
    <tag k="addr:street" v="Суздальская улица"/>
    <tag k="building" v="apartments"/>
    <tag k="building:flats" v="110"/>
    <tag k="building:levels" v="14"/>
    <tag k="design:ref" v="П30-4/12"/>
    <tag k="start_date" v="1991"/>
  </way>
  <way id="671087299" version="2" timestamp="2019-02-18T18:47:59Z" changeset="67326321" uid="830106" user="literan">
    <nd ref="6284360109"/>
    <nd ref="6284360110"/>
    <nd ref="6284360111"/>
    <nd ref="6284360112"/>
    <nd ref="6284360109"/>
    <tag k="building" v="yes"/>
    <tag k="leisure" v="bandstand"/>
  </way>
  <way id="671087300" version="2" timestamp="2022-06-05T11:51:57Z" changeset="121973327" uid="830106" user="literan">
    <nd ref="6284360125"/>
    <nd ref="6284360126"/>
    <nd ref="6284360127"/>
    <nd ref="6284360128"/>
    <nd ref="6284360129"/>
    <nd ref="6284360130"/>
    <nd ref="6284360131"/>
    <nd ref="6284360113"/>
    <nd ref="6284360114"/>
    <nd ref="6284360117"/>
    <nd ref="6284360118"/>
    <nd ref="6284360119"/>
    <nd ref="6284360120"/>
    <nd ref="6284360121"/>
    <nd ref="6284360122"/>
    <nd ref="6284360123"/>
    <nd ref="6284360124"/>
    <nd ref="6284360115"/>
    <nd ref="6284360116"/>
    <nd ref="6284360125"/>
    <tag k="attraction" v="carousel"/>
  </way>
  <way id="671087301" version="3" timestamp="2023-10-30T12:44:02Z" changeset="143363951" uid="18826385" user="MarinaKuzko">
    <nd ref="6284360132"/>
    <nd ref="6284360133"/>
    <nd ref="6284360134"/>
    <nd ref="6284360135"/>
    <nd ref="6284360132"/>
    <tag k="building" v="public"/>
    <tag k="building:colour" v="yellow;beige"/>
    <tag k="building:levels" v="2"/>
    <tag k="building:material" v="cement_block"/>
    <tag k="name" v="Замок"/>
    <tag k="roof:angle" v="70"/>
    <tag k="roof:colour" v="orange"/>
    <tag k="roof:material" v="roof_tiles"/>
    <tag k="roof:shape" v="gabled"/>
  </way>
  <way id="671087302" version="3" timestamp="2024-11-13T03:33:05Z" changeset="159074856" uid="564990" user="mavl">
    <nd ref="6284360136"/>
    <nd ref="6284360137"/>
    <nd ref="6284360138"/>
    <nd ref="6284360139"/>
    <nd ref="6284360136"/>
    <tag k="building" v="yes"/>
  </way>
  <way id="671087303" version="3" timestamp="2024-11-13T03:33:00Z" changeset="159074856" uid="564990" user="mavl">
    <nd ref="6284360141"/>
    <nd ref="6284360142"/>
    <nd ref="6284360143"/>
    <nd ref="6284360144"/>
    <nd ref="6284360141"/>
    <tag k="building" v="yes"/>
  </way>
  <way id="671087304" version="3" timestamp="2024-11-13T03:32:27Z" changeset="159074856" uid="564990" user="mavl">
    <nd ref="6284360145"/>
    <nd ref="6284360146"/>
    <nd ref="6284360147"/>
    <nd ref="6284360148"/>
    <nd ref="6284360145"/>
    <tag k="building" v="yes"/>
  </way>
  <way id="671087305" version="3" timestamp="2024-11-13T03:31:32Z" changeset="159074841" uid="564990" user="mavl">
    <nd ref="6284360149"/>
    <nd ref="6284360150"/>
    <nd ref="6284360151"/>
    <nd ref="6284360152"/>
    <nd ref="6284360153"/>
    <nd ref="6284360154"/>
    <nd ref="6284360149"/>
    <tag k="building" v="retail"/>
  </way>
  <way id="761363809" version="1" timestamp="2020-01-07T01:36:36Z" changeset="79270740" uid="4650090" user="Axry">
    <nd ref="7113336270"/>
    <nd ref="7113336279"/>
    <tag k="highway" v="footway"/>
  </way>
  <way id="895194145" version="1" timestamp="2021-01-14T11:39:33Z" changeset="97493155" uid="421938" user="RFuser11">
    <nd ref="1074907474"/>
    <nd ref="8321033348"/>
    <nd ref="1074907592"/>
    <tag k="highway" v="path"/>
  </way>
  <way id="963481738" version="1" timestamp="2021-07-11T21:08:24Z" changeset="107798087" uid="363136" user="neo-plan">
    <nd ref="1912738809"/>
    <nd ref="8912247825"/>
    <nd ref="8912247826"/>
    <nd ref="8912247827"/>
    <nd ref="8912247828"/>
    <tag k="highway" v="footway"/>
  </way>
  <way id="1199995004" version="5" timestamp="2023-08-27T00:37:58Z" changeset="140433249" uid="285369" user="avi32">
    <nd ref="1519222217"/>
    <nd ref="252866937"/>
    <nd ref="10707964444"/>
    <tag k="highway" v="tertiary"/>
    <tag k="lanes" v="3"/>
    <tag k="lit" v="yes"/>
    <tag k="name" v="Городецкая улица"/>
    <tag k="name:uk" v="Городоцька вулиця"/>
    <tag k="oneway" v="yes"/>
    <tag k="postal_code" v="111672"/>
    <tag k="surface" v="asphalt"/>
  </way>
  <way id="1212802920" version="2" timestamp="2023-10-30T10:45:21Z" changeset="143358014" uid="18826385" user="MarinaKuzko">
    <nd ref="11236497825"/>
    <nd ref="11236497826"/>
    <nd ref="11236497832"/>
    <nd ref="11236497827"/>
    <nd ref="11236497831"/>
    <nd ref="11236497829"/>
    <nd ref="11236497828"/>
    <nd ref="11236497830"/>
    <nd ref="11236497825"/>
    <tag k="addr:housenumber" v="вл11"/>
    <tag k="addr:street" v="Городецкая улица"/>
    <tag k="building" v="retail"/>
    <tag k="building:colour" v="yellow;beige"/>
    <tag k="building:levels" v="1"/>
    <tag k="building:material" v="cement_block"/>
    <tag k="roof:angle" v="40"/>
    <tag k="roof:colour" v="orange"/>
    <tag k="roof:material" v="roof_tiles"/>
    <tag k="roof:shape" v="gabled"/>
  </way>
  <way id="1253747737" version="1" timestamp="2024-02-22T20:20:35Z" changeset="147788378" uid="363136" user="neo-plan">
    <nd ref="663002420"/>
    <nd ref="2399445074"/>
    <nd ref="2428197328"/>
    <tag k="footway" v="sidewalk"/>
    <tag k="highway" v="footway"/>
    <tag k="surface" v="asphalt"/>
  </way>
  <way id="1253747738" version="1" timestamp="2024-02-22T20:20:35Z" changeset="147788378" uid="363136" user="neo-plan">
    <nd ref="1029136721"/>
    <nd ref="2428197328"/>
    <tag k="highway" v="service"/>
    <tag k="living_street" v="yes"/>
  </way>
  <way id="1253748931" version="2" timestamp="2024-02-29T20:02:37Z" changeset="148069373" uid="363136" user="neo-plan">
    <nd ref="1080164532"/>
    <nd ref="3817798182"/>
    <nd ref="3817798181"/>
    <nd ref="3817798180"/>
    <nd ref="3817798178"/>
    <nd ref="11678208664"/>
    <nd ref="3817798175"/>
    <tag k="bicycle" v="designated"/>
    <tag k="foot" v="designated"/>
    <tag k="highway" v="cycleway"/>
    <tag k="surface" v="asphalt"/>
  </way>
  <way id="1253748932" version="1" timestamp="2024-02-22T20:26:07Z" changeset="147788532" uid="363136" user="neo-plan">
    <nd ref="3817798177"/>
    <nd ref="995955153"/>
    <tag k="highway" v="footway"/>
    <tag k="living_street" v="yes"/>
  </way>
  <way id="1256171666" version="1" timestamp="2024-02-29T19:50:35Z" changeset="148068737" uid="363136" user="neo-plan">
    <nd ref="3817798177"/>
    <nd ref="11678038357"/>
    <tag k="highway" v="footway"/>
  </way>
  <way id="1256226546" version="1" timestamp="2024-02-29T20:02:37Z" changeset="148069373" uid="363136" user="neo-plan">
    <nd ref="11678208662"/>
    <nd ref="11678208663"/>
    <nd ref="11678208664"/>
    <nd ref="1519222000"/>
    <tag k="highway" v="service"/>
    <tag k="service" v="parking_aisle"/>
  </way>
  <way id="1256851781" version="3" timestamp="2024-07-28T20:07:15Z" changeset="154537206" uid="363136" user="neo-plan">
    <nd ref="1760860263"/>
    <nd ref="11684393668"/>
    <nd ref="2099673040"/>
    <nd ref="1074714482"/>
    <nd ref="10711349475"/>
    <nd ref="252866917"/>
    <nd ref="1025308751"/>
    <nd ref="1519222000"/>
    <nd ref="1025308752"/>
    <nd ref="1025308753"/>
    <nd ref="1519222043"/>
    <nd ref="1519222051"/>
    <nd ref="1519222064"/>
    <tag k="highway" v="tertiary"/>
    <tag k="int_name" v="Novokosinskaya str."/>
    <tag k="lanes" v="6"/>
    <tag k="lit" v="yes"/>
    <tag k="name" v="Новокосинская улица"/>
    <tag k="name:uk" v="Новокосинська вулиця"/>
    <tag k="surface" v="asphalt"/>
  </way>
  <way id="1359538278" version="1" timestamp="2025-02-13T08:25:24Z" changeset="162456625" uid="363136" user="neo-plan">
    <nd ref="3817798174"/>
    <nd ref="1025308751"/>
    <nd ref="3820589176"/>
    <tag k="footway" v="crossing"/>
    <tag k="highway" v="footway"/>
    <tag k="surface" v="asphalt"/>
  </way>
  <way id="1376249838" version="1" timestamp="2025-04-09T20:28:41Z" changeset="164741982" uid="363136" user="neo-plan">
    <nd ref="1590969458"/>
    <nd ref="10805901608"/>
    <nd ref="1074907608"/>
    <nd ref="12742685467"/>
    <tag k="highway" v="tertiary"/>
    <tag k="lanes" v="4"/>
    <tag k="lit" v="yes"/>
    <tag k="name" v="Суздальская улица"/>
    <tag k="name:uk" v="Суздальська вулиця"/>
    <tag k="surface" v="asphalt"/>
  </way>
  <way id="1413959753" version="1" timestamp="2025-07-10T21:25:57Z" changeset="168761907" uid="363136" user="neo-plan">
    <nd ref="12993246458"/>
    <nd ref="12993246459"/>
    <tag k="highway" v="footway"/>
  </way>
  <way id="1516041461" version="1" timestamp="2026-05-18T07:49:59Z" changeset="182816719" uid="363136" user="neo-plan">
    <nd ref="13843663546"/>
    <nd ref="1224522916"/>
    <tag k="highway" v="footway"/>
    <tag k="living_street" v="yes"/>
    <tag k="surface" v="asphalt"/>
  </way>
  <way id="1516041462" version="1" timestamp="2026-05-18T07:49:59Z" changeset="182816719" uid="363136" user="neo-plan">
    <nd ref="1519221975"/>
    <nd ref="983341988"/>
    <nd ref="13843663546"/>
    <tag k="highway" v="steps"/>
    <tag k="surface" v="asphalt"/>
  </way>
  <way id="1516041463" version="1" timestamp="2026-05-18T07:49:59Z" changeset="182816719" uid="363136" user="neo-plan">
    <nd ref="1912738792"/>
    <nd ref="13843663547"/>
    <nd ref="13843663548"/>
    <tag k="highway" v="footway"/>
  </way>
  <relation id="66843" version="36" timestamp="2026-03-26T15:14:34Z" changeset="180459046" uid="363136" user="neo-plan">
    <member type="way" ref="23352913" role=""/>
    <member type="way" ref="132336845" role=""/>
    <member type="way" ref="1256844323" role=""/>
    <member type="way" ref="1256844321" role=""/>
    <member type="way" ref="1256851781" role=""/>
    <member type="way" ref="1304322329" role=""/>
    <member type="way" ref="1256851782" role=""/>
    <member type="way" ref="1304322328" role=""/>
    <member type="way" ref="88261056" role=""/>
    <member type="way" ref="95751563" role=""/>
    <member type="way" ref="104950874" role=""/>
    <member type="way" ref="1256854013" role=""/>
    <member type="way" ref="1256854012" role=""/>
    <member type="way" ref="1256854014" role=""/>
    <member type="way" ref="1256854011" role=""/>
    <member type="way" ref="95751562" role=""/>
    <member type="way" ref="1271823370" role=""/>
    <member type="way" ref="1271823371" role=""/>
    <member type="way" ref="1493119022" role=""/>
    <member type="way" ref="1493119024" role=""/>
    <member type="way" ref="101780232" role=""/>
    <member type="way" ref="405101483" role=""/>
    <member type="way" ref="23352750" role=""/>
    <member type="way" ref="1283390722" role=""/>
    <member type="way" ref="1283390721" role=""/>
    <tag k="name" v="Суздальский проезд"/>
    <tag k="type" v="collection"/>
  </relation>
  <relation id="214764" version="10" timestamp="2023-08-25T13:43:31Z" changeset="140373675" uid="11978982" user="mappinglander">
    <member type="node" ref="345145378" role="via"/>
    <member type="way" ref="39411059" role="to"/>
    <member type="way" ref="128986756" role="from"/>
    <tag k="restriction" v="only_straight_on"/>
    <tag k="type" v="restriction"/>
  </relation>
  <relation id="581046" version="6" timestamp="2023-08-25T13:43:31Z" changeset="140373675" uid="11978982" user="mappinglander">
    <member type="way" ref="23352937" role="from"/>
    <member type="node" ref="252866749" role="via"/>
    <member type="way" ref="24686796" role="to"/>
    <tag k="restriction" v="only_straight_on"/>
    <tag k="type" v="restriction"/>
  </relation>
  <relation id="581280" version="6" timestamp="2023-08-25T13:43:31Z" changeset="140373675" uid="11978982" user="mappinglander">
    <member type="way" ref="38968903" role="from"/>
    <member type="node" ref="303618712" role="via"/>
    <member type="way" ref="27645121" role="to"/>
    <tag k="restriction" v="only_right_turn"/>
    <tag k="type" v="restriction"/>
  </relation>
  <relation id="1255602" version="34" timestamp="2024-10-26T03:29:15Z" changeset="158360690" uid="21501425" user="ollsarks">
    <member type="way" ref="83915979" role="outer"/>
    <member type="way" ref="83915981" role="outer"/>
    <member type="way" ref="906684803" role="outer"/>
    <member type="way" ref="124027306" role="outer"/>
    <member type="way" ref="124028227" role="outer"/>
    <member type="way" ref="966588042" role="outer"/>
    <member type="way" ref="508033669" role="outer"/>
    <member type="node" ref="253849602" role="label"/>
    <tag k="admin_level" v="8"/>
    <tag k="alt_name" v="муниципальный округ Новокосино"/>
    <tag k="boundary" v="administrative"/>
    <tag k="description" v="район — административно-территориальная единица; муниципальный округ — тип муниципального образования (с 1 июля 2012)"/>
    <tag k="name" v="район Новокосино"/>
    <tag k="name:en" v="Novokosino District"/>
    <tag k="name:eo" v="rajono Novokosino"/>
    <tag k="name:ru" v="район Новокосино"/>
    <tag k="name:uk" v="Район Новокосине"/>
    <tag k="official_status" v="ru:внутригородская территория города федерального значения"/>
    <tag k="type" v="boundary"/>
    <tag k="wikidata" v="Q2366748"/>
    <tag k="wikipedia" v="ru:Новокосино (район Москвы)"/>
  </relation>
  <relation id="1376906" version="5" timestamp="2023-08-25T13:43:31Z" changeset="140373675" uid="11978982" user="mappinglander">
    <member type="way" ref="24686799" role="from"/>
    <member type="node" ref="252866749" role="via"/>
    <member type="way" ref="23352937" role="to"/>
    <tag k="restriction" v="only_straight_on"/>
    <tag k="type" v="restriction"/>
  </relation>
  <relation id="1376917" version="8" timestamp="2024-03-02T11:57:05Z" changeset="148128198" uid="363136" user="neo-plan">
    <member type="node" ref="1025308742" role="via"/>
    <member type="way" ref="88261050" role="to"/>
    <member type="way" ref="1256844321" role="from"/>
    <tag k="restriction" v="only_straight_on"/>
    <tag k="type" v="restriction"/>
  </relation>
  <relation id="1376920" version="7" timestamp="2024-03-02T11:57:05Z" changeset="148128198" uid="363136" user="neo-plan">
    <member type="way" ref="88261081" role="from"/>
    <member type="node" ref="1025308742" role="via"/>
    <member type="way" ref="1256844321" role="to"/>
    <tag k="restriction" v="only_straight_on"/>
    <tag k="type" v="restriction"/>
  </relation>
  <relation id="1776442" version="137" timestamp="2026-03-26T15:14:34Z" changeset="180459046" uid="363136" user="neo-plan">
    <member type="node" ref="10711349467" role="stop_entry_only"/>
    <member type="node" ref="449578628" role="platform_entry_only"/>
    <member type="node" ref="10711349461" role="stop"/>
    <member type="node" ref="449578626" role="platform"/>
    <member type="node" ref="10711349470" role="stop"/>
    <member type="node" ref="449578624" role="platform"/>
    <member type="node" ref="983342194" role="stop"/>
    <member type="node" ref="449578622" role="platform"/>
    <member type="node" ref="10711349474" role="stop"/>
    <member type="node" ref="449578619" role="platform"/>
    <member type="node" ref="1025308752" role="stop"/>
    <member type="node" ref="449578617" role="platform"/>
    <member type="node" ref="10707964444" role="stop"/>
    <member type="node" ref="449578614" role="platform"/>
    <member type="node" ref="10707964443" role="stop"/>
    <member type="node" ref="1143989826" role="platform"/>
    <member type="node" ref="10707964442" role="stop"/>
    <member type="node" ref="449578608" role="platform"/>
    <member type="node" ref="10707964441" role="stop"/>
    <member type="node" ref="449578607" role="platform"/>
    <member type="node" ref="10707964439" role="stop"/>
    <member type="node" ref="365202327" role="platform"/>
    <member type="node" ref="10707964438" role="stop"/>
    <member type="node" ref="11257378905" role="platform"/>
    <member type="node" ref="10735897520" role="stop"/>
    <member type="node" ref="663170113" role="platform"/>
    <member type="node" ref="10735897519" role="stop"/>
    <member type="node" ref="663170045" role="platform"/>
    <member type="node" ref="10710817196" role="stop"/>
    <member type="node" ref="477227746" role="platform"/>
    <member type="node" ref="10736008150" role="stop"/>
    <member type="node" ref="992198405" role="platform"/>
    <member type="node" ref="10713036461" role="stop"/>
    <member type="node" ref="533754463" role="platform"/>
    <member type="way" ref="132329942" role=""/>
    <member type="way" ref="1370317707" role=""/>
    <member type="way" ref="101780232" role=""/>
    <member type="way" ref="1493119024" role=""/>
    <member type="way" ref="1493119022" role=""/>
    <member type="way" ref="1271823371" role=""/>
    <member type="way" ref="1271823370" role=""/>
    <member type="way" ref="95751562" role=""/>
    <member type="way" ref="1256854011" role=""/>
    <member type="way" ref="1256854014" role=""/>
    <member type="way" ref="1256854012" role=""/>
    <member type="way" ref="1256854013" role=""/>
    <member type="way" ref="104950874" role=""/>
    <member type="way" ref="95751563" role=""/>
    <member type="way" ref="88261056" role=""/>
    <member type="way" ref="1304322328" role=""/>
    <member type="way" ref="1256851782" role=""/>
    <member type="way" ref="1304322329" role=""/>
    <member type="way" ref="1256851781" role=""/>
    <member type="way" ref="88261063" role=""/>
    <member type="way" ref="132329938" role=""/>
    <member type="way" ref="132329904" role=""/>
    <member type="way" ref="84651249" role=""/>
    <member type="way" ref="132329913" role=""/>
    <member type="way" ref="138545288" role=""/>
    <member type="way" ref="1199995004" role=""/>
    <member type="way" ref="84651206" role=""/>
    <member type="way" ref="132334430" role=""/>
    <member type="way" ref="103164399" role=""/>
    <member type="way" ref="739941636" role=""/>
    <member type="way" ref="100024135" role=""/>
    <member type="way" ref="1161851063" role=""/>
    <member type="way" ref="104686524" role=""/>
    <member type="way" ref="90883375" role=""/>
    <member type="way" ref="1161851062" role=""/>
    <member type="way" ref="93336547" role=""/>
    <member type="way" ref="93336544" role=""/>
    <member type="way" ref="93336543" role=""/>
    <member type="way" ref="489853292" role=""/>
    <member type="way" ref="100654328" role=""/>
    <member type="way" ref="960668798" role=""/>
    <member type="way" ref="906685378" role=""/>
    <member type="way" ref="960668196" role=""/>
    <member type="way" ref="906684808" role=""/>
    <member type="way" ref="906684802" role=""/>
    <member type="way" ref="906694720" role=""/>
    <member type="way" ref="906684805" role=""/>
    <member type="way" ref="906684806" role=""/>
    <member type="way" ref="906684804" role=""/>
    <member type="way" ref="86023071" role=""/>
    <member type="way" ref="413470484" role=""/>
    <member type="way" ref="31228436" role=""/>
    <member type="way" ref="1176386134" role=""/>
    <member type="way" ref="76727522" role=""/>
    <member type="way" ref="1176386133" role=""/>
    <member type="way" ref="997796230" role=""/>
    <member type="way" ref="1154373499" role=""/>
    <member type="way" ref="1154373498" role=""/>
    <member type="way" ref="1011324088" role=""/>
    <member type="way" ref="165466993" role=""/>
    <member type="way" ref="1083720893" role=""/>
    <member type="way" ref="1083720895" role=""/>
    <member type="way" ref="157630705" role=""/>
    <member type="way" ref="83600646" role=""/>
    <member type="way" ref="132329880" role=""/>
    <member type="way" ref="23351599" role=""/>
    <member type="way" ref="28404620" role=""/>
    <member type="way" ref="50722604" role=""/>
    <member type="way" ref="56758943" role=""/>
    <member type="way" ref="997796735" role=""/>
    <member type="way" ref="130533801" role=""/>
    <member type="way" ref="173527811" role=""/>
    <member type="way" ref="39044992" role=""/>
    <member type="way" ref="130533802" role=""/>
    <member type="way" ref="157630743" role=""/>
    <member type="way" ref="131487711" role=""/>
    <member type="way" ref="23289139" role=""/>
    <member type="way" ref="39044984" role=""/>
    <member type="way" ref="37978832" role=""/>
    <member type="way" ref="682051069" role=""/>
    <member type="way" ref="142019246" role=""/>
    <tag k="air_conditioning" v="yes"/>
    <tag k="bicycle" v="yes"/>
    <tag k="blind" v="limited"/>
    <tag k="bus_class:length" v="4"/>
    <tag k="charge:all-in-one" v="90 RUB"/>
    <tag k="charge:cards" v="83 RUB"/>
    <tag k="charge:sbp" v="83 RUB"/>
    <tag k="charge:troika" v="75 RUB"/>
    <tag k="charge:troika_qr" v="75 RUB"/>
    <tag k="check_date" v="2023-03-14"/>
    <tag k="colour" v="#ff9ad2"/>
    <tag k="deaf" v="yes"/>
    <tag k="description" v="Маршрут обслуживается электробусами"/>
    <tag k="electric_bus" v="yes"/>
    <tag k="electric_bus:type" v="OC"/>
    <tag k="fee" v="yes"/>
    <tag k="fine:ticketless" v="5000 RUB"/>
    <tag k="from" v="3-й микрорайон Новокосина"/>
    <tag k="name" v="Автобус 21: 3-й микрорайон Новокосина =&gt; Метро «Новогиреево»"/>
    <tag k="name:uk" v="Автобус 21: 3-й мікрорайон Новокосина =&gt; Метро «Новогіреєво»"/>
    <tag k="network" v="Московский транспорт"/>
    <tag k="operator" v="ГУП «Мосгортранс»"/>
    <tag k="payment:cards" v="yes"/>
    <tag k="payment:cash" v="no"/>
    <tag k="payment:contactless" v="yes"/>
    <tag k="payment:maestro" v="no"/>
    <tag k="payment:mastercard" v="no"/>
    <tag k="payment:mir" v="yes"/>
    <tag k="payment:nfc" v="yes"/>
    <tag k="payment:podorozhnik" v="no"/>
    <tag k="payment:sbp" v="yes"/>
    <tag k="payment:social_cards" v="yes"/>
    <tag k="payment:strelka" v="no"/>
    <tag k="payment:troika" v="yes"/>
    <tag k="payment:visa" v="no"/>
    <tag k="public_transport:version" v="2"/>
    <tag k="ref" v="21"/>
    <tag k="route" v="bus"/>
    <tag k="source" v="Реестр маршрутов города Москвы"/>
    <tag k="source:description" v="https://mosgortrans.ru/electrobus/map/"/>
    <tag k="to" v="Метро «Новогиреево»"/>
    <tag k="type" v="route"/>
    <tag k="website" v="https://transport.mos.ru/transport/schedule/route/141501956"/>
    <tag k="wheelchair" v="yes"/>
  </relation>
  <relation id="1776443" version="115" timestamp="2026-06-19T14:48:50Z" changeset="184319608" uid="23926472" user="Максим Баранаускас">
    <member type="node" ref="10713036461" role="stop"/>
    <member type="node" ref="533754463" role="platform"/>
    <member type="node" ref="376309444" role="stop"/>
    <member type="node" ref="533754548" role="platform"/>
    <member type="node" ref="923113109" role="stop"/>
    <member type="node" ref="923113118" role="platform"/>
    <member type="node" ref="10736008149" role="stop"/>
    <member type="node" ref="663169584" role="platform"/>
    <member type="node" ref="10735897518" role="stop"/>
    <member type="node" ref="663169965" role="platform"/>
    <member type="node" ref="10735897521" role="stop"/>
    <member type="node" ref="663170098" role="platform"/>
    <member type="node" ref="254607468" role="stop"/>
    <member type="node" ref="262309464" role="platform"/>
    <member type="node" ref="1654691092" role="stop"/>
    <member type="node" ref="365202325" role="platform"/>
    <member type="node" ref="10707964440" role="stop"/>
    <member type="node" ref="449578605" role="platform"/>
    <member type="node" ref="10707996642" role="stop"/>
    <member type="node" ref="449578609" role="platform"/>
    <member type="node" ref="4241842116" role="stop"/>
    <member type="node" ref="449578611" role="platform"/>
    <member type="node" ref="10711349475" role="stop"/>
    <member type="node" ref="449578615" role="platform"/>
    <member type="node" ref="10711349473" role="stop"/>
    <member type="node" ref="449578618" role="platform"/>
    <member type="node" ref="10711349471" role="stop"/>
    <member type="node" ref="449578620" role="platform"/>
    <member type="node" ref="10711349469" role="stop"/>
    <member type="node" ref="449578623" role="platform"/>
    <member type="node" ref="10711349468" role="stop_exit_only"/>
    <member type="node" ref="449578625" role="platform_exit_only"/>
    <member type="way" ref="1154385722" role=""/>
    <member type="way" ref="1370317697" role=""/>
    <member type="way" ref="142019245" role=""/>
    <member type="way" ref="132334431" role=""/>
    <member type="way" ref="61219993" role=""/>
    <member type="way" ref="1370317699" role=""/>
    <member type="way" ref="1154389644" role=""/>
    <member type="way" ref="132329884" role=""/>
    <member type="way" ref="1370317698" role=""/>
    <member type="way" ref="1176386128" role=""/>
    <member type="way" ref="1530856470" role=""/>
    <member type="way" ref="83009692" role=""/>
    <member type="way" ref="1176386130" role=""/>
    <member type="way" ref="83009671" role=""/>
    <member type="way" ref="78780377" role=""/>
    <member type="way" ref="130533800" role=""/>
    <member type="way" ref="132418508" role=""/>
    <member type="way" ref="37972816" role=""/>
    <member type="way" ref="23351605" role=""/>
    <member type="way" ref="23351644" role=""/>
    <member type="way" ref="23351668" role=""/>
    <member type="way" ref="1083720894" role=""/>
    <member type="way" ref="1083720893" role=""/>
    <member type="way" ref="165466993" role=""/>
    <member type="way" ref="1011324088" role=""/>
    <member type="way" ref="1154373498" role=""/>
    <member type="way" ref="1154373499" role=""/>
    <member type="way" ref="997796230" role=""/>
    <member type="way" ref="1176386133" role=""/>
    <member type="way" ref="75844958" role=""/>
    <member type="way" ref="31228461" role=""/>
    <member type="way" ref="1176386131" role=""/>
    <member type="way" ref="114447343" role=""/>
    <member type="way" ref="1039835570" role=""/>
    <member type="way" ref="1039715763" role=""/>
    <member type="way" ref="23510288" role=""/>
    <member type="way" ref="165467003" role=""/>
    <member type="way" ref="180704433" role=""/>
    <member type="way" ref="861178747" role=""/>
    <member type="way" ref="165467002" role=""/>
    <member type="way" ref="23215795" role=""/>
    <member type="way" ref="502194662" role=""/>
    <member type="way" ref="100654340" role=""/>
    <member type="way" ref="960668196" role=""/>
    <member type="way" ref="906685378" role=""/>
    <member type="way" ref="960668798" role=""/>
    <member type="way" ref="100654328" role=""/>
    <member type="way" ref="489853292" role=""/>
    <member type="way" ref="93336543" role=""/>
    <member type="way" ref="93336544" role=""/>
    <member type="way" ref="93336547" role=""/>
    <member type="way" ref="1161851062" role=""/>
    <member type="way" ref="90883375" role=""/>
    <member type="way" ref="133171830" role=""/>
    <member type="way" ref="88261066" role=""/>
    <member type="way" ref="424807652" role=""/>
    <member type="way" ref="138545299" role=""/>
    <member type="way" ref="1256851781" role=""/>
    <member type="way" ref="1304322329" role=""/>
    <member type="way" ref="1256851782" role=""/>
    <member type="way" ref="1304322328" role=""/>
    <member type="way" ref="88261056" role=""/>
    <member type="way" ref="95751563" role=""/>
    <member type="way" ref="104950874" role=""/>
    <member type="way" ref="1256854013" role=""/>
    <member type="way" ref="1256854012" role=""/>
    <member type="way" ref="1256854014" role=""/>
    <member type="way" ref="1256854011" role=""/>
    <member type="way" ref="95751562" role=""/>
    <member type="way" ref="1271823370" role=""/>
    <member type="way" ref="1271823371" role=""/>
    <member type="way" ref="1493119022" role=""/>
    <member type="way" ref="1493119024" role=""/>
    <member type="way" ref="101780232" role=""/>
    <member type="way" ref="1370317707" role=""/>
    <tag k="air_conditioning" v="yes"/>
    <tag k="bicycle" v="yes"/>
    <tag k="blind" v="limited"/>
    <tag k="bus_class:length" v="4"/>
    <tag k="charge:all-in-one" v="90 RUB"/>
    <tag k="charge:cards" v="83 RUB"/>
    <tag k="charge:sbp" v="83 RUB"/>
    <tag k="charge:troika" v="75 RUB"/>
    <tag k="charge:troika_qr" v="75 RUB"/>
    <tag k="check_date" v="2023-03-14"/>
    <tag k="colour" v="#ff9ad2"/>
    <tag k="deaf" v="yes"/>
    <tag k="description" v="Маршрут обслуживается электробусами"/>
    <tag k="electric_bus" v="yes"/>
    <tag k="electric_bus:type" v="OC"/>
    <tag k="fee" v="yes"/>
    <tag k="fine:ticketless" v="5000 RUB"/>
    <tag k="from" v="Метро «Новогиреево»"/>
    <tag k="name" v="Автобус 21: Метро «Новогиреево» =&gt; Улица Николая Старостина"/>
    <tag k="network" v="Московский транспорт"/>
    <tag k="operator" v="ГУП «Мосгортранс»"/>
    <tag k="payment:cards" v="yes"/>
    <tag k="payment:cash" v="no"/>
    <tag k="payment:contactless" v="yes"/>
    <tag k="payment:maestro" v="no"/>
    <tag k="payment:mastercard" v="no"/>
    <tag k="payment:mir" v="yes"/>
    <tag k="payment:nfc" v="yes"/>
    <tag k="payment:podorozhnik" v="no"/>
    <tag k="payment:sbp" v="yes"/>
    <tag k="payment:social_cards" v="yes"/>
    <tag k="payment:strelka" v="no"/>
    <tag k="payment:troika" v="yes"/>
    <tag k="payment:visa" v="no"/>
    <tag k="public_transport:version" v="2"/>
    <tag k="ref" v="21"/>
    <tag k="route" v="bus"/>
    <tag k="source" v="Реестр маршрутов города Москвы"/>
    <tag k="source:description" v="https://mosgortrans.ru/electrobus/map/"/>
    <tag k="to" v="Улица Николая Старостина"/>
    <tag k="type" v="route"/>
    <tag k="website" v="https://transport.mos.ru/transport/schedule/route/141501956"/>
    <tag k="wheelchair" v="yes"/>
  </relation>
  <relation id="1776497" version="122" timestamp="2026-06-19T14:48:50Z" changeset="184319608" uid="23926472" user="Максим Баранаускас">
    <member type="node" ref="5964914253" role="stop_entry_only"/>
    <member type="node" ref="472140878" role="platform_entry_only"/>
    <member type="node" ref="10710735242" role="stop"/>
    <member type="node" ref="1379359044" role="platform"/>
    <member type="node" ref="1028951353" role="stop"/>
    <member type="node" ref="11711851728" role="platform"/>
    <member type="node" ref="10707996640" role="stop"/>
    <member type="node" ref="1108849441" role="platform"/>
    <member type="node" ref="10707996639" role="stop"/>
    <member type="node" ref="1478104597" role="platform"/>
    <member type="node" ref="5405362945" role="stop"/>
    <member type="node" ref="1446621037" role="platform"/>
    <member type="node" ref="376309444" role="stop"/>
    <member type="node" ref="533754548" role="platform"/>
    <member type="node" ref="923113109" role="stop"/>
    <member type="node" ref="923113118" role="platform"/>
    <member type="node" ref="10707964428" role="stop"/>
    <member type="node" ref="365201582" role="platform"/>
    <member type="node" ref="10707964430" role="stop"/>
    <member type="node" ref="365197727" role="platform"/>
    <member type="node" ref="10707964431" role="stop"/>
    <member type="node" ref="1455929566" role="platform"/>
    <member type="node" ref="10707964433" role="stop"/>
    <member type="node" ref="365202331" role="platform"/>
    <member type="node" ref="1654691092" role="stop"/>
    <member type="node" ref="365202325" role="platform"/>
    <member type="node" ref="10707964440" role="stop"/>
    <member type="node" ref="449578605" role="platform"/>
    <member type="node" ref="10707996642" role="stop"/>
    <member type="node" ref="449578609" role="platform"/>
    <member type="node" ref="4241842116" role="stop"/>
    <member type="node" ref="449578611" role="platform"/>
    <member type="node" ref="10711349475" role="stop"/>
    <member type="node" ref="449578615" role="platform"/>
    <member type="node" ref="10711349473" role="stop"/>
    <member type="node" ref="449578618" role="platform"/>
    <member type="node" ref="10711349471" role="stop"/>
    <member type="node" ref="449578620" role="platform"/>
    <member type="node" ref="10711349469" role="stop"/>
    <member type="node" ref="449578623" role="platform"/>
    <member type="node" ref="10711349468" role="stop_exit_only"/>
    <member type="node" ref="449578625" role="platform_exit_only"/>
    <member type="way" ref="1156563131" role=""/>
    <member type="way" ref="1151380593" role=""/>
    <member type="way" ref="39898928" role=""/>
    <member type="way" ref="93642224" role=""/>
    <member type="way" ref="78782629" role=""/>
    <member type="way" ref="47424897" role=""/>
    <member type="way" ref="1317255464" role=""/>
    <member type="way" ref="1317255463" role=""/>
    <member type="way" ref="23536690" role=""/>
    <member type="way" ref="50722609" role=""/>
    <member type="way" ref="40490743" role=""/>
    <member type="way" ref="50722610" role=""/>
    <member type="way" ref="369381631" role=""/>
    <member type="way" ref="40958373" role=""/>
    <member type="way" ref="40958372" role=""/>
    <member type="way" ref="47424896" role=""/>
    <member type="way" ref="850430612" role=""/>
    <member type="way" ref="40958370" role=""/>
    <member type="way" ref="37761442" role=""/>
    <member type="way" ref="40130121" role=""/>
    <member type="way" ref="40130119" role=""/>
    <member type="way" ref="1215872443" role=""/>
    <member type="way" ref="1215872442" role=""/>
    <member type="way" ref="1218669996" role=""/>
    <member type="way" ref="40130118" role=""/>
    <member type="way" ref="1164894955" role=""/>
    <member type="way" ref="61219989" role=""/>
    <member type="way" ref="78780361" role=""/>
    <member type="way" ref="61219997" role=""/>
    <member type="way" ref="61219993" role=""/>
    <member type="way" ref="1370317699" role=""/>
    <member type="way" ref="1154389644" role=""/>
    <member type="way" ref="132329884" role=""/>
    <member type="way" ref="1370317698" role=""/>
    <member type="way" ref="1176386128" role=""/>
    <member type="way" ref="1530856470" role=""/>
    <member type="way" ref="83009692" role=""/>
    <member type="way" ref="1176386130" role=""/>
    <member type="way" ref="83009671" role=""/>
    <member type="way" ref="78780377" role=""/>
    <member type="way" ref="130533800" role=""/>
    <member type="way" ref="132418508" role=""/>
    <member type="way" ref="37972816" role=""/>
    <member type="way" ref="23351605" role=""/>
    <member type="way" ref="132329883" role=""/>
    <member type="way" ref="132418506" role=""/>
    <member type="way" ref="132418507" role=""/>
    <member type="way" ref="1176386169" role=""/>
    <member type="way" ref="1176386168" role=""/>
    <member type="way" ref="55936492" role=""/>
    <member type="way" ref="1423711114" role=""/>
    <member type="way" ref="88055245" role=""/>
    <member type="way" ref="85794214" role=""/>
    <member type="way" ref="93338684" role=""/>
    <member type="way" ref="132334437" role=""/>
    <member type="way" ref="88055228" role=""/>
    <member type="way" ref="88055253" role=""/>
    <member type="way" ref="157630751" role=""/>
    <member type="way" ref="1428143902" role=""/>
    <member type="way" ref="1428143905" role=""/>
    <member type="way" ref="1428143904" role=""/>
    <member type="way" ref="1428143903" role=""/>
    <member type="way" ref="116674919" role=""/>
    <member type="way" ref="111513703" role=""/>
    <member type="way" ref="1039715763" role=""/>
    <member type="way" ref="23510288" role=""/>
    <member type="way" ref="165467003" role=""/>
    <member type="way" ref="180704433" role=""/>
    <member type="way" ref="861178747" role=""/>
    <member type="way" ref="165467002" role=""/>
    <member type="way" ref="23215795" role=""/>
    <member type="way" ref="502194662" role=""/>
    <member type="way" ref="100654340" role=""/>
    <member type="way" ref="960668196" role=""/>
    <member type="way" ref="906685378" role=""/>
    <member type="way" ref="960668798" role=""/>
    <member type="way" ref="100654328" role=""/>
    <member type="way" ref="489853292" role=""/>
    <member type="way" ref="93336543" role=""/>
    <member type="way" ref="93336544" role=""/>
    <member type="way" ref="93336547" role=""/>
    <member type="way" ref="1161851062" role=""/>
    <member type="way" ref="90883375" role=""/>
    <member type="way" ref="133171830" role=""/>
    <member type="way" ref="88261066" role=""/>
    <member type="way" ref="424807652" role=""/>
    <member type="way" ref="138545299" role=""/>
    <member type="way" ref="1256851781" role=""/>
    <member type="way" ref="1304322329" role=""/>
    <member type="way" ref="1256851782" role=""/>
    <member type="way" ref="1304322328" role=""/>
    <member type="way" ref="88261056" role=""/>
    <member type="way" ref="95751563" role=""/>
    <member type="way" ref="104950874" role=""/>
    <member type="way" ref="1256854013" role=""/>
    <member type="way" ref="1256854012" role=""/>
    <member type="way" ref="1256854014" role=""/>
    <member type="way" ref="1256854011" role=""/>
    <member type="way" ref="95751562" role=""/>
    <member type="way" ref="1271823370" role=""/>
    <member type="way" ref="1271823371" role=""/>
    <member type="way" ref="1493119022" role=""/>
    <member type="way" ref="1493119024" role=""/>
    <member type="way" ref="101780232" role=""/>
    <member type="way" ref="1370317707" role=""/>
    <tag k="air_conditioning" v="yes"/>
    <tag k="bicycle" v="yes"/>
    <tag k="blind" v="limited"/>
    <tag k="bus_class:length" v="4"/>
    <tag k="charge:all-in-one" v="90 RUB"/>
    <tag k="charge:cards" v="83 RUB"/>
    <tag k="charge:sbp" v="83 RUB"/>
    <tag k="charge:troika" v="75 RUB"/>
    <tag k="charge:troika_qr" v="75 RUB"/>
    <tag k="check_date" v="2023-03-05"/>
    <tag k="colour" v="#c2e6ff"/>
    <tag k="deaf" v="yes"/>
    <tag k="description" v="Маршрут обслуживается электробусами"/>
    <tag k="electric_bus" v="yes"/>
    <tag k="electric_bus:type" v="OC"/>
    <tag k="fee" v="yes"/>
    <tag k="fine:ticketless" v="5000 RUB"/>
    <tag k="from" v="Ивановское"/>
    <tag k="name" v="Автобус 635: Ивановское =&gt; Улица Николая Старостина"/>
    <tag k="network" v="Московский транспорт"/>
    <tag k="operator" v="ГУП «Мосгортранс»"/>
    <tag k="payment:cards" v="yes"/>
    <tag k="payment:cash" v="no"/>
    <tag k="payment:contactless" v="yes"/>
    <tag k="payment:maestro" v="no"/>
    <tag k="payment:mastercard" v="no"/>
    <tag k="payment:mir" v="yes"/>
    <tag k="payment:nfc" v="yes"/>
    <tag k="payment:podorozhnik" v="no"/>
    <tag k="payment:sbp" v="yes"/>
    <tag k="payment:social_cards" v="yes"/>
    <tag k="payment:strelka" v="no"/>
    <tag k="payment:troika" v="yes"/>
    <tag k="payment:visa" v="no"/>
    <tag k="public_transport:version" v="2"/>
    <tag k="ref" v="635"/>
    <tag k="route" v="bus"/>
    <tag k="source" v="Реестр маршрутов города Москвы"/>
    <tag k="source:description" v="https://mosgortrans.ru/electrobus/map/"/>
    <tag k="to" v="Улица Николая Старостина"/>
    <tag k="type" v="route"/>
    <tag k="website" v="https://transport.mos.ru/transport/schedule/route/141504010"/>
    <tag k="wheelchair" v="yes"/>
  </relation>
  <relation id="1776498" version="151" timestamp="2026-06-19T14:44:49Z" changeset="184319444" uid="23926472" user="Максим Баранаускас">
    <member type="node" ref="10711349467" role="stop_entry_only"/>
    <member type="node" ref="449578628" role="platform_entry_only"/>
    <member type="node" ref="10711349461" role="stop"/>
    <member type="node" ref="449578626" role="platform"/>
    <member type="node" ref="10711349470" role="stop"/>
    <member type="node" ref="449578624" role="platform"/>
    <member type="node" ref="983342194" role="stop"/>
    <member type="node" ref="449578622" role="platform"/>
    <member type="node" ref="10711349474" role="stop"/>
    <member type="node" ref="449578619" role="platform"/>
    <member type="node" ref="1025308752" role="stop"/>
    <member type="node" ref="449578617" role="platform"/>
    <member type="node" ref="10707964444" role="stop"/>
    <member type="node" ref="449578614" role="platform"/>
    <member type="node" ref="10707964443" role="stop"/>
    <member type="node" ref="1143989826" role="platform"/>
    <member type="node" ref="10707964442" role="stop"/>
    <member type="node" ref="449578608" role="platform"/>
    <member type="node" ref="10707964441" role="stop"/>
    <member type="node" ref="449578607" role="platform"/>
    <member type="node" ref="10707964439" role="stop"/>
    <member type="node" ref="365202327" role="platform"/>
    <member type="node" ref="10707964434" role="stop"/>
    <member type="node" ref="365202330" role="platform"/>
    <member type="node" ref="10707964432" role="stop"/>
    <member type="node" ref="1455929569" role="platform"/>
    <member type="node" ref="10707964429" role="stop"/>
    <member type="node" ref="365197725" role="platform"/>
    <member type="node" ref="10707964427" role="stop"/>
    <member type="node" ref="365201579" role="platform"/>
    <member type="node" ref="922792548" role="stop"/>
    <member type="node" ref="433258865" role="platform"/>
    <member type="node" ref="376309520" role="stop"/>
    <member type="node" ref="661052692" role="platform"/>
    <member type="node" ref="1028951263" role="stop"/>
    <member type="node" ref="477227697" role="platform"/>
    <member type="node" ref="10707996643" role="stop"/>
    <member type="node" ref="1446621049" role="platform"/>
    <member type="node" ref="1028951343" role="stop"/>
    <member type="node" ref="492143606" role="platform"/>
    <member type="node" ref="1028951271" role="stop"/>
    <member type="node" ref="12544400504" role="platform"/>
    <member type="node" ref="478952809" role="stop"/>
    <member type="node" ref="1107503651" role="platform"/>
    <member type="node" ref="10710735243" role="stop"/>
    <member type="node" ref="1447886394" role="platform"/>
    <member type="node" ref="10710735241" role="stop"/>
    <member type="node" ref="922792555" role="platform"/>
    <member type="node" ref="1315950098" role="stop_exit_only"/>
    <member type="node" ref="737590421" role="platform_exit_only"/>
    <member type="way" ref="132329942" role=""/>
    <member type="way" ref="1370317707" role=""/>
    <member type="way" ref="101780232" role=""/>
    <member type="way" ref="1493119024" role=""/>
    <member type="way" ref="1493119022" role=""/>
    <member type="way" ref="1271823371" role=""/>
    <member type="way" ref="1271823370" role=""/>
    <member type="way" ref="95751562" role=""/>
    <member type="way" ref="1256854011" role=""/>
    <member type="way" ref="1256854014" role=""/>
    <member type="way" ref="1256854012" role=""/>
    <member type="way" ref="1256854013" role=""/>
    <member type="way" ref="104950874" role=""/>
    <member type="way" ref="95751563" role=""/>
    <member type="way" ref="88261056" role=""/>
    <member type="way" ref="1304322328" role=""/>
    <member type="way" ref="1256851782" role=""/>
    <member type="way" ref="1304322329" role=""/>
    <member type="way" ref="1256851781" role=""/>
    <member type="way" ref="88261063" role=""/>
    <member type="way" ref="132329938" role=""/>
    <member type="way" ref="132329904" role=""/>
    <member type="way" ref="84651249" role=""/>
    <member type="way" ref="132329913" role=""/>
    <member type="way" ref="138545288" role=""/>
    <member type="way" ref="1199995004" role=""/>
    <member type="way" ref="84651206" role=""/>
    <member type="way" ref="132334430" role=""/>
    <member type="way" ref="103164399" role=""/>
    <member type="way" ref="739941636" role=""/>
    <member type="way" ref="100024135" role=""/>
    <member type="way" ref="1161851063" role=""/>
    <member type="way" ref="104686524" role=""/>
    <member type="way" ref="90883375" role=""/>
    <member type="way" ref="1161851062" role=""/>
    <member type="way" ref="93336547" role=""/>
    <member type="way" ref="93336544" role=""/>
    <member type="way" ref="93336543" role=""/>
    <member type="way" ref="489853292" role=""/>
    <member type="way" ref="100654328" role=""/>
    <member type="way" ref="960668798" role=""/>
    <member type="way" ref="906685378" role=""/>
    <member type="way" ref="960668196" role=""/>
    <member type="way" ref="906684808" role=""/>
    <member type="way" ref="906684802" role=""/>
    <member type="way" ref="906694720" role=""/>
    <member type="way" ref="906684805" role=""/>
    <member type="way" ref="906684806" role=""/>
    <member type="way" ref="906684804" role=""/>
    <member type="way" ref="86023071" role=""/>
    <member type="way" ref="413470484" role=""/>
    <member type="way" ref="86023069" role=""/>
    <member type="way" ref="1482544719" role=""/>
    <member type="way" ref="114447341" role=""/>
    <member type="way" ref="116674919" role=""/>
    <member type="way" ref="1428143903" role=""/>
    <member type="way" ref="1428143904" role=""/>
    <member type="way" ref="1428143905" role=""/>
    <member type="way" ref="1428143902" role=""/>
    <member type="way" ref="157630751" role=""/>
    <member type="way" ref="86023816" role=""/>
    <member type="way" ref="1176386167" role=""/>
    <member type="way" ref="88055235" role=""/>
    <member type="way" ref="1176386171" role=""/>
    <member type="way" ref="627985284" role=""/>
    <member type="way" ref="37760692" role=""/>
    <member type="way" ref="132329880" role=""/>
    <member type="way" ref="23351599" role=""/>
    <member type="way" ref="28404620" role=""/>
    <member type="way" ref="56758936" role=""/>
    <member type="way" ref="130533799" role=""/>
    <member type="way" ref="78699241" role=""/>
    <member type="way" ref="83009670" role=""/>
    <member type="way" ref="1176386129" role=""/>
    <member type="way" ref="1530855908" role=""/>
    <member type="way" ref="83009691" role=""/>
    <member type="way" ref="78699236" role=""/>
    <member type="way" ref="1154389643" role=""/>
    <member type="way" ref="132329887" role=""/>
    <member type="way" ref="40490734" role=""/>
    <member type="way" ref="40490733" role=""/>
    <member type="way" ref="78780387" role=""/>
    <member type="way" ref="1164894956" role=""/>
    <member type="way" ref="93868251" role=""/>
    <member type="way" ref="1164894955" role=""/>
    <member type="way" ref="40130118" role=""/>
    <member type="way" ref="1218669996" role=""/>
    <member type="way" ref="1215872442" role=""/>
    <member type="way" ref="1215872443" role=""/>
    <member type="way" ref="40130119" role=""/>
    <member type="way" ref="40130121" role=""/>
    <member type="way" ref="37761442" role=""/>
    <member type="way" ref="40958370" role=""/>
    <member type="way" ref="850430612" role=""/>
    <member type="way" ref="47424896" role=""/>
    <member type="way" ref="40958372" role=""/>
    <member type="way" ref="23536706" role=""/>
    <member type="way" ref="610560062" role=""/>
    <member type="way" ref="50722612" role=""/>
    <member type="way" ref="23536698" role=""/>
    <member type="way" ref="1317255463" role=""/>
    <member type="way" ref="1317255464" role=""/>
    <member type="way" ref="47424897" role=""/>
    <member type="way" ref="165467012" role=""/>
    <member type="way" ref="78780416" role=""/>
    <member type="way" ref="78780391" role=""/>
    <member type="way" ref="78699264" role=""/>
    <member type="way" ref="93642219" role=""/>
    <member type="way" ref="1151380593" role=""/>
    <member type="way" ref="1156563131" role=""/>
    <member type="way" ref="78780437" role=""/>
    <tag k="air_conditioning" v="yes"/>
    <tag k="bicycle" v="yes"/>
    <tag k="blind" v="limited"/>
    <tag k="bus_class:length" v="4"/>
    <tag k="charge:all-in-one" v="90 RUB"/>
    <tag k="charge:cards" v="83 RUB"/>
    <tag k="charge:sbp" v="83 RUB"/>
    <tag k="charge:troika" v="75 RUB"/>
    <tag k="charge:troika_qr" v="75 RUB"/>
    <tag k="check_date" v="2023-03-05"/>
    <tag k="colour" v="#c2e6ff"/>
    <tag k="deaf" v="yes"/>
    <tag k="description" v="Маршрут обслуживается электробусами"/>
    <tag k="electric_bus" v="yes"/>
    <tag k="electric_bus:type" v="OC"/>
    <tag k="fee" v="yes"/>
    <tag k="fine:ticketless" v="5000 RUB"/>
    <tag k="from" v="3-й микрорайон Новокосина"/>
    <tag k="name" v="Автобус 635: 3-й микрорайон Новокосина =&gt; Ивановское"/>
    <tag k="network" v="Московский транспорт"/>
    <tag k="operator" v="ГУП «Мосгортранс»"/>
    <tag k="payment:cards" v="yes"/>
    <tag k="payment:cash" v="no"/>
    <tag k="payment:contactless" v="yes"/>
    <tag k="payment:maestro" v="no"/>
    <tag k="payment:mastercard" v="no"/>
    <tag k="payment:mir" v="yes"/>
    <tag k="payment:nfc" v="yes"/>
    <tag k="payment:podorozhnik" v="no"/>
    <tag k="payment:sbp" v="yes"/>
    <tag k="payment:social_cards" v="yes"/>
    <tag k="payment:strelka" v="no"/>
    <tag k="payment:troika" v="yes"/>
    <tag k="payment:visa" v="no"/>
    <tag k="public_transport:version" v="2"/>
    <tag k="ref" v="635"/>
    <tag k="route" v="bus"/>
    <tag k="source" v="Реестр маршрутов города Москвы"/>
    <tag k="source:description" v="https://mosgortrans.ru/electrobus/map/"/>
    <tag k="to" v="Ивановское"/>
    <tag k="type" v="route"/>
    <tag k="website" v="https://transport.mos.ru/transport/schedule/route/141504010"/>
    <tag k="wheelchair" v="yes"/>
  </relation>
  <relation id="1776508" version="123" timestamp="2026-05-12T16:15:55Z" changeset="182563624" uid="363136" user="neo-plan">
    <member type="node" ref="11390434031" role="stop_entry_only"/>
    <member type="node" ref="11100362735" role="platform_entry_only"/>
    <member type="node" ref="10735495876" role="stop"/>
    <member type="node" ref="1455949772" role="platform"/>
    <member type="node" ref="10735495874" role="stop"/>
    <member type="node" ref="1455949768" role="platform"/>
    <member type="node" ref="10707996642" role="stop"/>
    <member type="node" ref="449578609" role="platform"/>
    <member type="node" ref="4241842116" role="stop"/>
    <member type="node" ref="449578611" role="platform"/>
    <member type="node" ref="10711349475" role="stop"/>
    <member type="node" ref="449578615" role="platform"/>
    <member type="node" ref="10711349473" role="stop"/>
    <member type="node" ref="449578618" role="platform"/>
    <member type="node" ref="10711349471" role="stop"/>
    <member type="node" ref="449578620" role="platform"/>
    <member type="node" ref="10711349469" role="stop"/>
    <member type="node" ref="449578623" role="platform"/>
    <member type="node" ref="10711349468" role="stop"/>
    <member type="node" ref="449578625" role="platform"/>
    <member type="node" ref="10711349465" role="stop"/>
    <member type="node" ref="5020523420" role="platform"/>
    <member type="node" ref="10735352489" role="stop"/>
    <member type="node" ref="8297996372" role="platform"/>
    <member type="node" ref="10735700566" role="stop"/>
    <member type="node" ref="1455949749" role="platform"/>
    <member type="node" ref="10735352481" role="stop"/>
    <member type="node" ref="2904581322" role="platform"/>
    <member type="node" ref="10735352479" role="stop"/>
    <member type="node" ref="1455949760" role="platform"/>
    <member type="node" ref="11748512730" role="stop"/>
    <member type="node" ref="11010920620" role="platform"/>
    <member type="node" ref="10735352474" role="stop"/>
    <member type="node" ref="1469813483" role="platform"/>
    <member type="node" ref="10735352471" role="stop"/>
    <member type="node" ref="10735352472" role="platform"/>
    <member type="node" ref="10735352468" role="stop"/>
    <member type="node" ref="1378906564" role="platform"/>
    <member type="node" ref="10735352461" role="stop"/>
    <member type="node" ref="8879016497" role="platform"/>
    <member type="node" ref="10735352460" role="stop"/>
    <member type="node" ref="5025811965" role="platform"/>
    <member type="node" ref="10735352458" role="stop"/>
    <member type="node" ref="1378910611" role="platform"/>
    <member type="node" ref="10735352415" role="stop"/>
    <member type="node" ref="1378910610" role="platform"/>
    <member type="node" ref="10735352443" role="stop"/>
    <member type="node" ref="1378908948" role="platform"/>
    <member type="node" ref="10735352444" role="stop_exit_only"/>
    <member type="node" ref="1378912393" role="platform_exit_only"/>
    <member type="way" ref="1228304476" role=""/>
    <member type="way" ref="1228304477" role=""/>
    <member type="way" ref="1218623140" role=""/>
    <member type="way" ref="240772270" role=""/>
    <member type="way" ref="199694028" role=""/>
    <member type="way" ref="1512645406" role=""/>
    <member type="way" ref="38617320" role=""/>
    <member type="way" ref="132338432" role=""/>
    <member type="way" ref="810403178" role=""/>
    <member type="way" ref="1154328946" role=""/>
    <member type="way" ref="24679380" role=""/>
    <member type="way" ref="99888626" role=""/>
    <member type="way" ref="1383068819" role=""/>
    <member type="way" ref="99888616" role=""/>
    <member type="way" ref="1161851063" role=""/>
    <member type="way" ref="104686524" role=""/>
    <member type="way" ref="133171830" role=""/>
    <member type="way" ref="88261066" role=""/>
    <member type="way" ref="424807652" role=""/>
    <member type="way" ref="138545299" role=""/>
    <member type="way" ref="1256851781" role=""/>
    <member type="way" ref="1304322329" role=""/>
    <member type="way" ref="1256851782" role=""/>
    <member type="way" ref="1304322328" role=""/>
    <member type="way" ref="88261056" role=""/>
    <member type="way" ref="95751563" role=""/>
    <member type="way" ref="104950874" role=""/>
    <member type="way" ref="1256854013" role=""/>
    <member type="way" ref="1256854012" role=""/>
    <member type="way" ref="1256854014" role=""/>
    <member type="way" ref="1256854011" role=""/>
    <member type="way" ref="95751562" role=""/>
    <member type="way" ref="1271823370" role=""/>
    <member type="way" ref="1271823371" role=""/>
    <member type="way" ref="1493119022" role=""/>
    <member type="way" ref="1493119024" role=""/>
    <member type="way" ref="101780232" role=""/>
    <member type="way" ref="1370317707" role=""/>
    <member type="way" ref="132329942" role=""/>
    <member type="way" ref="1176024963" role=""/>
    <member type="way" ref="1422559095" role=""/>
    <member type="way" ref="1154353099" role=""/>
    <member type="way" ref="132329941" role=""/>
    <member type="way" ref="1151086457" role=""/>
    <member type="way" ref="23352740" role=""/>
    <member type="way" ref="88626861" role=""/>
    <member type="way" ref="1168813890" role=""/>
    <member type="way" ref="1264984019" role=""/>
    <member type="way" ref="1168813889" role=""/>
    <member type="way" ref="1193591531" role=""/>
    <member type="way" ref="1083806951" role=""/>
    <member type="way" ref="1314257978" role=""/>
    <member type="way" ref="611072936" role=""/>
    <member type="way" ref="23353027" role=""/>
    <member type="way" ref="23353021" role=""/>
    <member type="way" ref="132338430" role=""/>
    <member type="way" ref="23368989" role=""/>
    <member type="way" ref="550243731" role=""/>
    <member type="way" ref="404875333" role=""/>
    <member type="way" ref="23369014" role=""/>
    <member type="way" ref="200808121" role=""/>
    <member type="way" ref="404875332" role=""/>
    <member type="way" ref="1161850096" role=""/>
    <member type="way" ref="514426154" role=""/>
    <member type="way" ref="514426153" role=""/>
    <member type="way" ref="133545343" role=""/>
    <member type="way" ref="1304321275" role=""/>
    <member type="way" ref="1304321276" role=""/>
    <member type="way" ref="133545337" role=""/>
    <member type="way" ref="1304319551" role=""/>
    <member type="way" ref="1304319552" role=""/>
    <member type="way" ref="1207136625" role=""/>
    <member type="way" ref="1207136626" role=""/>
    <member type="way" ref="23347047" role=""/>
    <member type="way" ref="1204419473" role=""/>
    <member type="way" ref="46155857" role=""/>
    <tag k="air_conditioning" v="yes"/>
    <tag k="bicycle" v="yes"/>
    <tag k="blind" v="limited"/>
    <tag k="bus_class:length" v="4"/>
    <tag k="charge:all-in-one" v="90 RUB"/>
    <tag k="charge:cards" v="83 RUB"/>
    <tag k="charge:sbp" v="83 RUB"/>
    <tag k="charge:troika" v="75 RUB"/>
    <tag k="charge:troika_qr" v="75 RUB"/>
    <tag k="check_date" v="2023-04-13"/>
    <tag k="colour" v="#c2e6ff"/>
    <tag k="deaf" v="yes"/>
    <tag k="description" v="Маршрут обслуживается электробусами"/>
    <tag k="electric_bus" v="yes"/>
    <tag k="electric_bus:type" v="OC"/>
    <tag k="fee" v="yes"/>
    <tag k="fine:ticketless" v="5000 RUB"/>
    <tag k="from" v="МЦД Реутов"/>
    <tag k="name" v="Автобус 14: МЦД Реутов =&gt; 4-й микрорайон Кожухова"/>
    <tag k="network" v="Московский транспорт"/>
    <tag k="operator" v="ГУП «Мосгортранс»"/>
    <tag k="payment:cards" v="yes"/>
    <tag k="payment:cash" v="no"/>
    <tag k="payment:contactless" v="yes"/>
    <tag k="payment:maestro" v="no"/>
    <tag k="payment:mastercard" v="no"/>
    <tag k="payment:mir" v="yes"/>
    <tag k="payment:nfc" v="yes"/>
    <tag k="payment:podorozhnik" v="no"/>
    <tag k="payment:sbp" v="yes"/>
    <tag k="payment:social_cards" v="yes"/>
    <tag k="payment:strelka" v="no"/>
    <tag k="payment:troika" v="yes"/>
    <tag k="payment:visa" v="no"/>
    <tag k="public_transport:version" v="2"/>
    <tag k="ref" v="14"/>
    <tag k="route" v="bus"/>
    <tag k="source" v="Реестр смежных маршрутов города Москвы"/>
    <tag k="source:description" v="https://mosgortrans.ru/electrobus/map/"/>
    <tag k="to" v="4-й микрорайон Кожухова"/>
    <tag k="type" v="route"/>
    <tag k="website" v="https://transport.mos.ru/transport/schedule/route/211"/>
    <tag k="wheelchair" v="yes"/>
  </relation>
  <relation id="1776803" version="123" timestamp="2026-05-12T16:15:55Z" changeset="182563624" uid="363136" user="neo-plan">
    <member type="node" ref="10735352445" role="stop_entry_only"/>
    <member type="node" ref="1378911994" role="platform_entry_only"/>
    <member type="node" ref="10735352442" role="stop"/>
    <member type="node" ref="1378908949" role="platform"/>
    <member type="node" ref="10735352414" role="stop"/>
    <member type="node" ref="1378910609" role="platform"/>
    <member type="node" ref="10735352456" role="stop"/>
    <member type="node" ref="8879009488" role="platform"/>
    <member type="node" ref="10735352459" role="stop"/>
    <member type="node" ref="8879016495" role="platform"/>
    <member type="node" ref="10735352463" role="stop"/>
    <member type="node" ref="1378906565" role="platform"/>
    <member type="node" ref="10735352469" role="stop"/>
    <member type="node" ref="1378775721" role="platform"/>
    <member type="node" ref="10735352413" role="stop"/>
    <member type="node" ref="6521210885" role="platform"/>
    <member type="node" ref="10735352478" role="stop"/>
    <member type="node" ref="5846318877" role="platform"/>
    <member type="node" ref="10735352480" role="stop"/>
    <member type="node" ref="12271443407" role="platform"/>
    <member type="node" ref="10735352482" role="stop"/>
    <member type="node" ref="2904581323" role="platform"/>
    <member type="node" ref="10735352488" role="stop"/>
    <member type="node" ref="1455949751" role="platform"/>
    <member type="node" ref="10735352490" role="stop"/>
    <member type="node" ref="6968479863" role="platform"/>
    <member type="node" ref="10711349467" role="stop"/>
    <member type="node" ref="449578628" role="platform"/>
    <member type="node" ref="10711349461" role="stop"/>
    <member type="node" ref="449578626" role="platform"/>
    <member type="node" ref="10711349470" role="stop"/>
    <member type="node" ref="449578624" role="platform"/>
    <member type="node" ref="983342194" role="stop"/>
    <member type="node" ref="449578622" role="platform"/>
    <member type="node" ref="10711349474" role="stop"/>
    <member type="node" ref="449578619" role="platform"/>
    <member type="node" ref="1025308752" role="stop"/>
    <member type="node" ref="449578617" role="platform"/>
    <member type="node" ref="10707964444" role="stop"/>
    <member type="node" ref="449578614" role="platform"/>
    <member type="node" ref="10707964443" role="stop"/>
    <member type="node" ref="1143989826" role="platform"/>
    <member type="node" ref="10735495875" role="stop"/>
    <member type="node" ref="1455949770" role="platform"/>
    <member type="node" ref="11390434032" role="stop_exit_only"/>
    <member type="node" ref="11203365839" role="platform_exit_only"/>
    <member type="way" ref="23347047" role=""/>
    <member type="way" ref="1207136626" role=""/>
    <member type="way" ref="1207136625" role=""/>
    <member type="way" ref="1304319552" role=""/>
    <member type="way" ref="1304319551" role=""/>
    <member type="way" ref="133545337" role=""/>
    <member type="way" ref="1304321276" role=""/>
    <member type="way" ref="1304321275" role=""/>
    <member type="way" ref="133545343" role=""/>
    <member type="way" ref="514426153" role=""/>
    <member type="way" ref="514426154" role=""/>
    <member type="way" ref="1161850096" role=""/>
    <member type="way" ref="404875332" role=""/>
    <member type="way" ref="200808121" role=""/>
    <member type="way" ref="132906147" role=""/>
    <member type="way" ref="200808122" role=""/>
    <member type="way" ref="404875330" role=""/>
    <member type="way" ref="843483058" role=""/>
    <member type="way" ref="971464419" role=""/>
    <member type="way" ref="132338429" role=""/>
    <member type="way" ref="132338430" role=""/>
    <member type="way" ref="23353021" role=""/>
    <member type="way" ref="23346614" role=""/>
    <member type="way" ref="611072936" role=""/>
    <member type="way" ref="1314257978" role=""/>
    <member type="way" ref="1083806951" role=""/>
    <member type="way" ref="1193591531" role=""/>
    <member type="way" ref="1168813889" role=""/>
    <member type="way" ref="1264984019" role=""/>
    <member type="way" ref="1168813890" role=""/>
    <member type="way" ref="88626861" role=""/>
    <member type="way" ref="23352740" role=""/>
    <member type="way" ref="1151086457" role=""/>
    <member type="way" ref="132329941" role=""/>
    <member type="way" ref="1154353099" role=""/>
    <member type="way" ref="1422559095" role=""/>
    <member type="way" ref="1176024963" role=""/>
    <member type="way" ref="132329942" role=""/>
    <member type="way" ref="1370317707" role=""/>
    <member type="way" ref="101780232" role=""/>
    <member type="way" ref="1493119024" role=""/>
    <member type="way" ref="1493119022" role=""/>
    <member type="way" ref="1271823371" role=""/>
    <member type="way" ref="1271823370" role=""/>
    <member type="way" ref="95751562" role=""/>
    <member type="way" ref="1256854011" role=""/>
    <member type="way" ref="1256854014" role=""/>
    <member type="way" ref="1256854012" role=""/>
    <member type="way" ref="1256854013" role=""/>
    <member type="way" ref="104950874" role=""/>
    <member type="way" ref="95751563" role=""/>
    <member type="way" ref="88261056" role=""/>
    <member type="way" ref="1304322328" role=""/>
    <member type="way" ref="1256851782" role=""/>
    <member type="way" ref="1304322329" role=""/>
    <member type="way" ref="1256851781" role=""/>
    <member type="way" ref="88261063" role=""/>
    <member type="way" ref="132329938" role=""/>
    <member type="way" ref="132329904" role=""/>
    <member type="way" ref="84651249" role=""/>
    <member type="way" ref="132329913" role=""/>
    <member type="way" ref="138545288" role=""/>
    <member type="way" ref="1199995004" role=""/>
    <member type="way" ref="84651206" role=""/>
    <member type="way" ref="132334430" role=""/>
    <member type="way" ref="103164399" role=""/>
    <member type="way" ref="739941636" role=""/>
    <member type="way" ref="132329939" role=""/>
    <member type="way" ref="1383068819" role=""/>
    <member type="way" ref="99888626" role=""/>
    <member type="way" ref="24679380" role=""/>
    <member type="way" ref="1154328946" role=""/>
    <member type="way" ref="810403177" role=""/>
    <member type="way" ref="166484444" role=""/>
    <member type="way" ref="132338431" role=""/>
    <member type="way" ref="36926053" role=""/>
    <member type="way" ref="76706046" role=""/>
    <member type="way" ref="1512645406" role=""/>
    <member type="way" ref="199694028" role=""/>
    <member type="way" ref="240772270" role=""/>
    <member type="way" ref="1218623140" role=""/>
    <member type="way" ref="1228304477" role=""/>
    <tag k="air_conditioning" v="yes"/>
    <tag k="bicycle" v="yes"/>
    <tag k="blind" v="limited"/>
    <tag k="bus_class:length" v="4"/>
    <tag k="charge:all-in-one" v="90 RUB"/>
    <tag k="charge:cards" v="83 RUB"/>
    <tag k="charge:sbp" v="83 RUB"/>
    <tag k="charge:troika" v="75 RUB"/>
    <tag k="charge:troika_qr" v="75 RUB"/>
    <tag k="check_date" v="2023-04-13"/>
    <tag k="colour" v="#c2e6ff"/>
    <tag k="deaf" v="yes"/>
    <tag k="description" v="Маршрут обслуживается электробусами"/>
    <tag k="electric_bus" v="yes"/>
    <tag k="electric_bus:type" v="OC"/>
    <tag k="fee" v="yes"/>
    <tag k="fine:ticketless" v="5000 RUB"/>
    <tag k="from" v="4-й микрорайон Кожухова"/>
    <tag k="name" v="Автобус 14: 4-й микрорайон Кожухова =&gt; МЦД Реутов"/>
    <tag k="network" v="Московский транспорт"/>
    <tag k="operator" v="ГУП «Мосгортранс»"/>
    <tag k="payment:cards" v="yes"/>
    <tag k="payment:cash" v="no"/>
    <tag k="payment:contactless" v="yes"/>
    <tag k="payment:maestro" v="no"/>
    <tag k="payment:mastercard" v="no"/>
    <tag k="payment:mir" v="yes"/>
    <tag k="payment:nfc" v="yes"/>
    <tag k="payment:podorozhnik" v="no"/>
    <tag k="payment:sbp" v="yes"/>
    <tag k="payment:social_cards" v="yes"/>
    <tag k="payment:strelka" v="no"/>
    <tag k="payment:troika" v="yes"/>
    <tag k="payment:visa" v="no"/>
    <tag k="public_transport:version" v="2"/>
    <tag k="ref" v="14"/>
    <tag k="route" v="bus"/>
    <tag k="source" v="Реестр смежных маршрутов города Москвы"/>
    <tag k="source:description" v="https://mosgortrans.ru/electrobus/map/"/>
    <tag k="to" v="МЦД Реутов"/>
    <tag k="type" v="route"/>
    <tag k="website" v="https://transport.mos.ru/transport/schedule/route/211"/>
    <tag k="wheelchair" v="yes"/>
  </relation>
  <relation id="1776868" version="99" timestamp="2026-05-18T07:49:59Z" changeset="182816719" uid="363136" user="neo-plan">
    <member type="node" ref="4241842116" role="stop"/>
    <member type="node" ref="449578611" role="platform"/>
    <member type="node" ref="10733884132" role="stop"/>
    <member type="node" ref="1456250159" role="platform"/>
    <member type="node" ref="10733884130" role="stop"/>
    <member type="node" ref="1456250150" role="platform"/>
    <member type="node" ref="1519221481" role="stop"/>
    <member type="node" ref="1456250152" role="platform"/>
    <member type="node" ref="10707964450" role="stop"/>
    <member type="node" ref="1456250155" role="platform"/>
    <member type="node" ref="3402073783" role="stop"/>
    <member type="node" ref="1456250157" role="platform"/>
    <member type="node" ref="10735352489" role="stop"/>
    <member type="node" ref="8297996372" role="platform"/>
    <member type="node" ref="10735700566" role="stop"/>
    <member type="node" ref="1455949749" role="platform"/>
    <member type="node" ref="10735352481" role="stop"/>
    <member type="node" ref="2904581322" role="platform"/>
    <member type="node" ref="10735352479" role="stop"/>
    <member type="node" ref="1455949760" role="platform"/>
    <member type="node" ref="11748512730" role="stop"/>
    <member type="node" ref="11010920620" role="platform"/>
    <member type="node" ref="10735352477" role="stop"/>
    <member type="node" ref="1378773924" role="platform"/>
    <member type="node" ref="10735352452" role="stop"/>
    <member type="node" ref="1378775717" role="platform"/>
    <member type="node" ref="10735352450" role="stop"/>
    <member type="node" ref="1378782468" role="platform"/>
    <member type="node" ref="10735352448" role="stop"/>
    <member type="node" ref="1378911160" role="platform"/>
    <member type="node" ref="10735352446" role="stop"/>
    <member type="node" ref="1378911998" role="platform"/>
    <member type="node" ref="10735352444" role="stop"/>
    <member type="node" ref="1378912393" role="platform"/>
    <member type="node" ref="10735352425" role="stop"/>
    <member type="node" ref="1378912635" role="platform"/>
    <member type="node" ref="10735352418" role="stop"/>
    <member type="node" ref="1378919807" role="platform"/>
    <member type="node" ref="10735352416" role="stop_exit_only"/>
    <member type="node" ref="1378921586" role="platform_exit_only"/>
    <member type="way" ref="424807652" role=""/>
    <member type="way" ref="165466946" role=""/>
    <member type="way" ref="132329903" role=""/>
    <member type="way" ref="132329938" role=""/>
    <member type="way" ref="24686799" role=""/>
    <member type="way" ref="23352937" role=""/>
    <member type="way" ref="1516041466" role=""/>
    <member type="way" ref="23352921" role=""/>
    <member type="way" ref="132374428" role=""/>
    <member type="way" ref="87102849" role=""/>
    <member type="way" ref="23352919" role=""/>
    <member type="way" ref="1271832020" role=""/>
    <member type="way" ref="1271832019" role=""/>
    <member type="way" ref="627089927" role=""/>
    <member type="way" ref="1271832021" role=""/>
    <member type="way" ref="1271832022" role=""/>
    <member type="way" ref="627089925" role=""/>
    <member type="way" ref="627089922" role=""/>
    <member type="way" ref="627089923" role=""/>
    <member type="way" ref="1271832023" role=""/>
    <member type="way" ref="1271832024" role=""/>
    <member type="way" ref="1151081962" role=""/>
    <member type="way" ref="88626861" role=""/>
    <member type="way" ref="1168813890" role=""/>
    <member type="way" ref="1264984019" role=""/>
    <member type="way" ref="1168813889" role=""/>
    <member type="way" ref="1193591531" role=""/>
    <member type="way" ref="1083806951" role=""/>
    <member type="way" ref="1314257978" role=""/>
    <member type="way" ref="611072936" role=""/>
    <member type="way" ref="23353027" role=""/>
    <member type="way" ref="23353021" role=""/>
    <member type="way" ref="132338430" role=""/>
    <member type="way" ref="23368989" role=""/>
    <member type="way" ref="550243731" role=""/>
    <member type="way" ref="53207947" role=""/>
    <member type="way" ref="459152352" role=""/>
    <member type="way" ref="1393152384" role=""/>
    <member type="way" ref="1393152385" role=""/>
    <member type="way" ref="133545341" role=""/>
    <member type="way" ref="1393153307" role=""/>
    <member type="way" ref="1393153308" role=""/>
    <member type="way" ref="132338433" role=""/>
    <member type="way" ref="1393153972" role=""/>
    <member type="way" ref="1393153971" role=""/>
    <member type="way" ref="1161861473" role=""/>
    <member type="way" ref="23347067" role=""/>
    <member type="way" ref="46155857" role=""/>
    <member type="way" ref="1161861472" role=""/>
    <member type="way" ref="132338427" role=""/>
    <member type="way" ref="74947613" role=""/>
    <member type="way" ref="74947610" role=""/>
    <member type="way" ref="1207136635" role=""/>
    <member type="way" ref="433144042" role=""/>
    <member type="way" ref="1207136632" role=""/>
    <member type="way" ref="1207136634" role=""/>
    <member type="way" ref="1207136631" role=""/>
    <member type="way" ref="1207136629" role=""/>
    <member type="way" ref="78628883" role=""/>
    <member type="way" ref="1319983092" role=""/>
    <member type="way" ref="1319983091" role=""/>
    <member type="way" ref="1154312496" role=""/>
    <tag k="air_conditioning" v="yes"/>
    <tag k="bicycle" v="yes"/>
    <tag k="blind" v="limited"/>
    <tag k="bus_class:length" v="4"/>
    <tag k="charge:all-in-one" v="90 RUB"/>
    <tag k="charge:cards" v="83 RUB"/>
    <tag k="charge:sbp" v="83 RUB"/>
    <tag k="charge:troika" v="75 RUB"/>
    <tag k="charge:troika_qr" v="75 RUB"/>
    <tag k="check_date" v="2023-04-13"/>
    <tag k="colour" v="#c2e6ff"/>
    <tag k="deaf" v="yes"/>
    <tag k="description" v="Маршрут обслуживается электробусами"/>
    <tag k="electric_bus" v="yes"/>
    <tag k="electric_bus:type" v="OC"/>
    <tag k="fee" v="yes"/>
    <tag k="fine:ticketless" v="5000 RUB"/>
    <tag k="from" v="Метро «Новокосино»"/>
    <tag k="name" v="Автобус 792: Метро «Новокосино» =&gt; 9-й микрорайон Кожухова"/>
    <tag k="name:uk" v="Автобус 792: Метро &quot;Новокосине&quot; =&gt; 9-й мікрорайон Кожухова"/>
    <tag k="network" v="Московский транспорт"/>
    <tag k="operator" v="ГУП «Мосгортранс»"/>
    <tag k="payment:cards" v="yes"/>
    <tag k="payment:cash" v="no"/>
    <tag k="payment:contactless" v="yes"/>
    <tag k="payment:maestro" v="no"/>
    <tag k="payment:mastercard" v="no"/>
    <tag k="payment:mir" v="yes"/>
    <tag k="payment:nfc" v="yes"/>
    <tag k="payment:podorozhnik" v="no"/>
    <tag k="payment:sbp" v="yes"/>
    <tag k="payment:social_cards" v="yes"/>
    <tag k="payment:strelka" v="no"/>
    <tag k="payment:troika" v="yes"/>
    <tag k="payment:visa" v="no"/>
    <tag k="public_transport:version" v="2"/>
    <tag k="ref" v="792"/>
    <tag k="route" v="bus"/>
    <tag k="source" v="Реестр маршрутов города Москвы"/>
    <tag k="source:description" v="https://mosgortrans.ru/electrobus/map/"/>
    <tag k="to" v="9-й микрорайон Кожухова"/>
    <tag k="type" v="route"/>
    <tag k="website" v="https://transport.mos.ru/transport/schedule/route/141502815"/>
    <tag k="wheelchair" v="yes"/>
  </relation>
  <relation id="1776875" version="99" timestamp="2026-05-18T07:49:59Z" changeset="182816719" uid="363136" user="neo-plan">
    <member type="node" ref="10735352417" role="stop_entry_only"/>
    <member type="node" ref="1378921587" role="platform_entry_only"/>
    <member type="node" ref="10735352419" role="stop"/>
    <member type="node" ref="1378919676" role="platform"/>
    <member type="node" ref="10735352424" role="stop"/>
    <member type="node" ref="1378912636" role="platform"/>
    <member type="node" ref="10735352447" role="stop"/>
    <member type="node" ref="1378911996" role="platform"/>
    <member type="node" ref="10735352449" role="stop"/>
    <member type="node" ref="1373054993" role="platform"/>
    <member type="node" ref="10735352451" role="stop"/>
    <member type="node" ref="1378782469" role="platform"/>
    <member type="node" ref="10735352453" role="stop"/>
    <member type="node" ref="1378775719" role="platform"/>
    <member type="node" ref="10735352478" role="stop"/>
    <member type="node" ref="5846318877" role="platform"/>
    <member type="node" ref="10735352480" role="stop"/>
    <member type="node" ref="12271443407" role="platform"/>
    <member type="node" ref="10735352482" role="stop"/>
    <member type="node" ref="2904581323" role="platform"/>
    <member type="node" ref="10735352488" role="stop"/>
    <member type="node" ref="1455949751" role="platform"/>
    <member type="node" ref="10735352490" role="stop"/>
    <member type="node" ref="6968479863" role="platform"/>
    <member type="node" ref="10707964454" role="stop"/>
    <member type="node" ref="1456250162" role="platform"/>
    <member type="node" ref="10707964452" role="stop"/>
    <member type="node" ref="1456250158" role="platform"/>
    <member type="node" ref="10707964451" role="stop"/>
    <member type="node" ref="1456250156" role="platform"/>
    <member type="node" ref="1519221521" role="stop"/>
    <member type="node" ref="1456250154" role="platform"/>
    <member type="node" ref="10733884129" role="stop"/>
    <member type="node" ref="457474972" role="platform"/>
    <member type="node" ref="10733884131" role="stop"/>
    <member type="node" ref="1456250160" role="platform"/>
    <member type="node" ref="10707964444" role="stop"/>
    <member type="node" ref="449578614" role="platform"/>
    <member type="node" ref="4241842116" role="stop"/>
    <member type="node" ref="449578611" role="platform"/>
    <member type="way" ref="1319983091" role=""/>
    <member type="way" ref="1319983092" role=""/>
    <member type="way" ref="78628883" role=""/>
    <member type="way" ref="1207136629" role=""/>
    <member type="way" ref="1207136631" role=""/>
    <member type="way" ref="1207136634" role=""/>
    <member type="way" ref="1207136632" role=""/>
    <member type="way" ref="433144042" role=""/>
    <member type="way" ref="1207136635" role=""/>
    <member type="way" ref="74947610" role=""/>
    <member type="way" ref="74947613" role=""/>
    <member type="way" ref="132338427" role=""/>
    <member type="way" ref="1161861472" role=""/>
    <member type="way" ref="46155857" role=""/>
    <member type="way" ref="23347067" role=""/>
    <member type="way" ref="1161861473" role=""/>
    <member type="way" ref="1393153971" role=""/>
    <member type="way" ref="1393153972" role=""/>
    <member type="way" ref="132338433" role=""/>
    <member type="way" ref="1393153308" role=""/>
    <member type="way" ref="1393153307" role=""/>
    <member type="way" ref="133545341" role=""/>
    <member type="way" ref="1393152385" role=""/>
    <member type="way" ref="1393152384" role=""/>
    <member type="way" ref="459152352" role=""/>
    <member type="way" ref="1264568004" role=""/>
    <member type="way" ref="52833392" role=""/>
    <member type="way" ref="23353021" role=""/>
    <member type="way" ref="23346614" role=""/>
    <member type="way" ref="611072936" role=""/>
    <member type="way" ref="1314257978" role=""/>
    <member type="way" ref="1083806951" role=""/>
    <member type="way" ref="1193591531" role=""/>
    <member type="way" ref="1168813889" role=""/>
    <member type="way" ref="1264984019" role=""/>
    <member type="way" ref="1168813890" role=""/>
    <member type="way" ref="88626861" role=""/>
    <member type="way" ref="1151081962" role=""/>
    <member type="way" ref="1271832024" role=""/>
    <member type="way" ref="1271832023" role=""/>
    <member type="way" ref="627089923" role=""/>
    <member type="way" ref="627089922" role=""/>
    <member type="way" ref="627089925" role=""/>
    <member type="way" ref="1271832022" role=""/>
    <member type="way" ref="1271832021" role=""/>
    <member type="way" ref="627089927" role=""/>
    <member type="way" ref="1271832019" role=""/>
    <member type="way" ref="1271832020" role=""/>
    <member type="way" ref="23352919" role=""/>
    <member type="way" ref="87102850" role=""/>
    <member type="way" ref="138545289" role=""/>
    <member type="way" ref="132374429" role=""/>
    <member type="way" ref="87102851" role=""/>
    <member type="way" ref="23368895" role=""/>
    <member type="way" ref="1516041466" role=""/>
    <member type="way" ref="23352937" role=""/>
    <member type="way" ref="24686796" role=""/>
    <member type="way" ref="84651249" role=""/>
    <member type="way" ref="132329913" role=""/>
    <member type="way" ref="138545288" role=""/>
    <member type="way" ref="1199995004" role=""/>
    <member type="way" ref="84651206" role=""/>
    <member type="way" ref="39411059" role=""/>
    <member type="way" ref="128986756" role=""/>
    <member type="way" ref="88261066" role=""/>
    <tag k="air_conditioning" v="yes"/>
    <tag k="bicycle" v="yes"/>
    <tag k="blind" v="limited"/>
    <tag k="bus_class:length" v="4"/>
    <tag k="charge:all-in-one" v="90 RUB"/>
    <tag k="charge:cards" v="83 RUB"/>
    <tag k="charge:sbp" v="83 RUB"/>
    <tag k="charge:troika" v="75 RUB"/>
    <tag k="charge:troika_qr" v="75 RUB"/>
    <tag k="check_date" v="2023-04-13"/>
    <tag k="colour" v="#c2e6ff"/>
    <tag k="deaf" v="yes"/>
    <tag k="description" v="Маршрут обслуживается электробусами"/>
    <tag k="electric_bus" v="yes"/>
    <tag k="electric_bus:type" v="OC"/>
    <tag k="fee" v="yes"/>
    <tag k="fine:ticketless" v="5000 RUB"/>
    <tag k="from" v="9-й микрорайон Кожухова"/>
    <tag k="name" v="Автобус 792: 9-й микрорайон Кожухова =&gt; Метро «Новокосино»"/>
    <tag k="name:uk" v="Автобус 792: 9-й мікрорайон Кожухова =&gt; Метро «Новокосине»"/>
    <tag k="network" v="Московский транспорт"/>
    <tag k="operator" v="ГУП «Мосгортранс»"/>
    <tag k="payment:cards" v="yes"/>
    <tag k="payment:cash" v="no"/>
    <tag k="payment:contactless" v="yes"/>
    <tag k="payment:maestro" v="no"/>
    <tag k="payment:mastercard" v="no"/>
    <tag k="payment:mir" v="yes"/>
    <tag k="payment:nfc" v="yes"/>
    <tag k="payment:podorozhnik" v="no"/>
    <tag k="payment:sbp" v="yes"/>
    <tag k="payment:social_cards" v="yes"/>
    <tag k="payment:strelka" v="no"/>
    <tag k="payment:troika" v="yes"/>
    <tag k="payment:visa" v="no"/>
    <tag k="public_transport:version" v="2"/>
    <tag k="ref" v="792"/>
    <tag k="route" v="bus"/>
    <tag k="source" v="Реестр маршрутов города Москвы"/>
    <tag k="source:description" v="https://mosgortrans.ru/electrobus/map/"/>
    <tag k="to" v="Метро «Новокосино»"/>
    <tag k="type" v="route"/>
    <tag k="website" v="https://transport.mos.ru/transport/schedule/route/141502815"/>
    <tag k="wheelchair" v="yes"/>
  </relation>
  <relation id="1776957" version="126" timestamp="2026-05-21T07:41:33Z" changeset="182961236" uid="23926472" user="Максим Баранаускас">
    <member type="node" ref="10735495878" role="stop_entry_only"/>
    <member type="node" ref="663166340" role="platform_entry_only"/>
    <member type="node" ref="10707960265" role="stop"/>
    <member type="node" ref="703742397" role="platform"/>
    <member type="node" ref="10707942804" role="stop"/>
    <member type="node" ref="704758726" role="platform"/>
    <member type="node" ref="10707942801" role="stop"/>
    <member type="node" ref="704794256" role="platform"/>
    <member type="node" ref="10735352507" role="stop"/>
    <member type="node" ref="1456313593" role="platform"/>
    <member type="node" ref="10735352508" role="stop"/>
    <member type="node" ref="1116494968" role="platform"/>
    <member type="node" ref="10735352504" role="stop"/>
    <member type="node" ref="1116495449" role="platform"/>
    <member type="node" ref="1180828951" role="stop"/>
    <member type="node" ref="1116495031" role="platform"/>
    <member type="node" ref="254403628" role="stop"/>
    <member type="node" ref="1116494703" role="platform"/>
    <member type="node" ref="10735352496" role="stop"/>
    <member type="node" ref="1456313592" role="platform"/>
    <member type="node" ref="10735352492" role="stop"/>
    <member type="node" ref="1081515227" role="platform"/>
    <member type="node" ref="10711349461" role="stop"/>
    <member type="node" ref="449578626" role="platform"/>
    <member type="node" ref="10711349470" role="stop"/>
    <member type="node" ref="449578624" role="platform"/>
    <member type="node" ref="983342194" role="stop"/>
    <member type="node" ref="449578622" role="platform"/>
    <member type="node" ref="10711349474" role="stop"/>
    <member type="node" ref="449578619" role="platform"/>
    <member type="node" ref="1025308752" role="stop"/>
    <member type="node" ref="449578617" role="platform"/>
    <member type="node" ref="10733884132" role="stop"/>
    <member type="node" ref="1456250159" role="platform"/>
    <member type="node" ref="10733884130" role="stop"/>
    <member type="node" ref="1456250150" role="platform"/>
    <member type="node" ref="10707964449" role="stop"/>
    <member type="node" ref="457474971" role="platform"/>
    <member type="node" ref="2436687543" role="stop"/>
    <member type="node" ref="1456267494" role="platform"/>
    <member type="node" ref="10707964446" role="stop"/>
    <member type="node" ref="1456267495" role="platform"/>
    <member type="node" ref="10704706833" role="stop"/>
    <member type="node" ref="11684558770" role="platform"/>
    <member type="node" ref="10704706839" role="stop"/>
    <member type="node" ref="1456267496" role="platform"/>
    <member type="node" ref="10704706840" role="stop"/>
    <member type="node" ref="457474974" role="platform"/>
    <member type="node" ref="10707964444" role="stop"/>
    <member type="node" ref="449578614" role="platform"/>
    <member type="node" ref="10707964443" role="stop"/>
    <member type="node" ref="1143989826" role="platform"/>
    <member type="node" ref="10735495875" role="stop"/>
    <member type="node" ref="1455949770" role="platform"/>
    <member type="node" ref="10735495876" role="stop"/>
    <member type="node" ref="1455949772" role="platform"/>
    <member type="node" ref="11390434032" role="stop_exit_only"/>
    <member type="node" ref="11203365839" role="platform_exit_only"/>
    <member type="way" ref="1154328948" role=""/>
    <member type="way" ref="1150746711" role=""/>
    <member type="way" ref="363289348" role=""/>
    <member type="way" ref="1154706740" role=""/>
    <member type="way" ref="17503624" role=""/>
    <member type="way" ref="1096972905" role=""/>
    <member type="way" ref="243040798" role=""/>
    <member type="way" ref="44852933" role=""/>
    <member type="way" ref="56755144" role=""/>
    <member type="way" ref="1176386139" role=""/>
    <member type="way" ref="78699224" role=""/>
    <member type="way" ref="1176386144" role=""/>
    <member type="way" ref="131446698" role=""/>
    <member type="way" ref="23510147" role=""/>
    <member type="way" ref="176751896" role=""/>
    <member type="way" ref="176751893" role=""/>
    <member type="way" ref="31227123" role=""/>
    <member type="way" ref="1518039494" role=""/>
    <member type="way" ref="23346232" role=""/>
    <member type="way" ref="160015138" role=""/>
    <member type="way" ref="207901573" role=""/>
    <member type="way" ref="1151039778" role=""/>
    <member type="way" ref="23346314" role=""/>
    <member type="way" ref="356492359" role=""/>
    <member type="way" ref="23346313" role=""/>
    <member type="way" ref="85740980" role=""/>
    <member type="way" ref="85740977" role=""/>
    <member type="way" ref="85740976" role=""/>
    <member type="way" ref="1058165636" role=""/>
    <member type="way" ref="87756586" role=""/>
    <member type="way" ref="64829984" role=""/>
    <member type="way" ref="23492690" role=""/>
    <member type="way" ref="132382825" role=""/>
    <member type="way" ref="1284257450" role=""/>
    <member type="way" ref="1284257451" role=""/>
    <member type="way" ref="1271822698" role=""/>
    <member type="way" ref="430111846" role=""/>
    <member type="way" ref="333586973" role=""/>
    <member type="way" ref="356307647" role=""/>
    <member type="way" ref="356307648" role=""/>
    <member type="way" ref="132560121" role=""/>
    <member type="way" ref="1271822920" role=""/>
    <member type="way" ref="1271822919" role=""/>
    <member type="way" ref="1271822921" role=""/>
    <member type="way" ref="1271822922" role=""/>
    <member type="way" ref="132560123" role=""/>
    <member type="way" ref="1271822924" role=""/>
    <member type="way" ref="1271822923" role=""/>
    <member type="way" ref="95348008" role=""/>
    <member type="way" ref="95348010" role=""/>
    <member type="way" ref="1296454150" role=""/>
    <member type="way" ref="95344494" role=""/>
    <member type="way" ref="95344495" role=""/>
    <member type="way" ref="1253749429" role=""/>
    <member type="way" ref="101780232" role=""/>
    <member type="way" ref="1493119024" role=""/>
    <member type="way" ref="1493119022" role=""/>
    <member type="way" ref="1271823371" role=""/>
    <member type="way" ref="1271823370" role=""/>
    <member type="way" ref="95751562" role=""/>
    <member type="way" ref="1256854011" role=""/>
    <member type="way" ref="1256854014" role=""/>
    <member type="way" ref="1256854012" role=""/>
    <member type="way" ref="1256854013" role=""/>
    <member type="way" ref="104950874" role=""/>
    <member type="way" ref="95751563" role=""/>
    <member type="way" ref="88261056" role=""/>
    <member type="way" ref="1304322328" role=""/>
    <member type="way" ref="1256851782" role=""/>
    <member type="way" ref="1304322329" role=""/>
    <member type="way" ref="1256851781" role=""/>
    <member type="way" ref="88261063" role=""/>
    <member type="way" ref="132329938" role=""/>
    <member type="way" ref="24686799" role=""/>
    <member type="way" ref="23352937" role=""/>
    <member type="way" ref="1516041466" role=""/>
    <member type="way" ref="23352921" role=""/>
    <member type="way" ref="132374428" role=""/>
    <member type="way" ref="132374431" role=""/>
    <member type="way" ref="138545289" role=""/>
    <member type="way" ref="132374648" role=""/>
    <member type="way" ref="1154151140" role=""/>
    <member type="way" ref="1271832017" role=""/>
    <member type="way" ref="1271832018" role=""/>
    <member type="way" ref="1303053852" role=""/>
    <member type="way" ref="1303053846" role=""/>
    <member type="way" ref="1303053844" role=""/>
    <member type="way" ref="1303053845" role=""/>
    <member type="way" ref="1303053843" role=""/>
    <member type="way" ref="1303053842" role=""/>
    <member type="way" ref="1303053838" role=""/>
    <member type="way" ref="132376777" role=""/>
    <member type="way" ref="1303053841" role=""/>
    <member type="way" ref="1271832016" role=""/>
    <member type="way" ref="1303053854" role=""/>
    <member type="way" ref="1303053853" role=""/>
    <member type="way" ref="1303053837" role=""/>
    <member type="way" ref="1303053829" role=""/>
    <member type="way" ref="1303053831" role=""/>
    <member type="way" ref="1271832015" role=""/>
    <member type="way" ref="23352915" role=""/>
    <member type="way" ref="1303053830" role=""/>
    <member type="way" ref="132336851" role=""/>
    <member type="way" ref="23352913" role=""/>
    <member type="way" ref="132336845" role=""/>
    <member type="way" ref="1256844323" role=""/>
    <member type="way" ref="1256844321" role=""/>
    <member type="way" ref="88261050" role=""/>
    <member type="way" ref="1199995004" role=""/>
    <member type="way" ref="84651206" role=""/>
    <member type="way" ref="132334430" role=""/>
    <member type="way" ref="103164399" role=""/>
    <member type="way" ref="739941636" role=""/>
    <member type="way" ref="132329939" role=""/>
    <member type="way" ref="1383068819" role=""/>
    <member type="way" ref="99888626" role=""/>
    <member type="way" ref="24679380" role=""/>
    <member type="way" ref="1154328946" role=""/>
    <member type="way" ref="810403177" role=""/>
    <member type="way" ref="166484444" role=""/>
    <member type="way" ref="132338431" role=""/>
    <member type="way" ref="36926053" role=""/>
    <member type="way" ref="76706046" role=""/>
    <member type="way" ref="1512645406" role=""/>
    <member type="way" ref="199694028" role=""/>
    <member type="way" ref="240772270" role=""/>
    <member type="way" ref="1218623140" role=""/>
    <member type="way" ref="1228304477" role=""/>
    <tag k="air_conditioning" v="yes"/>
    <tag k="bicycle" v="yes"/>
    <tag k="blind" v="limited"/>
    <tag k="bus_class:length" v="4"/>
    <tag k="charge:all-in-one" v="90 RUB"/>
    <tag k="charge:cards" v="83 RUB"/>
    <tag k="charge:sbp" v="83 RUB"/>
    <tag k="charge:troika" v="75 RUB"/>
    <tag k="charge:troika_qr" v="75 RUB"/>
    <tag k="check_date" v="2023-03-14"/>
    <tag k="colour" v="#ff9ad2"/>
    <tag k="deaf" v="yes"/>
    <tag k="description" v="Маршрут обслуживается электробусами"/>
    <tag k="electric_bus" v="yes"/>
    <tag k="electric_bus:type" v="OC"/>
    <tag k="fee" v="yes"/>
    <tag k="fine:ticketless" v="5000 RUB"/>
    <tag k="from" v="Метро «Выхино»"/>
    <tag k="name" v="Автобус 79: Метро «Выхино» =&gt; МЦД Реутов"/>
    <tag k="name:uk" v="Автобус 79: Метро &quot;Вихіно&quot; =&gt; Станція Реутово"/>
    <tag k="network" v="Московский транспорт"/>
    <tag k="operator" v="ГУП «Мосгортранс»"/>
    <tag k="payment:cards" v="yes"/>
    <tag k="payment:cash" v="no"/>
    <tag k="payment:contactless" v="yes"/>
    <tag k="payment:maestro" v="no"/>
    <tag k="payment:mastercard" v="no"/>
    <tag k="payment:mir" v="yes"/>
    <tag k="payment:nfc" v="yes"/>
    <tag k="payment:podorozhnik" v="no"/>
    <tag k="payment:sbp" v="yes"/>
    <tag k="payment:social_cards" v="yes"/>
    <tag k="payment:strelka" v="no"/>
    <tag k="payment:troika" v="yes"/>
    <tag k="payment:visa" v="no"/>
    <tag k="public_transport:version" v="2"/>
    <tag k="ref" v="79"/>
    <tag k="route" v="bus"/>
    <tag k="source" v="Реестр смежных маршрутов города Москвы"/>
    <tag k="source:description" v="https://mosgortrans.ru/electrobus/map/"/>
    <tag k="to" v="МЦД Реутов"/>
    <tag k="type" v="route"/>
    <tag k="website" v="https://transport.mos.ru/transport/schedule/route/141502049"/>
    <tag k="wheelchair" v="yes"/>
  </relation>
  <relation id="1776958" version="117" timestamp="2026-05-18T07:49:59Z" changeset="182816719" uid="363136" user="neo-plan">
    <member type="node" ref="11390434031" role="stop_entry_only"/>
    <member type="node" ref="11100362735" role="platform_entry_only"/>
    <member type="node" ref="10735495876" role="stop"/>
    <member type="node" ref="1455949772" role="platform"/>
    <member type="node" ref="10735495874" role="stop"/>
    <member type="node" ref="1455949768" role="platform"/>
    <member type="node" ref="10707996642" role="stop"/>
    <member type="node" ref="449578609" role="platform"/>
    <member type="node" ref="4241842116" role="stop"/>
    <member type="node" ref="449578611" role="platform"/>
    <member type="node" ref="252866726" role="stop"/>
    <member type="node" ref="457474973" role="platform"/>
    <member type="node" ref="10704706838" role="stop"/>
    <member type="node" ref="1456267497" role="platform"/>
    <member type="node" ref="10707964445" role="stop"/>
    <member type="node" ref="457474975" role="platform"/>
    <member type="node" ref="10707964447" role="stop"/>
    <member type="node" ref="1456267493" role="platform"/>
    <member type="node" ref="10707964448" role="stop"/>
    <member type="node" ref="1456267492" role="platform"/>
    <member type="node" ref="10733884129" role="stop"/>
    <member type="node" ref="457474972" role="platform"/>
    <member type="node" ref="10733884131" role="stop"/>
    <member type="node" ref="1456250160" role="platform"/>
    <member type="node" ref="10711349475" role="stop"/>
    <member type="node" ref="449578615" role="platform"/>
    <member type="node" ref="10711349473" role="stop"/>
    <member type="node" ref="449578618" role="platform"/>
    <member type="node" ref="10711349471" role="stop"/>
    <member type="node" ref="449578620" role="platform"/>
    <member type="node" ref="10711349469" role="stop"/>
    <member type="node" ref="449578623" role="platform"/>
    <member type="node" ref="10735352491" role="stop"/>
    <member type="node" ref="1081513927" role="platform"/>
    <member type="node" ref="10735352493" role="stop"/>
    <member type="node" ref="1081515228" role="platform"/>
    <member type="node" ref="10735352497" role="stop"/>
    <member type="node" ref="1456313591" role="platform"/>
    <member type="node" ref="10735352498" role="stop"/>
    <member type="node" ref="1116495033" role="platform"/>
    <member type="node" ref="10735352499" role="stop"/>
    <member type="node" ref="1116495277" role="platform"/>
    <member type="node" ref="10735352500" role="stop"/>
    <member type="node" ref="1116495699" role="platform"/>
    <member type="node" ref="10735352503" role="stop"/>
    <member type="node" ref="1116495906" role="platform"/>
    <member type="node" ref="10735352509" role="stop"/>
    <member type="node" ref="1116495411" role="platform"/>
    <member type="node" ref="10735352506" role="stop"/>
    <member type="node" ref="1456313596" role="platform"/>
    <member type="node" ref="10707942802" role="stop"/>
    <member type="node" ref="704794255" role="platform"/>
    <member type="node" ref="10707942803" role="stop"/>
    <member type="node" ref="704758721" role="platform"/>
    <member type="node" ref="10707960266" role="stop"/>
    <member type="node" ref="703742399" role="platform"/>
    <member type="node" ref="9330637096" role="stop_exit_only"/>
    <member type="node" ref="1446621010" role="platform_exit_only"/>
    <member type="way" ref="1228304476" role=""/>
    <member type="way" ref="1228304477" role=""/>
    <member type="way" ref="1218623140" role=""/>
    <member type="way" ref="240772270" role=""/>
    <member type="way" ref="199694028" role=""/>
    <member type="way" ref="1512645406" role=""/>
    <member type="way" ref="38617320" role=""/>
    <member type="way" ref="132338432" role=""/>
    <member type="way" ref="810403178" role=""/>
    <member type="way" ref="1154328946" role=""/>
    <member type="way" ref="24679380" role=""/>
    <member type="way" ref="99888626" role=""/>
    <member type="way" ref="1383068819" role=""/>
    <member type="way" ref="99888616" role=""/>
    <member type="way" ref="1161851063" role=""/>
    <member type="way" ref="104686524" role=""/>
    <member type="way" ref="133171830" role=""/>
    <member type="way" ref="88261066" role=""/>
    <member type="way" ref="424807652" role=""/>
    <member type="way" ref="165466946" role=""/>
    <member type="way" ref="132329903" role=""/>
    <member type="way" ref="132329938" role=""/>
    <member type="way" ref="132329904" role=""/>
    <member type="way" ref="84651249" role=""/>
    <member type="way" ref="88261081" role=""/>
    <member type="way" ref="1256844321" role=""/>
    <member type="way" ref="1256844323" role=""/>
    <member type="way" ref="132336845" role=""/>
    <member type="way" ref="84651191" role=""/>
    <member type="way" ref="1303053830" role=""/>
    <member type="way" ref="23352915" role=""/>
    <member type="way" ref="1271832015" role=""/>
    <member type="way" ref="1303053831" role=""/>
    <member type="way" ref="1303053829" role=""/>
    <member type="way" ref="1303053837" role=""/>
    <member type="way" ref="1303053853" role=""/>
    <member type="way" ref="1303053854" role=""/>
    <member type="way" ref="1271832016" role=""/>
    <member type="way" ref="1303053841" role=""/>
    <member type="way" ref="132376777" role=""/>
    <member type="way" ref="1303053838" role=""/>
    <member type="way" ref="1303053842" role=""/>
    <member type="way" ref="1303053843" role=""/>
    <member type="way" ref="1303053845" role=""/>
    <member type="way" ref="1303053844" role=""/>
    <member type="way" ref="1303053846" role=""/>
    <member type="way" ref="1303053852" role=""/>
    <member type="way" ref="1271832018" role=""/>
    <member type="way" ref="1271832017" role=""/>
    <member type="way" ref="1154151140" role=""/>
    <member type="way" ref="23352803" role=""/>
    <member type="way" ref="87102851" role=""/>
    <member type="way" ref="23368895" role=""/>
    <member type="way" ref="1516041466" role=""/>
    <member type="way" ref="23352937" role=""/>
    <member type="way" ref="24686796" role=""/>
    <member type="way" ref="84651249" role=""/>
    <member type="way" ref="132329913" role=""/>
    <member type="way" ref="132329940" role=""/>
    <member type="way" ref="170358074" role=""/>
    <member type="way" ref="88261061" role=""/>
    <member type="way" ref="138545299" role=""/>
    <member type="way" ref="1256851781" role=""/>
    <member type="way" ref="1304322329" role=""/>
    <member type="way" ref="1256851782" role=""/>
    <member type="way" ref="1304322328" role=""/>
    <member type="way" ref="88261056" role=""/>
    <member type="way" ref="95751563" role=""/>
    <member type="way" ref="104950874" role=""/>
    <member type="way" ref="1256854013" role=""/>
    <member type="way" ref="1256854012" role=""/>
    <member type="way" ref="1256854014" role=""/>
    <member type="way" ref="1256854011" role=""/>
    <member type="way" ref="95751562" role=""/>
    <member type="way" ref="1271823370" role=""/>
    <member type="way" ref="1271823371" role=""/>
    <member type="way" ref="1493119022" role=""/>
    <member type="way" ref="1493119024" role=""/>
    <member type="way" ref="101780232" role=""/>
    <member type="way" ref="1253749429" role=""/>
    <member type="way" ref="95344495" role=""/>
    <member type="way" ref="95344494" role=""/>
    <member type="way" ref="1296454150" role=""/>
    <member type="way" ref="95348010" role=""/>
    <member type="way" ref="95348008" role=""/>
    <member type="way" ref="1271822923" role=""/>
    <member type="way" ref="1271822924" role=""/>
    <member type="way" ref="132560123" role=""/>
    <member type="way" ref="1271822922" role=""/>
    <member type="way" ref="1271822921" role=""/>
    <member type="way" ref="1271822919" role=""/>
    <member type="way" ref="1271822920" role=""/>
    <member type="way" ref="132560121" role=""/>
    <member type="way" ref="356307648" role=""/>
    <member type="way" ref="356307647" role=""/>
    <member type="way" ref="333586973" role=""/>
    <member type="way" ref="430111846" role=""/>
    <member type="way" ref="1271822698" role=""/>
    <member type="way" ref="1284257451" role=""/>
    <member type="way" ref="1284257450" role=""/>
    <member type="way" ref="132382825" role=""/>
    <member type="way" ref="23492690" role=""/>
    <member type="way" ref="64829984" role=""/>
    <member type="way" ref="87756586" role=""/>
    <member type="way" ref="1058165636" role=""/>
    <member type="way" ref="23346292" role=""/>
    <member type="way" ref="356492358" role=""/>
    <member type="way" ref="356492357" role=""/>
    <member type="way" ref="31227118" role=""/>
    <member type="way" ref="31227117" role=""/>
    <member type="way" ref="356492362" role=""/>
    <member type="way" ref="425334568" role=""/>
    <member type="way" ref="31227120" role=""/>
    <member type="way" ref="31227123" role=""/>
    <member type="way" ref="176751893" role=""/>
    <member type="way" ref="176751896" role=""/>
    <member type="way" ref="23510150" role=""/>
    <member type="way" ref="131446697" role=""/>
    <member type="way" ref="93835309" role=""/>
    <member type="way" ref="131446700" role=""/>
    <member type="way" ref="131446701" role=""/>
    <member type="way" ref="131446699" role=""/>
    <member type="way" ref="1176386143" role=""/>
    <member type="way" ref="28882091" role=""/>
    <member type="way" ref="28882089" role=""/>
    <member type="way" ref="206826811" role=""/>
    <member type="way" ref="243040800" role=""/>
    <member type="way" ref="1176386140" role=""/>
    <member type="way" ref="1150746708" role=""/>
    <member type="way" ref="58967508" role=""/>
    <member type="way" ref="807914989" role=""/>
    <member type="way" ref="93642222" role=""/>
    <member type="way" ref="1176473961" role=""/>
    <member type="way" ref="1096972911" role=""/>
    <tag k="air_conditioning" v="yes"/>
    <tag k="bicycle" v="yes"/>
    <tag k="blind" v="limited"/>
    <tag k="bus_class:length" v="4"/>
    <tag k="charge:all-in-one" v="90 RUB"/>
    <tag k="charge:cards" v="83 RUB"/>
    <tag k="charge:sbp" v="83 RUB"/>
    <tag k="charge:troika" v="75 RUB"/>
    <tag k="charge:troika_qr" v="75 RUB"/>
    <tag k="check_date" v="2023-03-14"/>
    <tag k="colour" v="#ff9ad2"/>
    <tag k="deaf" v="yes"/>
    <tag k="description" v="Маршрут обслуживается электробусами"/>
    <tag k="electric_bus" v="yes"/>
    <tag k="electric_bus:type" v="OC"/>
    <tag k="fee" v="yes"/>
    <tag k="fine:ticketless" v="5000 RUB"/>
    <tag k="from" v="МЦД Реутов"/>
    <tag k="name" v="Автобус 79: МЦД Реутов =&gt; Метро «Выхино»"/>
    <tag k="name:uk" v="Автобус 79: Станція Реутове =&gt; Метро &quot;Вихіно&quot;"/>
    <tag k="network" v="Московский транспорт"/>
    <tag k="operator" v="ГУП «Мосгортранс»"/>
    <tag k="payment:cards" v="yes"/>
    <tag k="payment:cash" v="no"/>
    <tag k="payment:contactless" v="yes"/>
    <tag k="payment:maestro" v="no"/>
    <tag k="payment:mastercard" v="no"/>
    <tag k="payment:mir" v="yes"/>
    <tag k="payment:nfc" v="yes"/>
    <tag k="payment:podorozhnik" v="no"/>
    <tag k="payment:sbp" v="yes"/>
    <tag k="payment:social_cards" v="yes"/>
    <tag k="payment:strelka" v="no"/>
    <tag k="payment:troika" v="yes"/>
    <tag k="payment:visa" v="no"/>
    <tag k="public_transport:version" v="2"/>
    <tag k="ref" v="79"/>
    <tag k="route" v="bus"/>
    <tag k="source" v="Реестр смежных маршрутов города Москвы"/>
    <tag k="source:description" v="https://mosgortrans.ru/electrobus/map/"/>
    <tag k="to" v="Метро «Выхино»"/>
    <tag k="type" v="route"/>
    <tag k="website" v="https://transport.mos.ru/transport/schedule/route/141502049"/>
    <tag k="wheelchair" v="yes"/>
  </relation>
  <relation id="1777342" version="136" timestamp="2026-02-12T19:46:20Z" changeset="178473203" uid="2055718" user="Bobropiton">
    <member type="node" ref="10711349467" role="stop_entry_only"/>
    <member type="node" ref="449578628" role="platform_entry_only"/>
    <member type="node" ref="10735352491" role="stop"/>
    <member type="node" ref="1081513927" role="platform"/>
    <member type="node" ref="10735352493" role="stop"/>
    <member type="node" ref="1081515228" role="platform"/>
    <member type="node" ref="10735352494" role="stop"/>
    <member type="node" ref="997420816" role="platform"/>
    <member type="node" ref="10735700569" role="stop"/>
    <member type="node" ref="1076116796" role="platform"/>
    <member type="node" ref="10735700571" role="stop"/>
    <member type="node" ref="1455929578" role="platform"/>
    <member type="node" ref="10707996633" role="stop"/>
    <member type="node" ref="1077128853" role="platform"/>
    <member type="node" ref="10707996632" role="stop"/>
    <member type="node" ref="1455929579" role="platform"/>
    <member type="node" ref="10707996635" role="stop"/>
    <member type="node" ref="1455929571" role="platform"/>
    <member type="node" ref="4241842116" role="stop"/>
    <member type="node" ref="449578611" role="platform"/>
    <member type="node" ref="252866726" role="stop"/>
    <member type="node" ref="457474973" role="platform"/>
    <member type="node" ref="10704706838" role="stop"/>
    <member type="node" ref="1456267497" role="platform"/>
    <member type="node" ref="10707964445" role="stop"/>
    <member type="node" ref="457474975" role="platform"/>
    <member type="node" ref="10707964447" role="stop"/>
    <member type="node" ref="1456267493" role="platform"/>
    <member type="node" ref="10707964448" role="stop"/>
    <member type="node" ref="1456267492" role="platform"/>
    <member type="node" ref="1519221481" role="stop"/>
    <member type="node" ref="1456250152" role="platform"/>
    <member type="node" ref="10707964450" role="stop"/>
    <member type="node" ref="1456250155" role="platform"/>
    <member type="node" ref="3402073783" role="stop"/>
    <member type="node" ref="1456250157" role="platform"/>
    <member type="node" ref="10735352489" role="stop"/>
    <member type="node" ref="8297996372" role="platform"/>
    <member type="node" ref="10735700566" role="stop"/>
    <member type="node" ref="1455949749" role="platform"/>
    <member type="node" ref="10735352481" role="stop"/>
    <member type="node" ref="2904581322" role="platform"/>
    <member type="node" ref="10735352479" role="stop"/>
    <member type="node" ref="1455949760" role="platform"/>
    <member type="node" ref="11748512730" role="stop"/>
    <member type="node" ref="11010920620" role="platform"/>
    <member type="node" ref="10735352475" role="stop"/>
    <member type="node" ref="1378782783" role="platform"/>
    <member type="node" ref="10735352455" role="stop"/>
    <member type="node" ref="1378910612" role="platform"/>
    <member type="node" ref="10735352450" role="stop"/>
    <member type="node" ref="1378782468" role="platform"/>
    <member type="node" ref="10735352448" role="stop"/>
    <member type="node" ref="1378911160" role="platform"/>
    <member type="node" ref="10735352446" role="stop"/>
    <member type="node" ref="1378911998" role="platform"/>
    <member type="node" ref="10735352445" role="stop"/>
    <member type="node" ref="1378911994" role="platform"/>
    <member type="node" ref="10735352441" role="stop"/>
    <member type="node" ref="1378908330" role="platform"/>
    <member type="node" ref="1126344637" role="stop"/>
    <member type="node" ref="1378907618" role="platform"/>
    <member type="node" ref="10735352440" role="stop"/>
    <member type="node" ref="1378906568" role="platform"/>
    <member type="node" ref="10735352463" role="stop"/>
    <member type="node" ref="1378906565" role="platform"/>
    <member type="node" ref="10735352469" role="stop"/>
    <member type="node" ref="1378775721" role="platform"/>
    <member type="node" ref="10735352464" role="stop"/>
    <member type="node" ref="3837089008" role="platform"/>
    <member type="node" ref="10735352411" role="stop"/>
    <member type="node" ref="2171971273" role="platform"/>
    <member type="node" ref="10735352405" role="stop"/>
    <member type="node" ref="1150462415" role="platform"/>
    <member type="node" ref="10735352408" role="stop"/>
    <member type="node" ref="1150462383" role="platform"/>
    <member type="node" ref="10735300691" role="stop"/>
    <member type="node" ref="1150462407" role="platform"/>
    <member type="node" ref="10735300696" role="stop"/>
    <member type="node" ref="1150462379" role="platform"/>
    <member type="node" ref="10735300693" role="stop"/>
    <member type="node" ref="1150462377" role="platform"/>
    <member type="node" ref="10735300703" role="stop"/>
    <member type="node" ref="2168741859" role="platform"/>
    <member type="node" ref="10735300700" role="stop"/>
    <member type="node" ref="1116495868" role="platform"/>
    <member type="node" ref="10735352509" role="stop"/>
    <member type="node" ref="1116495411" role="platform"/>
    <member type="node" ref="10735352506" role="stop"/>
    <member type="node" ref="1456313596" role="platform"/>
    <member type="node" ref="10707942802" role="stop"/>
    <member type="node" ref="704794255" role="platform"/>
    <member type="node" ref="10707942803" role="stop"/>
    <member type="node" ref="704758721" role="platform"/>
    <member type="node" ref="10707960266" role="stop"/>
    <member type="node" ref="703742399" role="platform"/>
    <member type="node" ref="10733855274" role="stop"/>
    <member type="node" ref="1446621012" role="platform"/>
    <member type="node" ref="10707942794" role="stop"/>
    <member type="node" ref="622561802" role="platform"/>
    <member type="node" ref="10707942780" role="stop"/>
    <member type="node" ref="1456610211" role="platform"/>
    <member type="node" ref="10707942782" role="stop"/>
    <member type="node" ref="1456610201" role="platform"/>
    <member type="way" ref="132329942" role=""/>
    <member type="way" ref="1370317707" role=""/>
    <member type="way" ref="1253749429" role=""/>
    <member type="way" ref="95344495" role=""/>
    <member type="way" ref="95344494" role=""/>
    <member type="way" ref="1296454150" role=""/>
    <member type="way" ref="95348010" role=""/>
    <member type="way" ref="95348008" role=""/>
    <member type="way" ref="23352732" role=""/>
    <member type="way" ref="552341094" role=""/>
    <member type="way" ref="552341095" role=""/>
    <member type="way" ref="1264983479" role=""/>
    <member type="way" ref="1264983478" role=""/>
    <member type="way" ref="552341096" role=""/>
    <member type="way" ref="1422558242" role=""/>
    <member type="way" ref="132334434" role=""/>
    <member type="way" ref="1433911428" role=""/>
    <member type="way" ref="1304322332" role=""/>
    <member type="way" ref="1359537438" role=""/>
    <member type="way" ref="1359537439" role=""/>
    <member type="way" ref="1304322331" role=""/>
    <member type="way" ref="1377187246" role=""/>
    <member type="way" ref="1377187245" role=""/>
    <member type="way" ref="178694731" role=""/>
    <member type="way" ref="88261066" role=""/>
    <member type="way" ref="424807652" role=""/>
    <member type="way" ref="165466946" role=""/>
    <member type="way" ref="132329903" role=""/>
    <member type="way" ref="132329938" role=""/>
    <member type="way" ref="132329904" role=""/>
    <member type="way" ref="84651249" role=""/>
    <member type="way" ref="88261081" role=""/>
    <member type="way" ref="1256844321" role=""/>
    <member type="way" ref="1256844323" role=""/>
    <member type="way" ref="132336845" role=""/>
    <member type="way" ref="84651191" role=""/>
    <member type="way" ref="1303053830" role=""/>
    <member type="way" ref="23352915" role=""/>
    <member type="way" ref="1271832015" role=""/>
    <member type="way" ref="1303053831" role=""/>
    <member type="way" ref="1303053829" role=""/>
    <member type="way" ref="1303053837" role=""/>
    <member type="way" ref="1303053853" role=""/>
    <member type="way" ref="1303053854" role=""/>
    <member type="way" ref="1271832016" role=""/>
    <member type="way" ref="1303053841" role=""/>
    <member type="way" ref="132376777" role=""/>
    <member type="way" ref="1303053838" role=""/>
    <member type="way" ref="1303053842" role=""/>
    <member type="way" ref="1303053843" role=""/>
    <member type="way" ref="1303053845" role=""/>
    <member type="way" ref="1303053844" role=""/>
    <member type="way" ref="1303053846" role=""/>
    <member type="way" ref="1303053852" role=""/>
    <member type="way" ref="1271832018" role=""/>
    <member type="way" ref="1271832017" role=""/>
    <member type="way" ref="1154151140" role=""/>
    <member type="way" ref="23352803" role=""/>
    <member type="way" ref="87102851" role=""/>
    <member type="way" ref="132374430" role=""/>
    <member type="way" ref="132374428" role=""/>
    <member type="way" ref="87102849" role=""/>
    <member type="way" ref="23352919" role=""/>
    <member type="way" ref="1271832020" role=""/>
    <member type="way" ref="1271832019" role=""/>
    <member type="way" ref="627089927" role=""/>
    <member type="way" ref="1271832021" role=""/>
    <member type="way" ref="1271832022" role=""/>
    <member type="way" ref="627089925" role=""/>
    <member type="way" ref="627089922" role=""/>
    <member type="way" ref="627089923" role=""/>
    <member type="way" ref="1271832023" role=""/>
    <member type="way" ref="1271832024" role=""/>
    <member type="way" ref="1151081962" role=""/>
    <member type="way" ref="88626861" role=""/>
    <member type="way" ref="1168813890" role=""/>
    <member type="way" ref="1264984019" role=""/>
    <member type="way" ref="1168813889" role=""/>
    <member type="way" ref="1193591531" role=""/>
    <member type="way" ref="1083806951" role=""/>
    <member type="way" ref="1314257978" role=""/>
    <member type="way" ref="611072936" role=""/>
    <member type="way" ref="23353027" role=""/>
    <member type="way" ref="23353021" role=""/>
    <member type="way" ref="132338430" role=""/>
    <member type="way" ref="23368989" role=""/>
    <member type="way" ref="550243731" role=""/>
    <member type="way" ref="445498567" role=""/>
    <member type="way" ref="1290801796" role=""/>
    <member type="way" ref="1290801797" role=""/>
    <member type="way" ref="50717437" role=""/>
    <member type="way" ref="23352713" role=""/>
    <member type="way" ref="1393153307" role=""/>
    <member type="way" ref="1393153308" role=""/>
    <member type="way" ref="132338433" role=""/>
    <member type="way" ref="1393153972" role=""/>
    <member type="way" ref="1393153971" role=""/>
    <member type="way" ref="1161861473" role=""/>
    <member type="way" ref="23347067" role=""/>
    <member type="way" ref="1204419473" role=""/>
    <member type="way" ref="23347047" role=""/>
    <member type="way" ref="1207136626" role=""/>
    <member type="way" ref="132338428" role=""/>
    <member type="way" ref="1207136627" role=""/>
    <member type="way" ref="1206261154" role=""/>
    <member type="way" ref="1206254976" role=""/>
    <member type="way" ref="1206261153" role=""/>
    <member type="way" ref="1206254987" role=""/>
    <member type="way" ref="1161850095" role=""/>
    <member type="way" ref="1206254988" role=""/>
    <member type="way" ref="1206659403" role=""/>
    <member type="way" ref="1206276738" role=""/>
    <member type="way" ref="23368971" role=""/>
    <member type="way" ref="1161850096" role=""/>
    <member type="way" ref="404875332" role=""/>
    <member type="way" ref="200808121" role=""/>
    <member type="way" ref="132906147" role=""/>
    <member type="way" ref="200808122" role=""/>
    <member type="way" ref="404875330" role=""/>
    <member type="way" ref="1320959507" role=""/>
    <member type="way" ref="1320959506" role=""/>
    <member type="way" ref="1394027043" role=""/>
    <member type="way" ref="1320959510" role=""/>
    <member type="way" ref="1320959509" role=""/>
    <member type="way" ref="1394027044" role=""/>
    <member type="way" ref="132937151" role=""/>
    <member type="way" ref="1154344132" role=""/>
    <member type="way" ref="1154344131" role=""/>
    <member type="way" ref="132408065" role=""/>
    <member type="way" ref="30106151" role=""/>
    <member type="way" ref="1289318584" role=""/>
    <member type="way" ref="1289318585" role=""/>
    <member type="way" ref="23492709" role=""/>
    <member type="way" ref="132569613" role=""/>
    <member type="way" ref="45060641" role=""/>
    <member type="way" ref="1357068349" role=""/>
    <member type="way" ref="1355941412" role=""/>
    <member type="way" ref="1357068352" role=""/>
    <member type="way" ref="1355941411" role=""/>
    <member type="way" ref="1357068349" role=""/>
    <member type="way" ref="45060641" role=""/>
    <member type="way" ref="1289320265" role=""/>
    <member type="way" ref="23492734" role=""/>
    <member type="way" ref="39226335" role=""/>
    <member type="way" ref="40866542" role=""/>
    <member type="way" ref="74041788" role=""/>
    <member type="way" ref="405101477" role=""/>
    <member type="way" ref="582374719" role=""/>
    <member type="way" ref="405101476" role=""/>
    <member type="way" ref="74041786" role=""/>
    <member type="way" ref="129393803" role=""/>
    <member type="way" ref="48415743" role=""/>
    <member type="way" ref="23492689" role=""/>
    <member type="way" ref="200976536" role=""/>
    <member type="way" ref="200976537" role=""/>
    <member type="way" ref="23492690" role=""/>
    <member type="way" ref="64829984" role=""/>
    <member type="way" ref="87756586" role=""/>
    <member type="way" ref="1058165636" role=""/>
    <member type="way" ref="23346292" role=""/>
    <member type="way" ref="356492358" role=""/>
    <member type="way" ref="356492357" role=""/>
    <member type="way" ref="31227118" role=""/>
    <member type="way" ref="31227117" role=""/>
    <member type="way" ref="356492362" role=""/>
    <member type="way" ref="425334568" role=""/>
    <member type="way" ref="31227120" role=""/>
    <member type="way" ref="31227123" role=""/>
    <member type="way" ref="176751893" role=""/>
    <member type="way" ref="176751896" role=""/>
    <member type="way" ref="23510150" role=""/>
    <member type="way" ref="131446697" role=""/>
    <member type="way" ref="93835309" role=""/>
    <member type="way" ref="131446700" role=""/>
    <member type="way" ref="131446701" role=""/>
    <member type="way" ref="131446699" role=""/>
    <member type="way" ref="1176386143" role=""/>
    <member type="way" ref="28882091" role=""/>
    <member type="way" ref="28882089" role=""/>
    <member type="way" ref="206826811" role=""/>
    <member type="way" ref="243040800" role=""/>
    <member type="way" ref="1176386140" role=""/>
    <member type="way" ref="1150746708" role=""/>
    <member type="way" ref="58967508" role=""/>
    <member type="way" ref="807914989" role=""/>
    <member type="way" ref="93642222" role=""/>
    <member type="way" ref="1176473965" role=""/>
    <member type="way" ref="1154148903" role=""/>
    <member type="way" ref="50722600" role=""/>
    <member type="way" ref="1096972910" role=""/>
    <member type="way" ref="48833349" role=""/>
    <tag k="air_conditioning" v="yes"/>
    <tag k="bicycle" v="yes"/>
    <tag k="blind" v="limited"/>
    <tag k="bus_class:length" v="4"/>
    <tag k="charge:all-in-one" v="90 RUB"/>
    <tag k="charge:cards" v="83 RUB"/>
    <tag k="charge:sbp" v="83 RUB"/>
    <tag k="charge:troika" v="75 RUB"/>
    <tag k="charge:troika_qr" v="75 RUB"/>
    <tag k="check_date" v="2023-03-14"/>
    <tag k="colour" v="#ff9ad2"/>
    <tag k="deaf" v="yes"/>
    <tag k="description" v="Маршрут обслуживается электробусами"/>
    <tag k="electric_bus" v="yes"/>
    <tag k="electric_bus:type" v="OC"/>
    <tag k="fee" v="yes"/>
    <tag k="fine:ticketless" v="5000 RUB"/>
    <tag k="from" v="3-й микрорайон Новокосина"/>
    <tag k="name" v="Автобус с613: 3-й микрорайон Новокосина =&gt; МЦД Вешняки"/>
    <tag k="name:uk" v="Автобус с613: 3-й мікрорайон Новокосина =&gt; Платформа Вешняки"/>
    <tag k="network" v="Московский транспорт"/>
    <tag k="operator" v="ГУП «Мосгортранс»"/>
    <tag k="payment:cards" v="yes"/>
    <tag k="payment:cash" v="no"/>
    <tag k="payment:contactless" v="yes"/>
    <tag k="payment:maestro" v="no"/>
    <tag k="payment:mastercard" v="no"/>
    <tag k="payment:mir" v="yes"/>
    <tag k="payment:nfc" v="yes"/>
    <tag k="payment:podorozhnik" v="no"/>
    <tag k="payment:sbp" v="yes"/>
    <tag k="payment:social_cards" v="yes"/>
    <tag k="payment:strelka" v="no"/>
    <tag k="payment:troika" v="yes"/>
    <tag k="payment:visa" v="no"/>
    <tag k="public_transport:version" v="2"/>
    <tag k="ref" v="с613"/>
    <tag k="route" v="bus"/>
    <tag k="source" v="Реестр маршрутов города Москвы"/>
    <tag k="source:description" v="https://mosgortrans.ru/electrobus/map/"/>
    <tag k="to" v="МЦД Вешняки"/>
    <tag k="type" v="route"/>
    <tag k="website" v="https://transport.mos.ru/transport/schedule/route/141503313"/>
    <tag k="wheelchair" v="yes"/>
  </relation>
  <relation id="1777343" version="157" timestamp="2026-05-21T07:41:33Z" changeset="182961236" uid="23926472" user="Максим Баранаускас">
    <member type="node" ref="10707942782" role="stop"/>
    <member type="node" ref="1456610201" role="platform"/>
    <member type="node" ref="10707942783" role="stop"/>
    <member type="node" ref="1342573803" role="platform"/>
    <member type="node" ref="10707942786" role="stop"/>
    <member type="node" ref="1342573642" role="platform"/>
    <member type="node" ref="10707942790" role="stop"/>
    <member type="node" ref="1456610214" role="platform"/>
    <member type="node" ref="10707942792" role="stop"/>
    <member type="node" ref="1456610212" role="platform"/>
    <member type="node" ref="567026016" role="stop"/>
    <member type="node" ref="2181441775" role="platform"/>
    <member type="node" ref="10707942793" role="stop"/>
    <member type="node" ref="1872293652" role="platform"/>
    <member type="node" ref="10735495878" role="stop"/>
    <member type="node" ref="663166340" role="platform"/>
    <member type="node" ref="10707960265" role="stop"/>
    <member type="node" ref="703742397" role="platform"/>
    <member type="node" ref="10707942804" role="stop"/>
    <member type="node" ref="704758726" role="platform"/>
    <member type="node" ref="10707942801" role="stop"/>
    <member type="node" ref="704794256" role="platform"/>
    <member type="node" ref="10735352507" role="stop"/>
    <member type="node" ref="1456313593" role="platform"/>
    <member type="node" ref="10735352510" role="stop"/>
    <member type="node" ref="1116495169" role="platform"/>
    <member type="node" ref="4296609211" role="stop"/>
    <member type="node" ref="1116494819" role="platform"/>
    <member type="node" ref="10735300701" role="stop"/>
    <member type="node" ref="775995895" role="platform"/>
    <member type="node" ref="10735300698" role="stop"/>
    <member type="node" ref="1150462392" role="platform"/>
    <member type="node" ref="775995876" role="stop"/>
    <member type="node" ref="1150462418" role="platform"/>
    <member type="node" ref="10735300692" role="stop"/>
    <member type="node" ref="1150462374" role="platform"/>
    <member type="node" ref="10735352407" role="stop"/>
    <member type="node" ref="1150462427" role="platform"/>
    <member type="node" ref="10735352406" role="stop"/>
    <member type="node" ref="1150462372" role="platform"/>
    <member type="node" ref="10735352412" role="stop"/>
    <member type="node" ref="2171971249" role="platform"/>
    <member type="node" ref="11405362641" role="stop"/>
    <member type="node" ref="10882056409" role="platform"/>
    <member type="node" ref="10735352468" role="stop"/>
    <member type="node" ref="1378906564" role="platform"/>
    <member type="node" ref="10735352462" role="stop"/>
    <member type="node" ref="1378906566" role="platform"/>
    <member type="node" ref="10735352439" role="stop"/>
    <member type="node" ref="1378906567" role="platform"/>
    <member type="node" ref="10735352436" role="stop"/>
    <member type="node" ref="2194610180" role="platform"/>
    <member type="node" ref="10735352443" role="stop"/>
    <member type="node" ref="1378908948" role="platform"/>
    <member type="node" ref="10735352444" role="stop"/>
    <member type="node" ref="1378912393" role="platform"/>
    <member type="node" ref="10735352447" role="stop"/>
    <member type="node" ref="1378911996" role="platform"/>
    <member type="node" ref="10735352449" role="stop"/>
    <member type="node" ref="1373054993" role="platform"/>
    <member type="node" ref="10735352454" role="stop"/>
    <member type="node" ref="2171971283" role="platform"/>
    <member type="node" ref="10735352457" role="stop"/>
    <member type="node" ref="1378910620" role="platform"/>
    <member type="node" ref="10735352476" role="stop"/>
    <member type="node" ref="1378782470" role="platform"/>
    <member type="node" ref="10735352478" role="stop"/>
    <member type="node" ref="5846318877" role="platform"/>
    <member type="node" ref="10735352480" role="stop"/>
    <member type="node" ref="12271443407" role="platform"/>
    <member type="node" ref="10735352482" role="stop"/>
    <member type="node" ref="2904581323" role="platform"/>
    <member type="node" ref="10735352488" role="stop"/>
    <member type="node" ref="1455949751" role="platform"/>
    <member type="node" ref="10735352490" role="stop"/>
    <member type="node" ref="6968479863" role="platform"/>
    <member type="node" ref="10707964454" role="stop"/>
    <member type="node" ref="1456250162" role="platform"/>
    <member type="node" ref="10707964452" role="stop"/>
    <member type="node" ref="1456250158" role="platform"/>
    <member type="node" ref="10707964451" role="stop"/>
    <member type="node" ref="1456250156" role="platform"/>
    <member type="node" ref="1519221521" role="stop"/>
    <member type="node" ref="1456250154" role="platform"/>
    <member type="node" ref="10707964449" role="stop"/>
    <member type="node" ref="457474971" role="platform"/>
    <member type="node" ref="2436687543" role="stop"/>
    <member type="node" ref="1456267494" role="platform"/>
    <member type="node" ref="10707964446" role="stop"/>
    <member type="node" ref="1456267495" role="platform"/>
    <member type="node" ref="10704706833" role="stop"/>
    <member type="node" ref="11684558770" role="platform"/>
    <member type="node" ref="10704706839" role="stop"/>
    <member type="node" ref="1456267496" role="platform"/>
    <member type="node" ref="10704706840" role="stop"/>
    <member type="node" ref="457474974" role="platform"/>
    <member type="node" ref="10707964444" role="stop"/>
    <member type="node" ref="449578614" role="platform"/>
    <member type="node" ref="10707996636" role="stop"/>
    <member type="node" ref="1029426209" role="platform"/>
    <member type="node" ref="10707996631" role="stop"/>
    <member type="node" ref="1455929580" role="platform"/>
    <member type="node" ref="10707996634" role="stop"/>
    <member type="node" ref="1455929581" role="platform"/>
    <member type="node" ref="10735700572" role="stop"/>
    <member type="node" ref="1455929577" role="platform"/>
    <member type="node" ref="10735700570" role="stop"/>
    <member type="node" ref="1455929575" role="platform"/>
    <member type="node" ref="10735700567" role="stop"/>
    <member type="node" ref="1076116799" role="platform"/>
    <member type="node" ref="10735352492" role="stop"/>
    <member type="node" ref="1081515227" role="platform"/>
    <member type="node" ref="10711349468" role="stop_exit_only"/>
    <member type="node" ref="449578625" role="platform_exit_only"/>
    <member type="way" ref="627945198" role=""/>
    <member type="way" ref="625948715" role=""/>
    <member type="way" ref="1154353101" role=""/>
    <member type="way" ref="30353683" role=""/>
    <member type="way" ref="119502453" role=""/>
    <member type="way" ref="119502464" role=""/>
    <member type="way" ref="119502467" role=""/>
    <member type="way" ref="50722605" role=""/>
    <member type="way" ref="1494640973" role=""/>
    <member type="way" ref="1494640972" role=""/>
    <member type="way" ref="1494640970" role=""/>
    <member type="way" ref="1494640969" role=""/>
    <member type="way" ref="1310925370" role=""/>
    <member type="way" ref="1310925369" role=""/>
    <member type="way" ref="1495221939" role=""/>
    <member type="way" ref="1495221940" role=""/>
    <member type="way" ref="23366206" role=""/>
    <member type="way" ref="1096972910" role=""/>
    <member type="way" ref="50722600" role=""/>
    <member type="way" ref="1154148903" role=""/>
    <member type="way" ref="1176473963" role=""/>
    <member type="way" ref="1096972911" role=""/>
    <member type="way" ref="93642213" role=""/>
    <member type="way" ref="1154373500" role=""/>
    <member type="way" ref="1154328948" role=""/>
    <member type="way" ref="1150746711" role=""/>
    <member type="way" ref="363289348" role=""/>
    <member type="way" ref="1154706740" role=""/>
    <member type="way" ref="17503624" role=""/>
    <member type="way" ref="1096972905" role=""/>
    <member type="way" ref="243040798" role=""/>
    <member type="way" ref="44852933" role=""/>
    <member type="way" ref="56755144" role=""/>
    <member type="way" ref="1176386139" role=""/>
    <member type="way" ref="78699224" role=""/>
    <member type="way" ref="1176386144" role=""/>
    <member type="way" ref="131446698" role=""/>
    <member type="way" ref="23510147" role=""/>
    <member type="way" ref="176751896" role=""/>
    <member type="way" ref="176751893" role=""/>
    <member type="way" ref="31227123" role=""/>
    <member type="way" ref="1518039494" role=""/>
    <member type="way" ref="23346232" role=""/>
    <member type="way" ref="160015138" role=""/>
    <member type="way" ref="207901573" role=""/>
    <member type="way" ref="1151039778" role=""/>
    <member type="way" ref="23346314" role=""/>
    <member type="way" ref="356492359" role=""/>
    <member type="way" ref="23346313" role=""/>
    <member type="way" ref="85740980" role=""/>
    <member type="way" ref="85740977" role=""/>
    <member type="way" ref="85740976" role=""/>
    <member type="way" ref="1058165636" role=""/>
    <member type="way" ref="87756586" role=""/>
    <member type="way" ref="64829984" role=""/>
    <member type="way" ref="23492690" role=""/>
    <member type="way" ref="200976537" role=""/>
    <member type="way" ref="200976536" role=""/>
    <member type="way" ref="23492689" role=""/>
    <member type="way" ref="48415743" role=""/>
    <member type="way" ref="129393803" role=""/>
    <member type="way" ref="74041786" role=""/>
    <member type="way" ref="405101476" role=""/>
    <member type="way" ref="582374719" role=""/>
    <member type="way" ref="405101477" role=""/>
    <member type="way" ref="74041788" role=""/>
    <member type="way" ref="40866542" role=""/>
    <member type="way" ref="1284734735" role=""/>
    <member type="way" ref="23492675" role=""/>
    <member type="way" ref="1289322896" role=""/>
    <member type="way" ref="1289322895" role=""/>
    <member type="way" ref="1357068352" role=""/>
    <member type="way" ref="1355941411" role=""/>
    <member type="way" ref="1357068349" role=""/>
    <member type="way" ref="45060641" role=""/>
    <member type="way" ref="132569613" role=""/>
    <member type="way" ref="23492709" role=""/>
    <member type="way" ref="1289318585" role=""/>
    <member type="way" ref="1289318584" role=""/>
    <member type="way" ref="30106151" role=""/>
    <member type="way" ref="132408065" role=""/>
    <member type="way" ref="1154344131" role=""/>
    <member type="way" ref="1154344132" role=""/>
    <member type="way" ref="132937151" role=""/>
    <member type="way" ref="1320959508" role=""/>
    <member type="way" ref="396529066" role=""/>
    <member type="way" ref="1320189944" role=""/>
    <member type="way" ref="200808066" role=""/>
    <member type="way" ref="200808065" role=""/>
    <member type="way" ref="132408067" role=""/>
    <member type="way" ref="1320959507" role=""/>
    <member type="way" ref="404875330" role=""/>
    <member type="way" ref="200808122" role=""/>
    <member type="way" ref="132906147" role=""/>
    <member type="way" ref="200808121" role=""/>
    <member type="way" ref="404875332" role=""/>
    <member type="way" ref="1161850096" role=""/>
    <member type="way" ref="23368971" role=""/>
    <member type="way" ref="1206276738" role=""/>
    <member type="way" ref="1206659403" role=""/>
    <member type="way" ref="1206254988" role=""/>
    <member type="way" ref="883254842" role=""/>
    <member type="way" ref="883254871" role=""/>
    <member type="way" ref="1206254983" role=""/>
    <member type="way" ref="1206254981" role=""/>
    <member type="way" ref="883254872" role=""/>
    <member type="way" ref="1206261153" role=""/>
    <member type="way" ref="1206254976" role=""/>
    <member type="way" ref="1206261154" role=""/>
    <member type="way" ref="1207136627" role=""/>
    <member type="way" ref="132338428" role=""/>
    <member type="way" ref="1207136626" role=""/>
    <member type="way" ref="23347047" role=""/>
    <member type="way" ref="1204419473" role=""/>
    <member type="way" ref="46155857" role=""/>
    <member type="way" ref="1161861472" role=""/>
    <member type="way" ref="74947602" role=""/>
    <member type="way" ref="456565614" role=""/>
    <member type="way" ref="1161861473" role=""/>
    <member type="way" ref="1393153971" role=""/>
    <member type="way" ref="1393153972" role=""/>
    <member type="way" ref="132338433" role=""/>
    <member type="way" ref="1393153308" role=""/>
    <member type="way" ref="1393153307" role=""/>
    <member type="way" ref="23352713" role=""/>
    <member type="way" ref="50717437" role=""/>
    <member type="way" ref="1290801797" role=""/>
    <member type="way" ref="1290801796" role=""/>
    <member type="way" ref="445498567" role=""/>
    <member type="way" ref="53207947" role=""/>
    <member type="way" ref="1264568004" role=""/>
    <member type="way" ref="52833392" role=""/>
    <member type="way" ref="23353021" role=""/>
    <member type="way" ref="23346614" role=""/>
    <member type="way" ref="611072936" role=""/>
    <member type="way" ref="1314257978" role=""/>
    <member type="way" ref="1083806951" role=""/>
    <member type="way" ref="1193591531" role=""/>
    <member type="way" ref="1168813889" role=""/>
    <member type="way" ref="1264984019" role=""/>
    <member type="way" ref="1168813890" role=""/>
    <member type="way" ref="88626861" role=""/>
    <member type="way" ref="1151081962" role=""/>
    <member type="way" ref="1271832024" role=""/>
    <member type="way" ref="1271832023" role=""/>
    <member type="way" ref="627089923" role=""/>
    <member type="way" ref="627089922" role=""/>
    <member type="way" ref="627089925" role=""/>
    <member type="way" ref="1271832022" role=""/>
    <member type="way" ref="1271832021" role=""/>
    <member type="way" ref="627089927" role=""/>
    <member type="way" ref="1271832019" role=""/>
    <member type="way" ref="1271832020" role=""/>
    <member type="way" ref="23352919" role=""/>
    <member type="way" ref="87102850" role=""/>
    <member type="way" ref="138545289" role=""/>
    <member type="way" ref="132374648" role=""/>
    <member type="way" ref="1154151140" role=""/>
    <member type="way" ref="1271832017" role=""/>
    <member type="way" ref="1271832018" role=""/>
    <member type="way" ref="1303053852" role=""/>
    <member type="way" ref="1303053846" role=""/>
    <member type="way" ref="1303053844" role=""/>
    <member type="way" ref="1303053845" role=""/>
    <member type="way" ref="1303053843" role=""/>
    <member type="way" ref="1303053842" role=""/>
    <member type="way" ref="1303053838" role=""/>
    <member type="way" ref="132376777" role=""/>
    <member type="way" ref="1303053841" role=""/>
    <member type="way" ref="1271832016" role=""/>
    <member type="way" ref="1303053854" role=""/>
    <member type="way" ref="1303053853" role=""/>
    <member type="way" ref="1303053837" role=""/>
    <member type="way" ref="1303053829" role=""/>
    <member type="way" ref="1303053831" role=""/>
    <member type="way" ref="1271832015" role=""/>
    <member type="way" ref="23352915" role=""/>
    <member type="way" ref="1303053830" role=""/>
    <member type="way" ref="132336851" role=""/>
    <member type="way" ref="23352913" role=""/>
    <member type="way" ref="132336845" role=""/>
    <member type="way" ref="1256844323" role=""/>
    <member type="way" ref="1256844321" role=""/>
    <member type="way" ref="88261050" role=""/>
    <member type="way" ref="1199995004" role=""/>
    <member type="way" ref="84651206" role=""/>
    <member type="way" ref="39411059" role=""/>
    <member type="way" ref="128986756" role=""/>
    <member type="way" ref="178694731" role=""/>
    <member type="way" ref="1377187245" role=""/>
    <member type="way" ref="1377187246" role=""/>
    <member type="way" ref="1304322331" role=""/>
    <member type="way" ref="1359537439" role=""/>
    <member type="way" ref="1359537438" role=""/>
    <member type="way" ref="1304322332" role=""/>
    <member type="way" ref="1433911428" role=""/>
    <member type="way" ref="132334434" role=""/>
    <member type="way" ref="1422558242" role=""/>
    <member type="way" ref="552341096" role=""/>
    <member type="way" ref="1264983478" role=""/>
    <member type="way" ref="1264983479" role=""/>
    <member type="way" ref="552341095" role=""/>
    <member type="way" ref="552341094" role=""/>
    <member type="way" ref="23352732" role=""/>
    <member type="way" ref="95348008" role=""/>
    <member type="way" ref="95348010" role=""/>
    <member type="way" ref="1296454150" role=""/>
    <member type="way" ref="95344494" role=""/>
    <member type="way" ref="95344495" role=""/>
    <member type="way" ref="1253749429" role=""/>
    <member type="way" ref="1370317707" role=""/>
    <tag k="air_conditioning" v="yes"/>
    <tag k="bicycle" v="yes"/>
    <tag k="blind" v="limited"/>
    <tag k="bus_class:length" v="4"/>
    <tag k="charge:all-in-one" v="90 RUB"/>
    <tag k="charge:cards" v="83 RUB"/>
    <tag k="charge:sbp" v="83 RUB"/>
    <tag k="charge:troika" v="75 RUB"/>
    <tag k="charge:troika_qr" v="75 RUB"/>
    <tag k="check_date" v="2023-03-14"/>
    <tag k="colour" v="#ff9ad2"/>
    <tag k="deaf" v="yes"/>
    <tag k="description" v="Маршрут обслуживается электробусами"/>
    <tag k="electric_bus" v="yes"/>
    <tag k="electric_bus:type" v="OC"/>
    <tag k="fee" v="yes"/>
    <tag k="fine:ticketless" v="5000 RUB"/>
    <tag k="from" v="МЦД Вешняки"/>
    <tag k="name" v="Автобус с613: МЦД Вешняки =&gt; Улица Николая Старостина"/>
    <tag k="network" v="Московский транспорт"/>
    <tag k="operator" v="ГУП «Мосгортранс»"/>
    <tag k="payment:cards" v="yes"/>
    <tag k="payment:cash" v="no"/>
    <tag k="payment:contactless" v="yes"/>
    <tag k="payment:maestro" v="no"/>
    <tag k="payment:mastercard" v="no"/>
    <tag k="payment:mir" v="yes"/>
    <tag k="payment:nfc" v="yes"/>
    <tag k="payment:podorozhnik" v="no"/>
    <tag k="payment:sbp" v="yes"/>
    <tag k="payment:social_cards" v="yes"/>
    <tag k="payment:strelka" v="no"/>
    <tag k="payment:troika" v="yes"/>
    <tag k="payment:visa" v="no"/>
    <tag k="public_transport:version" v="2"/>
    <tag k="ref" v="с613"/>
    <tag k="route" v="bus"/>
    <tag k="source" v="Реестр маршрутов города Москвы"/>
    <tag k="source:description" v="https://mosgortrans.ru/electrobus/map/"/>
    <tag k="to" v="Улица Николая Старостина"/>
    <tag k="type" v="route"/>
    <tag k="website" v="https://transport.mos.ru/transport/schedule/route/141503313"/>
    <tag k="wheelchair" v="yes"/>
  </relation>
  <relation id="1779689" version="148" timestamp="2026-05-18T07:49:59Z" changeset="182816719" uid="363136" user="neo-plan">
    <member type="node" ref="10733884141" role="stop_entry_only"/>
    <member type="node" ref="652378852" role="platform_entry_only"/>
    <member type="node" ref="10704706834" role="stop"/>
    <member type="node" ref="652378853" role="platform"/>
    <member type="node" ref="10805901611" role="stop"/>
    <member type="node" ref="1465057563" role="platform"/>
    <member type="node" ref="10805901609" role="stop"/>
    <member type="node" ref="1465057558" role="platform"/>
    <member type="node" ref="4241842116" role="stop"/>
    <member type="node" ref="449578611" role="platform"/>
    <member type="node" ref="252866726" role="stop"/>
    <member type="node" ref="457474973" role="platform"/>
    <member type="node" ref="10704706838" role="stop"/>
    <member type="node" ref="1456267497" role="platform"/>
    <member type="node" ref="10707964445" role="stop"/>
    <member type="node" ref="457474975" role="platform"/>
    <member type="node" ref="10707964447" role="stop"/>
    <member type="node" ref="1456267493" role="platform"/>
    <member type="node" ref="10707964448" role="stop"/>
    <member type="node" ref="1456267492" role="platform"/>
    <member type="node" ref="10733884129" role="stop"/>
    <member type="node" ref="457474972" role="platform"/>
    <member type="node" ref="10733884131" role="stop"/>
    <member type="node" ref="1456250160" role="platform"/>
    <member type="node" ref="10711349475" role="stop"/>
    <member type="node" ref="449578615" role="platform"/>
    <member type="node" ref="10711349473" role="stop"/>
    <member type="node" ref="449578618" role="platform"/>
    <member type="node" ref="10711349472" role="stop"/>
    <member type="node" ref="1076121654" role="platform"/>
    <member type="node" ref="10735700567" role="stop"/>
    <member type="node" ref="1076116799" role="platform"/>
    <member type="node" ref="10735352495" role="stop"/>
    <member type="node" ref="1076116803" role="platform"/>
    <member type="node" ref="10735352497" role="stop"/>
    <member type="node" ref="1456313591" role="platform"/>
    <member type="node" ref="10735352498" role="stop"/>
    <member type="node" ref="1116495033" role="platform"/>
    <member type="node" ref="10735352499" role="stop"/>
    <member type="node" ref="1116495277" role="platform"/>
    <member type="node" ref="10735352500" role="stop"/>
    <member type="node" ref="1116495699" role="platform"/>
    <member type="node" ref="10735352503" role="stop"/>
    <member type="node" ref="1116495906" role="platform"/>
    <member type="node" ref="10735352510" role="stop"/>
    <member type="node" ref="1116495169" role="platform"/>
    <member type="node" ref="4296609211" role="stop"/>
    <member type="node" ref="1116494819" role="platform"/>
    <member type="node" ref="10735352405" role="stop"/>
    <member type="node" ref="1150462415" role="platform"/>
    <member type="node" ref="10735352408" role="stop"/>
    <member type="node" ref="1150462383" role="platform"/>
    <member type="node" ref="10735300691" role="stop"/>
    <member type="node" ref="1150462407" role="platform"/>
    <member type="node" ref="12560103986" role="stop"/>
    <member type="node" ref="12547746747" role="platform"/>
    <member type="node" ref="10735572399" role="stop"/>
    <member type="node" ref="1471221688" role="platform"/>
    <member type="node" ref="10735650232" role="stop"/>
    <member type="node" ref="1458096597" role="platform"/>
    <member type="node" ref="10805897004" role="stop"/>
    <member type="node" ref="1150462431" role="platform"/>
    <member type="node" ref="10805901606" role="stop"/>
    <member type="node" ref="1458096598" role="platform"/>
    <member type="node" ref="10805897003" role="stop"/>
    <member type="node" ref="1458096601" role="platform"/>
    <member type="node" ref="10805897000" role="stop"/>
    <member type="node" ref="677022130" role="platform"/>
    <member type="node" ref="10805896999" role="stop"/>
    <member type="node" ref="4408433124" role="platform"/>
    <member type="node" ref="10805896997" role="stop"/>
    <member type="node" ref="677022168" role="platform"/>
    <member type="node" ref="10735572389" role="stop"/>
    <member type="node" ref="1458080571" role="platform"/>
    <member type="node" ref="10731765316" role="stop"/>
    <member type="node" ref="677022202" role="platform"/>
    <member type="node" ref="10731765315" role="stop"/>
    <member type="node" ref="1458080572" role="platform"/>
    <member type="node" ref="10731765313" role="stop"/>
    <member type="node" ref="1458080587" role="platform"/>
    <member type="node" ref="10731765311" role="stop"/>
    <member type="node" ref="1458080594" role="platform"/>
    <member type="node" ref="10731741399" role="stop"/>
    <member type="node" ref="1458080581" role="platform"/>
    <member type="way" ref="170358072" role=""/>
    <member type="way" ref="1150745075" role=""/>
    <member type="way" ref="133144704" role=""/>
    <member type="way" ref="132336842" role=""/>
    <member type="way" ref="132336840" role=""/>
    <member type="way" ref="1204510645" role=""/>
    <member type="way" ref="1204510644" role=""/>
    <member type="way" ref="72525885" role=""/>
    <member type="way" ref="1204510641" role=""/>
    <member type="way" ref="133182922" role=""/>
    <member type="way" ref="1279204598" role=""/>
    <member type="way" ref="1279204599" role=""/>
    <member type="way" ref="165467013" role=""/>
    <member type="way" ref="1376249839" role=""/>
    <member type="way" ref="1376249838" role=""/>
    <member type="way" ref="133148535" role=""/>
    <member type="way" ref="39411059" role=""/>
    <member type="way" ref="128986756" role=""/>
    <member type="way" ref="88261066" role=""/>
    <member type="way" ref="424807652" role=""/>
    <member type="way" ref="165466946" role=""/>
    <member type="way" ref="132329903" role=""/>
    <member type="way" ref="132329938" role=""/>
    <member type="way" ref="132329904" role=""/>
    <member type="way" ref="84651249" role=""/>
    <member type="way" ref="88261081" role=""/>
    <member type="way" ref="1256844321" role=""/>
    <member type="way" ref="1256844323" role=""/>
    <member type="way" ref="132336845" role=""/>
    <member type="way" ref="84651191" role=""/>
    <member type="way" ref="1303053830" role=""/>
    <member type="way" ref="23352915" role=""/>
    <member type="way" ref="1271832015" role=""/>
    <member type="way" ref="1303053831" role=""/>
    <member type="way" ref="1303053829" role=""/>
    <member type="way" ref="1303053837" role=""/>
    <member type="way" ref="1303053853" role=""/>
    <member type="way" ref="1303053854" role=""/>
    <member type="way" ref="1271832016" role=""/>
    <member type="way" ref="1303053841" role=""/>
    <member type="way" ref="132376777" role=""/>
    <member type="way" ref="1303053838" role=""/>
    <member type="way" ref="1303053842" role=""/>
    <member type="way" ref="1303053843" role=""/>
    <member type="way" ref="1303053845" role=""/>
    <member type="way" ref="1303053844" role=""/>
    <member type="way" ref="1303053846" role=""/>
    <member type="way" ref="1303053852" role=""/>
    <member type="way" ref="1271832018" role=""/>
    <member type="way" ref="1271832017" role=""/>
    <member type="way" ref="1154151140" role=""/>
    <member type="way" ref="23352803" role=""/>
    <member type="way" ref="87102851" role=""/>
    <member type="way" ref="23368895" role=""/>
    <member type="way" ref="1516041466" role=""/>
    <member type="way" ref="23352937" role=""/>
    <member type="way" ref="24686796" role=""/>
    <member type="way" ref="84651249" role=""/>
    <member type="way" ref="132329913" role=""/>
    <member type="way" ref="132329940" role=""/>
    <member type="way" ref="170358074" role=""/>
    <member type="way" ref="88261061" role=""/>
    <member type="way" ref="138545299" role=""/>
    <member type="way" ref="1256851781" role=""/>
    <member type="way" ref="1304322329" role=""/>
    <member type="way" ref="1256851782" role=""/>
    <member type="way" ref="1304322328" role=""/>
    <member type="way" ref="88261056" role=""/>
    <member type="way" ref="95751563" role=""/>
    <member type="way" ref="104950874" role=""/>
    <member type="way" ref="1256854013" role=""/>
    <member type="way" ref="1256854012" role=""/>
    <member type="way" ref="1256854014" role=""/>
    <member type="way" ref="1256854011" role=""/>
    <member type="way" ref="95751562" role=""/>
    <member type="way" ref="1283390721" role=""/>
    <member type="way" ref="1283390722" role=""/>
    <member type="way" ref="23352750" role=""/>
    <member type="way" ref="405101483" role=""/>
    <member type="way" ref="1422558242" role=""/>
    <member type="way" ref="552341096" role=""/>
    <member type="way" ref="1264983478" role=""/>
    <member type="way" ref="1264983479" role=""/>
    <member type="way" ref="552341095" role=""/>
    <member type="way" ref="552341094" role=""/>
    <member type="way" ref="23352732" role=""/>
    <member type="way" ref="1271822923" role=""/>
    <member type="way" ref="1271822924" role=""/>
    <member type="way" ref="132560123" role=""/>
    <member type="way" ref="1271822922" role=""/>
    <member type="way" ref="1271822921" role=""/>
    <member type="way" ref="1271822919" role=""/>
    <member type="way" ref="1271822920" role=""/>
    <member type="way" ref="132560121" role=""/>
    <member type="way" ref="356307648" role=""/>
    <member type="way" ref="356307647" role=""/>
    <member type="way" ref="333586973" role=""/>
    <member type="way" ref="430111846" role=""/>
    <member type="way" ref="1271822698" role=""/>
    <member type="way" ref="1284257451" role=""/>
    <member type="way" ref="1284257450" role=""/>
    <member type="way" ref="132382825" role=""/>
    <member type="way" ref="200976537" role=""/>
    <member type="way" ref="200976536" role=""/>
    <member type="way" ref="23492689" role=""/>
    <member type="way" ref="48415743" role=""/>
    <member type="way" ref="129393803" role=""/>
    <member type="way" ref="74041786" role=""/>
    <member type="way" ref="405101476" role=""/>
    <member type="way" ref="582374719" role=""/>
    <member type="way" ref="405101477" role=""/>
    <member type="way" ref="74041788" role=""/>
    <member type="way" ref="74041787" role=""/>
    <member type="way" ref="23492693" role=""/>
    <member type="way" ref="1195400668" role=""/>
    <member type="way" ref="132570400" role=""/>
    <member type="way" ref="30106151" role=""/>
    <member type="way" ref="1289318584" role=""/>
    <member type="way" ref="1289318585" role=""/>
    <member type="way" ref="23492709" role=""/>
    <member type="way" ref="132569613" role=""/>
    <member type="way" ref="45060641" role=""/>
    <member type="way" ref="1357068349" role=""/>
    <member type="way" ref="1355941412" role=""/>
    <member type="way" ref="1357068352" role=""/>
    <member type="way" ref="1357068348" role=""/>
    <member type="way" ref="132570854" role=""/>
    <member type="way" ref="23492589" role=""/>
    <member type="way" ref="132570409" role=""/>
    <member type="way" ref="133668197" role=""/>
    <member type="way" ref="1422561725" role=""/>
    <member type="way" ref="1051936792" role=""/>
    <member type="way" ref="1422561732" role=""/>
    <member type="way" ref="1422561731" role=""/>
    <member type="way" ref="1422560053" role=""/>
    <member type="way" ref="1389191578" role=""/>
    <member type="way" ref="1389191576" role=""/>
    <member type="way" ref="132570856" role=""/>
    <member type="way" ref="1264987696" role=""/>
    <member type="way" ref="1264987697" role=""/>
    <member type="way" ref="1266618430" role=""/>
    <member type="way" ref="1266618431" role=""/>
    <member type="way" ref="1264987699" role=""/>
    <member type="way" ref="1264987700" role=""/>
    <member type="way" ref="315858012" role=""/>
    <member type="way" ref="23343709" role=""/>
    <member type="way" ref="30106211" role=""/>
    <member type="way" ref="363283578" role=""/>
    <member type="way" ref="47066709" role=""/>
    <member type="way" ref="1218341165" role=""/>
    <member type="way" ref="47066708" role=""/>
    <member type="way" ref="206837070" role=""/>
    <member type="way" ref="253142122" role=""/>
    <member type="way" ref="533052220" role=""/>
    <member type="way" ref="1228716782" role=""/>
    <member type="way" ref="1357068350" role=""/>
    <member type="way" ref="1228716789" role=""/>
    <member type="way" ref="1228716786" role=""/>
    <member type="way" ref="1228716788" role=""/>
    <member type="way" ref="167513938" role=""/>
    <member type="way" ref="132563352" role=""/>
    <member type="way" ref="98472487" role=""/>
    <member type="way" ref="132569605" role=""/>
    <member type="way" ref="98472513" role=""/>
    <member type="way" ref="1161848820" role=""/>
    <tag k="air_conditioning" v="yes"/>
    <tag k="bicycle" v="yes"/>
    <tag k="blind" v="limited"/>
    <tag k="bus_class:length" v="4"/>
    <tag k="charge:all-in-one" v="90 RUB"/>
    <tag k="charge:cards" v="83 RUB"/>
    <tag k="charge:sbp" v="83 RUB"/>
    <tag k="charge:troika" v="75 RUB"/>
    <tag k="charge:troika_qr" v="75 RUB"/>
    <tag k="check_date" v="2023-04-13"/>
    <tag k="colour" v="#ff9ad2"/>
    <tag k="deaf" v="yes"/>
    <tag k="description" v="Маршрут обслуживается электробусами"/>
    <tag k="electric_bus" v="yes"/>
    <tag k="electric_bus:type" v="OC"/>
    <tag k="fee" v="yes"/>
    <tag k="fine:ticketless" v="5000 RUB"/>
    <tag k="from" v="2-й Московский крематорий"/>
    <tag k="name" v="Автобус 723: 2-й Московский крематорий =&gt; Некрасовка"/>
    <tag k="name:uk" v="Автобус 723: 2-й Московський крематорій =&gt; Некрасівка"/>
    <tag k="network" v="Московский транспорт"/>
    <tag k="operator" v="ГУП «Мосгортранс»"/>
    <tag k="payment:cards" v="yes"/>
    <tag k="payment:cash" v="no"/>
    <tag k="payment:contactless" v="yes"/>
    <tag k="payment:maestro" v="no"/>
    <tag k="payment:mastercard" v="no"/>
    <tag k="payment:mir" v="yes"/>
    <tag k="payment:nfc" v="yes"/>
    <tag k="payment:podorozhnik" v="no"/>
    <tag k="payment:sbp" v="yes"/>
    <tag k="payment:social_cards" v="yes"/>
    <tag k="payment:strelka" v="no"/>
    <tag k="payment:troika" v="yes"/>
    <tag k="payment:visa" v="no"/>
    <tag k="public_transport:version" v="2"/>
    <tag k="ref" v="723"/>
    <tag k="route" v="bus"/>
    <tag k="source" v="Реестр смежных маршрутов города Москвы"/>
    <tag k="source:description" v="https://mosgortrans.ru/electrobus/map/"/>
    <tag k="to" v="Некрасовка"/>
    <tag k="type" v="route"/>
    <tag k="website" v="https://transport.mos.ru/transport/schedule/route/141502757"/>
    <tag k="wheelchair" v="yes"/>
  </relation>
  <relation id="1779708" version="150" timestamp="2026-05-18T07:49:59Z" changeset="182816719" uid="363136" user="neo-plan">
    <member type="node" ref="10731741399" role="stop"/>
    <member type="node" ref="1458080581" role="platform"/>
    <member type="node" ref="10731741401" role="stop"/>
    <member type="node" ref="673425621" role="platform"/>
    <member type="node" ref="10731741403" role="stop"/>
    <member type="node" ref="673425618" role="platform"/>
    <member type="node" ref="10731765305" role="stop"/>
    <member type="node" ref="673425617" role="platform"/>
    <member type="node" ref="10731765308" role="stop"/>
    <member type="node" ref="673425616" role="platform"/>
    <member type="node" ref="10731765312" role="stop"/>
    <member type="node" ref="1458080590" role="platform"/>
    <member type="node" ref="10731765314" role="stop"/>
    <member type="node" ref="1458080578" role="platform"/>
    <member type="node" ref="10731765317" role="stop"/>
    <member type="node" ref="673425615" role="platform"/>
    <member type="node" ref="10735572390" role="stop"/>
    <member type="node" ref="1458099576" role="platform"/>
    <member type="node" ref="10805896996" role="stop"/>
    <member type="node" ref="1458096595" role="platform"/>
    <member type="node" ref="10805896998" role="stop"/>
    <member type="node" ref="4408433125" role="platform"/>
    <member type="node" ref="10805897001" role="stop"/>
    <member type="node" ref="1458096596" role="platform"/>
    <member type="node" ref="10805897002" role="stop"/>
    <member type="node" ref="1458096602" role="platform"/>
    <member type="node" ref="10805901607" role="stop"/>
    <member type="node" ref="1458096599" role="platform"/>
    <member type="node" ref="10805901605" role="stop"/>
    <member type="node" ref="1150462411" role="platform"/>
    <member type="node" ref="10735650231" role="stop"/>
    <member type="node" ref="1150462389" role="platform"/>
    <member type="node" ref="10735572400" role="stop"/>
    <member type="node" ref="2168785041" role="platform"/>
    <member type="node" ref="10735300696" role="stop"/>
    <member type="node" ref="1150462379" role="platform"/>
    <member type="node" ref="10735300692" role="stop"/>
    <member type="node" ref="1150462374" role="platform"/>
    <member type="node" ref="10735352407" role="stop"/>
    <member type="node" ref="1150462427" role="platform"/>
    <member type="node" ref="10735352406" role="stop"/>
    <member type="node" ref="1150462372" role="platform"/>
    <member type="node" ref="10735300702" role="stop"/>
    <member type="node" ref="1150462390" role="platform"/>
    <member type="node" ref="10735300700" role="stop"/>
    <member type="node" ref="1116495868" role="platform"/>
    <member type="node" ref="10735352508" role="stop"/>
    <member type="node" ref="1116494968" role="platform"/>
    <member type="node" ref="10735352504" role="stop"/>
    <member type="node" ref="1116495449" role="platform"/>
    <member type="node" ref="1180828951" role="stop"/>
    <member type="node" ref="1116495031" role="platform"/>
    <member type="node" ref="254403628" role="stop"/>
    <member type="node" ref="1116494703" role="platform"/>
    <member type="node" ref="10735352496" role="stop"/>
    <member type="node" ref="1456313592" role="platform"/>
    <member type="node" ref="10735352494" role="stop"/>
    <member type="node" ref="997420816" role="platform"/>
    <member type="node" ref="10735700568" role="stop"/>
    <member type="node" ref="8923646911" role="platform"/>
    <member type="node" ref="983342194" role="stop"/>
    <member type="node" ref="449578622" role="platform"/>
    <member type="node" ref="10711349474" role="stop"/>
    <member type="node" ref="449578619" role="platform"/>
    <member type="node" ref="1025308752" role="stop"/>
    <member type="node" ref="449578617" role="platform"/>
    <member type="node" ref="10733884132" role="stop"/>
    <member type="node" ref="1456250159" role="platform"/>
    <member type="node" ref="10733884130" role="stop"/>
    <member type="node" ref="1456250150" role="platform"/>
    <member type="node" ref="10707964449" role="stop"/>
    <member type="node" ref="457474971" role="platform"/>
    <member type="node" ref="2436687543" role="stop"/>
    <member type="node" ref="1456267494" role="platform"/>
    <member type="node" ref="10707964446" role="stop"/>
    <member type="node" ref="1456267495" role="platform"/>
    <member type="node" ref="10704706833" role="stop"/>
    <member type="node" ref="11684558770" role="platform"/>
    <member type="node" ref="10704706839" role="stop"/>
    <member type="node" ref="1456267496" role="platform"/>
    <member type="node" ref="10704706840" role="stop"/>
    <member type="node" ref="457474974" role="platform"/>
    <member type="node" ref="10707964444" role="stop"/>
    <member type="node" ref="449578614" role="platform"/>
    <member type="node" ref="10805901608" role="stop"/>
    <member type="node" ref="4727798137" role="platform"/>
    <member type="node" ref="10805901610" role="stop"/>
    <member type="node" ref="10805901612" role="platform"/>
    <member type="node" ref="10704706835" role="stop"/>
    <member type="node" ref="1465012228" role="platform"/>
    <member type="node" ref="10733884140" role="stop_exit_only"/>
    <member type="node" ref="1465012225" role="platform_exit_only"/>
    <member type="way" ref="98472484" role=""/>
    <member type="way" ref="1218350522" role=""/>
    <member type="way" ref="23149031" role=""/>
    <member type="way" ref="1264988506" role=""/>
    <member type="way" ref="1264988507" role=""/>
    <member type="way" ref="37320121" role=""/>
    <member type="way" ref="206837080" role=""/>
    <member type="way" ref="167513938" role=""/>
    <member type="way" ref="1308604209" role=""/>
    <member type="way" ref="1228716787" role=""/>
    <member type="way" ref="1228716790" role=""/>
    <member type="way" ref="1228716783" role=""/>
    <member type="way" ref="533052220" role=""/>
    <member type="way" ref="253142122" role=""/>
    <member type="way" ref="206837070" role=""/>
    <member type="way" ref="47066708" role=""/>
    <member type="way" ref="1218341165" role=""/>
    <member type="way" ref="47066709" role=""/>
    <member type="way" ref="363283578" role=""/>
    <member type="way" ref="30106211" role=""/>
    <member type="way" ref="23343709" role=""/>
    <member type="way" ref="315858012" role=""/>
    <member type="way" ref="1264987700" role=""/>
    <member type="way" ref="1264987699" role=""/>
    <member type="way" ref="1266618431" role=""/>
    <member type="way" ref="1266618430" role=""/>
    <member type="way" ref="1264987697" role=""/>
    <member type="way" ref="1264987696" role=""/>
    <member type="way" ref="132570856" role=""/>
    <member type="way" ref="1389191576" role=""/>
    <member type="way" ref="1389191578" role=""/>
    <member type="way" ref="1422560053" role=""/>
    <member type="way" ref="1422561731" role=""/>
    <member type="way" ref="1422561732" role=""/>
    <member type="way" ref="1051936792" role=""/>
    <member type="way" ref="1422561725" role=""/>
    <member type="way" ref="133668197" role=""/>
    <member type="way" ref="132570409" role=""/>
    <member type="way" ref="132570412" role=""/>
    <member type="way" ref="45060641" role=""/>
    <member type="way" ref="1357068349" role=""/>
    <member type="way" ref="1355941412" role=""/>
    <member type="way" ref="1357068352" role=""/>
    <member type="way" ref="1355941411" role=""/>
    <member type="way" ref="1357068349" role=""/>
    <member type="way" ref="45060641" role=""/>
    <member type="way" ref="132569613" role=""/>
    <member type="way" ref="23492709" role=""/>
    <member type="way" ref="1289318585" role=""/>
    <member type="way" ref="1289318584" role=""/>
    <member type="way" ref="1447634140" role=""/>
    <member type="way" ref="132570404" role=""/>
    <member type="way" ref="39226335" role=""/>
    <member type="way" ref="40866542" role=""/>
    <member type="way" ref="74041788" role=""/>
    <member type="way" ref="405101477" role=""/>
    <member type="way" ref="582374719" role=""/>
    <member type="way" ref="405101476" role=""/>
    <member type="way" ref="74041786" role=""/>
    <member type="way" ref="129393803" role=""/>
    <member type="way" ref="48415743" role=""/>
    <member type="way" ref="23492689" role=""/>
    <member type="way" ref="200976536" role=""/>
    <member type="way" ref="200976537" role=""/>
    <member type="way" ref="132382825" role=""/>
    <member type="way" ref="1284257450" role=""/>
    <member type="way" ref="1284257451" role=""/>
    <member type="way" ref="1271822698" role=""/>
    <member type="way" ref="430111846" role=""/>
    <member type="way" ref="333586973" role=""/>
    <member type="way" ref="356307647" role=""/>
    <member type="way" ref="356307648" role=""/>
    <member type="way" ref="132560121" role=""/>
    <member type="way" ref="1271822920" role=""/>
    <member type="way" ref="1271822919" role=""/>
    <member type="way" ref="1271822921" role=""/>
    <member type="way" ref="1271822922" role=""/>
    <member type="way" ref="132560123" role=""/>
    <member type="way" ref="1271822924" role=""/>
    <member type="way" ref="1271822923" role=""/>
    <member type="way" ref="23352732" role=""/>
    <member type="way" ref="552341094" role=""/>
    <member type="way" ref="552341095" role=""/>
    <member type="way" ref="1264983479" role=""/>
    <member type="way" ref="1264983478" role=""/>
    <member type="way" ref="552341096" role=""/>
    <member type="way" ref="1422558242" role=""/>
    <member type="way" ref="405101483" role=""/>
    <member type="way" ref="23352750" role=""/>
    <member type="way" ref="1283390722" role=""/>
    <member type="way" ref="1283390721" role=""/>
    <member type="way" ref="95751562" role=""/>
    <member type="way" ref="1256854011" role=""/>
    <member type="way" ref="1256854014" role=""/>
    <member type="way" ref="1256854012" role=""/>
    <member type="way" ref="1256854013" role=""/>
    <member type="way" ref="104950874" role=""/>
    <member type="way" ref="95751563" role=""/>
    <member type="way" ref="88261056" role=""/>
    <member type="way" ref="1304322328" role=""/>
    <member type="way" ref="1256851782" role=""/>
    <member type="way" ref="1304322329" role=""/>
    <member type="way" ref="1256851781" role=""/>
    <member type="way" ref="88261063" role=""/>
    <member type="way" ref="132329938" role=""/>
    <member type="way" ref="24686799" role=""/>
    <member type="way" ref="23352937" role=""/>
    <member type="way" ref="1516041466" role=""/>
    <member type="way" ref="23352921" role=""/>
    <member type="way" ref="132374428" role=""/>
    <member type="way" ref="132374431" role=""/>
    <member type="way" ref="138545289" role=""/>
    <member type="way" ref="132374648" role=""/>
    <member type="way" ref="1154151140" role=""/>
    <member type="way" ref="1271832017" role=""/>
    <member type="way" ref="1271832018" role=""/>
    <member type="way" ref="1303053852" role=""/>
    <member type="way" ref="1303053846" role=""/>
    <member type="way" ref="1303053844" role=""/>
    <member type="way" ref="1303053845" role=""/>
    <member type="way" ref="1303053843" role=""/>
    <member type="way" ref="1303053842" role=""/>
    <member type="way" ref="1303053838" role=""/>
    <member type="way" ref="132376777" role=""/>
    <member type="way" ref="1303053841" role=""/>
    <member type="way" ref="1271832016" role=""/>
    <member type="way" ref="1303053854" role=""/>
    <member type="way" ref="1303053853" role=""/>
    <member type="way" ref="1303053837" role=""/>
    <member type="way" ref="1303053829" role=""/>
    <member type="way" ref="1303053831" role=""/>
    <member type="way" ref="1271832015" role=""/>
    <member type="way" ref="23352915" role=""/>
    <member type="way" ref="1303053830" role=""/>
    <member type="way" ref="132336851" role=""/>
    <member type="way" ref="23352913" role=""/>
    <member type="way" ref="132336845" role=""/>
    <member type="way" ref="1256844323" role=""/>
    <member type="way" ref="1256844321" role=""/>
    <member type="way" ref="88261050" role=""/>
    <member type="way" ref="1199995004" role=""/>
    <member type="way" ref="84651206" role=""/>
    <member type="way" ref="133148535" role=""/>
    <member type="way" ref="1376249838" role=""/>
    <member type="way" ref="1376249839" role=""/>
    <member type="way" ref="165467013" role=""/>
    <member type="way" ref="1279204599" role=""/>
    <member type="way" ref="1279204598" role=""/>
    <member type="way" ref="133182922" role=""/>
    <member type="way" ref="1204510641" role=""/>
    <member type="way" ref="72525885" role=""/>
    <member type="way" ref="1204510644" role=""/>
    <member type="way" ref="1204510645" role=""/>
    <member type="way" ref="132336840" role=""/>
    <member type="way" ref="132336842" role=""/>
    <member type="way" ref="23368915" role=""/>
    <member type="way" ref="133146088" role=""/>
    <member type="way" ref="1154151142" role=""/>
    <tag k="air_conditioning" v="yes"/>
    <tag k="bicycle" v="yes"/>
    <tag k="blind" v="limited"/>
    <tag k="bus_class:length" v="4"/>
    <tag k="charge:all-in-one" v="90 RUB"/>
    <tag k="charge:cards" v="83 RUB"/>
    <tag k="charge:sbp" v="83 RUB"/>
    <tag k="charge:troika" v="75 RUB"/>
    <tag k="charge:troika_qr" v="75 RUB"/>
    <tag k="check_date" v="2023-04-13"/>
    <tag k="colour" v="#ff9ad2"/>
    <tag k="deaf" v="yes"/>
    <tag k="description" v="Маршрут обслуживается электробусами"/>
    <tag k="electric_bus" v="yes"/>
    <tag k="electric_bus:type" v="OC"/>
    <tag k="fee" v="yes"/>
    <tag k="fine:ticketless" v="5000 RUB"/>
    <tag k="from" v="Некрасовка"/>
    <tag k="name" v="Автобус 723: Некрасовка =&gt; 2-й Московский крематорий"/>
    <tag k="name:uk" v="Автобус 723: Некрасівка =&gt; 2-й Московський крематорій"/>
    <tag k="network" v="Московский транспорт"/>
    <tag k="operator" v="ГУП «Мосгортранс»"/>
    <tag k="payment:cards" v="yes"/>
    <tag k="payment:cash" v="no"/>
    <tag k="payment:contactless" v="yes"/>
    <tag k="payment:maestro" v="no"/>
    <tag k="payment:mastercard" v="no"/>
    <tag k="payment:mir" v="yes"/>
    <tag k="payment:nfc" v="yes"/>
    <tag k="payment:podorozhnik" v="no"/>
    <tag k="payment:sbp" v="yes"/>
    <tag k="payment:social_cards" v="yes"/>
    <tag k="payment:strelka" v="no"/>
    <tag k="payment:troika" v="yes"/>
    <tag k="payment:visa" v="no"/>
    <tag k="public_transport:version" v="2"/>
    <tag k="ref" v="723"/>
    <tag k="route" v="bus"/>
    <tag k="source" v="Реестр смежных маршрутов города Москвы"/>
    <tag k="source:description" v="https://mosgortrans.ru/electrobus/map/"/>
    <tag k="to" v="2-й Московский крематорий"/>
    <tag k="type" v="route"/>
    <tag k="website" v="https://transport.mos.ru/transport/schedule/route/141502757"/>
    <tag k="wheelchair" v="yes"/>
  </relation>
  <relation id="1784891" version="134" timestamp="2026-05-12T16:15:55Z" changeset="182563624" uid="363136" user="neo-plan">
    <member type="node" ref="10735352417" role="stop_entry_only"/>
    <member type="node" ref="1378921587" role="platform_entry_only"/>
    <member type="node" ref="10735352419" role="stop"/>
    <member type="node" ref="1378919676" role="platform"/>
    <member type="node" ref="10735352424" role="stop"/>
    <member type="node" ref="1378912636" role="platform"/>
    <member type="node" ref="10735352445" role="stop"/>
    <member type="node" ref="1378911994" role="platform"/>
    <member type="node" ref="10735352442" role="stop"/>
    <member type="node" ref="1378908949" role="platform"/>
    <member type="node" ref="10735352414" role="stop"/>
    <member type="node" ref="1378910609" role="platform"/>
    <member type="node" ref="10735352457" role="stop"/>
    <member type="node" ref="1378910620" role="platform"/>
    <member type="node" ref="10735352476" role="stop"/>
    <member type="node" ref="1378782470" role="platform"/>
    <member type="node" ref="10735352474" role="stop"/>
    <member type="node" ref="1469813483" role="platform"/>
    <member type="node" ref="10735352471" role="stop"/>
    <member type="node" ref="10735352472" role="platform"/>
    <member type="node" ref="10735352464" role="stop"/>
    <member type="node" ref="3837089008" role="platform"/>
    <member type="node" ref="10735352411" role="stop"/>
    <member type="node" ref="2171971273" role="platform"/>
    <member type="node" ref="10735300700" role="stop"/>
    <member type="node" ref="1116495868" role="platform"/>
    <member type="node" ref="10735352508" role="stop"/>
    <member type="node" ref="1116494968" role="platform"/>
    <member type="node" ref="10735352504" role="stop"/>
    <member type="node" ref="1116495449" role="platform"/>
    <member type="node" ref="1180828951" role="stop"/>
    <member type="node" ref="1116495031" role="platform"/>
    <member type="node" ref="254403628" role="stop"/>
    <member type="node" ref="1116494703" role="platform"/>
    <member type="node" ref="10735352496" role="stop"/>
    <member type="node" ref="1456313592" role="platform"/>
    <member type="node" ref="10735352494" role="stop"/>
    <member type="node" ref="997420816" role="platform"/>
    <member type="node" ref="10735700569" role="stop"/>
    <member type="node" ref="1076116796" role="platform"/>
    <member type="node" ref="10735700571" role="stop"/>
    <member type="node" ref="1455929578" role="platform"/>
    <member type="node" ref="10707996633" role="stop"/>
    <member type="node" ref="1077128853" role="platform"/>
    <member type="node" ref="10707996632" role="stop"/>
    <member type="node" ref="1455929579" role="platform"/>
    <member type="node" ref="10707996635" role="stop"/>
    <member type="node" ref="1455929571" role="platform"/>
    <member type="node" ref="10707964443" role="stop"/>
    <member type="node" ref="1143989826" role="platform"/>
    <member type="node" ref="10735495875" role="stop"/>
    <member type="node" ref="1455949770" role="platform"/>
    <member type="node" ref="10735495876" role="stop"/>
    <member type="node" ref="1455949772" role="platform"/>
    <member type="node" ref="11390434032" role="stop_exit_only"/>
    <member type="node" ref="11203365839" role="platform_exit_only"/>
    <member type="way" ref="1319983091" role=""/>
    <member type="way" ref="1319983092" role=""/>
    <member type="way" ref="78628883" role=""/>
    <member type="way" ref="1207136629" role=""/>
    <member type="way" ref="1207136631" role=""/>
    <member type="way" ref="1207136634" role=""/>
    <member type="way" ref="1207136632" role=""/>
    <member type="way" ref="433144042" role=""/>
    <member type="way" ref="1207136635" role=""/>
    <member type="way" ref="74947610" role=""/>
    <member type="way" ref="74947613" role=""/>
    <member type="way" ref="132338427" role=""/>
    <member type="way" ref="1161861472" role=""/>
    <member type="way" ref="46155857" role=""/>
    <member type="way" ref="1204419473" role=""/>
    <member type="way" ref="23347047" role=""/>
    <member type="way" ref="1207136626" role=""/>
    <member type="way" ref="1207136625" role=""/>
    <member type="way" ref="1304319552" role=""/>
    <member type="way" ref="1304319551" role=""/>
    <member type="way" ref="133545337" role=""/>
    <member type="way" ref="1304321276" role=""/>
    <member type="way" ref="1304321275" role=""/>
    <member type="way" ref="50717437" role=""/>
    <member type="way" ref="1290801797" role=""/>
    <member type="way" ref="1290801796" role=""/>
    <member type="way" ref="445498567" role=""/>
    <member type="way" ref="404875333" role=""/>
    <member type="way" ref="23369014" role=""/>
    <member type="way" ref="132906147" role=""/>
    <member type="way" ref="200808122" role=""/>
    <member type="way" ref="404875330" role=""/>
    <member type="way" ref="1320959507" role=""/>
    <member type="way" ref="1320959506" role=""/>
    <member type="way" ref="1394027043" role=""/>
    <member type="way" ref="1320959510" role=""/>
    <member type="way" ref="1320959509" role=""/>
    <member type="way" ref="1394027044" role=""/>
    <member type="way" ref="132937151" role=""/>
    <member type="way" ref="1154344132" role=""/>
    <member type="way" ref="1154344131" role=""/>
    <member type="way" ref="132408065" role=""/>
    <member type="way" ref="132570400" role=""/>
    <member type="way" ref="1195400668" role=""/>
    <member type="way" ref="23492693" role=""/>
    <member type="way" ref="126508286" role=""/>
    <member type="way" ref="405101477" role=""/>
    <member type="way" ref="582374719" role=""/>
    <member type="way" ref="405101476" role=""/>
    <member type="way" ref="74041786" role=""/>
    <member type="way" ref="129393803" role=""/>
    <member type="way" ref="48415743" role=""/>
    <member type="way" ref="23492689" role=""/>
    <member type="way" ref="200976536" role=""/>
    <member type="way" ref="200976537" role=""/>
    <member type="way" ref="132382825" role=""/>
    <member type="way" ref="1284257450" role=""/>
    <member type="way" ref="1284257451" role=""/>
    <member type="way" ref="1271822698" role=""/>
    <member type="way" ref="430111846" role=""/>
    <member type="way" ref="333586973" role=""/>
    <member type="way" ref="356307647" role=""/>
    <member type="way" ref="356307648" role=""/>
    <member type="way" ref="132560121" role=""/>
    <member type="way" ref="1271822920" role=""/>
    <member type="way" ref="1271822919" role=""/>
    <member type="way" ref="1271822921" role=""/>
    <member type="way" ref="1271822922" role=""/>
    <member type="way" ref="132560123" role=""/>
    <member type="way" ref="1271822924" role=""/>
    <member type="way" ref="1271822923" role=""/>
    <member type="way" ref="23352732" role=""/>
    <member type="way" ref="552341094" role=""/>
    <member type="way" ref="552341095" role=""/>
    <member type="way" ref="1264983479" role=""/>
    <member type="way" ref="1264983478" role=""/>
    <member type="way" ref="552341096" role=""/>
    <member type="way" ref="1422558242" role=""/>
    <member type="way" ref="132334434" role=""/>
    <member type="way" ref="1433911428" role=""/>
    <member type="way" ref="1304322332" role=""/>
    <member type="way" ref="1359537438" role=""/>
    <member type="way" ref="1359537439" role=""/>
    <member type="way" ref="1304322331" role=""/>
    <member type="way" ref="1377187246" role=""/>
    <member type="way" ref="1377187245" role=""/>
    <member type="way" ref="178694731" role=""/>
    <member type="way" ref="128986756" role=""/>
    <member type="way" ref="39411059" role=""/>
    <member type="way" ref="132334430" role=""/>
    <member type="way" ref="103164399" role=""/>
    <member type="way" ref="739941636" role=""/>
    <member type="way" ref="132329939" role=""/>
    <member type="way" ref="1383068819" role=""/>
    <member type="way" ref="99888626" role=""/>
    <member type="way" ref="24679380" role=""/>
    <member type="way" ref="1154328946" role=""/>
    <member type="way" ref="810403177" role=""/>
    <member type="way" ref="166484444" role=""/>
    <member type="way" ref="132338431" role=""/>
    <member type="way" ref="36926053" role=""/>
    <member type="way" ref="76706046" role=""/>
    <member type="way" ref="1512645406" role=""/>
    <member type="way" ref="199694028" role=""/>
    <member type="way" ref="240772270" role=""/>
    <member type="way" ref="1218623140" role=""/>
    <member type="way" ref="1228304477" role=""/>
    <tag k="air_conditioning" v="yes"/>
    <tag k="bicycle" v="yes"/>
    <tag k="blind" v="limited"/>
    <tag k="bus_class:length" v="4"/>
    <tag k="charge:all-in-one" v="90 RUB"/>
    <tag k="charge:cards" v="83 RUB"/>
    <tag k="charge:sbp" v="83 RUB"/>
    <tag k="charge:troika" v="75 RUB"/>
    <tag k="charge:troika_qr" v="75 RUB"/>
    <tag k="check_date" v="2023-04-13"/>
    <tag k="colour" v="#ff9ad2"/>
    <tag k="deaf" v="yes"/>
    <tag k="description" v="Маршрут обслуживается электробусами"/>
    <tag k="electric_bus" v="yes"/>
    <tag k="electric_bus:type" v="OC"/>
    <tag k="fee" v="yes"/>
    <tag k="fine:ticketless" v="5000 RUB"/>
    <tag k="from" v="9-й микрорайон Кожухова"/>
    <tag k="name" v="Автобус 773: 9-й микрорайон Кожухова =&gt; МЦД Реутов"/>
    <tag k="name:uk" v="Автобус 773: 9-й мікрорайон Кожухова =&gt; Станція Реутово"/>
    <tag k="network" v="Московский транспорт"/>
    <tag k="operator" v="ГУП «Мосгортранс»"/>
    <tag k="payment:cards" v="yes"/>
    <tag k="payment:cash" v="no"/>
    <tag k="payment:contactless" v="yes"/>
    <tag k="payment:maestro" v="no"/>
    <tag k="payment:mastercard" v="no"/>
    <tag k="payment:mir" v="yes"/>
    <tag k="payment:nfc" v="yes"/>
    <tag k="payment:podorozhnik" v="no"/>
    <tag k="payment:sbp" v="yes"/>
    <tag k="payment:social_cards" v="yes"/>
    <tag k="payment:strelka" v="no"/>
    <tag k="payment:troika" v="yes"/>
    <tag k="payment:visa" v="no"/>
    <tag k="public_transport:version" v="2"/>
    <tag k="ref" v="773"/>
    <tag k="route" v="bus"/>
    <tag k="source" v="Реестр смежных маршрутов города Москвы"/>
    <tag k="source:description" v="https://mosgortrans.ru/electrobus/map/"/>
    <tag k="to" v="МЦД Реутов"/>
    <tag k="type" v="route"/>
    <tag k="website" v="https://transport.mos.ru/transport/schedule/route/141502801"/>
    <tag k="wheelchair" v="yes"/>
  </relation>
  <relation id="1784892" version="138" timestamp="2026-05-12T16:15:55Z" changeset="182563624" uid="363136" user="neo-plan">
    <member type="node" ref="11390434031" role="stop_entry_only"/>
    <member type="node" ref="11100362735" role="platform_entry_only"/>
    <member type="node" ref="10735495876" role="stop"/>
    <member type="node" ref="1455949772" role="platform"/>
    <member type="node" ref="10735495874" role="stop"/>
    <member type="node" ref="1455949768" role="platform"/>
    <member type="node" ref="10707996642" role="stop"/>
    <member type="node" ref="449578609" role="platform"/>
    <member type="node" ref="10707996636" role="stop"/>
    <member type="node" ref="1029426209" role="platform"/>
    <member type="node" ref="10707996631" role="stop"/>
    <member type="node" ref="1455929580" role="platform"/>
    <member type="node" ref="10707996634" role="stop"/>
    <member type="node" ref="1455929581" role="platform"/>
    <member type="node" ref="10735700572" role="stop"/>
    <member type="node" ref="1455929577" role="platform"/>
    <member type="node" ref="10735700570" role="stop"/>
    <member type="node" ref="1455929575" role="platform"/>
    <member type="node" ref="10735700567" role="stop"/>
    <member type="node" ref="1076116799" role="platform"/>
    <member type="node" ref="10735352495" role="stop"/>
    <member type="node" ref="1076116803" role="platform"/>
    <member type="node" ref="10735352497" role="stop"/>
    <member type="node" ref="1456313591" role="platform"/>
    <member type="node" ref="10735352498" role="stop"/>
    <member type="node" ref="1116495033" role="platform"/>
    <member type="node" ref="10735352499" role="stop"/>
    <member type="node" ref="1116495277" role="platform"/>
    <member type="node" ref="10735352500" role="stop"/>
    <member type="node" ref="1116495699" role="platform"/>
    <member type="node" ref="10735352503" role="stop"/>
    <member type="node" ref="1116495906" role="platform"/>
    <member type="node" ref="10735352510" role="stop"/>
    <member type="node" ref="1116495169" role="platform"/>
    <member type="node" ref="4296609211" role="stop"/>
    <member type="node" ref="1116494819" role="platform"/>
    <member type="node" ref="10735352412" role="stop"/>
    <member type="node" ref="2171971249" role="platform"/>
    <member type="node" ref="11405362641" role="stop"/>
    <member type="node" ref="10882056409" role="platform"/>
    <member type="node" ref="10735352413" role="stop"/>
    <member type="node" ref="6521210885" role="platform"/>
    <member type="node" ref="10735352475" role="stop"/>
    <member type="node" ref="1378782783" role="platform"/>
    <member type="node" ref="10735352458" role="stop"/>
    <member type="node" ref="1378910611" role="platform"/>
    <member type="node" ref="10735352415" role="stop"/>
    <member type="node" ref="1378910610" role="platform"/>
    <member type="node" ref="10735352443" role="stop"/>
    <member type="node" ref="1378908948" role="platform"/>
    <member type="node" ref="10735352444" role="stop"/>
    <member type="node" ref="1378912393" role="platform"/>
    <member type="node" ref="10735352425" role="stop"/>
    <member type="node" ref="1378912635" role="platform"/>
    <member type="node" ref="10735352418" role="stop"/>
    <member type="node" ref="1378919807" role="platform"/>
    <member type="node" ref="10735352416" role="stop_exit_only"/>
    <member type="node" ref="1378921586" role="platform_exit_only"/>
    <member type="way" ref="1228304476" role=""/>
    <member type="way" ref="1228304477" role=""/>
    <member type="way" ref="1218623140" role=""/>
    <member type="way" ref="240772270" role=""/>
    <member type="way" ref="199694028" role=""/>
    <member type="way" ref="1512645406" role=""/>
    <member type="way" ref="38617320" role=""/>
    <member type="way" ref="132338432" role=""/>
    <member type="way" ref="810403178" role=""/>
    <member type="way" ref="1154328946" role=""/>
    <member type="way" ref="24679380" role=""/>
    <member type="way" ref="99888626" role=""/>
    <member type="way" ref="1383068819" role=""/>
    <member type="way" ref="99888616" role=""/>
    <member type="way" ref="1161851063" role=""/>
    <member type="way" ref="104686524" role=""/>
    <member type="way" ref="133171830" role=""/>
    <member type="way" ref="178694731" role=""/>
    <member type="way" ref="1377187245" role=""/>
    <member type="way" ref="1377187246" role=""/>
    <member type="way" ref="1304322331" role=""/>
    <member type="way" ref="1359537439" role=""/>
    <member type="way" ref="1359537438" role=""/>
    <member type="way" ref="1304322332" role=""/>
    <member type="way" ref="1433911428" role=""/>
    <member type="way" ref="132334434" role=""/>
    <member type="way" ref="1422558242" role=""/>
    <member type="way" ref="552341096" role=""/>
    <member type="way" ref="1264983478" role=""/>
    <member type="way" ref="1264983479" role=""/>
    <member type="way" ref="552341095" role=""/>
    <member type="way" ref="552341094" role=""/>
    <member type="way" ref="23352732" role=""/>
    <member type="way" ref="1271822923" role=""/>
    <member type="way" ref="1271822924" role=""/>
    <member type="way" ref="132560123" role=""/>
    <member type="way" ref="1271822922" role=""/>
    <member type="way" ref="1271822921" role=""/>
    <member type="way" ref="1271822919" role=""/>
    <member type="way" ref="1271822920" role=""/>
    <member type="way" ref="132560121" role=""/>
    <member type="way" ref="356307648" role=""/>
    <member type="way" ref="356307647" role=""/>
    <member type="way" ref="333586973" role=""/>
    <member type="way" ref="430111846" role=""/>
    <member type="way" ref="1271822698" role=""/>
    <member type="way" ref="1284257451" role=""/>
    <member type="way" ref="1284257450" role=""/>
    <member type="way" ref="132382825" role=""/>
    <member type="way" ref="200976537" role=""/>
    <member type="way" ref="200976536" role=""/>
    <member type="way" ref="23492689" role=""/>
    <member type="way" ref="48415743" role=""/>
    <member type="way" ref="129393803" role=""/>
    <member type="way" ref="74041786" role=""/>
    <member type="way" ref="405101476" role=""/>
    <member type="way" ref="582374719" role=""/>
    <member type="way" ref="405101477" role=""/>
    <member type="way" ref="74041788" role=""/>
    <member type="way" ref="74041787" role=""/>
    <member type="way" ref="23492693" role=""/>
    <member type="way" ref="1195400668" role=""/>
    <member type="way" ref="132570400" role=""/>
    <member type="way" ref="132408065" role=""/>
    <member type="way" ref="1154344131" role=""/>
    <member type="way" ref="1154344132" role=""/>
    <member type="way" ref="132937151" role=""/>
    <member type="way" ref="1320959508" role=""/>
    <member type="way" ref="396529066" role=""/>
    <member type="way" ref="1320189944" role=""/>
    <member type="way" ref="200808066" role=""/>
    <member type="way" ref="200808065" role=""/>
    <member type="way" ref="132408067" role=""/>
    <member type="way" ref="1320959507" role=""/>
    <member type="way" ref="843483058" role=""/>
    <member type="way" ref="971464419" role=""/>
    <member type="way" ref="132338429" role=""/>
    <member type="way" ref="23368989" role=""/>
    <member type="way" ref="550243731" role=""/>
    <member type="way" ref="445498567" role=""/>
    <member type="way" ref="1290801796" role=""/>
    <member type="way" ref="1290801797" role=""/>
    <member type="way" ref="50717437" role=""/>
    <member type="way" ref="1304321275" role=""/>
    <member type="way" ref="1304321276" role=""/>
    <member type="way" ref="133545337" role=""/>
    <member type="way" ref="1304319551" role=""/>
    <member type="way" ref="1304319552" role=""/>
    <member type="way" ref="1207136625" role=""/>
    <member type="way" ref="1207136626" role=""/>
    <member type="way" ref="23347047" role=""/>
    <member type="way" ref="1204419473" role=""/>
    <member type="way" ref="46155857" role=""/>
    <member type="way" ref="1161861472" role=""/>
    <member type="way" ref="132338427" role=""/>
    <member type="way" ref="74947613" role=""/>
    <member type="way" ref="74947610" role=""/>
    <member type="way" ref="1207136635" role=""/>
    <member type="way" ref="433144042" role=""/>
    <member type="way" ref="1207136632" role=""/>
    <member type="way" ref="1207136634" role=""/>
    <member type="way" ref="1207136631" role=""/>
    <member type="way" ref="1207136629" role=""/>
    <member type="way" ref="78628883" role=""/>
    <member type="way" ref="1319983092" role=""/>
    <member type="way" ref="1319983091" role=""/>
    <member type="way" ref="1154312496" role=""/>
    <tag k="air_conditioning" v="yes"/>
    <tag k="bicycle" v="yes"/>
    <tag k="blind" v="limited"/>
    <tag k="bus_class:length" v="4"/>
    <tag k="charge:all-in-one" v="90 RUB"/>
    <tag k="charge:cards" v="83 RUB"/>
    <tag k="charge:sbp" v="83 RUB"/>
    <tag k="charge:troika" v="75 RUB"/>
    <tag k="charge:troika_qr" v="75 RUB"/>
    <tag k="check_date" v="2023-04-13"/>
    <tag k="colour" v="#ff9ad2"/>
    <tag k="deaf" v="yes"/>
    <tag k="description" v="Маршрут обслуживается электробусами"/>
    <tag k="electric_bus" v="yes"/>
    <tag k="electric_bus:type" v="OC"/>
    <tag k="fee" v="yes"/>
    <tag k="fine:ticketless" v="5000 RUB"/>
    <tag k="from" v="МЦД Реутов"/>
    <tag k="name" v="Автобус 773: МЦД Реутов =&gt; 9-й микрорайон Кожухова"/>
    <tag k="name:uk" v="Автобус 773: Станція Реутово =&gt; 9-й мікрорайон Кожухова"/>
    <tag k="network" v="Московский транспорт"/>
    <tag k="operator" v="ГУП «Мосгортранс»"/>
    <tag k="payment:cards" v="yes"/>
    <tag k="payment:cash" v="no"/>
    <tag k="payment:contactless" v="yes"/>
    <tag k="payment:maestro" v="no"/>
    <tag k="payment:mastercard" v="no"/>
    <tag k="payment:mir" v="yes"/>
    <tag k="payment:nfc" v="yes"/>
    <tag k="payment:podorozhnik" v="no"/>
    <tag k="payment:sbp" v="yes"/>
    <tag k="payment:social_cards" v="yes"/>
    <tag k="payment:strelka" v="no"/>
    <tag k="payment:troika" v="yes"/>
    <tag k="payment:visa" v="no"/>
    <tag k="public_transport:version" v="2"/>
    <tag k="ref" v="773"/>
    <tag k="route" v="bus"/>
    <tag k="source" v="Реестр смежных маршрутов города Москвы"/>
    <tag k="source:description" v="https://mosgortrans.ru/electrobus/map/"/>
    <tag k="to" v="9-й микрорайон Кожухова"/>
    <tag k="type" v="route"/>
    <tag k="website" v="https://transport.mos.ru/transport/schedule/route/141502801"/>
    <tag k="wheelchair" v="yes"/>
  </relation>
  <relation id="1865557" version="2" timestamp="2023-08-19T20:17:08Z" changeset="140109426" uid="2055718" user="Bobropiton">
    <member type="way" ref="138545288" role="from"/>
    <member type="node" ref="1519222217" role="via"/>
    <member type="way" ref="1199995004" role="to"/>
    <tag k="restriction" v="only_straight_on"/>
    <tag k="type" v="restriction"/>
  </relation>
  <relation id="1865558" version="2" timestamp="2024-03-02T12:15:09Z" changeset="148128794" uid="363136" user="neo-plan">
    <member type="way" ref="138545299" role="from"/>
    <member type="way" ref="1256851781" role="to"/>
    <member type="node" ref="1519222064" role="via"/>
    <tag k="restriction" v="only_straight_on"/>
    <tag k="type" v="restriction"/>
  </relation>
  <relation id="1865559" version="1" timestamp="2011-11-27T09:07:04Z" changeset="9964286" uid="316868" user="LexIgnatov">
    <member type="way" ref="88261061" role="from"/>
    <member type="way" ref="138545299" role="to"/>
    <member type="node" ref="1519222141" role="via"/>
    <tag k="restriction" v="only_straight_on"/>
    <tag k="type" v="restriction"/>
  </relation>
  <relation id="1865560" version="2" timestamp="2024-03-02T12:15:09Z" changeset="148128794" uid="363136" user="neo-plan">
    <member type="way" ref="1256851781" role="from"/>
    <member type="way" ref="88261063" role="to"/>
    <member type="node" ref="1519222064" role="via"/>
    <tag k="restriction" v="only_straight_on"/>
    <tag k="type" v="restriction"/>
  </relation>
  <relation id="2812353" version="96" timestamp="2026-05-18T07:49:59Z" changeset="182816719" uid="363136" user="neo-plan">
    <member type="node" ref="3787745256" role="stop_entry_only"/>
    <member type="node" ref="3294984717" role="platform_entry_only"/>
    <member type="node" ref="1071420396" role="stop"/>
    <member type="node" ref="472577604" role="platform"/>
    <member type="node" ref="288329151" role="stop"/>
    <member type="node" ref="472577605" role="platform"/>
    <member type="node" ref="1071420449" role="stop"/>
    <member type="node" ref="472577607" role="platform"/>
    <member type="node" ref="1071420374" role="stop"/>
    <member type="node" ref="472577600" role="platform"/>
    <member type="node" ref="1071420408" role="stop"/>
    <member type="node" ref="472577599" role="platform"/>
    <member type="node" ref="1071420490" role="stop"/>
    <member type="node" ref="472577596" role="platform"/>
    <member type="node" ref="10708073867" role="stop"/>
    <member type="node" ref="265986009" role="platform"/>
    <member type="node" ref="10713036456" role="stop"/>
    <member type="node" ref="472140875" role="platform"/>
    <member type="node" ref="1088106798" role="stop"/>
    <member type="node" ref="877000268" role="platform"/>
    <member type="node" ref="10733884133" role="stop"/>
    <member type="node" ref="1465592416" role="platform"/>
    <member type="node" ref="10707964440" role="stop"/>
    <member type="node" ref="449578605" role="platform"/>
    <member type="node" ref="10707996642" role="stop"/>
    <member type="node" ref="449578609" role="platform"/>
    <member type="node" ref="4241842116" role="stop"/>
    <member type="node" ref="449578611" role="platform"/>
    <member type="node" ref="10733884132" role="stop"/>
    <member type="node" ref="1456250159" role="platform"/>
    <member type="node" ref="10733884130" role="stop"/>
    <member type="node" ref="1456250150" role="platform"/>
    <member type="node" ref="10707964449" role="stop"/>
    <member type="node" ref="457474971" role="platform"/>
    <member type="node" ref="2436687543" role="stop"/>
    <member type="node" ref="1456267494" role="platform"/>
    <member type="node" ref="10707964446" role="stop_exit_only"/>
    <member type="node" ref="1456267495" role="platform_exit_only"/>
    <member type="way" ref="490591796" role=""/>
    <member type="way" ref="47098555" role=""/>
    <member type="way" ref="147723524" role=""/>
    <member type="way" ref="443009129" role=""/>
    <member type="way" ref="427572334" role=""/>
    <member type="way" ref="427573275" role=""/>
    <member type="way" ref="135081100" role=""/>
    <member type="way" ref="1167866333" role=""/>
    <member type="way" ref="427576122" role=""/>
    <member type="way" ref="32013211" role=""/>
    <member type="way" ref="1162794341" role=""/>
    <member type="way" ref="427576121" role=""/>
    <member type="way" ref="47098557" role=""/>
    <member type="way" ref="47098556" role=""/>
    <member type="way" ref="427576120" role=""/>
    <member type="way" ref="492219019" role=""/>
    <member type="way" ref="14577187" role=""/>
    <member type="way" ref="133295151" role=""/>
    <member type="way" ref="88107943" role=""/>
    <member type="way" ref="30132014" role=""/>
    <member type="way" ref="30132016" role=""/>
    <member type="way" ref="30132017" role=""/>
    <member type="way" ref="30132020" role=""/>
    <member type="way" ref="31242013" role=""/>
    <member type="way" ref="156283225" role=""/>
    <member type="way" ref="156283220" role=""/>
    <member type="way" ref="156283204" role=""/>
    <member type="way" ref="23252416" role=""/>
    <member type="way" ref="199696700" role=""/>
    <member type="way" ref="30121253" role=""/>
    <member type="way" ref="30130689" role=""/>
    <member type="way" ref="30130697" role=""/>
    <member type="way" ref="29416514" role=""/>
    <member type="way" ref="413470483" role=""/>
    <member type="way" ref="29416513" role=""/>
    <member type="way" ref="906684811" role=""/>
    <member type="way" ref="23215622" role=""/>
    <member type="way" ref="165467003" role=""/>
    <member type="way" ref="180704433" role=""/>
    <member type="way" ref="861178747" role=""/>
    <member type="way" ref="165467002" role=""/>
    <member type="way" ref="23215795" role=""/>
    <member type="way" ref="502194662" role=""/>
    <member type="way" ref="100654340" role=""/>
    <member type="way" ref="960668196" role=""/>
    <member type="way" ref="906685378" role=""/>
    <member type="way" ref="960668798" role=""/>
    <member type="way" ref="100654328" role=""/>
    <member type="way" ref="489853292" role=""/>
    <member type="way" ref="93336543" role=""/>
    <member type="way" ref="93336544" role=""/>
    <member type="way" ref="93336547" role=""/>
    <member type="way" ref="1161851062" role=""/>
    <member type="way" ref="90883375" role=""/>
    <member type="way" ref="133171830" role=""/>
    <member type="way" ref="88261066" role=""/>
    <member type="way" ref="424807652" role=""/>
    <member type="way" ref="165466946" role=""/>
    <member type="way" ref="132329903" role=""/>
    <member type="way" ref="132329938" role=""/>
    <member type="way" ref="24686799" role=""/>
    <member type="way" ref="23352937" role=""/>
    <member type="way" ref="1516041466" role=""/>
    <member type="way" ref="23352921" role=""/>
    <member type="way" ref="132374428" role=""/>
    <member type="way" ref="132374431" role=""/>
    <member type="way" ref="138545289" role=""/>
    <member type="way" ref="132374648" role=""/>
    <member type="way" ref="1154151140" role=""/>
    <member type="way" ref="1271832017" role=""/>
    <member type="way" ref="1271832018" role=""/>
    <member type="way" ref="1303053852" role=""/>
    <member type="way" ref="1303053846" role=""/>
    <member type="way" ref="1303053844" role=""/>
    <member type="way" ref="1303053845" role=""/>
    <member type="way" ref="1303053843" role=""/>
    <member type="way" ref="1303053842" role=""/>
    <member type="way" ref="1303053838" role=""/>
    <member type="way" ref="132376777" role=""/>
    <member type="way" ref="1303053841" role=""/>
    <member type="way" ref="1271832016" role=""/>
    <member type="way" ref="1303053854" role=""/>
    <tag k="air_conditioning" v="yes"/>
    <tag k="bicycle" v="yes"/>
    <tag k="blind" v="limited"/>
    <tag k="bus_class:length" v="4"/>
    <tag k="charge:all-in-one" v="90 RUB"/>
    <tag k="charge:cards" v="83 RUB"/>
    <tag k="charge:sbp" v="83 RUB"/>
    <tag k="charge:troika" v="75 RUB"/>
    <tag k="charge:troika_qr" v="75 RUB"/>
    <tag k="check_date" v="2023-03-14"/>
    <tag k="colour" v="#ff9ad2"/>
    <tag k="deaf" v="yes"/>
    <tag k="description" v="Маршрут обслуживается электробусами"/>
    <tag k="electric_bus" v="yes"/>
    <tag k="electric_bus:type" v="OC"/>
    <tag k="fee" v="yes"/>
    <tag k="fine:ticketless" v="5000 RUB"/>
    <tag k="from" v="Метро «Щёлковская»"/>
    <tag k="name" v="Автобус 760к: Метро «Щёлковская» =&gt; Салтыковская улица, 41"/>
    <tag k="name:uk" v="Автобус 760к: Метро «Щовківська» =&gt; Салтыковская улица, 41"/>
    <tag k="network" v="Московский транспорт"/>
    <tag k="operator" v="ГУП «Мосгортранс»"/>
    <tag k="payment:cards" v="yes"/>
    <tag k="payment:cash" v="no"/>
    <tag k="payment:contactless" v="yes"/>
    <tag k="payment:maestro" v="no"/>
    <tag k="payment:mastercard" v="no"/>
    <tag k="payment:mir" v="yes"/>
    <tag k="payment:nfc" v="yes"/>
    <tag k="payment:podorozhnik" v="no"/>
    <tag k="payment:sbp" v="yes"/>
    <tag k="payment:social_cards" v="yes"/>
    <tag k="payment:strelka" v="no"/>
    <tag k="payment:troika" v="yes"/>
    <tag k="payment:visa" v="no"/>
    <tag k="public_transport:version" v="2"/>
    <tag k="ref" v="760к"/>
    <tag k="route" v="bus"/>
    <tag k="source" v="Реестр маршрутов города Москвы"/>
    <tag k="source:description" v="https://mosgortrans.ru/electrobus/map/"/>
    <tag k="to" v="Салтыковская улица, 41"/>
    <tag k="type" v="route"/>
    <tag k="website" v="https://transport.mos.ru/transport/schedule/route/141502791"/>
    <tag k="wheelchair" v="yes"/>
  </relation>
  <relation id="2812354" version="122" timestamp="2026-05-18T07:49:59Z" changeset="182816719" uid="363136" user="neo-plan">
    <member type="node" ref="10707964445" role="stop_entry_only"/>
    <member type="node" ref="457474975" role="platform_entry_only"/>
    <member type="node" ref="10707964447" role="stop"/>
    <member type="node" ref="1456267493" role="platform"/>
    <member type="node" ref="10707964448" role="stop"/>
    <member type="node" ref="1456267492" role="platform"/>
    <member type="node" ref="10733884129" role="stop"/>
    <member type="node" ref="457474972" role="platform"/>
    <member type="node" ref="10733884131" role="stop"/>
    <member type="node" ref="1456250160" role="platform"/>
    <member type="node" ref="10707964444" role="stop"/>
    <member type="node" ref="449578614" role="platform"/>
    <member type="node" ref="10707964443" role="stop"/>
    <member type="node" ref="1143989826" role="platform"/>
    <member type="node" ref="10707964442" role="stop"/>
    <member type="node" ref="449578608" role="platform"/>
    <member type="node" ref="10707964441" role="stop"/>
    <member type="node" ref="449578607" role="platform"/>
    <member type="node" ref="10733884134" role="stop"/>
    <member type="node" ref="1465592419" role="platform"/>
    <member type="node" ref="1088106841" role="stop"/>
    <member type="node" ref="1088106824" role="platform"/>
    <member type="node" ref="10713036457" role="stop"/>
    <member type="node" ref="1465592406" role="platform"/>
    <member type="node" ref="10708073866" role="stop"/>
    <member type="node" ref="265986434" role="platform"/>
    <member type="node" ref="359068937" role="stop"/>
    <member type="node" ref="472577595" role="platform"/>
    <member type="node" ref="1071420442" role="stop"/>
    <member type="node" ref="472577597" role="platform"/>
    <member type="node" ref="1071420486" role="stop"/>
    <member type="node" ref="472577601" role="platform"/>
    <member type="node" ref="1071420350" role="stop"/>
    <member type="node" ref="472577608" role="platform"/>
    <member type="node" ref="359068945" role="stop"/>
    <member type="node" ref="472577606" role="platform"/>
    <member type="node" ref="2938310012" role="stop"/>
    <member type="node" ref="472577602" role="platform"/>
    <member type="node" ref="10713036455" role="stop_exit_only"/>
    <member type="node" ref="1632035421" role="platform_exit_only"/>
    <member type="way" ref="1303053837" role=""/>
    <member type="way" ref="1303053853" role=""/>
    <member type="way" ref="1303053854" role=""/>
    <member type="way" ref="1271832016" role=""/>
    <member type="way" ref="1303053841" role=""/>
    <member type="way" ref="132376777" role=""/>
    <member type="way" ref="1303053838" role=""/>
    <member type="way" ref="1303053842" role=""/>
    <member type="way" ref="1303053843" role=""/>
    <member type="way" ref="1303053845" role=""/>
    <member type="way" ref="1303053844" role=""/>
    <member type="way" ref="1303053846" role=""/>
    <member type="way" ref="1303053852" role=""/>
    <member type="way" ref="1271832018" role=""/>
    <member type="way" ref="1271832017" role=""/>
    <member type="way" ref="1154151140" role=""/>
    <member type="way" ref="23352803" role=""/>
    <member type="way" ref="87102851" role=""/>
    <member type="way" ref="23368895" role=""/>
    <member type="way" ref="1516041466" role=""/>
    <member type="way" ref="23352937" role=""/>
    <member type="way" ref="24686796" role=""/>
    <member type="way" ref="84651249" role=""/>
    <member type="way" ref="132329913" role=""/>
    <member type="way" ref="138545288" role=""/>
    <member type="way" ref="1199995004" role=""/>
    <member type="way" ref="84651206" role=""/>
    <member type="way" ref="132334430" role=""/>
    <member type="way" ref="30990949" role=""/>
    <member type="way" ref="90883375" role=""/>
    <member type="way" ref="1161851062" role=""/>
    <member type="way" ref="93336547" role=""/>
    <member type="way" ref="93336544" role=""/>
    <member type="way" ref="93336543" role=""/>
    <member type="way" ref="489853292" role=""/>
    <member type="way" ref="100654328" role=""/>
    <member type="way" ref="960668798" role=""/>
    <member type="way" ref="906685378" role=""/>
    <member type="way" ref="960668196" role=""/>
    <member type="way" ref="906684808" role=""/>
    <member type="way" ref="906684802" role=""/>
    <member type="way" ref="906694720" role=""/>
    <member type="way" ref="100024138" role=""/>
    <member type="way" ref="133295154" role=""/>
    <member type="way" ref="29416512" role=""/>
    <member type="way" ref="8655683" role=""/>
    <member type="way" ref="30130694" role=""/>
    <member type="way" ref="30130691" role=""/>
    <member type="way" ref="93704028" role=""/>
    <member type="way" ref="30130687" role=""/>
    <member type="way" ref="93704045" role=""/>
    <member type="way" ref="93704027" role=""/>
    <member type="way" ref="93704040" role=""/>
    <member type="way" ref="156283213" role=""/>
    <member type="way" ref="156283210" role=""/>
    <member type="way" ref="165467001" role=""/>
    <member type="way" ref="156283229" role=""/>
    <member type="way" ref="23014599" role=""/>
    <member type="way" ref="31242004" role=""/>
    <member type="way" ref="30132019" role=""/>
    <member type="way" ref="30132018" role=""/>
    <member type="way" ref="30132015" role=""/>
    <member type="way" ref="30132013" role=""/>
    <member type="way" ref="88107948" role=""/>
    <member type="way" ref="492219017" role=""/>
    <member type="way" ref="133295152" role=""/>
    <member type="way" ref="14201005" role=""/>
    <member type="way" ref="123302868" role=""/>
    <member type="way" ref="123302871" role=""/>
    <member type="way" ref="123302874" role=""/>
    <member type="way" ref="24338247" role=""/>
    <member type="way" ref="32013187" role=""/>
    <member type="way" ref="299748868" role=""/>
    <member type="way" ref="47098558" role=""/>
    <member type="way" ref="47098559" role=""/>
    <member type="way" ref="538376061" role=""/>
    <member type="way" ref="47098553" role=""/>
    <member type="way" ref="47098535" role=""/>
    <member type="way" ref="1217311117" role=""/>
    <member type="way" ref="290278242" role=""/>
    <member type="way" ref="527042794" role=""/>
    <member type="way" ref="290278239" role=""/>
    <member type="way" ref="1172262695" role=""/>
    <member type="way" ref="1172262694" role=""/>
    <member type="way" ref="32013163" role=""/>
    <member type="way" ref="8105511" role=""/>
    <tag k="air_conditioning" v="yes"/>
    <tag k="bicycle" v="yes"/>
    <tag k="blind" v="limited"/>
    <tag k="bus_class:length" v="4"/>
    <tag k="charge:all-in-one" v="90 RUB"/>
    <tag k="charge:cards" v="83 RUB"/>
    <tag k="charge:sbp" v="83 RUB"/>
    <tag k="charge:troika" v="75 RUB"/>
    <tag k="charge:troika_qr" v="75 RUB"/>
    <tag k="check_date" v="2023-03-14"/>
    <tag k="colour" v="#ff9ad2"/>
    <tag k="deaf" v="yes"/>
    <tag k="description" v="Маршрут обслуживается электробусами"/>
    <tag k="electric_bus" v="yes"/>
    <tag k="electric_bus:type" v="OC"/>
    <tag k="fee" v="yes"/>
    <tag k="fine:ticketless" v="5000 RUB"/>
    <tag k="from" v="Салтыковская улица, 41"/>
    <tag k="name" v="Автобус 760к: Салтыковская улица, 41 =&gt; Метро «Щёлковская»"/>
    <tag k="name:uk" v="Автобус 760к: Салтыковская улица, 41 =&gt; Метро «Щовківська»"/>
    <tag k="network" v="Московский транспорт"/>
    <tag k="operator" v="ГУП «Мосгортранс»"/>
    <tag k="payment:cards" v="yes"/>
    <tag k="payment:cash" v="no"/>
    <tag k="payment:contactless" v="yes"/>
    <tag k="payment:maestro" v="no"/>
    <tag k="payment:mastercard" v="no"/>
    <tag k="payment:mir" v="yes"/>
    <tag k="payment:nfc" v="yes"/>
    <tag k="payment:podorozhnik" v="no"/>
    <tag k="payment:sbp" v="yes"/>
    <tag k="payment:social_cards" v="yes"/>
    <tag k="payment:strelka" v="no"/>
    <tag k="payment:troika" v="yes"/>
    <tag k="payment:visa" v="no"/>
    <tag k="public_transport:version" v="2"/>
    <tag k="ref" v="760к"/>
    <tag k="route" v="bus"/>
    <tag k="source" v="Реестр маршрутов города Москвы"/>
    <tag k="source:description" v="https://mosgortrans.ru/electrobus/map/"/>
    <tag k="to" v="Метро «Щёлковская»"/>
    <tag k="type" v="route"/>
    <tag k="website" v="https://transport.mos.ru/transport/schedule/route/141502791"/>
    <tag k="wheelchair" v="yes"/>
  </relation>
  <relation id="5598154" version="2" timestamp="2019-10-29T19:39:50Z" changeset="76362897" uid="9202949" user="Roolet">
    <member type="way" ref="132334430" role="from"/>
    <member type="node" ref="252865630" role="via"/>
    <member type="way" ref="103164399" role="to"/>
    <member type="way" ref="739941636" role="to"/>
    <tag k="lanes" v="2;1"/>
    <tag k="type" v="turnlanes:turns"/>
  </relation>
  <relation id="5598156" version="1" timestamp="2015-10-19T11:33:24Z" changeset="34729940" uid="467526" user="Gumeg">
    <member type="way" ref="132334430" role="from"/>
    <member type="node" ref="252865630" role="via"/>
    <member type="way" ref="30990949" role="to"/>
    <tag k="lanes" v="1"/>
    <tag k="type" v="turnlanes:turns"/>
  </relation>
  <relation id="5598158" version="1" timestamp="2015-10-19T11:33:24Z" changeset="34729940" uid="467526" user="Gumeg">
    <member type="way" ref="132334430" role="from"/>
    <member type="node" ref="252865630" role="via"/>
    <member type="way" ref="165467004" role="to"/>
    <tag k="lanes" v="3"/>
    <tag k="type" v="turnlanes:turns"/>
  </relation>
  <relation id="6319702" version="92" timestamp="2026-05-21T07:41:33Z" changeset="182961236" uid="23926472" user="Максим Баранаускас">
    <member type="node" ref="10735495878" role="stop_entry_only"/>
    <member type="node" ref="663166340" role="platform_entry_only"/>
    <member type="node" ref="10707960265" role="stop"/>
    <member type="node" ref="703742397" role="platform"/>
    <member type="node" ref="10707942804" role="stop"/>
    <member type="node" ref="704758726" role="platform"/>
    <member type="node" ref="10707942801" role="stop"/>
    <member type="node" ref="704794256" role="platform"/>
    <member type="node" ref="10736008148" role="stop"/>
    <member type="node" ref="2519814458" role="platform"/>
    <member type="node" ref="10735352492" role="stop"/>
    <member type="node" ref="1081515227" role="platform"/>
    <member type="node" ref="10711349461" role="stop"/>
    <member type="node" ref="449578626" role="platform"/>
    <member type="node" ref="10711349470" role="stop"/>
    <member type="node" ref="449578624" role="platform"/>
    <member type="node" ref="983342194" role="stop"/>
    <member type="node" ref="449578622" role="platform"/>
    <member type="node" ref="10711349474" role="stop"/>
    <member type="node" ref="449578619" role="platform"/>
    <member type="node" ref="1025308752" role="stop"/>
    <member type="node" ref="449578617" role="platform"/>
    <member type="node" ref="10707964444" role="stop_exit_only"/>
    <member type="node" ref="449578614" role="platform_exit_only"/>
    <member type="way" ref="1154328948" role=""/>
    <member type="way" ref="1150746711" role=""/>
    <member type="way" ref="363289348" role=""/>
    <member type="way" ref="1154706740" role=""/>
    <member type="way" ref="17503624" role=""/>
    <member type="way" ref="1096972905" role=""/>
    <member type="way" ref="243040798" role=""/>
    <member type="way" ref="44852933" role=""/>
    <member type="way" ref="56755144" role=""/>
    <member type="way" ref="1176386139" role=""/>
    <member type="way" ref="78699224" role=""/>
    <member type="way" ref="1176386144" role=""/>
    <member type="way" ref="131446698" role=""/>
    <member type="way" ref="23510147" role=""/>
    <member type="way" ref="176751896" role=""/>
    <member type="way" ref="176751893" role=""/>
    <member type="way" ref="31227123" role=""/>
    <member type="way" ref="1518039494" role=""/>
    <member type="way" ref="23346232" role=""/>
    <member type="way" ref="160015138" role=""/>
    <member type="way" ref="207901573" role=""/>
    <member type="way" ref="1151039778" role=""/>
    <member type="way" ref="23346314" role=""/>
    <member type="way" ref="356492359" role=""/>
    <member type="way" ref="23346313" role=""/>
    <member type="way" ref="85740980" role=""/>
    <member type="way" ref="85740977" role=""/>
    <member type="way" ref="23346544" role=""/>
    <member type="way" ref="356492358" role=""/>
    <member type="way" ref="23346367" role=""/>
    <member type="way" ref="1154385721" role=""/>
    <member type="way" ref="1154385720" role=""/>
    <member type="way" ref="23991635" role=""/>
    <member type="way" ref="133535203" role=""/>
    <member type="way" ref="133535231" role=""/>
    <member type="way" ref="133535201" role=""/>
    <member type="way" ref="95348008" role=""/>
    <member type="way" ref="95348010" role=""/>
    <member type="way" ref="1296454150" role=""/>
    <member type="way" ref="95344494" role=""/>
    <member type="way" ref="95344495" role=""/>
    <member type="way" ref="1253749429" role=""/>
    <member type="way" ref="101780232" role=""/>
    <member type="way" ref="1493119024" role=""/>
    <member type="way" ref="1493119022" role=""/>
    <member type="way" ref="1271823371" role=""/>
    <member type="way" ref="1271823370" role=""/>
    <member type="way" ref="95751562" role=""/>
    <member type="way" ref="1256854011" role=""/>
    <member type="way" ref="1256854014" role=""/>
    <member type="way" ref="1256854012" role=""/>
    <member type="way" ref="1256854013" role=""/>
    <member type="way" ref="104950874" role=""/>
    <member type="way" ref="95751563" role=""/>
    <member type="way" ref="88261056" role=""/>
    <member type="way" ref="1304322328" role=""/>
    <member type="way" ref="1256851782" role=""/>
    <member type="way" ref="1304322329" role=""/>
    <member type="way" ref="1256851781" role=""/>
    <member type="way" ref="88261063" role=""/>
    <member type="way" ref="132329938" role=""/>
    <member type="way" ref="132329904" role=""/>
    <member type="way" ref="84651249" role=""/>
    <member type="way" ref="132329913" role=""/>
    <member type="way" ref="138545288" role=""/>
    <member type="way" ref="1199995004" role=""/>
    <tag k="air_conditioning" v="yes"/>
    <tag k="bicycle" v="yes"/>
    <tag k="blind" v="limited"/>
    <tag k="bus_class:length" v="4"/>
    <tag k="charge:all-in-one" v="90 RUB"/>
    <tag k="charge:cards" v="83 RUB"/>
    <tag k="charge:sbp" v="83 RUB"/>
    <tag k="charge:troika" v="75 RUB"/>
    <tag k="charge:troika_qr" v="75 RUB"/>
    <tag k="check_date" v="2023-03-14"/>
    <tag k="colour" v="#c2e6ff"/>
    <tag k="deaf" v="yes"/>
    <tag k="description" v="Маршрут обслуживается электробусами"/>
    <tag k="electric_bus" v="yes"/>
    <tag k="electric_bus:type" v="OC"/>
    <tag k="fee" v="yes"/>
    <tag k="fine:ticketless" v="5000 RUB"/>
    <tag k="from" v="Метро «Выхино»"/>
    <tag k="name" v="Автобус 502: Метро «Выхино» =&gt; Метро «Новокосино»"/>
    <tag k="name:uk" v="Автобус 502: Метро &quot;Вихіно&quot; =&gt; Метро &quot;Новокосине&quot;"/>
    <tag k="network" v="Московский транспорт"/>
    <tag k="operator" v="ГУП «Мосгортранс»"/>
    <tag k="payment:cards" v="yes"/>
    <tag k="payment:cash" v="no"/>
    <tag k="payment:contactless" v="yes"/>
    <tag k="payment:maestro" v="no"/>
    <tag k="payment:mastercard" v="no"/>
    <tag k="payment:mir" v="yes"/>
    <tag k="payment:nfc" v="yes"/>
    <tag k="payment:podorozhnik" v="no"/>
    <tag k="payment:sbp" v="yes"/>
    <tag k="payment:social_cards" v="yes"/>
    <tag k="payment:strelka" v="no"/>
    <tag k="payment:troika" v="yes"/>
    <tag k="payment:visa" v="no"/>
    <tag k="public_transport:version" v="2"/>
    <tag k="ref" v="502"/>
    <tag k="route" v="bus"/>
    <tag k="source" v="Реестр маршрутов города Москвы"/>
    <tag k="source:description" v="https://mosgortrans.ru/electrobus/map/"/>
    <tag k="to" v="Метро «Новокосино»"/>
    <tag k="type" v="route"/>
    <tag k="website" v="https://transport.mos.ru/transport/schedule/route/141504116"/>
    <tag k="wheelchair" v="yes"/>
  </relation>
  <relation id="6319703" version="66" timestamp="2026-03-26T15:14:34Z" changeset="180459046" uid="363136" user="neo-plan">
    <member type="node" ref="4241842116" role="stop_entry_only"/>
    <member type="node" ref="449578611" role="platform_entry_only"/>
    <member type="node" ref="10711349475" role="stop"/>
    <member type="node" ref="449578615" role="platform"/>
    <member type="node" ref="10711349473" role="stop"/>
    <member type="node" ref="449578618" role="platform"/>
    <member type="node" ref="10711349471" role="stop"/>
    <member type="node" ref="449578620" role="platform"/>
    <member type="node" ref="10711349469" role="stop"/>
    <member type="node" ref="449578623" role="platform"/>
    <member type="node" ref="10735352491" role="stop"/>
    <member type="node" ref="1081513927" role="platform"/>
    <member type="node" ref="10735352493" role="stop"/>
    <member type="node" ref="1081515228" role="platform"/>
    <member type="node" ref="10736008147" role="stop"/>
    <member type="node" ref="2619399983" role="platform"/>
    <member type="node" ref="10707942802" role="stop"/>
    <member type="node" ref="704794255" role="platform"/>
    <member type="node" ref="10707942803" role="stop"/>
    <member type="node" ref="704758721" role="platform"/>
    <member type="node" ref="10707960266" role="stop"/>
    <member type="node" ref="703742399" role="platform"/>
    <member type="node" ref="9330637096" role="stop_exit_only"/>
    <member type="node" ref="1446621010" role="platform_exit_only"/>
    <member type="way" ref="424807652" role=""/>
    <member type="way" ref="138545299" role=""/>
    <member type="way" ref="1256851781" role=""/>
    <member type="way" ref="1304322329" role=""/>
    <member type="way" ref="1256851782" role=""/>
    <member type="way" ref="1304322328" role=""/>
    <member type="way" ref="88261056" role=""/>
    <member type="way" ref="95751563" role=""/>
    <member type="way" ref="104950874" role=""/>
    <member type="way" ref="1256854013" role=""/>
    <member type="way" ref="1256854012" role=""/>
    <member type="way" ref="1256854014" role=""/>
    <member type="way" ref="1256854011" role=""/>
    <member type="way" ref="95751562" role=""/>
    <member type="way" ref="1271823370" role=""/>
    <member type="way" ref="1271823371" role=""/>
    <member type="way" ref="1493119022" role=""/>
    <member type="way" ref="1493119024" role=""/>
    <member type="way" ref="101780232" role=""/>
    <member type="way" ref="1253749429" role=""/>
    <member type="way" ref="95344495" role=""/>
    <member type="way" ref="95344494" role=""/>
    <member type="way" ref="1296454150" role=""/>
    <member type="way" ref="95348010" role=""/>
    <member type="way" ref="95348008" role=""/>
    <member type="way" ref="24226521" role=""/>
    <member type="way" ref="133535223" role=""/>
    <member type="way" ref="133535226" role=""/>
    <member type="way" ref="133535239" role=""/>
    <member type="way" ref="30130705" role=""/>
    <member type="way" ref="425334182" role=""/>
    <member type="way" ref="23346429" role=""/>
    <member type="way" ref="425334568" role=""/>
    <member type="way" ref="31227120" role=""/>
    <member type="way" ref="31227123" role=""/>
    <member type="way" ref="176751893" role=""/>
    <member type="way" ref="176751896" role=""/>
    <member type="way" ref="23510150" role=""/>
    <member type="way" ref="131446697" role=""/>
    <member type="way" ref="93835309" role=""/>
    <member type="way" ref="131446700" role=""/>
    <member type="way" ref="131446701" role=""/>
    <member type="way" ref="131446699" role=""/>
    <member type="way" ref="1176386143" role=""/>
    <member type="way" ref="28882091" role=""/>
    <member type="way" ref="28882089" role=""/>
    <member type="way" ref="206826811" role=""/>
    <member type="way" ref="243040800" role=""/>
    <member type="way" ref="1176386140" role=""/>
    <member type="way" ref="1150746708" role=""/>
    <member type="way" ref="58967508" role=""/>
    <member type="way" ref="807914989" role=""/>
    <member type="way" ref="93642222" role=""/>
    <member type="way" ref="1176473961" role=""/>
    <member type="way" ref="1096972911" role=""/>
    <tag k="air_conditioning" v="yes"/>
    <tag k="bicycle" v="yes"/>
    <tag k="blind" v="limited"/>
    <tag k="bus_class:length" v="4"/>
    <tag k="charge:all-in-one" v="90 RUB"/>
    <tag k="charge:cards" v="83 RUB"/>
    <tag k="charge:sbp" v="83 RUB"/>
    <tag k="charge:troika" v="75 RUB"/>
    <tag k="charge:troika_qr" v="75 RUB"/>
    <tag k="check_date" v="2023-03-14"/>
    <tag k="colour" v="#c2e6ff"/>
    <tag k="deaf" v="yes"/>
    <tag k="description" v="Маршрут обслуживается электробусами"/>
    <tag k="electric_bus" v="yes"/>
    <tag k="electric_bus:type" v="OC"/>
    <tag k="fee" v="yes"/>
    <tag k="fine:ticketless" v="5000 RUB"/>
    <tag k="from" v="Метро «Новокосино»"/>
    <tag k="name" v="Автобус 502: Метро «Новокосино» =&gt; Метро «Выхино»"/>
    <tag k="name:uk" v="Автобус 502: Метро «Новокосине» =&gt; Метро «Вихине»"/>
    <tag k="network" v="Московский транспорт"/>
    <tag k="operator" v="ГУП «Мосгортранс»"/>
    <tag k="payment:cards" v="yes"/>
    <tag k="payment:cash" v="no"/>
    <tag k="payment:contactless" v="yes"/>
    <tag k="payment:maestro" v="no"/>
    <tag k="payment:mastercard" v="no"/>
    <tag k="payment:mir" v="yes"/>
    <tag k="payment:nfc" v="yes"/>
    <tag k="payment:podorozhnik" v="no"/>
    <tag k="payment:sbp" v="yes"/>
    <tag k="payment:social_cards" v="yes"/>
    <tag k="payment:strelka" v="no"/>
    <tag k="payment:troika" v="yes"/>
    <tag k="payment:visa" v="no"/>
    <tag k="public_transport:version" v="2"/>
    <tag k="ref" v="502"/>
    <tag k="route" v="bus"/>
    <tag k="source" v="Реестр маршрутов города Москвы"/>
    <tag k="source:description" v="https://mosgortrans.ru/electrobus/map/"/>
    <tag k="to" v="Метро «Выхино»"/>
    <tag k="type" v="route"/>
    <tag k="website" v="https://transport.mos.ru/transport/schedule/route/141504116"/>
    <tag k="wheelchair" v="yes"/>
  </relation>
  <relation id="6723888" version="163" timestamp="2026-06-19T14:48:50Z" changeset="184319608" uid="23926472" user="Максим Баранаускас">
    <member type="node" ref="4819131078" role="stop_entry_only"/>
    <member type="node" ref="4510571148" role="platform_entry_only"/>
    <member type="node" ref="2443311251" role="stop"/>
    <member type="node" ref="1478832187" role="platform"/>
    <member type="node" ref="2443311257" role="stop"/>
    <member type="node" ref="1478832206" role="platform"/>
    <member type="node" ref="10704706858" role="stop"/>
    <member type="node" ref="10704706859" role="platform"/>
    <member type="node" ref="4251105877" role="stop"/>
    <member type="node" ref="9859053773" role="platform"/>
    <member type="node" ref="12344666309" role="stop"/>
    <member type="node" ref="12344666310" role="platform"/>
    <member type="node" ref="10704706856" role="stop"/>
    <member type="node" ref="4512161260" role="platform"/>
    <member type="node" ref="10704706855" role="stop"/>
    <member type="node" ref="1448814946" role="platform"/>
    <member type="node" ref="10704706851" role="stop"/>
    <member type="node" ref="1448814947" role="platform"/>
    <member type="node" ref="10704706848" role="stop"/>
    <member type="node" ref="1448814943" role="platform"/>
    <member type="node" ref="10704706847" role="stop"/>
    <member type="node" ref="2342482544" role="platform"/>
    <member type="node" ref="8608386427" role="stop"/>
    <member type="node" ref="1448713850" role="platform"/>
    <member type="node" ref="10704706846" role="stop"/>
    <member type="node" ref="1181352746" role="platform"/>
    <member type="node" ref="10704706845" role="stop"/>
    <member type="node" ref="1448713853" role="platform"/>
    <member type="node" ref="10704706843" role="stop"/>
    <member type="node" ref="1448713872" role="platform"/>
    <member type="node" ref="10726731603" role="stop"/>
    <member type="node" ref="1179866594" role="platform"/>
    <member type="node" ref="10702809950" role="stop"/>
    <member type="node" ref="1448713840" role="platform"/>
    <member type="node" ref="10726731602" role="stop"/>
    <member type="node" ref="1448713827" role="platform"/>
    <member type="node" ref="10711291852" role="stop"/>
    <member type="node" ref="1448713876" role="platform"/>
    <member type="node" ref="10711291851" role="stop"/>
    <member type="node" ref="1446873958" role="platform"/>
    <member type="node" ref="10711291850" role="stop"/>
    <member type="node" ref="1085978676" role="platform"/>
    <member type="node" ref="10711291849" role="stop"/>
    <member type="node" ref="3398360837" role="platform"/>
    <member type="node" ref="2930245181" role="stop"/>
    <member type="node" ref="3398360211" role="platform"/>
    <member type="node" ref="10711291848" role="stop"/>
    <member type="node" ref="1446830883" role="platform"/>
    <member type="node" ref="10726984257" role="stop"/>
    <member type="node" ref="1446830865" role="platform"/>
    <member type="node" ref="10726984253" role="stop"/>
    <member type="node" ref="1446830913" role="platform"/>
    <member type="node" ref="10727421483" role="stop"/>
    <member type="node" ref="1446946913" role="platform"/>
    <member type="node" ref="10727421488" role="stop"/>
    <member type="node" ref="988984569" role="platform"/>
    <member type="node" ref="10727421458" role="stop"/>
    <member type="node" ref="1447886397" role="platform"/>
    <member type="node" ref="9429551117" role="stop"/>
    <member type="node" ref="1437379659" role="platform"/>
    <member type="node" ref="10727504051" role="stop"/>
    <member type="node" ref="1447886392" role="platform"/>
    <member type="node" ref="10727504050" role="stop"/>
    <member type="node" ref="1447886390" role="platform"/>
    <member type="node" ref="10704706841" role="stop"/>
    <member type="node" ref="4033335061" role="platform"/>
    <member type="node" ref="376309444" role="stop"/>
    <member type="node" ref="533754548" role="platform"/>
    <member type="node" ref="923113109" role="stop"/>
    <member type="node" ref="923113118" role="platform"/>
    <member type="node" ref="10707964428" role="stop"/>
    <member type="node" ref="365201582" role="platform"/>
    <member type="node" ref="10707964430" role="stop"/>
    <member type="node" ref="365197727" role="platform"/>
    <member type="node" ref="10707964431" role="stop"/>
    <member type="node" ref="1455929566" role="platform"/>
    <member type="node" ref="10707964433" role="stop"/>
    <member type="node" ref="365202331" role="platform"/>
    <member type="node" ref="1654691092" role="stop"/>
    <member type="node" ref="365202325" role="platform"/>
    <member type="node" ref="10707964440" role="stop"/>
    <member type="node" ref="449578605" role="platform"/>
    <member type="node" ref="10707996642" role="stop"/>
    <member type="node" ref="449578609" role="platform"/>
    <member type="node" ref="4241842116" role="stop"/>
    <member type="node" ref="449578611" role="platform"/>
    <member type="node" ref="252866726" role="stop"/>
    <member type="node" ref="457474973" role="platform"/>
    <member type="node" ref="10704706838" role="stop"/>
    <member type="node" ref="1456267497" role="platform"/>
    <member type="node" ref="1031778085" role="stop_exit_only"/>
    <member type="node" ref="10704706837" role="platform_exit_only"/>
    <member type="way" ref="217655751" role=""/>
    <member type="way" ref="672975918" role=""/>
    <member type="way" ref="672975915" role=""/>
    <member type="way" ref="33970159" role=""/>
    <member type="way" ref="224422614" role=""/>
    <member type="way" ref="1458863886" role=""/>
    <member type="way" ref="532405424" role=""/>
    <member type="way" ref="668691896" role=""/>
    <member type="way" ref="281014564" role=""/>
    <member type="way" ref="23412018" role=""/>
    <member type="way" ref="425795765" role=""/>
    <member type="way" ref="52521245" role=""/>
    <member type="way" ref="30138951" role=""/>
    <member type="way" ref="1150456724" role=""/>
    <member type="way" ref="37769553" role=""/>
    <member type="way" ref="1176296432" role=""/>
    <member type="way" ref="1334335968" role=""/>
    <member type="way" ref="1150456723" role=""/>
    <member type="way" ref="1150456720" role=""/>
    <member type="way" ref="161281504" role=""/>
    <member type="way" ref="161281497" role=""/>
    <member type="way" ref="161281506" role=""/>
    <member type="way" ref="41120536" role=""/>
    <member type="way" ref="45453562" role=""/>
    <member type="way" ref="926393666" role=""/>
    <member type="way" ref="1303685155" role=""/>
    <member type="way" ref="45418467" role=""/>
    <member type="way" ref="1303685132" role=""/>
    <member type="way" ref="926262210" role=""/>
    <member type="way" ref="45418390" role=""/>
    <member type="way" ref="1303685130" role=""/>
    <member type="way" ref="556270254" role=""/>
    <member type="way" ref="1303685131" role=""/>
    <member type="way" ref="1303685127" role=""/>
    <member type="way" ref="556270253" role=""/>
    <member type="way" ref="1303685126" role=""/>
    <member type="way" ref="1303685125" role=""/>
    <member type="way" ref="1303685123" role=""/>
    <member type="way" ref="40555158" role=""/>
    <member type="way" ref="1303685119" role=""/>
    <member type="way" ref="1303685122" role=""/>
    <member type="way" ref="45465498" role=""/>
    <member type="way" ref="45465500" role=""/>
    <member type="way" ref="45465499" role=""/>
    <member type="way" ref="1150475091" role=""/>
    <member type="way" ref="25697986" role=""/>
    <member type="way" ref="1335712930" role=""/>
    <member type="way" ref="1335712929" role=""/>
    <member type="way" ref="123304175" role=""/>
    <member type="way" ref="1335712928" role=""/>
    <member type="way" ref="10266552" role=""/>
    <member type="way" ref="46153889" role=""/>
    <member type="way" ref="41483558" role=""/>
    <member type="way" ref="1517235466" role=""/>
    <member type="way" ref="30497906" role=""/>
    <member type="way" ref="1158816059" role=""/>
    <member type="way" ref="166556120" role=""/>
    <member type="way" ref="144912932" role=""/>
    <member type="way" ref="417705541" role=""/>
    <member type="way" ref="78487906" role=""/>
    <member type="way" ref="78487907" role=""/>
    <member type="way" ref="49070020" role=""/>
    <member type="way" ref="1328358749" role=""/>
    <member type="way" ref="123343689" role=""/>
    <member type="way" ref="169200606" role=""/>
    <member type="way" ref="39247336" role=""/>
    <member type="way" ref="169200616" role=""/>
    <member type="way" ref="83005743" role=""/>
    <member type="way" ref="1150746709" role=""/>
    <member type="way" ref="83006854" role=""/>
    <member type="way" ref="149622030" role=""/>
    <member type="way" ref="23210503" role=""/>
    <member type="way" ref="149622026" role=""/>
    <member type="way" ref="169200611" role=""/>
    <member type="way" ref="38145822" role=""/>
    <member type="way" ref="38145821" role=""/>
    <member type="way" ref="131475003" role=""/>
    <member type="way" ref="1221575820" role=""/>
    <member type="way" ref="246804394" role=""/>
    <member type="way" ref="1207701793" role=""/>
    <member type="way" ref="259048556" role=""/>
    <member type="way" ref="1176386100" role=""/>
    <member type="way" ref="1153473647" role=""/>
    <member type="way" ref="1176386099" role=""/>
    <member type="way" ref="246804397" role=""/>
    <member type="way" ref="444125095" role=""/>
    <member type="way" ref="894858606" role=""/>
    <member type="way" ref="289468509" role=""/>
    <member type="way" ref="670282245" role=""/>
    <member type="way" ref="1207701792" role=""/>
    <member type="way" ref="670282246" role=""/>
    <member type="way" ref="444125096" role=""/>
    <member type="way" ref="332694316" role=""/>
    <member type="way" ref="444125097" role=""/>
    <member type="way" ref="93707714" role=""/>
    <member type="way" ref="93707710" role=""/>
    <member type="way" ref="55496628" role=""/>
    <member type="way" ref="670282254" role=""/>
    <member type="way" ref="1310921748" role=""/>
    <member type="way" ref="670282253" role=""/>
    <member type="way" ref="131471478" role=""/>
    <member type="way" ref="1314261816" role=""/>
    <member type="way" ref="1314261696" role=""/>
    <member type="way" ref="131484251" role=""/>
    <member type="way" ref="1027306070" role=""/>
    <member type="way" ref="87296244" role=""/>
    <member type="way" ref="131471475" role=""/>
    <member type="way" ref="131484247" role=""/>
    <member type="way" ref="1521246306" role=""/>
    <member type="way" ref="131485234" role=""/>
    <member type="way" ref="131485229" role=""/>
    <member type="way" ref="1154469676" role=""/>
    <member type="way" ref="92057867" role=""/>
    <member type="way" ref="1154469673" role=""/>
    <member type="way" ref="132417519" role=""/>
    <member type="way" ref="1154469672" role=""/>
    <member type="way" ref="123343682" role=""/>
    <member type="way" ref="1154469671" role=""/>
    <member type="way" ref="682050934" role=""/>
    <member type="way" ref="132334431" role=""/>
    <member type="way" ref="61219993" role=""/>
    <member type="way" ref="1370317699" role=""/>
    <member type="way" ref="1154389644" role=""/>
    <member type="way" ref="132329884" role=""/>
    <member type="way" ref="1370317698" role=""/>
    <member type="way" ref="1176386128" role=""/>
    <member type="way" ref="1530856470" role=""/>
    <member type="way" ref="83009692" role=""/>
    <member type="way" ref="1176386130" role=""/>
    <member type="way" ref="83009671" role=""/>
    <member type="way" ref="78780377" role=""/>
    <member type="way" ref="130533800" role=""/>
    <member type="way" ref="132418508" role=""/>
    <member type="way" ref="37972816" role=""/>
    <member type="way" ref="23351605" role=""/>
    <member type="way" ref="132329883" role=""/>
    <member type="way" ref="132418506" role=""/>
    <member type="way" ref="132418507" role=""/>
    <member type="way" ref="1176386169" role=""/>
    <member type="way" ref="1176386168" role=""/>
    <member type="way" ref="55936492" role=""/>
    <member type="way" ref="1423711114" role=""/>
    <member type="way" ref="88055245" role=""/>
    <member type="way" ref="85794214" role=""/>
    <member type="way" ref="93338684" role=""/>
    <member type="way" ref="132334437" role=""/>
    <member type="way" ref="88055228" role=""/>
    <member type="way" ref="88055253" role=""/>
    <member type="way" ref="157630751" role=""/>
    <member type="way" ref="1428143902" role=""/>
    <member type="way" ref="1428143905" role=""/>
    <member type="way" ref="1428143904" role=""/>
    <member type="way" ref="1428143903" role=""/>
    <member type="way" ref="116674919" role=""/>
    <member type="way" ref="111513703" role=""/>
    <member type="way" ref="1039715763" role=""/>
    <member type="way" ref="23510288" role=""/>
    <member type="way" ref="165467003" role=""/>
    <member type="way" ref="180704433" role=""/>
    <member type="way" ref="861178747" role=""/>
    <member type="way" ref="165467002" role=""/>
    <member type="way" ref="23215795" role=""/>
    <member type="way" ref="502194662" role=""/>
    <member type="way" ref="100654340" role=""/>
    <member type="way" ref="960668196" role=""/>
    <member type="way" ref="906685378" role=""/>
    <member type="way" ref="960668798" role=""/>
    <member type="way" ref="100654328" role=""/>
    <member type="way" ref="489853292" role=""/>
    <member type="way" ref="93336543" role=""/>
    <member type="way" ref="93336544" role=""/>
    <member type="way" ref="93336547" role=""/>
    <member type="way" ref="1161851062" role=""/>
    <member type="way" ref="90883375" role=""/>
    <member type="way" ref="133171830" role=""/>
    <member type="way" ref="88261066" role=""/>
    <member type="way" ref="424807652" role=""/>
    <member type="way" ref="165466946" role=""/>
    <member type="way" ref="132329903" role=""/>
    <member type="way" ref="132329938" role=""/>
    <member type="way" ref="132329904" role=""/>
    <member type="way" ref="84651249" role=""/>
    <member type="way" ref="88261081" role=""/>
    <member type="way" ref="1256844321" role=""/>
    <member type="way" ref="1256844323" role=""/>
    <member type="way" ref="132336845" role=""/>
    <member type="way" ref="84651191" role=""/>
    <member type="way" ref="1303053830" role=""/>
    <member type="way" ref="23352915" role=""/>
    <member type="way" ref="1303053828" role=""/>
    <member type="way" ref="1303053820" role=""/>
    <member type="way" ref="1303053812" role=""/>
    <member type="way" ref="132336854" role=""/>
    <member type="way" ref="1151380592" role=""/>
    <member type="way" ref="132336848" role=""/>
    <tag k="air_conditioning" v="yes"/>
    <tag k="bicycle" v="yes"/>
    <tag k="blind" v="limited"/>
    <tag k="bus_class:length" v="4"/>
    <tag k="by_night" v="only"/>
    <tag k="charge:all-in-one" v="90 RUB"/>
    <tag k="charge:cards" v="83 RUB"/>
    <tag k="charge:sbp" v="83 RUB"/>
    <tag k="charge:troika" v="75 RUB"/>
    <tag k="charge:troika_qr" v="75 RUB"/>
    <tag k="check_date" v="2023-03-14"/>
    <tag k="colour" v="#1f1051"/>
    <tag k="deaf" v="yes"/>
    <tag k="description" v="Маршрут обслуживается электробусами"/>
    <tag k="electric_bus" v="yes"/>
    <tag k="electric_bus:type" v="OC"/>
    <tag k="fee" v="yes"/>
    <tag k="fine:ticketless" v="5000 RUB"/>
    <tag k="from" v="Метро «Китай-город»"/>
    <tag k="name" v="Ночной автобус н4: Метро «Китай-город» =&gt; Новокосино"/>
    <tag k="name:uk" v="Нічний автобус н4: Метро &quot;Китай-місто&quot; =&gt; Новокосине"/>
    <tag k="network" v="Московский транспорт"/>
    <tag k="operator" v="ГУП «Мосгортранс»"/>
    <tag k="payment:cards" v="yes"/>
    <tag k="payment:cash" v="no"/>
    <tag k="payment:contactless" v="yes"/>
    <tag k="payment:maestro" v="no"/>
    <tag k="payment:mastercard" v="no"/>
    <tag k="payment:mir" v="yes"/>
    <tag k="payment:nfc" v="yes"/>
    <tag k="payment:podorozhnik" v="no"/>
    <tag k="payment:sbp" v="yes"/>
    <tag k="payment:social_cards" v="yes"/>
    <tag k="payment:strelka" v="no"/>
    <tag k="payment:troika" v="yes"/>
    <tag k="payment:visa" v="no"/>
    <tag k="public_transport:version" v="2"/>
    <tag k="ref" v="н4"/>
    <tag k="route" v="bus"/>
    <tag k="source" v="Реестр маршрутов города Москвы"/>
    <tag k="source:description" v="https://mosgortrans.ru/electrobus/map/"/>
    <tag k="to" v="Новокосино"/>
    <tag k="type" v="route"/>
    <tag k="website" v="https://transport.mos.ru/transport/schedule/route/1229"/>
    <tag k="wheelchair" v="yes"/>
  </relation>
  <relation id="6723933" version="178" timestamp="2026-06-19T14:44:49Z" changeset="184319444" uid="23926472" user="Максим Баранаускас">
    <member type="node" ref="10704706836" role="stop_entry_only"/>
    <member type="node" ref="4512195377" role="platform_entry_only"/>
    <member type="node" ref="10704706834" role="stop"/>
    <member type="node" ref="652378853" role="platform"/>
    <member type="node" ref="10704706833" role="stop"/>
    <member type="node" ref="11684558770" role="platform"/>
    <member type="node" ref="10704706839" role="stop"/>
    <member type="node" ref="1456267496" role="platform"/>
    <member type="node" ref="10704706840" role="stop"/>
    <member type="node" ref="457474974" role="platform"/>
    <member type="node" ref="10707964444" role="stop"/>
    <member type="node" ref="449578614" role="platform"/>
    <member type="node" ref="10707964443" role="stop"/>
    <member type="node" ref="1143989826" role="platform"/>
    <member type="node" ref="10707964442" role="stop"/>
    <member type="node" ref="449578608" role="platform"/>
    <member type="node" ref="10707964441" role="stop"/>
    <member type="node" ref="449578607" role="platform"/>
    <member type="node" ref="10707964439" role="stop"/>
    <member type="node" ref="365202327" role="platform"/>
    <member type="node" ref="10707964434" role="stop"/>
    <member type="node" ref="365202330" role="platform"/>
    <member type="node" ref="10707964432" role="stop"/>
    <member type="node" ref="1455929569" role="platform"/>
    <member type="node" ref="10707964429" role="stop"/>
    <member type="node" ref="365197725" role="platform"/>
    <member type="node" ref="10707964427" role="stop"/>
    <member type="node" ref="365201579" role="platform"/>
    <member type="node" ref="922792548" role="stop"/>
    <member type="node" ref="433258865" role="platform"/>
    <member type="node" ref="376309520" role="stop"/>
    <member type="node" ref="661052692" role="platform"/>
    <member type="node" ref="5405354009" role="stop"/>
    <member type="node" ref="1447891929" role="platform"/>
    <member type="node" ref="10727504053" role="stop"/>
    <member type="node" ref="1447886391" role="platform"/>
    <member type="node" ref="10727504052" role="stop"/>
    <member type="node" ref="1447886393" role="platform"/>
    <member type="node" ref="9429541816" role="stop"/>
    <member type="node" ref="4512175945" role="platform"/>
    <member type="node" ref="10704706832" role="stop"/>
    <member type="node" ref="1447886396" role="platform"/>
    <member type="node" ref="10727421486" role="stop"/>
    <member type="node" ref="988984570" role="platform"/>
    <member type="node" ref="10727421484" role="stop"/>
    <member type="node" ref="1446946914" role="platform"/>
    <member type="node" ref="10726984255" role="stop"/>
    <member type="node" ref="1446830916" role="platform"/>
    <member type="node" ref="10726984256" role="stop"/>
    <member type="node" ref="1446830866" role="platform"/>
    <member type="node" ref="10711291843" role="stop"/>
    <member type="node" ref="1446830884" role="platform"/>
    <member type="node" ref="10711291842" role="stop"/>
    <member type="node" ref="1446946912" role="platform"/>
    <member type="node" ref="10711291841" role="stop"/>
    <member type="node" ref="1446959606" role="platform"/>
    <member type="node" ref="9450316053" role="stop"/>
    <member type="node" ref="1446932660" role="platform"/>
    <member type="node" ref="10726731588" role="stop"/>
    <member type="node" ref="528559428" role="platform"/>
    <member type="node" ref="10726731587" role="stop"/>
    <member type="node" ref="1448713880" role="platform"/>
    <member type="node" ref="10726731601" role="stop"/>
    <member type="node" ref="510114007" role="platform"/>
    <member type="node" ref="10704753149" role="stop"/>
    <member type="node" ref="1448713846" role="platform"/>
    <member type="node" ref="10702809948" role="stop"/>
    <member type="node" ref="1179866596" role="platform"/>
    <member type="node" ref="10704706842" role="stop"/>
    <member type="node" ref="1448713874" role="platform"/>
    <member type="node" ref="10704706844" role="stop"/>
    <member type="node" ref="1448713867" role="platform"/>
    <member type="node" ref="8608386419" role="stop"/>
    <member type="node" ref="1181352747" role="platform"/>
    <member type="node" ref="10703239461" role="stop"/>
    <member type="node" ref="986352264" role="platform"/>
    <member type="node" ref="10704706849" role="stop"/>
    <member type="node" ref="1448814944" role="platform"/>
    <member type="node" ref="10704706850" role="stop"/>
    <member type="node" ref="1448814945" role="platform"/>
    <member type="node" ref="10704706853" role="stop"/>
    <member type="node" ref="4314160641" role="platform"/>
    <member type="node" ref="10704706852" role="stop"/>
    <member type="node" ref="3009050992" role="platform"/>
    <member type="node" ref="10702029920" role="stop"/>
    <member type="node" ref="453233924" role="platform"/>
    <member type="node" ref="3218033070" role="stop"/>
    <member type="node" ref="781076317" role="platform"/>
    <member type="node" ref="10702029938" role="stop"/>
    <member type="node" ref="1478832211" role="platform"/>
    <member type="node" ref="4819131078" role="stop_exit_only"/>
    <member type="node" ref="4510571148" role="platform_exit_only"/>
    <member type="way" ref="133144704" role=""/>
    <member type="way" ref="132336842" role=""/>
    <member type="way" ref="132336840" role=""/>
    <member type="way" ref="1204510645" role=""/>
    <member type="way" ref="1204510644" role=""/>
    <member type="way" ref="1204510649" role=""/>
    <member type="way" ref="1303053813" role=""/>
    <member type="way" ref="23352873" role=""/>
    <member type="way" ref="23352915" role=""/>
    <member type="way" ref="1303053830" role=""/>
    <member type="way" ref="132336851" role=""/>
    <member type="way" ref="23352913" role=""/>
    <member type="way" ref="132336845" role=""/>
    <member type="way" ref="1256844323" role=""/>
    <member type="way" ref="1256844321" role=""/>
    <member type="way" ref="88261050" role=""/>
    <member type="way" ref="1199995004" role=""/>
    <member type="way" ref="84651206" role=""/>
    <member type="way" ref="132334430" role=""/>
    <member type="way" ref="30990949" role=""/>
    <member type="way" ref="90883375" role=""/>
    <member type="way" ref="1161851062" role=""/>
    <member type="way" ref="93336547" role=""/>
    <member type="way" ref="93336544" role=""/>
    <member type="way" ref="93336543" role=""/>
    <member type="way" ref="489853292" role=""/>
    <member type="way" ref="100654328" role=""/>
    <member type="way" ref="960668798" role=""/>
    <member type="way" ref="906685378" role=""/>
    <member type="way" ref="960668196" role=""/>
    <member type="way" ref="906684808" role=""/>
    <member type="way" ref="906684802" role=""/>
    <member type="way" ref="906694720" role=""/>
    <member type="way" ref="906684805" role=""/>
    <member type="way" ref="906684806" role=""/>
    <member type="way" ref="906684804" role=""/>
    <member type="way" ref="86023071" role=""/>
    <member type="way" ref="413470484" role=""/>
    <member type="way" ref="86023069" role=""/>
    <member type="way" ref="1482544719" role=""/>
    <member type="way" ref="114447341" role=""/>
    <member type="way" ref="116674919" role=""/>
    <member type="way" ref="1428143903" role=""/>
    <member type="way" ref="1428143904" role=""/>
    <member type="way" ref="1428143905" role=""/>
    <member type="way" ref="1428143902" role=""/>
    <member type="way" ref="157630751" role=""/>
    <member type="way" ref="86023816" role=""/>
    <member type="way" ref="1176386167" role=""/>
    <member type="way" ref="88055235" role=""/>
    <member type="way" ref="1176386171" role=""/>
    <member type="way" ref="627985284" role=""/>
    <member type="way" ref="37760692" role=""/>
    <member type="way" ref="132329880" role=""/>
    <member type="way" ref="23351599" role=""/>
    <member type="way" ref="28404620" role=""/>
    <member type="way" ref="56758936" role=""/>
    <member type="way" ref="130533799" role=""/>
    <member type="way" ref="78699241" role=""/>
    <member type="way" ref="83009670" role=""/>
    <member type="way" ref="1176386129" role=""/>
    <member type="way" ref="1530855908" role=""/>
    <member type="way" ref="83009691" role=""/>
    <member type="way" ref="78699236" role=""/>
    <member type="way" ref="1154389643" role=""/>
    <member type="way" ref="132329887" role=""/>
    <member type="way" ref="40490734" role=""/>
    <member type="way" ref="61094372" role=""/>
    <member type="way" ref="1154469669" role=""/>
    <member type="way" ref="1154469670" role=""/>
    <member type="way" ref="54968925" role=""/>
    <member type="way" ref="1154469674" role=""/>
    <member type="way" ref="132417518" role=""/>
    <member type="way" ref="1154469675" role=""/>
    <member type="way" ref="131579755" role=""/>
    <member type="way" ref="1154469677" role=""/>
    <member type="way" ref="131485231" role=""/>
    <member type="way" ref="131485235" role=""/>
    <member type="way" ref="1027306070" role=""/>
    <member type="way" ref="131484251" role=""/>
    <member type="way" ref="1314261696" role=""/>
    <member type="way" ref="1314261816" role=""/>
    <member type="way" ref="131471478" role=""/>
    <member type="way" ref="670282253" role=""/>
    <member type="way" ref="1310921748" role=""/>
    <member type="way" ref="130730747" role=""/>
    <member type="way" ref="130730752" role=""/>
    <member type="way" ref="93707713" role=""/>
    <member type="way" ref="93707709" role=""/>
    <member type="way" ref="1176386103" role=""/>
    <member type="way" ref="131472864" role=""/>
    <member type="way" ref="1472816687" role=""/>
    <member type="way" ref="525459462" role=""/>
    <member type="way" ref="131475004" role=""/>
    <member type="way" ref="56755146" role=""/>
    <member type="way" ref="38145819" role=""/>
    <member type="way" ref="38145820" role=""/>
    <member type="way" ref="71501216" role=""/>
    <member type="way" ref="23210959" role=""/>
    <member type="way" ref="706218358" role=""/>
    <member type="way" ref="149622034" role=""/>
    <member type="way" ref="169200603" role=""/>
    <member type="way" ref="83006856" role=""/>
    <member type="way" ref="1150746710" role=""/>
    <member type="way" ref="706218357" role=""/>
    <member type="way" ref="55927912" role=""/>
    <member type="way" ref="534324437" role=""/>
    <member type="way" ref="425080920" role=""/>
    <member type="way" ref="169200609" role=""/>
    <member type="way" ref="161282201" role=""/>
    <member type="way" ref="208943942" role=""/>
    <member type="way" ref="208943940" role=""/>
    <member type="way" ref="1158806945" role=""/>
    <member type="way" ref="1444438128" role=""/>
    <member type="way" ref="292656411" role=""/>
    <member type="way" ref="24446745" role=""/>
    <member type="way" ref="1464458999" role=""/>
    <member type="way" ref="55495999" role=""/>
    <member type="way" ref="41483562" role=""/>
    <member type="way" ref="1154875649" role=""/>
    <member type="way" ref="30497907" role=""/>
    <member type="way" ref="293931887" role=""/>
    <member type="way" ref="293931886" role=""/>
    <member type="way" ref="293931884" role=""/>
    <member type="way" ref="293931883" role=""/>
    <member type="way" ref="368947092" role=""/>
    <member type="way" ref="30399592" role=""/>
    <member type="way" ref="40555163" role=""/>
    <member type="way" ref="46153885" role=""/>
    <member type="way" ref="1303685124" role=""/>
    <member type="way" ref="1303685119" role=""/>
    <member type="way" ref="40555158" role=""/>
    <member type="way" ref="1303685123" role=""/>
    <member type="way" ref="1303685125" role=""/>
    <member type="way" ref="1303685126" role=""/>
    <member type="way" ref="556270253" role=""/>
    <member type="way" ref="1303685127" role=""/>
    <member type="way" ref="1303685131" role=""/>
    <member type="way" ref="556270254" role=""/>
    <member type="way" ref="1303685130" role=""/>
    <member type="way" ref="45418390" role=""/>
    <member type="way" ref="926262210" role=""/>
    <member type="way" ref="1303685132" role=""/>
    <member type="way" ref="45418467" role=""/>
    <member type="way" ref="1303685155" role=""/>
    <member type="way" ref="926393665" role=""/>
    <member type="way" ref="55680789" role=""/>
    <member type="way" ref="45453561" role=""/>
    <member type="way" ref="1324941326" role=""/>
    <member type="way" ref="45453559" role=""/>
    <member type="way" ref="1150456722" role=""/>
    <member type="way" ref="1150456715" role=""/>
    <member type="way" ref="1150456718" role=""/>
    <member type="way" ref="1150456719" role=""/>
    <member type="way" ref="1150456721" role=""/>
    <member type="way" ref="1150456723" role=""/>
    <member type="way" ref="1334335968" role=""/>
    <member type="way" ref="1176296432" role=""/>
    <member type="way" ref="37769553" role=""/>
    <member type="way" ref="1150456724" role=""/>
    <member type="way" ref="30138951" role=""/>
    <member type="way" ref="52521245" role=""/>
    <member type="way" ref="425795765" role=""/>
    <member type="way" ref="23412018" role=""/>
    <member type="way" ref="530705741" role=""/>
    <member type="way" ref="530705743" role=""/>
    <member type="way" ref="532405428" role=""/>
    <member type="way" ref="530714696" role=""/>
    <member type="way" ref="446726919" role=""/>
    <member type="way" ref="489696689" role=""/>
    <tag k="air_conditioning" v="yes"/>
    <tag k="bicycle" v="yes"/>
    <tag k="blind" v="limited"/>
    <tag k="bus_class:length" v="4"/>
    <tag k="by_night" v="only"/>
    <tag k="charge:all-in-one" v="90 RUB"/>
    <tag k="charge:cards" v="83 RUB"/>
    <tag k="charge:sbp" v="83 RUB"/>
    <tag k="charge:troika" v="75 RUB"/>
    <tag k="charge:troika_qr" v="75 RUB"/>
    <tag k="check_date" v="2023-03-14"/>
    <tag k="colour" v="#1f1051"/>
    <tag k="deaf" v="yes"/>
    <tag k="description" v="Маршрут обслуживается электробусами"/>
    <tag k="electric_bus" v="yes"/>
    <tag k="electric_bus:type" v="OC"/>
    <tag k="fee" v="yes"/>
    <tag k="fine:ticketless" v="5000 RUB"/>
    <tag k="from" v="Новокосино"/>
    <tag k="name" v="Ночной автобус н4: Новокосино =&gt; Метро «Китай-город»"/>
    <tag k="name:uk" v="Нічний автобус Н4: Новокосине =&gt; Метро «Китай-місто»"/>
    <tag k="network" v="Московский транспорт"/>
    <tag k="operator" v="ГУП «Мосгортранс»"/>
    <tag k="payment:cards" v="yes"/>
    <tag k="payment:cash" v="no"/>
    <tag k="payment:contactless" v="yes"/>
    <tag k="payment:maestro" v="no"/>
    <tag k="payment:mastercard" v="no"/>
    <tag k="payment:mir" v="yes"/>
    <tag k="payment:nfc" v="yes"/>
    <tag k="payment:podorozhnik" v="no"/>
    <tag k="payment:sbp" v="yes"/>
    <tag k="payment:social_cards" v="yes"/>
    <tag k="payment:strelka" v="no"/>
    <tag k="payment:troika" v="yes"/>
    <tag k="payment:visa" v="no"/>
    <tag k="public_transport:version" v="2"/>
    <tag k="ref" v="н4"/>
    <tag k="route" v="bus"/>
    <tag k="source" v="Реестр маршрутов города Москвы"/>
    <tag k="source:description" v="https://mosgortrans.ru/electrobus/map/"/>
    <tag k="to" v="Метро «Китай-город»"/>
    <tag k="type" v="route"/>
    <tag k="website" v="https://transport.mos.ru/transport/schedule/route/1229"/>
    <tag k="wheelchair" v="yes"/>
  </relation>
  <relation id="6744245" version="117" timestamp="2026-06-22T20:09:38Z" changeset="184448099" uid="363136" user="neo-plan">
    <member type="way" ref="46593618" role=""/>
    <member type="way" ref="46593636" role=""/>
    <member type="way" ref="46349497" role=""/>
    <member type="way" ref="242877666" role=""/>
    <member type="way" ref="445250434" role=""/>
    <member type="way" ref="46593635" role=""/>
    <member type="way" ref="242877535" role=""/>
    <member type="way" ref="189018810" role=""/>
    <member type="way" ref="46578272" role=""/>
    <member type="way" ref="533043846" role=""/>
    <member type="way" ref="189018774" role=""/>
    <member type="way" ref="1188426667" role=""/>
    <member type="way" ref="31982474" role=""/>
    <member type="way" ref="311762770" role=""/>
    <member type="way" ref="1509478428" role=""/>
    <member type="way" ref="231924354" role=""/>
    <member type="way" ref="315003565" role=""/>
    <member type="way" ref="1509478427" role=""/>
    <member type="way" ref="1283647925" role=""/>
    <member type="way" ref="1283647926" role=""/>
    <member type="way" ref="1509478426" role=""/>
    <member type="way" ref="239427104" role=""/>
    <member type="way" ref="138552060" role=""/>
    <member type="way" ref="969911025" role=""/>
    <member type="way" ref="138552065" role=""/>
    <member type="way" ref="24615635" role=""/>
    <member type="way" ref="456431011" role=""/>
    <member type="way" ref="1509474875" role=""/>
    <member type="way" ref="1509474876" role=""/>
    <member type="way" ref="48981180" role=""/>
    <member type="way" ref="320543699" role=""/>
    <member type="way" ref="372786976" role=""/>
    <member type="way" ref="372786975" role=""/>
    <member type="way" ref="320532449" role=""/>
    <member type="way" ref="1288999547" role=""/>
    <member type="way" ref="1509474881" role=""/>
    <member type="way" ref="1288999548" role=""/>
    <member type="way" ref="1509474882" role=""/>
    <member type="way" ref="1288999549" role=""/>
    <member type="way" ref="1509474885" role=""/>
    <member type="way" ref="1509474883" role=""/>
    <member type="way" ref="1288999550" role=""/>
    <member type="way" ref="1509474884" role=""/>
    <member type="way" ref="320532448" role=""/>
    <member type="way" ref="1229522487" role=""/>
    <member type="way" ref="311323833" role=""/>
    <member type="way" ref="648676933" role=""/>
    <member type="way" ref="648676931" role=""/>
    <member type="way" ref="1435206324" role=""/>
    <member type="way" ref="1291356768" role=""/>
    <member type="way" ref="1291356767" role=""/>
    <member type="way" ref="390494431" role=""/>
    <member type="way" ref="1221699872" role=""/>
    <member type="way" ref="1221699874" role=""/>
    <member type="way" ref="1221699875" role=""/>
    <member type="way" ref="1221699876" role=""/>
    <member type="way" ref="28327790" role=""/>
    <member type="way" ref="23407230" role=""/>
    <member type="way" ref="23407231" role=""/>
    <member type="way" ref="230769176" role=""/>
    <member type="way" ref="23407094" role=""/>
    <member type="way" ref="23407096" role=""/>
    <member type="way" ref="135979793" role=""/>
    <member type="way" ref="456242494" role=""/>
    <member type="way" ref="192491638" role=""/>
    <member type="way" ref="473295532" role=""/>
    <member type="way" ref="1154706738" role=""/>
    <member type="way" ref="473295530" role=""/>
    <member type="way" ref="363284482" role=""/>
    <member type="way" ref="970934044" role=""/>
    <member type="way" ref="109731306" role=""/>
    <member type="way" ref="311287226" role=""/>
    <member type="way" ref="28327913" role=""/>
    <member type="way" ref="1264987701" role=""/>
    <member type="way" ref="1264987702" role=""/>
    <member type="way" ref="1290801573" role=""/>
    <member type="way" ref="1290801574" role=""/>
    <member type="way" ref="315858020" role=""/>
    <member type="way" ref="1531499223" role=""/>
    <member type="way" ref="1531499224" role=""/>
    <member type="way" ref="23407332" role=""/>
    <member type="way" ref="133728368" role=""/>
    <member type="way" ref="1492419433" role=""/>
    <member type="way" ref="1206254985" role=""/>
    <member type="way" ref="1332796277" role=""/>
    <member type="way" ref="1206254986" role=""/>
    <member type="way" ref="694582730" role=""/>
    <member type="way" ref="44391992" role=""/>
    <member type="way" ref="133542286" role=""/>
    <member type="way" ref="132408066" role=""/>
    <member type="way" ref="1206261153" role=""/>
    <member type="way" ref="1206254976" role=""/>
    <member type="way" ref="1206261154" role=""/>
    <member type="way" ref="1207136627" role=""/>
    <member type="way" ref="132338428" role=""/>
    <member type="way" ref="1207136626" role=""/>
    <member type="way" ref="23347047" role=""/>
    <member type="way" ref="1204419473" role=""/>
    <member type="way" ref="23347067" role=""/>
    <member type="way" ref="1161861473" role=""/>
    <member type="way" ref="1393153971" role=""/>
    <member type="way" ref="1393153972" role=""/>
    <member type="way" ref="132338433" role=""/>
    <member type="way" ref="1393153308" role=""/>
    <member type="way" ref="1393153307" role=""/>
    <member type="way" ref="133545341" role=""/>
    <member type="way" ref="1393152385" role=""/>
    <member type="way" ref="1393152384" role=""/>
    <member type="way" ref="459152352" role=""/>
    <member type="way" ref="1264568004" role=""/>
    <member type="way" ref="52833392" role=""/>
    <member type="way" ref="23353021" role=""/>
    <member type="way" ref="23346614" role=""/>
    <member type="way" ref="611072936" role=""/>
    <member type="way" ref="1314257978" role=""/>
    <member type="way" ref="1083806951" role=""/>
    <member type="way" ref="1193591531" role=""/>
    <member type="way" ref="1168813889" role=""/>
    <member type="way" ref="1264984019" role=""/>
    <member type="way" ref="1168813890" role=""/>
    <member type="way" ref="88626861" role=""/>
    <member type="way" ref="1151081962" role=""/>
    <member type="way" ref="1271832024" role=""/>
    <member type="way" ref="1271832023" role=""/>
    <member type="way" ref="627089923" role=""/>
    <member type="way" ref="627089922" role=""/>
    <member type="way" ref="627089925" role=""/>
    <member type="way" ref="1271832022" role=""/>
    <member type="way" ref="1271832021" role=""/>
    <member type="way" ref="627089927" role=""/>
    <member type="way" ref="1271832019" role=""/>
    <member type="way" ref="1271832020" role=""/>
    <member type="way" ref="23352919" role=""/>
    <member type="way" ref="87102850" role=""/>
    <member type="way" ref="138545289" role=""/>
    <member type="way" ref="132374429" role=""/>
    <member type="way" ref="87102851" role=""/>
    <member type="way" ref="23368895" role=""/>
    <member type="way" ref="1516041466" role=""/>
    <member type="way" ref="23352937" role=""/>
    <member type="way" ref="24686796" role=""/>
    <member type="way" ref="84651249" role=""/>
    <member type="way" ref="132329913" role=""/>
    <member type="way" ref="138545288" role=""/>
    <member type="way" ref="1199995004" role=""/>
    <member type="way" ref="84651206" role=""/>
    <member type="way" ref="132334430" role=""/>
    <member type="way" ref="103164399" role=""/>
    <member type="way" ref="739941636" role=""/>
    <member type="way" ref="132329939" role=""/>
    <member type="way" ref="1383068819" role=""/>
    <member type="way" ref="99888626" role=""/>
    <member type="way" ref="24679380" role=""/>
    <member type="way" ref="1154328946" role=""/>
    <member type="way" ref="810403177" role=""/>
    <member type="way" ref="166484444" role=""/>
    <member type="way" ref="132338431" role=""/>
    <member type="way" ref="36926053" role=""/>
    <member type="way" ref="76706046" role=""/>
    <member type="way" ref="1512645406" role=""/>
    <member type="way" ref="199694028" role=""/>
    <member type="way" ref="240772270" role=""/>
    <member type="way" ref="1218623140" role=""/>
    <member type="way" ref="1228304477" role=""/>
    <tag k="disused:route" v="bus"/>
    <tag k="from" v="ТЦ &quot;Белая Дача&quot;"/>
    <tag k="name" v="Автобус 940: Мега Белая Дача - станция Реутово"/>
    <tag k="name:uk" v="Автобус 940: Мега Біла Дача - станція Реутове"/>
    <tag k="network" v="Московская область"/>
    <tag k="payment:troika" v="no"/>
    <tag k="ref" v="940"/>
    <tag k="to" v="Станция Реутово"/>
    <tag k="type" v="disused:route"/>
  </relation>
  <relation id="6744292" version="110" timestamp="2026-06-22T20:09:38Z" changeset="184448099" uid="363136" user="neo-plan">
    <member type="way" ref="1228304476" role=""/>
    <member type="way" ref="1228304477" role=""/>
    <member type="way" ref="1218623140" role=""/>
    <member type="way" ref="240772270" role=""/>
    <member type="way" ref="199694028" role=""/>
    <member type="way" ref="1512645406" role=""/>
    <member type="way" ref="38617320" role=""/>
    <member type="way" ref="132338432" role=""/>
    <member type="way" ref="810403178" role=""/>
    <member type="way" ref="1154328946" role=""/>
    <member type="way" ref="24679380" role=""/>
    <member type="way" ref="99888626" role=""/>
    <member type="way" ref="1383068819" role=""/>
    <member type="way" ref="99888616" role=""/>
    <member type="way" ref="1161851063" role=""/>
    <member type="way" ref="104686524" role=""/>
    <member type="way" ref="133171830" role=""/>
    <member type="way" ref="88261066" role=""/>
    <member type="way" ref="424807652" role=""/>
    <member type="way" ref="165466946" role=""/>
    <member type="way" ref="132329903" role=""/>
    <member type="way" ref="132329938" role=""/>
    <member type="way" ref="24686799" role=""/>
    <member type="way" ref="23352937" role=""/>
    <member type="way" ref="1516041466" role=""/>
    <member type="way" ref="23352921" role=""/>
    <member type="way" ref="132374428" role=""/>
    <member type="way" ref="87102849" role=""/>
    <member type="way" ref="23352919" role=""/>
    <member type="way" ref="1271832020" role=""/>
    <member type="way" ref="1271832019" role=""/>
    <member type="way" ref="627089927" role=""/>
    <member type="way" ref="1271832021" role=""/>
    <member type="way" ref="1271832022" role=""/>
    <member type="way" ref="627089925" role=""/>
    <member type="way" ref="627089922" role=""/>
    <member type="way" ref="627089923" role=""/>
    <member type="way" ref="1271832023" role=""/>
    <member type="way" ref="1271832024" role=""/>
    <member type="way" ref="1151081962" role=""/>
    <member type="way" ref="88626861" role=""/>
    <member type="way" ref="1168813890" role=""/>
    <member type="way" ref="1264984019" role=""/>
    <member type="way" ref="1168813889" role=""/>
    <member type="way" ref="1193591531" role=""/>
    <member type="way" ref="1083806951" role=""/>
    <member type="way" ref="1314257978" role=""/>
    <member type="way" ref="611072936" role=""/>
    <member type="way" ref="23346614" role=""/>
    <member type="way" ref="23353021" role=""/>
    <member type="way" ref="132338430" role=""/>
    <member type="way" ref="23368989" role=""/>
    <member type="way" ref="550243731" role=""/>
    <member type="way" ref="53207947" role=""/>
    <member type="way" ref="459152352" role=""/>
    <member type="way" ref="1393152384" role=""/>
    <member type="way" ref="1393152385" role=""/>
    <member type="way" ref="133545341" role=""/>
    <member type="way" ref="1393153307" role=""/>
    <member type="way" ref="1393153308" role=""/>
    <member type="way" ref="132338433" role=""/>
    <member type="way" ref="1393153972" role=""/>
    <member type="way" ref="1393153971" role=""/>
    <member type="way" ref="1161861473" role=""/>
    <member type="way" ref="23347067" role=""/>
    <member type="way" ref="1204419473" role=""/>
    <member type="way" ref="23347047" role=""/>
    <member type="way" ref="1207136626" role=""/>
    <member type="way" ref="132338428" role=""/>
    <member type="way" ref="1207136627" role=""/>
    <member type="way" ref="1206261154" role=""/>
    <member type="way" ref="1206254976" role=""/>
    <member type="way" ref="1206261153" role=""/>
    <member type="way" ref="132408066" role=""/>
    <member type="way" ref="133542286" role=""/>
    <member type="way" ref="44391992" role=""/>
    <member type="way" ref="694582730" role=""/>
    <member type="way" ref="1206254986" role=""/>
    <member type="way" ref="1206254985" role=""/>
    <member type="way" ref="1332796277" role=""/>
    <member type="way" ref="1492419433" role=""/>
    <member type="way" ref="133728368" role=""/>
    <member type="way" ref="23407332" role=""/>
    <member type="way" ref="1531499224" role=""/>
    <member type="way" ref="1531499223" role=""/>
    <member type="way" ref="315858020" role=""/>
    <member type="way" ref="1290801574" role=""/>
    <member type="way" ref="1290801573" role=""/>
    <member type="way" ref="1264987702" role=""/>
    <member type="way" ref="1264987701" role=""/>
    <member type="way" ref="28327913" role=""/>
    <member type="way" ref="28327860" role=""/>
    <member type="way" ref="1459855473" role=""/>
    <member type="way" ref="363289351" role=""/>
    <member type="way" ref="249518970" role=""/>
    <member type="way" ref="456244818" role=""/>
    <member type="way" ref="186253945" role=""/>
    <member type="way" ref="135979785" role=""/>
    <member type="way" ref="23407097" role=""/>
    <member type="way" ref="23407095" role=""/>
    <member type="way" ref="23407232" role=""/>
    <member type="way" ref="135979801" role=""/>
    <member type="way" ref="135979803" role=""/>
    <member type="way" ref="23407233" role=""/>
    <member type="way" ref="28327790" role=""/>
    <member type="way" ref="1221699877" role=""/>
    <member type="way" ref="1221699871" role=""/>
    <member type="way" ref="1291356769" role=""/>
    <member type="way" ref="1291356770" role=""/>
    <member type="way" ref="45419915" role=""/>
    <member type="way" ref="1435206323" role=""/>
    <member type="way" ref="648676954" role=""/>
    <member type="way" ref="363752800" role=""/>
    <member type="way" ref="1229522487" role=""/>
    <member type="way" ref="320532448" role=""/>
    <member type="way" ref="1509474884" role=""/>
    <member type="way" ref="1288999550" role=""/>
    <member type="way" ref="1509474883" role=""/>
    <member type="way" ref="1509474885" role=""/>
    <member type="way" ref="1288999549" role=""/>
    <member type="way" ref="1509474882" role=""/>
    <member type="way" ref="1288999548" role=""/>
    <member type="way" ref="1509474881" role=""/>
    <member type="way" ref="1288999547" role=""/>
    <member type="way" ref="320532449" role=""/>
    <member type="way" ref="372786975" role=""/>
    <member type="way" ref="367266370" role=""/>
    <member type="way" ref="390486744" role=""/>
    <member type="way" ref="1509474878" role=""/>
    <member type="way" ref="1509474879" role=""/>
    <member type="way" ref="234343538" role=""/>
    <member type="way" ref="234343541" role=""/>
    <member type="way" ref="615613961" role=""/>
    <member type="way" ref="234343535" role=""/>
    <member type="way" ref="615613956" role=""/>
    <member type="way" ref="615613951" role=""/>
    <member type="way" ref="242828185" role=""/>
    <member type="way" ref="239427104" role=""/>
    <member type="way" ref="1509478426" role=""/>
    <member type="way" ref="1283647926" role=""/>
    <member type="way" ref="1283647925" role=""/>
    <member type="way" ref="1509478427" role=""/>
    <member type="way" ref="315003565" role=""/>
    <member type="way" ref="231924354" role=""/>
    <member type="way" ref="1509478428" role=""/>
    <member type="way" ref="311762770" role=""/>
    <member type="way" ref="31982474" role=""/>
    <member type="way" ref="1188426667" role=""/>
    <member type="way" ref="189018774" role=""/>
    <member type="way" ref="533043846" role=""/>
    <member type="way" ref="46578272" role=""/>
    <member type="way" ref="189018811" role=""/>
    <member type="way" ref="85387744" role=""/>
    <member type="way" ref="242877666" role=""/>
    <member type="way" ref="46349497" role=""/>
    <member type="way" ref="46593636" role=""/>
    <member type="way" ref="46593618" role=""/>
    <tag k="disused:route" v="bus"/>
    <tag k="from" v="Станция Реутово"/>
    <tag k="name" v="Автобус 940: станция Реутово - Мега Белая Дача"/>
    <tag k="name:uk" v="Автобус 940: станція Реутове - Мега Біла Дача"/>
    <tag k="network" v="Московская область"/>
    <tag k="payment:troika" v="no"/>
    <tag k="ref" v="940"/>
    <tag k="to" v="ТЦ &quot;Белая Дача&quot;"/>
    <tag k="type" v="disused:route"/>
  </relation>
  <relation id="6958967" version="94" timestamp="2026-05-18T07:49:59Z" changeset="182816719" uid="363136" user="neo-plan">
    <member type="node" ref="11390434031" role="stop_entry_only"/>
    <member type="node" ref="11100362735" role="platform_entry_only"/>
    <member type="node" ref="10735495876" role="stop"/>
    <member type="node" ref="1455949772" role="platform"/>
    <member type="node" ref="10735495874" role="stop"/>
    <member type="node" ref="1455949768" role="platform"/>
    <member type="node" ref="10707996642" role="stop"/>
    <member type="node" ref="449578609" role="platform"/>
    <member type="node" ref="4241842116" role="stop"/>
    <member type="node" ref="449578611" role="platform"/>
    <member type="node" ref="10733884132" role="stop"/>
    <member type="node" ref="1456250159" role="platform"/>
    <member type="node" ref="10733884130" role="stop"/>
    <member type="node" ref="1456250150" role="platform"/>
    <member type="node" ref="1519221481" role="stop"/>
    <member type="node" ref="1456250152" role="platform"/>
    <member type="node" ref="10707964450" role="stop"/>
    <member type="node" ref="1456250155" role="platform"/>
    <member type="node" ref="3402073783" role="stop"/>
    <member type="node" ref="1456250157" role="platform"/>
    <member type="node" ref="10735700566" role="stop"/>
    <member type="node" ref="1455949749" role="platform"/>
    <member type="node" ref="10735352481" role="stop"/>
    <member type="node" ref="2904581322" role="platform"/>
    <member type="node" ref="10735352479" role="stop"/>
    <member type="node" ref="1455949760" role="platform"/>
    <member type="node" ref="10735352473" role="stop"/>
    <member type="node" ref="6521193482" role="platform"/>
    <member type="node" ref="10805901606" role="stop"/>
    <member type="node" ref="1458096598" role="platform"/>
    <member type="node" ref="10805897003" role="stop"/>
    <member type="node" ref="1458096601" role="platform"/>
    <member type="node" ref="10805936124" role="stop"/>
    <member type="node" ref="1471791211" role="platform"/>
    <member type="node" ref="11390434014" role="stop"/>
    <member type="node" ref="4097492483" role="platform"/>
    <member type="node" ref="11390434016" role="stop"/>
    <member type="node" ref="4097486825" role="platform"/>
    <member type="node" ref="10806473326" role="stop"/>
    <member type="node" ref="1637535528" role="platform"/>
    <member type="node" ref="10806473324" role="stop"/>
    <member type="node" ref="1637535252" role="platform"/>
    <member type="node" ref="10738872212" role="stop"/>
    <member type="node" ref="4076325961" role="platform"/>
    <member type="node" ref="10806473325" role="stop"/>
    <member type="node" ref="4568672068" role="platform"/>
    <member type="node" ref="11390434029" role="stop"/>
    <member type="node" ref="4568680396" role="platform"/>
    <member type="node" ref="9137298339" role="stop"/>
    <member type="node" ref="10246198909" role="platform"/>
    <member type="node" ref="11390434026" role="stop"/>
    <member type="node" ref="4568683305" role="platform"/>
    <member type="node" ref="11390434025" role="stop_exit_only"/>
    <member type="node" ref="7703826712" role="platform_exit_only"/>
    <member type="way" ref="1228304476" role=""/>
    <member type="way" ref="1228304477" role=""/>
    <member type="way" ref="1218623140" role=""/>
    <member type="way" ref="240772270" role=""/>
    <member type="way" ref="199694028" role=""/>
    <member type="way" ref="1512645406" role=""/>
    <member type="way" ref="38617320" role=""/>
    <member type="way" ref="132338432" role=""/>
    <member type="way" ref="810403178" role=""/>
    <member type="way" ref="1154328946" role=""/>
    <member type="way" ref="24679380" role=""/>
    <member type="way" ref="99888626" role=""/>
    <member type="way" ref="1383068819" role=""/>
    <member type="way" ref="99888616" role=""/>
    <member type="way" ref="1161851063" role=""/>
    <member type="way" ref="104686524" role=""/>
    <member type="way" ref="133171830" role=""/>
    <member type="way" ref="88261066" role=""/>
    <member type="way" ref="424807652" role=""/>
    <member type="way" ref="165466946" role=""/>
    <member type="way" ref="132329903" role=""/>
    <member type="way" ref="132329938" role=""/>
    <member type="way" ref="24686799" role=""/>
    <member type="way" ref="23352937" role=""/>
    <member type="way" ref="1516041466" role=""/>
    <member type="way" ref="23352921" role=""/>
    <member type="way" ref="132374428" role=""/>
    <member type="way" ref="87102849" role=""/>
    <member type="way" ref="23352919" role=""/>
    <member type="way" ref="1271832020" role=""/>
    <member type="way" ref="1271832019" role=""/>
    <member type="way" ref="627089927" role=""/>
    <member type="way" ref="1271832021" role=""/>
    <member type="way" ref="1271832022" role=""/>
    <member type="way" ref="627089925" role=""/>
    <member type="way" ref="627089922" role=""/>
    <member type="way" ref="627089923" role=""/>
    <member type="way" ref="1271832023" role=""/>
    <member type="way" ref="1271832024" role=""/>
    <member type="way" ref="1151081962" role=""/>
    <member type="way" ref="88626861" role=""/>
    <member type="way" ref="1168813890" role=""/>
    <member type="way" ref="1264984019" role=""/>
    <member type="way" ref="1168813889" role=""/>
    <member type="way" ref="1193591531" role=""/>
    <member type="way" ref="1083806951" role=""/>
    <member type="way" ref="1314257978" role=""/>
    <member type="way" ref="611072936" role=""/>
    <member type="way" ref="23353027" role=""/>
    <member type="way" ref="23353021" role=""/>
    <member type="way" ref="132338430" role=""/>
    <member type="way" ref="132338429" role=""/>
    <member type="way" ref="971464419" role=""/>
    <member type="way" ref="843483058" role=""/>
    <member type="way" ref="1320959507" role=""/>
    <member type="way" ref="1320959506" role=""/>
    <member type="way" ref="1394027043" role=""/>
    <member type="way" ref="1320959510" role=""/>
    <member type="way" ref="1320959509" role=""/>
    <member type="way" ref="1394027044" role=""/>
    <member type="way" ref="132937151" role=""/>
    <member type="way" ref="1154344132" role=""/>
    <member type="way" ref="1443417517" role=""/>
    <member type="way" ref="363283579" role=""/>
    <member type="way" ref="23492661" role=""/>
    <member type="way" ref="132570856" role=""/>
    <member type="way" ref="1264987696" role=""/>
    <member type="way" ref="1264987697" role=""/>
    <member type="way" ref="1266618430" role=""/>
    <member type="way" ref="1266618431" role=""/>
    <member type="way" ref="1264987699" role=""/>
    <member type="way" ref="1264987700" role=""/>
    <member type="way" ref="315858012" role=""/>
    <member type="way" ref="132570413" role=""/>
    <member type="way" ref="28327913" role=""/>
    <member type="way" ref="28327860" role=""/>
    <member type="way" ref="1459855473" role=""/>
    <member type="way" ref="363289351" role=""/>
    <member type="way" ref="311287225" role=""/>
    <member type="way" ref="363284483" role=""/>
    <member type="way" ref="363289353" role=""/>
    <member type="way" ref="363283577" role=""/>
    <member type="way" ref="168505117" role=""/>
    <member type="way" ref="449081120" role=""/>
    <member type="way" ref="174091639" role=""/>
    <member type="way" ref="197052289" role=""/>
    <member type="way" ref="456242493" role=""/>
    <member type="way" ref="473295532" role=""/>
    <member type="way" ref="1154706738" role=""/>
    <member type="way" ref="473295530" role=""/>
    <member type="way" ref="363284482" role=""/>
    <member type="way" ref="192432446" role=""/>
    <member type="way" ref="1492683759" role=""/>
    <member type="way" ref="1492683758" role=""/>
    <member type="way" ref="1264987705" role=""/>
    <member type="way" ref="1264987704" role=""/>
    <member type="way" ref="183556670" role=""/>
    <member type="way" ref="456246317" role=""/>
    <member type="way" ref="456246316" role=""/>
    <member type="way" ref="45740800" role=""/>
    <member type="way" ref="248644585" role=""/>
    <member type="way" ref="1228304474" role=""/>
    <tag k="bus_class:length" v="2;3"/>
    <tag k="colour" v="yellow"/>
    <tag k="from" v="МЦД Реутов"/>
    <tag k="name" v="Автобус 1064: МЦД Реутов =&gt; микрорайон Красная Горка"/>
    <tag k="network" v="Московская область"/>
    <tag k="operator" v="АО «МОСТРАНСАВТО»"/>
    <tag k="payment:cash" v="no"/>
    <tag k="payment:contactless" v="yes"/>
    <tag k="payment:credit_cards" v="yes"/>
    <tag k="payment:debit_cards" v="yes"/>
    <tag k="payment:strelka" v="yes"/>
    <tag k="payment:troika" v="yes"/>
    <tag k="public_transport:version" v="2"/>
    <tag k="ref" v="1064"/>
    <tag k="route" v="bus"/>
    <tag k="to" v="микрорайон Красная Горка"/>
    <tag k="type" v="route"/>
  </relation>
  <relation id="6958968" version="95" timestamp="2026-05-18T07:49:59Z" changeset="182816719" uid="363136" user="neo-plan">
    <member type="node" ref="11390434024" role="stop_entry_only"/>
    <member type="node" ref="7703826713" role="platform_entry_only"/>
    <member type="node" ref="11390434027" role="stop"/>
    <member type="node" ref="4568683304" role="platform"/>
    <member type="node" ref="11390434028" role="stop"/>
    <member type="node" ref="10246198809" role="platform"/>
    <member type="node" ref="11390434030" role="stop"/>
    <member type="node" ref="4568680395" role="platform"/>
    <member type="node" ref="11390434022" role="stop"/>
    <member type="node" ref="11390434023" role="platform"/>
    <member type="node" ref="11390434021" role="stop"/>
    <member type="node" ref="3383015774" role="platform"/>
    <member type="node" ref="11390434020" role="stop"/>
    <member type="node" ref="4097505887" role="platform"/>
    <member type="node" ref="11390434019" role="stop"/>
    <member type="node" ref="7683712726" role="platform"/>
    <member type="node" ref="11390434017" role="stop"/>
    <member type="node" ref="11390434018" role="platform"/>
    <member type="node" ref="7164751345" role="stop"/>
    <member type="node" ref="2574071337" role="platform"/>
    <member type="node" ref="11390434015" role="stop"/>
    <member type="node" ref="677022354" role="platform"/>
    <member type="node" ref="10805936125" role="stop"/>
    <member type="node" ref="677022115" role="platform"/>
    <member type="node" ref="10805897002" role="stop"/>
    <member type="node" ref="1458096602" role="platform"/>
    <member type="node" ref="11390434013" role="stop"/>
    <member type="node" ref="3259375894" role="platform"/>
    <member type="node" ref="10735352413" role="stop"/>
    <member type="node" ref="6521210885" role="platform"/>
    <member type="node" ref="10735352480" role="stop"/>
    <member type="node" ref="12271443407" role="platform"/>
    <member type="node" ref="10735352482" role="stop"/>
    <member type="node" ref="2904581323" role="platform"/>
    <member type="node" ref="10707964454" role="stop"/>
    <member type="node" ref="1456250162" role="platform"/>
    <member type="node" ref="10707964452" role="stop"/>
    <member type="node" ref="1456250158" role="platform"/>
    <member type="node" ref="10707964451" role="stop"/>
    <member type="node" ref="1456250156" role="platform"/>
    <member type="node" ref="1519221521" role="stop"/>
    <member type="node" ref="1456250154" role="platform"/>
    <member type="node" ref="10733884129" role="stop"/>
    <member type="node" ref="457474972" role="platform"/>
    <member type="node" ref="10733884131" role="stop"/>
    <member type="node" ref="1456250160" role="platform"/>
    <member type="node" ref="10707964444" role="stop"/>
    <member type="node" ref="449578614" role="platform"/>
    <member type="node" ref="10707964443" role="stop"/>
    <member type="node" ref="1143989826" role="platform"/>
    <member type="node" ref="10735495875" role="stop"/>
    <member type="node" ref="1455949770" role="platform"/>
    <member type="node" ref="11390434032" role="stop_exit_only"/>
    <member type="node" ref="11203365839" role="platform_exit_only"/>
    <member type="way" ref="248644585" role=""/>
    <member type="way" ref="45740800" role=""/>
    <member type="way" ref="456246315" role=""/>
    <member type="way" ref="1264987704" role=""/>
    <member type="way" ref="1264987705" role=""/>
    <member type="way" ref="1492683758" role=""/>
    <member type="way" ref="1492683759" role=""/>
    <member type="way" ref="192432446" role=""/>
    <member type="way" ref="970934044" role=""/>
    <member type="way" ref="109731306" role=""/>
    <member type="way" ref="311287226" role=""/>
    <member type="way" ref="28327913" role=""/>
    <member type="way" ref="132570413" role=""/>
    <member type="way" ref="315858012" role=""/>
    <member type="way" ref="1264987700" role=""/>
    <member type="way" ref="1264987699" role=""/>
    <member type="way" ref="1266618431" role=""/>
    <member type="way" ref="1266618430" role=""/>
    <member type="way" ref="1264987697" role=""/>
    <member type="way" ref="1264987696" role=""/>
    <member type="way" ref="132570856" role=""/>
    <member type="way" ref="23492661" role=""/>
    <member type="way" ref="363283579" role=""/>
    <member type="way" ref="1443417517" role=""/>
    <member type="way" ref="1154344132" role=""/>
    <member type="way" ref="132937151" role=""/>
    <member type="way" ref="1320959508" role=""/>
    <member type="way" ref="396529066" role=""/>
    <member type="way" ref="1320189944" role=""/>
    <member type="way" ref="200808066" role=""/>
    <member type="way" ref="200808065" role=""/>
    <member type="way" ref="132408067" role=""/>
    <member type="way" ref="1320959507" role=""/>
    <member type="way" ref="843483058" role=""/>
    <member type="way" ref="971464419" role=""/>
    <member type="way" ref="132338429" role=""/>
    <member type="way" ref="132338430" role=""/>
    <member type="way" ref="23353021" role=""/>
    <member type="way" ref="23346614" role=""/>
    <member type="way" ref="611072936" role=""/>
    <member type="way" ref="1314257978" role=""/>
    <member type="way" ref="1083806951" role=""/>
    <member type="way" ref="1193591531" role=""/>
    <member type="way" ref="1168813889" role=""/>
    <member type="way" ref="1264984019" role=""/>
    <member type="way" ref="1168813890" role=""/>
    <member type="way" ref="88626861" role=""/>
    <member type="way" ref="1151081962" role=""/>
    <member type="way" ref="1271832024" role=""/>
    <member type="way" ref="1271832023" role=""/>
    <member type="way" ref="627089923" role=""/>
    <member type="way" ref="627089922" role=""/>
    <member type="way" ref="627089925" role=""/>
    <member type="way" ref="1271832022" role=""/>
    <member type="way" ref="1271832021" role=""/>
    <member type="way" ref="627089927" role=""/>
    <member type="way" ref="1271832019" role=""/>
    <member type="way" ref="1271832020" role=""/>
    <member type="way" ref="23352919" role=""/>
    <member type="way" ref="87102850" role=""/>
    <member type="way" ref="138545289" role=""/>
    <member type="way" ref="132374429" role=""/>
    <member type="way" ref="87102851" role=""/>
    <member type="way" ref="23368895" role=""/>
    <member type="way" ref="1516041466" role=""/>
    <member type="way" ref="23352937" role=""/>
    <member type="way" ref="24686796" role=""/>
    <member type="way" ref="84651249" role=""/>
    <member type="way" ref="132329913" role=""/>
    <member type="way" ref="138545288" role=""/>
    <member type="way" ref="1199995004" role=""/>
    <member type="way" ref="84651206" role=""/>
    <member type="way" ref="132334430" role=""/>
    <member type="way" ref="103164399" role=""/>
    <member type="way" ref="739941636" role=""/>
    <member type="way" ref="132329939" role=""/>
    <member type="way" ref="1383068819" role=""/>
    <member type="way" ref="99888626" role=""/>
    <member type="way" ref="24679380" role=""/>
    <member type="way" ref="1154328946" role=""/>
    <member type="way" ref="810403177" role=""/>
    <member type="way" ref="166484444" role=""/>
    <member type="way" ref="132338431" role=""/>
    <member type="way" ref="36926053" role=""/>
    <member type="way" ref="76706046" role=""/>
    <member type="way" ref="1512645406" role=""/>
    <member type="way" ref="199694028" role=""/>
    <member type="way" ref="240772270" role=""/>
    <member type="way" ref="1218623140" role=""/>
    <member type="way" ref="1228304477" role=""/>
    <tag k="from" v="микрорайон Красная Горка"/>
    <tag k="name" v="Автобус 1064: микрорайон Красная Горка =&gt; МЦД Реутов"/>
    <tag k="network" v="Московская область"/>
    <tag k="operator" v="АО «МОСТРАНСАВТО»"/>
    <tag k="public_transport:version" v="2"/>
    <tag k="ref" v="1064"/>
    <tag k="route" v="bus"/>
    <tag k="to" v="МЦД Реутов"/>
    <tag k="type" v="route"/>
  </relation>
  <relation id="7588399" version="24" timestamp="2023-09-16T23:31:19Z" changeset="141361898" uid="8726248" user="traveleditor">
    <member type="node" ref="6939601870" role="stop"/>
    <member type="node" ref="6939601869" role="stop"/>
    <member type="node" ref="1890426555" role=""/>
    <member type="node" ref="1890438394" role=""/>
    <member type="node" ref="1890438397" role=""/>
    <member type="node" ref="1890438401" role=""/>
    <member type="node" ref="1890438432" role=""/>
    <member type="node" ref="3332360359" role=""/>
    <member type="way" ref="331749234" role="platform"/>
    <tag k="name" v="Новокосино"/>
    <tag k="public_transport" v="stop_area"/>
    <tag k="type" v="public_transport"/>
  </relation>
  <relation id="7911366" version="2" timestamp="2023-06-06T22:37:07Z" changeset="137033659" uid="363136" user="neo-plan">
    <member type="way" ref="94519071" role="outer"/>
    <member type="way" ref="553975958" role="outer"/>
    <tag k="leisure" v="park"/>
    <tag k="type" v="multipolygon"/>
  </relation>
  <relation id="12207885" version="134" timestamp="2026-06-19T14:44:49Z" changeset="184319444" uid="23926472" user="Максим Баранаускас">
    <member type="node" ref="10707964454" role="stop"/>
    <member type="node" ref="1456250162" role="platform"/>
    <member type="node" ref="10707964452" role="stop"/>
    <member type="node" ref="1456250158" role="platform"/>
    <member type="node" ref="10707964451" role="stop"/>
    <member type="node" ref="1456250156" role="platform"/>
    <member type="node" ref="1519221521" role="stop"/>
    <member type="node" ref="1456250154" role="platform"/>
    <member type="node" ref="10707964449" role="stop"/>
    <member type="node" ref="457474971" role="platform"/>
    <member type="node" ref="2436687543" role="stop"/>
    <member type="node" ref="1456267494" role="platform"/>
    <member type="node" ref="10707964446" role="stop"/>
    <member type="node" ref="1456267495" role="platform"/>
    <member type="node" ref="10704706833" role="stop"/>
    <member type="node" ref="11684558770" role="platform"/>
    <member type="node" ref="10704706839" role="stop"/>
    <member type="node" ref="1456267496" role="platform"/>
    <member type="node" ref="10704706840" role="stop"/>
    <member type="node" ref="457474974" role="platform"/>
    <member type="node" ref="10707964444" role="stop"/>
    <member type="node" ref="449578614" role="platform"/>
    <member type="node" ref="10707964443" role="stop"/>
    <member type="node" ref="1143989826" role="platform"/>
    <member type="node" ref="10707964442" role="stop"/>
    <member type="node" ref="449578608" role="platform"/>
    <member type="node" ref="10707964441" role="stop"/>
    <member type="node" ref="449578607" role="platform"/>
    <member type="node" ref="10707964439" role="stop"/>
    <member type="node" ref="365202327" role="platform"/>
    <member type="node" ref="10707964434" role="stop"/>
    <member type="node" ref="365202330" role="platform"/>
    <member type="node" ref="10707964432" role="stop"/>
    <member type="node" ref="1455929569" role="platform"/>
    <member type="node" ref="10707964429" role="stop"/>
    <member type="node" ref="365197725" role="platform"/>
    <member type="node" ref="10707964427" role="stop"/>
    <member type="node" ref="365201579" role="platform"/>
    <member type="node" ref="922792548" role="stop"/>
    <member type="node" ref="433258865" role="platform"/>
    <member type="node" ref="376309520" role="stop"/>
    <member type="node" ref="661052692" role="platform"/>
    <member type="node" ref="1314773599" role="stop"/>
    <member type="node" ref="4610024744" role="platform"/>
    <member type="node" ref="10707996643" role="stop"/>
    <member type="node" ref="1446621049" role="platform"/>
    <member type="node" ref="1028951343" role="stop"/>
    <member type="node" ref="492143606" role="platform"/>
    <member type="node" ref="1028951271" role="stop"/>
    <member type="node" ref="12544400504" role="platform"/>
    <member type="node" ref="10707996644" role="stop"/>
    <member type="node" ref="2760884188" role="platform"/>
    <member type="node" ref="10706580206" role="stop"/>
    <member type="node" ref="1447849697" role="platform"/>
    <member type="node" ref="10706527043" role="stop"/>
    <member type="node" ref="1447849702" role="platform"/>
    <member type="node" ref="10706503404" role="stop"/>
    <member type="node" ref="1392583776" role="platform"/>
    <member type="node" ref="10706503402" role="stop"/>
    <member type="node" ref="988598879" role="platform"/>
    <member type="node" ref="10706503400" role="stop"/>
    <member type="node" ref="1447849679" role="platform"/>
    <member type="node" ref="10706503399" role="stop"/>
    <member type="node" ref="1447849688" role="platform"/>
    <member type="node" ref="10705293683" role="stop"/>
    <member type="node" ref="5907019808" role="platform"/>
    <member type="node" ref="10706527039" role="stop"/>
    <member type="node" ref="1475017362" role="platform"/>
    <member type="node" ref="10706527041" role="stop"/>
    <member type="node" ref="1475017365" role="platform"/>
    <member type="node" ref="5402437659" role="stop"/>
    <member type="node" ref="1473468050" role="platform"/>
    <member type="node" ref="10705642392" role="stop"/>
    <member type="node" ref="2458087130" role="platform"/>
    <member type="node" ref="10705642393" role="stop"/>
    <member type="node" ref="1448788224" role="platform"/>
    <member type="node" ref="10705642395" role="stop"/>
    <member type="node" ref="907294397" role="platform"/>
    <member type="node" ref="2239298915" role="stop"/>
    <member type="node" ref="907294385" role="platform"/>
    <member type="node" ref="4621576112" role="stop"/>
    <member type="node" ref="1448788221" role="platform"/>
    <member type="node" ref="4558282943" role="stop"/>
    <member type="node" ref="1448788223" role="platform"/>
    <member type="node" ref="4621576174" role="stop"/>
    <member type="node" ref="297473740" role="platform"/>
    <member type="node" ref="4558282920" role="stop"/>
    <member type="node" ref="282970803" role="platform"/>
    <member type="node" ref="4582170614" role="stop"/>
    <member type="node" ref="283812510" role="platform"/>
    <member type="node" ref="10705713441" role="stop"/>
    <member type="node" ref="1483264972" role="platform"/>
    <member type="node" ref="10705713440" role="stop"/>
    <member type="node" ref="1483264971" role="platform"/>
    <member type="node" ref="11002192824" role="stop"/>
    <member type="node" ref="11002192825" role="platform"/>
    <member type="node" ref="600302277" role="stop"/>
    <member type="node" ref="2440655193" role="platform"/>
    <member type="node" ref="4558545162" role="stop"/>
    <member type="node" ref="2440655210" role="platform"/>
    <member type="node" ref="10704253609" role="stop"/>
    <member type="node" ref="673952596" role="platform"/>
    <member type="node" ref="10704253608" role="stop"/>
    <member type="node" ref="510122027" role="platform"/>
    <member type="node" ref="10704253607" role="stop"/>
    <member type="node" ref="6381602576" role="platform"/>
    <member type="node" ref="10704253606" role="stop"/>
    <member type="node" ref="286308400" role="platform"/>
    <member type="node" ref="10704253605" role="stop"/>
    <member type="node" ref="286311525" role="platform"/>
    <member type="node" ref="4477197612" role="stop"/>
    <member type="node" ref="286311520" role="platform"/>
    <member type="node" ref="10726438317" role="stop_exit_only"/>
    <member type="node" ref="10726438318" role="platform_exit_only"/>
    <member type="way" ref="1271832024" role=""/>
    <member type="way" ref="1271832023" role=""/>
    <member type="way" ref="627089923" role=""/>
    <member type="way" ref="627089922" role=""/>
    <member type="way" ref="627089925" role=""/>
    <member type="way" ref="1271832022" role=""/>
    <member type="way" ref="1271832021" role=""/>
    <member type="way" ref="627089927" role=""/>
    <member type="way" ref="1271832019" role=""/>
    <member type="way" ref="1271832020" role=""/>
    <member type="way" ref="23352919" role=""/>
    <member type="way" ref="87102850" role=""/>
    <member type="way" ref="138545289" role=""/>
    <member type="way" ref="132374648" role=""/>
    <member type="way" ref="1154151140" role=""/>
    <member type="way" ref="1271832017" role=""/>
    <member type="way" ref="1271832018" role=""/>
    <member type="way" ref="1303053852" role=""/>
    <member type="way" ref="1303053846" role=""/>
    <member type="way" ref="1303053844" role=""/>
    <member type="way" ref="1303053845" role=""/>
    <member type="way" ref="1303053843" role=""/>
    <member type="way" ref="1303053842" role=""/>
    <member type="way" ref="1303053838" role=""/>
    <member type="way" ref="132376777" role=""/>
    <member type="way" ref="1303053841" role=""/>
    <member type="way" ref="1271832016" role=""/>
    <member type="way" ref="1303053854" role=""/>
    <member type="way" ref="1303053853" role=""/>
    <member type="way" ref="1303053837" role=""/>
    <member type="way" ref="1303053829" role=""/>
    <member type="way" ref="1303053831" role=""/>
    <member type="way" ref="1271832015" role=""/>
    <member type="way" ref="23352915" role=""/>
    <member type="way" ref="1303053830" role=""/>
    <member type="way" ref="132336851" role=""/>
    <member type="way" ref="23352913" role=""/>
    <member type="way" ref="132336845" role=""/>
    <member type="way" ref="1256844323" role=""/>
    <member type="way" ref="1256844321" role=""/>
    <member type="way" ref="88261050" role=""/>
    <member type="way" ref="1199995004" role=""/>
    <member type="way" ref="84651206" role=""/>
    <member type="way" ref="132334430" role=""/>
    <member type="way" ref="30990949" role=""/>
    <member type="way" ref="90883375" role=""/>
    <member type="way" ref="1161851062" role=""/>
    <member type="way" ref="93336547" role=""/>
    <member type="way" ref="93336544" role=""/>
    <member type="way" ref="93336543" role=""/>
    <member type="way" ref="489853292" role=""/>
    <member type="way" ref="100654328" role=""/>
    <member type="way" ref="960668798" role=""/>
    <member type="way" ref="906685378" role=""/>
    <member type="way" ref="960668196" role=""/>
    <member type="way" ref="906684808" role=""/>
    <member type="way" ref="906684802" role=""/>
    <member type="way" ref="906694720" role=""/>
    <member type="way" ref="906684805" role=""/>
    <member type="way" ref="906684806" role=""/>
    <member type="way" ref="906684804" role=""/>
    <member type="way" ref="86023071" role=""/>
    <member type="way" ref="413470484" role=""/>
    <member type="way" ref="86023069" role=""/>
    <member type="way" ref="1482544719" role=""/>
    <member type="way" ref="114447341" role=""/>
    <member type="way" ref="116674919" role=""/>
    <member type="way" ref="1428143903" role=""/>
    <member type="way" ref="1428143904" role=""/>
    <member type="way" ref="1428143905" role=""/>
    <member type="way" ref="1428143902" role=""/>
    <member type="way" ref="157630751" role=""/>
    <member type="way" ref="86023816" role=""/>
    <member type="way" ref="1176386167" role=""/>
    <member type="way" ref="88055235" role=""/>
    <member type="way" ref="1176386171" role=""/>
    <member type="way" ref="627985284" role=""/>
    <member type="way" ref="37760692" role=""/>
    <member type="way" ref="132329880" role=""/>
    <member type="way" ref="23351599" role=""/>
    <member type="way" ref="28404620" role=""/>
    <member type="way" ref="56758936" role=""/>
    <member type="way" ref="130533799" role=""/>
    <member type="way" ref="78699241" role=""/>
    <member type="way" ref="83009670" role=""/>
    <member type="way" ref="1176386129" role=""/>
    <member type="way" ref="1530855908" role=""/>
    <member type="way" ref="83009691" role=""/>
    <member type="way" ref="78699236" role=""/>
    <member type="way" ref="1154389643" role=""/>
    <member type="way" ref="132329887" role=""/>
    <member type="way" ref="40490734" role=""/>
    <member type="way" ref="40490733" role=""/>
    <member type="way" ref="78780387" role=""/>
    <member type="way" ref="1164894956" role=""/>
    <member type="way" ref="93868251" role=""/>
    <member type="way" ref="1164894955" role=""/>
    <member type="way" ref="40130118" role=""/>
    <member type="way" ref="1218669996" role=""/>
    <member type="way" ref="1215872442" role=""/>
    <member type="way" ref="1215872443" role=""/>
    <member type="way" ref="40130119" role=""/>
    <member type="way" ref="40130121" role=""/>
    <member type="way" ref="37761442" role=""/>
    <member type="way" ref="40958370" role=""/>
    <member type="way" ref="850430612" role=""/>
    <member type="way" ref="47424896" role=""/>
    <member type="way" ref="40958372" role=""/>
    <member type="way" ref="23536706" role=""/>
    <member type="way" ref="610560062" role=""/>
    <member type="way" ref="50722612" role=""/>
    <member type="way" ref="50722611" role=""/>
    <member type="way" ref="50722609" role=""/>
    <member type="way" ref="170358066" role=""/>
    <member type="way" ref="1176386127" role=""/>
    <member type="way" ref="263982820" role=""/>
    <member type="way" ref="40958367" role=""/>
    <member type="way" ref="1395602188" role=""/>
    <member type="way" ref="308135022" role=""/>
    <member type="way" ref="1488503346" role=""/>
    <member type="way" ref="1488503345" role=""/>
    <member type="way" ref="1154716860" role=""/>
    <member type="way" ref="1492911310" role=""/>
    <member type="way" ref="307757138" role=""/>
    <member type="way" ref="307757137" role=""/>
    <member type="way" ref="1150933835" role=""/>
    <member type="way" ref="1150933837" role=""/>
    <member type="way" ref="1150933834" role=""/>
    <member type="way" ref="1445630644" role=""/>
    <member type="way" ref="52276296" role=""/>
    <member type="way" ref="1388868680" role=""/>
    <member type="way" ref="115938475" role=""/>
    <member type="way" ref="1214877057" role=""/>
    <member type="way" ref="948560844" role=""/>
    <member type="way" ref="1214877058" role=""/>
    <member type="way" ref="1388868681" role=""/>
    <member type="way" ref="1388868682" role=""/>
    <member type="way" ref="1388868683" role=""/>
    <member type="way" ref="1388868684" role=""/>
    <member type="way" ref="948560845" role=""/>
    <member type="way" ref="909722587" role=""/>
    <member type="way" ref="130533051" role=""/>
    <member type="way" ref="1150804610" role=""/>
    <member type="way" ref="130533052" role=""/>
    <member type="way" ref="23516977" role=""/>
    <member type="way" ref="1150930628" role=""/>
    <member type="way" ref="130533059" role=""/>
    <member type="way" ref="1220109127" role=""/>
    <member type="way" ref="130533057" role=""/>
    <member type="way" ref="1220109128" role=""/>
    <member type="way" ref="1281246273" role=""/>
    <member type="way" ref="1281246274" role=""/>
    <member type="way" ref="23516918" role=""/>
    <member type="way" ref="1429812193" role=""/>
    <member type="way" ref="1429812192" role=""/>
    <member type="way" ref="1429812191" role=""/>
    <member type="way" ref="1429812190" role=""/>
    <member type="way" ref="491646982" role=""/>
    <member type="way" ref="491646983" role=""/>
    <member type="way" ref="491646985" role=""/>
    <member type="way" ref="491646984" role=""/>
    <member type="way" ref="52279853" role=""/>
    <member type="way" ref="52267716" role=""/>
    <member type="way" ref="52267713" role=""/>
    <member type="way" ref="293808599" role=""/>
    <member type="way" ref="1308897744" role=""/>
    <member type="way" ref="23510500" role=""/>
    <member type="way" ref="236816790" role=""/>
    <member type="way" ref="1308897320" role=""/>
    <member type="way" ref="234836428" role=""/>
    <member type="way" ref="1188144187" role=""/>
    <member type="way" ref="1188144188" role=""/>
    <member type="way" ref="53493814" role=""/>
    <member type="way" ref="529094677" role=""/>
    <member type="way" ref="116676974" role=""/>
    <member type="way" ref="1519189308" role=""/>
    <member type="way" ref="1519189309" role=""/>
    <member type="way" ref="524379794" role=""/>
    <member type="way" ref="1519189307" role=""/>
    <member type="way" ref="524383007" role=""/>
    <member type="way" ref="83925809" role=""/>
    <member type="way" ref="1519189306" role=""/>
    <member type="way" ref="71932088" role=""/>
    <member type="way" ref="23771589" role=""/>
    <member type="way" ref="846546709" role=""/>
    <member type="way" ref="434056276" role=""/>
    <member type="way" ref="460151553" role=""/>
    <member type="way" ref="320082363" role=""/>
    <member type="way" ref="846546708" role=""/>
    <member type="way" ref="130533061" role=""/>
    <member type="way" ref="467550502" role=""/>
    <member type="way" ref="26138509" role=""/>
    <member type="way" ref="26138479" role=""/>
    <member type="way" ref="50115338" role=""/>
    <member type="way" ref="426553917" role=""/>
    <member type="way" ref="50115382" role=""/>
    <member type="way" ref="1418587972" role=""/>
    <member type="way" ref="26138465" role=""/>
    <member type="way" ref="460151552" role=""/>
    <member type="way" ref="26949454" role=""/>
    <member type="way" ref="244945039" role=""/>
    <member type="way" ref="47098547" role=""/>
    <member type="way" ref="1425441784" role=""/>
    <member type="way" ref="1425441785" role=""/>
    <member type="way" ref="30776889" role=""/>
    <member type="way" ref="1293030076" role=""/>
    <member type="way" ref="518149765" role=""/>
    <member type="way" ref="8110650" role=""/>
    <member type="way" ref="47098544" role=""/>
    <member type="way" ref="1150976629" role=""/>
    <member type="way" ref="47098540" role=""/>
    <member type="way" ref="439655197" role=""/>
    <member type="way" ref="442738509" role=""/>
    <member type="way" ref="335737678" role=""/>
    <member type="way" ref="335737634" role=""/>
    <member type="way" ref="496890030" role=""/>
    <member type="way" ref="496890029" role=""/>
    <member type="way" ref="32930217" role=""/>
    <member type="way" ref="32930215" role=""/>
    <member type="way" ref="23776289" role=""/>
    <member type="way" ref="1128136360" role=""/>
    <member type="way" ref="23776285" role=""/>
    <member type="way" ref="424282067" role=""/>
    <member type="way" ref="1153335024" role=""/>
    <member type="way" ref="1153325842" role=""/>
    <tag k="air_conditioning" v="yes"/>
    <tag k="bicycle" v="yes"/>
    <tag k="blind" v="limited"/>
    <tag k="bus_class:length" v="4"/>
    <tag k="charge:all-in-one" v="90 RUB"/>
    <tag k="charge:cards" v="83 RUB"/>
    <tag k="charge:sbp" v="83 RUB"/>
    <tag k="charge:troika" v="75 RUB"/>
    <tag k="charge:troika_qr" v="75 RUB"/>
    <tag k="check_date" v="2023-03-12"/>
    <tag k="colour" v="#c2e6ff"/>
    <tag k="deaf" v="yes"/>
    <tag k="description" v="Маршрут обслуживается электробусами"/>
    <tag k="electric_bus" v="yes"/>
    <tag k="electric_bus:type" v="OC"/>
    <tag k="fee" v="yes"/>
    <tag k="fine:ticketless" v="5000 RUB"/>
    <tag k="from" v="3-й микрорайон Новокосина"/>
    <tag k="name" v="Автобус 674: 3-й микрорайон Новокосина =&gt; Метро «Черкизовская»"/>
    <tag k="name:uk" v="Автобус 974: 3-й мікрорайон Новокосина =&gt; Метро «Партизанська»"/>
    <tag k="network" v="Московский транспорт"/>
    <tag k="operator" v="ГУП «Мосгортранс»"/>
    <tag k="payment:cards" v="yes"/>
    <tag k="payment:cash" v="no"/>
    <tag k="payment:contactless" v="yes"/>
    <tag k="payment:maestro" v="no"/>
    <tag k="payment:mastercard" v="no"/>
    <tag k="payment:mir" v="yes"/>
    <tag k="payment:nfc" v="yes"/>
    <tag k="payment:podorozhnik" v="no"/>
    <tag k="payment:sbp" v="yes"/>
    <tag k="payment:social_cards" v="yes"/>
    <tag k="payment:strelka" v="no"/>
    <tag k="payment:troika" v="yes"/>
    <tag k="payment:visa" v="no"/>
    <tag k="public_transport:version" v="2"/>
    <tag k="ref" v="674"/>
    <tag k="route" v="bus"/>
    <tag k="source" v="Реестр маршрутов города Москвы"/>
    <tag k="source:description" v="https://mosgortrans.ru/electrobus/map/"/>
    <tag k="to" v="Метро «Черкизовская»"/>
    <tag k="type" v="route"/>
    <tag k="website" v="https://transport.mos.ru/transport/schedule/route/141503767"/>
    <tag k="wheelchair" v="yes"/>
  </relation>
  <relation id="12207886" version="114" timestamp="2026-06-19T14:48:50Z" changeset="184319608" uid="23926472" user="Максим Баранаускас">
    <member type="node" ref="10726438320" role="stop_entry_only"/>
    <member type="node" ref="4233842492" role="platform_entry_only"/>
    <member type="node" ref="10704253621" role="stop"/>
    <member type="node" ref="4219098297" role="platform"/>
    <member type="node" ref="10704253622" role="stop"/>
    <member type="node" ref="288329143" role="platform"/>
    <member type="node" ref="10704253623" role="stop"/>
    <member type="node" ref="288329146" role="platform"/>
    <member type="node" ref="10704253624" role="stop"/>
    <member type="node" ref="294948390" role="platform"/>
    <member type="node" ref="10704253625" role="stop"/>
    <member type="node" ref="294948392" role="platform"/>
    <member type="node" ref="10704253626" role="stop"/>
    <member type="node" ref="288329149" role="platform"/>
    <member type="node" ref="10705713434" role="stop"/>
    <member type="node" ref="2440655207" role="platform"/>
    <member type="node" ref="1271026069" role="stop"/>
    <member type="node" ref="2440655190" role="platform"/>
    <member type="node" ref="10705713438" role="stop"/>
    <member type="node" ref="727898053" role="platform"/>
    <member type="node" ref="10705713439" role="stop"/>
    <member type="node" ref="676626840" role="platform"/>
    <member type="node" ref="10705713442" role="stop"/>
    <member type="node" ref="676626841" role="platform"/>
    <member type="node" ref="4582170479" role="stop"/>
    <member type="node" ref="286040086" role="platform"/>
    <member type="node" ref="4621576180" role="stop"/>
    <member type="node" ref="286040090" role="platform"/>
    <member type="node" ref="4621576318" role="stop"/>
    <member type="node" ref="1448788222" role="platform"/>
    <member type="node" ref="10705642388" role="stop"/>
    <member type="node" ref="1448788219" role="platform"/>
    <member type="node" ref="5140451310" role="stop"/>
    <member type="node" ref="907294387" role="platform"/>
    <member type="node" ref="10705642396" role="stop"/>
    <member type="node" ref="907294400" role="platform"/>
    <member type="node" ref="10705642394" role="stop"/>
    <member type="node" ref="907294398" role="platform"/>
    <member type="node" ref="10705642391" role="stop"/>
    <member type="node" ref="1448788248" role="platform"/>
    <member type="node" ref="10706527044" role="stop"/>
    <member type="node" ref="1475017361" role="platform"/>
    <member type="node" ref="10706527042" role="stop"/>
    <member type="node" ref="2874314214" role="platform"/>
    <member type="node" ref="10706527040" role="stop"/>
    <member type="node" ref="1475017363" role="platform"/>
    <member type="node" ref="10706527038" role="stop"/>
    <member type="node" ref="1475017366" role="platform"/>
    <member type="node" ref="10706503401" role="stop"/>
    <member type="node" ref="1447849684" role="platform"/>
    <member type="node" ref="10706503403" role="stop"/>
    <member type="node" ref="988598881" role="platform"/>
    <member type="node" ref="10706580205" role="stop"/>
    <member type="node" ref="1392583772" role="platform"/>
    <member type="node" ref="5402432801" role="stop"/>
    <member type="node" ref="1447849700" role="platform"/>
    <member type="node" ref="10706580207" role="stop"/>
    <member type="node" ref="1447849696" role="platform"/>
    <member type="node" ref="10707996641" role="stop"/>
    <member type="node" ref="3113191123" role="platform"/>
    <member type="node" ref="10707996640" role="stop"/>
    <member type="node" ref="1108849441" role="platform"/>
    <member type="node" ref="10707996639" role="stop"/>
    <member type="node" ref="1478104597" role="platform"/>
    <member type="node" ref="5405362945" role="stop"/>
    <member type="node" ref="1446621037" role="platform"/>
    <member type="node" ref="376309444" role="stop"/>
    <member type="node" ref="533754548" role="platform"/>
    <member type="node" ref="923113109" role="stop"/>
    <member type="node" ref="923113118" role="platform"/>
    <member type="node" ref="10707964428" role="stop"/>
    <member type="node" ref="365201582" role="platform"/>
    <member type="node" ref="10707964430" role="stop"/>
    <member type="node" ref="365197727" role="platform"/>
    <member type="node" ref="10707964431" role="stop"/>
    <member type="node" ref="1455929566" role="platform"/>
    <member type="node" ref="10707964433" role="stop"/>
    <member type="node" ref="365202331" role="platform"/>
    <member type="node" ref="1654691092" role="stop"/>
    <member type="node" ref="365202325" role="platform"/>
    <member type="node" ref="10707964440" role="stop"/>
    <member type="node" ref="449578605" role="platform"/>
    <member type="node" ref="10707996642" role="stop"/>
    <member type="node" ref="449578609" role="platform"/>
    <member type="node" ref="4241842116" role="stop"/>
    <member type="node" ref="449578611" role="platform"/>
    <member type="node" ref="252866726" role="stop"/>
    <member type="node" ref="457474973" role="platform"/>
    <member type="node" ref="10704706838" role="stop"/>
    <member type="node" ref="1456267497" role="platform"/>
    <member type="node" ref="10707964445" role="stop"/>
    <member type="node" ref="457474975" role="platform"/>
    <member type="node" ref="10707964447" role="stop"/>
    <member type="node" ref="1456267493" role="platform"/>
    <member type="node" ref="10707964448" role="stop"/>
    <member type="node" ref="1456267492" role="platform"/>
    <member type="node" ref="1519221481" role="stop"/>
    <member type="node" ref="1456250152" role="platform"/>
    <member type="node" ref="10707964450" role="stop"/>
    <member type="node" ref="1456250155" role="platform"/>
    <member type="node" ref="3402073783" role="stop"/>
    <member type="node" ref="1456250157" role="platform"/>
    <member type="node" ref="10707996637" role="stop_exit_only"/>
    <member type="node" ref="1456250161" role="platform_exit_only"/>
    <member type="way" ref="1160002042" role=""/>
    <member type="way" ref="424282067" role=""/>
    <member type="way" ref="422725932" role=""/>
    <member type="way" ref="1131952811" role=""/>
    <member type="way" ref="422725931" role=""/>
    <member type="way" ref="1516692574" role=""/>
    <member type="way" ref="23776331" role=""/>
    <member type="way" ref="23776229" role=""/>
    <member type="way" ref="492219012" role=""/>
    <member type="way" ref="32930209" role=""/>
    <member type="way" ref="32930212" role=""/>
    <member type="way" ref="52436999" role=""/>
    <member type="way" ref="445436607" role=""/>
    <member type="way" ref="443186354" role=""/>
    <member type="way" ref="514461170" role=""/>
    <member type="way" ref="47098548" role=""/>
    <member type="way" ref="134992103" role=""/>
    <member type="way" ref="1150976624" role=""/>
    <member type="way" ref="427571227" role=""/>
    <member type="way" ref="518149765" role=""/>
    <member type="way" ref="1293030076" role=""/>
    <member type="way" ref="30776889" role=""/>
    <member type="way" ref="1425441785" role=""/>
    <member type="way" ref="1425441784" role=""/>
    <member type="way" ref="47098547" role=""/>
    <member type="way" ref="47098542" role=""/>
    <member type="way" ref="490716168" role=""/>
    <member type="way" ref="896808539" role=""/>
    <member type="way" ref="25967617" role=""/>
    <member type="way" ref="460151555" role=""/>
    <member type="way" ref="53493794" role=""/>
    <member type="way" ref="1418587972" role=""/>
    <member type="way" ref="50115382" role=""/>
    <member type="way" ref="426553917" role=""/>
    <member type="way" ref="50115338" role=""/>
    <member type="way" ref="26138479" role=""/>
    <member type="way" ref="26138509" role=""/>
    <member type="way" ref="467550502" role=""/>
    <member type="way" ref="130533061" role=""/>
    <member type="way" ref="23771558" role=""/>
    <member type="way" ref="467550513" role=""/>
    <member type="way" ref="467550511" role=""/>
    <member type="way" ref="467550510" role=""/>
    <member type="way" ref="426552523" role=""/>
    <member type="way" ref="71932088" role=""/>
    <member type="way" ref="529094684" role=""/>
    <member type="way" ref="529094687" role=""/>
    <member type="way" ref="524198640" role=""/>
    <member type="way" ref="1519189305" role=""/>
    <member type="way" ref="755707232" role=""/>
    <member type="way" ref="524198646" role=""/>
    <member type="way" ref="524198651" role=""/>
    <member type="way" ref="1517053298" role=""/>
    <member type="way" ref="53493814" role=""/>
    <member type="way" ref="1188144188" role=""/>
    <member type="way" ref="1188144187" role=""/>
    <member type="way" ref="234836428" role=""/>
    <member type="way" ref="1308897320" role=""/>
    <member type="way" ref="1308897741" role=""/>
    <member type="way" ref="522722501" role=""/>
    <member type="way" ref="1308897744" role=""/>
    <member type="way" ref="293808599" role=""/>
    <member type="way" ref="52267713" role=""/>
    <member type="way" ref="52267716" role=""/>
    <member type="way" ref="52279853" role=""/>
    <member type="way" ref="491646984" role=""/>
    <member type="way" ref="491646985" role=""/>
    <member type="way" ref="491646983" role=""/>
    <member type="way" ref="491646982" role=""/>
    <member type="way" ref="1429812190" role=""/>
    <member type="way" ref="1429812191" role=""/>
    <member type="way" ref="1429812192" role=""/>
    <member type="way" ref="1429812193" role=""/>
    <member type="way" ref="23516918" role=""/>
    <member type="way" ref="1281246274" role=""/>
    <member type="way" ref="1281246273" role=""/>
    <member type="way" ref="1220109128" role=""/>
    <member type="way" ref="130533057" role=""/>
    <member type="way" ref="1220109127" role=""/>
    <member type="way" ref="130533059" role=""/>
    <member type="way" ref="1150930628" role=""/>
    <member type="way" ref="23516977" role=""/>
    <member type="way" ref="130533052" role=""/>
    <member type="way" ref="1150804610" role=""/>
    <member type="way" ref="130533051" role=""/>
    <member type="way" ref="909722587" role=""/>
    <member type="way" ref="948560845" role=""/>
    <member type="way" ref="1388868684" role=""/>
    <member type="way" ref="1388868683" role=""/>
    <member type="way" ref="1388868682" role=""/>
    <member type="way" ref="1388868681" role=""/>
    <member type="way" ref="1214877058" role=""/>
    <member type="way" ref="948560844" role=""/>
    <member type="way" ref="1214877057" role=""/>
    <member type="way" ref="115938475" role=""/>
    <member type="way" ref="1388868680" role=""/>
    <member type="way" ref="52276296" role=""/>
    <member type="way" ref="1445630644" role=""/>
    <member type="way" ref="326193472" role=""/>
    <member type="way" ref="1150933833" role=""/>
    <member type="way" ref="1150933836" role=""/>
    <member type="way" ref="1488503347" role=""/>
    <member type="way" ref="307757145" role=""/>
    <member type="way" ref="1488503341" role=""/>
    <member type="way" ref="23613881" role=""/>
    <member type="way" ref="1409596351" role=""/>
    <member type="way" ref="326193473" role=""/>
    <member type="way" ref="170358069" role=""/>
    <member type="way" ref="170358068" role=""/>
    <member type="way" ref="50722610" role=""/>
    <member type="way" ref="369381631" role=""/>
    <member type="way" ref="40958373" role=""/>
    <member type="way" ref="40958372" role=""/>
    <member type="way" ref="47424896" role=""/>
    <member type="way" ref="850430612" role=""/>
    <member type="way" ref="40958370" role=""/>
    <member type="way" ref="37761442" role=""/>
    <member type="way" ref="40130121" role=""/>
    <member type="way" ref="40130119" role=""/>
    <member type="way" ref="1215872443" role=""/>
    <member type="way" ref="1215872442" role=""/>
    <member type="way" ref="1218669996" role=""/>
    <member type="way" ref="40130118" role=""/>
    <member type="way" ref="1164894955" role=""/>
    <member type="way" ref="61219989" role=""/>
    <member type="way" ref="78780361" role=""/>
    <member type="way" ref="61219997" role=""/>
    <member type="way" ref="61219993" role=""/>
    <member type="way" ref="1370317699" role=""/>
    <member type="way" ref="1154389644" role=""/>
    <member type="way" ref="132329884" role=""/>
    <member type="way" ref="1370317698" role=""/>
    <member type="way" ref="1176386128" role=""/>
    <member type="way" ref="1530856470" role=""/>
    <member type="way" ref="83009692" role=""/>
    <member type="way" ref="1176386130" role=""/>
    <member type="way" ref="83009671" role=""/>
    <member type="way" ref="78780377" role=""/>
    <member type="way" ref="130533800" role=""/>
    <member type="way" ref="132418508" role=""/>
    <member type="way" ref="37972816" role=""/>
    <member type="way" ref="23351605" role=""/>
    <member type="way" ref="132329883" role=""/>
    <member type="way" ref="132418506" role=""/>
    <member type="way" ref="132418507" role=""/>
    <member type="way" ref="1176386169" role=""/>
    <member type="way" ref="1176386168" role=""/>
    <member type="way" ref="55936492" role=""/>
    <member type="way" ref="1423711114" role=""/>
    <member type="way" ref="88055245" role=""/>
    <member type="way" ref="85794214" role=""/>
    <member type="way" ref="93338684" role=""/>
    <member type="way" ref="132334437" role=""/>
    <member type="way" ref="88055228" role=""/>
    <member type="way" ref="88055253" role=""/>
    <member type="way" ref="157630751" role=""/>
    <member type="way" ref="1428143902" role=""/>
    <member type="way" ref="1428143905" role=""/>
    <member type="way" ref="1428143904" role=""/>
    <member type="way" ref="1428143903" role=""/>
    <member type="way" ref="116674919" role=""/>
    <member type="way" ref="111513703" role=""/>
    <member type="way" ref="1039715763" role=""/>
    <member type="way" ref="23510288" role=""/>
    <member type="way" ref="165467003" role=""/>
    <member type="way" ref="180704433" role=""/>
    <member type="way" ref="861178747" role=""/>
    <member type="way" ref="165467002" role=""/>
    <member type="way" ref="23215795" role=""/>
    <member type="way" ref="502194662" role=""/>
    <member type="way" ref="100654340" role=""/>
    <member type="way" ref="960668196" role=""/>
    <member type="way" ref="906685378" role=""/>
    <member type="way" ref="960668798" role=""/>
    <member type="way" ref="100654328" role=""/>
    <member type="way" ref="489853292" role=""/>
    <member type="way" ref="93336543" role=""/>
    <member type="way" ref="93336544" role=""/>
    <member type="way" ref="93336547" role=""/>
    <member type="way" ref="1161851062" role=""/>
    <member type="way" ref="90883375" role=""/>
    <member type="way" ref="133171830" role=""/>
    <member type="way" ref="88261066" role=""/>
    <member type="way" ref="424807652" role=""/>
    <member type="way" ref="165466946" role=""/>
    <member type="way" ref="132329903" role=""/>
    <member type="way" ref="132329938" role=""/>
    <member type="way" ref="132329904" role=""/>
    <member type="way" ref="84651249" role=""/>
    <member type="way" ref="88261081" role=""/>
    <member type="way" ref="1256844321" role=""/>
    <member type="way" ref="1256844323" role=""/>
    <member type="way" ref="132336845" role=""/>
    <member type="way" ref="84651191" role=""/>
    <member type="way" ref="1303053830" role=""/>
    <member type="way" ref="23352915" role=""/>
    <member type="way" ref="1271832015" role=""/>
    <member type="way" ref="1303053831" role=""/>
    <member type="way" ref="1303053829" role=""/>
    <member type="way" ref="1303053837" role=""/>
    <member type="way" ref="1303053853" role=""/>
    <member type="way" ref="1303053854" role=""/>
    <member type="way" ref="1271832016" role=""/>
    <member type="way" ref="1303053841" role=""/>
    <member type="way" ref="132376777" role=""/>
    <member type="way" ref="1303053838" role=""/>
    <member type="way" ref="1303053842" role=""/>
    <member type="way" ref="1303053843" role=""/>
    <member type="way" ref="1303053845" role=""/>
    <member type="way" ref="1303053844" role=""/>
    <member type="way" ref="1303053846" role=""/>
    <member type="way" ref="1303053852" role=""/>
    <member type="way" ref="1271832018" role=""/>
    <member type="way" ref="1271832017" role=""/>
    <member type="way" ref="1154151140" role=""/>
    <member type="way" ref="23352803" role=""/>
    <member type="way" ref="87102851" role=""/>
    <member type="way" ref="132374430" role=""/>
    <member type="way" ref="132374428" role=""/>
    <member type="way" ref="87102849" role=""/>
    <member type="way" ref="23352919" role=""/>
    <member type="way" ref="1271832020" role=""/>
    <member type="way" ref="1271832019" role=""/>
    <member type="way" ref="627089927" role=""/>
    <member type="way" ref="1271832021" role=""/>
    <member type="way" ref="1271832022" role=""/>
    <member type="way" ref="627089925" role=""/>
    <member type="way" ref="627089922" role=""/>
    <member type="way" ref="627089923" role=""/>
    <member type="way" ref="1271832023" role=""/>
    <member type="way" ref="1271832024" role=""/>
    <member type="way" ref="1151081962" role=""/>
    <member type="way" ref="23352740" role=""/>
    <tag k="air_conditioning" v="yes"/>
    <tag k="bicycle" v="yes"/>
    <tag k="blind" v="limited"/>
    <tag k="bus_class:length" v="4"/>
    <tag k="charge:all-in-one" v="90 RUB"/>
    <tag k="charge:cards" v="83 RUB"/>
    <tag k="charge:sbp" v="83 RUB"/>
    <tag k="charge:troika" v="75 RUB"/>
    <tag k="charge:troika_qr" v="75 RUB"/>
    <tag k="check_date" v="2023-03-12"/>
    <tag k="colour" v="#c2e6ff"/>
    <tag k="deaf" v="yes"/>
    <tag k="description" v="Маршрут обслуживается электробусами"/>
    <tag k="electric_bus" v="yes"/>
    <tag k="electric_bus:type" v="OC"/>
    <tag k="fee" v="yes"/>
    <tag k="fine:ticketless" v="5000 RUB"/>
    <tag k="from" v="Метро «Черкизовская»"/>
    <tag k="name" v="Автобус 674: Метро «Черкизовская» =&gt; 3-й микрорайон Новокосина"/>
    <tag k="name:uk" v="Автобус 974: Метро «Партизанська» =&gt; 3-й мікрорайон Новокосину"/>
    <tag k="network" v="Московский транспорт"/>
    <tag k="operator" v="ГУП «Мосгортранс»"/>
    <tag k="payment:cards" v="yes"/>
    <tag k="payment:cash" v="no"/>
    <tag k="payment:contactless" v="yes"/>
    <tag k="payment:maestro" v="no"/>
    <tag k="payment:mastercard" v="no"/>
    <tag k="payment:mir" v="yes"/>
    <tag k="payment:nfc" v="yes"/>
    <tag k="payment:podorozhnik" v="no"/>
    <tag k="payment:sbp" v="yes"/>
    <tag k="payment:social_cards" v="yes"/>
    <tag k="payment:strelka" v="no"/>
    <tag k="payment:troika" v="yes"/>
    <tag k="payment:visa" v="no"/>
    <tag k="public_transport:version" v="2"/>
    <tag k="ref" v="674"/>
    <tag k="route" v="bus"/>
    <tag k="source" v="Реестр маршрутов города Москвы"/>
    <tag k="source:description" v="https://mosgortrans.ru/electrobus/map/"/>
    <tag k="to" v="3-й микрорайон Новокосина"/>
    <tag k="type" v="route"/>
    <tag k="website" v="https://transport.mos.ru/transport/schedule/route/141503767"/>
    <tag k="wheelchair" v="yes"/>
  </relation>
  <relation id="15554102" version="1" timestamp="2023-03-03T23:03:09Z" changeset="133273124" uid="2055718" user="Bobropiton">
    <member type="node" ref="10707964444" role="stop"/>
    <member type="node" ref="449578614" role="platform"/>
    <tag k="name" v="Метро «Новокосино»"/>
    <tag k="public_transport" v="stop_area"/>
    <tag k="type" v="public_transport"/>
  </relation>
  <relation id="15554143" version="1" timestamp="2023-03-03T23:26:33Z" changeset="133273490" uid="2055718" user="Bobropiton">
    <member type="node" ref="4241842116" role="stop"/>
    <member type="node" ref="449578611" role="platform"/>
    <tag k="name" v="Метро «Новокосино»"/>
    <tag k="operator" v="ГУП &quot;Мосгортранс&quot;"/>
    <tag k="public_transport" v="stop_area"/>
    <tag k="type" v="public_transport"/>
  </relation>
  <relation id="15567323" version="7" timestamp="2025-03-22T12:53:02Z" changeset="163946206" uid="2055718" user="Bobropiton">
    <member type="node" ref="10711349475" role="stop"/>
    <member type="node" ref="449578615" role="platform"/>
    <tag k="name" v="Музыкальная школа имени Гайдна"/>
    <tag k="operator" v="Мосгортранс"/>
    <tag k="public_transport" v="stop_area"/>
    <tag k="type" v="public_transport"/>
  </relation>
  <relation id="15567324" version="7" timestamp="2025-03-22T12:53:02Z" changeset="163946206" uid="2055718" user="Bobropiton">
    <member type="node" ref="1025308752" role="stop"/>
    <member type="node" ref="449578617" role="platform"/>
    <tag k="name" v="Музыкальная школа имени Гайдна"/>
    <tag k="operator" v="Мосгортранс"/>
    <tag k="public_transport" v="stop_area"/>
    <tag k="type" v="public_transport"/>
  </relation>
  <relation id="15597768" version="3" timestamp="2023-08-25T10:00:05Z" changeset="140363491" uid="15215305" user="NorthCrab">
    <member type="node" ref="10733884131" role="stop"/>
    <member type="node" ref="1456250160" role="platform"/>
    <tag k="name" v="Городецкая улица"/>
    <tag k="operator" v="ГУП &quot;Мосгортранс&quot;"/>
    <tag k="public_transport" v="stop_area"/>
    <tag k="type" v="public_transport"/>
  </relation>
  <relation id="15597769" version="3" timestamp="2023-08-25T10:00:05Z" changeset="140363491" uid="15215305" user="NorthCrab">
    <member type="node" ref="10733884132" role="stop"/>
    <member type="node" ref="1456250159" role="platform"/>
    <tag k="name" v="Городецкая улица"/>
    <tag k="operator" v="ГУП &quot;Мосгортранс&quot;"/>
    <tag k="public_transport" v="stop_area"/>
    <tag k="type" v="public_transport"/>
  </relation>
  <relation id="15801234" version="85" timestamp="2026-05-18T07:49:59Z" changeset="182816719" uid="363136" user="neo-plan">
    <member type="node" ref="10735778403" role="stop"/>
    <member type="node" ref="2203665810" role="platform"/>
    <member type="node" ref="12401844129" role="stop"/>
    <member type="node" ref="11908158674" role="platform"/>
    <member type="node" ref="10735778399" role="stop"/>
    <member type="node" ref="6521469039" role="platform"/>
    <member type="node" ref="10735778400" role="stop"/>
    <member type="node" ref="4220116589" role="platform"/>
    <member type="node" ref="10735807116" role="stop"/>
    <member type="node" ref="10735807117" role="platform"/>
    <member type="node" ref="10735807114" role="stop"/>
    <member type="node" ref="1918464009" role="platform"/>
    <member type="node" ref="10735807112" role="stop"/>
    <member type="node" ref="1911821025" role="platform"/>
    <member type="node" ref="1126344637" role="stop"/>
    <member type="node" ref="1378907618" role="platform"/>
    <member type="node" ref="10735352440" role="stop"/>
    <member type="node" ref="1378906568" role="platform"/>
    <member type="node" ref="10735352463" role="stop"/>
    <member type="node" ref="1378906565" role="platform"/>
    <member type="node" ref="10735352469" role="stop"/>
    <member type="node" ref="1378775721" role="platform"/>
    <member type="node" ref="10735352413" role="stop"/>
    <member type="node" ref="6521210885" role="platform"/>
    <member type="node" ref="10735352478" role="stop"/>
    <member type="node" ref="5846318877" role="platform"/>
    <member type="node" ref="10735352480" role="stop"/>
    <member type="node" ref="12271443407" role="platform"/>
    <member type="node" ref="10735352482" role="stop"/>
    <member type="node" ref="2904581323" role="platform"/>
    <member type="node" ref="10735352488" role="stop"/>
    <member type="node" ref="1455949751" role="platform"/>
    <member type="node" ref="10735352490" role="stop"/>
    <member type="node" ref="6968479863" role="platform"/>
    <member type="node" ref="10707964454" role="stop"/>
    <member type="node" ref="1456250162" role="platform"/>
    <member type="node" ref="10707964452" role="stop"/>
    <member type="node" ref="1456250158" role="platform"/>
    <member type="node" ref="10707964451" role="stop"/>
    <member type="node" ref="1456250156" role="platform"/>
    <member type="node" ref="1519221521" role="stop"/>
    <member type="node" ref="1456250154" role="platform"/>
    <member type="node" ref="10733884129" role="stop"/>
    <member type="node" ref="457474972" role="platform"/>
    <member type="node" ref="10733884131" role="stop"/>
    <member type="node" ref="1456250160" role="platform"/>
    <member type="node" ref="10707964444" role="stop"/>
    <member type="node" ref="449578614" role="platform"/>
    <member type="node" ref="10707996636" role="stop"/>
    <member type="node" ref="1029426209" role="platform"/>
    <member type="node" ref="10707996631" role="stop"/>
    <member type="node" ref="1455929580" role="platform"/>
    <member type="node" ref="10707996634" role="stop"/>
    <member type="node" ref="1455929581" role="platform"/>
    <member type="node" ref="10735700572" role="stop"/>
    <member type="node" ref="1455929577" role="platform"/>
    <member type="node" ref="10735700570" role="stop"/>
    <member type="node" ref="1455929575" role="platform"/>
    <member type="node" ref="10735700567" role="stop"/>
    <member type="node" ref="1076116799" role="platform"/>
    <member type="node" ref="10735352492" role="stop"/>
    <member type="node" ref="1081515227" role="platform"/>
    <member type="node" ref="10711349468" role="stop_exit_only"/>
    <member type="node" ref="449578625" role="platform_exit_only"/>
    <member type="way" ref="1154363081" role=""/>
    <member type="way" ref="1283412664" role=""/>
    <member type="way" ref="180725031" role=""/>
    <member type="way" ref="1283409146" role=""/>
    <member type="way" ref="1283409147" role=""/>
    <member type="way" ref="184548318" role=""/>
    <member type="way" ref="180725037" role=""/>
    <member type="way" ref="1218546980" role=""/>
    <member type="way" ref="1195035854" role=""/>
    <member type="way" ref="249935023" role=""/>
    <member type="way" ref="206837074" role=""/>
    <member type="way" ref="1188420203" role=""/>
    <member type="way" ref="1188420205" role=""/>
    <member type="way" ref="206826814" role=""/>
    <member type="way" ref="551402860" role=""/>
    <member type="way" ref="965708927" role=""/>
    <member type="way" ref="499629691" role=""/>
    <member type="way" ref="143006476" role=""/>
    <member type="way" ref="331559785" role=""/>
    <member type="way" ref="857090765" role=""/>
    <member type="way" ref="857090741" role=""/>
    <member type="way" ref="857090754" role=""/>
    <member type="way" ref="857090740" role=""/>
    <member type="way" ref="1135929443" role=""/>
    <member type="way" ref="857090738" role=""/>
    <member type="way" ref="857090737" role=""/>
    <member type="way" ref="883254847" role=""/>
    <member type="way" ref="883254841" role=""/>
    <member type="way" ref="883254846" role=""/>
    <member type="way" ref="1206659371" role=""/>
    <member type="way" ref="883254843" role=""/>
    <member type="way" ref="883254844" role=""/>
    <member type="way" ref="1206254987" role=""/>
    <member type="way" ref="1161850095" role=""/>
    <member type="way" ref="1206254988" role=""/>
    <member type="way" ref="1206659403" role=""/>
    <member type="way" ref="1206276738" role=""/>
    <member type="way" ref="23368971" role=""/>
    <member type="way" ref="1161850096" role=""/>
    <member type="way" ref="404875332" role=""/>
    <member type="way" ref="200808121" role=""/>
    <member type="way" ref="132906147" role=""/>
    <member type="way" ref="200808122" role=""/>
    <member type="way" ref="404875330" role=""/>
    <member type="way" ref="843483058" role=""/>
    <member type="way" ref="971464419" role=""/>
    <member type="way" ref="132338429" role=""/>
    <member type="way" ref="132338430" role=""/>
    <member type="way" ref="23353021" role=""/>
    <member type="way" ref="23346614" role=""/>
    <member type="way" ref="611072936" role=""/>
    <member type="way" ref="1314257978" role=""/>
    <member type="way" ref="1083806951" role=""/>
    <member type="way" ref="1193591531" role=""/>
    <member type="way" ref="1168813889" role=""/>
    <member type="way" ref="1264984019" role=""/>
    <member type="way" ref="1168813890" role=""/>
    <member type="way" ref="88626861" role=""/>
    <member type="way" ref="1151081962" role=""/>
    <member type="way" ref="1271832024" role=""/>
    <member type="way" ref="1271832023" role=""/>
    <member type="way" ref="627089923" role=""/>
    <member type="way" ref="627089922" role=""/>
    <member type="way" ref="627089925" role=""/>
    <member type="way" ref="1271832022" role=""/>
    <member type="way" ref="1271832021" role=""/>
    <member type="way" ref="627089927" role=""/>
    <member type="way" ref="1271832019" role=""/>
    <member type="way" ref="1271832020" role=""/>
    <member type="way" ref="23352919" role=""/>
    <member type="way" ref="87102850" role=""/>
    <member type="way" ref="138545289" role=""/>
    <member type="way" ref="132374429" role=""/>
    <member type="way" ref="87102851" role=""/>
    <member type="way" ref="23368895" role=""/>
    <member type="way" ref="1516041466" role=""/>
    <member type="way" ref="23352937" role=""/>
    <member type="way" ref="24686796" role=""/>
    <member type="way" ref="84651249" role=""/>
    <member type="way" ref="132329913" role=""/>
    <member type="way" ref="138545288" role=""/>
    <member type="way" ref="1199995004" role=""/>
    <member type="way" ref="84651206" role=""/>
    <member type="way" ref="39411059" role=""/>
    <member type="way" ref="128986756" role=""/>
    <member type="way" ref="178694731" role=""/>
    <member type="way" ref="1377187245" role=""/>
    <member type="way" ref="1377187246" role=""/>
    <member type="way" ref="1304322331" role=""/>
    <member type="way" ref="1359537439" role=""/>
    <member type="way" ref="1359537438" role=""/>
    <member type="way" ref="1304322332" role=""/>
    <member type="way" ref="1433911428" role=""/>
    <member type="way" ref="132334434" role=""/>
    <member type="way" ref="1422558242" role=""/>
    <member type="way" ref="552341096" role=""/>
    <member type="way" ref="1264983478" role=""/>
    <member type="way" ref="1264983479" role=""/>
    <member type="way" ref="552341095" role=""/>
    <member type="way" ref="552341094" role=""/>
    <member type="way" ref="23352732" role=""/>
    <member type="way" ref="95348008" role=""/>
    <member type="way" ref="95348010" role=""/>
    <member type="way" ref="1296454150" role=""/>
    <member type="way" ref="95344494" role=""/>
    <member type="way" ref="95344495" role=""/>
    <member type="way" ref="1253749429" role=""/>
    <member type="way" ref="1370317707" role=""/>
    <tag k="air_conditioning" v="yes"/>
    <tag k="bicycle" v="yes"/>
    <tag k="blind" v="limited"/>
    <tag k="bus_class:length" v="4"/>
    <tag k="charge:all-in-one" v="90 RUB"/>
    <tag k="charge:cards" v="83 RUB"/>
    <tag k="charge:sbp" v="83 RUB"/>
    <tag k="charge:troika" v="75 RUB"/>
    <tag k="charge:troika_qr" v="75 RUB"/>
    <tag k="check_date" v="2023-05-03"/>
    <tag k="colour" v="#ff9ad2"/>
    <tag k="deaf" v="yes"/>
    <tag k="description" v="Маршрут обслуживается электробусами"/>
    <tag k="electric_bus" v="yes"/>
    <tag k="electric_bus:type" v="OC"/>
    <tag k="fee" v="yes"/>
    <tag k="fine:ticketless" v="5000 RUB"/>
    <tag k="from" v="3-й квартал Люберецких Полей"/>
    <tag k="name" v="Автобус 885: 3-й квартал Люберецких Полей =&gt; Улица Николая Старостина"/>
    <tag k="network" v="Московский транспорт"/>
    <tag k="operator" v="ГУП «Мосгортранс»"/>
    <tag k="payment:cards" v="yes"/>
    <tag k="payment:cash" v="no"/>
    <tag k="payment:contactless" v="yes"/>
    <tag k="payment:maestro" v="no"/>
    <tag k="payment:mastercard" v="no"/>
    <tag k="payment:mir" v="yes"/>
    <tag k="payment:nfc" v="yes"/>
    <tag k="payment:podorozhnik" v="no"/>
    <tag k="payment:sbp" v="yes"/>
    <tag k="payment:social_cards" v="yes"/>
    <tag k="payment:strelka" v="no"/>
    <tag k="payment:troika" v="yes"/>
    <tag k="payment:visa" v="no"/>
    <tag k="public_transport:version" v="2"/>
    <tag k="ref" v="885"/>
    <tag k="route" v="bus"/>
    <tag k="source" v="Реестр маршрутов города Москвы"/>
    <tag k="source:description" v="https://mosgortrans.ru/electrobus/map/"/>
    <tag k="to" v="Улица Николая Старостина"/>
    <tag k="type" v="route"/>
    <tag k="website" v="https://transport.mos.ru/transport/schedule/route/141502910"/>
    <tag k="wheelchair" v="yes"/>
  </relation>
  <relation id="15801235" version="65" timestamp="2026-05-18T07:49:59Z" changeset="182816719" uid="363136" user="neo-plan">
    <member type="node" ref="10711349467" role="stop_entry_only"/>
    <member type="node" ref="449578628" role="platform_entry_only"/>
    <member type="node" ref="10735352491" role="stop"/>
    <member type="node" ref="1081513927" role="platform"/>
    <member type="node" ref="10735352493" role="stop"/>
    <member type="node" ref="1081515228" role="platform"/>
    <member type="node" ref="10735352494" role="stop"/>
    <member type="node" ref="997420816" role="platform"/>
    <member type="node" ref="10735700569" role="stop"/>
    <member type="node" ref="1076116796" role="platform"/>
    <member type="node" ref="10735700571" role="stop"/>
    <member type="node" ref="1455929578" role="platform"/>
    <member type="node" ref="10707996633" role="stop"/>
    <member type="node" ref="1077128853" role="platform"/>
    <member type="node" ref="10707996632" role="stop"/>
    <member type="node" ref="1455929579" role="platform"/>
    <member type="node" ref="10707996635" role="stop"/>
    <member type="node" ref="1455929571" role="platform"/>
    <member type="node" ref="4241842116" role="stop"/>
    <member type="node" ref="449578611" role="platform"/>
    <member type="node" ref="10733884132" role="stop"/>
    <member type="node" ref="1456250159" role="platform"/>
    <member type="node" ref="10733884130" role="stop"/>
    <member type="node" ref="1456250150" role="platform"/>
    <member type="node" ref="1519221481" role="stop"/>
    <member type="node" ref="1456250152" role="platform"/>
    <member type="node" ref="10707964450" role="stop"/>
    <member type="node" ref="1456250155" role="platform"/>
    <member type="node" ref="3402073783" role="stop"/>
    <member type="node" ref="1456250157" role="platform"/>
    <member type="node" ref="10735352489" role="stop"/>
    <member type="node" ref="8297996372" role="platform"/>
    <member type="node" ref="10735700566" role="stop"/>
    <member type="node" ref="1455949749" role="platform"/>
    <member type="node" ref="10735352481" role="stop"/>
    <member type="node" ref="2904581322" role="platform"/>
    <member type="node" ref="10735352479" role="stop"/>
    <member type="node" ref="1455949760" role="platform"/>
    <member type="node" ref="11748512730" role="stop"/>
    <member type="node" ref="11010920620" role="platform"/>
    <member type="node" ref="10735352474" role="stop"/>
    <member type="node" ref="1469813483" role="platform"/>
    <member type="node" ref="10735352471" role="stop"/>
    <member type="node" ref="10735352472" role="platform"/>
    <member type="node" ref="10735352468" role="stop"/>
    <member type="node" ref="1378906564" role="platform"/>
    <member type="node" ref="10735352462" role="stop"/>
    <member type="node" ref="1378906566" role="platform"/>
    <member type="node" ref="10735352439" role="stop"/>
    <member type="node" ref="1378906567" role="platform"/>
    <member type="node" ref="11181479830" role="stop"/>
    <member type="node" ref="6520748842" role="platform"/>
    <member type="node" ref="10735807111" role="stop"/>
    <member type="node" ref="1918464023" role="platform"/>
    <member type="node" ref="10735807113" role="stop"/>
    <member type="node" ref="1918464002" role="platform"/>
    <member type="node" ref="10735807120" role="stop"/>
    <member type="node" ref="2203665805" role="platform"/>
    <member type="node" ref="10735778401" role="stop"/>
    <member type="node" ref="2203665809" role="platform"/>
    <member type="node" ref="10735778402" role="stop"/>
    <member type="node" ref="2203665806" role="platform"/>
    <member type="node" ref="10735778403" role="stop"/>
    <member type="node" ref="2203665810" role="platform"/>
    <member type="way" ref="132329942" role=""/>
    <member type="way" ref="1370317707" role=""/>
    <member type="way" ref="1253749429" role=""/>
    <member type="way" ref="95344495" role=""/>
    <member type="way" ref="95344494" role=""/>
    <member type="way" ref="1296454150" role=""/>
    <member type="way" ref="95348010" role=""/>
    <member type="way" ref="95348008" role=""/>
    <member type="way" ref="23352732" role=""/>
    <member type="way" ref="552341094" role=""/>
    <member type="way" ref="552341095" role=""/>
    <member type="way" ref="1264983479" role=""/>
    <member type="way" ref="1264983478" role=""/>
    <member type="way" ref="552341096" role=""/>
    <member type="way" ref="1422558242" role=""/>
    <member type="way" ref="132334434" role=""/>
    <member type="way" ref="1433911428" role=""/>
    <member type="way" ref="1304322332" role=""/>
    <member type="way" ref="1359537438" role=""/>
    <member type="way" ref="1359537439" role=""/>
    <member type="way" ref="1304322331" role=""/>
    <member type="way" ref="1377187246" role=""/>
    <member type="way" ref="1377187245" role=""/>
    <member type="way" ref="178694731" role=""/>
    <member type="way" ref="88261066" role=""/>
    <member type="way" ref="424807652" role=""/>
    <member type="way" ref="165466946" role=""/>
    <member type="way" ref="132329903" role=""/>
    <member type="way" ref="132329938" role=""/>
    <member type="way" ref="24686799" role=""/>
    <member type="way" ref="23352937" role=""/>
    <member type="way" ref="1516041466" role=""/>
    <member type="way" ref="23352921" role=""/>
    <member type="way" ref="132374428" role=""/>
    <member type="way" ref="87102849" role=""/>
    <member type="way" ref="23352919" role=""/>
    <member type="way" ref="1271832020" role=""/>
    <member type="way" ref="1271832019" role=""/>
    <member type="way" ref="627089927" role=""/>
    <member type="way" ref="1271832021" role=""/>
    <member type="way" ref="1271832022" role=""/>
    <member type="way" ref="627089925" role=""/>
    <member type="way" ref="627089922" role=""/>
    <member type="way" ref="627089923" role=""/>
    <member type="way" ref="1271832023" role=""/>
    <member type="way" ref="1271832024" role=""/>
    <member type="way" ref="1151081962" role=""/>
    <member type="way" ref="88626861" role=""/>
    <member type="way" ref="1168813890" role=""/>
    <member type="way" ref="1264984019" role=""/>
    <member type="way" ref="1168813889" role=""/>
    <member type="way" ref="1193591531" role=""/>
    <member type="way" ref="1083806951" role=""/>
    <member type="way" ref="1314257978" role=""/>
    <member type="way" ref="611072936" role=""/>
    <member type="way" ref="23353027" role=""/>
    <member type="way" ref="23353021" role=""/>
    <member type="way" ref="132338430" role=""/>
    <member type="way" ref="23368989" role=""/>
    <member type="way" ref="550243731" role=""/>
    <member type="way" ref="404875333" role=""/>
    <member type="way" ref="23369014" role=""/>
    <member type="way" ref="200808121" role=""/>
    <member type="way" ref="404875332" role=""/>
    <member type="way" ref="1161850096" role=""/>
    <member type="way" ref="23368971" role=""/>
    <member type="way" ref="1206276738" role=""/>
    <member type="way" ref="1206659403" role=""/>
    <member type="way" ref="1206254988" role=""/>
    <member type="way" ref="883254842" role=""/>
    <member type="way" ref="883254871" role=""/>
    <member type="way" ref="1206254983" role=""/>
    <member type="way" ref="883254853" role=""/>
    <member type="way" ref="1206254982" role=""/>
    <member type="way" ref="883254852" role=""/>
    <member type="way" ref="883254850" role=""/>
    <member type="way" ref="883254849" role=""/>
    <member type="way" ref="857090743" role=""/>
    <member type="way" ref="857090760" role=""/>
    <member type="way" ref="857090758" role=""/>
    <member type="way" ref="1132932573" role=""/>
    <member type="way" ref="857090748" role=""/>
    <member type="way" ref="1133079700" role=""/>
    <member type="way" ref="1132935705" role=""/>
    <member type="way" ref="180725020" role=""/>
    <member type="way" ref="331559786" role=""/>
    <member type="way" ref="109731297" role=""/>
    <member type="way" ref="1195035855" role=""/>
    <member type="way" ref="210278821" role=""/>
    <member type="way" ref="206826812" role=""/>
    <member type="way" ref="236748891" role=""/>
    <member type="way" ref="190480045" role=""/>
    <member type="way" ref="1283412958" role=""/>
    <member type="way" ref="1283412960" role=""/>
    <member type="way" ref="210995111" role=""/>
    <tag k="air_conditioning" v="yes"/>
    <tag k="bicycle" v="yes"/>
    <tag k="blind" v="limited"/>
    <tag k="bus_class:length" v="4"/>
    <tag k="charge:all-in-one" v="90 RUB"/>
    <tag k="charge:cards" v="83 RUB"/>
    <tag k="charge:sbp" v="83 RUB"/>
    <tag k="charge:troika" v="75 RUB"/>
    <tag k="charge:troika_qr" v="75 RUB"/>
    <tag k="check_date" v="2023-05-03"/>
    <tag k="colour" v="#ff9ad2"/>
    <tag k="deaf" v="yes"/>
    <tag k="description" v="Маршрут обслуживается электробусами"/>
    <tag k="electric_bus" v="yes"/>
    <tag k="electric_bus:type" v="OC"/>
    <tag k="fee" v="yes"/>
    <tag k="fine:ticketless" v="5000 RUB"/>
    <tag k="from" v="3-й микрорайон Новокосина"/>
    <tag k="name" v="Автобус 885: 3-й микрорайон Новокосина =&gt; 3-й квартал Люберецких Полей"/>
    <tag k="name:uk" v="Автобус 885: 3-й мікрорайон Новокосина =&gt; 3-й квартал Люберецьких Полів"/>
    <tag k="network" v="Московский транспорт"/>
    <tag k="operator" v="ГУП «Мосгортранс»"/>
    <tag k="payment:cards" v="yes"/>
    <tag k="payment:cash" v="no"/>
    <tag k="payment:contactless" v="yes"/>
    <tag k="payment:maestro" v="no"/>
    <tag k="payment:mastercard" v="no"/>
    <tag k="payment:mir" v="yes"/>
    <tag k="payment:nfc" v="yes"/>
    <tag k="payment:podorozhnik" v="no"/>
    <tag k="payment:sbp" v="yes"/>
    <tag k="payment:social_cards" v="yes"/>
    <tag k="payment:strelka" v="no"/>
    <tag k="payment:troika" v="yes"/>
    <tag k="payment:visa" v="no"/>
    <tag k="public_transport:version" v="2"/>
    <tag k="ref" v="885"/>
    <tag k="route" v="bus"/>
    <tag k="source" v="Реестр маршрутов города Москвы"/>
    <tag k="source:description" v="https://mosgortrans.ru/electrobus/map/"/>
    <tag k="to" v="3-й квартал Люберецких Полей"/>
    <tag k="type" v="route"/>
    <tag k="website" v="https://transport.mos.ru/transport/schedule/route/141502910"/>
    <tag k="wheelchair" v="yes"/>
  </relation>
  <relation id="16220345" version="46" timestamp="2026-03-26T15:14:34Z" changeset="180459046" uid="363136" user="neo-plan">
    <member type="node" ref="10724633417" role="stop_entry_only"/>
    <member type="node" ref="8252472957" role="platform_entry_only"/>
    <member type="node" ref="10724178064" role="stop"/>
    <member type="node" ref="1489610193" role="platform"/>
    <member type="node" ref="10724074785" role="stop"/>
    <member type="node" ref="1490204288" role="platform"/>
    <member type="node" ref="10737017650" role="stop"/>
    <member type="node" ref="5701975069" role="platform"/>
    <member type="node" ref="10735352492" role="stop"/>
    <member type="node" ref="1081515227" role="platform"/>
    <member type="node" ref="10711349461" role="stop"/>
    <member type="node" ref="449578626" role="platform"/>
    <member type="node" ref="10711349470" role="stop"/>
    <member type="node" ref="449578624" role="platform"/>
    <member type="node" ref="983342194" role="stop"/>
    <member type="node" ref="449578622" role="platform"/>
    <member type="node" ref="10711349474" role="stop"/>
    <member type="node" ref="449578619" role="platform"/>
    <member type="node" ref="1025308752" role="stop"/>
    <member type="node" ref="449578617" role="platform"/>
    <member type="node" ref="10707964444" role="stop_exit_only"/>
    <member type="node" ref="449578614" role="platform_exit_only"/>
    <member type="way" ref="1153080547" role=""/>
    <member type="way" ref="1153080545" role=""/>
    <member type="way" ref="25041111" role=""/>
    <member type="way" ref="1152984762" role=""/>
    <member type="way" ref="1191982782" role=""/>
    <member type="way" ref="135559441" role=""/>
    <member type="way" ref="179537014" role=""/>
    <member type="way" ref="179537008" role=""/>
    <member type="way" ref="179537009" role=""/>
    <member type="way" ref="1020769556" role=""/>
    <member type="way" ref="135757287" role=""/>
    <member type="way" ref="135737168" role=""/>
    <member type="way" ref="30130894" role=""/>
    <member type="way" ref="30130891" role=""/>
    <member type="way" ref="85730486" role=""/>
    <member type="way" ref="42917724" role=""/>
    <member type="way" ref="297636786" role=""/>
    <member type="way" ref="30130887" role=""/>
    <member type="way" ref="30130882" role=""/>
    <member type="way" ref="316035971" role=""/>
    <member type="way" ref="316035966" role=""/>
    <member type="way" ref="1212093806" role=""/>
    <member type="way" ref="85732887" role=""/>
    <member type="way" ref="85732890" role=""/>
    <member type="way" ref="73627151" role=""/>
    <member type="way" ref="1082254230" role=""/>
    <member type="way" ref="73627159" role=""/>
    <member type="way" ref="1082254231" role=""/>
    <member type="way" ref="30130878" role=""/>
    <member type="way" ref="1154385721" role=""/>
    <member type="way" ref="1154385720" role=""/>
    <member type="way" ref="23991635" role=""/>
    <member type="way" ref="133535203" role=""/>
    <member type="way" ref="133535231" role=""/>
    <member type="way" ref="133535201" role=""/>
    <member type="way" ref="95348008" role=""/>
    <member type="way" ref="95348010" role=""/>
    <member type="way" ref="1296454150" role=""/>
    <member type="way" ref="95344494" role=""/>
    <member type="way" ref="95344495" role=""/>
    <member type="way" ref="1253749429" role=""/>
    <member type="way" ref="101780232" role=""/>
    <member type="way" ref="1493119024" role=""/>
    <member type="way" ref="1493119022" role=""/>
    <member type="way" ref="1271823371" role=""/>
    <member type="way" ref="1271823370" role=""/>
    <member type="way" ref="95751562" role=""/>
    <member type="way" ref="1256854011" role=""/>
    <member type="way" ref="1256854014" role=""/>
    <member type="way" ref="1256854012" role=""/>
    <member type="way" ref="1256854013" role=""/>
    <member type="way" ref="104950874" role=""/>
    <member type="way" ref="95751563" role=""/>
    <member type="way" ref="88261056" role=""/>
    <member type="way" ref="1304322328" role=""/>
    <member type="way" ref="1256851782" role=""/>
    <member type="way" ref="1304322329" role=""/>
    <member type="way" ref="1256851781" role=""/>
    <member type="way" ref="88261063" role=""/>
    <member type="way" ref="132329938" role=""/>
    <member type="way" ref="132329904" role=""/>
    <member type="way" ref="84651249" role=""/>
    <member type="way" ref="132329913" role=""/>
    <member type="way" ref="138545288" role=""/>
    <member type="way" ref="1199995004" role=""/>
    <tag k="air_conditioning" v="yes"/>
    <tag k="bicycle" v="yes"/>
    <tag k="blind" v="limited"/>
    <tag k="bus_class:length" v="4"/>
    <tag k="charge:all-in-one" v="90 RUB"/>
    <tag k="charge:cards" v="83 RUB"/>
    <tag k="charge:sbp" v="83 RUB"/>
    <tag k="charge:troika" v="75 RUB"/>
    <tag k="charge:troika_qr" v="75 RUB"/>
    <tag k="check_date" v="2023-08-19"/>
    <tag k="colour" v="#ff9ad2"/>
    <tag k="deaf" v="yes"/>
    <tag k="description" v="Маршрут обслуживается электробусами"/>
    <tag k="electric_bus" v="yes"/>
    <tag k="electric_bus:type" v="OC"/>
    <tag k="fee" v="yes"/>
    <tag k="fine:ticketless" v="5000 RUB"/>
    <tag k="from" v="Торговый центр «Садовод»"/>
    <tag k="name" v="Автобус с694: Торговый центр «Садовод» =&gt; Метро «Новокосино»"/>
    <tag k="network" v="Московский транспорт"/>
    <tag k="operator" v="ГУП «Мосгортранс»"/>
    <tag k="payment:cards" v="yes"/>
    <tag k="payment:cash" v="no"/>
    <tag k="payment:contactless" v="yes"/>
    <tag k="payment:maestro" v="no"/>
    <tag k="payment:mastercard" v="no"/>
    <tag k="payment:mir" v="yes"/>
    <tag k="payment:nfc" v="yes"/>
    <tag k="payment:podorozhnik" v="no"/>
    <tag k="payment:sbp" v="yes"/>
    <tag k="payment:social_cards" v="yes"/>
    <tag k="payment:strelka" v="no"/>
    <tag k="payment:troika" v="yes"/>
    <tag k="payment:visa" v="no"/>
    <tag k="public_transport:version" v="2"/>
    <tag k="ref" v="с694"/>
    <tag k="route" v="bus"/>
    <tag k="source" v="Реестр маршрутов города Москвы"/>
    <tag k="source:description" v="https://mosgortrans.ru/electrobus/map/"/>
    <tag k="to" v="Метро «Новокосино»"/>
    <tag k="type" v="route"/>
    <tag k="website" v="https://transport.mos.ru/transport/schedule/route/141503316"/>
    <tag k="wheelchair" v="yes"/>
  </relation>
  <relation id="16220346" version="51" timestamp="2026-03-26T15:14:34Z" changeset="180459046" uid="363136" user="neo-plan">
    <member type="node" ref="4241842116" role="stop_entry_only"/>
    <member type="node" ref="449578611" role="platform_entry_only"/>
    <member type="node" ref="10711349475" role="stop"/>
    <member type="node" ref="449578615" role="platform"/>
    <member type="node" ref="10711349473" role="stop"/>
    <member type="node" ref="449578618" role="platform"/>
    <member type="node" ref="10711349471" role="stop"/>
    <member type="node" ref="449578620" role="platform"/>
    <member type="node" ref="10711349469" role="stop"/>
    <member type="node" ref="449578623" role="platform"/>
    <member type="node" ref="10735352491" role="stop"/>
    <member type="node" ref="1081513927" role="platform"/>
    <member type="node" ref="10735352493" role="stop"/>
    <member type="node" ref="1081515228" role="platform"/>
    <member type="node" ref="10737017648" role="stop"/>
    <member type="node" ref="10737017649" role="platform"/>
    <member type="node" ref="12020547281" role="stop"/>
    <member type="node" ref="12020547282" role="platform"/>
    <member type="node" ref="10724633417" role="stop_exit_only"/>
    <member type="node" ref="8252472957" role="platform_exit_only"/>
    <member type="way" ref="424807652" role=""/>
    <member type="way" ref="138545299" role=""/>
    <member type="way" ref="1256851781" role=""/>
    <member type="way" ref="1304322329" role=""/>
    <member type="way" ref="1256851782" role=""/>
    <member type="way" ref="1304322328" role=""/>
    <member type="way" ref="88261056" role=""/>
    <member type="way" ref="95751563" role=""/>
    <member type="way" ref="104950874" role=""/>
    <member type="way" ref="1256854013" role=""/>
    <member type="way" ref="1256854012" role=""/>
    <member type="way" ref="1256854014" role=""/>
    <member type="way" ref="1256854011" role=""/>
    <member type="way" ref="95751562" role=""/>
    <member type="way" ref="1271823370" role=""/>
    <member type="way" ref="1271823371" role=""/>
    <member type="way" ref="1493119022" role=""/>
    <member type="way" ref="1493119024" role=""/>
    <member type="way" ref="101780232" role=""/>
    <member type="way" ref="1253749429" role=""/>
    <member type="way" ref="95344495" role=""/>
    <member type="way" ref="95344494" role=""/>
    <member type="way" ref="1296454150" role=""/>
    <member type="way" ref="95348010" role=""/>
    <member type="way" ref="95348008" role=""/>
    <member type="way" ref="24226521" role=""/>
    <member type="way" ref="133535223" role=""/>
    <member type="way" ref="133535226" role=""/>
    <member type="way" ref="133535239" role=""/>
    <member type="way" ref="30130705" role=""/>
    <member type="way" ref="425334182" role=""/>
    <member type="way" ref="1151039777" role=""/>
    <member type="way" ref="30130877" role=""/>
    <member type="way" ref="30130879" role=""/>
    <member type="way" ref="1082254228" role=""/>
    <member type="way" ref="73627149" role=""/>
    <member type="way" ref="85732884" role=""/>
    <member type="way" ref="85732892" role=""/>
    <member type="way" ref="15033795" role=""/>
    <member type="way" ref="1082254227" role=""/>
    <member type="way" ref="419578607" role=""/>
    <member type="way" ref="30130880" role=""/>
    <member type="way" ref="30130883" role=""/>
    <member type="way" ref="1287010795" role=""/>
    <member type="way" ref="42917726" role=""/>
    <member type="way" ref="151526284" role=""/>
    <member type="way" ref="30130885" role=""/>
    <member type="way" ref="85730475" role=""/>
    <member type="way" ref="296560221" role=""/>
    <member type="way" ref="135733480" role=""/>
    <member type="way" ref="30130889" role=""/>
    <member type="way" ref="30130892" role=""/>
    <member type="way" ref="1307898446" role=""/>
    <member type="way" ref="30130895" role=""/>
    <member type="way" ref="1311059112" role=""/>
    <member type="way" ref="1026063133" role=""/>
    <member type="way" ref="1026063132" role=""/>
    <member type="way" ref="1188373599" role=""/>
    <member type="way" ref="1026063131" role=""/>
    <member type="way" ref="1464440898" role=""/>
    <member type="way" ref="1328735420" role=""/>
    <member type="way" ref="1328735418" role=""/>
    <member type="way" ref="698057577" role=""/>
    <member type="way" ref="504904440" role=""/>
    <member type="way" ref="504904570" role=""/>
    <member type="way" ref="1368139899" role=""/>
    <member type="way" ref="1153080542" role=""/>
    <member type="way" ref="1153080546" role=""/>
    <member type="way" ref="1153080550" role=""/>
    <tag k="air_conditioning" v="yes"/>
    <tag k="bicycle" v="yes"/>
    <tag k="blind" v="limited"/>
    <tag k="bus_class:length" v="4"/>
    <tag k="charge:all-in-one" v="90 RUB"/>
    <tag k="charge:cards" v="83 RUB"/>
    <tag k="charge:sbp" v="83 RUB"/>
    <tag k="charge:troika" v="75 RUB"/>
    <tag k="charge:troika_qr" v="75 RUB"/>
    <tag k="check_date" v="2023-08-19"/>
    <tag k="colour" v="#ff9ad2"/>
    <tag k="deaf" v="yes"/>
    <tag k="description" v="Маршрут обслуживается электробусами"/>
    <tag k="electric_bus" v="yes"/>
    <tag k="electric_bus:type" v="OC"/>
    <tag k="fee" v="yes"/>
    <tag k="fine:ticketless" v="5000 RUB"/>
    <tag k="from" v="Метро «Новокосино»"/>
    <tag k="name" v="Автобус с694: Метро «Новокосино» =&gt; Торговый центр «Садовод»"/>
    <tag k="network" v="Московский транспорт"/>
    <tag k="operator" v="ГУП «Мосгортранс»"/>
    <tag k="payment:cards" v="yes"/>
    <tag k="payment:cash" v="no"/>
    <tag k="payment:contactless" v="yes"/>
    <tag k="payment:maestro" v="no"/>
    <tag k="payment:mastercard" v="no"/>
    <tag k="payment:mir" v="yes"/>
    <tag k="payment:nfc" v="yes"/>
    <tag k="payment:podorozhnik" v="no"/>
    <tag k="payment:sbp" v="yes"/>
    <tag k="payment:social_cards" v="yes"/>
    <tag k="payment:strelka" v="no"/>
    <tag k="payment:troika" v="yes"/>
    <tag k="payment:visa" v="no"/>
    <tag k="public_transport:version" v="2"/>
    <tag k="ref" v="с694"/>
    <tag k="route" v="bus"/>
    <tag k="source" v="Реестр маршрутов города Москвы"/>
    <tag k="source:description" v="https://mosgortrans.ru/electrobus/map/"/>
    <tag k="to" v="Торговый центр «Садовод»"/>
    <tag k="type" v="route"/>
    <tag k="website" v="https://transport.mos.ru/transport/schedule/route/141503316"/>
    <tag k="wheelchair" v="yes"/>
  </relation>
  <relation id="17296114" version="1" timestamp="2024-03-02T12:15:09Z" changeset="148128794" uid="363136" user="neo-plan">
    <member type="way" ref="76726712" role="from"/>
    <member type="node" ref="903983521" role="via"/>
    <member type="way" ref="1256851782" role="to"/>
    <tag k="restriction" v="only_right_turn"/>
    <tag k="type" v="restriction"/>
  </relation>
  <relation id="20701593" version="1" timestamp="2026-05-18T07:52:11Z" changeset="182816838" uid="363136" user="neo-plan">
    <member type="way" ref="92654688" role="from"/>
    <member type="node" ref="1519221846" role="via"/>
    <member type="way" ref="23352937" role="to"/>
    <tag k="restriction" v="only_right_turn"/>
    <tag k="type" v="restriction"/>
  </relation>
  <relation id="20701594" version="1" timestamp="2026-05-18T07:52:33Z" changeset="182816853" uid="363136" user="neo-plan">
    <member type="way" ref="23352937" role="from"/>
    <member type="node" ref="1519221846" role="via"/>
    <member type="way" ref="92654688" role="to"/>
    <tag k="restriction" v="no_left_turn"/>
    <tag k="type" v="restriction"/>
  </relation>

</osm>
