<?xml version="1.0" encoding="UTF-8"?>
<osm version="0.6" generator="Overpass API 0.7.62.11 87bfad18">
<note>The data included in this document is from www.openstreetmap.org. The data is made available under ODbL.</note>
<meta osm_base="2026-06-26T14:26:28Z"/>

  <node id="336207175" lat="55.8345968" lon="37.4564483" version="11" timestamp="2017-04-24T10:56:56Z" changeset="48087120" uid="529155" user="SemYakimov"/>
  <node id="336207232" lat="55.8329713" lon="37.4561252" version="6" timestamp="2014-06-18T22:13:13Z" changeset="23014270" uid="260756" user="Felis Pimeja"/>
  <node id="336207233" lat="55.8329486" lon="37.4565309" version="8" timestamp="2014-06-18T22:13:13Z" changeset="23014270" uid="260756" user="Felis Pimeja"/>
  <node id="336207234" lat="55.8315331" lon="37.4562306" version="6" timestamp="2014-06-18T22:13:13Z" changeset="23014270" uid="260756" user="Felis Pimeja"/>
  <node id="336207235" lat="55.8315591" lon="37.4558569" version="7" timestamp="2022-08-13T13:55:38Z" changeset="124854166" uid="12176526" user="somix"/>
  <node id="336207271" lat="55.8317951" lon="37.4562775" version="9" timestamp="2022-08-13T13:55:38Z" changeset="124854166" uid="12176526" user="somix"/>
  <node id="336207277" lat="55.8327201" lon="37.4564760" version="5" timestamp="2012-08-04T20:08:28Z" changeset="12613445" uid="206282" user="Amigo"/>
  <node id="429681752" lat="55.8327260" lon="37.4543428" version="4" timestamp="2024-04-03T08:31:01Z" changeset="149512527" uid="830106" user="literan"/>
  <node id="429681755" lat="55.8320300" lon="37.4541986" version="4" timestamp="2024-04-03T08:31:01Z" changeset="149512527" uid="830106" user="literan"/>
  <node id="429681757" lat="55.8319659" lon="37.4551801" version="4" timestamp="2024-04-03T08:31:01Z" changeset="149512527" uid="830106" user="literan"/>
  <node id="429681759" lat="55.8321150" lon="37.4552110" version="4" timestamp="2024-04-03T08:31:01Z" changeset="149512527" uid="830106" user="literan"/>
  <node id="429681760" lat="55.8321357" lon="37.4544531" version="4" timestamp="2024-04-03T08:31:01Z" changeset="149512527" uid="830106" user="literan"/>
  <node id="429681761" lat="55.8325909" lon="37.4545475" version="4" timestamp="2024-04-03T08:31:01Z" changeset="149512527" uid="830106" user="literan"/>
  <node id="429681762" lat="55.8325584" lon="37.4550454" version="4" timestamp="2024-04-03T08:31:01Z" changeset="149512527" uid="830106" user="literan"/>
  <node id="429681763" lat="55.8325280" lon="37.4550391" version="4" timestamp="2024-04-03T08:31:01Z" changeset="149512527" uid="830106" user="literan"/>
  <node id="429681764" lat="55.8325114" lon="37.4552932" version="4" timestamp="2024-04-03T08:31:01Z" changeset="149512527" uid="830106" user="literan"/>
  <node id="429681766" lat="55.8326619" lon="37.4553244" version="4" timestamp="2024-04-03T08:31:01Z" changeset="149512527" uid="830106" user="literan"/>
  <node id="429681806" lat="55.8313049" lon="37.4580158" version="2" timestamp="2014-06-18T22:13:15Z" changeset="23014270" uid="260756" user="Felis Pimeja"/>
  <node id="429681816" lat="55.8323887" lon="37.4568135" version="2" timestamp="2014-06-18T22:13:15Z" changeset="23014270" uid="260756" user="Felis Pimeja"/>
  <node id="429681817" lat="55.8320580" lon="37.4567496" version="2" timestamp="2014-06-18T22:13:15Z" changeset="23014270" uid="260756" user="Felis Pimeja"/>
  <node id="429681818" lat="55.8320442" lon="37.4569751" version="2" timestamp="2014-06-18T22:13:15Z" changeset="23014270" uid="260756" user="Felis Pimeja"/>
  <node id="429681819" lat="55.8323749" lon="37.4570390" version="2" timestamp="2014-06-18T22:13:15Z" changeset="23014270" uid="260756" user="Felis Pimeja"/>
  <node id="429681821" lat="55.8316711" lon="37.4548105" version="3" timestamp="2014-06-18T22:13:15Z" changeset="23014270" uid="260756" user="Felis Pimeja"/>
  <node id="429681823" lat="55.8316392" lon="37.4553127" version="3" timestamp="2014-06-18T22:13:15Z" changeset="23014270" uid="260756" user="Felis Pimeja"/>
  <node id="429681825" lat="55.8313333" lon="37.4552511" version="3" timestamp="2014-06-18T22:13:15Z" changeset="23014270" uid="260756" user="Felis Pimeja"/>
  <node id="429681827" lat="55.8313178" lon="37.4554950" version="3" timestamp="2014-06-18T22:13:15Z" changeset="23014270" uid="260756" user="Felis Pimeja"/>
  <node id="429681829" lat="55.8317525" lon="37.4555825" version="3" timestamp="2014-06-18T22:13:15Z" changeset="23014270" uid="260756" user="Felis Pimeja"/>
  <node id="429681831" lat="55.8317999" lon="37.4548364" version="3" timestamp="2014-06-18T22:13:15Z" changeset="23014270" uid="260756" user="Felis Pimeja"/>
  <node id="429681979" lat="55.8336535" lon="37.4541133" version="5" timestamp="2014-06-18T22:13:16Z" changeset="23014270" uid="260756" user="Felis Pimeja"/>
  <node id="429681983" lat="55.8330195" lon="37.4542214" version="4" timestamp="2014-06-18T22:13:16Z" changeset="23014270" uid="260756" user="Felis Pimeja"/>
  <node id="429681985" lat="55.8336399" lon="37.4543541" version="6" timestamp="2014-06-18T22:13:16Z" changeset="23014270" uid="260756" user="Felis Pimeja"/>
  <node id="429681987" lat="55.8329443" lon="37.4555315" version="4" timestamp="2021-11-11T07:16:54Z" changeset="113638117" uid="11321493" user="Grass-snake"/>
  <node id="429681989" lat="55.8335602" lon="37.4556416" version="4" timestamp="2021-11-11T07:16:54Z" changeset="113638117" uid="11321493" user="Grass-snake"/>
  <node id="429681991" lat="55.8335447" lon="37.4558781" version="3" timestamp="2021-11-11T07:16:54Z" changeset="113638117" uid="11321493" user="Grass-snake"/>
  <node id="429681992" lat="55.8329300" lon="37.4557506" version="4" timestamp="2021-11-11T07:16:54Z" changeset="113638117" uid="11321493" user="Grass-snake"/>
  <node id="429681993" lat="55.8342984" lon="37.4575871" version="2" timestamp="2014-06-18T22:13:16Z" changeset="23014270" uid="260756" user="Felis Pimeja"/>
  <node id="429681994" lat="55.8340467" lon="37.4575389" version="2" timestamp="2014-06-18T22:13:16Z" changeset="23014270" uid="260756" user="Felis Pimeja"/>
  <node id="429681995" lat="55.8340335" lon="37.4577571" version="2" timestamp="2014-06-18T22:13:16Z" changeset="23014270" uid="260756" user="Felis Pimeja"/>
  <node id="429681996" lat="55.8342852" lon="37.4578053" version="2" timestamp="2014-06-18T22:13:17Z" changeset="23014270" uid="260756" user="Felis Pimeja"/>
  <node id="429681998" lat="55.8341162" lon="37.4564848" version="2" timestamp="2014-06-18T22:13:17Z" changeset="23014270" uid="260756" user="Felis Pimeja"/>
  <node id="429682000" lat="55.8343547" lon="37.4567512" version="2" timestamp="2014-06-18T22:13:17Z" changeset="23014270" uid="260756" user="Felis Pimeja"/>
  <node id="429682002" lat="55.8343679" lon="37.4565330" version="2" timestamp="2014-06-18T22:13:17Z" changeset="23014270" uid="260756" user="Felis Pimeja"/>
  <node id="429682004" lat="55.8341030" lon="37.4567030" version="2" timestamp="2014-06-18T22:13:17Z" changeset="23014270" uid="260756" user="Felis Pimeja"/>
  <node id="429682006" lat="55.8344386" lon="37.4554591" version="2" timestamp="2014-06-18T22:13:17Z" changeset="23014270" uid="260756" user="Felis Pimeja"/>
  <node id="429682008" lat="55.8341872" lon="37.4554053" version="2" timestamp="2014-06-18T22:13:17Z" changeset="23014270" uid="260756" user="Felis Pimeja"/>
  <node id="429682010" lat="55.8341725" lon="37.4556232" version="2" timestamp="2014-06-18T22:13:17Z" changeset="23014270" uid="260756" user="Felis Pimeja"/>
  <node id="429682012" lat="55.8344239" lon="37.4556770" version="2" timestamp="2014-06-18T22:13:17Z" changeset="23014270" uid="260756" user="Felis Pimeja"/>
  <node id="429682014" lat="55.8336509" lon="37.4564806" version="2" timestamp="2014-06-18T22:13:17Z" changeset="23014270" uid="260756" user="Felis Pimeja"/>
  <node id="429682016" lat="55.8330736" lon="37.4563688" version="2" timestamp="2014-06-18T22:13:17Z" changeset="23014270" uid="260756" user="Felis Pimeja"/>
  <node id="429682018" lat="55.8330312" lon="37.4570621" version="2" timestamp="2014-06-18T22:13:17Z" changeset="23014270" uid="260756" user="Felis Pimeja"/>
  <node id="429682020" lat="55.8331776" lon="37.4570905" version="2" timestamp="2014-06-18T22:13:17Z" changeset="23014270" uid="260756" user="Felis Pimeja"/>
  <node id="429682023" lat="55.8331880" lon="37.4569204" version="2" timestamp="2014-06-18T22:13:17Z" changeset="23014270" uid="260756" user="Felis Pimeja"/>
  <node id="429682025" lat="55.8331578" lon="37.4569146" version="2" timestamp="2014-06-18T22:13:17Z" changeset="23014270" uid="260756" user="Felis Pimeja"/>
  <node id="429682027" lat="55.8331766" lon="37.4566073" version="2" timestamp="2014-06-18T22:13:17Z" changeset="23014270" uid="260756" user="Felis Pimeja"/>
  <node id="429682029" lat="55.8335508" lon="37.4566798" version="2" timestamp="2014-06-18T22:13:17Z" changeset="23014270" uid="260756" user="Felis Pimeja"/>
  <node id="429682030" lat="55.8335481" lon="37.4567232" version="2" timestamp="2014-06-18T22:13:17Z" changeset="23014270" uid="260756" user="Felis Pimeja"/>
  <node id="429682032" lat="55.8336350" lon="37.4567401" version="2" timestamp="2014-06-18T22:13:17Z" changeset="23014270" uid="260756" user="Felis Pimeja"/>
  <node id="429682034" lat="55.8344598" lon="37.4542694" version="3" timestamp="2014-06-18T22:13:17Z" changeset="23014270" uid="260756" user="Felis Pimeja"/>
  <node id="429682036" lat="55.8338260" lon="37.4543919" version="3" timestamp="2014-06-18T22:13:17Z" changeset="23014270" uid="260756" user="Felis Pimeja"/>
  <node id="429682038" lat="55.8344457" lon="37.4545079" version="3" timestamp="2014-06-18T22:13:17Z" changeset="23014270" uid="260756" user="Felis Pimeja"/>
  <node id="429682040" lat="55.8338401" lon="37.4541534" version="4" timestamp="2014-06-18T22:13:17Z" changeset="23014270" uid="260756" user="Felis Pimeja"/>
  <node id="429682094" lat="55.8311408" lon="37.4559753" version="2" timestamp="2014-06-18T22:13:17Z" changeset="23014270" uid="260756" user="Felis Pimeja"/>
  <node id="429682095" lat="55.8312723" lon="37.4561973" version="3" timestamp="2014-06-18T22:13:17Z" changeset="23014270" uid="260756" user="Felis Pimeja"/>
  <node id="429682096" lat="55.8311291" lon="37.4561701" version="2" timestamp="2014-06-18T22:13:17Z" changeset="23014270" uid="260756" user="Felis Pimeja"/>
  <node id="429682097" lat="55.8314346" lon="37.4560311" version="2" timestamp="2014-06-18T22:13:17Z" changeset="23014270" uid="260756" user="Felis Pimeja"/>
  <node id="429682098" lat="55.8314038" lon="37.4565456" version="2" timestamp="2014-06-18T22:13:18Z" changeset="23014270" uid="260756" user="Felis Pimeja"/>
  <node id="429682099" lat="55.8312959" lon="37.4565251" version="3" timestamp="2014-06-18T22:13:18Z" changeset="23014270" uid="260756" user="Felis Pimeja"/>
  <node id="429682296" lat="55.8330121" lon="37.4572841" version="3" timestamp="2021-11-11T07:16:54Z" changeset="113638117" uid="11321493" user="Grass-snake"/>
  <node id="429682297" lat="55.8329945" lon="37.4575809" version="3" timestamp="2021-11-11T07:16:54Z" changeset="113638117" uid="11321493" user="Grass-snake"/>
  <node id="429682298" lat="55.8330444" lon="37.4575903" version="3" timestamp="2021-11-11T07:16:54Z" changeset="113638117" uid="11321493" user="Grass-snake"/>
  <node id="429682305" lat="55.8331684" lon="37.4576188" version="3" timestamp="2021-11-11T07:16:54Z" changeset="113638117" uid="11321493" user="Grass-snake"/>
  <node id="429682306" lat="55.8331139" lon="37.4576085" version="3" timestamp="2021-11-11T07:16:54Z" changeset="113638117" uid="11321493" user="Grass-snake"/>
  <node id="429682307" lat="55.8331318" lon="37.4573066" version="3" timestamp="2021-11-11T07:16:54Z" changeset="113638117" uid="11321493" user="Grass-snake"/>
  <node id="429682308" lat="55.8328715" lon="37.4566855" version="3" timestamp="2014-06-18T22:13:19Z" changeset="23014270" uid="260756" user="Felis Pimeja"/>
  <node id="429682309" lat="55.8324811" lon="37.4566379" version="3" timestamp="2014-06-18T22:13:19Z" changeset="23014270" uid="260756" user="Felis Pimeja"/>
  <node id="429682310" lat="55.8324709" lon="37.4568095" version="3" timestamp="2014-06-18T22:13:19Z" changeset="23014270" uid="260756" user="Felis Pimeja"/>
  <node id="429682311" lat="55.8327479" lon="37.4568933" version="3" timestamp="2014-06-18T22:13:19Z" changeset="23014270" uid="260756" user="Felis Pimeja"/>
  <node id="429682312" lat="55.8327420" lon="37.4569926" version="3" timestamp="2014-06-18T22:13:19Z" changeset="23014270" uid="260756" user="Felis Pimeja"/>
  <node id="429682313" lat="55.8328519" lon="37.4570135" version="3" timestamp="2014-06-18T22:13:19Z" changeset="23014270" uid="260756" user="Felis Pimeja"/>
  <node id="445361536" lat="55.8343445" lon="37.4548478" version="4" timestamp="2014-06-18T22:13:20Z" changeset="23014270" uid="260756" user="Felis Pimeja"/>
  <node id="445361552" lat="55.8346847" lon="37.4542340" version="3" timestamp="2017-11-30T23:25:46Z" changeset="54219243" uid="6503009" user="Uterouter"/>
  <node id="445361554" lat="55.8346517" lon="37.4541534" version="4" timestamp="2017-11-30T23:25:46Z" changeset="54219243" uid="6503009" user="Uterouter"/>
  <node id="693335757" lat="55.8345011" lon="37.4545183" version="3" timestamp="2014-06-18T22:13:23Z" changeset="23014270" uid="260756" user="Felis Pimeja"/>
  <node id="693335759" lat="55.8344801" lon="37.4548732" version="3" timestamp="2014-06-18T22:13:23Z" changeset="23014270" uid="260756" user="Felis Pimeja"/>
  <node id="693335763" lat="55.8343654" lon="37.4544929" version="3" timestamp="2014-06-18T22:13:23Z" changeset="23014270" uid="260756" user="Felis Pimeja"/>
  <node id="693335772" lat="55.8337808" lon="37.4558194" version="4" timestamp="2014-06-18T22:13:23Z" changeset="23014270" uid="260756" user="Felis Pimeja"/>
  <node id="693335773" lat="55.8337627" lon="37.4560990" version="4" timestamp="2014-06-18T22:13:23Z" changeset="23014270" uid="260756" user="Felis Pimeja"/>
  <node id="693335774" lat="55.8338348" lon="37.4561138" version="4" timestamp="2014-06-18T22:13:23Z" changeset="23014270" uid="260756" user="Felis Pimeja"/>
  <node id="693335775" lat="55.8338529" lon="37.4558342" version="4" timestamp="2014-06-18T22:13:23Z" changeset="23014270" uid="260756" user="Felis Pimeja"/>
  <node id="693335779" lat="55.8327457" lon="37.4560878" version="3" timestamp="2014-06-18T22:13:23Z" changeset="23014270" uid="260756" user="Felis Pimeja"/>
  <node id="693335785" lat="55.8321848" lon="37.4556197" version="5" timestamp="2024-04-03T08:31:01Z" changeset="149512527" uid="830106" user="literan"/>
  <node id="693335787" lat="55.8321651" lon="37.4559553" version="5" timestamp="2024-04-03T08:31:01Z" changeset="149512527" uid="830106" user="literan"/>
  <node id="693335788" lat="55.8322801" lon="37.4559768" version="6" timestamp="2024-04-03T08:31:01Z" changeset="149512527" uid="830106" user="literan"/>
  <node id="693335790" lat="55.8322998" lon="37.4556412" version="5" timestamp="2024-04-03T08:31:01Z" changeset="149512527" uid="830106" user="literan"/>
  <node id="693335795" lat="55.8331031" lon="37.4542576" version="4" timestamp="2014-06-18T22:13:23Z" changeset="23014270" uid="260756" user="Felis Pimeja"/>
  <node id="693335797" lat="55.8330839" lon="37.4545969" version="4" timestamp="2014-06-18T22:13:23Z" changeset="23014270" uid="260756" user="Felis Pimeja"/>
  <node id="693335798" lat="55.8329453" lon="37.4545719" version="4" timestamp="2014-06-18T22:13:23Z" changeset="23014270" uid="260756" user="Felis Pimeja"/>
  <node id="693335800" lat="55.8329657" lon="37.4542117" version="4" timestamp="2014-06-18T22:13:23Z" changeset="23014270" uid="260756" user="Felis Pimeja"/>
  <node id="693335819" lat="55.8328894" lon="37.4555202" version="3" timestamp="2021-11-11T07:16:54Z" changeset="113638117" uid="11321493" user="Grass-snake"/>
  <node id="693335821" lat="55.8329125" lon="37.4551659" version="3" timestamp="2021-11-11T07:16:54Z" changeset="113638117" uid="11321493" user="Grass-snake"/>
  <node id="693335822" lat="55.8330469" lon="37.4551938" version="3" timestamp="2021-11-11T07:16:54Z" changeset="113638117" uid="11321493" user="Grass-snake"/>
  <node id="693335823" lat="55.8330248" lon="37.4555306" version="3" timestamp="2021-11-11T07:16:54Z" changeset="113638117" uid="11321493" user="Grass-snake"/>
  <node id="693336336" lat="55.8336550" lon="37.4545589" version="2" timestamp="2014-06-18T22:13:23Z" changeset="23014270" uid="260756" user="Felis Pimeja"/>
  <node id="693336338" lat="55.8336465" lon="37.4547071" version="2" timestamp="2014-06-18T22:13:23Z" changeset="23014270" uid="260756" user="Felis Pimeja"/>
  <node id="693336340" lat="55.8338317" lon="37.4547408" version="2" timestamp="2014-06-18T22:13:23Z" changeset="23014270" uid="260756" user="Felis Pimeja"/>
  <node id="693336343" lat="55.8338402" lon="37.4545926" version="2" timestamp="2014-06-18T22:13:23Z" changeset="23014270" uid="260756" user="Felis Pimeja"/>
  <node id="694089855" lat="55.8336470" lon="37.4547918" version="5" timestamp="2018-03-31T21:45:34Z" changeset="57699826" uid="3580412" user="Alexander-II"/>
  <node id="694089856" lat="55.8335926" lon="37.4555936" version="5" timestamp="2018-03-31T21:45:34Z" changeset="57699826" uid="3580412" user="Alexander-II"/>
  <node id="694089857" lat="55.8337039" lon="37.4556175" version="4" timestamp="2018-03-31T21:45:34Z" changeset="57699826" uid="3580412" user="Alexander-II"/>
  <node id="694089858" lat="55.8337582" lon="37.4548157" version="4" timestamp="2018-03-31T21:45:34Z" changeset="57699826" uid="3580412" user="Alexander-II"/>
  <node id="694096969" lat="55.8327175" lon="37.4572120" version="3" timestamp="2014-06-18T22:13:24Z" changeset="23014270" uid="260756" user="Felis Pimeja"/>
  <node id="694096971" lat="55.8326962" lon="37.4575133" version="3" timestamp="2014-06-18T22:13:24Z" changeset="23014270" uid="260756" user="Felis Pimeja"/>
  <node id="694096973" lat="55.8326419" lon="37.4575012" version="3" timestamp="2014-06-18T22:13:24Z" changeset="23014270" uid="260756" user="Felis Pimeja"/>
  <node id="694096989" lat="55.8327662" lon="37.4575237" version="3" timestamp="2014-06-18T22:13:24Z" changeset="23014270" uid="260756" user="Felis Pimeja"/>
  <node id="694096990" lat="55.8328161" lon="37.4575349" version="3" timestamp="2014-06-18T22:13:24Z" changeset="23014270" uid="260756" user="Felis Pimeja"/>
  <node id="694096991" lat="55.8328369" lon="37.4572387" version="3" timestamp="2014-06-18T22:13:24Z" changeset="23014270" uid="260756" user="Felis Pimeja"/>
  <node id="694098258" lat="55.8315856" lon="37.4567564" version="2" timestamp="2014-06-18T22:13:24Z" changeset="23014270" uid="260756" user="Felis Pimeja"/>
  <node id="694098259" lat="55.8316028" lon="37.4564449" version="2" timestamp="2014-06-18T22:13:24Z" changeset="23014270" uid="260756" user="Felis Pimeja"/>
  <node id="694098260" lat="55.8319586" lon="37.4565292" version="2" timestamp="2014-06-18T22:13:24Z" changeset="23014270" uid="260756" user="Felis Pimeja"/>
  <node id="694098261" lat="55.8319530" lon="37.4567263" version="2" timestamp="2014-06-18T22:13:25Z" changeset="23014270" uid="260756" user="Felis Pimeja"/>
  <node id="694098262" lat="55.8316840" lon="37.4566792" version="2" timestamp="2014-06-18T22:13:25Z" changeset="23014270" uid="260756" user="Felis Pimeja"/>
  <node id="694098263" lat="55.8316788" lon="37.4567727" version="2" timestamp="2014-06-18T22:13:25Z" changeset="23014270" uid="260756" user="Felis Pimeja"/>
  <node id="694098342" lat="55.8319441" lon="37.4575656" version="2" timestamp="2014-06-18T22:13:25Z" changeset="23014270" uid="260756" user="Felis Pimeja"/>
  <node id="694098343" lat="55.8323236" lon="37.4576417" version="2" timestamp="2014-06-18T22:13:25Z" changeset="23014270" uid="260756" user="Felis Pimeja"/>
  <node id="694098344" lat="55.8323397" lon="37.4573875" version="2" timestamp="2014-06-18T22:13:25Z" changeset="23014270" uid="260756" user="Felis Pimeja"/>
  <node id="694098345" lat="55.8319602" lon="37.4573113" version="2" timestamp="2014-06-18T22:13:25Z" changeset="23014270" uid="260756" user="Felis Pimeja"/>
  <node id="694098951" lat="55.8321327" lon="37.4549412" version="3" timestamp="2024-04-03T08:31:01Z" changeset="149512527" uid="830106" user="literan"/>
  <node id="694098952" lat="55.8321042" lon="37.4549353" version="3" timestamp="2024-04-03T08:31:01Z" changeset="149512527" uid="830106" user="literan"/>
  <node id="694099116" lat="55.8323610" lon="37.4576883" version="3" timestamp="2021-11-11T07:16:54Z" changeset="113638117" uid="11321493" user="Grass-snake"/>
  <node id="694099117" lat="55.8323573" lon="37.4577629" version="3" timestamp="2021-11-11T07:16:54Z" changeset="113638117" uid="11321493" user="Grass-snake"/>
  <node id="694099119" lat="55.8324180" lon="37.4577724" version="3" timestamp="2021-11-11T07:16:54Z" changeset="113638117" uid="11321493" user="Grass-snake"/>
  <node id="694099120" lat="55.8324217" lon="37.4576978" version="3" timestamp="2021-11-11T07:16:54Z" changeset="113638117" uid="11321493" user="Grass-snake"/>
  <node id="694099868" lat="55.8318358" lon="37.4543597" version="3" timestamp="2014-06-18T22:13:25Z" changeset="23014270" uid="260756" user="Felis Pimeja"/>
  <node id="694099869" lat="55.8317050" lon="37.4543329" version="3" timestamp="2014-06-18T22:13:25Z" changeset="23014270" uid="260756" user="Felis Pimeja"/>
  <node id="694100471" lat="55.8311767" lon="37.4552546" version="4" timestamp="2014-06-18T22:13:26Z" changeset="23014270" uid="260756" user="Felis Pimeja"/>
  <node id="694100475" lat="55.8311968" lon="37.4548662" version="4" timestamp="2014-06-18T22:13:26Z" changeset="23014270" uid="260756" user="Felis Pimeja"/>
  <node id="694102729" lat="55.8311925" lon="37.4568529" version="2" timestamp="2014-06-18T22:13:26Z" changeset="23014270" uid="260756" user="Felis Pimeja"/>
  <node id="694102730" lat="55.8311755" lon="37.4571339" version="2" timestamp="2014-06-18T22:13:26Z" changeset="23014270" uid="260756" user="Felis Pimeja"/>
  <node id="694102731" lat="55.8312807" lon="37.4571541" version="2" timestamp="2014-06-18T22:13:26Z" changeset="23014270" uid="260756" user="Felis Pimeja"/>
  <node id="694102732" lat="55.8312977" lon="37.4568731" version="2" timestamp="2014-06-18T22:13:26Z" changeset="23014270" uid="260756" user="Felis Pimeja"/>
  <node id="694102733" lat="55.8311516" lon="37.4573948" version="2" timestamp="2014-06-18T22:13:26Z" changeset="23014270" uid="260756" user="Felis Pimeja"/>
  <node id="694102735" lat="55.8311384" lon="37.4576674" version="2" timestamp="2014-06-18T22:13:26Z" changeset="23014270" uid="260756" user="Felis Pimeja"/>
  <node id="694102736" lat="55.8312467" lon="37.4576840" version="2" timestamp="2014-06-18T22:13:26Z" changeset="23014270" uid="260756" user="Felis Pimeja"/>
  <node id="694102737" lat="55.8312599" lon="37.4574115" version="2" timestamp="2014-06-18T22:13:26Z" changeset="23014270" uid="260756" user="Felis Pimeja"/>
  <node id="694103278" lat="55.8315567" lon="37.4569928" version="2" timestamp="2014-06-18T22:13:26Z" changeset="23014270" uid="260756" user="Felis Pimeja"/>
  <node id="694103279" lat="55.8315440" lon="37.4572534" version="2" timestamp="2014-06-18T22:13:26Z" changeset="23014270" uid="260756" user="Felis Pimeja"/>
  <node id="694103280" lat="55.8315777" lon="37.4572586" version="2" timestamp="2014-06-18T22:13:26Z" changeset="23014270" uid="260756" user="Felis Pimeja"/>
  <node id="694103281" lat="55.8315536" lon="37.4577536" version="2" timestamp="2014-06-18T22:13:26Z" changeset="23014270" uid="260756" user="Felis Pimeja"/>
  <node id="694103282" lat="55.8315155" lon="37.4577477" version="2" timestamp="2014-06-18T22:13:26Z" changeset="23014270" uid="260756" user="Felis Pimeja"/>
  <node id="694103283" lat="55.8315021" lon="37.4580229" version="2" timestamp="2014-06-18T22:13:26Z" changeset="23014270" uid="260756" user="Felis Pimeja"/>
  <node id="694103284" lat="55.8316051" lon="37.4580388" version="2" timestamp="2014-06-18T22:13:26Z" changeset="23014270" uid="260756" user="Felis Pimeja"/>
  <node id="694103285" lat="55.8316185" lon="37.4577636" version="2" timestamp="2014-06-18T22:13:26Z" changeset="23014270" uid="260756" user="Felis Pimeja"/>
  <node id="694103286" lat="55.8316605" lon="37.4577701" version="2" timestamp="2014-06-18T22:13:26Z" changeset="23014270" uid="260756" user="Felis Pimeja"/>
  <node id="694103287" lat="55.8316846" lon="37.4572751" version="2" timestamp="2014-06-18T22:13:26Z" changeset="23014270" uid="260756" user="Felis Pimeja"/>
  <node id="694103289" lat="55.8316631" lon="37.4572718" version="2" timestamp="2014-06-18T22:13:26Z" changeset="23014270" uid="260756" user="Felis Pimeja"/>
  <node id="694103290" lat="55.8316758" lon="37.4570112" version="2" timestamp="2014-06-18T22:13:26Z" changeset="23014270" uid="260756" user="Felis Pimeja"/>
  <node id="1000709000" lat="55.8315017" lon="37.4543253" version="2" timestamp="2014-06-18T22:13:10Z" changeset="23014270" uid="260756" user="Felis Pimeja"/>
  <node id="1000709001" lat="55.8314903" lon="37.4545676" version="2" timestamp="2014-06-18T22:13:10Z" changeset="23014270" uid="260756" user="Felis Pimeja"/>
  <node id="1000709002" lat="55.8313908" lon="37.4545528" version="2" timestamp="2014-06-18T22:13:10Z" changeset="23014270" uid="260756" user="Felis Pimeja"/>
  <node id="1000709003" lat="55.8314021" lon="37.4543106" version="3" timestamp="2014-06-18T22:13:10Z" changeset="23014270" uid="260756" user="Felis Pimeja"/>
  <node id="1012174074" lat="55.8338268" lon="37.4553376" version="2" timestamp="2014-06-18T22:13:10Z" changeset="23014270" uid="260756" user="Felis Pimeja"/>
  <node id="1012174075" lat="55.8338022" lon="37.4556758" version="2" timestamp="2014-06-18T22:13:10Z" changeset="23014270" uid="260756" user="Felis Pimeja"/>
  <node id="1012174078" lat="55.8338487" lon="37.4556865" version="2" timestamp="2014-06-18T22:13:10Z" changeset="23014270" uid="260756" user="Felis Pimeja"/>
  <node id="1012174079" lat="55.8338733" lon="37.4553483" version="2" timestamp="2014-06-18T22:13:10Z" changeset="23014270" uid="260756" user="Felis Pimeja"/>
  <node id="1012174083" lat="55.8338355" lon="37.4548276" version="2" timestamp="2014-06-18T22:13:10Z" changeset="23014270" uid="260756" user="Felis Pimeja"/>
  <node id="1012174084" lat="55.8338208" lon="37.4552507" version="2" timestamp="2014-06-18T22:13:10Z" changeset="23014270" uid="260756" user="Felis Pimeja"/>
  <node id="1012174086" lat="55.8339135" lon="37.4552609" version="2" timestamp="2014-06-18T22:13:10Z" changeset="23014270" uid="260756" user="Felis Pimeja"/>
  <node id="1012174087" lat="55.8339218" lon="37.4550235" version="2" timestamp="2014-06-18T22:13:10Z" changeset="23014270" uid="260756" user="Felis Pimeja"/>
  <node id="1012174094" lat="55.8338839" lon="37.4550193" version="2" timestamp="2014-06-18T22:13:10Z" changeset="23014270" uid="260756" user="Felis Pimeja"/>
  <node id="1012174097" lat="55.8338904" lon="37.4548336" version="2" timestamp="2014-06-18T22:13:10Z" changeset="23014270" uid="260756" user="Felis Pimeja"/>
  <node id="1417040126" lat="55.8350719" lon="37.4568500" version="2" timestamp="2013-01-27T13:01:35Z" changeset="14807173" uid="206282" user="Amigo"/>
  <node id="1852004379" lat="55.8347241" lon="37.4542305" version="8" timestamp="2023-05-30T10:29:54Z" changeset="136738360" uid="12176526" user="somix">
    <tag k="crossing" v="traffic_signals"/>
    <tag k="crossing:island" v="no"/>
    <tag k="crossing:markings" v="zebra"/>
    <tag k="highway" v="crossing"/>
    <tag k="ref" v="3881"/>
    <tag k="tactile_paving" v="no"/>
  </node>
  <node id="1938013525" lat="55.8328530" lon="37.4542672" version="2" timestamp="2024-04-03T08:31:01Z" changeset="149512527" uid="830106" user="literan"/>
  <node id="1938024422" lat="55.8343614" lon="37.4542823" version="4" timestamp="2022-08-12T16:54:41Z" changeset="124826948" uid="12176526" user="somix">
    <tag k="check_date" v="2022-08-12"/>
    <tag k="craft" v="photographer"/>
  </node>
  <node id="1938024427" lat="55.8337258" lon="37.4544761" version="3" timestamp="2014-06-18T22:13:12Z" changeset="23014270" uid="260756" user="Felis Pimeja"/>
  <node id="1938024429" lat="55.8337430" lon="37.4541325" version="3" timestamp="2024-09-12T17:13:59Z" changeset="156538772" uid="830106" user="literan">
    <tag k="access" v="yes"/>
    <tag k="barrier" v="entrance"/>
  </node>
  <node id="1938024432" lat="55.8339770" lon="37.4542085" version="40" timestamp="2023-09-17T22:47:20Z" changeset="141400391" uid="149719" user="Bloodmage">
    <tag k="amenity" v="clinic"/>
    <tag k="check_date" v="2022-08-12"/>
    <tag k="healthcare" v="clinic"/>
    <tag k="healthcare:speciality" v="neuropsychiatry"/>
    <tag k="name" v="Психоневрологический диспансер №17"/>
    <tag k="name:uk" v="Психоневрологічний диспансер №17"/>
  </node>
  <node id="1938024438" lat="55.8336301" lon="37.4541367" version="36" timestamp="2023-09-17T22:43:35Z" changeset="141400340" uid="149719" user="Bloodmage">
    <tag k="check_date" v="2022-08-12"/>
    <tag k="name" v="Студия цветов"/>
    <tag k="shop" v="florist"/>
  </node>
  <node id="1938026555" lat="55.8346222" lon="37.4542131" version="4" timestamp="2024-06-18T08:57:17Z" changeset="152837621" uid="12176526" user="somix"/>
  <node id="2130668180" lat="55.8348576" lon="37.4556978" version="3" timestamp="2021-11-11T07:16:54Z" changeset="113638117" uid="11321493" user="Grass-snake"/>
  <node id="2130668184" lat="55.8347765" lon="37.4567727" version="2" timestamp="2015-12-02T11:51:51Z" changeset="35704292" uid="206282" user="Amigo"/>
  <node id="2130668185" lat="55.8347328" lon="37.4575160" version="2" timestamp="2015-12-02T11:51:51Z" changeset="35704292" uid="206282" user="Amigo"/>
  <node id="2130668186" lat="55.8348321" lon="37.4560685" version="2" timestamp="2015-12-02T11:51:51Z" changeset="35704292" uid="206282" user="Amigo"/>
  <node id="2130668188" lat="55.8349747" lon="37.4542655" version="8" timestamp="2021-07-02T16:58:05Z" changeset="107322756" uid="12089572" user="somix2">
    <tag k="barrier" v="kerb"/>
    <tag k="kerb" v="raised"/>
    <tag k="tactile_paving" v="no"/>
  </node>
  <node id="2130668189" lat="55.8349160" lon="37.4544971" version="2" timestamp="2015-12-02T11:51:51Z" changeset="35704292" uid="206282" user="Amigo"/>
  <node id="2130668194" lat="55.8349024" lon="37.4549373" version="3" timestamp="2017-11-30T23:25:49Z" changeset="54219243" uid="6503009" user="Uterouter"/>
  <node id="2130668195" lat="55.8349449" lon="37.4546227" version="2" timestamp="2015-12-02T11:51:51Z" changeset="35704292" uid="206282" user="Amigo"/>
  <node id="2130668198" lat="55.8348981" lon="37.4547428" version="3" timestamp="2015-05-03T00:39:40Z" changeset="30735462" uid="549888" user="arcth">
    <tag k="power" v="tower"/>
  </node>
  <node id="2130668199" lat="55.8347875" lon="37.4565675" version="3" timestamp="2021-11-11T07:16:54Z" changeset="113638117" uid="11321493" user="Grass-snake"/>
  <node id="2130668204" lat="55.8349375" lon="37.4548102" version="3" timestamp="2017-11-30T23:25:49Z" changeset="54219243" uid="6503009" user="Uterouter"/>
  <node id="2130668206" lat="55.8348995" lon="37.4544164" version="3" timestamp="2015-12-02T11:51:51Z" changeset="35704292" uid="206282" user="Amigo"/>
  <node id="2131230008" lat="55.8348307" lon="37.4546610" version="2" timestamp="2015-05-03T00:39:41Z" changeset="30735462" uid="549888" user="arcth">
    <tag k="power" v="tower"/>
  </node>
  <node id="2131230011" lat="55.8346081" lon="37.4580284" version="2" timestamp="2015-05-03T00:39:41Z" changeset="30735462" uid="549888" user="arcth">
    <tag k="power" v="tower"/>
  </node>
  <node id="2298380241" lat="55.8312295" lon="37.4556855" version="2" timestamp="2014-06-18T22:13:12Z" changeset="23014270" uid="260756" user="Felis Pimeja"/>
  <node id="2298380243" lat="55.8312385" lon="37.4546971" version="2" timestamp="2014-06-18T22:13:13Z" changeset="23014270" uid="260756" user="Felis Pimeja"/>
  <node id="2922652095" lat="55.8311627" lon="37.4544227" version="1" timestamp="2014-06-18T22:12:24Z" changeset="23014270" uid="260756" user="Felis Pimeja"/>
  <node id="2922652096" lat="55.8311703" lon="37.4543083" version="1" timestamp="2014-06-18T22:12:24Z" changeset="23014270" uid="260756" user="Felis Pimeja"/>
  <node id="2922652097" lat="55.8311887" lon="37.4546637" version="1" timestamp="2014-06-18T22:12:24Z" changeset="23014270" uid="260756" user="Felis Pimeja"/>
  <node id="2922652098" lat="55.8311898" lon="37.4579345" version="1" timestamp="2014-06-18T22:12:25Z" changeset="23014270" uid="260756" user="Felis Pimeja"/>
  <node id="2922652099" lat="55.8311956" lon="37.4579084" version="1" timestamp="2014-06-18T22:12:25Z" changeset="23014270" uid="260756" user="Felis Pimeja"/>
  <node id="2922652100" lat="55.8311970" lon="37.4545415" version="1" timestamp="2014-06-18T22:12:25Z" changeset="23014270" uid="260756" user="Felis Pimeja"/>
  <node id="2922652739" lat="55.8317407" lon="37.4568639" version="1" timestamp="2014-06-18T22:12:26Z" changeset="23014270" uid="260756" user="Felis Pimeja"/>
  <node id="2922652744" lat="55.8318080" lon="37.4576113" version="1" timestamp="2014-06-18T22:12:27Z" changeset="23014270" uid="260756" user="Felis Pimeja"/>
  <node id="2922652745" lat="55.8318154" lon="37.4559070" version="3" timestamp="2022-08-13T13:55:38Z" changeset="124854166" uid="12176526" user="somix"/>
  <node id="2922652746" lat="55.8318249" lon="37.4557116" version="3" timestamp="2022-08-13T13:55:38Z" changeset="124854166" uid="12176526" user="somix"/>
  <node id="2922652747" lat="55.8318490" lon="37.4570511" version="1" timestamp="2014-06-18T22:12:27Z" changeset="23014270" uid="260756" user="Felis Pimeja"/>
  <node id="2922652748" lat="55.8318502" lon="37.4553270" version="4" timestamp="2024-04-03T08:31:01Z" changeset="149512527" uid="830106" user="literan"/>
  <node id="2922652751" lat="55.8318837" lon="37.4547778" version="4" timestamp="2024-04-03T08:31:01Z" changeset="149512527" uid="830106" user="literan"/>
  <node id="2922652752" lat="55.8319070" lon="37.4576343" version="2" timestamp="2021-11-11T07:16:54Z" changeset="113638117" uid="11321493" user="Grass-snake"/>
  <node id="2922652753" lat="55.8319264" lon="37.4573690" version="2" timestamp="2021-11-11T07:16:54Z" changeset="113638117" uid="11321493" user="Grass-snake"/>
  <node id="2922652754" lat="55.8319542" lon="37.4567055" version="1" timestamp="2014-06-18T22:12:27Z" changeset="23014270" uid="260756" user="Felis Pimeja"/>
  <node id="2922652755" lat="55.8319598" lon="37.4565075" version="1" timestamp="2014-06-18T22:12:27Z" changeset="23014270" uid="260756" user="Felis Pimeja"/>
  <node id="2922652756" lat="55.8319817" lon="37.4567104" version="1" timestamp="2014-06-18T22:12:27Z" changeset="23014270" uid="260756" user="Felis Pimeja"/>
  <node id="2922652757" lat="55.8319914" lon="37.4565350" version="1" timestamp="2014-06-18T22:12:27Z" changeset="23014270" uid="260756" user="Felis Pimeja"/>
  <node id="2922652758" lat="55.8320078" lon="37.4545381" version="2" timestamp="2024-04-03T08:31:01Z" changeset="149512527" uid="830106" user="literan"/>
  <node id="2922652760" lat="55.8321469" lon="37.4563023" version="3" timestamp="2026-03-25T20:07:25Z" changeset="180425665" uid="1461457" user="aurora-polar"/>
  <node id="2922652761" lat="55.8321496" lon="37.4557712" version="2" timestamp="2026-03-25T20:07:25Z" changeset="180425665" uid="1461457" user="aurora-polar"/>
  <node id="2922652762" lat="55.8321640" lon="37.4560385" version="2" timestamp="2024-04-03T08:31:01Z" changeset="149512527" uid="830106" user="literan"/>
  <node id="2922652763" lat="55.8321286" lon="37.4545631" version="2" timestamp="2024-04-03T08:31:01Z" changeset="149512527" uid="830106" user="literan"/>
  <node id="2922652764" lat="55.8321429" lon="37.4553877" version="2" timestamp="2024-04-03T08:31:01Z" changeset="149512527" uid="830106" user="literan"/>
  <node id="2922652767" lat="55.8321882" lon="37.4555812" version="1" timestamp="2014-06-18T22:12:27Z" changeset="23014270" uid="260756" user="Felis Pimeja"/>
  <node id="2922652768" lat="55.8321934" lon="37.4546151" version="2" timestamp="2024-04-03T08:31:01Z" changeset="149512527" uid="830106" user="literan"/>
  <node id="2922652769" lat="55.8321954" lon="37.4554639" version="2" timestamp="2024-04-03T08:31:01Z" changeset="149512527" uid="830106" user="literan"/>
  <node id="2922652771" lat="55.8322424" lon="37.4552485" version="2" timestamp="2024-04-03T08:31:01Z" changeset="149512527" uid="830106" user="literan"/>
  <node id="2922652772" lat="55.8322507" lon="37.4551214" version="2" timestamp="2024-04-03T08:31:01Z" changeset="149512527" uid="830106" user="literan"/>
  <node id="2922652773" lat="55.8322565" lon="37.4548999" version="2" timestamp="2024-04-03T08:31:01Z" changeset="149512527" uid="830106" user="literan"/>
  <node id="2922652774" lat="55.8322648" lon="37.4547728" version="2" timestamp="2024-04-03T08:31:01Z" changeset="149512527" uid="830106" user="literan"/>
  <node id="2922652775" lat="55.8322788" lon="37.4545469" version="2" timestamp="2024-04-03T08:31:01Z" changeset="149512527" uid="830106" user="literan"/>
  <node id="2922652776" lat="55.8322876" lon="37.4560622" version="2" timestamp="2024-04-03T08:31:01Z" changeset="149512527" uid="830106" user="literan"/>
  <node id="2922652777" lat="55.8322829" lon="37.4544836" version="2" timestamp="2024-04-03T08:31:01Z" changeset="149512527" uid="830106" user="literan"/>
  <node id="2922652780" lat="55.8323153" lon="37.4556056" version="2" timestamp="2024-04-03T08:31:01Z" changeset="149512527" uid="830106" user="literan"/>
  <node id="2922652783" lat="55.8323275" lon="37.4577318" version="1" timestamp="2014-06-18T22:12:27Z" changeset="23014270" uid="260756" user="Felis Pimeja"/>
  <node id="2922652784" lat="55.8324888" lon="37.4558974" version="3" timestamp="2026-03-26T19:18:21Z" changeset="180471375" uid="830106" user="literan"/>
  <node id="2922652789" lat="55.8323730" lon="37.4552755" version="2" timestamp="2024-04-03T08:31:01Z" changeset="149512527" uid="830106" user="literan"/>
  <node id="2922652790" lat="55.8323814" lon="37.4551484" version="2" timestamp="2024-04-03T08:31:01Z" changeset="149512527" uid="830106" user="literan"/>
  <node id="2922652792" lat="55.8323871" lon="37.4549270" version="2" timestamp="2024-04-03T08:31:01Z" changeset="149512527" uid="830106" user="literan"/>
  <node id="2922652794" lat="55.8323954" lon="37.4547999" version="2" timestamp="2024-04-03T08:31:01Z" changeset="149512527" uid="830106" user="literan"/>
  <node id="2922652797" lat="55.8324414" lon="37.4545806" version="2" timestamp="2024-04-03T08:31:01Z" changeset="149512527" uid="830106" user="literan"/>
  <node id="2922652798" lat="55.8324455" lon="37.4545174" version="2" timestamp="2024-04-03T08:31:01Z" changeset="149512527" uid="830106" user="literan"/>
  <node id="2922652799" lat="55.8324442" lon="37.4554501" version="2" timestamp="2024-04-03T08:31:01Z" changeset="149512527" uid="830106" user="literan"/>
  <node id="2922652801" lat="55.8311990" lon="37.4546687" version="1" timestamp="2014-06-18T22:12:25Z" changeset="23014270" uid="260756" user="Felis Pimeja"/>
  <node id="2922652802" lat="55.8312050" lon="37.4545890" version="1" timestamp="2014-06-18T22:12:25Z" changeset="23014270" uid="260756" user="Felis Pimeja"/>
  <node id="2922652803" lat="55.8312216" lon="37.4562538" version="1" timestamp="2014-06-18T22:12:25Z" changeset="23014270" uid="260756" user="Felis Pimeja"/>
  <node id="2922652804" lat="55.8312270" lon="37.4544362" version="1" timestamp="2014-06-18T22:12:25Z" changeset="23014270" uid="260756" user="Felis Pimeja"/>
  <node id="2922652805" lat="55.8312340" lon="37.4579657" version="1" timestamp="2014-06-18T22:12:25Z" changeset="23014270" uid="260756" user="Felis Pimeja"/>
  <node id="2922652806" lat="55.8312346" lon="37.4543217" version="1" timestamp="2014-06-18T22:12:25Z" changeset="23014270" uid="260756" user="Felis Pimeja"/>
  <node id="2922652807" lat="55.8312390" lon="37.4551532" version="1" timestamp="2014-06-18T22:12:25Z" changeset="23014270" uid="260756" user="Felis Pimeja"/>
  <node id="2922652808" lat="55.8312394" lon="37.4546783" version="1" timestamp="2014-06-18T22:12:25Z" changeset="23014270" uid="260756" user="Felis Pimeja"/>
  <node id="2922652809" lat="55.8312398" lon="37.4579396" version="1" timestamp="2014-06-18T22:12:25Z" changeset="23014270" uid="260756" user="Felis Pimeja"/>
  <node id="2922652810" lat="55.8312454" lon="37.4545986" version="1" timestamp="2014-06-18T22:12:25Z" changeset="23014270" uid="260756" user="Felis Pimeja"/>
  <node id="2922652811" lat="55.8312464" lon="37.4565103" version="1" timestamp="2014-06-18T22:12:25Z" changeset="23014270" uid="260756" user="Felis Pimeja"/>
  <node id="2922652812" lat="55.8312500" lon="37.4548982" version="1" timestamp="2014-06-18T22:12:25Z" changeset="23014270" uid="260756" user="Felis Pimeja"/>
  <node id="2922652813" lat="55.8312531" lon="37.4556395" version="1" timestamp="2014-06-18T22:12:25Z" changeset="23014270" uid="260756" user="Felis Pimeja"/>
  <node id="2922652814" lat="55.8312544" lon="37.4557972" version="5" timestamp="2022-08-13T13:55:38Z" changeset="124854166" uid="12176526" user="somix">
    <tag k="crossing" v="uncontrolled"/>
    <tag k="crossing:island" v="no"/>
    <tag k="highway" v="crossing"/>
    <tag k="tactile_paving" v="no"/>
  </node>
  <node id="2922652815" lat="55.8312578" lon="37.4563299" version="1" timestamp="2014-06-18T22:12:25Z" changeset="23014270" uid="260756" user="Felis Pimeja"/>
  <node id="2922652816" lat="55.8312730" lon="37.4552054" version="1" timestamp="2014-06-18T22:12:25Z" changeset="23014270" uid="260756" user="Felis Pimeja"/>
  <node id="2922652818" lat="55.8312731" lon="37.4549424" version="1" timestamp="2014-06-18T22:12:25Z" changeset="23014270" uid="260756" user="Felis Pimeja"/>
  <node id="2922652819" lat="55.8312741" lon="37.4561676" version="1" timestamp="2014-06-18T22:12:25Z" changeset="23014270" uid="260756" user="Felis Pimeja"/>
  <node id="2922652820" lat="55.8313114" lon="37.4551654" version="2" timestamp="2017-12-01T13:46:56Z" changeset="54236381" uid="6503009" user="Uterouter"/>
  <node id="2922652821" lat="55.8313163" lon="37.4576005" version="2" timestamp="2021-11-11T07:16:54Z" changeset="113638117" uid="11321493" user="Grass-snake"/>
  <node id="2922652822" lat="55.8313223" lon="37.4574821" version="2" timestamp="2021-11-11T07:16:54Z" changeset="113638117" uid="11321493" user="Grass-snake"/>
  <node id="2922652823" lat="55.8313160" lon="37.4542531" version="1" timestamp="2014-06-18T22:12:25Z" changeset="23014270" uid="260756" user="Felis Pimeja"/>
  <node id="2922652824" lat="55.8313168" lon="37.4561757" version="1" timestamp="2014-06-18T22:12:25Z" changeset="23014270" uid="260756" user="Felis Pimeja"/>
  <node id="2922652827" lat="55.8313414" lon="37.4549558" version="1" timestamp="2014-06-18T22:12:25Z" changeset="23014270" uid="260756" user="Felis Pimeja"/>
  <node id="2922652829" lat="55.8313571" lon="37.4549119" version="1" timestamp="2014-06-18T22:12:25Z" changeset="23014270" uid="260756" user="Felis Pimeja"/>
  <node id="2922652830" lat="55.8313668" lon="37.4576085" version="2" timestamp="2021-11-11T07:16:54Z" changeset="113638117" uid="11321493" user="Grass-snake"/>
  <node id="2922652831" lat="55.8313728" lon="37.4574901" version="2" timestamp="2021-11-11T07:16:54Z" changeset="113638117" uid="11321493" user="Grass-snake"/>
  <node id="2922652832" lat="55.8313658" lon="37.4547541" version="1" timestamp="2014-06-18T22:12:25Z" changeset="23014270" uid="260756" user="Felis Pimeja"/>
  <node id="2922652833" lat="55.8313843" lon="37.4542666" version="1" timestamp="2014-06-18T22:12:25Z" changeset="23014270" uid="260756" user="Felis Pimeja"/>
  <node id="2922652834" lat="55.8313966" lon="37.4547595" version="1" timestamp="2014-06-18T22:12:25Z" changeset="23014270" uid="260756" user="Felis Pimeja"/>
  <node id="2922652835" lat="55.8313986" lon="37.4547234" version="1" timestamp="2014-06-18T22:12:25Z" changeset="23014270" uid="260756" user="Felis Pimeja"/>
  <node id="2922652836" lat="55.8313993" lon="37.4542449" version="1" timestamp="2014-06-18T22:12:25Z" changeset="23014270" uid="260756" user="Felis Pimeja"/>
  <node id="2922652837" lat="55.8314020" lon="37.4580768" version="1" timestamp="2014-06-18T22:12:25Z" changeset="23014270" uid="260756" user="Felis Pimeja"/>
  <node id="2922652838" lat="55.8314067" lon="37.4580091" version="1" timestamp="2014-06-18T22:12:25Z" changeset="23014270" uid="260756" user="Felis Pimeja"/>
  <node id="2922652839" lat="55.8314068" lon="37.4540897" version="1" timestamp="2014-06-18T22:12:25Z" changeset="23014270" uid="260756" user="Felis Pimeja"/>
  <node id="2922652841" lat="55.8314933" lon="37.4568102" version="1" timestamp="2014-06-18T22:12:26Z" changeset="23014270" uid="260756" user="Felis Pimeja"/>
  <node id="2922652844" lat="55.8315295" lon="37.4542651" version="1" timestamp="2014-06-18T22:12:26Z" changeset="23014270" uid="260756" user="Felis Pimeja"/>
  <node id="2922652845" lat="55.8315300" lon="37.4549422" version="1" timestamp="2014-06-18T22:12:26Z" changeset="23014270" uid="260756" user="Felis Pimeja"/>
  <node id="2922652847" lat="55.8316468" lon="37.4544015" version="2" timestamp="2017-12-01T13:46:57Z" changeset="54236381" uid="6503009" user="Uterouter"/>
  <node id="2922652848" lat="55.8315371" lon="37.4541100" version="1" timestamp="2014-06-18T22:12:26Z" changeset="23014270" uid="260756" user="Felis Pimeja"/>
  <node id="2922652849" lat="55.8315407" lon="37.4547483" version="1" timestamp="2014-06-18T22:12:26Z" changeset="23014270" uid="260756" user="Felis Pimeja"/>
  <node id="2922652850" lat="55.8315992" lon="37.4552189" version="2" timestamp="2017-12-01T13:46:57Z" changeset="54236381" uid="6503009" user="Uterouter"/>
  <node id="2922652852" lat="55.8316277" lon="37.4547325" version="2" timestamp="2017-12-01T13:46:57Z" changeset="54236381" uid="6503009" user="Uterouter"/>
  <node id="2922652854" lat="55.8316419" lon="37.4544901" version="2" timestamp="2017-12-01T13:46:57Z" changeset="54236381" uid="6503009" user="Uterouter"/>
  <node id="2922652863" lat="55.8330815" lon="37.4554274" version="1" timestamp="2014-06-18T22:12:29Z" changeset="23014270" uid="260756" user="Felis Pimeja"/>
  <node id="2922652865" lat="55.8331135" lon="37.4549022" version="1" timestamp="2014-06-18T22:12:29Z" changeset="23014270" uid="260756" user="Felis Pimeja"/>
  <node id="2922652866" lat="55.8331190" lon="37.4554977" version="1" timestamp="2014-06-18T22:12:29Z" changeset="23014270" uid="260756" user="Felis Pimeja"/>
  <node id="2922652867" lat="55.8331270" lon="37.4546811" version="1" timestamp="2014-06-18T22:12:29Z" changeset="23014270" uid="260756" user="Felis Pimeja"/>
  <node id="2922652868" lat="55.8331427" lon="37.4544234" version="1" timestamp="2014-06-18T22:12:29Z" changeset="23014270" uid="260756" user="Felis Pimeja"/>
  <node id="2922652872" lat="55.8331822" lon="37.4543671" version="1" timestamp="2014-06-18T22:12:29Z" changeset="23014270" uid="260756" user="Felis Pimeja"/>
  <node id="2922652875" lat="55.8332405" lon="37.4572071" version="2" timestamp="2024-05-03T18:25:53Z" changeset="150851241" uid="12176526" user="somix"/>
  <node id="2922652877" lat="55.8332684" lon="37.4568222" version="3" timestamp="2024-10-13T11:56:28Z" changeset="157831547" uid="830106" user="literan"/>
  <node id="2922652879" lat="55.8332755" lon="37.4553012" version="1" timestamp="2014-06-18T22:12:29Z" changeset="23014270" uid="260756" user="Felis Pimeja"/>
  <node id="2922652880" lat="55.8332868" lon="37.4551279" version="1" timestamp="2014-06-18T22:12:29Z" changeset="23014270" uid="260756" user="Felis Pimeja"/>
  <node id="2922652882" lat="55.8333010" lon="37.4547578" version="1" timestamp="2014-06-18T22:12:29Z" changeset="23014270" uid="260756" user="Felis Pimeja"/>
  <node id="2922652883" lat="55.8333085" lon="37.4545980" version="1" timestamp="2014-06-18T22:12:29Z" changeset="23014270" uid="260756" user="Felis Pimeja"/>
  <node id="2922652884" lat="55.8333682" lon="37.4553205" version="1" timestamp="2014-06-18T22:12:29Z" changeset="23014270" uid="260756" user="Felis Pimeja"/>
  <node id="2922652885" lat="55.8333795" lon="37.4551472" version="1" timestamp="2014-06-18T22:12:29Z" changeset="23014270" uid="260756" user="Felis Pimeja"/>
  <node id="2922652887" lat="55.8334034" lon="37.4547731" version="1" timestamp="2014-06-18T22:12:29Z" changeset="23014270" uid="260756" user="Felis Pimeja"/>
  <node id="2922652888" lat="55.8334109" lon="37.4546133" version="1" timestamp="2014-06-18T22:12:29Z" changeset="23014270" uid="260756" user="Felis Pimeja"/>
  <node id="2922652892" lat="55.8335396" lon="37.4555826" version="1" timestamp="2014-06-18T22:12:30Z" changeset="23014270" uid="260756" user="Felis Pimeja"/>
  <node id="2922652895" lat="55.8335939" lon="37.4549943" version="2" timestamp="2018-03-31T21:45:34Z" changeset="57699826" uid="3580412" user="Alexander-II"/>
  <node id="2922652896" lat="55.8335991" lon="37.4572761" version="1" timestamp="2014-06-18T22:12:30Z" changeset="23014270" uid="260756" user="Felis Pimeja"/>
  <node id="2922652897" lat="55.8335997" lon="37.4549085" version="2" timestamp="2018-03-31T21:45:34Z" changeset="57699826" uid="3580412" user="Alexander-II"/>
  <node id="2922653102" lat="55.8324892" lon="37.4568442" version="1" timestamp="2014-06-18T22:12:28Z" changeset="23014270" uid="260756" user="Felis Pimeja"/>
  <node id="2922653103" lat="55.8324911" lon="37.4568133" version="1" timestamp="2014-06-18T22:12:28Z" changeset="23014270" uid="260756" user="Felis Pimeja"/>
  <node id="2922653104" lat="55.8324947" lon="37.4546775" version="2" timestamp="2024-04-03T08:31:01Z" changeset="149512527" uid="830106" user="literan"/>
  <node id="2922653106" lat="55.8325002" lon="37.4566415" version="1" timestamp="2014-06-18T22:12:28Z" changeset="23014270" uid="260756" user="Felis Pimeja"/>
  <node id="2922653107" lat="55.8325017" lon="37.4566154" version="1" timestamp="2014-06-18T22:12:28Z" changeset="23014270" uid="260756" user="Felis Pimeja"/>
  <node id="2922653109" lat="55.8325221" lon="37.4563678" version="3" timestamp="2026-03-25T20:07:25Z" changeset="180425665" uid="1461457" user="aurora-polar"/>
  <node id="2922653111" lat="55.8325445" lon="37.4571832" version="1" timestamp="2014-06-18T22:12:28Z" changeset="23014270" uid="260756" user="Felis Pimeja"/>
  <node id="2922653112" lat="55.8325762" lon="37.4555371" version="2" timestamp="2024-04-03T08:31:01Z" changeset="149512527" uid="830106" user="literan"/>
  <node id="2922653113" lat="55.8325837" lon="37.4546574" version="2" timestamp="2024-04-03T08:31:01Z" changeset="149512527" uid="830106" user="literan"/>
  <node id="2922653114" lat="55.8325856" lon="37.4571900" version="1" timestamp="2014-06-18T22:12:28Z" changeset="23014270" uid="260756" user="Felis Pimeja"/>
  <node id="2922653117" lat="55.8326577" lon="37.4570563" version="1" timestamp="2014-06-18T22:12:28Z" changeset="23014270" uid="260756" user="Felis Pimeja"/>
  <node id="2922653118" lat="55.8327039" lon="37.4546823" version="2" timestamp="2024-04-03T08:31:01Z" changeset="149512527" uid="830106" user="literan"/>
  <node id="2922653120" lat="55.8327551" lon="37.4559386" version="3" timestamp="2026-03-26T19:18:21Z" changeset="180471375" uid="830106" user="literan"/>
  <node id="2922653122" lat="55.8327792" lon="37.4555196" version="2" timestamp="2024-04-03T08:31:01Z" changeset="149512527" uid="830106" user="literan"/>
  <node id="2922653123" lat="55.8328189" lon="37.4548468" version="2" timestamp="2024-04-03T08:31:01Z" changeset="149512527" uid="830106" user="literan"/>
  <node id="2922653125" lat="55.8328319" lon="37.4546256" version="2" timestamp="2024-04-03T08:31:01Z" changeset="149512527" uid="830106" user="literan"/>
  <node id="2922653128" lat="55.8329118" lon="37.4571417" version="1" timestamp="2014-06-18T22:12:28Z" changeset="23014270" uid="260756" user="Felis Pimeja"/>
  <node id="2922653129" lat="55.8329144" lon="37.4570991" version="1" timestamp="2014-06-18T22:12:28Z" changeset="23014270" uid="260756" user="Felis Pimeja"/>
  <node id="2922653301" lat="55.8336327" lon="37.4550027" version="2" timestamp="2018-03-31T21:45:34Z" changeset="57699826" uid="3580412" user="Alexander-II"/>
  <node id="2922653303" lat="55.8336385" lon="37.4549168" version="2" timestamp="2018-03-31T21:45:34Z" changeset="57699826" uid="3580412" user="Alexander-II"/>
  <node id="2922653307" lat="55.8336967" lon="37.4569966" version="1" timestamp="2014-06-18T22:12:30Z" changeset="23014270" uid="260756" user="Felis Pimeja"/>
  <node id="2922653308" lat="55.8337036" lon="37.4568278" version="1" timestamp="2014-06-18T22:12:30Z" changeset="23014270" uid="260756" user="Felis Pimeja"/>
  <node id="2922653313" lat="55.8337336" lon="37.4562745" version="1" timestamp="2014-06-18T22:12:30Z" changeset="23014270" uid="260756" user="Felis Pimeja"/>
  <node id="2922653320" lat="55.8337847" lon="37.4568236" version="1" timestamp="2014-06-18T22:12:30Z" changeset="23014270" uid="260756" user="Felis Pimeja"/>
  <node id="2922653322" lat="55.8337908" lon="37.4566672" version="1" timestamp="2014-06-18T22:12:30Z" changeset="23014270" uid="260756" user="Felis Pimeja"/>
  <node id="2922653323" lat="55.8337981" lon="37.4566681" version="1" timestamp="2014-06-18T22:12:30Z" changeset="23014270" uid="260756" user="Felis Pimeja"/>
  <node id="2922653324" lat="55.8337993" lon="37.4566365" version="1" timestamp="2014-06-18T22:12:30Z" changeset="23014270" uid="260756" user="Felis Pimeja"/>
  <node id="2922653327" lat="55.8338465" lon="37.4566719" version="1" timestamp="2014-06-18T22:12:30Z" changeset="23014270" uid="260756" user="Felis Pimeja"/>
  <node id="2922653328" lat="55.8338476" lon="37.4568314" version="1" timestamp="2014-06-18T22:12:30Z" changeset="23014270" uid="260756" user="Felis Pimeja"/>
  <node id="2922653329" lat="55.8338477" lon="37.4566425" version="1" timestamp="2014-06-18T22:12:30Z" changeset="23014270" uid="260756" user="Felis Pimeja"/>
  <node id="2922653330" lat="55.8338538" lon="37.4566728" version="1" timestamp="2014-06-18T22:12:30Z" changeset="23014270" uid="260756" user="Felis Pimeja"/>
  <node id="2922653331" lat="55.8338932" lon="37.4568439" version="2" timestamp="2024-10-13T11:56:28Z" changeset="157831547" uid="830106" user="literan"/>
  <node id="2922653334" lat="55.8339223" lon="37.4563093" version="2" timestamp="2024-10-13T11:56:28Z" changeset="157831547" uid="830106" user="literan"/>
  <node id="2922653338" lat="55.8339506" lon="37.4579650" version="1" timestamp="2014-06-18T22:12:30Z" changeset="23014270" uid="260756" user="Felis Pimeja"/>
  <node id="2922653339" lat="55.8339531" lon="37.4578098" version="1" timestamp="2014-06-18T22:12:30Z" changeset="23014270" uid="260756" user="Felis Pimeja"/>
  <node id="2922653342" lat="55.8339558" lon="37.4578506" version="1" timestamp="2014-06-18T22:12:31Z" changeset="23014270" uid="260756" user="Felis Pimeja"/>
  <node id="2922653345" lat="55.8339807" lon="37.4574089" version="1" timestamp="2014-06-18T22:12:31Z" changeset="23014270" uid="260756" user="Felis Pimeja"/>
  <node id="2922653347" lat="55.8340060" lon="37.4579729" version="1" timestamp="2014-06-18T22:12:31Z" changeset="23014270" uid="260756" user="Felis Pimeja"/>
  <node id="2922653349" lat="55.8340112" lon="37.4578586" version="1" timestamp="2014-06-18T22:12:31Z" changeset="23014270" uid="260756" user="Felis Pimeja"/>
  <node id="2922653350" lat="55.8340153" lon="37.4573702" version="1" timestamp="2014-06-18T22:12:31Z" changeset="23014270" uid="260756" user="Felis Pimeja"/>
  <node id="2922653353" lat="55.8340299" lon="37.4549221" version="1" timestamp="2014-06-18T22:12:31Z" changeset="23014270" uid="260756" user="Felis Pimeja"/>
  <node id="2922653354" lat="55.8340446" lon="37.4546413" version="1" timestamp="2014-06-18T22:12:31Z" changeset="23014270" uid="260756" user="Felis Pimeja"/>
  <node id="2922653355" lat="55.8341665" lon="37.4572394" version="2" timestamp="2024-10-13T11:56:28Z" changeset="157831547" uid="830106" user="literan"/>
  <node id="2922653357" lat="55.8341765" lon="37.4570729" version="2" timestamp="2024-10-13T11:56:28Z" changeset="157831547" uid="830106" user="literan"/>
  <node id="2922653359" lat="55.8340774" lon="37.4557833" version="1" timestamp="2014-06-18T22:12:31Z" changeset="23014270" uid="260756" user="Felis Pimeja"/>
  <node id="2922653360" lat="55.8341072" lon="37.4579364" version="1" timestamp="2014-06-18T22:12:31Z" changeset="23014270" uid="260756" user="Felis Pimeja"/>
  <node id="2922653361" lat="55.8341189" lon="37.4552312" version="1" timestamp="2014-06-18T22:12:31Z" changeset="23014270" uid="260756" user="Felis Pimeja"/>
  <node id="2922653364" lat="55.8341436" lon="37.4549410" version="1" timestamp="2014-06-18T22:12:32Z" changeset="23014270" uid="260756" user="Felis Pimeja"/>
  <node id="2922653365" lat="55.8341511" lon="37.4547972" version="1" timestamp="2014-06-18T22:12:32Z" changeset="23014270" uid="260756" user="Felis Pimeja"/>
  <node id="2922653366" lat="55.8341527" lon="37.4579416" version="1" timestamp="2014-06-18T22:12:32Z" changeset="23014270" uid="260756" user="Felis Pimeja"/>
  <node id="2922653369" lat="55.8341728" lon="37.4548008" version="1" timestamp="2014-06-18T22:12:32Z" changeset="23014270" uid="260756" user="Felis Pimeja"/>
  <node id="2922653370" lat="55.8342861" lon="37.4572621" version="2" timestamp="2024-10-13T11:56:28Z" changeset="157831547" uid="830106" user="literan"/>
  <node id="2922653371" lat="55.8341800" lon="37.4546638" version="1" timestamp="2014-06-18T22:12:32Z" changeset="23014270" uid="260756" user="Felis Pimeja"/>
  <node id="2922653372" lat="55.8341854" lon="37.4560912" version="1" timestamp="2014-06-18T22:12:32Z" changeset="23014270" uid="260756" user="Felis Pimeja"/>
  <node id="2922653374" lat="55.8342960" lon="37.4570956" version="2" timestamp="2024-10-13T11:56:28Z" changeset="157831547" uid="830106" user="literan"/>
  <node id="2922653376" lat="55.8342005" lon="37.4558590" version="1" timestamp="2014-06-18T22:12:32Z" changeset="23014270" uid="260756" user="Felis Pimeja"/>
  <node id="2922653378" lat="55.8342315" lon="37.4579506" version="1" timestamp="2014-06-18T22:12:32Z" changeset="23014270" uid="260756" user="Felis Pimeja"/>
  <node id="2922653379" lat="55.8342605" lon="37.4545834" version="1" timestamp="2014-06-18T22:12:32Z" changeset="23014270" uid="260756" user="Felis Pimeja"/>
  <node id="2922653381" lat="55.8342842" lon="37.4548295" version="1" timestamp="2014-06-18T22:12:32Z" changeset="23014270" uid="260756" user="Felis Pimeja"/>
  <node id="2922653382" lat="55.8342931" lon="37.4546537" version="1" timestamp="2014-06-18T22:12:32Z" changeset="23014270" uid="260756" user="Felis Pimeja"/>
  <node id="2922653383" lat="55.8343198" lon="37.4549016" version="1" timestamp="2014-06-18T22:12:32Z" changeset="23014270" uid="260756" user="Felis Pimeja"/>
  <node id="2922653384" lat="55.8343204" lon="37.4561190" version="1" timestamp="2014-06-18T22:12:32Z" changeset="23014270" uid="260756" user="Felis Pimeja"/>
  <node id="2922653385" lat="55.8343356" lon="37.4558869" version="1" timestamp="2014-06-18T22:12:32Z" changeset="23014270" uid="260756" user="Felis Pimeja"/>
  <node id="2922653387" lat="55.8344188" lon="37.4574234" version="1" timestamp="2014-06-18T22:12:32Z" changeset="23014270" uid="260756" user="Felis Pimeja"/>
  <node id="2922653389" lat="55.8344505" lon="37.4569440" version="1" timestamp="2014-06-18T22:12:32Z" changeset="23014270" uid="260756" user="Felis Pimeja"/>
  <node id="2922653391" lat="55.8344842" lon="37.4564342" version="4" timestamp="2023-05-30T10:30:21Z" changeset="136738389" uid="12176526" user="somix">
    <tag k="crossing" v="uncontrolled"/>
    <tag k="crossing:island" v="no"/>
    <tag k="crossing:markings" v="zebra:bicolour"/>
    <tag k="highway" v="crossing"/>
    <tag k="tactile_paving" v="no"/>
  </node>
  <node id="2922653392" lat="55.8345375" lon="37.4574398" version="2" timestamp="2017-04-24T10:56:56Z" changeset="48087120" uid="529155" user="SemYakimov"/>
  <node id="2922653393" lat="55.8345225" lon="37.4558540" version="1" timestamp="2014-06-18T22:12:32Z" changeset="23014270" uid="260756" user="Felis Pimeja"/>
  <node id="2922653394" lat="55.8345664" lon="37.4569554" version="2" timestamp="2017-04-24T10:56:56Z" changeset="48087120" uid="529155" user="SemYakimov"/>
  <node id="2922653395" lat="55.8345629" lon="37.4541725" version="2" timestamp="2017-11-30T23:25:50Z" changeset="54219243" uid="6503009" user="Uterouter"/>
  <node id="2922653396" lat="55.8345586" lon="37.4553087" version="1" timestamp="2014-06-18T22:12:32Z" changeset="23014270" uid="260756" user="Felis Pimeja"/>
  <node id="2922653397" lat="55.8345797" lon="37.4541389" version="2" timestamp="2017-11-30T23:25:50Z" changeset="54219243" uid="6503009" user="Uterouter"/>
  <node id="2922653398" lat="55.8345821" lon="37.4549526" version="1" timestamp="2014-06-18T22:12:32Z" changeset="23014270" uid="260756" user="Felis Pimeja"/>
  <node id="2922653400" lat="55.8346322" lon="37.4558562" version="2" timestamp="2017-04-24T10:56:56Z" changeset="48087120" uid="529155" user="SemYakimov"/>
  <node id="2922653401" lat="55.8346641" lon="37.4553236" version="2" timestamp="2017-04-24T10:56:56Z" changeset="48087120" uid="529155" user="SemYakimov"/>
  <node id="2922653402" lat="55.8346677" lon="37.4541629" version="2" timestamp="2017-11-30T23:25:50Z" changeset="54219243" uid="6503009" user="Uterouter"/>
  <node id="2922653404" lat="55.8346778" lon="37.4541786" version="2" timestamp="2017-11-30T23:25:50Z" changeset="54219243" uid="6503009" user="Uterouter"/>
  <node id="2922653405" lat="55.8346853" lon="37.4549697" version="2" timestamp="2017-04-24T10:56:56Z" changeset="48087120" uid="529155" user="SemYakimov"/>
  <node id="2922653406" lat="55.8346844" lon="37.4542075" version="2" timestamp="2017-11-30T23:25:50Z" changeset="54219243" uid="6503009" user="Uterouter"/>
  <node id="3143422267" lat="55.8336926" lon="37.4579314" version="3" timestamp="2021-11-11T07:16:54Z" changeset="113638117" uid="11321493" user="Grass-snake"/>
  <node id="3143422274" lat="55.8335913" lon="37.4578750" version="3" timestamp="2021-11-11T07:16:54Z" changeset="113638117" uid="11321493" user="Grass-snake"/>
  <node id="3143422281" lat="55.8338006" lon="37.4576668" version="2" timestamp="2017-05-19T23:34:01Z" changeset="48834072" uid="830106" user="literan"/>
  <node id="3143422288" lat="55.8334462" lon="37.4578412" version="3" timestamp="2021-11-11T07:16:54Z" changeset="113638117" uid="11321493" user="Grass-snake"/>
  <node id="3143422293" lat="55.8332871" lon="37.4575461" version="2" timestamp="2017-05-19T23:34:01Z" changeset="48834072" uid="830106" user="literan"/>
  <node id="3143422294" lat="55.8335890" lon="37.4579073" version="3" timestamp="2021-11-11T07:16:54Z" changeset="113638117" uid="11321493" user="Grass-snake"/>
  <node id="3143422298" lat="55.8333134" lon="37.4578434" version="3" timestamp="2021-11-11T07:16:54Z" changeset="113638117" uid="11321493" user="Grass-snake"/>
  <node id="3143422299" lat="55.8334438" lon="37.4578738" version="3" timestamp="2021-11-11T07:16:54Z" changeset="113638117" uid="11321493" user="Grass-snake"/>
  <node id="3143422313" lat="55.8332972" lon="37.4580626" version="3" timestamp="2021-11-11T07:16:54Z" changeset="113638117" uid="11321493" user="Grass-snake"/>
  <node id="3393610738" lat="55.8342866" lon="37.4542661" version="42" timestamp="2023-09-17T22:47:20Z" changeset="141400391" uid="149719" user="Bloodmage">
    <tag k="addr:postcode" v="125362"/>
    <tag k="amenity" v="restaurant"/>
    <tag k="check_date" v="2022-08-12"/>
    <tag k="contact:phone" v="+7 495 4915750"/>
    <tag k="contact:website" v="https://www.u-mihalicha.ru/"/>
    <tag k="cuisine" v="georgian"/>
    <tag k="indoor_seating" v="yes"/>
    <tag k="internet_access" v="wlan"/>
    <tag k="internet_access:fee" v="no"/>
    <tag k="name" v="У Михалыча"/>
    <tag k="official_name" v="Хинкальная «У Михалыча»"/>
    <tag k="opening_hours" v="Mo-Su 11:00-23:00"/>
    <tag k="outdoor_seating" v="yes"/>
  </node>
  <node id="3393610740" lat="55.8334882" lon="37.4541123" version="4" timestamp="2022-08-12T16:54:41Z" changeset="124826948" uid="12176526" user="somix">
    <tag k="check_date" v="2022-08-12"/>
    <tag k="disused:amenity" v="atm"/>
    <tag k="opening_hours" v="24/7"/>
    <tag k="operator" v="РайффайзенБанк"/>
  </node>
  <node id="3718944847" lat="55.8349727" lon="37.4542965" version="5" timestamp="2018-03-31T21:45:35Z" changeset="57699826" uid="3580412" user="Alexander-II"/>
  <node id="3872671904" lat="55.8349024" lon="37.4542520" version="3" timestamp="2017-11-30T23:25:51Z" changeset="54219243" uid="6503009" user="Uterouter"/>
  <node id="4813342510" lat="55.8350703" lon="37.4543468" version="2" timestamp="2017-12-01T13:46:57Z" changeset="54236381" uid="6503009" user="Uterouter"/>
  <node id="4813342515" lat="55.8347842" lon="37.4542931" version="2" timestamp="2017-12-01T13:46:57Z" changeset="54236381" uid="6503009" user="Uterouter"/>
  <node id="5256741716" lat="55.8349487" lon="37.4547207" version="1" timestamp="2017-11-30T23:25:40Z" changeset="54219243" uid="6503009" user="Uterouter"/>
  <node id="5256743063" lat="55.8346300" lon="37.4540901" version="11" timestamp="2024-06-18T08:57:17Z" changeset="152837621" uid="12176526" user="somix">
    <tag k="button_operated" v="yes"/>
    <tag k="crossing" v="traffic_signals"/>
    <tag k="crossing:island" v="no"/>
    <tag k="crossing:markings" v="zebra"/>
    <tag k="highway" v="crossing"/>
    <tag k="ref" v="3881"/>
    <tag k="tactile_paving" v="no"/>
    <tag k="traffic_signals:sound" v="yes"/>
    <tag k="traffic_signals:vibration" v="no"/>
  </node>
  <node id="5256743064" lat="55.8347354" lon="37.4541114" version="4" timestamp="2023-05-30T10:29:54Z" changeset="136738360" uid="12176526" user="somix">
    <tag k="highway" v="traffic_signals"/>
    <tag k="ref" v="3881"/>
  </node>
  <node id="5256743075" lat="55.8349817" lon="37.4541603" version="2" timestamp="2018-03-31T21:45:36Z" changeset="57699826" uid="3580412" user="Alexander-II"/>
  <node id="5257700402" lat="55.8319038" lon="37.4544474" version="3" timestamp="2024-04-03T08:31:01Z" changeset="149512527" uid="830106" user="literan"/>
  <node id="5765933598" lat="55.8338227" lon="37.4557440" version="2" timestamp="2023-10-26T04:46:24Z" changeset="143143103" uid="9451067" user="b-jazz-bot">
    <tag k="amenity" v="recycling"/>
    <tag k="opening_hours" v="24/7"/>
    <tag k="operator" v="ООО «Спецтранс»"/>
    <tag k="recycling:cardboard" v="yes"/>
    <tag k="recycling:glass" v="yes"/>
    <tag k="recycling:paper" v="yes"/>
    <tag k="recycling:plastic" v="yes"/>
    <tag k="recycling:scrap_metal" v="yes"/>
    <tag k="recycling_type" v="container"/>
    <tag k="website" v="https://www.spt.moscow/"/>
  </node>
  <node id="5992996647" lat="55.8336525" lon="37.4549713" version="5" timestamp="2021-11-11T07:16:54Z" changeset="113638117" uid="11321493" user="Grass-snake">
    <tag k="addr:city" v="Москва"/>
    <tag k="addr:housenumber" v="22 к1"/>
    <tag k="addr:postcode" v="125362"/>
    <tag k="addr:street" v="улица Свободы"/>
    <tag k="email" v="info@transspecnaz.ru"/>
    <tag k="name" v="Группа компаний ТрансСпецНаз"/>
    <tag k="office" v="logistics"/>
    <tag k="phone" v="+7 495 7439999;+7 495 5177373"/>
    <tag k="website" v="http://www.transspecnaz.ru/"/>
  </node>
  <node id="8726075885" lat="55.8324768" lon="37.4543238" version="1" timestamp="2021-05-12T18:37:36Z" changeset="104592485" uid="10129333" user="solenoid jam">
    <tag k="shop" v="pet"/>
  </node>
  <node id="8726075886" lat="55.8323472" lon="37.4543023" version="1" timestamp="2021-05-12T18:37:36Z" changeset="104592485" uid="10129333" user="solenoid jam">
    <tag k="shop" v="fishing"/>
  </node>
  <node id="9076614798" lat="55.8330900" lon="37.4540930" version="7" timestamp="2023-12-04T13:57:53Z" changeset="144755848" uid="12100948" user="kate_rocketdata">
    <tag k="brand" v="Ozon"/>
    <tag k="brand:wikidata" v="Q2365235"/>
    <tag k="brand:wikipedia" v="ru:Ozon.ru"/>
    <tag k="check_date" v="2022-08-12"/>
    <tag k="contact:facebook" v="https://www.facebook.com/ozon.ru"/>
    <tag k="contact:instagram" v="https://www.instagram.com/ozonru"/>
    <tag k="contact:phone" v="+7 495 2321000"/>
    <tag k="contact:twitter" v="https://twitter.com/Ozon_ru"/>
    <tag k="contact:vk" v="https://vk.com/ozon"/>
    <tag k="contact:website" v="https://www.ozon.ru/"/>
    <tag k="name" v="Ozon"/>
    <tag k="opening_hours" v="Mo-Su 09:00-21:00"/>
    <tag k="shop" v="outpost"/>
  </node>
  <node id="9113518563" lat="55.8313333" lon="37.4558127" version="3" timestamp="2022-08-13T13:55:38Z" changeset="124854166" uid="12176526" user="somix">
    <tag k="direction" v="both"/>
    <tag k="surface" v="plastic"/>
    <tag k="traffic_calming" v="bump"/>
  </node>
  <node id="9113518564" lat="55.8311711" lon="37.4557809" version="3" timestamp="2022-08-13T13:55:38Z" changeset="124854166" uid="12176526" user="somix">
    <tag k="direction" v="both"/>
    <tag k="surface" v="plastic"/>
    <tag k="traffic_calming" v="bump"/>
  </node>
  <node id="9113518566" lat="55.8318616" lon="37.4544409" version="1" timestamp="2021-09-22T11:50:37Z" changeset="111540005" uid="9133005" user="Lepidobatrachus"/>
  <node id="9113518567" lat="55.8318433" lon="37.4547717" version="1" timestamp="2021-09-22T11:50:37Z" changeset="111540005" uid="9133005" user="Lepidobatrachus"/>
  <node id="9113518568" lat="55.8317756" lon="37.4557413" version="1" timestamp="2021-09-22T11:50:37Z" changeset="111540005" uid="9133005" user="Lepidobatrachus"/>
  <node id="9113518569" lat="55.8317575" lon="37.4557789" version="1" timestamp="2021-09-22T11:50:37Z" changeset="111540005" uid="9133005" user="Lepidobatrachus"/>
  <node id="9113518570" lat="55.8312612" lon="37.4556859" version="2" timestamp="2022-08-13T13:55:38Z" changeset="124854166" uid="12176526" user="somix"/>
  <node id="9113518571" lat="55.8312489" lon="37.4558860" version="2" timestamp="2022-08-13T13:55:38Z" changeset="124854166" uid="12176526" user="somix"/>
  <node id="9242593935" lat="55.8330379" lon="37.4579139" version="1" timestamp="2021-11-11T07:16:54Z" changeset="113638117" uid="11321493" user="Grass-snake">
    <tag k="contact:phone" v="+7 495 1247716"/>
    <tag k="contact:website" v="https://moscow.roskazna.gov.ru"/>
    <tag k="government" v="treasury"/>
    <tag k="name" v="УФК, Отдел №28"/>
    <tag k="office" v="government"/>
  </node>
  <node id="9242593936" lat="55.8329207" lon="37.4578891" version="1" timestamp="2021-11-11T07:16:54Z" changeset="113638117" uid="11321493" user="Grass-snake">
    <tag k="barrier" v="gate"/>
  </node>
  <node id="9242593937" lat="55.8328674" lon="37.4578780" version="1" timestamp="2021-11-11T07:16:54Z" changeset="113638117" uid="11321493" user="Grass-snake"/>
  <node id="9242593938" lat="55.8330254" lon="37.4579111" version="1" timestamp="2021-11-11T07:16:54Z" changeset="113638117" uid="11321493" user="Grass-snake">
    <tag k="entrance" v="shop"/>
  </node>
  <node id="9242593940" lat="55.8329396" lon="37.4575706" version="1" timestamp="2021-11-11T07:16:54Z" changeset="113638117" uid="11321493" user="Grass-snake"/>
  <node id="9242593941" lat="55.8329640" lon="37.4578560" version="1" timestamp="2021-11-11T07:16:54Z" changeset="113638117" uid="11321493" user="Grass-snake">
    <tag k="amenity" v="waste_disposal"/>
  </node>
  <node id="9242593963" lat="55.8342136" lon="37.4580547" version="1" timestamp="2021-11-11T07:16:54Z" changeset="113638117" uid="11321493" user="Grass-snake">
    <tag k="amenity" v="bench"/>
    <tag k="backrest" v="yes"/>
  </node>
  <node id="9242593965" lat="55.8338204" lon="37.4557829" version="1" timestamp="2021-11-11T07:16:54Z" changeset="113638117" uid="11321493" user="Grass-snake">
    <tag k="amenity" v="waste_disposal"/>
  </node>
  <node id="9242593966" lat="55.8325060" lon="37.4577595" version="1" timestamp="2021-11-11T07:16:54Z" changeset="113638117" uid="11321493" user="Grass-snake"/>
  <node id="9242593967" lat="55.8323653" lon="37.4579769" version="1" timestamp="2021-11-11T07:16:54Z" changeset="113638117" uid="11321493" user="Grass-snake"/>
  <node id="9242593969" lat="55.8321469" lon="37.4580359" version="1" timestamp="2021-11-11T07:16:54Z" changeset="113638117" uid="11321493" user="Grass-snake"/>
  <node id="9242593971" lat="55.8321601" lon="37.4576930" version="1" timestamp="2021-11-11T07:16:54Z" changeset="113638117" uid="11321493" user="Grass-snake"/>
  <node id="9242593972" lat="55.8317826" lon="37.4579581" version="1" timestamp="2021-11-11T07:16:54Z" changeset="113638117" uid="11321493" user="Grass-snake"/>
  <node id="9242593973" lat="55.8319496" lon="37.4579702" version="1" timestamp="2021-11-11T07:16:54Z" changeset="113638117" uid="11321493" user="Grass-snake">
    <tag k="denotation" v="urban"/>
    <tag k="leaf_type" v="broadleaved"/>
    <tag k="natural" v="tree"/>
  </node>
  <node id="9242593974" lat="55.8319721" lon="37.4580666" version="1" timestamp="2021-11-11T07:16:54Z" changeset="113638117" uid="11321493" user="Grass-snake"/>
  <node id="9242593975" lat="55.8319337" lon="37.4580578" version="1" timestamp="2021-11-11T07:16:54Z" changeset="113638117" uid="11321493" user="Grass-snake"/>
  <node id="9242593976" lat="55.8319134" lon="37.4580628" version="1" timestamp="2021-11-11T07:16:54Z" changeset="113638117" uid="11321493" user="Grass-snake">
    <tag k="denotation" v="urban"/>
    <tag k="leaf_type" v="broadleaved"/>
    <tag k="natural" v="tree"/>
  </node>
  <node id="9242593977" lat="55.8318456" lon="37.4580547" version="1" timestamp="2021-11-11T07:16:54Z" changeset="113638117" uid="11321493" user="Grass-snake">
    <tag k="leisure" v="pitch"/>
    <tag k="sport" v="table_tennis"/>
  </node>
  <node id="9242593979" lat="55.8319886" lon="37.4578407" version="1" timestamp="2021-11-11T07:16:54Z" changeset="113638117" uid="11321493" user="Grass-snake"/>
  <node id="9242593980" lat="55.8318384" lon="37.4578059" version="1" timestamp="2021-11-11T07:16:54Z" changeset="113638117" uid="11321493" user="Grass-snake"/>
  <node id="9242593983" lat="55.8330347" lon="37.4561224" version="1" timestamp="2021-11-11T07:16:54Z" changeset="113638117" uid="11321493" user="Grass-snake"/>
  <node id="9242593984" lat="55.8330374" lon="37.4560786" version="1" timestamp="2021-11-11T07:16:54Z" changeset="113638117" uid="11321493" user="Grass-snake"/>
  <node id="9242593985" lat="55.8337030" lon="37.4562110" version="1" timestamp="2021-11-11T07:16:54Z" changeset="113638117" uid="11321493" user="Grass-snake"/>
  <node id="9242593986" lat="55.8337003" lon="37.4562547" version="1" timestamp="2021-11-11T07:16:54Z" changeset="113638117" uid="11321493" user="Grass-snake"/>
  <node id="9242593987" lat="55.8338491" lon="37.4564846" version="2" timestamp="2023-05-30T10:30:13Z" changeset="136738375" uid="12176526" user="somix">
    <tag k="access" v="yes"/>
    <tag k="amenity" v="waste_disposal"/>
    <tag k="operator" v="ООО «Спецтранс»"/>
    <tag k="waste" v="trash"/>
  </node>
  <node id="9242593988" lat="55.8339339" lon="37.4562507" version="2" timestamp="2024-10-13T11:56:28Z" changeset="157831547" uid="830106" user="literan"/>
  <node id="9242593989" lat="55.8344679" lon="37.4563667" version="2" timestamp="2024-10-13T11:56:28Z" changeset="157831547" uid="830106" user="literan"/>
  <node id="9242593990" lat="55.8345190" lon="37.4565470" version="1" timestamp="2021-11-11T07:16:54Z" changeset="113638117" uid="11321493" user="Grass-snake">
    <tag k="information" v="guidepost"/>
    <tag k="tourism" v="information"/>
  </node>
  <node id="9242593991" lat="55.8346282" lon="37.4565318" version="1" timestamp="2021-11-11T07:16:54Z" changeset="113638117" uid="11321493" user="Grass-snake"/>
  <node id="9242593992" lat="55.8345923" lon="37.4565238" version="4" timestamp="2023-05-30T10:30:20Z" changeset="136738389" uid="12176526" user="somix">
    <tag k="crossing" v="uncontrolled"/>
    <tag k="crossing:island" v="no"/>
    <tag k="crossing:markings" v="zebra:bicolour"/>
    <tag k="highway" v="crossing"/>
    <tag k="tactile_paving" v="no"/>
  </node>
  <node id="9242593993" lat="55.8344799" lon="37.4564987" version="1" timestamp="2021-11-11T07:16:54Z" changeset="113638117" uid="11321493" user="Grass-snake"/>
  <node id="9544943400" lat="55.8334000" lon="37.4558000" version="2" timestamp="2022-03-03T10:57:37Z" changeset="118051384" uid="830106" user="literan">
    <tag k="contact:website" v="http://pkstr.ru"/>
    <tag k="name" v="Администрация муниципального округа Покровское-Стрешнево"/>
    <tag k="office" v="government"/>
  </node>
  <node id="9842747036" lat="55.8334131" lon="37.4558320" version="3" timestamp="2024-10-16T10:44:07Z" changeset="157958519" uid="22070053" user="Виктория Сергеевна">
    <tag k="addr:city" v="Москва"/>
    <tag k="addr:housenumber" v="7"/>
    <tag k="addr:postcode" v="125362"/>
    <tag k="addr:street" v="Подмосковная улица"/>
    <tag k="amenity" v="community_centre"/>
    <tag k="community_centre" v="cultural_centre"/>
    <tag k="contact:website" v="https://krylya.mos.ru/"/>
    <tag k="name" v="Крылья"/>
    <tag k="operator" v="ГБУ ЦДМСИ &quot;Крылья&quot;"/>
    <tag k="phone" v="+7(495) 495-91-10"/>
  </node>
  <node id="9924993330" lat="55.8330358" lon="37.4541796" version="27" timestamp="2023-09-17T22:43:35Z" changeset="141400340" uid="149719" user="Bloodmage">
    <tag k="check_date" v="2022-08-12"/>
    <tag k="name" v="Роза Хаус"/>
    <tag k="opening_hours" v="24/7"/>
    <tag k="shop" v="florist"/>
  </node>
  <node id="9944296890" lat="55.8326698" lon="37.4543827" version="3" timestamp="2025-12-06T15:49:23Z" changeset="175591329" uid="830106" user="literan">
    <tag k="addr:floor" v="1"/>
    <tag k="brand" v="Винлаб"/>
    <tag k="brand:wikidata" v="Q109907753"/>
    <tag k="check_date" v="2025-12-06"/>
    <tag k="contact:phone" v="+7 800 3017755"/>
    <tag k="contact:website" v="https://www.winelab.ru/"/>
    <tag k="level" v="0"/>
    <tag k="name" v="Винлаб"/>
    <tag k="opening_hours" v="Mo-Su 10:00-23:00"/>
    <tag k="shop" v="alcohol"/>
  </node>
  <node id="9949746843" lat="55.8325445" lon="37.4542033" version="2" timestamp="2024-04-03T08:31:01Z" changeset="149512527" uid="830106" user="literan">
    <tag k="direction" v="both"/>
    <tag k="surface" v="plastic"/>
    <tag k="traffic_calming" v="bump"/>
  </node>
  <node id="9949746845" lat="55.8321292" lon="37.4541173" version="2" timestamp="2024-04-03T08:31:01Z" changeset="149512527" uid="830106" user="literan">
    <tag k="direction" v="both"/>
    <tag k="surface" v="plastic"/>
    <tag k="traffic_calming" v="bump"/>
  </node>
  <node id="9950997811" lat="55.8312174" lon="37.4557212" version="1" timestamp="2022-08-13T13:55:38Z" changeset="124854166" uid="12176526" user="somix"/>
  <node id="9950997813" lat="55.8311745" lon="37.4547663" version="1" timestamp="2022-08-13T13:55:38Z" changeset="124854166" uid="12176526" user="somix"/>
  <node id="9951005020" lat="55.8312564" lon="37.4551800" version="1" timestamp="2022-08-13T13:55:38Z" changeset="124854166" uid="12176526" user="somix">
    <tag k="barrier" v="gate"/>
  </node>
  <node id="9951005021" lat="55.8312280" lon="37.4552786" version="1" timestamp="2022-08-13T13:55:38Z" changeset="124854166" uid="12176526" user="somix"/>
  <node id="9951005022" lat="55.8311738" lon="37.4553537" version="1" timestamp="2022-08-13T13:55:38Z" changeset="124854166" uid="12176526" user="somix"/>
  <node id="10135074312" lat="55.8315074" lon="37.4553175" version="1" timestamp="2022-10-28T09:22:12Z" changeset="128165180" uid="830106" user="literan">
    <tag k="amenity" v="social_facility"/>
    <tag k="name" v="Территориальный центр социального обслуживания «Тушино». Филиал «Покровское-Стрешнево»"/>
    <tag k="social_facility" v="outreach"/>
    <tag k="social_facility:for" v="disabled;senior"/>
  </node>
  <node id="10181279978" lat="55.8339106" lon="37.4558115" version="1" timestamp="2022-11-13T20:10:52Z" changeset="128861456" uid="371263" user="augxcgrwxo"/>
  <node id="10181279979" lat="55.8338761" lon="37.4563009" version="1" timestamp="2022-11-13T20:10:52Z" changeset="128861456" uid="371263" user="augxcgrwxo"/>
  <node id="10181279980" lat="55.8340731" lon="37.4558423" version="1" timestamp="2022-11-13T20:10:52Z" changeset="128861456" uid="371263" user="augxcgrwxo"/>
  <node id="10181279981" lat="55.8327029" lon="37.4559305" version="2" timestamp="2026-03-26T19:18:21Z" changeset="180471375" uid="830106" user="literan"/>
  <node id="10181279982" lat="55.8326696" lon="37.4564651" version="2" timestamp="2026-03-26T19:18:21Z" changeset="180471375" uid="830106" user="literan"/>
  <node id="10181279983" lat="55.8326907" lon="37.4560826" version="2" timestamp="2026-03-26T19:18:21Z" changeset="180471375" uid="830106" user="literan"/>
  <node id="10181279984" lat="55.8325406" lon="37.4563723" version="1" timestamp="2022-11-13T20:10:52Z" changeset="128861456" uid="371263" user="augxcgrwxo"/>
  <node id="10181279985" lat="55.8325359" lon="37.4564365" version="1" timestamp="2022-11-13T20:10:52Z" changeset="128861456" uid="371263" user="augxcgrwxo"/>
  <node id="10939576198" lat="55.8345263" lon="37.4576263" version="1" timestamp="2023-05-30T10:30:13Z" changeset="136738375" uid="12176526" user="somix">
    <tag k="direction" v="both"/>
    <tag k="surface" v="plastic"/>
    <tag k="traffic_calming" v="bump"/>
  </node>
  <node id="10939576202" lat="55.8331237" lon="37.4574426" version="1" timestamp="2023-05-30T10:30:13Z" changeset="136738375" uid="12176526" user="somix">
    <tag k="access" v="private"/>
    <tag k="addr:flats" v="1-9"/>
    <tag k="entrance" v="staircase"/>
    <tag k="ref" v="1"/>
  </node>
  <node id="10939626305" lat="55.8344495" lon="37.4548119" version="2" timestamp="2023-05-30T16:58:38Z" changeset="136755364" uid="830106" user="literan">
    <tag k="addr:floor" v="-1"/>
    <tag k="addr:housenumber" v="24/9"/>
    <tag k="addr:street" v="улица Свободы"/>
    <tag k="brand" v="Яндекс.Маркет"/>
    <tag k="brand:en" v="Yandex.Market"/>
    <tag k="brand:ru" v="Яндекс.Маркет"/>
    <tag k="brand:wikidata" v="Q4537982"/>
    <tag k="brand:wikipedia" v="ru:Яндекс Маркет"/>
    <tag k="check_date" v="2023-05-30"/>
    <tag k="contact:phone" v="+7 495 4143000"/>
    <tag k="contact:telegram" v="yndx_market"/>
    <tag k="contact:vk" v="https://vk.com/yandex.market"/>
    <tag k="contact:website" v="https://market.yandex.ru"/>
    <tag k="level" v="-1"/>
    <tag k="name" v="Яндекс.Маркет"/>
    <tag k="name:en" v="Yandex.market"/>
    <tag k="name:ru" v="Яндекс.Маркет"/>
    <tag k="shop" v="outpost"/>
    <tag k="wheelchair" v="no"/>
  </node>
  <node id="10939626306" lat="55.8338483" lon="37.4565092" version="1" timestamp="2023-05-30T10:30:13Z" changeset="136738375" uid="12176526" user="somix">
    <tag k="amenity" v="recycling"/>
    <tag k="opening_hours" v="24/7"/>
    <tag k="operator" v="ООО «Спецтранс»"/>
    <tag k="recycling:cans" v="yes"/>
    <tag k="recycling:glass_bottles" v="yes"/>
    <tag k="recycling:paper" v="yes"/>
    <tag k="recycling:plastic_bottles" v="yes"/>
    <tag k="recycling_type" v="container"/>
  </node>
  <node id="10939626307" lat="55.8335340" lon="37.4566765" version="1" timestamp="2023-05-30T10:30:13Z" changeset="136738375" uid="12176526" user="somix">
    <tag k="access" v="private"/>
    <tag k="addr:flats" v="1-20"/>
    <tag k="entrance" v="staircase"/>
    <tag k="ref" v="1"/>
  </node>
  <node id="10939626308" lat="55.8333886" lon="37.4566484" version="1" timestamp="2023-05-30T10:30:13Z" changeset="136738375" uid="12176526" user="somix">
    <tag k="access" v="private"/>
    <tag k="addr:flats" v="21-30"/>
    <tag k="entrance" v="staircase"/>
    <tag k="ref" v="2"/>
  </node>
  <node id="10939626309" lat="55.8331744" lon="37.4566435" version="1" timestamp="2023-05-30T10:30:13Z" changeset="136738375" uid="12176526" user="somix">
    <tag k="access" v="private"/>
    <tag k="addr:flats" v="31-50"/>
    <tag k="entrance" v="staircase"/>
    <tag k="ref" v="3"/>
  </node>
  <node id="10939626310" lat="55.8331600" lon="37.4568784" version="1" timestamp="2023-05-30T10:30:13Z" changeset="136738375" uid="12176526" user="somix">
    <tag k="access" v="private"/>
    <tag k="addr:flats" v="51-70"/>
    <tag k="entrance" v="staircase"/>
    <tag k="ref" v="4"/>
  </node>
  <node id="10939626312" lat="55.8331611" lon="37.4577414" version="1" timestamp="2023-05-30T10:30:13Z" changeset="136738375" uid="12176526" user="somix">
    <tag k="access" v="private"/>
    <tag k="addr:flats" v="10-14"/>
    <tag k="entrance" v="staircase"/>
    <tag k="ref" v="2"/>
  </node>
  <node id="10939626313" lat="55.8331494" lon="37.4579389" version="1" timestamp="2023-05-30T10:30:13Z" changeset="136738375" uid="12176526" user="somix">
    <tag k="entrance" v="yes"/>
  </node>
  <node id="11381229096" lat="55.8334370" lon="37.4541228" version="1" timestamp="2023-11-28T11:18:48Z" changeset="144544532" uid="10129333" user="solenoid jam">
    <tag k="contact:email" v="nasvobode20@gmail.com"/>
    <tag k="contact:phone" v="+7 916 2377715"/>
    <tag k="contact:website" v="https://milfa-salon.ru/"/>
    <tag k="name" v="Милфа"/>
    <tag k="shop" v="beauty"/>
  </node>
  <node id="11581981764" lat="55.8343331" lon="37.4544868" version="2" timestamp="2025-02-08T13:41:47Z" changeset="162279992" uid="1461457" user="aurora-polar">
    <tag k="addr:flats" v="35-53"/>
    <tag k="entrance" v="staircase"/>
    <tag k="ref" v="3"/>
  </node>
  <node id="11581981765" lat="55.8339025" lon="37.4544062" version="2" timestamp="2025-02-08T13:41:47Z" changeset="162279992" uid="1461457" user="aurora-polar">
    <tag k="addr:flats" v="1-18"/>
    <tag k="entrance" v="staircase"/>
    <tag k="ref" v="1"/>
  </node>
  <node id="11581981766" lat="55.8341385" lon="37.4544504" version="2" timestamp="2025-02-08T13:41:47Z" changeset="162279992" uid="1461457" user="aurora-polar">
    <tag k="addr:flats" v="19-34"/>
    <tag k="entrance" v="staircase"/>
    <tag k="ref" v="2"/>
  </node>
  <node id="11581981767" lat="55.8343550" lon="37.4546704" version="2" timestamp="2025-02-08T13:41:47Z" changeset="162279992" uid="1461457" user="aurora-polar">
    <tag k="addr:flats" v="54-73"/>
    <tag k="entrance" v="staircase"/>
    <tag k="ref" v="4"/>
  </node>
  <node id="11581981768" lat="55.8342982" lon="37.4556501" version="2" timestamp="2025-02-08T13:41:47Z" changeset="162279992" uid="1461457" user="aurora-polar">
    <tag k="addr:flats" v="1-98"/>
    <tag k="entrance" v="staircase"/>
    <tag k="ref" v="1"/>
  </node>
  <node id="11582013269" lat="55.8342289" lon="37.4567271" version="2" timestamp="2025-02-08T13:41:47Z" changeset="162279992" uid="1461457" user="aurora-polar">
    <tag k="addr:flats" v="1-112"/>
    <tag k="entrance" v="staircase"/>
    <tag k="ref" v="1"/>
  </node>
  <node id="11582013270" lat="55.8341593" lon="37.4577812" version="2" timestamp="2025-02-08T13:41:47Z" changeset="162279992" uid="1461457" user="aurora-polar">
    <tag k="addr:flats" v="1-98"/>
    <tag k="entrance" v="staircase"/>
    <tag k="ref" v="1"/>
  </node>
  <node id="11582013278" lat="55.8330935" lon="37.4544272" version="2" timestamp="2025-02-08T13:41:47Z" changeset="162279992" uid="1461457" user="aurora-polar">
    <tag k="addr:flats" v="5-20"/>
    <tag k="entrance" v="staircase"/>
    <tag k="ref" v="1"/>
  </node>
  <node id="11582013279" lat="55.8331190" lon="37.4542605" version="2" timestamp="2025-02-08T13:41:47Z" changeset="162279992" uid="1461457" user="aurora-polar">
    <tag k="addr:flats" v="21-37"/>
    <tag k="entrance" v="staircase"/>
    <tag k="ref" v="2"/>
  </node>
  <node id="11582013280" lat="55.8335255" lon="37.4543335" version="2" timestamp="2025-02-08T13:41:47Z" changeset="162279992" uid="1461457" user="aurora-polar">
    <tag k="addr:flats" v="54-70"/>
    <tag k="entrance" v="staircase"/>
    <tag k="ref" v="4"/>
  </node>
  <node id="11582013281" lat="55.8333222" lon="37.4542970" version="2" timestamp="2025-02-08T13:41:47Z" changeset="162279992" uid="1461457" user="aurora-polar">
    <tag k="addr:flats" v="38-53"/>
    <tag k="entrance" v="staircase"/>
    <tag k="ref" v="3"/>
  </node>
  <node id="11582013282" lat="55.8330359" lon="37.4553622" version="2" timestamp="2025-02-08T13:41:47Z" changeset="162279992" uid="1461457" user="aurora-polar">
    <tag k="addr:flats" v="55-70"/>
    <tag k="entrance" v="staircase"/>
    <tag k="ref" v="4"/>
  </node>
  <node id="11582013283" lat="55.8330486" lon="37.4555355" version="2" timestamp="2025-02-08T13:41:47Z" changeset="162279992" uid="1461457" user="aurora-polar">
    <tag k="addr:flats" v="36-54"/>
    <tag k="entrance" v="staircase"/>
    <tag k="ref" v="3"/>
  </node>
  <node id="11582013284" lat="55.8334681" lon="37.4556225" version="1" timestamp="2024-02-03T15:14:17Z" changeset="147023614" uid="599809" user="ig4map">
    <tag k="addr:flats" v="1-18"/>
    <tag k="entrance" v="staircase"/>
    <tag k="ref" v="1"/>
  </node>
  <node id="11582013285" lat="55.8332307" lon="37.4555733" version="2" timestamp="2025-02-08T13:41:47Z" changeset="162279992" uid="1461457" user="aurora-polar">
    <tag k="addr:flats" v="19-35"/>
    <tag k="entrance" v="staircase"/>
    <tag k="ref" v="2"/>
  </node>
  <node id="11582033509" lat="55.8321238" lon="37.4550762" version="2" timestamp="2024-04-03T08:31:01Z" changeset="149512527" uid="830106" user="literan">
    <tag k="entrance" v="staircase"/>
  </node>
  <node id="11582033510" lat="55.8325197" lon="37.4551661" version="2" timestamp="2024-04-03T08:31:01Z" changeset="149512527" uid="830106" user="literan">
    <tag k="entrance" v="staircase"/>
  </node>
  <node id="11582033511" lat="55.8325646" lon="37.4549502" version="2" timestamp="2024-04-03T08:31:01Z" changeset="149512527" uid="830106" user="literan">
    <tag k="entrance" v="staircase"/>
  </node>
  <node id="11582033512" lat="55.8325879" lon="37.4545933" version="2" timestamp="2024-04-03T08:31:01Z" changeset="149512527" uid="830106" user="literan">
    <tag k="entrance" v="staircase"/>
  </node>
  <node id="11582033513" lat="55.8323601" lon="37.4545638" version="2" timestamp="2024-04-03T08:31:01Z" changeset="149512527" uid="830106" user="literan">
    <tag k="entrance" v="staircase"/>
  </node>
  <node id="11582033514" lat="55.8321076" lon="37.4548845" version="2" timestamp="2024-04-03T08:31:01Z" changeset="149512527" uid="830106" user="literan">
    <tag k="entrance" v="staircase"/>
  </node>
  <node id="11582033515" lat="55.8321321" lon="37.4545082" version="2" timestamp="2024-04-03T08:31:01Z" changeset="149512527" uid="830106" user="literan">
    <tag k="entrance" v="staircase"/>
  </node>
  <node id="11582033516" lat="55.8325533" lon="37.4568564" version="2" timestamp="2025-02-08T13:41:47Z" changeset="162279992" uid="1461457" user="aurora-polar">
    <tag k="addr:flats" v="9-18"/>
    <tag k="entrance" v="staircase"/>
    <tag k="ref" v="2"/>
  </node>
  <node id="11582033517" lat="55.8327450" lon="37.4569430" version="2" timestamp="2025-02-08T13:41:47Z" changeset="162279992" uid="1461457" user="aurora-polar">
    <tag k="addr:flats" v="1-9"/>
    <tag k="entrance" v="staircase"/>
    <tag k="ref" v="1"/>
  </node>
  <node id="11582033518" lat="55.8327069" lon="37.4573627" version="2" timestamp="2025-02-08T13:41:47Z" changeset="162279992" uid="1461457" user="aurora-polar">
    <tag k="addr:flats" v="1-9"/>
    <tag k="entrance" v="staircase"/>
    <tag k="ref" v="1"/>
  </node>
  <node id="11582033520" lat="55.8326076" lon="37.4579875" version="2" timestamp="2025-02-08T13:41:47Z" changeset="162279992" uid="1461457" user="aurora-polar">
    <tag k="addr:flats" v="19-27"/>
    <tag k="entrance" v="staircase"/>
    <tag k="ref" v="3"/>
  </node>
  <node id="11582033521" lat="55.8326325" lon="37.4576346" version="2" timestamp="2025-02-08T13:41:47Z" changeset="162279992" uid="1461457" user="aurora-polar">
    <tag k="addr:flats" v="10-18"/>
    <tag k="entrance" v="staircase"/>
    <tag k="ref" v="2"/>
  </node>
  <node id="11582033522" lat="55.8323007" lon="37.4570247" version="2" timestamp="2025-02-08T13:41:47Z" changeset="162279992" uid="1461457" user="aurora-polar">
    <tag k="addr:flats" v="1-9"/>
    <tag k="entrance" v="staircase"/>
    <tag k="ref" v="1"/>
  </node>
  <node id="11582033523" lat="55.8321156" lon="37.4569889" version="2" timestamp="2025-02-08T13:41:47Z" changeset="162279992" uid="1461457" user="aurora-polar">
    <tag k="addr:flats" v="10-18"/>
    <tag k="entrance" v="staircase"/>
    <tag k="ref" v="2"/>
  </node>
  <node id="11582033524" lat="55.8318839" lon="37.4567142" version="2" timestamp="2025-02-08T13:41:47Z" changeset="162279992" uid="1461457" user="aurora-polar">
    <tag k="addr:flats" v="1-9"/>
    <tag k="entrance" v="staircase"/>
    <tag k="ref" v="1"/>
  </node>
  <node id="11582033525" lat="55.8316815" lon="37.4567246" version="2" timestamp="2025-02-08T13:41:47Z" changeset="162279992" uid="1461457" user="aurora-polar">
    <tag k="addr:flats" v="10-18"/>
    <tag k="entrance" v="staircase"/>
    <tag k="ref" v="2"/>
  </node>
  <node id="11582033526" lat="55.8316695" lon="37.4571415" version="2" timestamp="2025-02-08T13:41:47Z" changeset="162279992" uid="1461457" user="aurora-polar">
    <tag k="addr:flats" v="1-12"/>
    <tag k="entrance" v="staircase"/>
    <tag k="ref" v="1"/>
  </node>
  <node id="11582033527" lat="55.8316118" lon="37.4579012" version="2" timestamp="2025-02-08T13:41:47Z" changeset="162279992" uid="1461457" user="aurora-polar">
    <tag k="addr:flats" v="35-43"/>
    <tag k="entrance" v="staircase"/>
    <tag k="ref" v="4"/>
  </node>
  <node id="11582033528" lat="55.8316774" lon="37.4574223" version="2" timestamp="2025-02-08T13:41:47Z" changeset="162279992" uid="1461457" user="aurora-polar">
    <tag k="addr:flats" v="13-23"/>
    <tag k="entrance" v="staircase"/>
    <tag k="ref" v="2"/>
  </node>
  <node id="11582033529" lat="55.8316649" lon="37.4576795" version="2" timestamp="2025-02-08T13:41:47Z" changeset="162279992" uid="1461457" user="aurora-polar">
    <tag k="addr:flats" v="24-34"/>
    <tag k="entrance" v="staircase"/>
    <tag k="ref" v="3"/>
  </node>
  <node id="11582050969" lat="55.8317138" lon="37.4541961" version="2" timestamp="2025-02-08T15:06:28Z" changeset="162283068" uid="1461457" user="aurora-polar">
    <tag k="addr:flats" v="35-54"/>
    <tag k="entrance" v="staircase"/>
    <tag k="ref" v="3"/>
  </node>
  <node id="11582050970" lat="55.8316565" lon="37.4550396" version="1" timestamp="2024-02-03T15:31:13Z" changeset="147024299" uid="599809" user="ig4map">
    <tag k="entrance" v="staircase"/>
  </node>
  <node id="11582050971" lat="55.8316418" lon="37.4552715" version="1" timestamp="2024-02-03T15:31:13Z" changeset="147024299" uid="599809" user="ig4map">
    <tag k="entrance" v="staircase"/>
  </node>
  <node id="11582050972" lat="55.8314405" lon="37.4552727" version="1" timestamp="2024-02-03T15:31:13Z" changeset="147024299" uid="599809" user="ig4map">
    <tag k="entrance" v="staircase"/>
  </node>
  <node id="11582054298" lat="55.8312955" lon="37.4561717" version="2" timestamp="2025-02-08T15:06:28Z" changeset="162283068" uid="1461457" user="aurora-polar">
    <tag k="addr:flats" v="10-18"/>
    <tag k="entrance" v="staircase"/>
    <tag k="ref" v="2"/>
  </node>
  <node id="11582054299" lat="55.8311764" lon="37.4561791" version="2" timestamp="2025-02-08T15:06:28Z" changeset="162283068" uid="1461457" user="aurora-polar">
    <tag k="addr:flats" v="1-9"/>
    <tag k="entrance" v="staircase"/>
    <tag k="ref" v="1"/>
  </node>
  <node id="11582054300" lat="55.8313046" lon="37.4563796" version="2" timestamp="2025-02-08T15:06:28Z" changeset="162283068" uid="1461457" user="aurora-polar">
    <tag k="addr:flats" v="19-27"/>
    <tag k="entrance" v="staircase"/>
    <tag k="ref" v="3"/>
  </node>
  <node id="11582054301" lat="55.8311840" lon="37.4569934" version="2" timestamp="2025-02-08T15:06:28Z" changeset="162283068" uid="1461457" user="aurora-polar">
    <tag k="addr:flats" v="1-4"/>
    <tag k="entrance" v="staircase"/>
    <tag k="ref" v="1"/>
  </node>
  <node id="11582054305" lat="55.8311444" lon="37.4575434" version="2" timestamp="2025-02-08T15:06:28Z" changeset="162283068" uid="1461457" user="aurora-polar">
    <tag k="addr:flats" v="1-4"/>
    <tag k="entrance" v="staircase"/>
    <tag k="ref" v="1"/>
  </node>
  <node id="11582054308" lat="55.8312200" lon="37.4579256" version="2" timestamp="2025-02-08T15:06:28Z" changeset="162283068" uid="1461457" user="aurora-polar">
    <tag k="entrance" v="staircase"/>
    <tag k="ref" v="2"/>
  </node>
  <node id="11782342992" lat="55.8323220" lon="37.4561617" version="1" timestamp="2024-04-03T08:31:01Z" changeset="149512527" uid="830106" user="literan"/>
  <node id="11782342993" lat="55.8323578" lon="37.4555708" version="1" timestamp="2024-04-03T08:31:01Z" changeset="149512527" uid="830106" user="literan"/>
  <node id="11782342994" lat="55.8322185" lon="37.4555440" version="1" timestamp="2024-04-03T08:31:01Z" changeset="149512527" uid="830106" user="literan"/>
  <node id="11782342995" lat="55.8325069" lon="37.4555994" version="1" timestamp="2024-04-03T08:31:01Z" changeset="149512527" uid="830106" user="literan"/>
  <node id="11782342996" lat="55.8321787" lon="37.4561342" version="1" timestamp="2024-04-03T08:31:01Z" changeset="149512527" uid="830106" user="literan"/>
  <node id="11782342997" lat="55.8324711" lon="37.4561904" version="1" timestamp="2024-04-03T08:31:01Z" changeset="149512527" uid="830106" user="literan"/>
  <node id="11782343000" lat="55.8326771" lon="37.4548039" version="1" timestamp="2024-04-03T08:31:01Z" changeset="149512527" uid="830106" user="literan">
    <tag k="brand" v="Верный"/>
    <tag k="contact:email" v="info@ivoin.ru"/>
    <tag k="contact:phone" v="+7 800 2506648"/>
    <tag k="contact:website" v="https://www.verno-info.ru"/>
    <tag k="name" v="Верный"/>
    <tag k="name:ru" v="Верный"/>
    <tag k="opening_hours" v="Mo-Su 08:00-23:00"/>
    <tag k="shop" v="supermarket"/>
  </node>
  <node id="11877109654" lat="55.8333098" lon="37.4567592" version="2" timestamp="2024-10-13T11:56:28Z" changeset="157831547" uid="830106" user="literan"/>
  <node id="11989774904" lat="55.8346263" lon="37.4541483" version="1" timestamp="2024-06-18T08:57:17Z" changeset="152837621" uid="12176526" user="somix"/>
  <node id="12120879281" lat="55.8320453" lon="37.4540998" version="1" timestamp="2024-08-19T19:12:20Z" changeset="155477192" uid="1461457" user="aurora-polar"/>
  <node id="12120879283" lat="55.8327170" lon="37.4542390" version="1" timestamp="2024-08-19T19:12:20Z" changeset="155477192" uid="1461457" user="aurora-polar"/>
  <node id="12120879284" lat="55.8336467" lon="37.4545000" version="1" timestamp="2024-08-19T19:12:20Z" changeset="155477192" uid="1461457" user="aurora-polar"/>
  <node id="12120879285" lat="55.8331978" lon="37.4544061" version="1" timestamp="2024-08-19T19:12:20Z" changeset="155477192" uid="1461457" user="aurora-polar"/>
  <node id="12120879286" lat="55.8331617" lon="37.4544410" version="1" timestamp="2024-08-19T19:12:20Z" changeset="155477192" uid="1461457" user="aurora-polar"/>
  <node id="12120879287" lat="55.8331029" lon="37.4553959" version="1" timestamp="2024-08-19T19:12:20Z" changeset="155477192" uid="1461457" user="aurora-polar"/>
  <node id="12120879288" lat="55.8331315" lon="37.4554629" version="1" timestamp="2024-08-19T19:12:20Z" changeset="155477192" uid="1461457" user="aurora-polar"/>
  <node id="12120879289" lat="55.8335759" lon="37.4555568" version="1" timestamp="2024-08-19T19:12:20Z" changeset="155477192" uid="1461457" user="aurora-polar"/>
  <node id="12120879290" lat="55.8336120" lon="37.4550311" version="1" timestamp="2024-08-19T19:12:20Z" changeset="155477192" uid="1461457" user="aurora-polar"/>
  <node id="12120879291" lat="55.8335729" lon="37.4550204" version="1" timestamp="2024-08-19T19:12:20Z" changeset="155477192" uid="1461457" user="aurora-polar"/>
  <node id="12120879292" lat="55.8335849" lon="37.4548675" version="1" timestamp="2024-08-19T19:12:20Z" changeset="155477192" uid="1461457" user="aurora-polar"/>
  <node id="12120879293" lat="55.8336211" lon="37.4548755" version="1" timestamp="2024-08-19T19:12:20Z" changeset="155477192" uid="1461457" user="aurora-polar"/>
  <node id="12120895440" lat="55.8328409" lon="37.4542818" version="1" timestamp="2024-08-19T19:12:20Z" changeset="155477192" uid="1461457" user="aurora-polar"/>
  <node id="12120895441" lat="55.8327686" lon="37.4554915" version="1" timestamp="2024-08-19T19:12:20Z" changeset="155477192" uid="1461457" user="aurora-polar"/>
  <node id="12120895442" lat="55.8324839" lon="37.4554405" version="1" timestamp="2024-08-19T19:12:20Z" changeset="155477192" uid="1461457" user="aurora-polar"/>
  <node id="12120895443" lat="55.8327309" lon="37.4542603" version="1" timestamp="2024-08-19T19:12:20Z" changeset="155477192" uid="1461457" user="aurora-polar"/>
  <node id="12120895444" lat="55.8328105" lon="37.4562313" version="2" timestamp="2025-10-07T20:33:07Z" changeset="172976957" uid="23136526" user="Osmcher"/>
  <node id="12120895445" lat="55.8328616" lon="37.4564376" version="2" timestamp="2025-10-07T20:33:07Z" changeset="172976957" uid="23136526" user="Osmcher"/>
  <node id="12120895446" lat="55.8327822" lon="37.4562998" version="2" timestamp="2025-10-07T20:33:07Z" changeset="172976957" uid="23136526" user="Osmcher"/>
  <node id="12120895447" lat="55.8327924" lon="37.4561854" version="2" timestamp="2025-10-07T20:33:07Z" changeset="172976957" uid="23136526" user="Osmcher"/>
  <node id="12248122104" lat="55.8344649" lon="37.4564104" version="1" timestamp="2024-10-13T11:56:28Z" changeset="157831547" uid="830106" user="literan"/>
  <node id="12248122105" lat="55.8339309" lon="37.4562944" version="1" timestamp="2024-10-13T11:56:28Z" changeset="157831547" uid="830106" user="literan"/>
  <node id="12248122106" lat="55.8335735" lon="37.4570410" version="1" timestamp="2024-10-13T11:56:28Z" changeset="157831547" uid="830106" user="literan"/>
  <node id="12248122107" lat="55.8334289" lon="37.4570158" version="1" timestamp="2024-10-13T11:56:28Z" changeset="157831547" uid="830106" user="literan"/>
  <node id="12248122108" lat="55.8334363" lon="37.4568802" version="1" timestamp="2024-10-13T11:56:28Z" changeset="157831547" uid="830106" user="literan"/>
  <node id="12248122109" lat="55.8335809" lon="37.4569054" version="1" timestamp="2024-10-13T11:56:28Z" changeset="157831547" uid="830106" user="literan"/>
  <node id="12568303236" lat="55.8339438" lon="37.4577056" version="1" timestamp="2025-02-08T13:41:47Z" changeset="162279992" uid="1461457" user="aurora-polar"/>
  <node id="12568303237" lat="55.8339317" lon="37.4579202" version="1" timestamp="2025-02-08T13:41:47Z" changeset="162279992" uid="1461457" user="aurora-polar"/>
  <node id="12568303238" lat="55.8338338" lon="37.4578960" version="1" timestamp="2025-02-08T13:41:47Z" changeset="162279992" uid="1461457" user="aurora-polar"/>
  <node id="12568303242" lat="55.8339652" lon="37.4573961" version="1" timestamp="2025-02-08T13:41:47Z" changeset="162279992" uid="1461457" user="aurora-polar"/>
  <node id="12568303243" lat="55.8340637" lon="37.4568975" version="1" timestamp="2025-02-08T13:41:47Z" changeset="162279992" uid="1461457" user="aurora-polar"/>
  <node id="12568303244" lat="55.8332460" lon="37.4573777" version="1" timestamp="2025-02-08T13:41:47Z" changeset="162279992" uid="1461457" user="aurora-polar"/>
  <node id="12568303245" lat="55.8340083" lon="37.4573496" version="1" timestamp="2025-02-08T13:41:47Z" changeset="162279992" uid="1461457" user="aurora-polar"/>
  <node id="12568303246" lat="55.8344088" lon="37.4574092" version="1" timestamp="2025-02-08T13:41:47Z" changeset="162279992" uid="1461457" user="aurora-polar"/>
  <node id="12568303247" lat="55.8344343" lon="37.4569673" version="1" timestamp="2025-02-08T13:41:47Z" changeset="162279992" uid="1461457" user="aurora-polar"/>
  <node id="12568303249" lat="55.8338826" lon="37.4568639" version="1" timestamp="2025-02-08T13:41:47Z" changeset="162279992" uid="1461457" user="aurora-polar"/>
  <node id="12568303250" lat="55.8333158" lon="37.4567855" version="1" timestamp="2025-02-08T13:41:47Z" changeset="162279992" uid="1461457" user="aurora-polar"/>
  <node id="12568303251" lat="55.8332764" lon="37.4568375" version="1" timestamp="2025-02-08T13:41:47Z" changeset="162279992" uid="1461457" user="aurora-polar"/>
  <node id="12568303263" lat="55.8346089" lon="37.4542428" version="1" timestamp="2025-02-08T13:41:47Z" changeset="162279992" uid="1461457" user="aurora-polar"/>
  <node id="12568303264" lat="55.8345680" lon="37.4549499" version="1" timestamp="2025-02-08T13:41:47Z" changeset="162279992" uid="1461457" user="aurora-polar"/>
  <node id="12568303265" lat="55.8345445" lon="37.4553062" version="1" timestamp="2025-02-08T13:41:47Z" changeset="162279992" uid="1461457" user="aurora-polar"/>
  <node id="12568303266" lat="55.8345097" lon="37.4558520" version="1" timestamp="2025-02-08T13:41:47Z" changeset="162279992" uid="1461457" user="aurora-polar"/>
  <node id="12568303267" lat="55.8344779" lon="37.4563403" version="1" timestamp="2025-02-08T13:41:47Z" changeset="162279992" uid="1461457" user="aurora-polar"/>
  <node id="12568303268" lat="55.8338919" lon="37.4562383" version="1" timestamp="2025-02-08T13:41:47Z" changeset="162279992" uid="1461457" user="aurora-polar"/>
  <node id="12568303269" lat="55.8339206" lon="37.4558414" version="1" timestamp="2025-02-08T13:41:47Z" changeset="162279992" uid="1461457" user="aurora-polar"/>
  <node id="12568303270" lat="55.8340817" lon="37.4558682" version="1" timestamp="2025-02-08T13:41:47Z" changeset="162279992" uid="1461457" user="aurora-polar"/>
  <node id="12568303271" lat="55.8340878" lon="37.4558119" version="1" timestamp="2025-02-08T13:41:47Z" changeset="162279992" uid="1461457" user="aurora-polar"/>
  <node id="12568303272" lat="55.8344176" lon="37.4558655" version="1" timestamp="2025-02-08T13:41:47Z" changeset="162279992" uid="1461457" user="aurora-polar"/>
  <node id="12568303273" lat="55.8344478" lon="37.4554283" version="1" timestamp="2025-02-08T13:41:47Z" changeset="162279992" uid="1461457" user="aurora-polar"/>
  <node id="12568303274" lat="55.8341781" lon="37.4553827" version="1" timestamp="2025-02-08T13:41:47Z" changeset="162279992" uid="1461457" user="aurora-polar"/>
  <node id="12568303275" lat="55.8341661" lon="37.4554122" version="1" timestamp="2025-02-08T13:41:47Z" changeset="162279992" uid="1461457" user="aurora-polar"/>
  <node id="12568303276" lat="55.8341390" lon="37.4557609" version="1" timestamp="2025-02-08T13:41:47Z" changeset="162279992" uid="1461457" user="aurora-polar"/>
  <node id="12568303277" lat="55.8340637" lon="37.4557502" version="1" timestamp="2025-02-08T13:41:47Z" changeset="162279992" uid="1461457" user="aurora-polar"/>
  <node id="12568303278" lat="55.8340591" lon="37.4558119" version="1" timestamp="2025-02-08T13:41:47Z" changeset="162279992" uid="1461457" user="aurora-polar"/>
  <node id="12568303279" lat="55.8338693" lon="37.4557850" version="1" timestamp="2025-02-08T13:41:47Z" changeset="162279992" uid="1461457" user="aurora-polar"/>
  <node id="12568303280" lat="55.8339025" lon="37.4552996" version="1" timestamp="2025-02-08T13:41:47Z" changeset="162279992" uid="1461457" user="aurora-polar"/>
  <node id="12568303281" lat="55.8339808" lon="37.4552888" version="1" timestamp="2025-02-08T13:41:47Z" changeset="162279992" uid="1461457" user="aurora-polar"/>
  <node id="12568303282" lat="55.8340546" lon="37.4552110" version="1" timestamp="2025-02-08T13:41:47Z" changeset="162279992" uid="1461457" user="aurora-polar"/>
  <node id="12568303283" lat="55.8340727" lon="37.4551172" version="1" timestamp="2025-02-08T13:41:47Z" changeset="162279992" uid="1461457" user="aurora-polar"/>
  <node id="12568303284" lat="55.8340757" lon="37.4550233" version="1" timestamp="2025-02-08T13:41:47Z" changeset="162279992" uid="1461457" user="aurora-polar"/>
  <node id="12568303285" lat="55.8340561" lon="37.4549696" version="1" timestamp="2025-02-08T13:41:47Z" changeset="162279992" uid="1461457" user="aurora-polar"/>
  <node id="12568303286" lat="55.8340094" lon="37.4549750" version="1" timestamp="2025-02-08T13:41:47Z" changeset="162279992" uid="1461457" user="aurora-polar"/>
  <node id="12568303287" lat="55.8339296" lon="37.4550072" version="1" timestamp="2025-02-08T13:41:47Z" changeset="162279992" uid="1461457" user="aurora-polar"/>
  <node id="12568303288" lat="55.8338995" lon="37.4550018" version="1" timestamp="2025-02-08T13:41:47Z" changeset="162279992" uid="1461457" user="aurora-polar"/>
  <node id="12568303289" lat="55.8339025" lon="37.4548409" version="1" timestamp="2025-02-08T13:41:47Z" changeset="162279992" uid="1461457" user="aurora-polar"/>
  <node id="12568303290" lat="55.8338558" lon="37.4548033" version="1" timestamp="2025-02-08T13:41:47Z" changeset="162279992" uid="1461457" user="aurora-polar"/>
  <node id="12568303291" lat="55.8338603" lon="37.4545485" version="1" timestamp="2025-02-08T13:41:47Z" changeset="162279992" uid="1461457" user="aurora-polar"/>
  <node id="12568303292" lat="55.8342474" lon="37.4546129" version="1" timestamp="2025-02-08T13:41:47Z" changeset="162279992" uid="1461457" user="aurora-polar"/>
  <node id="12568303293" lat="55.8342775" lon="37.4546612" version="1" timestamp="2025-02-08T13:41:47Z" changeset="162279992" uid="1461457" user="aurora-polar"/>
  <node id="12568303294" lat="55.8342685" lon="37.4548436" version="1" timestamp="2025-02-08T13:41:47Z" changeset="162279992" uid="1461457" user="aurora-polar"/>
  <node id="12568303295" lat="55.8343107" lon="37.4549375" version="1" timestamp="2025-02-08T13:41:47Z" changeset="162279992" uid="1461457" user="aurora-polar"/>
  <node id="12568303296" lat="55.8343017" lon="37.4550179" version="1" timestamp="2025-02-08T13:41:47Z" changeset="162279992" uid="1461457" user="aurora-polar"/>
  <node id="12568303297" lat="55.8342565" lon="37.4550340" version="1" timestamp="2025-02-08T13:41:47Z" changeset="162279992" uid="1461457" user="aurora-polar"/>
  <node id="12568303298" lat="55.8342534" lon="37.4550877" version="1" timestamp="2025-02-08T13:41:47Z" changeset="162279992" uid="1461457" user="aurora-polar"/>
  <node id="12568303299" lat="55.8342640" lon="37.4551359" version="1" timestamp="2025-02-08T13:41:47Z" changeset="162279992" uid="1461457" user="aurora-polar"/>
  <node id="12568303300" lat="55.8342941" lon="37.4551494" version="1" timestamp="2025-02-08T13:41:47Z" changeset="162279992" uid="1461457" user="aurora-polar"/>
  <node id="12568318901" lat="55.8343815" lon="37.4550930" version="1" timestamp="2025-02-08T13:41:47Z" changeset="162279992" uid="1461457" user="aurora-polar"/>
  <node id="12568318902" lat="55.8344508" lon="37.4550421" version="1" timestamp="2025-02-08T13:41:47Z" changeset="162279992" uid="1461457" user="aurora-polar"/>
  <node id="12568318903" lat="55.8345025" lon="37.4549371" version="1" timestamp="2025-02-08T13:41:47Z" changeset="162279992" uid="1461457" user="aurora-polar"/>
  <node id="12568318904" lat="55.8345291" lon="37.4545029" version="1" timestamp="2025-02-08T13:41:47Z" changeset="162279992" uid="1461457" user="aurora-polar"/>
  <node id="12568318905" lat="55.8344688" lon="37.4544949" version="1" timestamp="2025-02-08T13:41:47Z" changeset="162279992" uid="1461457" user="aurora-polar"/>
  <node id="12568318906" lat="55.8344779" lon="37.4542159" version="1" timestamp="2025-02-08T13:41:47Z" changeset="162279992" uid="1461457" user="aurora-polar"/>
  <node id="12568318907" lat="55.8335500" lon="37.4559084" version="1" timestamp="2025-02-08T13:41:47Z" changeset="162279992" uid="1461457" user="aurora-polar"/>
  <node id="12568318908" lat="55.8329143" lon="37.4557984" version="1" timestamp="2025-02-08T13:41:47Z" changeset="162279992" uid="1461457" user="aurora-polar"/>
  <node id="12568318909" lat="55.8329249" lon="37.4555597" version="1" timestamp="2025-02-08T13:41:47Z" changeset="162279992" uid="1461457" user="aurora-polar"/>
  <node id="12568318910" lat="55.8328752" lon="37.4555517" version="1" timestamp="2025-02-08T13:41:47Z" changeset="162279992" uid="1461457" user="aurora-polar"/>
  <node id="12568318911" lat="55.8328993" lon="37.4551306" version="1" timestamp="2025-02-08T13:41:47Z" changeset="162279992" uid="1461457" user="aurora-polar"/>
  <node id="12568318912" lat="55.8330815" lon="37.4551815" version="1" timestamp="2025-02-08T13:41:47Z" changeset="162279992" uid="1461457" user="aurora-polar"/>
  <node id="12568318913" lat="55.8330966" lon="37.4549160" version="1" timestamp="2025-02-08T13:41:47Z" changeset="162279992" uid="1461457" user="aurora-polar"/>
  <node id="12568318914" lat="55.8328360" lon="37.4548704" version="1" timestamp="2025-02-08T13:41:47Z" changeset="162279992" uid="1461457" user="aurora-polar"/>
  <node id="12568318915" lat="55.8327652" lon="37.4560345" version="1" timestamp="2025-02-08T13:41:47Z" changeset="162279992" uid="1461457" user="aurora-polar"/>
  <node id="12568318916" lat="55.8337458" lon="37.4561900" version="1" timestamp="2025-02-08T13:41:47Z" changeset="162279992" uid="1461457" user="aurora-polar"/>
  <node id="12568318917" lat="55.8337699" lon="37.4558226" version="1" timestamp="2025-02-08T13:41:47Z" changeset="162279992" uid="1461457" user="aurora-polar"/>
  <node id="12568318918" lat="55.8338106" lon="37.4552781" version="1" timestamp="2025-02-08T13:41:47Z" changeset="162279992" uid="1461457" user="aurora-polar"/>
  <node id="12568318919" lat="55.8338226" lon="37.4548221" version="1" timestamp="2025-02-08T13:41:47Z" changeset="162279992" uid="1461457" user="aurora-polar"/>
  <node id="12568318920" lat="55.8335696" lon="37.4555973" version="1" timestamp="2025-02-08T13:41:47Z" changeset="162279992" uid="1461457" user="aurora-polar"/>
  <node id="12568318921" lat="55.8330213" lon="37.4571047" version="1" timestamp="2025-02-08T13:41:47Z" changeset="162279992" uid="1461457" user="aurora-polar"/>
  <node id="12568318922" lat="55.8330665" lon="37.4563510" version="1" timestamp="2025-02-08T13:41:47Z" changeset="162279992" uid="1461457" user="aurora-polar"/>
  <node id="12568318923" lat="55.8337112" lon="37.4564797" version="1" timestamp="2025-02-08T13:41:47Z" changeset="162279992" uid="1461457" user="aurora-polar"/>
  <node id="12568318924" lat="55.8337217" lon="37.4562893" version="1" timestamp="2025-02-08T13:41:47Z" changeset="162279992" uid="1461457" user="aurora-polar"/>
  <node id="12568318925" lat="55.8330529" lon="37.4561713" version="1" timestamp="2025-02-08T13:41:47Z" changeset="162279992" uid="1461457" user="aurora-polar"/>
  <node id="12568318926" lat="55.8330318" lon="37.4564851" version="1" timestamp="2025-02-08T13:41:47Z" changeset="162279992" uid="1461457" user="aurora-polar"/>
  <node id="12568318927" lat="55.8330017" lon="37.4565200" version="1" timestamp="2025-02-08T13:41:47Z" changeset="162279992" uid="1461457" user="aurora-polar"/>
  <node id="12568318928" lat="55.8329655" lon="37.4570966" version="1" timestamp="2025-02-08T13:41:47Z" changeset="162279992" uid="1461457" user="aurora-polar"/>
  <node id="12568318929" lat="55.8319834" lon="37.4542406" version="2" timestamp="2025-02-09T11:46:05Z" changeset="162310844" uid="830106" user="literan"/>
  <node id="12568318930" lat="55.8319350" lon="37.4550175" version="2" timestamp="2025-02-09T11:46:05Z" changeset="162310844" uid="830106" user="literan"/>
  <node id="12568318931" lat="55.8318936" lon="37.4550093" version="2" timestamp="2025-02-09T11:46:05Z" changeset="162310844" uid="830106" user="literan"/>
  <node id="12568318932" lat="55.8319420" lon="37.4542324" version="2" timestamp="2025-02-09T11:46:05Z" changeset="162310844" uid="830106" user="literan"/>
  <node id="12568318933" lat="55.8324866" lon="37.4546941" version="1" timestamp="2025-02-08T13:41:47Z" changeset="162279992" uid="1461457" user="aurora-polar"/>
  <node id="12568318934" lat="55.8324396" lon="37.4554056" version="1" timestamp="2025-02-08T13:41:47Z" changeset="162279992" uid="1461457" user="aurora-polar"/>
  <node id="12568318935" lat="55.8321538" lon="37.4553470" version="1" timestamp="2025-02-08T13:41:47Z" changeset="162279992" uid="1461457" user="aurora-polar"/>
  <node id="12568318936" lat="55.8322008" lon="37.4546271" version="1" timestamp="2025-02-08T13:41:47Z" changeset="162279992" uid="1461457" user="aurora-polar"/>
  <node id="12568318937" lat="55.8329326" lon="37.4565476" version="1" timestamp="2025-02-08T13:41:47Z" changeset="162279992" uid="1461457" user="aurora-polar"/>
  <node id="12568318938" lat="55.8315467" lon="37.4562607" version="1" timestamp="2025-02-08T13:41:47Z" changeset="162279992" uid="1461457" user="aurora-polar"/>
  <node id="12568318939" lat="55.8315045" lon="37.4567890" version="1" timestamp="2025-02-08T13:41:47Z" changeset="162279992" uid="1461457" user="aurora-polar"/>
  <node id="12568318940" lat="55.8315618" lon="37.4568025" version="1" timestamp="2025-02-08T13:41:47Z" changeset="162279992" uid="1461457" user="aurora-polar"/>
  <node id="12568318941" lat="55.8320363" lon="37.4570653" version="1" timestamp="2025-02-08T13:41:47Z" changeset="162279992" uid="1461457" user="aurora-polar"/>
  <node id="12568318942" lat="55.8323722" lon="37.4571243" version="1" timestamp="2025-02-08T13:41:47Z" changeset="162279992" uid="1461457" user="aurora-polar"/>
  <node id="12568318943" lat="55.8325786" lon="37.4571592" version="1" timestamp="2025-02-08T13:41:47Z" changeset="162279992" uid="1461457" user="aurora-polar"/>
  <node id="12568318944" lat="55.8326569" lon="37.4570331" version="1" timestamp="2025-02-08T13:41:47Z" changeset="162279992" uid="1461457" user="aurora-polar"/>
  <node id="12568318945" lat="55.8327322" lon="37.4570465" version="1" timestamp="2025-02-08T13:41:47Z" changeset="162279992" uid="1461457" user="aurora-polar"/>
  <node id="12568318946" lat="55.8329010" lon="37.4570760" version="1" timestamp="2025-02-08T13:41:47Z" changeset="162279992" uid="1461457" user="aurora-polar"/>
  <node id="12568318947" lat="55.8319427" lon="37.4567671" version="1" timestamp="2025-02-08T13:41:47Z" changeset="162279992" uid="1461457" user="aurora-polar"/>
  <node id="12568318948" lat="55.8318561" lon="37.4570242" version="1" timestamp="2025-02-08T13:41:47Z" changeset="162279992" uid="1461457" user="aurora-polar"/>
  <node id="12568318949" lat="55.8317501" lon="37.4568470" version="1" timestamp="2025-02-08T13:41:47Z" changeset="162279992" uid="1461457" user="aurora-polar"/>
  <node id="12568318950" lat="55.8317108" lon="37.4567323" version="1" timestamp="2025-02-08T13:41:47Z" changeset="162279992" uid="1461457" user="aurora-polar"/>
  <node id="12568318951" lat="55.8317044" lon="37.4568335" version="1" timestamp="2025-02-08T13:41:47Z" changeset="162279992" uid="1461457" user="aurora-polar"/>
  <node id="12568318952" lat="55.8318013" lon="37.4559254" version="1" timestamp="2025-02-08T13:41:47Z" changeset="162279992" uid="1461457" user="aurora-polar"/>
  <node id="12568318953" lat="55.8315738" lon="37.4558851" version="1" timestamp="2025-02-08T13:41:47Z" changeset="162279992" uid="1461457" user="aurora-polar"/>
  <node id="12568318954" lat="55.8315497" lon="37.4562016" version="1" timestamp="2025-02-08T13:41:47Z" changeset="162279992" uid="1461457" user="aurora-polar"/>
  <node id="12568318955" lat="55.8317817" lon="37.4562499" version="1" timestamp="2025-02-08T13:41:47Z" changeset="162279992" uid="1461457" user="aurora-polar"/>
  <node id="12568393224" lat="55.8344377" lon="37.4569148" version="1" timestamp="2025-02-08T15:06:28Z" changeset="162283068" uid="1461457" user="aurora-polar"/>
  <node id="12568393225" lat="55.8344670" lon="37.4564556" version="1" timestamp="2025-02-08T15:06:28Z" changeset="162283068" uid="1461457" user="aurora-polar"/>
  <node id="12568393226" lat="55.8338941" lon="37.4563356" version="1" timestamp="2025-02-08T15:06:28Z" changeset="162283068" uid="1461457" user="aurora-polar"/>
  <node id="12568393227" lat="55.8338868" lon="37.4564582" version="1" timestamp="2025-02-08T15:06:28Z" changeset="162283068" uid="1461457" user="aurora-polar"/>
  <node id="12568393228" lat="55.8337872" lon="37.4564399" version="1" timestamp="2025-02-08T15:06:28Z" changeset="162283068" uid="1461457" user="aurora-polar"/>
  <node id="12568393229" lat="55.8337359" lon="37.4565026" version="1" timestamp="2025-02-08T15:06:28Z" changeset="162283068" uid="1461457" user="aurora-polar"/>
  <node id="12568393230" lat="55.8337286" lon="37.4566226" version="1" timestamp="2025-02-08T15:06:28Z" changeset="162283068" uid="1461457" user="aurora-polar"/>
  <node id="12568393231" lat="55.8338692" lon="37.4566356" version="1" timestamp="2025-02-08T15:06:28Z" changeset="162283068" uid="1461457" user="aurora-polar"/>
  <node id="12568393232" lat="55.8338604" lon="37.4568287" version="1" timestamp="2025-02-08T15:06:28Z" changeset="162283068" uid="1461457" user="aurora-polar"/>
  <node id="12568393233" lat="55.8339058" lon="37.4568234" version="1" timestamp="2025-02-08T15:06:28Z" changeset="162283068" uid="1461457" user="aurora-polar"/>
  <node id="12568393234" lat="55.8329010" lon="37.4571265" version="1" timestamp="2025-02-08T15:06:28Z" changeset="162283068" uid="1461457" user="aurora-polar"/>
  <node id="12568393235" lat="55.8326747" lon="37.4570889" version="1" timestamp="2025-02-08T15:06:28Z" changeset="162283068" uid="1461457" user="aurora-polar"/>
  <node id="12568393236" lat="55.8325643" lon="37.4572770" version="1" timestamp="2025-02-08T15:06:28Z" changeset="162283068" uid="1461457" user="aurora-polar"/>
  <node id="12568393240" lat="55.8325333" lon="37.4571997" version="1" timestamp="2025-02-08T15:06:28Z" changeset="162283068" uid="1461457" user="aurora-polar"/>
  <node id="12568393254" lat="55.8324146" lon="37.4580163" version="1" timestamp="2025-02-08T15:06:28Z" changeset="162283068" uid="1461457" user="aurora-polar"/>
  <node id="12568393255" lat="55.8323663" lon="37.4579041" version="1" timestamp="2025-02-08T15:06:28Z" changeset="162283068" uid="1461457" user="aurora-polar"/>
  <node id="12568393256" lat="55.8323179" lon="37.4578754" version="1" timestamp="2025-02-08T15:06:28Z" changeset="162283068" uid="1461457" user="aurora-polar"/>
  <node id="12568393257" lat="55.8322696" lon="37.4578780" version="1" timestamp="2025-02-08T15:06:28Z" changeset="162283068" uid="1461457" user="aurora-polar"/>
  <node id="12568393258" lat="55.8322374" lon="37.4579250" version="1" timestamp="2025-02-08T15:06:28Z" changeset="162283068" uid="1461457" user="aurora-polar"/>
  <node id="12568393264" lat="55.8318608" lon="37.4570719" version="1" timestamp="2025-02-08T15:06:28Z" changeset="162283068" uid="1461457" user="aurora-polar"/>
  <node id="12568393266" lat="55.8318344" lon="37.4570641" version="1" timestamp="2025-02-08T15:06:28Z" changeset="162283068" uid="1461457" user="aurora-polar"/>
  <node id="12568393267" lat="55.8317363" lon="37.4568867" version="1" timestamp="2025-02-08T15:06:28Z" changeset="162283068" uid="1461457" user="aurora-polar"/>
  <node id="12568393268" lat="55.8315018" lon="37.4568371" version="1" timestamp="2025-02-08T15:06:28Z" changeset="162283068" uid="1461457" user="aurora-polar"/>
  <node id="12568393269" lat="55.8314139" lon="37.4580581" version="1" timestamp="2025-02-08T15:06:28Z" changeset="162283068" uid="1461457" user="aurora-polar"/>
  <node id="12568393270" lat="55.8314945" lon="37.4580763" version="1" timestamp="2025-02-08T15:06:28Z" changeset="162283068" uid="1461457" user="aurora-polar"/>
  <node id="12568393277" lat="55.8312704" lon="37.4542923" version="1" timestamp="2025-02-08T15:06:28Z" changeset="162283068" uid="1461457" user="aurora-polar"/>
  <node id="12568393278" lat="55.8311444" lon="37.4542714" version="1" timestamp="2025-02-08T15:06:28Z" changeset="162283068" uid="1461457" user="aurora-polar"/>
  <node id="12568393279" lat="55.8311312" lon="37.4544279" version="1" timestamp="2025-02-08T15:06:28Z" changeset="162283068" uid="1461457" user="aurora-polar"/>
  <node id="12568393283" lat="55.8311840" lon="37.4547384" version="1" timestamp="2025-02-08T15:06:28Z" changeset="162283068" uid="1461457" user="aurora-polar"/>
  <node id="12748661629" lat="55.8328404" lon="37.4542423" version="1" timestamp="2025-04-11T19:03:23Z" changeset="164830201" uid="1461457" user="aurora-polar"/>
  <node id="12748661634" lat="55.8320231" lon="37.4541361" version="1" timestamp="2025-04-11T19:03:23Z" changeset="164830201" uid="1461457" user="aurora-polar"/>
  <node id="12748661635" lat="55.8320100" lon="37.4541830" version="1" timestamp="2025-04-11T19:03:23Z" changeset="164830201" uid="1461457" user="aurora-polar"/>
  <node id="12748661636" lat="55.8320053" lon="37.4542416" version="1" timestamp="2025-04-11T19:03:23Z" changeset="164830201" uid="1461457" user="aurora-polar"/>
  <node id="12748661637" lat="55.8319337" lon="37.4553443" version="1" timestamp="2025-04-11T19:03:23Z" changeset="164830201" uid="1461457" user="aurora-polar"/>
  <node id="12748661642" lat="55.8322608" lon="37.4541445" version="1" timestamp="2025-04-11T19:03:23Z" changeset="164830201" uid="1461457" user="aurora-polar"/>
  <node id="12748661646" lat="55.8325048" lon="37.4541954" version="1" timestamp="2025-04-11T19:03:23Z" changeset="164830201" uid="1461457" user="aurora-polar"/>
  <node id="12748661690" lat="55.8313974" lon="37.4579682" version="1" timestamp="2025-04-11T19:03:23Z" changeset="164830201" uid="1461457" user="aurora-polar"/>
  <node id="12748661691" lat="55.8315420" lon="37.4558788" version="1" timestamp="2025-04-11T19:03:23Z" changeset="164830201" uid="1461457" user="aurora-polar"/>
  <node id="12748661699" lat="55.8311745" lon="37.4564045" version="1" timestamp="2025-04-11T19:03:23Z" changeset="164830201" uid="1461457" user="aurora-polar"/>
  <node id="12748666502" lat="55.8311443" lon="37.4569570" version="1" timestamp="2025-04-11T19:03:23Z" changeset="164830201" uid="1461457" user="aurora-polar"/>
  <node id="12748666503" lat="55.8311383" lon="37.4570214" version="1" timestamp="2025-04-11T19:03:23Z" changeset="164830201" uid="1461457" user="aurora-polar"/>
  <node id="12748666508" lat="55.8311052" lon="37.4574827" version="1" timestamp="2025-04-11T19:03:23Z" changeset="164830201" uid="1461457" user="aurora-polar"/>
  <node id="13201498585" lat="55.8327794" lon="37.4562015" version="1" timestamp="2025-10-07T20:33:07Z" changeset="172976957" uid="23136526" user="Osmcher"/>
  <node id="13201498586" lat="55.8327918" lon="37.4563982" version="1" timestamp="2025-10-07T20:33:07Z" changeset="172976957" uid="23136526" user="Osmcher"/>
  <node id="13201498587" lat="55.8328032" lon="37.4564172" version="1" timestamp="2025-10-07T20:33:07Z" changeset="172976957" uid="23136526" user="Osmcher"/>
  <node id="13201498588" lat="55.8329423" lon="37.4561916" version="1" timestamp="2025-10-07T20:33:07Z" changeset="172976957" uid="23136526" user="Osmcher"/>
  <node id="13201498589" lat="55.8328116" lon="37.4561675" version="1" timestamp="2025-10-07T20:33:07Z" changeset="172976957" uid="23136526" user="Osmcher"/>
  <node id="13201498590" lat="55.8328224" lon="37.4562229" version="1" timestamp="2025-10-07T20:33:07Z" changeset="172976957" uid="23136526" user="Osmcher"/>
  <node id="13201498591" lat="55.8328505" lon="37.4563356" version="1" timestamp="2025-10-07T20:33:07Z" changeset="172976957" uid="23136526" user="Osmcher"/>
  <node id="13201498592" lat="55.8328691" lon="37.4564217" version="1" timestamp="2025-10-07T20:33:07Z" changeset="172976957" uid="23136526" user="Osmcher"/>
  <node id="13201498593" lat="55.8328819" lon="37.4564361" version="1" timestamp="2025-10-07T20:33:07Z" changeset="172976957" uid="23136526" user="Osmcher"/>
  <node id="13201498594" lat="55.8329020" lon="37.4564356" version="1" timestamp="2025-10-07T20:33:07Z" changeset="172976957" uid="23136526" user="Osmcher"/>
  <node id="13201498595" lat="55.8329145" lon="37.4564260" version="1" timestamp="2025-10-07T20:33:07Z" changeset="172976957" uid="23136526" user="Osmcher"/>
  <node id="13201498596" lat="55.8329226" lon="37.4563957" version="1" timestamp="2025-10-07T20:33:07Z" changeset="172976957" uid="23136526" user="Osmcher"/>
  <node id="13201498597" lat="55.8329388" lon="37.4562658" version="1" timestamp="2025-10-07T20:33:07Z" changeset="172976957" uid="23136526" user="Osmcher"/>
  <node id="13680197930" lat="55.8318432" lon="37.4557141" version="1" timestamp="2026-03-25T20:07:25Z" changeset="180425665" uid="1461457" user="aurora-polar"/>
  <way id="11326834" version="46" timestamp="2024-08-19T19:12:20Z" changeset="155477192" uid="1461457" user="aurora-polar">
    <nd ref="100741619"/>
    <nd ref="9883852510"/>
    <nd ref="9883852509"/>
    <nd ref="2429250600"/>
    <nd ref="9883852508"/>
    <nd ref="9883852507"/>
    <nd ref="100778453"/>
    <nd ref="2665850207"/>
    <nd ref="100778462"/>
    <nd ref="4813342514"/>
    <nd ref="100778494"/>
    <nd ref="100778499"/>
    <nd ref="2665850205"/>
    <nd ref="100778503"/>
    <nd ref="100778509"/>
    <nd ref="4813342510"/>
    <nd ref="100778511"/>
    <nd ref="100778521"/>
    <nd ref="100778517"/>
    <nd ref="2131237736"/>
    <nd ref="100778514"/>
    <nd ref="100778490"/>
    <nd ref="100778485"/>
    <nd ref="100778477"/>
    <nd ref="4807432222"/>
    <nd ref="9883852512"/>
    <nd ref="100778466"/>
    <nd ref="9883852513"/>
    <nd ref="9883852514"/>
    <nd ref="2140237427"/>
    <nd ref="100741619"/>
    <tag k="name" v="Сходненский деривационный канал"/>
    <tag k="name:en" v="Skhodnenskiy Derivatsionniy Canal"/>
    <tag k="natural" v="water"/>
  </way>
  <way id="23397206" version="66" timestamp="2026-04-09T10:09:43Z" changeset="181088731" uid="363136" user="neo-plan">
    <nd ref="253316696"/>
    <nd ref="3143422265"/>
    <nd ref="4813325694"/>
    <nd ref="9242593959"/>
    <nd ref="2922653390"/>
    <nd ref="10939576198"/>
    <nd ref="2922653392"/>
    <nd ref="2922653394"/>
    <nd ref="9242593992"/>
    <nd ref="336207175"/>
    <nd ref="2922653400"/>
    <nd ref="2922653401"/>
    <nd ref="2922653405"/>
    <nd ref="1852004379"/>
    <nd ref="5256743064"/>
    <tag k="agricultural" v="destination"/>
    <tag k="foot" v="no"/>
    <tag k="hgv:conditional" v="destination @ (weight&gt;2.5)"/>
    <tag k="highway" v="residential"/>
    <tag k="lanes" v="2"/>
    <tag k="lit" v="yes"/>
    <tag k="maxspeed" v="40"/>
    <tag k="name" v="Малая Набережная улица"/>
    <tag k="name:en" v="Malaya Naberezhnaya Street"/>
    <tag k="name:uk" v="Мала Набережна вулиця"/>
    <tag k="smoothness" v="good"/>
    <tag k="surface" v="asphalt"/>
  </way>
  <way id="30471839" version="48" timestamp="2023-09-17T00:03:52Z" changeset="141362337" uid="461130" user="Fizzie-DWG">
    <nd ref="2922653391"/>
    <nd ref="2922653334"/>
    <nd ref="10181279979"/>
    <nd ref="2922653313"/>
    <nd ref="336207232"/>
    <tag k="agricultural" v="destination"/>
    <tag k="hgv:conditional" v="destination @ (weight&gt;2.5)"/>
    <tag k="highway" v="residential"/>
    <tag k="lanes" v="1"/>
    <tag k="maxspeed" v="RU:urban"/>
    <tag k="name" v="Подмосковная улица"/>
    <tag k="name:uk" v="Підмосковна вулиця"/>
    <tag k="oneway" v="yes"/>
    <tag k="postal_code" v="125362"/>
    <tag k="surface" v="asphalt"/>
    <tag k="wikidata" v="Q4367894"/>
    <tag k="wikipedia" v="ru:Подмосковная улица (Москва)"/>
  </way>
  <way id="30471840" version="7" timestamp="2023-05-30T10:29:54Z" changeset="136738360" uid="12176526" user="somix">
    <nd ref="336207233"/>
    <nd ref="2922653129"/>
    <nd ref="2922653128"/>
    <nd ref="9242593937"/>
    <nd ref="2922653124"/>
    <nd ref="336207254"/>
    <nd ref="2922653121"/>
    <nd ref="2922653119"/>
    <nd ref="10939598728"/>
    <nd ref="2922652796"/>
    <nd ref="2922652786"/>
    <tag k="highway" v="service"/>
    <tag k="living_street" v="yes"/>
  </way>
  <way id="30471845" version="43" timestamp="2023-09-17T00:03:52Z" changeset="141362337" uid="461130" user="Fizzie-DWG">
    <nd ref="336207271"/>
    <nd ref="2922652745"/>
    <tag k="agricultural" v="destination"/>
    <tag k="hgv:conditional" v="destination @ (weight&gt;2.5)"/>
    <tag k="highway" v="residential"/>
    <tag k="junction" v="roundabout"/>
    <tag k="lanes" v="2"/>
    <tag k="maxspeed" v="RU:urban"/>
    <tag k="name" v="Подмосковная улица"/>
    <tag k="name:uk" v="Підмосковна вулиця"/>
    <tag k="oneway" v="yes"/>
    <tag k="surface" v="asphalt"/>
    <tag k="wikidata" v="Q4367894"/>
    <tag k="wikipedia" v="ru:Подмосковная улица (Москва)"/>
  </way>
  <way id="30471846" version="43" timestamp="2023-09-17T00:03:52Z" changeset="141362337" uid="461130" user="Fizzie-DWG">
    <nd ref="693335779"/>
    <nd ref="336207277"/>
    <tag k="agricultural" v="destination"/>
    <tag k="hgv:conditional" v="destination @ (weight&gt;2.5)"/>
    <tag k="highway" v="residential"/>
    <tag k="junction" v="roundabout"/>
    <tag k="lanes" v="2"/>
    <tag k="maxspeed" v="RU:urban"/>
    <tag k="name" v="Подмосковная улица"/>
    <tag k="name:uk" v="Підмосковна вулиця"/>
    <tag k="oneway" v="yes"/>
    <tag k="surface" v="asphalt"/>
    <tag k="wikidata" v="Q4367894"/>
    <tag k="wikipedia" v="ru:Подмосковная улица (Москва)"/>
  </way>
  <way id="36953180" version="11" timestamp="2025-03-31T20:25:06Z" changeset="164347916" uid="830106" user="literan">
    <nd ref="429681724"/>
    <nd ref="429681721"/>
    <nd ref="11581994067"/>
    <nd ref="11581994068"/>
    <nd ref="694099870"/>
    <nd ref="2922652740"/>
    <nd ref="2922652737"/>
    <nd ref="11582050969"/>
    <nd ref="694099869"/>
    <nd ref="694099868"/>
    <nd ref="429681728"/>
    <nd ref="694099866"/>
    <nd ref="429681726"/>
    <nd ref="429681724"/>
    <tag k="addr:city" v="Москва"/>
    <tag k="addr:country" v="RU"/>
    <tag k="addr:housenumber" v="16"/>
    <tag k="addr:street" v="улица Свободы"/>
    <tag k="building" v="apartments"/>
    <tag k="building:architecture" v="stalinist_neoclassicism"/>
    <tag k="building:colour" v="yellow;brown;white"/>
    <tag k="building:flats" v="54"/>
    <tag k="building:levels" v="5"/>
    <tag k="building:material" v="plaster"/>
    <tag k="roof:angle" v="30"/>
    <tag k="roof:colour" v="grey"/>
    <tag k="roof:material" v="metal"/>
    <tag k="roof:shape" v="hipped"/>
  </way>
  <way id="36953182" version="6" timestamp="2024-02-03T15:27:32Z" changeset="147024168" uid="599809" user="ig4map">
    <nd ref="2922652758"/>
    <nd ref="429681757"/>
    <nd ref="429681759"/>
    <nd ref="11582033509"/>
    <nd ref="694098951"/>
    <nd ref="694098952"/>
    <nd ref="11582033514"/>
    <nd ref="2922652763"/>
  </way>
  <way id="36953187" version="8" timestamp="2025-03-31T20:25:06Z" changeset="164347916" uid="830106" user="literan">
    <nd ref="429681804"/>
    <nd ref="2922652065"/>
    <nd ref="429681808"/>
    <nd ref="2922652077"/>
    <nd ref="11582054307"/>
    <nd ref="2922652082"/>
    <nd ref="2922652080"/>
    <nd ref="2922652098"/>
    <nd ref="2922652099"/>
    <nd ref="11582054308"/>
    <nd ref="2922652809"/>
    <nd ref="2922652805"/>
    <nd ref="429681806"/>
    <nd ref="429681802"/>
    <nd ref="429681804"/>
    <tag k="addr:city" v="Москва"/>
    <tag k="addr:country" v="RU"/>
    <tag k="addr:housenumber" v="17"/>
    <tag k="addr:street" v="Большая Набережная улица"/>
    <tag k="building" v="apartments"/>
    <tag k="building:architecture" v="stalinist_neoclassicism"/>
    <tag k="building:levels" v="5"/>
    <tag k="building:material" v="brick"/>
  </way>
  <way id="36953189" version="11" timestamp="2025-03-31T20:25:06Z" changeset="164347916" uid="830106" user="literan">
    <nd ref="429681817"/>
    <nd ref="429681818"/>
    <nd ref="11582033523"/>
    <nd ref="11582033522"/>
    <nd ref="429681819"/>
    <nd ref="429681816"/>
    <nd ref="429681817"/>
    <tag k="addr:city" v="Москва"/>
    <tag k="addr:country" v="RU"/>
    <tag k="addr:housenumber" v="10"/>
    <tag k="addr:street" v="Подмосковная улица"/>
    <tag k="building" v="apartments"/>
    <tag k="building:architecture" v="stalinist_neoclassicism"/>
    <tag k="building:colour" v="yellow;brown"/>
    <tag k="building:flats" v="18"/>
    <tag k="building:levels" v="3"/>
    <tag k="building:material" v="plaster"/>
    <tag k="roof:angle" v="30"/>
    <tag k="roof:colour" v="grey"/>
    <tag k="roof:material" v="metal"/>
    <tag k="roof:shape" v="hipped"/>
  </way>
  <way id="36953190" version="10" timestamp="2025-03-31T20:25:06Z" changeset="164347916" uid="830106" user="literan">
    <nd ref="429681827"/>
    <nd ref="429681825"/>
    <nd ref="11582050972"/>
    <nd ref="429681823"/>
    <nd ref="11582050971"/>
    <nd ref="11582050970"/>
    <nd ref="429681821"/>
    <nd ref="429681831"/>
    <nd ref="429681829"/>
    <nd ref="429681827"/>
    <tag k="addr:city" v="Москва"/>
    <tag k="addr:country" v="RU"/>
    <tag k="addr:housenumber" v="5"/>
    <tag k="addr:street" v="Подмосковная улица"/>
    <tag k="building" v="apartments"/>
    <tag k="building:architecture" v="stalinist_neoclassicism"/>
    <tag k="building:colour" v="beige;brown"/>
    <tag k="building:levels" v="5"/>
    <tag k="building:material" v="plaster"/>
    <tag k="roof:angle" v="30"/>
    <tag k="roof:colour" v="grey"/>
    <tag k="roof:material" v="metal"/>
    <tag k="roof:shape" v="hipped"/>
  </way>
  <way id="36953197" version="13" timestamp="2025-03-31T20:25:06Z" changeset="164347916" uid="830106" user="literan">
    <nd ref="429681985"/>
    <nd ref="429681979"/>
    <nd ref="429681981"/>
    <nd ref="429681983"/>
    <nd ref="693335800"/>
    <nd ref="693335798"/>
    <nd ref="693335797"/>
    <nd ref="11582013278"/>
    <nd ref="693335795"/>
    <nd ref="11582013279"/>
    <nd ref="11582013281"/>
    <nd ref="11582013280"/>
    <nd ref="429681985"/>
    <tag k="addr:city" v="Москва"/>
    <tag k="addr:country" v="RU"/>
    <tag k="addr:housenumber" v="20"/>
    <tag k="addr:street" v="улица Свободы"/>
    <tag k="building" v="apartments"/>
    <tag k="building:architecture" v="stalinist_neoclassicism"/>
    <tag k="building:colour" v="beige;white"/>
    <tag k="building:flats" v="70"/>
    <tag k="building:levels" v="5"/>
    <tag k="building:material" v="plaster"/>
    <tag k="roof:angle" v="30"/>
    <tag k="roof:colour" v="grey"/>
    <tag k="roof:levels" v="5"/>
    <tag k="roof:material" v="metal"/>
    <tag k="roof:shape" v="hipped"/>
  </way>
  <way id="36953198" version="11" timestamp="2025-03-31T20:25:06Z" changeset="164347916" uid="830106" user="literan">
    <nd ref="429681992"/>
    <nd ref="429681987"/>
    <nd ref="693335819"/>
    <nd ref="693335821"/>
    <nd ref="693335822"/>
    <nd ref="11582013282"/>
    <nd ref="693335823"/>
    <nd ref="11582013283"/>
    <nd ref="11582013285"/>
    <nd ref="11582013284"/>
    <nd ref="429681989"/>
    <nd ref="429681991"/>
    <nd ref="429681992"/>
    <tag k="addr:city" v="Москва"/>
    <tag k="addr:country" v="RU"/>
    <tag k="addr:housenumber" v="7"/>
    <tag k="addr:street" v="Подмосковная улица"/>
    <tag k="building" v="apartments"/>
    <tag k="building:architecture" v="stalinist_neoclassicism"/>
    <tag k="building:colour" v="beige;grey"/>
    <tag k="building:flats" v="70"/>
    <tag k="building:levels" v="5"/>
    <tag k="building:material" v="brick"/>
    <tag k="roof:angle" v="30"/>
    <tag k="roof:colour" v="grey"/>
    <tag k="roof:material" v="metal"/>
    <tag k="roof:shape" v="hipped"/>
  </way>
  <way id="36953199" version="8" timestamp="2024-02-03T15:14:17Z" changeset="147023614" uid="599809" user="ig4map">
    <nd ref="429681995"/>
    <nd ref="429681994"/>
    <nd ref="429681993"/>
    <nd ref="429681996"/>
    <nd ref="11582013270"/>
    <nd ref="429681995"/>
    <tag k="addr:city" v="Москва"/>
    <tag k="addr:country" v="RU"/>
    <tag k="addr:housenumber" v="3 с1"/>
    <tag k="addr:street" v="Малая Набережная улица"/>
    <tag k="building" v="apartments"/>
    <tag k="building:flats" v="98"/>
    <tag k="building:levels" v="14"/>
    <tag k="design:ref" v="И-209"/>
    <tag k="roof:shape" v="flat"/>
    <tag k="start_date" v="1970"/>
  </way>
  <way id="36953200" version="9" timestamp="2024-02-03T15:14:17Z" changeset="147023614" uid="599809" user="ig4map">
    <nd ref="429682004"/>
    <nd ref="429681998"/>
    <nd ref="429682002"/>
    <nd ref="429682000"/>
    <nd ref="11582013269"/>
    <nd ref="429682004"/>
    <tag k="addr:city" v="Москва"/>
    <tag k="addr:country" v="RU"/>
    <tag k="addr:housenumber" v="5 с1"/>
    <tag k="addr:street" v="Малая Набережная улица"/>
    <tag k="building" v="apartments"/>
    <tag k="building:colour" v="grey;brown"/>
    <tag k="building:flats" v="112"/>
    <tag k="building:levels" v="14"/>
    <tag k="design:ref" v="И-209"/>
    <tag k="roof:shape" v="flat"/>
    <tag k="start_date" v="1970"/>
  </way>
  <way id="36953201" version="10" timestamp="2024-02-03T15:14:17Z" changeset="147023614" uid="599809" user="ig4map">
    <nd ref="429682010"/>
    <nd ref="429682008"/>
    <nd ref="429682006"/>
    <nd ref="429682012"/>
    <nd ref="11581981768"/>
    <nd ref="429682010"/>
    <tag k="addr:city" v="Москва"/>
    <tag k="addr:country" v="RU"/>
    <tag k="addr:housenumber" v="7 к1"/>
    <tag k="addr:street" v="Малая Набережная улица"/>
    <tag k="building" v="apartments"/>
    <tag k="building:colour" v="grey;brown"/>
    <tag k="building:flats" v="98"/>
    <tag k="building:levels" v="14"/>
    <tag k="design:ref" v="И-209"/>
    <tag k="roof:shape" v="flat"/>
    <tag k="start_date" v="1969"/>
  </way>
  <way id="36953202" version="10" timestamp="2025-03-31T20:25:06Z" changeset="164347916" uid="830106" user="literan">
    <nd ref="429682014"/>
    <nd ref="429682032"/>
    <nd ref="429682030"/>
    <nd ref="429682029"/>
    <nd ref="10939626307"/>
    <nd ref="10939626308"/>
    <nd ref="429682027"/>
    <nd ref="10939626309"/>
    <nd ref="10939626310"/>
    <nd ref="429682025"/>
    <nd ref="429682023"/>
    <nd ref="429682020"/>
    <nd ref="429682018"/>
    <nd ref="429682016"/>
    <nd ref="429682014"/>
    <tag k="addr:city" v="Москва"/>
    <tag k="addr:country" v="RU"/>
    <tag k="addr:housenumber" v="14"/>
    <tag k="addr:street" v="Подмосковная улица"/>
    <tag k="building" v="apartments"/>
    <tag k="building:architecture" v="stalinist_neoclassicism"/>
    <tag k="building:colour" v="beige;brown"/>
    <tag k="building:flats" v="70"/>
    <tag k="building:levels" v="5"/>
    <tag k="design:ref" v="1-410"/>
    <tag k="start_date" v="1954"/>
  </way>
  <way id="36953203" version="16" timestamp="2025-03-31T20:25:06Z" changeset="164347916" uid="830106" user="literan">
    <nd ref="429682036"/>
    <nd ref="429682040"/>
    <nd ref="429682034"/>
    <nd ref="429682038"/>
    <nd ref="693335757"/>
    <nd ref="693335759"/>
    <nd ref="445361536"/>
    <nd ref="11581981767"/>
    <nd ref="693335763"/>
    <nd ref="11581981764"/>
    <nd ref="11581981766"/>
    <nd ref="11581981765"/>
    <nd ref="429682036"/>
    <tag k="addr:city" v="Москва"/>
    <tag k="addr:country" v="RU"/>
    <tag k="addr:housenumber" v="24/9"/>
    <tag k="addr:postcode" v="125362"/>
    <tag k="addr:street" v="улица Свободы"/>
    <tag k="building" v="apartments"/>
    <tag k="building:architecture" v="stalinist_neoclassicism"/>
    <tag k="building:colour" v="beige;grey"/>
    <tag k="building:flats" v="73"/>
    <tag k="building:levels" v="5"/>
    <tag k="building:material" v="plaster"/>
    <tag k="roof:angle" v="30"/>
    <tag k="roof:colour" v="grey"/>
    <tag k="roof:material" v="metal"/>
    <tag k="roof:shape" v="hipped"/>
  </way>
  <way id="36953209" version="11" timestamp="2025-03-31T20:25:06Z" changeset="164347916" uid="830106" user="literan">
    <nd ref="429682094"/>
    <nd ref="429682096"/>
    <nd ref="11582054299"/>
    <nd ref="429682095"/>
    <nd ref="2922652819"/>
    <nd ref="11582054298"/>
    <nd ref="2922652824"/>
    <nd ref="11582054300"/>
    <nd ref="429682099"/>
    <nd ref="429682098"/>
    <nd ref="429682097"/>
    <nd ref="429682094"/>
    <tag k="addr:city" v="Москва"/>
    <tag k="addr:country" v="RU"/>
    <tag k="addr:housenumber" v="6"/>
    <tag k="addr:street" v="Подмосковная улица"/>
    <tag k="building" v="apartments"/>
    <tag k="building:architecture" v="stalinist_neoclassicism"/>
    <tag k="building:colour" v="beige;brown"/>
    <tag k="building:flats" v="27"/>
    <tag k="building:levels" v="3"/>
    <tag k="building:material" v="plaster"/>
    <tag k="roof:angle" v="30"/>
    <tag k="roof:colour" v="grey"/>
    <tag k="roof:material" v="metal"/>
    <tag k="roof:shape" v="hipped"/>
  </way>
  <way id="36953243" version="9" timestamp="2025-03-31T20:25:06Z" changeset="164347916" uid="830106" user="literan">
    <nd ref="429682296"/>
    <nd ref="429682307"/>
    <nd ref="10939576202"/>
    <nd ref="429682306"/>
    <nd ref="429682305"/>
    <nd ref="10939626312"/>
    <nd ref="10939626313"/>
    <nd ref="10939626314"/>
    <nd ref="429682304"/>
    <nd ref="429682303"/>
    <nd ref="10939626315"/>
    <nd ref="429682302"/>
    <nd ref="429682301"/>
    <nd ref="429682300"/>
    <nd ref="429682299"/>
    <nd ref="9242593938"/>
    <nd ref="429682298"/>
    <nd ref="429682297"/>
    <nd ref="429682296"/>
    <tag k="addr:city" v="Москва"/>
    <tag k="addr:country" v="RU"/>
    <tag k="addr:housenumber" v="14А"/>
    <tag k="addr:street" v="Подмосковная улица"/>
    <tag k="building" v="apartments"/>
    <tag k="building:architecture" v="stalinist_neoclassicism"/>
    <tag k="building:levels" v="3"/>
  </way>
  <way id="36953244" version="11" timestamp="2025-03-31T20:25:06Z" changeset="164347916" uid="830106" user="literan">
    <nd ref="429682308"/>
    <nd ref="429682313"/>
    <nd ref="429682312"/>
    <nd ref="11582033517"/>
    <nd ref="429682311"/>
    <nd ref="11582033516"/>
    <nd ref="2922653102"/>
    <nd ref="2922653103"/>
    <nd ref="429682310"/>
    <nd ref="429682309"/>
    <nd ref="2922653106"/>
    <nd ref="2922653107"/>
    <nd ref="429682308"/>
    <tag k="addr:city" v="Москва"/>
    <tag k="addr:country" v="RU"/>
    <tag k="addr:housenumber" v="12"/>
    <tag k="addr:street" v="Подмосковная улица"/>
    <tag k="building" v="apartments"/>
    <tag k="building:architecture" v="stalinist_neoclassicism"/>
    <tag k="building:colour" v="yellow;brown"/>
    <tag k="building:flats" v="18"/>
    <tag k="building:levels" v="3"/>
    <tag k="building:material" v="plaster"/>
    <tag k="roof:angle" v="30"/>
    <tag k="roof:colour" v="grey"/>
    <tag k="roof:material" v="metal"/>
    <tag k="roof:shape" v="hipped"/>
  </way>
  <way id="37932826" version="14" timestamp="2024-06-18T08:57:17Z" changeset="152837621" uid="12176526" user="somix">
    <nd ref="445361542"/>
    <nd ref="2922622245"/>
    <nd ref="11989774889"/>
    <nd ref="2922622244"/>
    <nd ref="5256743036"/>
    <nd ref="2922652566"/>
    <nd ref="2922652548"/>
    <nd ref="2922652550"/>
    <nd ref="445361545"/>
    <nd ref="2922652557"/>
    <nd ref="2922652560"/>
    <nd ref="4807432230"/>
    <nd ref="4807432229"/>
    <nd ref="2922653377"/>
    <nd ref="4813325690"/>
    <nd ref="445361551"/>
    <nd ref="445361552"/>
    <nd ref="2922653406"/>
    <nd ref="2922653404"/>
    <nd ref="2922653402"/>
    <nd ref="445361554"/>
    <nd ref="11989774904"/>
    <nd ref="2922653397"/>
    <nd ref="2922653395"/>
    <nd ref="2922653333"/>
    <nd ref="2922653332"/>
    <nd ref="2922652721"/>
    <nd ref="2922652719"/>
    <nd ref="2922652714"/>
    <nd ref="2922652711"/>
    <nd ref="2922652704"/>
    <nd ref="2922652701"/>
    <nd ref="2922622261"/>
    <nd ref="2922622259"/>
    <nd ref="2922622250"/>
    <nd ref="2922622248"/>
    <nd ref="445361542"/>
    <tag k="landuse" v="residential"/>
    <tag k="residential" v="urban"/>
  </way>
  <way id="55140912" version="7" timestamp="2026-03-25T19:50:08Z" changeset="180425072" uid="1461457" user="aurora-polar">
    <nd ref="693335773"/>
    <nd ref="693335774"/>
    <nd ref="693335775"/>
    <nd ref="693335772"/>
    <nd ref="693335773"/>
    <tag k="addr:city" v="Москва"/>
    <tag k="addr:country" v="RU"/>
    <tag k="addr:housenumber" v="7 с1"/>
    <tag k="addr:street" v="Малая Набережная улица"/>
    <tag k="building" v="service"/>
    <tag k="building:colour" v="white;beige"/>
    <tag k="building:levels" v="1"/>
    <tag k="building:material" v="brick"/>
    <tag k="location" v="indoor"/>
    <tag k="man_made" v="heat_exchange_station"/>
    <tag k="pipeline:heat_transfer" v="yes"/>
    <tag k="roof:colour" v="grey"/>
    <tag k="roof:material" v="metal"/>
    <tag k="roof:shape" v="flat"/>
    <tag k="substance" v="hot_water"/>
    <tag k="substation" v="distribution"/>
  </way>
  <way id="55140917" version="38" timestamp="2023-09-17T00:03:52Z" changeset="141362337" uid="461130" user="Fizzie-DWG">
    <nd ref="336207232"/>
    <nd ref="693335779"/>
    <tag k="agricultural" v="destination"/>
    <tag k="hgv:conditional" v="destination @ (weight&gt;2.5)"/>
    <tag k="highway" v="residential"/>
    <tag k="junction" v="roundabout"/>
    <tag k="lanes" v="1"/>
    <tag k="maxspeed" v="RU:urban"/>
    <tag k="name" v="Подмосковная улица"/>
    <tag k="name:uk" v="Підмосковна вулиця"/>
    <tag k="oneway" v="yes"/>
    <tag k="surface" v="asphalt"/>
    <tag k="wikidata" v="Q4367894"/>
    <tag k="wikipedia" v="ru:Подмосковная улица (Москва)"/>
  </way>
  <way id="55140924" version="6" timestamp="2023-06-07T09:49:11Z" changeset="137048797" uid="18826385" user="MarinaKuzko">
    <nd ref="693335788"/>
    <nd ref="693335787"/>
    <nd ref="693335785"/>
    <nd ref="693335790"/>
    <nd ref="693335788"/>
    <tag k="addr:city" v="Москва"/>
    <tag k="addr:country" v="RU"/>
    <tag k="addr:housenumber" v="18 с1"/>
    <tag k="addr:street" v="улица Свободы"/>
    <tag k="building" v="service"/>
    <tag k="building:colour" v="white;yellow;red"/>
    <tag k="building:levels" v="1"/>
    <tag k="building:material" v="concrete"/>
    <tag k="height" v="4"/>
    <tag k="roof:colour" v="grey"/>
    <tag k="roof:material" v="tar_paper"/>
    <tag k="roof:shape" v="flat"/>
  </way>
  <way id="55141134" version="6" timestamp="2023-06-07T10:02:57Z" changeset="137049274" uid="18826385" user="MarinaKuzko">
    <nd ref="693336340"/>
    <nd ref="693336343"/>
    <nd ref="693336336"/>
    <nd ref="693336338"/>
    <nd ref="693336340"/>
    <tag k="addr:city" v="Москва"/>
    <tag k="addr:country" v="RU"/>
    <tag k="addr:housenumber" v="22 c1"/>
    <tag k="addr:street" v="улица Свободы"/>
    <tag k="building" v="office"/>
    <tag k="building:colour" v="white;grey"/>
    <tag k="building:levels" v="4"/>
    <tag k="building:material" v="plaster"/>
    <tag k="roof:angle" v="30"/>
    <tag k="roof:colour" v="grey"/>
    <tag k="roof:material" v="metal"/>
    <tag k="roof:shape" v="hipped"/>
  </way>
  <way id="55215015" version="7" timestamp="2023-06-07T10:06:05Z" changeset="137049381" uid="18826385" user="MarinaKuzko">
    <nd ref="694089857"/>
    <nd ref="694089856"/>
    <nd ref="2922653301"/>
    <nd ref="2922652895"/>
    <nd ref="2922652897"/>
    <nd ref="2922653303"/>
    <nd ref="694089855"/>
    <nd ref="694089858"/>
    <nd ref="694089857"/>
    <tag k="addr:housenumber" v="22 к1"/>
    <tag k="addr:street" v="улица Свободы"/>
    <tag k="building" v="outbuilding"/>
    <tag k="building:colour" v="beige"/>
    <tag k="building:levels" v="1"/>
    <tag k="building:material" v="plaster"/>
    <tag k="roof:angle" v="30"/>
    <tag k="roof:colour" v="grey"/>
    <tag k="roof:material" v="metal"/>
    <tag k="roof:shape" v="gabled"/>
  </way>
  <way id="55215935" version="9" timestamp="2025-03-31T20:25:06Z" changeset="164347916" uid="830106" user="literan">
    <nd ref="694096991"/>
    <nd ref="694096969"/>
    <nd ref="11582033518"/>
    <nd ref="694096971"/>
    <nd ref="694096973"/>
    <nd ref="11582033521"/>
    <nd ref="11582033520"/>
    <nd ref="694096976"/>
    <nd ref="694096978"/>
    <nd ref="11582033519"/>
    <nd ref="694096980"/>
    <nd ref="694096982"/>
    <nd ref="694096983"/>
    <nd ref="694096986"/>
    <nd ref="694096989"/>
    <nd ref="694096990"/>
    <nd ref="694096991"/>
    <tag k="addr:city" v="Москва"/>
    <tag k="addr:country" v="RU"/>
    <tag k="addr:housenumber" v="12А"/>
    <tag k="addr:street" v="Подмосковная улица"/>
    <tag k="building" v="apartments"/>
    <tag k="building:architecture" v="stalinist_neoclassicism"/>
    <tag k="building:flats" v="36"/>
    <tag k="building:levels" v="3"/>
    <tag k="roof:shape" v="hipped"/>
  </way>
  <way id="55216055" version="10" timestamp="2025-03-31T20:25:06Z" changeset="164347916" uid="830106" user="literan">
    <nd ref="694098259"/>
    <nd ref="694098258"/>
    <nd ref="694098263"/>
    <nd ref="11582033525"/>
    <nd ref="694098262"/>
    <nd ref="11582033524"/>
    <nd ref="694098261"/>
    <nd ref="2922652754"/>
    <nd ref="2922652756"/>
    <nd ref="2922652757"/>
    <nd ref="694098260"/>
    <nd ref="2922652755"/>
    <nd ref="694098259"/>
    <tag k="addr:city" v="Москва"/>
    <tag k="addr:country" v="RU"/>
    <tag k="addr:housenumber" v="8"/>
    <tag k="addr:street" v="Подмосковная улица"/>
    <tag k="building" v="apartments"/>
    <tag k="building:architecture" v="stalinist_neoclassicism"/>
    <tag k="building:colour" v="yellow;white;brown"/>
    <tag k="building:flats" v="18"/>
    <tag k="building:levels" v="3"/>
    <tag k="building:material" v="plaster"/>
    <tag k="roof:angle" v="30"/>
    <tag k="roof:colour" v="grey"/>
    <tag k="roof:material" v="metal"/>
    <tag k="roof:shape" v="hipped"/>
  </way>
  <way id="55216062" version="2" timestamp="2014-06-18T22:13:09Z" changeset="23014270" uid="260756" user="Felis Pimeja">
    <nd ref="694098345"/>
    <nd ref="694098342"/>
    <nd ref="694098343"/>
    <nd ref="694098344"/>
    <nd ref="694098345"/>
    <tag k="leisure" v="pitch"/>
  </way>
  <way id="55216123" version="4" timestamp="2021-11-11T07:16:54Z" changeset="113638117" uid="11321493" user="Grass-snake">
    <nd ref="694099116"/>
    <nd ref="694099117"/>
    <nd ref="694099119"/>
    <nd ref="694099120"/>
    <nd ref="694099116"/>
    <tag k="addr:city" v="Москва"/>
    <tag k="addr:country" v="RU"/>
    <tag k="addr:housenumber" v="12А с2"/>
    <tag k="addr:street" v="Подмосковная улица"/>
    <tag k="building" v="service"/>
    <tag k="building:levels" v="1"/>
  </way>
  <way id="55216298" version="8" timestamp="2023-06-07T09:24:45Z" changeset="137047690" uid="18826385" user="MarinaKuzko">
    <nd ref="694100475"/>
    <nd ref="694100471"/>
    <nd ref="694100472"/>
    <nd ref="694100473"/>
    <nd ref="694100475"/>
    <tag k="addr:city" v="Москва"/>
    <tag k="addr:country" v="RU"/>
    <tag k="addr:housenumber" v="3 к1"/>
    <tag k="addr:street" v="Подмосковная улица"/>
    <tag k="building" v="kindergarten"/>
    <tag k="building:colour" v="beige;yellow"/>
    <tag k="building:levels" v="3"/>
    <tag k="design:ref" v="Д-4"/>
  </way>
  <way id="55216590" version="10" timestamp="2025-03-31T20:25:06Z" changeset="164347916" uid="830106" user="literan">
    <nd ref="694102732"/>
    <nd ref="694102729"/>
    <nd ref="11582054301"/>
    <nd ref="694102730"/>
    <nd ref="694102731"/>
    <nd ref="694102732"/>
    <tag k="addr:city" v="Москва"/>
    <tag k="addr:country" v="RU"/>
    <tag k="addr:housenumber" v="17Б"/>
    <tag k="addr:street" v="Большая Набережная улица"/>
    <tag k="building" v="apartments"/>
    <tag k="building:architecture" v="stalinist_neoclassicism"/>
    <tag k="building:colour" v="yellow;white"/>
    <tag k="building:flats" v="4"/>
    <tag k="building:levels" v="2"/>
    <tag k="building:material" v="plaster"/>
    <tag k="roof:angle" v="30"/>
    <tag k="roof:colour" v="grey"/>
    <tag k="roof:material" v="metal"/>
    <tag k="roof:shape" v="hipped"/>
  </way>
  <way id="55216591" version="10" timestamp="2025-03-31T20:25:06Z" changeset="164347916" uid="830106" user="literan">
    <nd ref="694102737"/>
    <nd ref="694102733"/>
    <nd ref="11582054305"/>
    <nd ref="694102735"/>
    <nd ref="694102736"/>
    <nd ref="694102737"/>
    <tag k="addr:city" v="Москва"/>
    <tag k="addr:country" v="RU"/>
    <tag k="addr:housenumber" v="17А"/>
    <tag k="addr:street" v="Большая Набережная улица"/>
    <tag k="building" v="apartments"/>
    <tag k="building:architecture" v="stalinist_neoclassicism"/>
    <tag k="building:colour" v="yellow;white"/>
    <tag k="building:flats" v="4"/>
    <tag k="building:levels" v="2"/>
    <tag k="building:material" v="plaster"/>
    <tag k="roof:angle" v="30"/>
    <tag k="roof:colour" v="grey"/>
    <tag k="roof:material" v="metal"/>
    <tag k="roof:shape" v="hipped"/>
  </way>
  <way id="55216679" version="5" timestamp="2024-02-03T15:27:32Z" changeset="147024168" uid="599809" user="ig4map">
    <nd ref="694103289"/>
    <nd ref="694103287"/>
    <nd ref="11582033528"/>
    <nd ref="11582033529"/>
    <nd ref="694103286"/>
    <nd ref="694103285"/>
  </way>
  <way id="86206570" version="6" timestamp="2026-03-25T20:01:25Z" changeset="180425445" uid="1461457" user="aurora-polar">
    <nd ref="1000709001"/>
    <nd ref="1000709002"/>
    <nd ref="1000709003"/>
    <nd ref="1000709000"/>
    <nd ref="1000709001"/>
    <tag k="addr:city" v="Москва"/>
    <tag k="addr:country" v="RU"/>
    <tag k="addr:housenumber" v="16 с5"/>
    <tag k="addr:street" v="улица Свободы"/>
    <tag k="building" v="service"/>
    <tag k="building:colour" v="white;blue"/>
    <tag k="building:levels" v="1"/>
    <tag k="building:material" v="concrete"/>
    <tag k="location" v="indoor"/>
    <tag k="power" v="substation"/>
    <tag k="ref" v="ТП-17156"/>
    <tag k="roof:angle" v="10"/>
    <tag k="roof:colour" v="grey"/>
    <tag k="roof:material" v="metal"/>
    <tag k="roof:shape" v="gabled"/>
    <tag k="substation" v="minor_distribution"/>
    <tag k="voltage" v="10000;400"/>
  </way>
  <way id="87000389" version="3" timestamp="2014-06-18T22:13:02Z" changeset="23014270" uid="260756" user="Felis Pimeja">
    <nd ref="1012174078"/>
    <nd ref="1012174075"/>
    <nd ref="1012174074"/>
    <nd ref="1012174079"/>
    <nd ref="1012174078"/>
    <tag k="addr:city" v="Москва"/>
    <tag k="addr:country" v="RU"/>
    <tag k="building" v="yes"/>
    <tag k="building:levels" v="1"/>
  </way>
  <way id="87000395" version="4" timestamp="2023-06-07T10:13:52Z" changeset="137049662" uid="18826385" user="MarinaKuzko">
    <nd ref="1012174084"/>
    <nd ref="1012174086"/>
    <nd ref="1012174087"/>
    <nd ref="1012174094"/>
    <nd ref="1012174097"/>
    <nd ref="1012174083"/>
    <nd ref="1012174084"/>
    <tag k="addr:city" v="Москва"/>
    <tag k="addr:country" v="RU"/>
    <tag k="addr:housenumber" v="22 с3"/>
    <tag k="addr:street" v="улица Свободы"/>
    <tag k="building" v="garage"/>
    <tag k="building:colour" v="white"/>
    <tag k="building:levels" v="1"/>
    <tag k="building:material" v="brick"/>
    <tag k="roof:colour" v="grey"/>
    <tag k="roof:material" v="metal"/>
    <tag k="roof:shape" v="flat"/>
  </way>
  <way id="102248547" version="4" timestamp="2021-12-08T00:09:19Z" changeset="114680759" uid="260756" user="Felis Pimeja">
    <nd ref="250301802"/>
    <nd ref="1160263870"/>
    <nd ref="1160262980"/>
    <nd ref="663120334"/>
    <nd ref="663120335"/>
    <nd ref="1160260518"/>
    <nd ref="663120336"/>
    <nd ref="663120337"/>
    <nd ref="663120338"/>
    <nd ref="663120339"/>
    <nd ref="663120340"/>
    <nd ref="663120341"/>
    <nd ref="663120342"/>
    <nd ref="663120343"/>
    <nd ref="663120344"/>
    <nd ref="663120345"/>
    <nd ref="663120346"/>
    <nd ref="1231058672"/>
    <nd ref="1231058715"/>
    <nd ref="1231058733"/>
    <nd ref="1231058703"/>
    <nd ref="266715123"/>
    <tag k="admin_level" v="8"/>
    <tag k="boundary" v="administrative"/>
  </way>
  <way id="128182017" version="39" timestamp="2024-08-03T19:32:06Z" changeset="154787266" uid="1461457" user="aurora-polar">
    <nd ref="1417040154"/>
    <nd ref="2429250600"/>
    <nd ref="1417040141"/>
    <nd ref="1417040129"/>
    <nd ref="1417040122"/>
    <nd ref="1417040126"/>
    <nd ref="1417040150"/>
    <nd ref="1417040148"/>
    <nd ref="2893352205"/>
    <nd ref="1417040146"/>
    <nd ref="1417040143"/>
    <tag k="boat" v="no"/>
    <tag k="name" v="Сходненский деривационный канал"/>
    <tag k="name:ca" v="canal de derivació"/>
    <tag k="name:en" v="Derivation Canal"/>
    <tag k="usage" v="transmission"/>
    <tag k="waterway" v="canal"/>
  </way>
  <way id="183430636" version="4" timestamp="2025-04-11T19:03:23Z" changeset="164830201" uid="1461457" user="aurora-polar">
    <nd ref="1938013525"/>
    <nd ref="12120879283"/>
    <nd ref="9949746843"/>
    <nd ref="12748661646"/>
    <nd ref="12748661642"/>
    <nd ref="9949746845"/>
    <nd ref="12120879281"/>
    <nd ref="12120879278"/>
    <nd ref="1938013520"/>
    <tag k="highway" v="service"/>
    <tag k="living_street" v="yes"/>
  </way>
  <way id="183431792" version="6" timestamp="2023-04-05T05:11:48Z" changeset="134521229" uid="18427029" user="goodyyyy">
    <nd ref="5256743062"/>
    <nd ref="1938026558"/>
    <nd ref="1938024429"/>
    <nd ref="1938024427"/>
    <tag k="highway" v="service"/>
    <tag k="living_street" v="yes"/>
    <tag k="surface" v="asphalt"/>
  </way>
  <way id="183431793" version="1" timestamp="2012-09-29T14:33:22Z" changeset="13296685" uid="206282" user="Amigo">
    <nd ref="429682040"/>
    <nd ref="1938024429"/>
    <nd ref="429681979"/>
    <tag k="barrier" v="fence"/>
  </way>
  <way id="203097915" version="15" timestamp="2024-10-12T19:56:49Z" changeset="157811254" uid="1461457" user="aurora-polar">
    <nd ref="2922653411"/>
    <nd ref="2130668201"/>
    <nd ref="2130668202"/>
    <nd ref="2130668208"/>
    <nd ref="2130668185"/>
    <nd ref="2130668184"/>
    <nd ref="2130668199"/>
    <nd ref="2130668186"/>
    <nd ref="2130668180"/>
    <nd ref="2130668194"/>
    <nd ref="2130668204"/>
    <nd ref="5256741716"/>
    <nd ref="2130668195"/>
    <nd ref="2130668189"/>
    <nd ref="2130668206"/>
    <nd ref="3872671904"/>
    <tag k="highway" v="footway"/>
    <tag k="lit" v="yes"/>
    <tag k="smoothness" v="good"/>
    <tag k="surface" v="paving_stones"/>
  </way>
  <way id="203099003" version="5" timestamp="2022-04-23T09:02:44Z" changeset="120081276" uid="371263" user="augxcgrwxo">
    <nd ref="2130668188"/>
    <nd ref="2130668192"/>
    <tag k="bridge" v="yes"/>
    <tag k="footway" v="sidewalk"/>
    <tag k="highway" v="footway"/>
    <tag k="layer" v="1"/>
    <tag k="lit" v="yes"/>
    <tag k="smoothness" v="good"/>
    <tag k="surface" v="asphalt"/>
  </way>
  <way id="203148969" version="11" timestamp="2020-10-30T23:14:22Z" changeset="93314082" uid="9133906" user="stargunru">
    <nd ref="8067022540"/>
    <nd ref="8067022539"/>
    <nd ref="3461519709"/>
    <nd ref="3461519708"/>
    <nd ref="3461519706"/>
    <nd ref="3494150720"/>
    <nd ref="3494150719"/>
    <nd ref="3494150718"/>
    <nd ref="2131235375"/>
    <nd ref="2131230008"/>
    <nd ref="2131230011"/>
    <nd ref="2131230001"/>
    <nd ref="3494150717"/>
    <nd ref="3494150716"/>
    <nd ref="4615366833"/>
    <nd ref="4615366832"/>
    <nd ref="4615366831"/>
    <nd ref="4615366830"/>
    <nd ref="4615366829"/>
    <nd ref="4615366828"/>
    <nd ref="3494150715"/>
    <nd ref="1258087775"/>
    <nd ref="1258087772"/>
    <nd ref="1202874851"/>
    <nd ref="1202874852"/>
    <nd ref="1213404272"/>
    <nd ref="1213404248"/>
    <nd ref="1203982196"/>
    <nd ref="1203982191"/>
    <nd ref="1222968862"/>
    <nd ref="1222968856"/>
    <nd ref="7693107308"/>
    <tag k="cables" v="6"/>
    <tag k="circuits" v="2"/>
    <tag k="frequency" v="50"/>
    <tag k="power" v="line"/>
    <tag k="voltage" v="35000"/>
    <tag k="wires" v="single"/>
  </way>
  <way id="220747230" version="48" timestamp="2025-02-08T15:06:28Z" changeset="162283068" uid="1461457" user="aurora-polar">
    <nd ref="2298380243"/>
    <nd ref="2922652734"/>
    <nd ref="12568393282"/>
    <nd ref="2922652060"/>
    <nd ref="2922652729"/>
    <nd ref="2922652730"/>
    <nd ref="2298380244"/>
    <nd ref="12568393291"/>
    <nd ref="2298380242"/>
    <nd ref="12568393290"/>
    <nd ref="9949746842"/>
    <nd ref="2298380241"/>
    <nd ref="2922652813"/>
    <nd ref="2922652816"/>
    <nd ref="9951005020"/>
    <nd ref="2922652807"/>
    <nd ref="2298380243"/>
    <tag k="addr:housenumber" v="3 к1"/>
    <tag k="addr:street" v="Подмосковная улица"/>
    <tag k="amenity" v="kindergarten"/>
    <tag k="barrier" v="fence"/>
    <tag k="full_name" v="Школа №830 дошкольное отделение Умка корпус №10"/>
    <tag k="name" v="Школа №830 дошкольное отделение Умка"/>
    <tag k="official_name" v="Государственное бюджетное общеобразовательное учреждение города Москвы « Школа № 830»"/>
    <tag k="old_name" v="Детский сад №1859"/>
    <tag k="phone" v="+7 495 4912584"/>
    <tag k="website" v="https://sch830.mskobr.ru/"/>
  </way>
  <way id="288713141" version="2" timestamp="2021-11-11T07:16:54Z" changeset="113638117" uid="11321493" user="Grass-snake">
    <nd ref="2922653347"/>
    <nd ref="2922653338"/>
    <nd ref="2922653342"/>
    <nd ref="2922653349"/>
    <nd ref="2922653347"/>
    <tag k="building" v="service"/>
    <tag k="building:levels" v="1"/>
  </way>
  <way id="288713144" version="2" timestamp="2023-06-07T09:39:22Z" changeset="137048329" uid="18826385" user="MarinaKuzko">
    <nd ref="2922652827"/>
    <nd ref="2922652818"/>
    <nd ref="2922652823"/>
    <nd ref="2922652833"/>
    <nd ref="2922652827"/>
    <tag k="building" v="garage"/>
    <tag k="building:colour" v="green"/>
    <tag k="building:levels" v="1"/>
    <tag k="building:material" v="cement_block"/>
    <tag k="roof:angle" v="10"/>
    <tag k="roof:colour" v="grey"/>
    <tag k="roof:material" v="metal"/>
    <tag k="roof:shape" v="gabled"/>
  </way>
  <way id="288713148" version="3" timestamp="2023-06-08T10:48:23Z" changeset="137091624" uid="345975" user="VlIvYur">
    <nd ref="2922652808"/>
    <nd ref="2922652801"/>
    <nd ref="2922652802"/>
    <nd ref="2922652810"/>
    <nd ref="2922652808"/>
    <tag k="addr:housenumber" v="16А с2"/>
    <tag k="addr:street" v="улица Свободы"/>
    <tag k="building" v="garage"/>
    <tag k="building:colour" v="green"/>
    <tag k="building:levels" v="1"/>
    <tag k="building:material" v="metal"/>
    <tag k="roof:angle" v="20"/>
    <tag k="roof:colour" v="grey"/>
    <tag k="roof:material" v="metal"/>
    <tag k="roof:shape" v="gabled"/>
  </way>
  <way id="288713152" version="2" timestamp="2021-11-11T07:16:54Z" changeset="113638117" uid="11321493" user="Grass-snake">
    <nd ref="2922652831"/>
    <nd ref="2922652822"/>
    <nd ref="2922652821"/>
    <nd ref="2922652830"/>
    <nd ref="2922652831"/>
    <tag k="addr:housenumber" v="17А с2"/>
    <tag k="addr:street" v="Большая Набережная улица"/>
    <tag k="building" v="service"/>
    <tag k="building:levels" v="1"/>
  </way>
  <way id="288713156" version="1" timestamp="2014-06-18T22:12:34Z" changeset="23014270" uid="260756" user="Felis Pimeja">
    <nd ref="2922652804"/>
    <nd ref="2922652095"/>
    <nd ref="2922652096"/>
    <nd ref="2922652806"/>
    <nd ref="2922652804"/>
    <tag k="building" v="yes"/>
    <tag k="building:levels" v="1"/>
  </way>
  <way id="288713158" version="3" timestamp="2023-06-07T09:17:01Z" changeset="137047387" uid="18826385" user="MarinaKuzko">
    <nd ref="2922652097"/>
    <nd ref="2922652100"/>
    <nd ref="2922652064"/>
    <nd ref="2922652063"/>
    <nd ref="2922652061"/>
    <nd ref="2922652097"/>
    <tag k="addr:housenumber" v="16А с3"/>
    <tag k="addr:street" v="улица Свободы"/>
    <tag k="building" v="garage"/>
    <tag k="building:colour" v="green"/>
    <tag k="building:levels" v="1"/>
    <tag k="building:material" v="cement_block"/>
    <tag k="roof:angle" v="10"/>
    <tag k="roof:colour" v="grey"/>
    <tag k="roof:material" v="metal"/>
    <tag k="roof:shape" v="skillion"/>
  </way>
  <way id="288713161" version="4" timestamp="2026-03-25T19:50:08Z" changeset="180425072" uid="1461457" user="aurora-polar">
    <nd ref="2922653328"/>
    <nd ref="2922653320"/>
    <nd ref="2922653322"/>
    <nd ref="2922653323"/>
    <nd ref="2922653324"/>
    <nd ref="2922653329"/>
    <nd ref="2922653327"/>
    <nd ref="2922653330"/>
    <nd ref="2922653328"/>
    <tag k="addr:housenumber" v="5 с2"/>
    <tag k="addr:street" v="Малая Набережная улица"/>
    <tag k="building" v="service"/>
    <tag k="building:colour" v="white;blue"/>
    <tag k="building:levels" v="1"/>
    <tag k="building:material" v="brick"/>
    <tag k="location" v="indoor"/>
    <tag k="power" v="substation"/>
    <tag k="ref" v="ТП-4930"/>
    <tag k="roof:angle" v="10"/>
    <tag k="roof:colour" v="grey"/>
    <tag k="roof:material" v="metal"/>
    <tag k="roof:shape" v="gabled"/>
    <tag k="substation" v="minor_distribution"/>
    <tag k="voltage" v="6000;400"/>
  </way>
  <way id="288713162" version="2" timestamp="2025-02-08T13:41:47Z" changeset="162279992" uid="1461457" user="aurora-polar">
    <nd ref="2922652892"/>
    <nd ref="2922652866"/>
    <nd ref="2922652863"/>
    <nd ref="2922652865"/>
    <nd ref="2922652867"/>
    <nd ref="2922652868"/>
    <nd ref="2922652872"/>
    <nd ref="1938024427"/>
    <nd ref="2922653379"/>
    <nd ref="2922653382"/>
    <nd ref="2922653381"/>
    <nd ref="2922653383"/>
    <nd ref="12568318903"/>
    <nd ref="12568303264"/>
    <nd ref="2922653398"/>
    <nd ref="2922653405"/>
    <tag k="highway" v="service"/>
    <tag k="lanes" v="1"/>
    <tag k="living_street" v="yes"/>
    <tag k="surface" v="asphalt"/>
  </way>
  <way id="288713166" version="2" timestamp="2026-03-25T20:07:25Z" changeset="180425665" uid="1461457" user="aurora-polar">
    <nd ref="2922652746"/>
    <nd ref="13680197930"/>
    <nd ref="2922652761"/>
    <tag k="highway" v="service"/>
    <tag k="lanes" v="1"/>
    <tag k="living_street" v="yes"/>
    <tag k="surface" v="asphalt"/>
  </way>
  <way id="288713171" version="1" timestamp="2014-06-18T22:12:35Z" changeset="23014270" uid="260756" user="Felis Pimeja">
    <nd ref="2922653366"/>
    <nd ref="2922653363"/>
    <tag k="highway" v="service"/>
    <tag k="lanes" v="1"/>
    <tag k="living_street" v="yes"/>
    <tag k="surface" v="asphalt"/>
  </way>
  <way id="288713172" version="1" timestamp="2014-06-18T22:12:35Z" changeset="23014270" uid="260756" user="Felis Pimeja">
    <nd ref="2922652867"/>
    <nd ref="2922653125"/>
    <tag k="highway" v="service"/>
    <tag k="lanes" v="1"/>
    <tag k="living_street" v="yes"/>
    <tag k="surface" v="asphalt"/>
  </way>
  <way id="288713176" version="2" timestamp="2021-09-22T11:50:37Z" changeset="111540005" uid="9133005" user="Lepidobatrachus">
    <nd ref="2922652852"/>
    <nd ref="9113518567"/>
    <nd ref="2922652751"/>
    <tag k="highway" v="service"/>
    <tag k="lanes" v="1"/>
    <tag k="living_street" v="yes"/>
    <tag k="surface" v="asphalt"/>
  </way>
  <way id="288713177" version="1" timestamp="2014-06-18T22:12:35Z" changeset="23014270" uid="260756" user="Felis Pimeja">
    <nd ref="2922652865"/>
    <nd ref="2922653123"/>
    <tag k="highway" v="service"/>
    <tag k="lanes" v="1"/>
    <tag k="living_street" v="yes"/>
    <tag k="surface" v="asphalt"/>
  </way>
  <way id="288713178" version="1" timestamp="2014-06-18T22:12:35Z" changeset="23014270" uid="260756" user="Felis Pimeja">
    <nd ref="2922652753"/>
    <nd ref="2922652752"/>
    <tag k="highway" v="service"/>
    <tag k="lanes" v="1"/>
    <tag k="living_street" v="yes"/>
    <tag k="surface" v="asphalt"/>
  </way>
  <way id="288713182" version="36" timestamp="2023-09-17T00:03:52Z" changeset="141362337" uid="461130" user="Fizzie-DWG">
    <nd ref="2922652745"/>
    <nd ref="336207235"/>
    <tag k="agricultural" v="destination"/>
    <tag k="hgv:conditional" v="destination @ (weight&gt;2.5)"/>
    <tag k="highway" v="residential"/>
    <tag k="junction" v="roundabout"/>
    <tag k="lanes" v="1"/>
    <tag k="maxspeed" v="RU:urban"/>
    <tag k="name" v="Подмосковная улица"/>
    <tag k="name:uk" v="Підмосковна вулиця"/>
    <tag k="surface" v="asphalt"/>
    <tag k="wikidata" v="Q4367894"/>
    <tag k="wikipedia" v="ru:Подмосковная улица (Москва)"/>
  </way>
  <way id="288713184" version="3" timestamp="2024-04-03T08:31:01Z" changeset="149512527" uid="830106" user="literan">
    <nd ref="11782342996"/>
    <nd ref="11782342992"/>
    <nd ref="11782342997"/>
    <nd ref="2922652784"/>
    <tag k="highway" v="service"/>
    <tag k="surface" v="asphalt"/>
  </way>
  <way id="288713189" version="1" timestamp="2014-06-18T22:12:37Z" changeset="23014270" uid="260756" user="Felis Pimeja">
    <nd ref="2922652743"/>
    <nd ref="2922652851"/>
    <nd ref="2922652837"/>
    <tag k="highway" v="service"/>
    <tag k="lanes" v="1"/>
    <tag k="living_street" v="yes"/>
    <tag k="surface" v="asphalt"/>
  </way>
  <way id="288713190" version="2" timestamp="2021-11-11T07:16:54Z" changeset="113638117" uid="11321493" user="Grass-snake">
    <nd ref="2922653111"/>
    <nd ref="9242593966"/>
    <nd ref="2922652800"/>
    <nd ref="2922653124"/>
    <tag k="highway" v="service"/>
    <tag k="lanes" v="1"/>
    <tag k="living_street" v="yes"/>
    <tag k="surface" v="asphalt"/>
  </way>
  <way id="288713191" version="3" timestamp="2017-12-01T13:47:00Z" changeset="54236381" uid="6503009" user="Uterouter">
    <nd ref="2922652812"/>
    <nd ref="5257700404"/>
    <nd ref="2922652826"/>
    <nd ref="5256743044"/>
    <tag k="highway" v="service"/>
    <tag k="lanes" v="1"/>
    <tag k="living_street" v="yes"/>
    <tag k="surface" v="asphalt"/>
  </way>
  <way id="288713194" version="2" timestamp="2015-12-02T11:51:53Z" changeset="35704292" uid="206282" user="Amigo">
    <nd ref="1938026555"/>
    <nd ref="1852004379"/>
    <nd ref="3872671904"/>
    <nd ref="2130668188"/>
    <tag k="footway" v="crossing"/>
    <tag k="highway" v="footway"/>
    <tag k="surface" v="asphalt"/>
  </way>
  <way id="288713195" version="1" timestamp="2014-06-18T22:12:38Z" changeset="23014270" uid="260756" user="Felis Pimeja">
    <nd ref="2922653378"/>
    <nd ref="2922653366"/>
    <nd ref="2922653360"/>
    <tag k="highway" v="service"/>
    <tag k="lanes" v="1"/>
    <tag k="living_street" v="yes"/>
    <tag k="surface" v="asphalt"/>
  </way>
  <way id="288713196" version="1" timestamp="2014-06-18T22:12:38Z" changeset="23014270" uid="260756" user="Felis Pimeja">
    <nd ref="2922653128"/>
    <nd ref="2922652875"/>
    <nd ref="2922652896"/>
    <tag k="highway" v="service"/>
    <tag k="lanes" v="1"/>
    <tag k="living_street" v="yes"/>
    <tag k="surface" v="asphalt"/>
  </way>
  <way id="288713197" version="1" timestamp="2014-06-18T22:12:38Z" changeset="23014270" uid="260756" user="Felis Pimeja">
    <nd ref="2922653307"/>
    <nd ref="2922653308"/>
    <nd ref="2922653313"/>
    <tag k="highway" v="service"/>
    <tag k="lanes" v="1"/>
    <tag k="living_street" v="yes"/>
    <tag k="surface" v="asphalt"/>
  </way>
  <way id="288713200" version="2" timestamp="2021-11-11T07:16:54Z" changeset="113638117" uid="11321493" user="Grass-snake">
    <nd ref="2922652783"/>
    <nd ref="9242593971"/>
    <nd ref="2922652752"/>
    <nd ref="2922652744"/>
    <tag k="highway" v="service"/>
    <tag k="lanes" v="1"/>
    <tag k="living_street" v="yes"/>
    <tag k="surface" v="asphalt"/>
  </way>
  <way id="288713203" version="2" timestamp="2025-04-11T19:03:23Z" changeset="164830201" uid="1461457" user="aurora-polar">
    <nd ref="2922652748"/>
    <nd ref="12748661637"/>
    <nd ref="2922652764"/>
    <nd ref="2922652799"/>
    <nd ref="2922653122"/>
    <tag k="highway" v="service"/>
    <tag k="lanes" v="1"/>
    <tag k="living_street" v="yes"/>
    <tag k="surface" v="asphalt"/>
  </way>
  <way id="288713205" version="1" timestamp="2014-06-18T22:12:39Z" changeset="23014270" uid="260756" user="Felis Pimeja">
    <nd ref="2922652087"/>
    <nd ref="2922652803"/>
    <nd ref="2922652815"/>
    <nd ref="2922652811"/>
    <tag k="highway" v="service"/>
    <tag k="lanes" v="1"/>
    <tag k="living_street" v="yes"/>
    <tag k="surface" v="asphalt"/>
  </way>
  <way id="288713209" version="1" timestamp="2014-06-18T22:12:39Z" changeset="23014270" uid="260756" user="Felis Pimeja">
    <nd ref="2922652764"/>
    <nd ref="2922652768"/>
    <nd ref="2922653104"/>
    <nd ref="2922652799"/>
    <tag k="highway" v="service"/>
    <tag k="lanes" v="1"/>
    <tag k="living_street" v="yes"/>
    <tag k="surface" v="asphalt"/>
  </way>
  <way id="288713210" version="1" timestamp="2014-06-18T22:12:39Z" changeset="23014270" uid="260756" user="Felis Pimeja">
    <nd ref="2922653392"/>
    <nd ref="2922653387"/>
    <nd ref="2922653350"/>
    <nd ref="2922653345"/>
    <nd ref="2922653339"/>
    <tag k="highway" v="service"/>
    <tag k="lanes" v="1"/>
    <tag k="living_street" v="yes"/>
    <tag k="surface" v="asphalt"/>
  </way>
  <way id="288713212" version="1" timestamp="2014-06-18T22:12:39Z" changeset="23014270" uid="260756" user="Felis Pimeja">
    <nd ref="336207234"/>
    <nd ref="2922652841"/>
    <nd ref="2922652838"/>
    <nd ref="2922652837"/>
    <nd ref="2922652825"/>
    <tag k="highway" v="service"/>
    <tag k="lanes" v="1"/>
    <tag k="living_street" v="yes"/>
    <tag k="surface" v="asphalt"/>
  </way>
  <way id="288713214" version="2" timestamp="2019-06-18T07:17:04Z" changeset="71354712" uid="830106" user="literan">
    <nd ref="1938026557"/>
    <nd ref="1938026553"/>
    <nd ref="1938026558"/>
    <nd ref="1938026555"/>
    <tag k="footway" v="sidewalk"/>
    <tag k="highway" v="footway"/>
    <tag k="surface" v="asphalt"/>
  </way>
  <way id="288713216" version="3" timestamp="2024-02-03T15:37:30Z" changeset="147024507" uid="599809" user="ig4map">
    <nd ref="2922652569"/>
    <nd ref="2922622271"/>
    <nd ref="2922622280"/>
    <nd ref="11582054304"/>
    <nd ref="2922652838"/>
    <tag k="highway" v="service"/>
    <tag k="lanes" v="1"/>
    <tag k="living_street" v="yes"/>
    <tag k="surface" v="asphalt"/>
  </way>
  <way id="288713218" version="2" timestamp="2021-09-22T11:50:37Z" changeset="111540005" uid="9133005" user="Lepidobatrachus">
    <nd ref="2922652847"/>
    <nd ref="2922652854"/>
    <nd ref="2922652852"/>
    <nd ref="2922652850"/>
    <nd ref="2922652820"/>
    <nd ref="9113518570"/>
    <tag k="highway" v="service"/>
    <tag k="lanes" v="1"/>
    <tag k="living_street" v="yes"/>
    <tag k="surface" v="asphalt"/>
  </way>
  <way id="288713220" version="3" timestamp="2025-02-08T13:41:47Z" changeset="162279992" uid="1461457" user="aurora-polar">
    <nd ref="2922653401"/>
    <nd ref="2922653396"/>
    <nd ref="12568303265"/>
    <nd ref="2922653361"/>
    <tag k="highway" v="service"/>
    <tag k="lanes" v="1"/>
    <tag k="living_street" v="yes"/>
    <tag k="surface" v="asphalt"/>
  </way>
  <way id="288713223" version="2" timestamp="2021-11-11T07:16:54Z" changeset="113638117" uid="11321493" user="Grass-snake">
    <nd ref="2922652800"/>
    <nd ref="2922652795"/>
    <nd ref="2922652765"/>
    <nd ref="9242593970"/>
    <nd ref="2922652743"/>
    <nd ref="9242593972"/>
    <nd ref="2922652744"/>
    <nd ref="2922652747"/>
    <tag k="highway" v="service"/>
    <tag k="lanes" v="1"/>
    <tag k="living_street" v="yes"/>
    <tag k="surface" v="asphalt"/>
  </way>
  <way id="288713225" version="2" timestamp="2018-03-31T21:45:39Z" changeset="57699826" uid="3580412" user="Alexander-II">
    <nd ref="2922653394"/>
    <nd ref="2922653389"/>
    <nd ref="2922653331"/>
    <nd ref="2922653334"/>
    <tag k="highway" v="service"/>
    <tag k="lanes" v="1"/>
    <tag k="living_street" v="yes"/>
    <tag k="surface" v="asphalt"/>
  </way>
  <way id="288713227" version="1" timestamp="2014-06-18T22:12:40Z" changeset="23014270" uid="260756" user="Felis Pimeja">
    <nd ref="2922652841"/>
    <nd ref="2922652739"/>
    <nd ref="2922652747"/>
    <nd ref="2922653111"/>
    <nd ref="2922653114"/>
    <nd ref="2922653117"/>
    <nd ref="2922653129"/>
    <tag k="highway" v="service"/>
    <tag k="lanes" v="1"/>
    <tag k="living_street" v="yes"/>
    <tag k="surface" v="asphalt"/>
  </way>
  <way id="288713230" version="4" timestamp="2024-10-13T11:56:28Z" changeset="157831547" uid="830106" user="literan">
    <nd ref="2922653124"/>
    <nd ref="2922652864"/>
    <nd ref="11877109655"/>
    <nd ref="2922652870"/>
    <nd ref="2922652875"/>
    <nd ref="2922652877"/>
    <nd ref="11877109654"/>
    <nd ref="2922653308"/>
    <tag k="highway" v="service"/>
    <tag k="lanes" v="1"/>
    <tag k="living_street" v="yes"/>
    <tag k="surface" v="asphalt"/>
  </way>
  <way id="288713234" version="9" timestamp="2026-06-15T07:47:16Z" changeset="184123797" uid="23948820" user="EvilBear6969">
    <nd ref="1938026555"/>
    <nd ref="2922653398"/>
    <nd ref="2922653396"/>
    <nd ref="2922653393"/>
    <nd ref="2922653391"/>
    <nd ref="9242593993"/>
    <nd ref="2922653389"/>
    <nd ref="2922653387"/>
    <nd ref="2922653386"/>
    <nd ref="9242593961"/>
    <nd ref="4816127173"/>
    <nd ref="9113518575"/>
    <nd ref="4813325691"/>
    <nd ref="13941755999"/>
    <nd ref="13718186710"/>
    <tag k="footway" v="sidewalk"/>
    <tag k="highway" v="footway"/>
    <tag k="lit" v="no"/>
    <tag k="smoothness" v="excellent"/>
    <tag k="surface" v="asphalt"/>
  </way>
  <way id="288713239" version="1" timestamp="2014-06-18T22:12:42Z" changeset="23014270" uid="260756" user="Felis Pimeja">
    <nd ref="694103285"/>
    <nd ref="694103281"/>
  </way>
  <way id="288713240" version="1" timestamp="2014-06-18T22:12:42Z" changeset="23014270" uid="260756" user="Felis Pimeja">
    <nd ref="694103280"/>
    <nd ref="694103289"/>
  </way>
  <way id="288713242" version="1" timestamp="2014-06-18T22:12:42Z" changeset="23014270" uid="260756" user="Felis Pimeja">
    <nd ref="2922652763"/>
    <nd ref="2922652758"/>
  </way>
  <way id="288713243" version="1" timestamp="2014-06-18T22:12:42Z" changeset="23014270" uid="260756" user="Felis Pimeja">
    <nd ref="2922653118"/>
    <nd ref="2922653113"/>
  </way>
  <way id="288713246" version="3" timestamp="2022-08-11T08:29:50Z" changeset="124763943" uid="12176526" user="somix">
    <nd ref="694103281"/>
    <nd ref="694103280"/>
  </way>
  <way id="288713254" version="1" timestamp="2014-06-18T22:12:42Z" changeset="23014270" uid="260756" user="Felis Pimeja">
    <nd ref="2922652773"/>
    <nd ref="2922652774"/>
    <nd ref="2922652794"/>
    <nd ref="2922652792"/>
    <nd ref="2922652773"/>
    <tag k="leisure" v="playground"/>
  </way>
  <way id="288713258" version="1" timestamp="2014-06-18T22:12:43Z" changeset="23014270" uid="260756" user="Felis Pimeja">
    <nd ref="2922653118"/>
    <nd ref="429681752"/>
    <nd ref="429681755"/>
    <nd ref="2922652758"/>
  </way>
  <way id="288713267" version="1" timestamp="2014-06-18T22:12:43Z" changeset="23014270" uid="260756" user="Felis Pimeja">
    <nd ref="2922652879"/>
    <nd ref="2922652884"/>
    <nd ref="2922652885"/>
    <nd ref="2922652880"/>
    <nd ref="2922652879"/>
    <tag k="leisure" v="playground"/>
  </way>
  <way id="288713268" version="2" timestamp="2022-11-12T16:49:43Z" changeset="128820463" uid="371263" user="augxcgrwxo">
    <nd ref="2922652771"/>
    <nd ref="2922652772"/>
    <nd ref="2922652790"/>
    <nd ref="2922652789"/>
    <nd ref="2922652771"/>
    <tag k="access" v="yes"/>
    <tag k="leisure" v="playground"/>
  </way>
  <way id="288713273" version="2" timestamp="2022-04-23T09:05:22Z" changeset="120081881" uid="371263" user="augxcgrwxo">
    <nd ref="2922653374"/>
    <nd ref="2922653357"/>
    <nd ref="2922653355"/>
    <nd ref="2922653370"/>
    <nd ref="2922653374"/>
    <tag k="access" v="yes"/>
    <tag k="leisure" v="playground"/>
  </way>
  <way id="288713275" version="1" timestamp="2014-06-18T22:12:43Z" changeset="23014270" uid="260756" user="Felis Pimeja">
    <nd ref="2922652836"/>
    <nd ref="2922652839"/>
    <nd ref="2922652848"/>
    <nd ref="2922652844"/>
    <nd ref="2922652836"/>
    <tag k="leisure" v="playground"/>
  </way>
  <way id="288713278" version="1" timestamp="2014-06-18T22:12:43Z" changeset="23014270" uid="260756" user="Felis Pimeja">
    <nd ref="2922652882"/>
    <nd ref="2922652887"/>
    <nd ref="2922652888"/>
    <nd ref="2922652883"/>
    <nd ref="2922652882"/>
    <tag k="leisure" v="playground"/>
  </way>
  <way id="288713279" version="2" timestamp="2022-04-23T09:04:24Z" changeset="120081881" uid="371263" user="augxcgrwxo">
    <nd ref="2922653372"/>
    <nd ref="2922653384"/>
    <nd ref="2922653385"/>
    <nd ref="2922653376"/>
    <nd ref="2922653372"/>
    <tag k="access" v="yes"/>
    <tag k="leisure" v="playground"/>
  </way>
  <way id="288713280" version="2" timestamp="2024-02-03T15:27:32Z" changeset="147024168" uid="599809" user="ig4map">
    <nd ref="694103280"/>
    <nd ref="694103279"/>
    <nd ref="694103278"/>
    <nd ref="694103290"/>
    <nd ref="11582033526"/>
    <nd ref="694103289"/>
  </way>
  <way id="288713284" version="2" timestamp="2024-02-03T15:27:32Z" changeset="147024168" uid="599809" user="ig4map">
    <nd ref="694103285"/>
    <nd ref="11582033527"/>
    <nd ref="694103284"/>
    <nd ref="694103283"/>
    <nd ref="694103282"/>
    <nd ref="694103281"/>
  </way>
  <way id="288713293" version="1" timestamp="2014-06-18T22:12:44Z" changeset="23014270" uid="260756" user="Felis Pimeja">
    <nd ref="2922652829"/>
    <nd ref="2922652832"/>
    <nd ref="2922652834"/>
    <nd ref="2922652835"/>
    <nd ref="2922652849"/>
    <nd ref="2922652845"/>
    <nd ref="2922652829"/>
    <tag k="leisure" v="playground"/>
  </way>
  <way id="288713294" version="2" timestamp="2024-02-03T15:27:32Z" changeset="147024168" uid="599809" user="ig4map">
    <nd ref="2922653113"/>
    <nd ref="11582033511"/>
    <nd ref="429681762"/>
    <nd ref="429681763"/>
    <nd ref="11582033510"/>
    <nd ref="429681764"/>
    <nd ref="429681766"/>
    <nd ref="2922653118"/>
  </way>
  <way id="288713296" version="1" timestamp="2014-06-18T22:12:44Z" changeset="23014270" uid="260756" user="Felis Pimeja">
    <nd ref="2922653353"/>
    <nd ref="2922653364"/>
    <nd ref="2922653365"/>
    <nd ref="2922653369"/>
    <nd ref="2922653371"/>
    <nd ref="2922653354"/>
    <nd ref="2922653353"/>
    <tag k="leisure" v="playground"/>
  </way>
  <way id="288713305" version="2" timestamp="2024-02-03T15:27:32Z" changeset="147024168" uid="599809" user="ig4map">
    <nd ref="2922652763"/>
    <nd ref="11582033515"/>
    <nd ref="429681760"/>
    <nd ref="2922652777"/>
    <nd ref="2922652775"/>
    <nd ref="11582033513"/>
    <nd ref="2922652797"/>
    <nd ref="2922652798"/>
    <nd ref="429681761"/>
    <nd ref="11582033512"/>
    <nd ref="2922653113"/>
  </way>
  <way id="288713325" version="4" timestamp="2026-03-25T20:07:25Z" changeset="180425665" uid="1461457" user="aurora-polar">
    <nd ref="2922653109"/>
    <nd ref="2922652760"/>
    <nd ref="2922652762"/>
    <nd ref="2922652776"/>
    <nd ref="2922652780"/>
    <nd ref="2922652767"/>
    <nd ref="2922652769"/>
    <nd ref="2922653112"/>
    <nd ref="2922653109"/>
    <tag k="amenity" v="parking"/>
    <tag k="parking" v="surface"/>
  </way>
  <way id="309031588" version="3" timestamp="2017-04-21T11:34:14Z" changeset="48000104" uid="529155" user="SemYakimov">
    <nd ref="3143422267"/>
    <nd ref="3143422294"/>
    <nd ref="3143422274"/>
    <nd ref="3143422288"/>
    <nd ref="3143422299"/>
    <nd ref="3143422298"/>
    <nd ref="3143422313"/>
    <nd ref="3143422273"/>
    <nd ref="3143422269"/>
    <nd ref="3143422264"/>
    <nd ref="3143422300"/>
    <nd ref="3143422275"/>
    <nd ref="3143422267"/>
    <tag k="addr:housenumber" v="18"/>
    <tag k="addr:street" v="Подмосковная улица"/>
    <tag k="building" v="kindergarten"/>
  </way>
  <way id="309031610" version="44" timestamp="2024-05-03T18:25:53Z" changeset="150851241" uid="12176526" user="somix">
    <nd ref="3143422281"/>
    <nd ref="3143422293"/>
    <nd ref="3143422276"/>
    <nd ref="11877109657"/>
    <nd ref="11877109656"/>
    <nd ref="3143422310"/>
    <nd ref="3143422280"/>
    <nd ref="3143422281"/>
    <tag k="addr:housenumber" v="18"/>
    <tag k="addr:street" v="Подмосковная улица"/>
    <tag k="amenity" v="kindergarten"/>
    <tag k="barrier" v="fence"/>
    <tag k="full_name" v="Школа №830 дошкольное отделение Росток корпус №9"/>
    <tag k="name" v="Школа №830 дошкольное отделение Росток"/>
    <tag k="official_name" v="Государственное бюджетное общеобразовательное учреждение города Москвы « Школа № 830»"/>
    <tag k="website" v="https://sch830.mskobr.ru/"/>
  </way>
  <way id="338968913" version="6" timestamp="2024-12-31T12:26:11Z" changeset="160830500" uid="830106" user="literan">
    <nd ref="746314996"/>
    <nd ref="746314558"/>
    <nd ref="746314695"/>
    <nd ref="2138014203"/>
    <nd ref="7952141815"/>
    <nd ref="2138014189"/>
    <nd ref="2138014182"/>
    <nd ref="2138014172"/>
    <nd ref="746314597"/>
    <nd ref="746314836"/>
    <nd ref="746314846"/>
    <nd ref="746314515"/>
    <nd ref="746314562"/>
    <nd ref="746314604"/>
    <nd ref="746314844"/>
    <nd ref="2130668198"/>
    <nd ref="2130668203"/>
    <nd ref="2131235372"/>
    <nd ref="2131235373"/>
    <nd ref="2131235374"/>
    <nd ref="12246882864"/>
    <nd ref="3461519707"/>
    <nd ref="746314513"/>
    <nd ref="3461519711"/>
    <tag k="cables" v="6"/>
    <tag k="circuits" v="2"/>
    <tag k="power" v="line"/>
    <tag k="voltage" v="110000"/>
  </way>
  <way id="368029541" version="6" timestamp="2021-05-31T09:13:11Z" changeset="105610938" uid="1772368" user="pizzaiolo">
    <nd ref="3718944864"/>
    <nd ref="3718944849"/>
    <nd ref="2131237734"/>
    <nd ref="5256743073"/>
    <nd ref="2130668207"/>
    <nd ref="4116181334"/>
    <nd ref="5256743075"/>
    <nd ref="2130668188"/>
    <nd ref="3718944847"/>
    <nd ref="3718944863"/>
    <nd ref="2130668192"/>
    <nd ref="5256743076"/>
    <nd ref="4116181335"/>
    <nd ref="169020691"/>
    <nd ref="5256743077"/>
    <nd ref="2131237735"/>
    <nd ref="3718944864"/>
    <tag k="bridge:structure" v="beam"/>
    <tag k="layer" v="1"/>
    <tag k="man_made" v="bridge"/>
    <tag k="name" v="Восточный мост"/>
    <tag k="wikidata" v="Q11723031"/>
  </way>
  <way id="369158065" version="1" timestamp="2015-09-04T19:31:22Z" changeset="33802233" uid="1829683" user="Luis36995">
    <nd ref="2922653361"/>
    <nd ref="2922653359"/>
    <tag k="highway" v="service"/>
    <tag k="lanes" v="1"/>
    <tag k="living_street" v="yes"/>
    <tag k="surface" v="asphalt"/>
  </way>
  <way id="369158066" version="2" timestamp="2025-02-08T13:41:47Z" changeset="162279992" uid="1461457" user="aurora-polar">
    <nd ref="2922653359"/>
    <nd ref="12568303266"/>
    <nd ref="2922653393"/>
    <nd ref="2922653400"/>
    <tag k="highway" v="service"/>
    <tag k="lanes" v="1"/>
    <tag k="living_street" v="yes"/>
    <tag k="surface" v="asphalt"/>
  </way>
  <way id="409754707" version="7" timestamp="2024-07-29T11:36:35Z" changeset="154558533" uid="7714489" user="Spjasshka">
    <nd ref="4116181334"/>
    <nd ref="4116181335"/>
    <tag k="bridge" v="yes"/>
    <tag k="electrified" v="contact_line"/>
    <tag k="frequency" v="0"/>
    <tag k="gauge" v="1524"/>
    <tag k="layer" v="1"/>
    <tag k="maxspeed" v="60"/>
    <tag k="oneway" v="yes"/>
    <tag k="railway" v="tram"/>
    <tag k="usage" v="main"/>
    <tag k="voltage" v="600"/>
  </way>
  <way id="467783747" version="40" timestamp="2023-09-17T00:03:52Z" changeset="141362337" uid="461130" user="Fizzie-DWG">
    <nd ref="336207277"/>
    <nd ref="10181279982"/>
    <nd ref="10181279985"/>
    <nd ref="336207271"/>
    <tag k="agricultural" v="destination"/>
    <tag k="hgv:conditional" v="destination @ (weight&gt;2.5)"/>
    <tag k="highway" v="residential"/>
    <tag k="lanes" v="1"/>
    <tag k="maxspeed" v="RU:urban"/>
    <tag k="name" v="Подмосковная улица"/>
    <tag k="name:uk" v="Підмосковна вулиця"/>
    <tag k="oneway" v="yes"/>
    <tag k="postal_code" v="125362"/>
    <tag k="surface" v="asphalt"/>
    <tag k="wikidata" v="Q4367894"/>
    <tag k="wikipedia" v="ru:Подмосковная улица (Москва)"/>
  </way>
  <way id="467783748" version="43" timestamp="2023-09-17T00:03:52Z" changeset="141362337" uid="461130" user="Fizzie-DWG">
    <nd ref="9113518564"/>
    <nd ref="2922652090"/>
    <nd ref="9950997812"/>
    <nd ref="2922652708"/>
    <nd ref="2922622288"/>
    <nd ref="336207236"/>
    <tag k="agricultural" v="destination"/>
    <tag k="hgv:conditional" v="destination @ (weight&gt;2.5)"/>
    <tag k="highway" v="residential"/>
    <tag k="lanes" v="1"/>
    <tag k="maxspeed" v="RU:urban"/>
    <tag k="name" v="Подмосковная улица"/>
    <tag k="name:uk" v="Підмосковна вулиця"/>
    <tag k="oneway" v="yes"/>
    <tag k="postal_code" v="125362"/>
    <tag k="surface" v="asphalt"/>
    <tag k="wikidata" v="Q4367894"/>
    <tag k="wikipedia" v="ru:Подмосковная улица (Москва)"/>
  </way>
  <way id="467783749" version="37" timestamp="2023-09-17T00:03:52Z" changeset="141362337" uid="461130" user="Fizzie-DWG">
    <nd ref="336207233"/>
    <nd ref="336207232"/>
    <tag k="agricultural" v="destination"/>
    <tag k="hgv:conditional" v="destination @ (weight&gt;2.5)"/>
    <tag k="highway" v="residential"/>
    <tag k="junction" v="roundabout"/>
    <tag k="lanes" v="1"/>
    <tag k="maxspeed" v="RU:urban"/>
    <tag k="name" v="Подмосковная улица"/>
    <tag k="name:uk" v="Підмосковна вулиця"/>
    <tag k="oneway" v="yes"/>
    <tag k="postal_code" v="125362"/>
    <tag k="surface" v="asphalt"/>
    <tag k="wikidata" v="Q4367894"/>
    <tag k="wikipedia" v="ru:Подмосковная улица (Москва)"/>
  </way>
  <way id="467783750" version="7" timestamp="2024-04-03T08:31:01Z" changeset="149512527" uid="830106" user="literan">
    <nd ref="2922652745"/>
    <nd ref="2922652746"/>
    <nd ref="2922652748"/>
    <nd ref="2922652751"/>
    <nd ref="5257700402"/>
    <nd ref="1938013520"/>
    <nd ref="2298379036"/>
    <nd ref="5256743046"/>
    <tag k="agricultural" v="destination"/>
    <tag k="hgv:conditional" v="destination @ (weight&gt;2.5)"/>
    <tag k="highway" v="residential"/>
    <tag k="lanes" v="2"/>
    <tag k="lit" v="yes"/>
    <tag k="living_street" v="yes"/>
    <tag k="maxspeed" v="RU:living_street"/>
    <tag k="surface" v="asphalt"/>
  </way>
  <way id="467783751" version="38" timestamp="2023-09-17T00:03:52Z" changeset="141362337" uid="461130" user="Fizzie-DWG">
    <nd ref="336207277"/>
    <nd ref="336207233"/>
    <tag k="agricultural" v="destination"/>
    <tag k="hgv:conditional" v="destination @ (weight&gt;2.5)"/>
    <tag k="highway" v="residential"/>
    <tag k="junction" v="roundabout"/>
    <tag k="lanes" v="1"/>
    <tag k="maxspeed" v="RU:urban"/>
    <tag k="name" v="Подмосковная улица"/>
    <tag k="name:uk" v="Підмосковна вулиця"/>
    <tag k="oneway" v="yes"/>
    <tag k="postal_code" v="125362"/>
    <tag k="surface" v="asphalt"/>
    <tag k="wikidata" v="Q4367894"/>
    <tag k="wikipedia" v="ru:Подмосковная улица (Москва)"/>
  </way>
  <way id="467783752" version="38" timestamp="2023-09-17T00:03:52Z" changeset="141362337" uid="461130" user="Fizzie-DWG">
    <nd ref="336207234"/>
    <nd ref="336207271"/>
    <tag k="agricultural" v="destination"/>
    <tag k="hgv:conditional" v="destination @ (weight&gt;2.5)"/>
    <tag k="highway" v="residential"/>
    <tag k="junction" v="roundabout"/>
    <tag k="lanes" v="1"/>
    <tag k="maxspeed" v="RU:urban"/>
    <tag k="name" v="Подмосковная улица"/>
    <tag k="name:uk" v="Підмосковна вулиця"/>
    <tag k="postal_code" v="125362"/>
    <tag k="surface" v="asphalt"/>
    <tag k="wikidata" v="Q4367894"/>
    <tag k="wikipedia" v="ru:Подмосковная улица (Москва)"/>
  </way>
  <way id="467783753" version="6" timestamp="2024-04-02T18:00:41Z" changeset="149493118" uid="5642897" user="Travieso">
    <nd ref="693335779"/>
    <nd ref="2922653120"/>
    <nd ref="2922653122"/>
    <nd ref="2922653123"/>
    <nd ref="2922653125"/>
    <nd ref="1938013525"/>
    <nd ref="1938026553"/>
    <nd ref="5257700420"/>
    <tag k="agricultural" v="destination"/>
    <tag k="hgv:conditional" v="destination @ (weight&gt;2.5)"/>
    <tag k="highway" v="residential"/>
    <tag k="lanes" v="2"/>
    <tag k="lit" v="yes"/>
    <tag k="living_street" v="yes"/>
    <tag k="maxspeed" v="RU:living_street"/>
    <tag k="surface" v="asphalt"/>
  </way>
  <way id="467783754" version="38" timestamp="2023-09-17T00:03:52Z" changeset="141362337" uid="461130" user="Fizzie-DWG">
    <nd ref="336207235"/>
    <nd ref="336207234"/>
    <tag k="agricultural" v="destination"/>
    <tag k="hgv:conditional" v="destination @ (weight&gt;2.5)"/>
    <tag k="highway" v="residential"/>
    <tag k="junction" v="roundabout"/>
    <tag k="lanes" v="1"/>
    <tag k="maxspeed" v="RU:urban"/>
    <tag k="name" v="Подмосковная улица"/>
    <tag k="name:uk" v="Підмосковна вулиця"/>
    <tag k="postal_code" v="125362"/>
    <tag k="surface" v="asphalt"/>
    <tag k="wikidata" v="Q4367894"/>
    <tag k="wikipedia" v="ru:Подмосковная улица (Москва)"/>
  </way>
  <way id="489049628" version="1" timestamp="2017-04-24T11:13:37Z" changeset="48087550" uid="529155" user="SemYakimov">
    <nd ref="4813342515"/>
    <nd ref="4813342510"/>
    <nd ref="100778509"/>
    <nd ref="100778503"/>
    <nd ref="2665850205"/>
    <nd ref="100778499"/>
    <nd ref="100778494"/>
    <nd ref="4813342514"/>
    <nd ref="4813342513"/>
    <nd ref="4813342512"/>
    <nd ref="2665850201"/>
    <nd ref="4813342515"/>
    <tag k="leisure" v="park"/>
  </way>
  <way id="543790276" version="21" timestamp="2025-01-11T09:29:30Z" changeset="161231786" uid="564990" user="mavl">
    <nd ref="5256743064"/>
    <nd ref="5256743075"/>
    <tag k="cycleway:right" v="no"/>
    <tag k="foot" v="no"/>
    <tag k="highway" v="secondary"/>
    <tag k="lanes" v="2"/>
    <tag k="lit" v="yes"/>
    <tag k="maxspeed" v="RU:urban"/>
    <tag k="name" v="улица Свободы"/>
    <tag k="name:uk" v="вулиця Свободи"/>
    <tag k="oneway" v="yes"/>
    <tag k="parking:lane:both" v="no"/>
    <tag k="sidewalk:left" v="no"/>
    <tag k="sidewalk:right" v="separate"/>
    <tag k="smoothness" v="good"/>
    <tag k="surface" v="asphalt"/>
  </way>
  <way id="543790282" version="23" timestamp="2025-01-11T09:29:30Z" changeset="161231786" uid="564990" user="mavl">
    <nd ref="5256743075"/>
    <nd ref="5256743076"/>
    <tag k="bridge" v="yes"/>
    <tag k="cycleway:both" v="no"/>
    <tag k="foot" v="no"/>
    <tag k="highway" v="secondary"/>
    <tag k="lanes" v="2"/>
    <tag k="layer" v="1"/>
    <tag k="lit" v="yes"/>
    <tag k="maxspeed" v="RU:urban"/>
    <tag k="maxweight" v="12.0"/>
    <tag k="name" v="улица Свободы"/>
    <tag k="name:uk" v="вулиця Свободи"/>
    <tag k="oneway" v="yes"/>
    <tag k="parking:lane:both" v="no"/>
    <tag k="shoulder" v="no"/>
    <tag k="smoothness" v="good"/>
    <tag k="surface" v="asphalt"/>
  </way>
  <way id="543893189" version="2" timestamp="2021-09-22T11:50:37Z" changeset="111540005" uid="9133005" user="Lepidobatrachus">
    <nd ref="2922652722"/>
    <nd ref="5257700404"/>
    <nd ref="5257700403"/>
    <nd ref="2922652847"/>
    <nd ref="9113518566"/>
    <nd ref="5257700402"/>
    <tag k="highway" v="service"/>
  </way>
  <way id="985819057" version="2" timestamp="2022-08-13T13:55:38Z" changeset="124854166" uid="12176526" user="somix">
    <nd ref="9113518571"/>
    <nd ref="2922652814"/>
    <nd ref="9113518570"/>
    <tag k="crossing" v="uncontrolled"/>
    <tag k="footway" v="crossing"/>
    <tag k="highway" v="footway"/>
    <tag k="motor_vehicle" v="yes"/>
    <tag k="surface" v="asphalt"/>
  </way>
  <way id="985819060" version="31" timestamp="2023-09-17T00:03:52Z" changeset="141362337" uid="461130" user="Fizzie-DWG">
    <nd ref="9113518563"/>
    <nd ref="2922652814"/>
    <nd ref="9113518564"/>
    <tag k="agricultural" v="destination"/>
    <tag k="hgv:conditional" v="destination @ (weight&gt;2.5)"/>
    <tag k="highway" v="residential"/>
    <tag k="lanes" v="1"/>
    <tag k="maxspeed" v="20"/>
    <tag k="name" v="Подмосковная улица"/>
    <tag k="name:uk" v="Підмосковна вулиця"/>
    <tag k="oneway" v="yes"/>
    <tag k="postal_code" v="125362"/>
    <tag k="surface" v="asphalt"/>
    <tag k="wikidata" v="Q4367894"/>
    <tag k="wikipedia" v="ru:Подмосковная улица (Москва)"/>
  </way>
  <way id="985819061" version="31" timestamp="2023-09-17T00:03:52Z" changeset="141362337" uid="461130" user="Fizzie-DWG">
    <nd ref="336207235"/>
    <nd ref="9113518563"/>
    <tag k="agricultural" v="destination"/>
    <tag k="hgv:conditional" v="destination @ (weight&gt;2.5)"/>
    <tag k="highway" v="residential"/>
    <tag k="lanes" v="1"/>
    <tag k="maxspeed" v="RU:urban"/>
    <tag k="name" v="Подмосковная улица"/>
    <tag k="name:uk" v="Підмосковна вулиця"/>
    <tag k="oneway" v="yes"/>
    <tag k="postal_code" v="125362"/>
    <tag k="surface" v="asphalt"/>
    <tag k="wikidata" v="Q4367894"/>
    <tag k="wikipedia" v="ru:Подмосковная улица (Москва)"/>
  </way>
  <way id="985819062" version="3" timestamp="2022-08-13T13:57:48Z" changeset="124854225" uid="12176526" user="somix">
    <nd ref="9950997810"/>
    <nd ref="9950997807"/>
    <nd ref="9950997811"/>
    <nd ref="9113518570"/>
    <nd ref="9113518569"/>
    <nd ref="9113518568"/>
    <nd ref="9113518567"/>
    <nd ref="9113518566"/>
    <nd ref="9113518565"/>
    <tag k="footway" v="sidewalk"/>
    <tag k="highway" v="footway"/>
    <tag k="surface" v="asphalt"/>
  </way>
  <way id="1001332261" version="1" timestamp="2021-11-11T07:16:54Z" changeset="113638117" uid="11321493" user="Grass-snake">
    <nd ref="9242593937"/>
    <nd ref="9242593936"/>
    <nd ref="9242593938"/>
    <tag k="highway" v="footway"/>
  </way>
  <way id="1001332262" version="1" timestamp="2021-11-11T07:16:54Z" changeset="113638117" uid="11321493" user="Grass-snake">
    <nd ref="429682297"/>
    <nd ref="9242593940"/>
    <nd ref="9242593936"/>
    <nd ref="9242593939"/>
    <nd ref="429682300"/>
    <tag k="barrier" v="fence"/>
  </way>
  <way id="1001332268" version="1" timestamp="2021-11-11T07:16:54Z" changeset="113638117" uid="11321493" user="Grass-snake">
    <nd ref="9242593968"/>
    <nd ref="9242593967"/>
    <nd ref="9242593966"/>
    <tag k="highway" v="footway"/>
  </way>
  <way id="1001332269" version="1" timestamp="2021-11-11T07:16:54Z" changeset="113638117" uid="11321493" user="Grass-snake">
    <nd ref="9242593972"/>
    <nd ref="9242593969"/>
    <tag k="highway" v="footway"/>
  </way>
  <way id="1001332270" version="1" timestamp="2021-11-11T07:16:54Z" changeset="113638117" uid="11321493" user="Grass-snake">
    <nd ref="9242593971"/>
    <nd ref="9242593969"/>
    <nd ref="9242593968"/>
    <nd ref="9242593970"/>
    <tag k="highway" v="footway"/>
  </way>
  <way id="1001332271" version="2" timestamp="2022-08-11T08:29:50Z" changeset="124763943" uid="12176526" user="somix">
    <nd ref="9242593981"/>
    <nd ref="9242593980"/>
    <nd ref="9242593979"/>
    <nd ref="9242593974"/>
    <nd ref="9242593975"/>
    <nd ref="9242593978"/>
    <nd ref="9242593981"/>
    <tag k="leisure" v="fitness_station"/>
    <tag k="sport" v="fitness"/>
  </way>
  <way id="1001332272" version="1" timestamp="2021-11-11T07:16:54Z" changeset="113638117" uid="11321493" user="Grass-snake">
    <nd ref="9242593986"/>
    <nd ref="9242593985"/>
    <nd ref="9242593984"/>
    <nd ref="9242593983"/>
    <nd ref="9242593986"/>
    <tag k="access" v="yes"/>
    <tag k="amenity" v="parking"/>
    <tag k="capacity" v="10"/>
    <tag k="fee" v="no"/>
    <tag k="parking" v="lane"/>
    <tag k="parking:orientation" v="parallel"/>
  </way>
  <way id="1001332273" version="2" timestamp="2024-10-13T11:56:28Z" changeset="157831547" uid="830106" user="literan">
    <nd ref="12248122104"/>
    <nd ref="9242593989"/>
    <nd ref="9242593988"/>
    <nd ref="12248122105"/>
    <nd ref="12248122104"/>
    <tag k="access" v="yes"/>
    <tag k="amenity" v="parking"/>
    <tag k="capacity" v="9"/>
    <tag k="capacity:disabled" v="3"/>
    <tag k="fee" v="no"/>
    <tag k="parking" v="lane"/>
    <tag k="parking:orientation" v="parallel"/>
  </way>
  <way id="1001332274" version="5" timestamp="2024-10-12T19:56:49Z" changeset="157811254" uid="1461457" user="aurora-polar">
    <nd ref="2130668199"/>
    <nd ref="9242593991"/>
    <tag k="highway" v="footway"/>
    <tag k="lit" v="yes"/>
    <tag k="smoothness" v="good"/>
    <tag k="surface" v="paving_stones"/>
  </way>
  <way id="1001332275" version="3" timestamp="2023-05-30T10:30:21Z" changeset="136738387" uid="12176526" user="somix">
    <nd ref="9242593991"/>
    <nd ref="9242593992"/>
    <nd ref="9242593993"/>
    <tag k="footway" v="crossing"/>
    <tag k="highway" v="footway"/>
    <tag k="lit" v="yes"/>
    <tag k="smoothness" v="good"/>
    <tag k="surface" v="asphalt"/>
  </way>
  <way id="1001332276" version="33" timestamp="2023-09-17T00:03:52Z" changeset="141362337" uid="461130" user="Fizzie-DWG">
    <nd ref="336207175"/>
    <nd ref="2922653391"/>
    <tag k="highway" v="residential"/>
    <tag k="lanes" v="1"/>
    <tag k="lit" v="yes"/>
    <tag k="maxspeed" v="RU:urban"/>
    <tag k="name" v="Подмосковная улица"/>
    <tag k="name:uk" v="Підмосковна вулиця"/>
    <tag k="oneway" v="yes"/>
    <tag k="postal_code" v="125362"/>
    <tag k="smoothness" v="intermediate"/>
    <tag k="source:width" v="ARCore"/>
    <tag k="surface" v="asphalt"/>
    <tag k="width" v="5.8"/>
    <tag k="wikidata" v="Q4367894"/>
    <tag k="wikipedia" v="ru:Подмосковная улица (Москва)"/>
  </way>
  <way id="1086012836" version="1" timestamp="2022-08-13T13:55:38Z" changeset="124854166" uid="12176526" user="somix">
    <nd ref="9951005020"/>
    <nd ref="2922652820"/>
    <tag k="highway" v="footway"/>
  </way>
  <way id="1086012839" version="1" timestamp="2022-08-13T13:55:38Z" changeset="124854166" uid="12176526" user="somix">
    <nd ref="9950997813"/>
    <nd ref="9950997814"/>
    <nd ref="9950997815"/>
    <nd ref="9950997816"/>
    <nd ref="9951005017"/>
    <nd ref="9951005018"/>
    <nd ref="9951005019"/>
    <nd ref="9951005023"/>
    <nd ref="9951005022"/>
    <nd ref="9951005021"/>
    <nd ref="9951005020"/>
    <tag k="access" v="private"/>
    <tag k="highway" v="footway"/>
  </way>
  <way id="1112766739" version="1" timestamp="2022-11-13T20:10:52Z" changeset="128861456" uid="371263" user="augxcgrwxo">
    <nd ref="10181279978"/>
    <nd ref="10181279979"/>
    <tag k="highway" v="service"/>
    <tag k="lanes" v="1"/>
    <tag k="living_street" v="yes"/>
    <tag k="surface" v="asphalt"/>
  </way>
  <way id="1112766740" version="1" timestamp="2022-11-13T20:10:52Z" changeset="128861456" uid="371263" user="augxcgrwxo">
    <nd ref="2922653359"/>
    <nd ref="10181279980"/>
    <nd ref="10181279978"/>
    <tag k="highway" v="footway"/>
    <tag k="surface" v="paving_stones"/>
  </way>
  <way id="1112766741" version="1" timestamp="2022-11-13T20:10:52Z" changeset="128861456" uid="371263" user="augxcgrwxo">
    <nd ref="10181279981"/>
    <nd ref="10181279983"/>
    <nd ref="10181279982"/>
    <tag k="highway" v="footway"/>
    <tag k="smoothness" v="good"/>
    <tag k="surface" v="asphalt"/>
  </way>
  <way id="1112766742" version="1" timestamp="2022-11-13T20:10:52Z" changeset="128861456" uid="371263" user="augxcgrwxo">
    <nd ref="10181279983"/>
    <nd ref="10181279984"/>
    <nd ref="10181279985"/>
    <tag k="highway" v="footway"/>
    <tag k="smoothness" v="intermediate"/>
    <tag k="surface" v="fine_gravel"/>
  </way>
  <way id="1159831001" version="12" timestamp="2025-01-11T09:53:34Z" changeset="161231786" uid="564990" user="mavl">
    <nd ref="10786439152"/>
    <nd ref="5256743063"/>
    <nd ref="5256743064"/>
    <tag k="cycleway:right" v="no"/>
    <tag k="foot" v="no"/>
    <tag k="highway" v="secondary"/>
    <tag k="lanes" v="2"/>
    <tag k="lit" v="yes"/>
    <tag k="maxspeed" v="RU:urban"/>
    <tag k="name" v="улица Свободы"/>
    <tag k="name:uk" v="вулиця Свободи"/>
    <tag k="oneway" v="yes"/>
    <tag k="smoothness" v="good"/>
    <tag k="source:maxspeed" v="sign"/>
    <tag k="surface" v="asphalt"/>
  </way>
  <way id="1177558258" version="29" timestamp="2025-05-14T09:11:54Z" changeset="166243591" uid="3199858" user="Mateusz Konieczny - bot account">
    <nd ref="5256743064"/>
    <nd ref="10939612727"/>
    <tag k="foot" v="no"/>
    <tag k="highway" v="residential"/>
    <tag k="lit" v="yes"/>
    <tag k="name" v="Малая Набережная улица"/>
    <tag k="name:en" v="Malaya Naberezhnaya Street"/>
    <tag k="name:uk" v="Мала Набережна вулиця"/>
    <tag k="parking:lane:both" v="no"/>
    <tag k="sidewalk" v="no"/>
    <tag k="smoothness" v="good"/>
    <tag k="surface" v="asphalt"/>
  </way>
  <way id="1245850008" version="2" timestamp="2025-02-08T13:41:47Z" changeset="162279992" uid="1461457" user="aurora-polar">
    <nd ref="11582054301"/>
    <nd ref="12568318974"/>
    <nd ref="11582054302"/>
    <tag k="highway" v="footway"/>
    <tag k="surface" v="asphalt"/>
  </way>
  <way id="1245850010" version="1" timestamp="2024-02-03T15:37:30Z" changeset="147024507" uid="599809" user="ig4map">
    <nd ref="11582054305"/>
    <nd ref="11582054306"/>
    <tag k="highway" v="footway"/>
    <tag k="surface" v="asphalt"/>
  </way>
  <way id="1268582584" version="1" timestamp="2024-04-03T08:31:01Z" changeset="149512527" uid="830106" user="literan">
    <nd ref="2922652784"/>
    <nd ref="10181279981"/>
    <nd ref="2922653120"/>
    <tag k="highway" v="service"/>
    <tag k="lanes" v="1"/>
    <tag k="living_street" v="yes"/>
    <tag k="surface" v="asphalt"/>
  </way>
  <way id="1268582585" version="1" timestamp="2024-04-03T08:31:01Z" changeset="149512527" uid="830106" user="literan">
    <nd ref="11782342993"/>
    <nd ref="11782342992"/>
    <tag k="highway" v="service"/>
    <tag k="surface" v="asphalt"/>
  </way>
  <way id="1268582586" version="1" timestamp="2024-04-03T08:31:01Z" changeset="149512527" uid="830106" user="literan">
    <nd ref="2922652784"/>
    <nd ref="11782342995"/>
    <nd ref="11782342993"/>
    <nd ref="11782342994"/>
    <tag k="highway" v="service"/>
    <tag k="surface" v="asphalt"/>
  </way>
  <way id="1293374272" version="1" timestamp="2024-06-18T08:57:17Z" changeset="152837621" uid="12176526" user="somix">
    <nd ref="11989774902"/>
    <nd ref="5256743063"/>
    <nd ref="11989774904"/>
    <tag k="footway" v="crossing"/>
    <tag k="highway" v="footway"/>
    <tag k="smoothness" v="intermediate"/>
    <tag k="surface" v="asphalt"/>
  </way>
  <way id="1293374274" version="1" timestamp="2024-06-18T08:57:17Z" changeset="152837621" uid="12176526" user="somix">
    <nd ref="11989774904"/>
    <nd ref="1938026555"/>
    <tag k="highway" v="footway"/>
    <tag k="surface" v="asphalt"/>
  </way>
  <way id="1308881460" version="2" timestamp="2025-04-11T19:03:23Z" changeset="164830201" uid="1461457" user="aurora-polar">
    <nd ref="1938026556"/>
    <nd ref="12748661632"/>
    <nd ref="12120879279"/>
    <nd ref="12120879280"/>
    <nd ref="12120879281"/>
    <nd ref="12748661634"/>
    <nd ref="12748661635"/>
    <nd ref="12748661636"/>
    <nd ref="12748661637"/>
    <tag k="footway" v="sidewalk"/>
    <tag k="highway" v="footway"/>
  </way>
  <way id="1308881461" version="2" timestamp="2025-04-11T19:03:23Z" changeset="164830201" uid="1461457" user="aurora-polar">
    <nd ref="1938026557"/>
    <nd ref="12748661633"/>
    <nd ref="12120879282"/>
    <nd ref="12120879283"/>
    <tag k="footway" v="sidewalk"/>
    <tag k="highway" v="footway"/>
  </way>
  <way id="1308881462" version="1" timestamp="2024-08-19T19:12:20Z" changeset="155477192" uid="1461457" user="aurora-polar">
    <nd ref="12120879284"/>
    <nd ref="12120879285"/>
    <nd ref="12120879286"/>
    <nd ref="12120879287"/>
    <nd ref="12120879288"/>
    <nd ref="12120879289"/>
    <nd ref="12120879290"/>
    <nd ref="12120879291"/>
    <nd ref="12120879292"/>
    <nd ref="12120879293"/>
    <nd ref="12120879284"/>
    <tag k="natural" v="wood"/>
  </way>
  <way id="1308881475" version="1" timestamp="2024-08-19T19:12:20Z" changeset="155477192" uid="1461457" user="aurora-polar">
    <nd ref="12120895440"/>
    <nd ref="12120895441"/>
    <nd ref="12120895442"/>
    <nd ref="429681764"/>
    <nd ref="429681766"/>
    <nd ref="2922653118"/>
    <nd ref="429681752"/>
    <nd ref="12120895443"/>
    <nd ref="12120895440"/>
    <tag k="landuse" v="grass"/>
  </way>
  <way id="1308881476" version="2" timestamp="2025-10-07T20:33:07Z" changeset="172976957" uid="23136526" user="Osmcher">
    <nd ref="12120895444"/>
    <nd ref="12120895445"/>
    <nd ref="13201498587"/>
    <nd ref="13201498586"/>
    <nd ref="12120895446"/>
    <nd ref="13201498585"/>
    <nd ref="12120895447"/>
    <nd ref="12120895444"/>
    <tag k="landuse" v="grass"/>
  </way>
  <way id="1323596950" version="1" timestamp="2024-10-13T11:56:28Z" changeset="157831547" uid="830106" user="literan">
    <nd ref="12248122109"/>
    <nd ref="12248122108"/>
    <nd ref="12248122107"/>
    <nd ref="12248122106"/>
    <nd ref="12248122109"/>
    <tag k="leisure" v="playground"/>
  </way>
  <way id="1358110550" version="2" timestamp="2025-02-08T15:06:28Z" changeset="162283068" uid="1461457" user="aurora-polar">
    <nd ref="12568303229"/>
    <nd ref="12568303230"/>
    <nd ref="12568303231"/>
    <nd ref="12568303232"/>
    <nd ref="12568303233"/>
    <nd ref="12568303234"/>
    <nd ref="12568303235"/>
    <nd ref="3143422307"/>
    <nd ref="3143422296"/>
    <nd ref="11877109650"/>
    <nd ref="11877109656"/>
    <nd ref="3143422310"/>
    <nd ref="3143422280"/>
    <nd ref="3143422281"/>
    <nd ref="3143422293"/>
    <nd ref="3143422276"/>
    <nd ref="12568303248"/>
    <nd ref="12568303244"/>
    <nd ref="12568303251"/>
    <nd ref="12568303250"/>
    <nd ref="12568303249"/>
    <nd ref="12568303243"/>
    <nd ref="12568303247"/>
    <nd ref="12568303246"/>
    <nd ref="12568303245"/>
    <nd ref="12568303242"/>
    <nd ref="12568303236"/>
    <nd ref="12568303237"/>
    <nd ref="12568303238"/>
    <nd ref="12568303239"/>
    <nd ref="12568303240"/>
    <nd ref="12568303241"/>
    <nd ref="12568303229"/>
    <tag k="natural" v="wood"/>
  </way>
  <way id="1358110551" version="2" timestamp="2025-02-08T15:06:28Z" changeset="162283068" uid="1461457" user="aurora-polar">
    <nd ref="12568303263"/>
    <nd ref="12568303264"/>
    <nd ref="12568303265"/>
    <nd ref="12568303266"/>
    <nd ref="12568303267"/>
    <nd ref="12568303268"/>
    <nd ref="12568303269"/>
    <nd ref="12568303270"/>
    <nd ref="12568303271"/>
    <nd ref="12568303272"/>
    <nd ref="12568303273"/>
    <nd ref="12568303274"/>
    <nd ref="12568303275"/>
    <nd ref="12568303276"/>
    <nd ref="12568303277"/>
    <nd ref="12568303278"/>
    <nd ref="12568303279"/>
    <nd ref="12568303280"/>
    <nd ref="12568303281"/>
    <nd ref="12568303282"/>
    <nd ref="12568303283"/>
    <nd ref="12568303284"/>
    <nd ref="12568303285"/>
    <nd ref="12568303286"/>
    <nd ref="12568303287"/>
    <nd ref="12568303288"/>
    <nd ref="12568303289"/>
    <nd ref="12568303290"/>
    <nd ref="12568303291"/>
    <nd ref="12568303292"/>
    <nd ref="12568303293"/>
    <nd ref="12568303294"/>
    <nd ref="12568303295"/>
    <nd ref="12568303296"/>
    <nd ref="12568303297"/>
    <nd ref="12568303298"/>
    <nd ref="12568303299"/>
    <nd ref="12568303300"/>
    <nd ref="12568318901"/>
    <nd ref="12568318902"/>
    <nd ref="12568318903"/>
    <nd ref="12568318904"/>
    <nd ref="12568318905"/>
    <nd ref="12568318906"/>
    <nd ref="12568303263"/>
    <tag k="natural" v="wood"/>
  </way>
  <way id="1358110552" version="2" timestamp="2025-02-08T15:06:28Z" changeset="162283068" uid="1461457" user="aurora-polar">
    <nd ref="12568318907"/>
    <nd ref="12568318908"/>
    <nd ref="12568318909"/>
    <nd ref="12568318910"/>
    <nd ref="12568318911"/>
    <nd ref="12568318912"/>
    <nd ref="12568318913"/>
    <nd ref="12568318914"/>
    <nd ref="12568318915"/>
    <nd ref="9242593984"/>
    <nd ref="9242593985"/>
    <nd ref="12568318916"/>
    <nd ref="12568318917"/>
    <nd ref="12568318918"/>
    <nd ref="12568318919"/>
    <nd ref="694089858"/>
    <nd ref="694089857"/>
    <nd ref="694089856"/>
    <nd ref="12568318920"/>
    <nd ref="12568318907"/>
    <tag k="natural" v="wood"/>
  </way>
  <way id="1358110553" version="2" timestamp="2025-02-08T15:06:28Z" changeset="162283068" uid="1461457" user="aurora-polar">
    <nd ref="12568318921"/>
    <nd ref="12568318922"/>
    <nd ref="12568318923"/>
    <nd ref="12568318924"/>
    <nd ref="12568318925"/>
    <nd ref="12568318926"/>
    <nd ref="12568318927"/>
    <nd ref="12568318928"/>
    <nd ref="12568318921"/>
    <tag k="natural" v="wood"/>
  </way>
  <way id="1358110554" version="2" timestamp="2025-02-09T11:46:05Z" changeset="162310844" uid="830106" user="literan">
    <nd ref="12568318929"/>
    <nd ref="12568318930"/>
    <nd ref="12568318931"/>
    <nd ref="12568318932"/>
    <nd ref="12568318929"/>
    <tag k="amenity" v="parking"/>
    <tag k="parking" v="street_side"/>
  </way>
  <way id="1358110555" version="2" timestamp="2025-02-08T15:06:28Z" changeset="162283068" uid="1461457" user="aurora-polar">
    <nd ref="12568318933"/>
    <nd ref="12568318934"/>
    <nd ref="12568318935"/>
    <nd ref="12568318936"/>
    <nd ref="12568318933"/>
    <tag k="natural" v="wood"/>
  </way>
  <way id="1358110556" version="2" timestamp="2025-02-08T15:06:28Z" changeset="162283068" uid="1461457" user="aurora-polar">
    <nd ref="12568318937"/>
    <nd ref="12568318938"/>
    <nd ref="12568318939"/>
    <nd ref="12568318940"/>
    <nd ref="694098259"/>
    <nd ref="2922652755"/>
    <nd ref="694098260"/>
    <nd ref="2922652757"/>
    <nd ref="2922652756"/>
    <nd ref="2922652754"/>
    <nd ref="694098261"/>
    <nd ref="12568318947"/>
    <nd ref="12568318950"/>
    <nd ref="12568318951"/>
    <nd ref="12568318949"/>
    <nd ref="12568318948"/>
    <nd ref="12568318941"/>
    <nd ref="429681817"/>
    <nd ref="429681816"/>
    <nd ref="429681819"/>
    <nd ref="12568318942"/>
    <nd ref="12568318943"/>
    <nd ref="12568318944"/>
    <nd ref="12568318945"/>
    <nd ref="429682312"/>
    <nd ref="429682311"/>
    <nd ref="2922653102"/>
    <nd ref="2922653103"/>
    <nd ref="429682310"/>
    <nd ref="429682309"/>
    <nd ref="2922653107"/>
    <nd ref="429682308"/>
    <nd ref="429682313"/>
    <nd ref="12568318946"/>
    <nd ref="12568318937"/>
    <tag k="natural" v="wood"/>
  </way>
  <way id="1358110557" version="1" timestamp="2025-02-08T13:41:47Z" changeset="162279992" uid="1461457" user="aurora-polar">
    <nd ref="12568318952"/>
    <nd ref="12568318953"/>
    <nd ref="12568318954"/>
    <nd ref="12568318955"/>
    <nd ref="12568318952"/>
    <tag k="natural" v="wood"/>
  </way>
  <way id="1358123953" version="1" timestamp="2025-02-08T15:06:28Z" changeset="162283068" uid="1461457" user="aurora-polar">
    <nd ref="12568393224"/>
    <nd ref="12568393225"/>
    <nd ref="12568393226"/>
    <nd ref="12568393227"/>
    <nd ref="12568393228"/>
    <nd ref="12568393229"/>
    <nd ref="12568393230"/>
    <nd ref="12568393231"/>
    <nd ref="12568393232"/>
    <nd ref="12568393233"/>
    <nd ref="12568393224"/>
    <tag k="natural" v="wood"/>
  </way>
  <way id="1358123954" version="1" timestamp="2025-02-08T15:06:28Z" changeset="162283068" uid="1461457" user="aurora-polar">
    <nd ref="12568393234"/>
    <nd ref="12568393235"/>
    <nd ref="12568393236"/>
    <nd ref="12568393237"/>
    <nd ref="12568393238"/>
    <nd ref="694096980"/>
    <nd ref="694096978"/>
    <nd ref="694096976"/>
    <nd ref="694096973"/>
    <nd ref="694096971"/>
    <nd ref="694096969"/>
    <nd ref="694096991"/>
    <nd ref="694096990"/>
    <nd ref="694096989"/>
    <nd ref="694096986"/>
    <nd ref="694096983"/>
    <nd ref="694096982"/>
    <nd ref="12568393239"/>
    <nd ref="12568393234"/>
    <tag k="natural" v="wood"/>
  </way>
  <way id="1358123955" version="1" timestamp="2025-02-08T15:06:28Z" changeset="162283068" uid="1461457" user="aurora-polar">
    <nd ref="12568393240"/>
    <nd ref="12568393241"/>
    <nd ref="12568393242"/>
    <nd ref="12568393243"/>
    <nd ref="12568393244"/>
    <nd ref="12568393245"/>
    <nd ref="12568393246"/>
    <nd ref="12568393247"/>
    <nd ref="12568393248"/>
    <nd ref="12568393249"/>
    <nd ref="12568393250"/>
    <nd ref="12568393251"/>
    <nd ref="12568393252"/>
    <nd ref="12568393253"/>
    <nd ref="12568393254"/>
    <nd ref="12568393255"/>
    <nd ref="12568393256"/>
    <nd ref="12568393257"/>
    <nd ref="12568393258"/>
    <nd ref="12568393259"/>
    <nd ref="12568393260"/>
    <nd ref="12568393261"/>
    <nd ref="12568393262"/>
    <nd ref="12568393263"/>
    <nd ref="12568393264"/>
    <nd ref="12568393240"/>
    <tag k="natural" v="wood"/>
  </way>
  <way id="1358123956" version="1" timestamp="2025-02-08T15:06:28Z" changeset="162283068" uid="1461457" user="aurora-polar">
    <nd ref="12568393265"/>
    <nd ref="12568393266"/>
    <nd ref="12568393267"/>
    <nd ref="12568393268"/>
    <nd ref="12568393269"/>
    <nd ref="12568393270"/>
    <nd ref="694103283"/>
    <nd ref="694103282"/>
    <nd ref="694103281"/>
    <nd ref="694103280"/>
    <nd ref="694103279"/>
    <nd ref="694103278"/>
    <nd ref="694103290"/>
    <nd ref="694103289"/>
    <nd ref="694103287"/>
    <nd ref="694103286"/>
    <nd ref="694103285"/>
    <nd ref="12568393271"/>
    <nd ref="12568393265"/>
    <tag k="natural" v="wood"/>
  </way>
  <way id="1358123957" version="1" timestamp="2025-02-08T15:06:28Z" changeset="162283068" uid="1461457" user="aurora-polar">
    <nd ref="12568393272"/>
    <nd ref="12568393273"/>
    <nd ref="12568393274"/>
    <nd ref="12568393275"/>
    <nd ref="12568393276"/>
    <nd ref="12568393277"/>
    <nd ref="12568393278"/>
    <nd ref="12568393279"/>
    <nd ref="12568393280"/>
    <nd ref="12568393281"/>
    <nd ref="2922652733"/>
    <nd ref="2922652725"/>
    <nd ref="2922652723"/>
    <nd ref="2922652730"/>
    <nd ref="2922652063"/>
    <nd ref="12568393282"/>
    <nd ref="2922652097"/>
    <nd ref="12568393283"/>
    <nd ref="12568393284"/>
    <nd ref="12568393285"/>
    <nd ref="12568393286"/>
    <nd ref="12568393287"/>
    <nd ref="12568393288"/>
    <nd ref="12568393289"/>
    <nd ref="12568393290"/>
    <nd ref="2298380242"/>
    <nd ref="12568393291"/>
    <nd ref="12568393272"/>
    <tag k="natural" v="wood"/>
  </way>
  <way id="1376854546" version="1" timestamp="2025-04-11T19:03:23Z" changeset="164830201" uid="1461457" user="aurora-polar">
    <nd ref="12748661628"/>
    <nd ref="12748661629"/>
    <nd ref="12748661630"/>
    <nd ref="12748661631"/>
    <nd ref="12748661632"/>
    <nd ref="12748661633"/>
    <nd ref="12748661628"/>
    <tag k="leisure" v="park"/>
  </way>
  <way id="1376854547" version="1" timestamp="2025-04-11T19:03:23Z" changeset="164830201" uid="1461457" user="aurora-polar">
    <nd ref="1938026557"/>
    <nd ref="12748661638"/>
    <nd ref="12748661639"/>
    <nd ref="12748661640"/>
    <nd ref="12748661641"/>
    <nd ref="12748661642"/>
    <tag k="highway" v="footway"/>
  </way>
  <way id="1376854548" version="1" timestamp="2025-04-11T19:03:23Z" changeset="164830201" uid="1461457" user="aurora-polar">
    <nd ref="1938026556"/>
    <nd ref="12748661643"/>
    <nd ref="12748661644"/>
    <nd ref="12748661645"/>
    <nd ref="12748661647"/>
    <nd ref="12748661641"/>
    <nd ref="12748661646"/>
    <tag k="highway" v="footway"/>
  </way>
  <way id="1376854559" version="1" timestamp="2025-04-11T19:03:23Z" changeset="164830201" uid="1461457" user="aurora-polar">
    <nd ref="12748661690"/>
    <nd ref="12748661691"/>
    <nd ref="12748661692"/>
    <nd ref="12748661693"/>
    <nd ref="12748661694"/>
    <nd ref="12748661695"/>
    <nd ref="12748661696"/>
    <nd ref="12748661697"/>
    <nd ref="12748661698"/>
    <nd ref="429682105"/>
    <nd ref="2922622243"/>
    <nd ref="429682107"/>
    <nd ref="429682091"/>
    <nd ref="429682090"/>
    <nd ref="429682089"/>
    <nd ref="429682088"/>
    <nd ref="429682093"/>
    <nd ref="429682102"/>
    <nd ref="429682101"/>
    <nd ref="429682100"/>
    <nd ref="429682103"/>
    <nd ref="429682096"/>
    <nd ref="429682094"/>
    <nd ref="429682097"/>
    <nd ref="429682098"/>
    <nd ref="429682099"/>
    <nd ref="2922652811"/>
    <nd ref="12748661699"/>
    <nd ref="12748661700"/>
    <nd ref="12748666501"/>
    <nd ref="12748666502"/>
    <nd ref="694102729"/>
    <nd ref="694102732"/>
    <nd ref="694102731"/>
    <nd ref="694102730"/>
    <nd ref="12748666503"/>
    <nd ref="12748666504"/>
    <nd ref="12748666505"/>
    <nd ref="12748666506"/>
    <nd ref="12748666507"/>
    <nd ref="12748666508"/>
    <nd ref="694102733"/>
    <nd ref="694102737"/>
    <nd ref="694102736"/>
    <nd ref="694102735"/>
    <nd ref="12748666509"/>
    <nd ref="12748666510"/>
    <nd ref="12748666511"/>
    <nd ref="12748661690"/>
    <tag k="natural" v="wood"/>
  </way>
  <way id="1436275492" version="1" timestamp="2025-10-07T20:33:07Z" changeset="172976957" uid="23136526" user="Osmcher">
    <nd ref="13201498588"/>
    <nd ref="13201498589"/>
    <nd ref="13201498590"/>
    <nd ref="13201498591"/>
    <nd ref="13201498592"/>
    <nd ref="13201498593"/>
    <nd ref="13201498594"/>
    <nd ref="13201498595"/>
    <nd ref="13201498596"/>
    <nd ref="13201498597"/>
    <nd ref="13201498588"/>
    <tag k="landuse" v="grass"/>
  </way>
  <relation id="446080" version="29" timestamp="2023-09-16T23:04:43Z" changeset="141361414" uid="8726248" user="traveleditor">
    <member type="way" ref="52013480" role="outer"/>
    <member type="way" ref="102248551" role="outer"/>
    <member type="way" ref="102248547" role="outer"/>
    <member type="way" ref="51948256" role="outer"/>
    <member type="way" ref="51948238" role="outer"/>
    <member type="way" ref="51954289" role="outer"/>
    <member type="way" ref="51954291" role="outer"/>
    <member type="node" ref="614303764" role="label"/>
    <tag k="addr:country" v="RU"/>
    <tag k="addr:region" v="Москва"/>
    <tag k="admin_level" v="8"/>
    <tag k="alt_name" v="муниципальный округ Южное Тушино"/>
    <tag k="boundary" v="administrative"/>
    <tag k="description" v="район — административно-территориальная единица; муниципальный округ — тип муниципального образования (с 1 июля 2012)"/>
    <tag k="name" v="район Южное Тушино"/>
    <tag k="name:be" v="Паўднёвае Тушына"/>
    <tag k="name:en" v="Yuzhnoye Tushino District"/>
    <tag k="name:ru" v="район Южное Тушино"/>
    <tag k="name:uk" v="Район Південне Тушине"/>
    <tag k="official_status" v="ru:внутригородская территория города федерального значения"/>
    <tag k="type" v="boundary"/>
    <tag k="wikidata" v="Q2366829"/>
    <tag k="wikipedia" v="ru:Южное Тушино"/>
  </relation>
  <relation id="446081" version="52" timestamp="2025-10-09T04:41:19Z" changeset="173030832" uid="7613148" user="soliMM">
    <member type="way" ref="119561030" role="outer"/>
    <member type="way" ref="51731517" role="outer"/>
    <member type="way" ref="52013481" role="outer"/>
    <member type="way" ref="52013480" role="outer"/>
    <member type="way" ref="102248551" role="outer"/>
    <member type="way" ref="102248547" role="outer"/>
    <member type="way" ref="52013483" role="outer"/>
    <member type="way" ref="120146671" role="outer"/>
    <member type="way" ref="486524002" role="outer"/>
    <member type="way" ref="1296013329" role="outer"/>
    <member type="way" ref="245746103" role="outer"/>
    <member type="way" ref="46615322" role="outer"/>
    <member type="way" ref="46615323" role="outer"/>
    <member type="way" ref="141602546" role="outer"/>
    <member type="way" ref="141602563" role="outer"/>
    <member type="node" ref="694131583" role="label"/>
    <tag k="addr:country" v="RU"/>
    <tag k="addr:region" v="Москва"/>
    <tag k="admin_level" v="8"/>
    <tag k="alt_name" v="муниципальный округ Покровское-Стрешнево"/>
    <tag k="boundary" v="administrative"/>
    <tag k="description" v="район — административно-территориальная единица; муниципальный округ — тип муниципального образования (с 1 июля 2012)"/>
    <tag k="name" v="район Покровское-Стрешнево"/>
    <tag k="name:en" v="Pokrovskoye-Streshnevo District"/>
    <tag k="name:ru" v="район Покровское-Стрешнево"/>
    <tag k="name:uk" v="Район Покровське-Стрешневе"/>
    <tag k="official_status" v="ru:внутригородская территория города федерального значения"/>
    <tag k="type" v="boundary"/>
    <tag k="wikidata" v="Q2367649"/>
    <tag k="wikipedia" v="ru:Покровское-Стрешнево (район Москвы)"/>
  </relation>
  <relation id="1225388" version="96" timestamp="2026-05-18T11:05:42Z" changeset="182825992" uid="2055718" user="Bobropiton">
    <member type="node" ref="2424418102" role="stop_entry_only"/>
    <member type="way" ref="236632716" role="platform_entry_only"/>
    <member type="node" ref="2424327579" role="stop"/>
    <member type="way" ref="1171448800" role="platform"/>
    <member type="node" ref="2424320147" role="stop"/>
    <member type="way" ref="1171448808" role="platform"/>
    <member type="node" ref="2424317942" role="stop"/>
    <member type="way" ref="1171448811" role="platform"/>
    <member type="node" ref="825877090" role="stop"/>
    <member type="way" ref="1171448820" role="platform"/>
    <member type="node" ref="798645928" role="stop"/>
    <member type="way" ref="1171448826" role="platform"/>
    <member type="node" ref="899715451" role="stop"/>
    <member type="way" ref="1171448829" role="platform"/>
    <member type="node" ref="899715467" role="stop"/>
    <member type="way" ref="543858287" role="platform"/>
    <member type="node" ref="302201188" role="stop"/>
    <member type="node" ref="9934213595" role="platform"/>
    <member type="node" ref="899715503" role="stop"/>
    <member type="node" ref="2159438352" role="platform"/>
    <member type="node" ref="899715434" role="stop"/>
    <member type="node" ref="1157467137" role="platform"/>
    <member type="node" ref="899715488" role="stop"/>
    <member type="node" ref="1271281973" role="platform"/>
    <member type="node" ref="899715500" role="stop"/>
    <member type="node" ref="9312289444" role="platform"/>
    <member type="node" ref="899715462" role="stop"/>
    <member type="node" ref="4463589032" role="platform"/>
    <member type="node" ref="899715428" role="stop"/>
    <member type="way" ref="1024153329" role="platform"/>
    <member type="node" ref="899715477" role="stop"/>
    <member type="node" ref="10884164899" role="platform"/>
    <member type="node" ref="899715456" role="stop"/>
    <member type="node" ref="1157577657" role="platform"/>
    <member type="node" ref="777383397" role="stop"/>
    <member type="way" ref="1171285163" role="platform"/>
    <member type="node" ref="777383407" role="stop"/>
    <member type="way" ref="1171285165" role="platform"/>
    <member type="node" ref="777383410" role="stop"/>
    <member type="node" ref="10884178221" role="platform"/>
    <member type="node" ref="777383412" role="stop"/>
    <member type="way" ref="1171274090" role="platform"/>
    <member type="node" ref="777383404" role="stop"/>
    <member type="node" ref="10884060782" role="platform"/>
    <member type="node" ref="777383409" role="stop"/>
    <member type="way" ref="984677366" role="platform"/>
    <member type="node" ref="777383411" role="stop"/>
    <member type="node" ref="1157587528" role="platform"/>
    <member type="node" ref="777383414" role="stop"/>
    <member type="way" ref="1171274106" role="platform"/>
    <member type="node" ref="777383416" role="stop"/>
    <member type="node" ref="1157587534" role="platform"/>
    <member type="node" ref="777383400" role="stop"/>
    <member type="node" ref="1157587536" role="platform"/>
    <member type="node" ref="777383402" role="stop_exit_only"/>
    <member type="node" ref="11132022021" role="platform_exit_only"/>
    <member type="way" ref="234236733" role=""/>
    <member type="way" ref="234103135" role=""/>
    <member type="way" ref="234236730" role=""/>
    <member type="way" ref="1302485545" role=""/>
    <member type="way" ref="1302485546" role=""/>
    <member type="way" ref="1302485549" role=""/>
    <member type="way" ref="234266488" role=""/>
    <member type="way" ref="234103139" role=""/>
    <member type="way" ref="236632729" role=""/>
    <member type="way" ref="349837374" role=""/>
    <member type="way" ref="349837371" role=""/>
    <member type="way" ref="1304432978" role=""/>
    <member type="way" ref="1304432980" role=""/>
    <member type="way" ref="1304432982" role=""/>
    <member type="way" ref="349837376" role=""/>
    <member type="way" ref="1199722902" role=""/>
    <member type="way" ref="1304432986" role=""/>
    <member type="way" ref="29463145" role=""/>
    <member type="way" ref="1304432989" role=""/>
    <member type="way" ref="29463144" role=""/>
    <member type="way" ref="1304432991" role=""/>
    <member type="way" ref="1499528661" role=""/>
    <member type="way" ref="1304432995" role=""/>
    <member type="way" ref="1304432999" role=""/>
    <member type="way" ref="1304432992" role=""/>
    <member type="way" ref="1304432996" role=""/>
    <member type="way" ref="409754699" role=""/>
    <member type="way" ref="1304433001" role=""/>
    <member type="way" ref="409754702" role=""/>
    <member type="way" ref="409754704" role=""/>
    <member type="way" ref="1304433003" role=""/>
    <member type="way" ref="1304433005" role=""/>
    <member type="way" ref="1304433006" role=""/>
    <member type="way" ref="409754706" role=""/>
    <member type="way" ref="1304433010" role=""/>
    <member type="way" ref="1304433009" role=""/>
    <member type="way" ref="1304433013" role=""/>
    <member type="way" ref="409754707" role=""/>
    <member type="way" ref="1304433014" role=""/>
    <member type="way" ref="1304433016" role=""/>
    <member type="way" ref="1304433019" role=""/>
    <member type="way" ref="1304433020" role=""/>
    <member type="way" ref="1304433022" role=""/>
    <member type="way" ref="1304433024" role=""/>
    <member type="way" ref="1304433026" role=""/>
    <member type="way" ref="409754708" role=""/>
    <member type="way" ref="1304433031" role=""/>
    <member type="way" ref="1304433032" role=""/>
    <member type="way" ref="1304433033" role=""/>
    <member type="way" ref="1304433028" role=""/>
    <member type="way" ref="1304433034" role=""/>
    <member type="way" ref="1199696833" role=""/>
    <tag k="air_conditioning" v="yes"/>
    <tag k="bicycle" v="yes"/>
    <tag k="blind" v="limited"/>
    <tag k="charge:all-in-one" v="90 RUB"/>
    <tag k="charge:cards" v="83 RUB"/>
    <tag k="charge:sbp" v="83 RUB"/>
    <tag k="charge:troika" v="75 RUB"/>
    <tag k="charge:troika_qr" v="75 RUB"/>
    <tag k="check_date" v="2023-05-11"/>
    <tag k="colour" v="black"/>
    <tag k="deaf" v="yes"/>
    <tag k="fee" v="yes"/>
    <tag k="fine:ticketless" v="5000 RUB"/>
    <tag k="from" v="Метро «Сокол»"/>
    <tag k="name" v="Трамвай 6: Метро «Сокол» =&gt; Братцево"/>
    <tag k="name:uk" v="Трамвай 6: Метро «Сокіл» =&gt; Братцеве"/>
    <tag k="network" v="Московский транспорт"/>
    <tag k="operator" v="ГУП «Московский метрополитен»"/>
    <tag k="payment:cards" v="yes"/>
    <tag k="payment:cash" v="no"/>
    <tag k="payment:contactless" v="yes"/>
    <tag k="payment:maestro" v="no"/>
    <tag k="payment:mastercard" v="no"/>
    <tag k="payment:mir" v="yes"/>
    <tag k="payment:nfc" v="yes"/>
    <tag k="payment:podorozhnik" v="no"/>
    <tag k="payment:sbp" v="yes"/>
    <tag k="payment:social_cards" v="yes"/>
    <tag k="payment:strelka" v="no"/>
    <tag k="payment:troika" v="yes"/>
    <tag k="payment:visa" v="no"/>
    <tag k="public_transport:version" v="2"/>
    <tag k="ref" v="6"/>
    <tag k="route" v="tram"/>
    <tag k="source" v="Реестр маршрутов города Москвы"/>
    <tag k="to" v="Братцево"/>
    <tag k="tram_class:length" v="4;5"/>
    <tag k="type" v="route"/>
    <tag k="website" v="https://transport.mos.ru/transport/schedule/route/331"/>
    <tag k="wheelchair" v="yes"/>
    <tag k="wikidata" v="Q122585347"/>
  </relation>
  <relation id="1433341" version="137" timestamp="2026-06-18T14:03:44Z" changeset="184273262" uid="23926472" user="Максим Баранаускас">
    <member type="node" ref="7002783472" role="stop"/>
    <member type="node" ref="6994425541" role="platform"/>
    <member type="node" ref="7006757153" role="stop"/>
    <member type="node" ref="7006757154" role="platform"/>
    <member type="node" ref="1342478631" role="stop"/>
    <member type="node" ref="1157467108" role="platform"/>
    <member type="node" ref="1342478661" role="stop"/>
    <member type="node" ref="1157467137" role="platform"/>
    <member type="node" ref="1342478690" role="stop"/>
    <member type="node" ref="1157467107" role="platform"/>
    <member type="node" ref="1353444001" role="stop"/>
    <member type="node" ref="1157577652" role="platform"/>
    <member type="node" ref="1353443980" role="stop"/>
    <member type="node" ref="1157577667" role="platform"/>
    <member type="node" ref="1353443982" role="stop"/>
    <member type="node" ref="1157577654" role="platform"/>
    <member type="node" ref="1342478610" role="stop"/>
    <member type="node" ref="1157467123" role="platform"/>
    <member type="node" ref="1342478634" role="stop"/>
    <member type="node" ref="635973632" role="platform"/>
    <member type="node" ref="1342478685" role="stop"/>
    <member type="node" ref="1157467127" role="platform"/>
    <member type="node" ref="1353443983" role="stop"/>
    <member type="node" ref="1157467104" role="platform"/>
    <member type="node" ref="1353443999" role="stop"/>
    <member type="node" ref="1157467141" role="platform"/>
    <member type="node" ref="1353443984" role="stop"/>
    <member type="node" ref="586533458" role="platform"/>
    <member type="node" ref="250557163" role="stop"/>
    <member type="node" ref="1157467119" role="platform"/>
    <member type="node" ref="5325002574" role="stop"/>
    <member type="node" ref="1346563692" role="platform"/>
    <member type="node" ref="1341952531" role="stop_exit_only"/>
    <member type="node" ref="1174036062" role="platform_exit_only"/>
    <member type="way" ref="1160593096" role=""/>
    <member type="way" ref="1160593097" role=""/>
    <member type="way" ref="1159598765" role=""/>
    <member type="way" ref="1159598764" role=""/>
    <member type="way" ref="1159598287" role=""/>
    <member type="way" ref="23397343" role=""/>
    <member type="way" ref="1159598286" role=""/>
    <member type="way" ref="1159599699" role=""/>
    <member type="way" ref="1159599698" role=""/>
    <member type="way" ref="1159600283" role=""/>
    <member type="way" ref="1159600284" role=""/>
    <member type="way" ref="1159600285" role=""/>
    <member type="way" ref="23397337" role=""/>
    <member type="way" ref="1159600286" role=""/>
    <member type="way" ref="1159600565" role=""/>
    <member type="way" ref="1159600566" role=""/>
    <member type="way" ref="984088908" role=""/>
    <member type="way" ref="984088909" role=""/>
    <member type="way" ref="1159601414" role=""/>
    <member type="way" ref="984088910" role=""/>
    <member type="way" ref="1159601415" role=""/>
    <member type="way" ref="1194896327" role=""/>
    <member type="way" ref="543790270" role=""/>
    <member type="way" ref="1194896326" role=""/>
    <member type="way" ref="1159604164" role=""/>
    <member type="way" ref="543790274" role=""/>
    <member type="way" ref="1159604165" role=""/>
    <member type="way" ref="984088911" role=""/>
    <member type="way" ref="984088912" role=""/>
    <member type="way" ref="1530609607" role=""/>
    <member type="way" ref="543790273" role=""/>
    <member type="way" ref="1159830501" role=""/>
    <member type="way" ref="1159830502" role=""/>
    <member type="way" ref="1159830503" role=""/>
    <member type="way" ref="1159830504" role=""/>
    <member type="way" ref="543790275" role=""/>
    <member type="way" ref="1159830964" role=""/>
    <member type="way" ref="543790283" role=""/>
    <member type="way" ref="1159831000" role=""/>
    <member type="way" ref="1159830963" role=""/>
    <member type="way" ref="1159831001" role=""/>
    <member type="way" ref="543790276" role=""/>
    <member type="way" ref="543790282" role=""/>
    <member type="way" ref="1160596468" role=""/>
    <member type="way" ref="23173651" role=""/>
    <member type="way" ref="1497803688" role=""/>
    <member type="way" ref="1056888039" role=""/>
    <member type="way" ref="46111089" role=""/>
    <member type="way" ref="985793333" role=""/>
    <member type="way" ref="985793334" role=""/>
    <member type="way" ref="985793331" role=""/>
    <member type="way" ref="985793336" role=""/>
    <member type="way" ref="985793332" role=""/>
    <member type="way" ref="985793337" role=""/>
    <member type="way" ref="985793338" role=""/>
    <member type="way" ref="1053645711" role=""/>
    <member type="way" ref="985793339" role=""/>
    <member type="way" ref="985793340" role=""/>
    <member type="way" ref="1160858077" role=""/>
    <member type="way" ref="985793341" role=""/>
    <member type="way" ref="46914805" role=""/>
    <member type="way" ref="1497803690" role=""/>
    <member type="way" ref="56689798" role=""/>
    <member type="way" ref="56672774" role=""/>
    <member type="way" ref="46914802" role=""/>
    <member type="way" ref="46111087" role=""/>
    <member type="way" ref="1151170028" role=""/>
    <member type="way" ref="46111088" role=""/>
    <member type="way" ref="101323483" role=""/>
    <member type="way" ref="1159836024" role=""/>
    <member type="way" ref="1159836025" role=""/>
    <member type="way" ref="1159836107" role=""/>
    <member type="way" ref="1159836108" role=""/>
    <member type="way" ref="1159836320" role=""/>
    <member type="way" ref="48769299" role=""/>
    <member type="way" ref="1023639781" role=""/>
    <member type="way" ref="200932117" role=""/>
    <member type="way" ref="1159836548" role=""/>
    <member type="way" ref="200932113" role=""/>
    <member type="way" ref="1159836549" role=""/>
    <member type="way" ref="1159836634" role=""/>
    <member type="way" ref="336882633" role=""/>
    <member type="way" ref="1159836633" role=""/>
    <member type="way" ref="1159837353" role=""/>
    <member type="way" ref="48769301" role=""/>
    <member type="way" ref="1159837354" role=""/>
    <member type="way" ref="100130472" role=""/>
    <member type="way" ref="1153355935" role=""/>
    <member type="way" ref="23173608" role=""/>
    <member type="way" ref="23173610" role=""/>
    <member type="way" ref="45983416" role=""/>
    <member type="way" ref="1159840753" role=""/>
    <member type="way" ref="1159840754" role=""/>
    <member type="way" ref="1159840937" role=""/>
    <member type="way" ref="1159840938" role=""/>
    <member type="way" ref="1159840939" role=""/>
    <member type="way" ref="1159840940" role=""/>
    <member type="way" ref="1159841370" role=""/>
    <member type="way" ref="1159841371" role=""/>
    <member type="way" ref="1159841372" role=""/>
    <member type="way" ref="244963858" role=""/>
    <member type="way" ref="1159841373" role=""/>
    <member type="way" ref="100130471" role=""/>
    <member type="way" ref="49507842" role=""/>
    <member type="way" ref="1353244038" role=""/>
    <member type="way" ref="1353244039" role=""/>
    <member type="way" ref="1353244040" role=""/>
    <member type="way" ref="100179076" role=""/>
    <tag k="air_conditioning" v="yes"/>
    <tag k="bicycle" v="yes"/>
    <tag k="blind" v="limited"/>
    <tag k="bus_class:length" v="4;5"/>
    <tag k="charge:all-in-one" v="90 RUB"/>
    <tag k="charge:cards" v="83 RUB"/>
    <tag k="charge:sbp" v="83 RUB"/>
    <tag k="charge:troika" v="75 RUB"/>
    <tag k="charge:troika_qr" v="75 RUB"/>
    <tag k="check_date" v="2023-04-08"/>
    <tag k="colour" v="#ff9ad2"/>
    <tag k="deaf" v="yes"/>
    <tag k="fee" v="yes"/>
    <tag k="fine:ticketless" v="5000 RUB"/>
    <tag k="from" v="МЦД Тушинская"/>
    <tag k="name" v="Автобус Т: МЦД Тушинская =&gt; Метро «Планерная»"/>
    <tag k="name:uk" v="Автобус Т: МЦД Тушинська =&gt; Метро &quot;Планерна&quot;"/>
    <tag k="network" v="Московский транспорт"/>
    <tag k="operator" v="ГУП «Мосгортранс»"/>
    <tag k="payment:cards" v="yes"/>
    <tag k="payment:cash" v="no"/>
    <tag k="payment:contactless" v="yes"/>
    <tag k="payment:maestro" v="no"/>
    <tag k="payment:mastercard" v="no"/>
    <tag k="payment:mir" v="yes"/>
    <tag k="payment:nfc" v="yes"/>
    <tag k="payment:podorozhnik" v="no"/>
    <tag k="payment:sbp" v="yes"/>
    <tag k="payment:social_cards" v="yes"/>
    <tag k="payment:strelka" v="no"/>
    <tag k="payment:troika" v="yes"/>
    <tag k="payment:visa" v="no"/>
    <tag k="public_transport:version" v="2"/>
    <tag k="ref" v="Т"/>
    <tag k="route" v="bus"/>
    <tag k="source" v="Реестр маршрутов города Москвы"/>
    <tag k="to" v="Метро «Планерная»"/>
    <tag k="type" v="route"/>
    <tag k="website" v="https://transport.mos.ru/transport/schedule/route/190"/>
    <tag k="wheelchair" v="yes"/>
  </relation>
  <relation id="1642252" version="108" timestamp="2026-06-18T14:03:44Z" changeset="184273262" uid="23926472" user="Максим Баранаускас">
    <member type="node" ref="7002783472" role="stop"/>
    <member type="node" ref="6994425541" role="platform"/>
    <member type="node" ref="7006757153" role="stop"/>
    <member type="node" ref="7006757154" role="platform"/>
    <member type="node" ref="1342478631" role="stop"/>
    <member type="node" ref="1157467108" role="platform"/>
    <member type="node" ref="1342478661" role="stop"/>
    <member type="node" ref="1157467137" role="platform"/>
    <member type="node" ref="1342478690" role="stop"/>
    <member type="node" ref="1157467107" role="platform"/>
    <member type="node" ref="1342478616" role="stop"/>
    <member type="node" ref="1157467116" role="platform"/>
    <member type="node" ref="1342478666" role="stop"/>
    <member type="node" ref="1157467134" role="platform"/>
    <member type="node" ref="1342478610" role="stop"/>
    <member type="node" ref="1157467123" role="platform"/>
    <member type="node" ref="1342478634" role="stop"/>
    <member type="node" ref="635973632" role="platform"/>
    <member type="node" ref="1343664172" role="stop"/>
    <member type="node" ref="1169743508" role="platform"/>
    <member type="node" ref="1342478611" role="stop"/>
    <member type="node" ref="1169743505" role="platform"/>
    <member type="node" ref="1342478640" role="stop"/>
    <member type="node" ref="1157491863" role="platform"/>
    <member type="node" ref="1342478695" role="stop"/>
    <member type="node" ref="1157491855" role="platform"/>
    <member type="node" ref="1343664175" role="stop"/>
    <member type="node" ref="1157491862" role="platform"/>
    <member type="node" ref="1342478698" role="stop"/>
    <member type="node" ref="1157491877" role="platform"/>
    <member type="node" ref="1342478720" role="stop"/>
    <member type="node" ref="1157491869" role="platform"/>
    <member type="node" ref="1342478654" role="stop"/>
    <member type="node" ref="1157491865" role="platform"/>
    <member type="node" ref="12391712327" role="stop"/>
    <member type="node" ref="12391712328" role="platform"/>
    <member type="node" ref="1342478630" role="stop"/>
    <member type="node" ref="961560689" role="platform"/>
    <member type="node" ref="9087791842" role="stop"/>
    <member type="node" ref="9087791843" role="platform"/>
    <member type="node" ref="1342478669" role="stop"/>
    <member type="node" ref="926750755" role="platform"/>
    <member type="node" ref="9060043557" role="stop"/>
    <member type="node" ref="961432809" role="platform"/>
    <member type="node" ref="1341952531" role="stop_exit_only"/>
    <member type="node" ref="1174036062" role="platform_exit_only"/>
    <member type="way" ref="1160593096" role=""/>
    <member type="way" ref="1160593097" role=""/>
    <member type="way" ref="1159598765" role=""/>
    <member type="way" ref="1159598764" role=""/>
    <member type="way" ref="1159598287" role=""/>
    <member type="way" ref="23397343" role=""/>
    <member type="way" ref="1159598286" role=""/>
    <member type="way" ref="1159599699" role=""/>
    <member type="way" ref="1159599698" role=""/>
    <member type="way" ref="1159600283" role=""/>
    <member type="way" ref="1159600284" role=""/>
    <member type="way" ref="1159600285" role=""/>
    <member type="way" ref="23397337" role=""/>
    <member type="way" ref="1159600286" role=""/>
    <member type="way" ref="1159600565" role=""/>
    <member type="way" ref="1159600566" role=""/>
    <member type="way" ref="984088908" role=""/>
    <member type="way" ref="984088909" role=""/>
    <member type="way" ref="1159601414" role=""/>
    <member type="way" ref="984088910" role=""/>
    <member type="way" ref="1159601415" role=""/>
    <member type="way" ref="1194896327" role=""/>
    <member type="way" ref="543790270" role=""/>
    <member type="way" ref="1194896326" role=""/>
    <member type="way" ref="1159604164" role=""/>
    <member type="way" ref="543790274" role=""/>
    <member type="way" ref="1159604165" role=""/>
    <member type="way" ref="984088911" role=""/>
    <member type="way" ref="984088912" role=""/>
    <member type="way" ref="1530609607" role=""/>
    <member type="way" ref="543790273" role=""/>
    <member type="way" ref="1159830501" role=""/>
    <member type="way" ref="1159830502" role=""/>
    <member type="way" ref="1159830503" role=""/>
    <member type="way" ref="1159830504" role=""/>
    <member type="way" ref="543790275" role=""/>
    <member type="way" ref="1159830964" role=""/>
    <member type="way" ref="543790283" role=""/>
    <member type="way" ref="1159831000" role=""/>
    <member type="way" ref="1159830963" role=""/>
    <member type="way" ref="1159831001" role=""/>
    <member type="way" ref="543790276" role=""/>
    <member type="way" ref="543790282" role=""/>
    <member type="way" ref="1160596468" role=""/>
    <member type="way" ref="543790284" role=""/>
    <member type="way" ref="305873308" role=""/>
    <member type="way" ref="46914804" role=""/>
    <member type="way" ref="45867299" role=""/>
    <member type="way" ref="56689798" role=""/>
    <member type="way" ref="56672774" role=""/>
    <member type="way" ref="46914802" role=""/>
    <member type="way" ref="46111087" role=""/>
    <member type="way" ref="1151170028" role=""/>
    <member type="way" ref="46111088" role=""/>
    <member type="way" ref="101323483" role=""/>
    <member type="way" ref="23055786" role=""/>
    <member type="way" ref="1102269369" role=""/>
    <member type="way" ref="105023634" role=""/>
    <member type="way" ref="122743333" role=""/>
    <member type="way" ref="1168245885" role=""/>
    <member type="way" ref="1090589175" role=""/>
    <member type="way" ref="1090589174" role=""/>
    <member type="way" ref="1168245886" role=""/>
    <member type="way" ref="122743328" role=""/>
    <member type="way" ref="40609561" role=""/>
    <member type="way" ref="40609560" role=""/>
    <member type="way" ref="40486772" role=""/>
    <member type="way" ref="1160668106" role=""/>
    <member type="way" ref="28909259" role=""/>
    <member type="way" ref="1066171994" role=""/>
    <member type="way" ref="240114155" role=""/>
    <member type="way" ref="1159866616" role=""/>
    <member type="way" ref="1159866615" role=""/>
    <member type="way" ref="1159866494" role=""/>
    <member type="way" ref="1159866493" role=""/>
    <member type="way" ref="1159866492" role=""/>
    <member type="way" ref="1159866491" role=""/>
    <member type="way" ref="82937678" role=""/>
    <member type="way" ref="1159864274" role=""/>
    <member type="way" ref="1159864273" role=""/>
    <member type="way" ref="1159864272" role=""/>
    <member type="way" ref="1159864271" role=""/>
    <member type="way" ref="1159864092" role=""/>
    <member type="way" ref="1159864091" role=""/>
    <member type="way" ref="1159863429" role=""/>
    <member type="way" ref="1159863428" role=""/>
    <member type="way" ref="1216191699" role=""/>
    <member type="way" ref="47694016" role=""/>
    <member type="way" ref="23056080" role=""/>
    <member type="way" ref="1522579476" role=""/>
    <member type="way" ref="82624403" role=""/>
    <member type="way" ref="975295169" role=""/>
    <member type="way" ref="975295171" role=""/>
    <member type="way" ref="975295170" role=""/>
    <member type="way" ref="982779342" role=""/>
    <member type="way" ref="975295172" role=""/>
    <member type="way" ref="82624348" role=""/>
    <member type="way" ref="27479325" role=""/>
    <member type="way" ref="982779341" role=""/>
    <member type="way" ref="79374833" role=""/>
    <member type="way" ref="79374679" role=""/>
    <member type="way" ref="79374681" role=""/>
    <member type="way" ref="78201540" role=""/>
    <member type="way" ref="78177348" role=""/>
    <member type="way" ref="40146388" role=""/>
    <member type="way" ref="23108960" role=""/>
    <member type="way" ref="78172779" role=""/>
    <member type="way" ref="40353808" role=""/>
    <member type="way" ref="47386699" role=""/>
    <member type="way" ref="100774828" role=""/>
    <member type="way" ref="98841673" role=""/>
    <member type="way" ref="1059179269" role=""/>
    <member type="way" ref="98841672" role=""/>
    <member type="way" ref="100179076" role=""/>
    <tag k="air_conditioning" v="yes"/>
    <tag k="bicycle" v="yes"/>
    <tag k="blind" v="limited"/>
    <tag k="bus_class:length" v="4;5"/>
    <tag k="charge:all-in-one" v="90 RUB"/>
    <tag k="charge:cards" v="83 RUB"/>
    <tag k="charge:sbp" v="83 RUB"/>
    <tag k="charge:troika" v="75 RUB"/>
    <tag k="charge:troika_qr" v="75 RUB"/>
    <tag k="check_date" v="2023-04-08"/>
    <tag k="colour" v="#c2e6ff"/>
    <tag k="deaf" v="yes"/>
    <tag k="fee" v="yes"/>
    <tag k="fine:ticketless" v="5000 RUB"/>
    <tag k="from" v="МЦД Тушинская"/>
    <tag k="name" v="Автобус 96: МЦД Тушинская =&gt; Метро «Планерная»"/>
    <tag k="name:uk" v="Автобус 96: МЦД Тушинська =&gt; Метро &quot;Планерна&quot;"/>
    <tag k="network" v="Московский транспорт"/>
    <tag k="operator" v="ГУП «Мосгортранс»"/>
    <tag k="payment:cards" v="yes"/>
    <tag k="payment:cash" v="no"/>
    <tag k="payment:contactless" v="yes"/>
    <tag k="payment:maestro" v="no"/>
    <tag k="payment:mastercard" v="no"/>
    <tag k="payment:mir" v="yes"/>
    <tag k="payment:nfc" v="yes"/>
    <tag k="payment:podorozhnik" v="no"/>
    <tag k="payment:sbp" v="yes"/>
    <tag k="payment:social_cards" v="yes"/>
    <tag k="payment:strelka" v="no"/>
    <tag k="payment:troika" v="yes"/>
    <tag k="payment:visa" v="no"/>
    <tag k="public_transport:version" v="2"/>
    <tag k="ref" v="96"/>
    <tag k="route" v="bus"/>
    <tag k="source" v="Реестр маршрутов города Москвы"/>
    <tag k="to" v="Метро «Планерная»"/>
    <tag k="type" v="route"/>
    <tag k="website" v="https://transport.mos.ru/transport/schedule/route/259"/>
    <tag k="wheelchair" v="yes"/>
  </relation>
  <relation id="1647167" version="150" timestamp="2026-06-18T14:03:44Z" changeset="184273262" uid="23926472" user="Максим Баранаускас">
    <member type="node" ref="7002783472" role="stop"/>
    <member type="node" ref="6994425541" role="platform"/>
    <member type="node" ref="7006757153" role="stop"/>
    <member type="node" ref="7006757154" role="platform"/>
    <member type="node" ref="1342478631" role="stop"/>
    <member type="node" ref="1157467108" role="platform"/>
    <member type="node" ref="1342478661" role="stop"/>
    <member type="node" ref="1157467137" role="platform"/>
    <member type="node" ref="1342478690" role="stop"/>
    <member type="node" ref="1157467107" role="platform"/>
    <member type="node" ref="1342478616" role="stop"/>
    <member type="node" ref="1157467116" role="platform"/>
    <member type="node" ref="1342478666" role="stop"/>
    <member type="node" ref="1157467134" role="platform"/>
    <member type="node" ref="1346563714" role="stop"/>
    <member type="node" ref="1157498699" role="platform"/>
    <member type="node" ref="1346563721" role="stop"/>
    <member type="node" ref="1157491871" role="platform"/>
    <member type="node" ref="1346563686" role="stop"/>
    <member type="node" ref="1157491873" role="platform"/>
    <member type="node" ref="704344105" role="stop"/>
    <member type="node" ref="1157491874" role="platform"/>
    <member type="node" ref="1346563715" role="stop"/>
    <member type="node" ref="1157491858" role="platform"/>
    <member type="node" ref="1346563700" role="stop"/>
    <member type="node" ref="1157491857" role="platform"/>
    <member type="node" ref="1342478640" role="stop"/>
    <member type="node" ref="1157491863" role="platform"/>
    <member type="node" ref="1342478695" role="stop"/>
    <member type="node" ref="1157491855" role="platform"/>
    <member type="node" ref="1343664175" role="stop"/>
    <member type="node" ref="1157491862" role="platform"/>
    <member type="node" ref="1346563708" role="stop"/>
    <member type="node" ref="1157491859" role="platform"/>
    <member type="node" ref="1346563722" role="stop"/>
    <member type="node" ref="1157491866" role="platform"/>
    <member type="node" ref="1346563688" role="stop"/>
    <member type="node" ref="1157491878" role="platform"/>
    <member type="node" ref="1346563690" role="stop"/>
    <member type="node" ref="1157491854" role="platform"/>
    <member type="node" ref="1346563706" role="stop"/>
    <member type="node" ref="1157491856" role="platform"/>
    <member type="node" ref="1346563681" role="stop"/>
    <member type="node" ref="1157491876" role="platform"/>
    <member type="node" ref="1346563694" role="stop"/>
    <member type="node" ref="1157491864" role="platform"/>
    <member type="node" ref="1346563718" role="stop"/>
    <member type="node" ref="1157491870" role="platform"/>
    <member type="node" ref="1346563691" role="stop"/>
    <member type="node" ref="1157491860" role="platform"/>
    <member type="node" ref="1346563705" role="stop"/>
    <member type="node" ref="1157491867" role="platform"/>
    <member type="node" ref="1346563683" role="stop"/>
    <member type="node" ref="1157491872" role="platform"/>
    <member type="node" ref="1342478698" role="stop"/>
    <member type="node" ref="1157491877" role="platform"/>
    <member type="node" ref="1342478720" role="stop"/>
    <member type="node" ref="1157491869" role="platform"/>
    <member type="node" ref="1342478654" role="stop"/>
    <member type="node" ref="1157491865" role="platform"/>
    <member type="node" ref="1346563709" role="stop"/>
    <member type="node" ref="1157491861" role="platform"/>
    <member type="node" ref="248763164" role="stop"/>
    <member type="node" ref="1157491853" role="platform"/>
    <member type="node" ref="10884178216" role="stop"/>
    <member type="node" ref="1157491868" role="platform"/>
    <member type="node" ref="12521440111" role="stop_exit_only"/>
    <member type="node" ref="12521440112" role="platform_exit_only"/>
    <member type="way" ref="1160593096" role=""/>
    <member type="way" ref="1160593097" role=""/>
    <member type="way" ref="1159598765" role=""/>
    <member type="way" ref="1159598764" role=""/>
    <member type="way" ref="1159598287" role=""/>
    <member type="way" ref="23397343" role=""/>
    <member type="way" ref="1159598286" role=""/>
    <member type="way" ref="1159599699" role=""/>
    <member type="way" ref="1159599698" role=""/>
    <member type="way" ref="1159600283" role=""/>
    <member type="way" ref="1159600284" role=""/>
    <member type="way" ref="1159600285" role=""/>
    <member type="way" ref="23397337" role=""/>
    <member type="way" ref="1159600286" role=""/>
    <member type="way" ref="1159600565" role=""/>
    <member type="way" ref="1159600566" role=""/>
    <member type="way" ref="984088908" role=""/>
    <member type="way" ref="984088909" role=""/>
    <member type="way" ref="1159601414" role=""/>
    <member type="way" ref="984088910" role=""/>
    <member type="way" ref="1159601415" role=""/>
    <member type="way" ref="1194896327" role=""/>
    <member type="way" ref="543790270" role=""/>
    <member type="way" ref="1194896326" role=""/>
    <member type="way" ref="1159604164" role=""/>
    <member type="way" ref="543790274" role=""/>
    <member type="way" ref="1159604165" role=""/>
    <member type="way" ref="984088911" role=""/>
    <member type="way" ref="984088912" role=""/>
    <member type="way" ref="1530609607" role=""/>
    <member type="way" ref="543790273" role=""/>
    <member type="way" ref="1159830501" role=""/>
    <member type="way" ref="1159830502" role=""/>
    <member type="way" ref="1159830503" role=""/>
    <member type="way" ref="1159830504" role=""/>
    <member type="way" ref="543790275" role=""/>
    <member type="way" ref="1159830964" role=""/>
    <member type="way" ref="543790283" role=""/>
    <member type="way" ref="1159831000" role=""/>
    <member type="way" ref="1159830963" role=""/>
    <member type="way" ref="1159831001" role=""/>
    <member type="way" ref="543790276" role=""/>
    <member type="way" ref="543790282" role=""/>
    <member type="way" ref="1160596468" role=""/>
    <member type="way" ref="543790284" role=""/>
    <member type="way" ref="305873308" role=""/>
    <member type="way" ref="46914804" role=""/>
    <member type="way" ref="45867299" role=""/>
    <member type="way" ref="109769494" role=""/>
    <member type="way" ref="1381310205" role=""/>
    <member type="way" ref="1159576892" role=""/>
    <member type="way" ref="1159576891" role=""/>
    <member type="way" ref="1100847185" role=""/>
    <member type="way" ref="1100846718" role=""/>
    <member type="way" ref="1100846600" role=""/>
    <member type="way" ref="1100824427" role=""/>
    <member type="way" ref="1053645712" role=""/>
    <member type="way" ref="802981416" role=""/>
    <member type="way" ref="1099793230" role=""/>
    <member type="way" ref="109769495" role=""/>
    <member type="way" ref="1099793247" role=""/>
    <member type="way" ref="109769496" role=""/>
    <member type="way" ref="1098886465" role=""/>
    <member type="way" ref="56126710" role=""/>
    <member type="way" ref="1010793704" role=""/>
    <member type="way" ref="56126711" role=""/>
    <member type="way" ref="1010793705" role=""/>
    <member type="way" ref="1099371791" role=""/>
    <member type="way" ref="1099371792" role=""/>
    <member type="way" ref="1104469909" role=""/>
    <member type="way" ref="1104469910" role=""/>
    <member type="way" ref="1104865722" role=""/>
    <member type="way" ref="1104865723" role=""/>
    <member type="way" ref="1104865724" role=""/>
    <member type="way" ref="1104865725" role=""/>
    <member type="way" ref="56126708" role=""/>
    <member type="way" ref="1104034637" role=""/>
    <member type="way" ref="1159569915" role=""/>
    <member type="way" ref="1159569483" role=""/>
    <member type="way" ref="1159569914" role=""/>
    <member type="way" ref="1104034836" role=""/>
    <member type="way" ref="1159569484" role=""/>
    <member type="way" ref="1104034844" role=""/>
    <member type="way" ref="954052600" role=""/>
    <member type="way" ref="1064269064" role=""/>
    <member type="way" ref="23055829" role=""/>
    <member type="way" ref="40609561" role=""/>
    <member type="way" ref="40609560" role=""/>
    <member type="way" ref="40486772" role=""/>
    <member type="way" ref="1160668106" role=""/>
    <member type="way" ref="28909259" role=""/>
    <member type="way" ref="1066171994" role=""/>
    <member type="way" ref="984862106" role=""/>
    <member type="way" ref="100134032" role=""/>
    <member type="way" ref="119996967" role=""/>
    <member type="way" ref="1009064524" role=""/>
    <member type="way" ref="985578514" role=""/>
    <member type="way" ref="100134038" role=""/>
    <member type="way" ref="54369855" role=""/>
    <member type="way" ref="23056168" role=""/>
    <member type="way" ref="1315928255" role=""/>
    <member type="way" ref="985578515" role=""/>
    <member type="way" ref="985578516" role=""/>
    <member type="way" ref="1158624110" role=""/>
    <member type="way" ref="54369854" role=""/>
    <member type="way" ref="1158624111" role=""/>
    <member type="way" ref="1158624075" role=""/>
    <member type="way" ref="1158624074" role=""/>
    <member type="way" ref="1158623935" role=""/>
    <member type="way" ref="1158623900" role=""/>
    <member type="way" ref="1158623841" role=""/>
    <member type="way" ref="1158623610" role=""/>
    <member type="way" ref="1158623609" role=""/>
    <member type="way" ref="1158623503" role=""/>
    <member type="way" ref="1158623502" role=""/>
    <member type="way" ref="1158623126" role=""/>
    <member type="way" ref="1158623125" role=""/>
    <member type="way" ref="1158623004" role=""/>
    <member type="way" ref="985578517" role=""/>
    <member type="way" ref="1158623005" role=""/>
    <member type="way" ref="1158622225" role=""/>
    <member type="way" ref="1158622224" role=""/>
    <member type="way" ref="1158621766" role=""/>
    <member type="way" ref="1158621765" role=""/>
    <member type="way" ref="55602569" role=""/>
    <member type="way" ref="1158598388" role=""/>
    <member type="way" ref="55602568" role=""/>
    <member type="way" ref="1158598389" role=""/>
    <member type="way" ref="55602721" role=""/>
    <member type="way" ref="55602722" role=""/>
    <member type="way" ref="55602195" role=""/>
    <member type="way" ref="100240057" role=""/>
    <member type="way" ref="55602920" role=""/>
    <member type="way" ref="1068134800" role=""/>
    <member type="way" ref="119996968" role=""/>
    <member type="way" ref="100134034" role=""/>
    <member type="way" ref="55602920" role=""/>
    <member type="way" ref="534023991" role=""/>
    <member type="way" ref="23116855" role=""/>
    <member type="way" ref="1158598389" role=""/>
    <member type="way" ref="55602568" role=""/>
    <member type="way" ref="1158598388" role=""/>
    <member type="way" ref="55602569" role=""/>
    <member type="way" ref="100134037" role=""/>
    <member type="way" ref="1158599757" role=""/>
    <member type="way" ref="1158599758" role=""/>
    <member type="way" ref="1158599868" role=""/>
    <member type="way" ref="1158599869" role=""/>
    <member type="way" ref="1158600034" role=""/>
    <member type="way" ref="1158602545" role=""/>
    <member type="way" ref="1158602546" role=""/>
    <member type="way" ref="1158600035" role=""/>
    <member type="way" ref="1158600947" role=""/>
    <member type="way" ref="1158600948" role=""/>
    <member type="way" ref="1158600949" role=""/>
    <member type="way" ref="1158600950" role=""/>
    <member type="way" ref="1158601408" role=""/>
    <member type="way" ref="1158601409" role=""/>
    <member type="way" ref="1158602548" role=""/>
    <member type="way" ref="1158602547" role=""/>
    <member type="way" ref="1158602549" role=""/>
    <member type="way" ref="1158602550" role=""/>
    <member type="way" ref="1158602783" role=""/>
    <member type="way" ref="56199959" role=""/>
    <member type="way" ref="1158602784" role=""/>
    <member type="way" ref="985578519" role=""/>
    <member type="way" ref="1381308328" role=""/>
    <member type="way" ref="450244879" role=""/>
    <member type="way" ref="66666213" role=""/>
    <member type="way" ref="66665877" role=""/>
    <member type="way" ref="1381308696" role=""/>
    <member type="way" ref="1381308507" role=""/>
    <member type="way" ref="28909260" role=""/>
    <member type="way" ref="240114155" role=""/>
    <member type="way" ref="1159866616" role=""/>
    <member type="way" ref="1159866615" role=""/>
    <member type="way" ref="1159866494" role=""/>
    <member type="way" ref="1159866493" role=""/>
    <member type="way" ref="1159866492" role=""/>
    <member type="way" ref="1159866491" role=""/>
    <member type="way" ref="82937678" role=""/>
    <member type="way" ref="1159864274" role=""/>
    <member type="way" ref="1159864273" role=""/>
    <member type="way" ref="1159864272" role=""/>
    <member type="way" ref="1159864271" role=""/>
    <member type="way" ref="1159864092" role=""/>
    <member type="way" ref="1159864091" role=""/>
    <member type="way" ref="1159863429" role=""/>
    <member type="way" ref="1159863428" role=""/>
    <member type="way" ref="1216191699" role=""/>
    <member type="way" ref="47694016" role=""/>
    <member type="way" ref="23056080" role=""/>
    <member type="way" ref="82622499" role=""/>
    <member type="way" ref="82622502" role=""/>
    <member type="way" ref="1159854641" role=""/>
    <member type="way" ref="1159854642" role=""/>
    <member type="way" ref="98536118" role=""/>
    <member type="way" ref="1159852720" role=""/>
    <member type="way" ref="112457775" role=""/>
    <member type="way" ref="1159852719" role=""/>
    <member type="way" ref="1159844047" role=""/>
    <member type="way" ref="108867289" role=""/>
    <member type="way" ref="1159844046" role=""/>
    <member type="way" ref="1159843941" role=""/>
    <member type="way" ref="1159843940" role=""/>
    <member type="way" ref="1159843939" role=""/>
    <member type="way" ref="1159843938" role=""/>
    <member type="way" ref="1159843497" role=""/>
    <member type="way" ref="1159843496" role=""/>
    <member type="way" ref="1353244042" role=""/>
    <member type="way" ref="1353244041" role=""/>
    <tag k="air_conditioning" v="yes"/>
    <tag k="bicycle" v="yes"/>
    <tag k="blind" v="limited"/>
    <tag k="bus_class:length" v="4;5"/>
    <tag k="charge:all-in-one" v="90 RUB"/>
    <tag k="charge:cards" v="83 RUB"/>
    <tag k="charge:sbp" v="83 RUB"/>
    <tag k="charge:troika" v="75 RUB"/>
    <tag k="charge:troika_qr" v="75 RUB"/>
    <tag k="check_date" v="2023-04-08"/>
    <tag k="colour" v="#ff9ad2"/>
    <tag k="deaf" v="yes"/>
    <tag k="fee" v="yes"/>
    <tag k="fine:ticketless" v="5000 RUB"/>
    <tag k="from" v="МЦД Тушинская"/>
    <tag k="name" v="Автобус 678: МЦД Тушинская =&gt; Метро «Планерная»"/>
    <tag k="name:uk" v="Автобус 678: МЦД Тушинська =&gt; Метро &quot;Планерна&quot;"/>
    <tag k="network" v="Московский транспорт"/>
    <tag k="operator" v="ГУП «Мосгортранс»"/>
    <tag k="payment:cards" v="yes"/>
    <tag k="payment:cash" v="no"/>
    <tag k="payment:contactless" v="yes"/>
    <tag k="payment:maestro" v="no"/>
    <tag k="payment:mastercard" v="no"/>
    <tag k="payment:mir" v="yes"/>
    <tag k="payment:nfc" v="yes"/>
    <tag k="payment:podorozhnik" v="no"/>
    <tag k="payment:sbp" v="yes"/>
    <tag k="payment:social_cards" v="yes"/>
    <tag k="payment:strelka" v="no"/>
    <tag k="payment:troika" v="yes"/>
    <tag k="payment:visa" v="no"/>
    <tag k="public_transport:version" v="2"/>
    <tag k="ref" v="678"/>
    <tag k="route" v="bus"/>
    <tag k="source" v="Реестр маршрутов города Москвы"/>
    <tag k="to" v="Метро «Планерная»"/>
    <tag k="type" v="route"/>
    <tag k="website" v="https://transport.mos.ru/transport/schedule/route/284"/>
    <tag k="wheelchair" v="yes"/>
  </relation>
  <relation id="1745194" version="92" timestamp="2026-06-18T14:03:44Z" changeset="184273262" uid="23926472" user="Максим Баранаускас">
    <member type="node" ref="10863785941" role="stop_entry_only"/>
    <member type="node" ref="10863785942" role="platform_entry_only"/>
    <member type="node" ref="10796974396" role="stop"/>
    <member type="node" ref="10796974397" role="platform"/>
    <member type="node" ref="10796974398" role="stop"/>
    <member type="node" ref="9754962325" role="platform"/>
    <member type="node" ref="12516144327" role="stop"/>
    <member type="node" ref="11770802864" role="platform"/>
    <member type="node" ref="10796974401" role="stop"/>
    <member type="node" ref="10763762412" role="platform"/>
    <member type="node" ref="10796974404" role="stop"/>
    <member type="node" ref="10797046905" role="platform"/>
    <member type="node" ref="10797046906" role="stop"/>
    <member type="node" ref="10797046907" role="platform"/>
    <member type="node" ref="10797046910" role="stop"/>
    <member type="node" ref="10797046911" role="platform"/>
    <member type="node" ref="7321890928" role="stop"/>
    <member type="node" ref="1166260225" role="platform"/>
    <member type="node" ref="7556705059" role="stop"/>
    <member type="node" ref="1166260260" role="platform"/>
    <member type="node" ref="7556705054" role="stop"/>
    <member type="node" ref="1166260245" role="platform"/>
    <member type="node" ref="8181027264" role="stop"/>
    <member type="node" ref="2159438352" role="platform"/>
    <member type="node" ref="1342478661" role="stop"/>
    <member type="node" ref="1157467137" role="platform"/>
    <member type="node" ref="1342478690" role="stop"/>
    <member type="node" ref="1157467107" role="platform"/>
    <member type="node" ref="1342478616" role="stop"/>
    <member type="node" ref="1157467116" role="platform"/>
    <member type="node" ref="1342478666" role="stop"/>
    <member type="node" ref="1157467134" role="platform"/>
    <member type="node" ref="1353443996" role="stop"/>
    <member type="node" ref="1157577666" role="platform"/>
    <member type="way" ref="1160724577" role=""/>
    <member type="way" ref="196510371" role=""/>
    <member type="way" ref="227938809" role=""/>
    <member type="way" ref="227938810" role=""/>
    <member type="way" ref="913685726" role=""/>
    <member type="way" ref="543860544" role=""/>
    <member type="way" ref="1198908696" role=""/>
    <member type="way" ref="906401750" role=""/>
    <member type="way" ref="1015059437" role=""/>
    <member type="way" ref="1266832391" role=""/>
    <member type="way" ref="1267358305" role=""/>
    <member type="way" ref="1266832392" role=""/>
    <member type="way" ref="1266834056" role=""/>
    <member type="way" ref="1266834057" role=""/>
    <member type="way" ref="1015059439" role=""/>
    <member type="way" ref="1266832396" role=""/>
    <member type="way" ref="906401753" role=""/>
    <member type="way" ref="1002320281" role=""/>
    <member type="way" ref="863613164" role=""/>
    <member type="way" ref="1117558866" role=""/>
    <member type="way" ref="863613163" role=""/>
    <member type="way" ref="301093476" role=""/>
    <member type="way" ref="499739407" role=""/>
    <member type="way" ref="388547855" role=""/>
    <member type="way" ref="914026449" role=""/>
    <member type="way" ref="101320340" role=""/>
    <member type="way" ref="1176278963" role=""/>
    <member type="way" ref="1176278962" role=""/>
    <member type="way" ref="1176278964" role=""/>
    <member type="way" ref="1176278961" role=""/>
    <member type="way" ref="388547848" role=""/>
    <member type="way" ref="1176278965" role=""/>
    <member type="way" ref="388547859" role=""/>
    <member type="way" ref="1176278956" role=""/>
    <member type="way" ref="27642486" role=""/>
    <member type="way" ref="246687421" role=""/>
    <member type="way" ref="30092174" role=""/>
    <member type="way" ref="160074314" role=""/>
    <member type="way" ref="855165876" role=""/>
    <member type="way" ref="855165877" role=""/>
    <member type="way" ref="160074329" role=""/>
    <member type="way" ref="543790271" role=""/>
    <member type="way" ref="1159603621" role=""/>
    <member type="way" ref="1159603620" role=""/>
    <member type="way" ref="1159604164" role=""/>
    <member type="way" ref="543790274" role=""/>
    <member type="way" ref="1159604165" role=""/>
    <member type="way" ref="984088911" role=""/>
    <member type="way" ref="984088912" role=""/>
    <member type="way" ref="1530609607" role=""/>
    <member type="way" ref="543790273" role=""/>
    <member type="way" ref="1159830501" role=""/>
    <member type="way" ref="1159830502" role=""/>
    <member type="way" ref="1159830503" role=""/>
    <member type="way" ref="1159830504" role=""/>
    <member type="way" ref="543790275" role=""/>
    <member type="way" ref="1159830964" role=""/>
    <member type="way" ref="543790283" role=""/>
    <member type="way" ref="1159831000" role=""/>
    <member type="way" ref="1159830963" role=""/>
    <member type="way" ref="1159831001" role=""/>
    <member type="way" ref="543790276" role=""/>
    <member type="way" ref="543790282" role=""/>
    <member type="way" ref="1160596468" role=""/>
    <member type="way" ref="543790284" role=""/>
    <member type="way" ref="305873308" role=""/>
    <member type="way" ref="46914804" role=""/>
    <member type="way" ref="45867299" role=""/>
    <member type="way" ref="1497803690" role=""/>
    <member type="way" ref="46914805" role=""/>
    <member type="way" ref="985793341" role=""/>
    <member type="way" ref="1160858077" role=""/>
    <tag k="air_conditioning" v="yes"/>
    <tag k="bicycle" v="yes"/>
    <tag k="blind" v="limited"/>
    <tag k="bus_class:length" v="4;5"/>
    <tag k="charge:all-in-one" v="90 RUB"/>
    <tag k="charge:cards" v="83 RUB"/>
    <tag k="charge:sbp" v="83 RUB"/>
    <tag k="charge:troika" v="75 RUB"/>
    <tag k="charge:troika_qr" v="75 RUB"/>
    <tag k="check_date" v="2023-04-09"/>
    <tag k="colour" v="#ff9ad2"/>
    <tag k="deaf" v="yes"/>
    <tag k="fee" v="yes"/>
    <tag k="fine:ticketless" v="5000 RUB"/>
    <tag k="from" v="Метро «Тушинская»"/>
    <tag k="name" v="Автобус с348: Метро «Тушинская» =&gt; Улица Фабрициуса"/>
    <tag k="name:uk" v="Автобус с348: Метро &quot;Тушинська&quot; =&gt; Вулиця Фабриціуса"/>
    <tag k="network" v="Московский транспорт"/>
    <tag k="operator" v="ГУП «Мосгортранс»"/>
    <tag k="payment:cards" v="yes"/>
    <tag k="payment:cash" v="no"/>
    <tag k="payment:contactless" v="yes"/>
    <tag k="payment:maestro" v="no"/>
    <tag k="payment:mastercard" v="no"/>
    <tag k="payment:mir" v="yes"/>
    <tag k="payment:nfc" v="yes"/>
    <tag k="payment:podorozhnik" v="no"/>
    <tag k="payment:sbp" v="yes"/>
    <tag k="payment:social_cards" v="yes"/>
    <tag k="payment:strelka" v="no"/>
    <tag k="payment:troika" v="yes"/>
    <tag k="payment:visa" v="no"/>
    <tag k="public_transport:version" v="2"/>
    <tag k="ref" v="с348"/>
    <tag k="route" v="bus"/>
    <tag k="source" v="Реестр маршрутов города Москвы"/>
    <tag k="to" v="Улица Фабрициуса"/>
    <tag k="type" v="route"/>
    <tag k="website" v="https://transport.mos.ru/transport/schedule/route/141503978"/>
    <tag k="wheelchair" v="yes"/>
  </relation>
  <relation id="1794994" version="119" timestamp="2026-06-18T14:03:44Z" changeset="184273262" uid="23926472" user="Максим Баранаускас">
    <member type="node" ref="7002783472" role="stop"/>
    <member type="node" ref="6994425541" role="platform"/>
    <member type="node" ref="7006757153" role="stop"/>
    <member type="node" ref="7006757154" role="platform"/>
    <member type="node" ref="1342478631" role="stop"/>
    <member type="node" ref="1157467108" role="platform"/>
    <member type="node" ref="1342478661" role="stop"/>
    <member type="node" ref="1157467137" role="platform"/>
    <member type="node" ref="1342478690" role="stop"/>
    <member type="node" ref="1157467107" role="platform"/>
    <member type="node" ref="1342478616" role="stop"/>
    <member type="node" ref="1157467116" role="platform"/>
    <member type="node" ref="1342478666" role="stop"/>
    <member type="node" ref="1157467134" role="platform"/>
    <member type="node" ref="1346563714" role="stop"/>
    <member type="node" ref="1157498699" role="platform"/>
    <member type="node" ref="1346563721" role="stop"/>
    <member type="node" ref="1157491871" role="platform"/>
    <member type="node" ref="1346563686" role="stop"/>
    <member type="node" ref="1157491873" role="platform"/>
    <member type="node" ref="1470135060" role="stop"/>
    <member type="node" ref="1470135062" role="platform"/>
    <member type="node" ref="1370549772" role="stop"/>
    <member type="node" ref="598847019" role="platform"/>
    <member type="node" ref="1370549773" role="stop"/>
    <member type="node" ref="1370549774" role="platform"/>
    <member type="node" ref="1346563683" role="stop"/>
    <member type="node" ref="1157491872" role="platform"/>
    <member type="node" ref="1342478698" role="stop"/>
    <member type="node" ref="1157491877" role="platform"/>
    <member type="node" ref="1342478720" role="stop"/>
    <member type="node" ref="1157491869" role="platform"/>
    <member type="node" ref="1342478654" role="stop"/>
    <member type="node" ref="1157491865" role="platform"/>
    <member type="node" ref="1368122470" role="stop"/>
    <member type="node" ref="1158788576" role="platform"/>
    <member type="node" ref="1368122471" role="stop"/>
    <member type="node" ref="1158788578" role="platform"/>
    <member type="node" ref="1368122450" role="stop"/>
    <member type="node" ref="1158788606" role="platform"/>
    <member type="node" ref="1368122445" role="stop"/>
    <member type="node" ref="1158788603" role="platform"/>
    <member type="node" ref="926163198" role="stop_exit_only"/>
    <member type="node" ref="1158788596" role="platform_exit_only"/>
    <member type="way" ref="1160593096" role=""/>
    <member type="way" ref="1160593097" role=""/>
    <member type="way" ref="1159598765" role=""/>
    <member type="way" ref="1159598764" role=""/>
    <member type="way" ref="1159598287" role=""/>
    <member type="way" ref="23397343" role=""/>
    <member type="way" ref="1159598286" role=""/>
    <member type="way" ref="1159599699" role=""/>
    <member type="way" ref="1159599698" role=""/>
    <member type="way" ref="1159600283" role=""/>
    <member type="way" ref="1159600284" role=""/>
    <member type="way" ref="1159600285" role=""/>
    <member type="way" ref="23397337" role=""/>
    <member type="way" ref="1159600286" role=""/>
    <member type="way" ref="1159600565" role=""/>
    <member type="way" ref="1159600566" role=""/>
    <member type="way" ref="984088908" role=""/>
    <member type="way" ref="984088909" role=""/>
    <member type="way" ref="1159601414" role=""/>
    <member type="way" ref="984088910" role=""/>
    <member type="way" ref="1159601415" role=""/>
    <member type="way" ref="1194896327" role=""/>
    <member type="way" ref="543790270" role=""/>
    <member type="way" ref="1194896326" role=""/>
    <member type="way" ref="1159604164" role=""/>
    <member type="way" ref="543790274" role=""/>
    <member type="way" ref="1159604165" role=""/>
    <member type="way" ref="984088911" role=""/>
    <member type="way" ref="984088912" role=""/>
    <member type="way" ref="1530609607" role=""/>
    <member type="way" ref="543790273" role=""/>
    <member type="way" ref="1159830501" role=""/>
    <member type="way" ref="1159830502" role=""/>
    <member type="way" ref="1159830503" role=""/>
    <member type="way" ref="1159830504" role=""/>
    <member type="way" ref="543790275" role=""/>
    <member type="way" ref="1159830964" role=""/>
    <member type="way" ref="543790283" role=""/>
    <member type="way" ref="1159831000" role=""/>
    <member type="way" ref="1159830963" role=""/>
    <member type="way" ref="1159831001" role=""/>
    <member type="way" ref="543790276" role=""/>
    <member type="way" ref="543790282" role=""/>
    <member type="way" ref="1160596468" role=""/>
    <member type="way" ref="543790284" role=""/>
    <member type="way" ref="305873308" role=""/>
    <member type="way" ref="46914804" role=""/>
    <member type="way" ref="45867299" role=""/>
    <member type="way" ref="109769494" role=""/>
    <member type="way" ref="1381310205" role=""/>
    <member type="way" ref="1159576892" role=""/>
    <member type="way" ref="1159576891" role=""/>
    <member type="way" ref="1100847185" role=""/>
    <member type="way" ref="1100846718" role=""/>
    <member type="way" ref="1100846600" role=""/>
    <member type="way" ref="1100824427" role=""/>
    <member type="way" ref="1053645712" role=""/>
    <member type="way" ref="802981416" role=""/>
    <member type="way" ref="1099793230" role=""/>
    <member type="way" ref="109769495" role=""/>
    <member type="way" ref="1099793247" role=""/>
    <member type="way" ref="109769496" role=""/>
    <member type="way" ref="1098886465" role=""/>
    <member type="way" ref="56126710" role=""/>
    <member type="way" ref="1010793704" role=""/>
    <member type="way" ref="56126711" role=""/>
    <member type="way" ref="56126713" role=""/>
    <member type="way" ref="1044152750" role=""/>
    <member type="way" ref="1010793703" role=""/>
    <member type="way" ref="37908233" role=""/>
    <member type="way" ref="985793356" role=""/>
    <member type="way" ref="1102826163" role=""/>
    <member type="way" ref="1102826162" role=""/>
    <member type="way" ref="1103109757" role=""/>
    <member type="way" ref="985793355" role=""/>
    <member type="way" ref="1102826913" role=""/>
    <member type="way" ref="37908234" role=""/>
    <member type="way" ref="1381309364" role=""/>
    <member type="way" ref="1381310920" role=""/>
    <member type="way" ref="1381308328" role=""/>
    <member type="way" ref="450244879" role=""/>
    <member type="way" ref="66666213" role=""/>
    <member type="way" ref="66665877" role=""/>
    <member type="way" ref="1381308696" role=""/>
    <member type="way" ref="1381308507" role=""/>
    <member type="way" ref="28909260" role=""/>
    <member type="way" ref="240114155" role=""/>
    <member type="way" ref="1159866616" role=""/>
    <member type="way" ref="1159866615" role=""/>
    <member type="way" ref="1159866494" role=""/>
    <member type="way" ref="1159866493" role=""/>
    <member type="way" ref="1159866492" role=""/>
    <member type="way" ref="1159866491" role=""/>
    <member type="way" ref="82937678" role=""/>
    <member type="way" ref="1159864274" role=""/>
    <member type="way" ref="1159864273" role=""/>
    <member type="way" ref="1159864272" role=""/>
    <member type="way" ref="1159864271" role=""/>
    <member type="way" ref="1159864092" role=""/>
    <member type="way" ref="1159864091" role=""/>
    <member type="way" ref="1159863429" role=""/>
    <member type="way" ref="1159863428" role=""/>
    <member type="way" ref="1216191699" role=""/>
    <member type="way" ref="47694016" role=""/>
    <member type="way" ref="23056080" role=""/>
    <member type="way" ref="27479360" role=""/>
    <member type="way" ref="1522614263" role=""/>
    <member type="way" ref="984677364" role=""/>
    <member type="way" ref="47696458" role=""/>
    <member type="way" ref="984677365" role=""/>
    <member type="way" ref="531046943" role=""/>
    <member type="way" ref="984677367" role=""/>
    <member type="way" ref="27479354" role=""/>
    <member type="way" ref="984862104" role=""/>
    <member type="way" ref="1001148929" role=""/>
    <member type="way" ref="66665848" role=""/>
    <member type="way" ref="1060533853" role=""/>
    <member type="way" ref="54369430" role=""/>
    <member type="way" ref="985819072" role=""/>
    <tag k="air_conditioning" v="yes"/>
    <tag k="bicycle" v="yes"/>
    <tag k="blind" v="limited"/>
    <tag k="bus_class:length" v="4"/>
    <tag k="charge:all-in-one" v="90 RUB"/>
    <tag k="charge:cards" v="83 RUB"/>
    <tag k="charge:sbp" v="83 RUB"/>
    <tag k="charge:troika" v="75 RUB"/>
    <tag k="charge:troika_qr" v="75 RUB"/>
    <tag k="check_date" v="2026-01-05"/>
    <tag k="colour" v="#ff9ad2"/>
    <tag k="deaf" v="yes"/>
    <tag k="description" v="Маршрут обслуживается электробусами"/>
    <tag k="electric_bus" v="yes"/>
    <tag k="electric_bus:type" v="OC"/>
    <tag k="fee" v="yes"/>
    <tag k="fine:ticketless" v="5000 RUB"/>
    <tag k="from" v="МЦД Тушинская"/>
    <tag k="name" v="Автобус 62: МЦД Тушинская =&gt; Братцево"/>
    <tag k="name:uk" v="Автобус 62: МЦД Тушинська =&gt; Братцеве"/>
    <tag k="network" v="Московский транспорт"/>
    <tag k="operator" v="ГУП «Мосгортранс»"/>
    <tag k="payment:cards" v="yes"/>
    <tag k="payment:cash" v="no"/>
    <tag k="payment:contactless" v="yes"/>
    <tag k="payment:maestro" v="no"/>
    <tag k="payment:mastercard" v="no"/>
    <tag k="payment:mir" v="yes"/>
    <tag k="payment:nfc" v="yes"/>
    <tag k="payment:podorozhnik" v="no"/>
    <tag k="payment:sbp" v="yes"/>
    <tag k="payment:social_cards" v="yes"/>
    <tag k="payment:strelka" v="no"/>
    <tag k="payment:troika" v="yes"/>
    <tag k="payment:visa" v="no"/>
    <tag k="public_transport:version" v="2"/>
    <tag k="ref" v="62"/>
    <tag k="route" v="bus"/>
    <tag k="source" v="Реестр маршрутов города Москвы"/>
    <tag k="source:description" v="https://mosgortrans.ru/electrobus/map/"/>
    <tag k="to" v="Братцево"/>
    <tag k="type" v="route"/>
    <tag k="website" v="https://transport.mos.ru/transport/schedule/route/141507985"/>
    <tag k="wheelchair" v="yes"/>
  </relation>
  <relation id="2014616" version="111" timestamp="2026-06-24T20:14:19Z" changeset="184543551" uid="830106" user="literan">
    <member type="node" ref="5041552958" role="stop_entry_only"/>
    <member type="node" ref="5182472214" role="platform_entry_only"/>
    <member type="node" ref="1253685272" role="stop"/>
    <member type="node" ref="1000160884" role="platform"/>
    <member type="node" ref="1253685152" role="stop"/>
    <member type="node" ref="1765058225" role="platform"/>
    <member type="node" ref="1253685235" role="stop"/>
    <member type="node" ref="1765058219" role="platform"/>
    <member type="node" ref="1253685318" role="stop"/>
    <member type="node" ref="1765058211" role="platform"/>
    <member type="node" ref="1253685218" role="stop"/>
    <member type="node" ref="1211173604" role="platform"/>
    <member type="node" ref="1253685293" role="stop"/>
    <member type="node" ref="1211173605" role="platform"/>
    <member type="node" ref="1253685265" role="stop"/>
    <member type="node" ref="1211173611" role="platform"/>
    <member type="node" ref="1253685138" role="stop"/>
    <member type="node" ref="1211173612" role="platform"/>
    <member type="node" ref="1253685164" role="stop"/>
    <member type="node" ref="1162054734" role="platform"/>
    <member type="node" ref="1253685245" role="stop"/>
    <member type="node" ref="1162054735" role="platform"/>
    <member type="node" ref="1253685276" role="stop"/>
    <member type="node" ref="1162054724" role="platform"/>
    <member type="node" ref="1253685156" role="stop"/>
    <member type="node" ref="1229143266" role="platform"/>
    <member type="node" ref="1253685181" role="stop"/>
    <member type="node" ref="312995313" role="platform"/>
    <member type="node" ref="1253685137" role="stop"/>
    <member type="node" ref="1239253796" role="platform"/>
    <member type="node" ref="1253685234" role="stop"/>
    <member type="node" ref="752510416" role="platform"/>
    <member type="node" ref="1253685287" role="stop"/>
    <member type="node" ref="752509859" role="platform"/>
    <member type="node" ref="1253685251" role="stop"/>
    <member type="node" ref="1166379436" role="platform"/>
    <member type="node" ref="1253685334" role="stop"/>
    <member type="node" ref="1166282289" role="platform"/>
    <member type="node" ref="7556705056" role="stop"/>
    <member type="node" ref="993538306" role="platform"/>
    <member type="node" ref="7556705055" role="stop"/>
    <member type="node" ref="1166282284" role="platform"/>
    <member type="node" ref="8181027264" role="stop"/>
    <member type="node" ref="2159438352" role="platform"/>
    <member type="node" ref="1342478661" role="stop"/>
    <member type="node" ref="1157467137" role="platform"/>
    <member type="node" ref="1342478690" role="stop"/>
    <member type="node" ref="1157467107" role="platform"/>
    <member type="node" ref="1342478616" role="stop"/>
    <member type="node" ref="1157467116" role="platform"/>
    <member type="node" ref="1342478666" role="stop"/>
    <member type="node" ref="1157467134" role="platform"/>
    <member type="node" ref="1342478610" role="stop"/>
    <member type="node" ref="1157467123" role="platform"/>
    <member type="node" ref="1342478634" role="stop"/>
    <member type="node" ref="635973632" role="platform"/>
    <member type="node" ref="1343664172" role="stop"/>
    <member type="node" ref="1169743508" role="platform"/>
    <member type="node" ref="1342478611" role="stop"/>
    <member type="node" ref="1169743505" role="platform"/>
    <member type="node" ref="1342478640" role="stop"/>
    <member type="node" ref="1157491863" role="platform"/>
    <member type="node" ref="1342478695" role="stop"/>
    <member type="node" ref="1157491855" role="platform"/>
    <member type="node" ref="1343664175" role="stop"/>
    <member type="node" ref="1157491862" role="platform"/>
    <member type="node" ref="1346563708" role="stop"/>
    <member type="node" ref="1157491859" role="platform"/>
    <member type="node" ref="1408800925" role="stop"/>
    <member type="node" ref="1158864219" role="platform"/>
    <member type="node" ref="1408800934" role="stop"/>
    <member type="node" ref="1158864214" role="platform"/>
    <member type="node" ref="1408800924" role="stop_exit_only"/>
    <member type="node" ref="1158864218" role="platform_exit_only"/>
    <member type="way" ref="534349704" role=""/>
    <member type="way" ref="500078176" role=""/>
    <member type="way" ref="500078177" role=""/>
    <member type="way" ref="502597644" role=""/>
    <member type="way" ref="500083312" role=""/>
    <member type="way" ref="531105310" role=""/>
    <member type="way" ref="681120348" role=""/>
    <member type="way" ref="427052449" role=""/>
    <member type="way" ref="157617019" role=""/>
    <member type="way" ref="356478719" role=""/>
    <member type="way" ref="86205873" role=""/>
    <member type="way" ref="125130690" role=""/>
    <member type="way" ref="177188125" role=""/>
    <member type="way" ref="578673983" role=""/>
    <member type="way" ref="244985763" role=""/>
    <member type="way" ref="86205878" role=""/>
    <member type="way" ref="1324202161" role=""/>
    <member type="way" ref="424809509" role=""/>
    <member type="way" ref="424809510" role=""/>
    <member type="way" ref="425617840" role=""/>
    <member type="way" ref="1324202162" role=""/>
    <member type="way" ref="1324202163" role=""/>
    <member type="way" ref="424809726" role=""/>
    <member type="way" ref="157617028" role=""/>
    <member type="way" ref="1324202165" role=""/>
    <member type="way" ref="583371857" role=""/>
    <member type="way" ref="547763133" role=""/>
    <member type="way" ref="45067594" role=""/>
    <member type="way" ref="1241471034" role=""/>
    <member type="way" ref="157616987" role=""/>
    <member type="way" ref="1241471033" role=""/>
    <member type="way" ref="300966732" role=""/>
    <member type="way" ref="1241471032" role=""/>
    <member type="way" ref="300966585" role=""/>
    <member type="way" ref="300966586" role=""/>
    <member type="way" ref="1241471031" role=""/>
    <member type="way" ref="1084075354" role=""/>
    <member type="way" ref="1241471030" role=""/>
    <member type="way" ref="1241471029" role=""/>
    <member type="way" ref="186000641" role=""/>
    <member type="way" ref="157617045" role=""/>
    <member type="way" ref="1093139563" role=""/>
    <member type="way" ref="157617001" role=""/>
    <member type="way" ref="73092615" role=""/>
    <member type="way" ref="1241471071" role=""/>
    <member type="way" ref="1241471070" role=""/>
    <member type="way" ref="1193138642" role=""/>
    <member type="way" ref="30495038" role=""/>
    <member type="way" ref="1163593709" role=""/>
    <member type="way" ref="1158998206" role=""/>
    <member type="way" ref="1160672564" role=""/>
    <member type="way" ref="189893223" role=""/>
    <member type="way" ref="189893224" role=""/>
    <member type="way" ref="189893222" role=""/>
    <member type="way" ref="129352142" role=""/>
    <member type="way" ref="1241471063" role=""/>
    <member type="way" ref="157616951" role=""/>
    <member type="way" ref="1241471079" role=""/>
    <member type="way" ref="879781761" role=""/>
    <member type="way" ref="441133596" role=""/>
    <member type="way" ref="100971810" role=""/>
    <member type="way" ref="30833029" role=""/>
    <member type="way" ref="702195357" role=""/>
    <member type="way" ref="48490466" role=""/>
    <member type="way" ref="664124945" role=""/>
    <member type="way" ref="1241471060" role=""/>
    <member type="way" ref="46766592" role=""/>
    <member type="way" ref="1241471061" role=""/>
    <member type="way" ref="46766593" role=""/>
    <member type="way" ref="46766070" role=""/>
    <member type="way" ref="11329781" role=""/>
    <member type="way" ref="108383690" role=""/>
    <member type="way" ref="27642626" role=""/>
    <member type="way" ref="1241471050" role=""/>
    <member type="way" ref="160074211" role=""/>
    <member type="way" ref="1241471049" role=""/>
    <member type="way" ref="27349691" role=""/>
    <member type="way" ref="1241471048" role=""/>
    <member type="way" ref="1241471047" role=""/>
    <member type="way" ref="1241471046" role=""/>
    <member type="way" ref="25235853" role=""/>
    <member type="way" ref="1241471045" role=""/>
    <member type="way" ref="543790271" role=""/>
    <member type="way" ref="1159603621" role=""/>
    <member type="way" ref="1159603620" role=""/>
    <member type="way" ref="1159604164" role=""/>
    <member type="way" ref="543790274" role=""/>
    <member type="way" ref="1159604165" role=""/>
    <member type="way" ref="984088911" role=""/>
    <member type="way" ref="984088912" role=""/>
    <member type="way" ref="1530609607" role=""/>
    <member type="way" ref="543790273" role=""/>
    <member type="way" ref="1159830501" role=""/>
    <member type="way" ref="1159830502" role=""/>
    <member type="way" ref="1159830503" role=""/>
    <member type="way" ref="1159830504" role=""/>
    <member type="way" ref="543790275" role=""/>
    <member type="way" ref="1159830964" role=""/>
    <member type="way" ref="543790283" role=""/>
    <member type="way" ref="1159831000" role=""/>
    <member type="way" ref="1159830963" role=""/>
    <member type="way" ref="1159831001" role=""/>
    <member type="way" ref="543790276" role=""/>
    <member type="way" ref="543790282" role=""/>
    <member type="way" ref="1160596468" role=""/>
    <member type="way" ref="543790284" role=""/>
    <member type="way" ref="305873308" role=""/>
    <member type="way" ref="46914804" role=""/>
    <member type="way" ref="45867299" role=""/>
    <member type="way" ref="56689798" role=""/>
    <member type="way" ref="56672774" role=""/>
    <member type="way" ref="46914802" role=""/>
    <member type="way" ref="46111087" role=""/>
    <member type="way" ref="1151170028" role=""/>
    <member type="way" ref="46111088" role=""/>
    <member type="way" ref="101323483" role=""/>
    <member type="way" ref="23055786" role=""/>
    <member type="way" ref="1102269369" role=""/>
    <member type="way" ref="105023634" role=""/>
    <member type="way" ref="122743333" role=""/>
    <member type="way" ref="1168245885" role=""/>
    <member type="way" ref="1090589175" role=""/>
    <member type="way" ref="1090589174" role=""/>
    <member type="way" ref="1168245886" role=""/>
    <member type="way" ref="122743328" role=""/>
    <member type="way" ref="40609561" role=""/>
    <member type="way" ref="40609560" role=""/>
    <member type="way" ref="40486772" role=""/>
    <member type="way" ref="1160668106" role=""/>
    <member type="way" ref="28909259" role=""/>
    <member type="way" ref="1066171994" role=""/>
    <member type="way" ref="984862106" role=""/>
    <member type="way" ref="100134032" role=""/>
    <member type="way" ref="119996967" role=""/>
    <member type="way" ref="1009064524" role=""/>
    <member type="way" ref="66665847" role=""/>
    <member type="way" ref="23044868" role=""/>
    <member type="way" ref="23019070" role=""/>
    <tag k="air_conditioning" v="yes"/>
    <tag k="bicycle" v="yes"/>
    <tag k="blind" v="limited"/>
    <tag k="bus_class:length" v="4"/>
    <tag k="charge:all-in-one" v="90 RUB"/>
    <tag k="charge:cards" v="83 RUB"/>
    <tag k="charge:sbp" v="83 RUB"/>
    <tag k="charge:troika" v="75 RUB"/>
    <tag k="charge:troika_qr" v="75 RUB"/>
    <tag k="check_date" v="2026-01-05"/>
    <tag k="colour" v="#c2e6ff"/>
    <tag k="deaf" v="yes"/>
    <tag k="description" v="Маршрут обслуживается электробусами"/>
    <tag k="electric_bus" v="yes"/>
    <tag k="electric_bus:type" v="OC"/>
    <tag k="fee" v="yes"/>
    <tag k="fine:ticketless" v="5000 RUB"/>
    <tag k="from" v="Белорусский вокзал"/>
    <tag k="name" v="Автобус т70: Белорусский вокзал =&gt; Братцево"/>
    <tag k="name:uk" v="Автобус т70: Білоруський вокзал =&gt; Братцеве"/>
    <tag k="network" v="Московский транспорт"/>
    <tag k="operator" v="ГУП «Мосгортранс»"/>
    <tag k="payment:cards" v="yes"/>
    <tag k="payment:cash" v="no"/>
    <tag k="payment:contactless" v="yes"/>
    <tag k="payment:maestro" v="no"/>
    <tag k="payment:mastercard" v="no"/>
    <tag k="payment:mir" v="yes"/>
    <tag k="payment:nfc" v="yes"/>
    <tag k="payment:podorozhnik" v="no"/>
    <tag k="payment:sbp" v="yes"/>
    <tag k="payment:social_cards" v="yes"/>
    <tag k="payment:strelka" v="no"/>
    <tag k="payment:troika" v="yes"/>
    <tag k="payment:visa" v="no"/>
    <tag k="public_transport:version" v="2"/>
    <tag k="ref" v="т70"/>
    <tag k="route" v="bus"/>
    <tag k="source" v="Реестр маршрутов города Москвы"/>
    <tag k="source:description" v="https://mosgortrans.ru/electrobus/map/"/>
    <tag k="to" v="Братцево"/>
    <tag k="type" v="route"/>
    <tag k="website" v="https://transport.mos.ru/transport/schedule/route/141509297"/>
    <tag k="wheelchair" v="yes"/>
  </relation>
  <relation id="2312937" version="71" timestamp="2026-06-18T14:03:44Z" changeset="184273262" uid="23926472" user="Максим Баранаускас">
    <member type="way" ref="855165875" role="street"/>
    <member type="way" ref="855165878" role="street"/>
    <member type="way" ref="160074319" role="street"/>
    <member type="way" ref="160074323" role="street"/>
    <member type="way" ref="1241471041" role="street"/>
    <member type="way" ref="1241471040" role="street"/>
    <member type="way" ref="543870905" role="street"/>
    <member type="way" ref="1159603817" role="street"/>
    <member type="way" ref="1159603816" role="street"/>
    <member type="way" ref="1159603815" role="street"/>
    <member type="way" ref="1159604724" role="street"/>
    <member type="way" ref="1159604723" role="street"/>
    <member type="way" ref="656652447" role="street"/>
    <member type="way" ref="656652445" role="street"/>
    <member type="way" ref="1530593923" role="street"/>
    <member type="way" ref="46657512" role="street"/>
    <member type="way" ref="1159830966" role="street"/>
    <member type="way" ref="1159830965" role="street"/>
    <member type="way" ref="543790277" role="street"/>
    <member type="way" ref="543790280" role="street"/>
    <member type="way" ref="1056624903" role="street"/>
    <member type="way" ref="543790281" role="street"/>
    <member type="way" ref="1056624902" role="street"/>
    <member type="way" ref="305873308" role="street"/>
    <member type="way" ref="46914804" role="street"/>
    <member type="way" ref="45867299" role="street"/>
    <member type="way" ref="56689798" role="street"/>
    <member type="way" ref="56672774" role="street"/>
    <member type="way" ref="46914802" role="street"/>
    <member type="way" ref="46111087" role="street"/>
    <member type="way" ref="1151170028" role="street"/>
    <member type="way" ref="46111088" role="street"/>
    <member type="way" ref="101323483" role="street"/>
    <member type="way" ref="1159836024" role="street"/>
    <member type="way" ref="1159836025" role="street"/>
    <member type="way" ref="1159836107" role="street"/>
    <member type="way" ref="1159836108" role="street"/>
    <member type="way" ref="1159836320" role="street"/>
    <member type="way" ref="48769299" role="street"/>
    <member type="way" ref="1023639781" role="street"/>
    <member type="way" ref="200932117" role="street"/>
    <member type="way" ref="1159836548" role="street"/>
    <member type="way" ref="200932113" role="street"/>
    <member type="way" ref="1159836549" role="street"/>
    <member type="way" ref="1159836634" role="street"/>
    <member type="way" ref="336882633" role="street"/>
    <member type="way" ref="1159836633" role="street"/>
    <member type="way" ref="1159837353" role="street"/>
    <member type="way" ref="48769301" role="street"/>
    <member type="way" ref="1159837354" role="street"/>
    <member type="way" ref="100130472" role="street"/>
    <member type="way" ref="1153355935" role="street"/>
    <member type="way" ref="277205824" role="street"/>
    <member type="way" ref="1153455654" role="street"/>
    <member type="way" ref="49488710" role="street"/>
    <member type="way" ref="1153455653" role="street"/>
    <member type="way" ref="1153455652" role="street"/>
    <member type="way" ref="853283248" role="street"/>
    <member type="way" ref="1153355936" role="street"/>
    <member type="way" ref="1153355937" role="street"/>
    <member type="way" ref="77382938" role="street"/>
    <member type="way" ref="77382937" role="street"/>
    <member type="way" ref="145226609" role="street"/>
    <member type="way" ref="210647058" role="street"/>
    <member type="way" ref="975286813" role="street"/>
    <member type="way" ref="232269722" role="street"/>
    <member type="way" ref="192888456" role="street"/>
    <member type="way" ref="56690243" role="street"/>
    <member type="way" ref="24595610" role="street"/>
    <member type="way" ref="31281741" role="street"/>
    <member type="way" ref="1053328757" role="street"/>
    <member type="way" ref="172396722" role="street"/>
    <member type="way" ref="1063148995" role="street"/>
    <member type="way" ref="11252645" role="street"/>
    <member type="way" ref="8873209" role="street"/>
    <member type="way" ref="11252643" role="street"/>
    <member type="way" ref="172396723" role="street"/>
    <member type="way" ref="100255880" role="street"/>
    <member type="way" ref="975286814" role="street"/>
    <member type="way" ref="8085761" role="street"/>
    <member type="way" ref="160074314" role="street"/>
    <member type="way" ref="855165876" role="street"/>
    <member type="way" ref="855165877" role="street"/>
    <member type="way" ref="160074329" role="street"/>
    <member type="way" ref="543790271" role="street"/>
    <member type="way" ref="1159603621" role="street"/>
    <member type="way" ref="1159603620" role="street"/>
    <member type="way" ref="1159604164" role="street"/>
    <member type="way" ref="543790274" role="street"/>
    <member type="way" ref="1159604165" role="street"/>
    <member type="way" ref="984088911" role="street"/>
    <member type="way" ref="984088912" role="street"/>
    <member type="way" ref="1530609607" role="street"/>
    <member type="way" ref="543790273" role="street"/>
    <member type="way" ref="1159830501" role="street"/>
    <member type="way" ref="1159830502" role="street"/>
    <member type="way" ref="1159830503" role="street"/>
    <member type="way" ref="1159830504" role="street"/>
    <member type="way" ref="543790275" role="street"/>
    <member type="way" ref="1159830964" role="street"/>
    <member type="way" ref="543790283" role="street"/>
    <member type="way" ref="1159831000" role="street"/>
    <member type="way" ref="1159830963" role="street"/>
    <member type="way" ref="1159831001" role="street"/>
    <member type="way" ref="543790276" role="street"/>
    <member type="way" ref="543790282" role="street"/>
    <member type="way" ref="1160596468" role="street"/>
    <member type="way" ref="543790284" role="street"/>
    <member type="way" ref="23173651" role="street"/>
    <tag k="name" v="улица Свободы"/>
    <tag k="type" v="associatedStreet"/>
    <tag k="wikidata" v="Q4473932"/>
    <tag k="wikipedia" v="ru:Улица Свободы (Москва)"/>
  </relation>
  <relation id="2639231" version="24" timestamp="2023-09-16T23:04:43Z" changeset="141361414" uid="8726248" user="traveleditor">
    <member type="way" ref="23397206" role="street"/>
    <member type="way" ref="1177558258" role="street"/>
    <member type="way" ref="543790278" role="street"/>
    <member type="way" ref="1177558259" role="street"/>
    <member type="way" ref="1159580378" role="street"/>
    <member type="way" ref="1159580379" role="street"/>
    <member type="way" ref="1181099759" role="street"/>
    <member type="way" ref="100130473" role="street"/>
    <member type="way" ref="1159580932" role="street"/>
    <member type="way" ref="1159580933" role="street"/>
    <member type="way" ref="1159581074" role="street"/>
    <tag k="name" v="Малая Набережная улица"/>
    <tag k="type" v="street"/>
    <tag k="wikidata" v="Q4277125"/>
    <tag k="wikipedia" v="ru:Малая Набережная улица"/>
  </relation>
  <relation id="3832222" version="2" timestamp="2021-11-11T07:16:54Z" changeset="113638117" uid="11321493" user="Grass-snake">
    <member type="way" ref="288713239" role="outer"/>
    <member type="way" ref="288713284" role="outer"/>
    <tag k="building:levels" v="3"/>
    <tag k="building:part" v="yes"/>
    <tag k="type" v="multipolygon"/>
  </relation>
  <relation id="3832225" version="2" timestamp="2021-11-11T07:16:54Z" changeset="113638117" uid="11321493" user="Grass-snake">
    <member type="way" ref="288713240" role="outer"/>
    <member type="way" ref="288713280" role="outer"/>
    <tag k="building:levels" v="3"/>
    <tag k="building:part" v="yes"/>
    <tag k="type" v="multipolygon"/>
  </relation>
  <relation id="3832230" version="3" timestamp="2023-06-07T09:47:28Z" changeset="137048734" uid="18826385" user="MarinaKuzko">
    <member type="way" ref="288713242" role="outer"/>
    <member type="way" ref="36953182" role="outer"/>
    <tag k="building:levels" v="5"/>
    <tag k="building:part" v="apartments"/>
    <tag k="type" v="multipolygon"/>
  </relation>
  <relation id="3832231" version="3" timestamp="2023-06-07T09:47:28Z" changeset="137048734" uid="18826385" user="MarinaKuzko">
    <member type="way" ref="288713243" role="outer"/>
    <member type="way" ref="288713294" role="outer"/>
    <tag k="building:levels" v="5"/>
    <tag k="building:part" v="apartments"/>
    <tag k="type" v="multipolygon"/>
  </relation>
  <relation id="3832233" version="6" timestamp="2025-03-31T20:25:06Z" changeset="164347916" uid="830106" user="literan">
    <member type="way" ref="36953182" role="outer"/>
    <member type="way" ref="288713305" role="outer"/>
    <member type="way" ref="288713294" role="outer"/>
    <member type="way" ref="288713258" role="outer"/>
    <tag k="addr:city" v="Москва"/>
    <tag k="addr:country" v="RU"/>
    <tag k="addr:housenumber" v="18"/>
    <tag k="addr:street" v="улица Свободы"/>
    <tag k="building" v="apartments"/>
    <tag k="building:architecture" v="stalinist_neoclassicism"/>
    <tag k="building:colour" v="beige;brown"/>
    <tag k="building:levels" v="7"/>
    <tag k="building:material" v="brick"/>
    <tag k="roof:angle" v="30"/>
    <tag k="roof:colour" v="grey"/>
    <tag k="roof:levels" v="7"/>
    <tag k="roof:material" v="metal"/>
    <tag k="roof:shape" v="hipped"/>
    <tag k="type" v="multipolygon"/>
  </relation>
  <relation id="3832234" version="3" timestamp="2023-06-07T09:47:28Z" changeset="137048734" uid="18826385" user="MarinaKuzko">
    <member type="way" ref="288713243" role="outer"/>
    <member type="way" ref="288713242" role="outer"/>
    <member type="way" ref="288713305" role="outer"/>
    <member type="way" ref="288713258" role="outer"/>
    <tag k="building:levels" v="7"/>
    <tag k="building:part" v="apartments"/>
    <tag k="type" v="multipolygon"/>
  </relation>
  <relation id="3832235" version="2" timestamp="2021-11-11T07:16:54Z" changeset="113638117" uid="11321493" user="Grass-snake">
    <member type="way" ref="288713240" role="outer"/>
    <member type="way" ref="288713239" role="outer"/>
    <member type="way" ref="55216679" role="outer"/>
    <member type="way" ref="288713246" role="outer"/>
    <tag k="building:levels" v="4"/>
    <tag k="building:part" v="yes"/>
    <tag k="type" v="multipolygon"/>
  </relation>
  <relation id="3832237" version="3" timestamp="2025-03-31T20:25:06Z" changeset="164347916" uid="830106" user="literan">
    <member type="way" ref="55216679" role="outer"/>
    <member type="way" ref="288713284" role="outer"/>
    <member type="way" ref="288713246" role="outer"/>
    <member type="way" ref="288713280" role="outer"/>
    <tag k="addr:city" v="Москва"/>
    <tag k="addr:country" v="RU"/>
    <tag k="addr:housenumber" v="8А"/>
    <tag k="addr:street" v="Подмосковная улица"/>
    <tag k="building" v="apartments"/>
    <tag k="building:architecture" v="stalinist_neoclassicism"/>
    <tag k="type" v="multipolygon"/>
  </relation>
  <relation id="5469621" version="17" timestamp="2023-09-16T23:04:43Z" changeset="141361414" uid="8726248" user="traveleditor">
    <member type="way" ref="368029541" role="outline"/>
    <member type="way" ref="23160802" role="across"/>
    <member type="way" ref="203099003" role="across"/>
    <member type="way" ref="183429603" role="across"/>
    <tag k="name" v="Восточный мост"/>
    <tag k="type" v="bridge"/>
  </relation>
  <relation id="9473057" version="4" timestamp="2023-05-30T10:30:23Z" changeset="136738395" uid="12176526" user="somix">
    <member type="way" ref="1159831001" role="from"/>
    <member type="way" ref="1177558258" role="to"/>
    <member type="node" ref="5256743064" role="via"/>
    <tag k="restriction" v="no_left_turn"/>
    <tag k="type" v="restriction"/>
  </relation>
  <relation id="9699603" version="1" timestamp="2019-06-18T07:17:04Z" changeset="71354712" uid="830106" user="literan">
    <member type="way" ref="23397206" role="from"/>
    <member type="way" ref="543790276" role="to"/>
    <member type="node" ref="5256743064" role="via"/>
    <tag k="restriction" v="only_right_turn"/>
    <tag k="type" v="restriction"/>
  </relation>
  <relation id="11683787" version="20" timestamp="2023-09-16T23:04:43Z" changeset="141361414" uid="8726248" user="traveleditor">
    <member type="way" ref="299052535" role="line"/>
    <member type="way" ref="299052528" role="line"/>
    <member type="way" ref="338968913" role="line"/>
    <member type="way" ref="852483270" role="line"/>
    <member type="way" ref="529131597" role="endpoint"/>
    <member type="relation" ref="4260485" role="endpoint"/>
    <tag k="circuits" v="1"/>
    <tag k="name" v="Новобратцево - Хуторская"/>
    <tag k="name:uk" v="Новобратцеве - Хуторська"/>
    <tag k="power" v="circuit"/>
    <tag k="type" v="power"/>
    <tag k="voltage" v="110000"/>
  </relation>
  <relation id="11683788" version="20" timestamp="2023-09-16T23:04:43Z" changeset="141361414" uid="8726248" user="traveleditor">
    <member type="way" ref="852483279" role="line"/>
    <member type="way" ref="529131597" role=""/>
    <member type="way" ref="338968932" role="line"/>
    <member type="way" ref="338968913" role="line"/>
    <member type="way" ref="852483269" role="line"/>
    <member type="relation" ref="4260485" role="endpoint"/>
    <member type="relation" ref="6668752" role="endpoint"/>
    <tag k="circuits" v="1"/>
    <tag k="name" v="Новобратцево - Тушино с отпайкой на ПС &quot;Хуторская&quot;"/>
    <tag k="name:uk" v="Новобратцеве - Тушине з відпаюванням на ПС &quot;Хуторська&quot;"/>
    <tag k="power" v="circuit"/>
    <tag k="type" v="power"/>
    <tag k="voltage" v="110000"/>
  </relation>
  <relation id="11815078" version="20" timestamp="2023-09-16T23:04:43Z" changeset="141361414" uid="8726248" user="traveleditor">
    <member type="way" ref="203148969" role="line"/>
    <member type="way" ref="824302315" role="line"/>
    <member type="way" ref="529131597" role="endpoint"/>
    <member type="way" ref="824302316" role="line"/>
    <member type="relation" ref="5621374" role="endpoint"/>
    <tag k="circuits" v="2"/>
    <tag k="name" v="Хуторская - Стрешнево 1,2"/>
    <tag k="name:uk" v="Хуторська - Стрешнєво 1,2"/>
    <tag k="power" v="circuit"/>
    <tag k="type" v="power"/>
    <tag k="voltage" v="35000"/>
  </relation>
  <relation id="15739604" version="68" timestamp="2026-06-24T20:14:19Z" changeset="184543551" uid="830106" user="literan">
    <member type="node" ref="4439615545" role="stop_entry_only"/>
    <member type="node" ref="4439615544" role="platform_entry_only"/>
    <member type="node" ref="336215380" role="stop"/>
    <member type="node" ref="1253123695" role="platform"/>
    <member type="node" ref="10707555443" role="stop"/>
    <member type="node" ref="4504214806" role="platform"/>
    <member type="node" ref="4436980877" role="stop"/>
    <member type="node" ref="4436980878" role="platform"/>
    <member type="node" ref="1253685308" role="stop"/>
    <member type="node" ref="288939749" role="platform"/>
    <member type="node" ref="1253685159" role="stop"/>
    <member type="node" ref="1211173609" role="platform"/>
    <member type="node" ref="1253685175" role="stop"/>
    <member type="node" ref="1211173602" role="platform"/>
    <member type="node" ref="1253685248" role="stop"/>
    <member type="node" ref="1211173603" role="platform"/>
    <member type="node" ref="1253685322" role="stop"/>
    <member type="node" ref="1211173614" role="platform"/>
    <member type="node" ref="1253685220" role="stop"/>
    <member type="node" ref="1211173615" role="platform"/>
    <member type="node" ref="1253685305" role="stop"/>
    <member type="node" ref="1211173608" role="platform"/>
    <member type="node" ref="5041554170" role="stop"/>
    <member type="node" ref="5182472215" role="platform"/>
    <member type="node" ref="1253685272" role="stop"/>
    <member type="node" ref="1000160884" role="platform"/>
    <member type="node" ref="1253685152" role="stop"/>
    <member type="node" ref="1765058225" role="platform"/>
    <member type="node" ref="1253685235" role="stop"/>
    <member type="node" ref="1765058219" role="platform"/>
    <member type="node" ref="1253685318" role="stop"/>
    <member type="node" ref="1765058211" role="platform"/>
    <member type="node" ref="1253685218" role="stop"/>
    <member type="node" ref="1211173604" role="platform"/>
    <member type="node" ref="1253685293" role="stop"/>
    <member type="node" ref="1211173605" role="platform"/>
    <member type="node" ref="1253685265" role="stop"/>
    <member type="node" ref="1211173611" role="platform"/>
    <member type="node" ref="1253685138" role="stop"/>
    <member type="node" ref="1211173612" role="platform"/>
    <member type="node" ref="1253685164" role="stop"/>
    <member type="node" ref="1162054734" role="platform"/>
    <member type="node" ref="1253685245" role="stop"/>
    <member type="node" ref="1162054735" role="platform"/>
    <member type="node" ref="1253685276" role="stop"/>
    <member type="node" ref="1162054724" role="platform"/>
    <member type="node" ref="1253685156" role="stop"/>
    <member type="node" ref="1229143266" role="platform"/>
    <member type="node" ref="1253685181" role="stop"/>
    <member type="node" ref="312995313" role="platform"/>
    <member type="node" ref="1253685137" role="stop"/>
    <member type="node" ref="1239253796" role="platform"/>
    <member type="node" ref="1253685234" role="stop"/>
    <member type="node" ref="752510416" role="platform"/>
    <member type="node" ref="1253685287" role="stop"/>
    <member type="node" ref="752509859" role="platform"/>
    <member type="node" ref="1253685251" role="stop"/>
    <member type="node" ref="1166379436" role="platform"/>
    <member type="node" ref="1253685334" role="stop"/>
    <member type="node" ref="1166282289" role="platform"/>
    <member type="node" ref="7556705056" role="stop"/>
    <member type="node" ref="993538306" role="platform"/>
    <member type="node" ref="7556705055" role="stop"/>
    <member type="node" ref="1166282284" role="platform"/>
    <member type="node" ref="8181027264" role="stop"/>
    <member type="node" ref="2159438352" role="platform"/>
    <member type="node" ref="1342478661" role="stop"/>
    <member type="node" ref="1157467137" role="platform"/>
    <member type="node" ref="1342478690" role="stop"/>
    <member type="node" ref="1157467107" role="platform"/>
    <member type="node" ref="1342478616" role="stop"/>
    <member type="node" ref="1157467116" role="platform"/>
    <member type="node" ref="1342478666" role="stop"/>
    <member type="node" ref="1157467134" role="platform"/>
    <member type="node" ref="1342478610" role="stop"/>
    <member type="node" ref="1157467123" role="platform"/>
    <member type="node" ref="1342478634" role="stop"/>
    <member type="node" ref="635973632" role="platform"/>
    <member type="node" ref="1342478685" role="stop"/>
    <member type="node" ref="1157467127" role="platform"/>
    <member type="node" ref="1343664172" role="stop"/>
    <member type="node" ref="1169743508" role="platform"/>
    <member type="node" ref="1342478611" role="stop"/>
    <member type="node" ref="1169743505" role="platform"/>
    <member type="node" ref="1342478640" role="stop"/>
    <member type="node" ref="1157491863" role="platform"/>
    <member type="node" ref="1342478695" role="stop"/>
    <member type="node" ref="1157491855" role="platform"/>
    <member type="node" ref="1343664175" role="stop"/>
    <member type="node" ref="1157491862" role="platform"/>
    <member type="node" ref="1346563708" role="stop"/>
    <member type="node" ref="1157491859" role="platform"/>
    <member type="node" ref="1408800925" role="stop"/>
    <member type="node" ref="1158864219" role="platform"/>
    <member type="node" ref="1408800934" role="stop"/>
    <member type="node" ref="1158864214" role="platform"/>
    <member type="node" ref="1408800924" role="stop"/>
    <member type="node" ref="1158864218" role="platform"/>
    <member type="node" ref="1532883550" role="stop"/>
    <member type="node" ref="1158864215" role="platform"/>
    <member type="node" ref="7490588112" role="stop"/>
    <member type="node" ref="2781281501" role="platform"/>
    <member type="node" ref="1417530731" role="stop"/>
    <member type="node" ref="1158869394" role="platform"/>
    <member type="node" ref="7490588110" role="stop"/>
    <member type="node" ref="7490588109" role="platform"/>
    <member type="node" ref="1532883513" role="stop"/>
    <member type="node" ref="1158869396" role="platform"/>
    <member type="node" ref="7490588098" role="stop"/>
    <member type="node" ref="1158869400" role="platform"/>
    <member type="node" ref="7437848561" role="stop"/>
    <member type="node" ref="1063602053" role="platform"/>
    <member type="node" ref="7437848558" role="stop"/>
    <member type="node" ref="1331082747" role="platform"/>
    <member type="node" ref="2085712601" role="stop"/>
    <member type="node" ref="1331033668" role="platform"/>
    <member type="node" ref="7321890898" role="stop"/>
    <member type="node" ref="1331052390" role="platform"/>
    <member type="node" ref="7321890901" role="stop"/>
    <member type="node" ref="525695112" role="platform"/>
    <member type="node" ref="1532883516" role="stop"/>
    <member type="node" ref="1158869392" role="platform"/>
    <member type="node" ref="7321890906" role="stop"/>
    <member type="node" ref="1158869398" role="platform"/>
    <member type="node" ref="1532883507" role="stop"/>
    <member type="node" ref="1158869389" role="platform"/>
    <member type="node" ref="1532883531" role="stop"/>
    <member type="node" ref="1158869397" role="platform"/>
    <member type="node" ref="1532883510" role="stop"/>
    <member type="node" ref="1158869391" role="platform"/>
    <member type="node" ref="1532883535" role="stop"/>
    <member type="node" ref="1158869395" role="platform"/>
    <member type="node" ref="1532883552" role="stop"/>
    <member type="node" ref="1158869401" role="platform"/>
    <member type="node" ref="1532883493" role="stop"/>
    <member type="node" ref="1158869402" role="platform"/>
    <member type="node" ref="1532883539" role="stop"/>
    <member type="node" ref="1158869387" role="platform"/>
    <member type="node" ref="1532883557" role="stop_exit_only"/>
    <member type="node" ref="1532883559" role="platform_exit_only"/>
    <member type="way" ref="446726919" role=""/>
    <member type="way" ref="668688358" role=""/>
    <member type="way" ref="243106076" role=""/>
    <member type="way" ref="1176296438" role=""/>
    <member type="way" ref="750547119" role=""/>
    <member type="way" ref="189823633" role=""/>
    <member type="way" ref="1150727610" role=""/>
    <member type="way" ref="134585063" role=""/>
    <member type="way" ref="542090313" role=""/>
    <member type="way" ref="668245383" role=""/>
    <member type="way" ref="530685353" role=""/>
    <member type="way" ref="1151034692" role=""/>
    <member type="way" ref="1151034685" role=""/>
    <member type="way" ref="1151034689" role=""/>
    <member type="way" ref="1176312946" role=""/>
    <member type="way" ref="1176312945" role=""/>
    <member type="way" ref="427579339" role=""/>
    <member type="way" ref="179969385" role=""/>
    <member type="way" ref="427579316" role=""/>
    <member type="way" ref="427579332" role=""/>
    <member type="way" ref="179969379" role=""/>
    <member type="way" ref="152073936" role=""/>
    <member type="way" ref="179969386" role=""/>
    <member type="way" ref="427579333" role=""/>
    <member type="way" ref="179969382" role=""/>
    <member type="way" ref="25059728" role=""/>
    <member type="way" ref="37452565" role=""/>
    <member type="way" ref="427579317" role=""/>
    <member type="way" ref="427579315" role=""/>
    <member type="way" ref="427579319" role=""/>
    <member type="way" ref="427579329" role=""/>
    <member type="way" ref="427579314" role=""/>
    <member type="way" ref="427579334" role=""/>
    <member type="way" ref="9019216" role=""/>
    <member type="way" ref="427579298" role=""/>
    <member type="way" ref="427579296" role=""/>
    <member type="way" ref="427579294" role=""/>
    <member type="way" ref="427579295" role=""/>
    <member type="way" ref="427579300" role=""/>
    <member type="way" ref="427579292" role=""/>
    <member type="way" ref="427579297" role=""/>
    <member type="way" ref="427579293" role=""/>
    <member type="way" ref="37138216" role=""/>
    <member type="way" ref="1137083335" role=""/>
    <member type="way" ref="427579299" role=""/>
    <member type="way" ref="241812424" role=""/>
    <member type="way" ref="534349705" role=""/>
    <member type="way" ref="500083309" role=""/>
    <member type="way" ref="241812422" role=""/>
    <member type="way" ref="531105310" role=""/>
    <member type="way" ref="681120348" role=""/>
    <member type="way" ref="427052449" role=""/>
    <member type="way" ref="157617019" role=""/>
    <member type="way" ref="356478719" role=""/>
    <member type="way" ref="86205873" role=""/>
    <member type="way" ref="125130690" role=""/>
    <member type="way" ref="177188125" role=""/>
    <member type="way" ref="578673983" role=""/>
    <member type="way" ref="244985763" role=""/>
    <member type="way" ref="86205878" role=""/>
    <member type="way" ref="1324202161" role=""/>
    <member type="way" ref="424809509" role=""/>
    <member type="way" ref="424809510" role=""/>
    <member type="way" ref="425617840" role=""/>
    <member type="way" ref="1324202162" role=""/>
    <member type="way" ref="1324202163" role=""/>
    <member type="way" ref="424809726" role=""/>
    <member type="way" ref="157617028" role=""/>
    <member type="way" ref="1324202165" role=""/>
    <member type="way" ref="583371857" role=""/>
    <member type="way" ref="547763133" role=""/>
    <member type="way" ref="45067594" role=""/>
    <member type="way" ref="1241471034" role=""/>
    <member type="way" ref="157616987" role=""/>
    <member type="way" ref="1241471033" role=""/>
    <member type="way" ref="300966732" role=""/>
    <member type="way" ref="1241471032" role=""/>
    <member type="way" ref="300966585" role=""/>
    <member type="way" ref="300966586" role=""/>
    <member type="way" ref="1241471031" role=""/>
    <member type="way" ref="1084075354" role=""/>
    <member type="way" ref="1241471030" role=""/>
    <member type="way" ref="1241471029" role=""/>
    <member type="way" ref="186000641" role=""/>
    <member type="way" ref="157617045" role=""/>
    <member type="way" ref="1093139563" role=""/>
    <member type="way" ref="157617001" role=""/>
    <member type="way" ref="73092615" role=""/>
    <member type="way" ref="1241471071" role=""/>
    <member type="way" ref="1241471070" role=""/>
    <member type="way" ref="1193138642" role=""/>
    <member type="way" ref="30495038" role=""/>
    <member type="way" ref="1163593709" role=""/>
    <member type="way" ref="1158998206" role=""/>
    <member type="way" ref="1160672564" role=""/>
    <member type="way" ref="189893223" role=""/>
    <member type="way" ref="189893224" role=""/>
    <member type="way" ref="189893222" role=""/>
    <member type="way" ref="129352142" role=""/>
    <member type="way" ref="1241471063" role=""/>
    <member type="way" ref="157616951" role=""/>
    <member type="way" ref="1241471079" role=""/>
    <member type="way" ref="879781761" role=""/>
    <member type="way" ref="441133596" role=""/>
    <member type="way" ref="100971810" role=""/>
    <member type="way" ref="30833029" role=""/>
    <member type="way" ref="702195357" role=""/>
    <member type="way" ref="48490466" role=""/>
    <member type="way" ref="664124945" role=""/>
    <member type="way" ref="1241471060" role=""/>
    <member type="way" ref="46766592" role=""/>
    <member type="way" ref="1241471061" role=""/>
    <member type="way" ref="46766593" role=""/>
    <member type="way" ref="46766070" role=""/>
    <member type="way" ref="11329781" role=""/>
    <member type="way" ref="108383690" role=""/>
    <member type="way" ref="27642626" role=""/>
    <member type="way" ref="1241471050" role=""/>
    <member type="way" ref="160074211" role=""/>
    <member type="way" ref="1241471049" role=""/>
    <member type="way" ref="27349691" role=""/>
    <member type="way" ref="1241471048" role=""/>
    <member type="way" ref="1241471047" role=""/>
    <member type="way" ref="1241471046" role=""/>
    <member type="way" ref="25235853" role=""/>
    <member type="way" ref="1241471045" role=""/>
    <member type="way" ref="543790271" role=""/>
    <member type="way" ref="1159603621" role=""/>
    <member type="way" ref="1159603620" role=""/>
    <member type="way" ref="1159604164" role=""/>
    <member type="way" ref="543790274" role=""/>
    <member type="way" ref="1159604165" role=""/>
    <member type="way" ref="984088911" role=""/>
    <member type="way" ref="984088912" role=""/>
    <member type="way" ref="1530609607" role=""/>
    <member type="way" ref="543790273" role=""/>
    <member type="way" ref="1159830501" role=""/>
    <member type="way" ref="1159830502" role=""/>
    <member type="way" ref="1159830503" role=""/>
    <member type="way" ref="1159830504" role=""/>
    <member type="way" ref="543790275" role=""/>
    <member type="way" ref="1159830964" role=""/>
    <member type="way" ref="543790283" role=""/>
    <member type="way" ref="1159831000" role=""/>
    <member type="way" ref="1159830963" role=""/>
    <member type="way" ref="1159831001" role=""/>
    <member type="way" ref="543790276" role=""/>
    <member type="way" ref="543790282" role=""/>
    <member type="way" ref="1160596468" role=""/>
    <member type="way" ref="543790284" role=""/>
    <member type="way" ref="305873308" role=""/>
    <member type="way" ref="46914804" role=""/>
    <member type="way" ref="45867299" role=""/>
    <member type="way" ref="56689798" role=""/>
    <member type="way" ref="56672774" role=""/>
    <member type="way" ref="46914802" role=""/>
    <member type="way" ref="46111087" role=""/>
    <member type="way" ref="1151170028" role=""/>
    <member type="way" ref="46111088" role=""/>
    <member type="way" ref="101323483" role=""/>
    <member type="way" ref="23055786" role=""/>
    <member type="way" ref="1102269369" role=""/>
    <member type="way" ref="105023634" role=""/>
    <member type="way" ref="122743333" role=""/>
    <member type="way" ref="1168245885" role=""/>
    <member type="way" ref="1090589175" role=""/>
    <member type="way" ref="1090589174" role=""/>
    <member type="way" ref="1168245886" role=""/>
    <member type="way" ref="122743328" role=""/>
    <member type="way" ref="40609561" role=""/>
    <member type="way" ref="40609560" role=""/>
    <member type="way" ref="40486772" role=""/>
    <member type="way" ref="1160668106" role=""/>
    <member type="way" ref="28909259" role=""/>
    <member type="way" ref="1066171994" role=""/>
    <member type="way" ref="984862106" role=""/>
    <member type="way" ref="100134032" role=""/>
    <member type="way" ref="119996967" role=""/>
    <member type="way" ref="1009064524" role=""/>
    <member type="way" ref="66665847" role=""/>
    <member type="way" ref="23044868" role=""/>
    <member type="way" ref="23019070" role=""/>
    <member type="way" ref="1084075355" role=""/>
    <member type="way" ref="127383142" role=""/>
    <member type="way" ref="1160720735" role=""/>
    <member type="way" ref="1057892461" role=""/>
    <member type="way" ref="46628324" role=""/>
    <member type="way" ref="1057892462" role=""/>
    <member type="way" ref="1124777488" role=""/>
    <member type="way" ref="1124777465" role=""/>
    <member type="way" ref="46628325" role=""/>
    <member type="way" ref="31299868" role=""/>
    <member type="way" ref="23091039" role=""/>
    <member type="way" ref="23091059" role=""/>
    <member type="way" ref="967388267" role=""/>
    <member type="way" ref="31299860" role=""/>
    <member type="way" ref="86398302" role=""/>
    <member type="way" ref="717330542" role=""/>
    <member type="way" ref="156375850" role=""/>
    <member type="way" ref="376380886" role=""/>
    <member type="way" ref="376380841" role=""/>
    <member type="way" ref="376380754" role=""/>
    <member type="way" ref="28057733" role=""/>
    <member type="way" ref="376380753" role=""/>
    <member type="way" ref="376377727" role=""/>
    <member type="way" ref="376377726" role=""/>
    <member type="way" ref="376377927" role=""/>
    <member type="way" ref="376377928" role=""/>
    <member type="way" ref="260318194" role=""/>
    <member type="way" ref="1337205744" role=""/>
    <member type="way" ref="1177860561" role=""/>
    <member type="way" ref="100267275" role=""/>
    <member type="way" ref="1177860557" role=""/>
    <member type="way" ref="1177860544" role=""/>
    <member type="way" ref="1177860545" role=""/>
    <member type="way" ref="1177860555" role=""/>
    <member type="way" ref="1163368976" role=""/>
    <member type="way" ref="1163368977" role=""/>
    <member type="way" ref="1521082706" role=""/>
    <member type="way" ref="1163369673" role=""/>
    <member type="way" ref="1177862239" role=""/>
    <member type="way" ref="1177862240" role=""/>
    <member type="way" ref="1177862238" role=""/>
    <member type="way" ref="1163369674" role=""/>
    <member type="way" ref="382642091" role=""/>
    <member type="way" ref="1177863158" role=""/>
    <member type="way" ref="1177862242" role=""/>
    <member type="way" ref="792713369" role=""/>
    <member type="way" ref="1163371604" role=""/>
    <member type="way" ref="1163371605" role=""/>
    <member type="way" ref="1163371876" role=""/>
    <member type="way" ref="1163371877" role=""/>
    <member type="way" ref="1163371878" role=""/>
    <member type="way" ref="1163371879" role=""/>
    <member type="way" ref="792713370" role=""/>
    <member type="way" ref="49181703" role=""/>
    <member type="way" ref="49181708" role=""/>
    <member type="way" ref="382642088" role=""/>
    <member type="way" ref="1188032193" role=""/>
    <member type="way" ref="1052149704" role=""/>
    <member type="way" ref="1161666571" role=""/>
    <member type="way" ref="1161666570" role=""/>
    <member type="way" ref="1161666569" role=""/>
    <member type="way" ref="1161666568" role=""/>
    <member type="way" ref="1052149703" role=""/>
    <member type="way" ref="1161664553" role=""/>
    <member type="way" ref="1052149702" role=""/>
    <member type="way" ref="382638003" role=""/>
    <member type="way" ref="23046908" role=""/>
    <member type="way" ref="429123972" role=""/>
    <member type="way" ref="23046924" role=""/>
    <member type="way" ref="100267278" role=""/>
    <member type="way" ref="1177860568" role=""/>
    <member type="way" ref="1177860567" role=""/>
    <member type="way" ref="1106286124" role=""/>
    <member type="way" ref="1177860565" role=""/>
    <member type="way" ref="1177860570" role=""/>
    <member type="way" ref="1161065798" role=""/>
    <member type="way" ref="1177860564" role=""/>
    <member type="way" ref="1177860571" role=""/>
    <member type="way" ref="266310717" role=""/>
    <member type="way" ref="1177860572" role=""/>
    <member type="way" ref="1161063888" role=""/>
    <member type="way" ref="1161063886" role=""/>
    <member type="way" ref="1161063887" role=""/>
    <member type="way" ref="1161063885" role=""/>
    <member type="way" ref="1161063884" role=""/>
    <member type="way" ref="1161065338" role=""/>
    <member type="way" ref="1161061522" role=""/>
    <member type="way" ref="1161065337" role=""/>
    <member type="way" ref="1161061521" role=""/>
    <member type="way" ref="1161061520" role=""/>
    <member type="way" ref="1161061519" role=""/>
    <member type="way" ref="1161060778" role=""/>
    <member type="way" ref="1161060777" role=""/>
    <member type="way" ref="1161060776" role=""/>
    <member type="way" ref="1161060775" role=""/>
    <member type="way" ref="1161059658" role=""/>
    <member type="way" ref="1161059657" role=""/>
    <member type="way" ref="1161059476" role=""/>
    <member type="way" ref="1161059477" role=""/>
    <member type="way" ref="998014555" role=""/>
    <member type="way" ref="998014556" role=""/>
    <member type="way" ref="998014554" role=""/>
    <member type="way" ref="385424140" role=""/>
    <member type="way" ref="385424141" role=""/>
    <member type="way" ref="385424139" role=""/>
    <member type="way" ref="1161035331" role=""/>
    <member type="way" ref="1161035330" role=""/>
    <member type="way" ref="1161035254" role=""/>
    <member type="way" ref="1161035253" role=""/>
    <member type="way" ref="1161034948" role=""/>
    <member type="way" ref="1161034947" role=""/>
    <member type="way" ref="1161034915" role=""/>
    <member type="way" ref="1161034914" role=""/>
    <member type="way" ref="1161034304" role=""/>
    <member type="way" ref="1161034303" role=""/>
    <member type="way" ref="800851625" role=""/>
    <member type="way" ref="800851622" role=""/>
    <tag k="air_conditioning" v="yes"/>
    <tag k="bicycle" v="yes"/>
    <tag k="blind" v="limited"/>
    <tag k="bus_class:length" v="4"/>
    <tag k="by_night" v="only"/>
    <tag k="charge:all-in-one" v="90 RUB"/>
    <tag k="charge:cards" v="83 RUB"/>
    <tag k="charge:sbp" v="83 RUB"/>
    <tag k="charge:troika" v="75 RUB"/>
    <tag k="charge:troika_qr" v="75 RUB"/>
    <tag k="check_date" v="2023-04-18"/>
    <tag k="colour" v="#1f1051"/>
    <tag k="deaf" v="yes"/>
    <tag k="description" v="Маршрут обслуживается электробусами"/>
    <tag k="electric_bus" v="yes"/>
    <tag k="electric_bus:type" v="OC"/>
    <tag k="fee" v="yes"/>
    <tag k="fine:ticketless" v="5000 RUB"/>
    <tag k="from" v="Метро «Китай-город»"/>
    <tag k="name" v="Ночной автобус н12: Метро «Китай-город» =&gt; 8-й микрорайон Митина"/>
    <tag k="name:uk" v="Нічний автобус Н12: Метро «Китай-місто» =&gt; 8-й мікрорайон Мітіна"/>
    <tag k="network" v="Московский транспорт"/>
    <tag k="operator" v="ГУП «Мосгортранс»"/>
    <tag k="payment:cards" v="yes"/>
    <tag k="payment:cash" v="no"/>
    <tag k="payment:contactless" v="yes"/>
    <tag k="payment:maestro" v="no"/>
    <tag k="payment:mastercard" v="no"/>
    <tag k="payment:mir" v="yes"/>
    <tag k="payment:nfc" v="yes"/>
    <tag k="payment:podorozhnik" v="no"/>
    <tag k="payment:sbp" v="yes"/>
    <tag k="payment:social_cards" v="yes"/>
    <tag k="payment:strelka" v="no"/>
    <tag k="payment:troika" v="yes"/>
    <tag k="payment:visa" v="no"/>
    <tag k="public_transport:version" v="2"/>
    <tag k="ref" v="н12"/>
    <tag k="route" v="bus"/>
    <tag k="source" v="Реестр маршрутов города Москвы"/>
    <tag k="source:description" v="https://mosgortrans.ru/electrobus/map/"/>
    <tag k="to" v="8-й микрорайон Митина"/>
    <tag k="type" v="route"/>
    <tag k="website" v="https://transport.mos.ru/transport/schedule/route/2048"/>
    <tag k="wheelchair" v="yes"/>
  </relation>
  <relation id="15896609" version="29" timestamp="2024-11-18T20:25:51Z" changeset="159299375" uid="10255266" user="BodhidharmaI">
    <member type="way" ref="128182019" role="main_stream"/>
    <member type="way" ref="544516656" role="main_stream"/>
    <member type="way" ref="128182018" role="main_stream"/>
    <member type="way" ref="128182017" role="side_stream"/>
    <tag k="name" v="Деривационный канал"/>
    <tag k="name:ca" v="canal de derivació"/>
    <tag k="name:en" v="Derivation Canal"/>
    <tag k="name:ru" v="Деривационный канал"/>
    <tag k="type" v="waterway"/>
    <tag k="waterway" v="pressurised"/>
    <tag k="wikidata" v="Q4447710"/>
    <tag k="wikipedia" v="ru:Сходненский деривационный канал"/>
  </relation>

</osm>
