<?xml version="1.0" encoding="UTF-8"?>
<osm version="0.6" generator="Overpass API 0.7.62.11 87bfad18">
<note>The data included in this document is from www.openstreetmap.org. The data is made available under ODbL.</note>
<meta osm_base="2026-06-26T14:27:30Z"/>

  <node id="81793048" lat="55.8149440" lon="37.7018060" version="9" timestamp="2016-01-04T23:48:54Z" changeset="36371506" uid="403870" user="BushmanK"/>
  <node id="81795448" lat="55.8166280" lon="37.7016356" version="7" timestamp="2016-01-04T23:48:54Z" changeset="36371506" uid="403870" user="BushmanK"/>
  <node id="83405137" lat="55.8167162" lon="37.7014892" version="8" timestamp="2018-03-29T19:35:22Z" changeset="57643638" uid="6217586" user="Dzertanoj"/>
  <node id="83409991" lat="55.8167178" lon="37.7007767" version="7" timestamp="2012-10-26T17:31:04Z" changeset="13640974" uid="397326" user="trolleway"/>
  <node id="267607867" lat="55.8183892" lon="37.7034257" version="3" timestamp="2009-02-04T18:48:40Z" changeset="138281" uid="65083" user="deep125"/>
  <node id="267607868" lat="55.8176887" lon="37.7021570" version="7" timestamp="2026-01-08T12:56:16Z" changeset="176983622" uid="830106" user="literan"/>
  <node id="267607870" lat="55.8167448" lon="37.7024815" version="3" timestamp="2008-12-07T15:41:09Z" changeset="247611" uid="74320" user="TSTS"/>
  <node id="267607871" lat="55.8168478" lon="37.7026558" version="8" timestamp="2010-02-20T23:26:08Z" changeset="3928862" uid="235725" user="SnakE"/>
  <node id="267607872" lat="55.8171187" lon="37.7025117" version="4" timestamp="2010-02-21T11:20:09Z" changeset="3932087" uid="235725" user="SnakE"/>
  <node id="267607873" lat="55.8173332" lon="37.7023614" version="2" timestamp="2008-12-07T15:41:09Z" changeset="247611" uid="74320" user="TSTS"/>
  <node id="267607874" lat="55.8175108" lon="37.7022052" version="3" timestamp="2010-02-20T23:26:08Z" changeset="3928862" uid="235725" user="SnakE"/>
  <node id="317271710" lat="55.8146377" lon="37.6998222" version="4" timestamp="2018-03-29T19:53:07Z" changeset="57644208" uid="6217586" user="Dzertanoj"/>
  <node id="317271713" lat="55.8149735" lon="37.7004104" version="4" timestamp="2018-03-29T19:53:08Z" changeset="57644208" uid="6217586" user="Dzertanoj"/>
  <node id="317271715" lat="55.8150708" lon="37.7002344" version="4" timestamp="2018-03-29T19:53:08Z" changeset="57644208" uid="6217586" user="Dzertanoj"/>
  <node id="317271994" lat="55.8150175" lon="37.7035082" version="4" timestamp="2018-03-29T19:25:10Z" changeset="57643368" uid="6217586" user="Dzertanoj"/>
  <node id="317271997" lat="55.8150976" lon="37.7033658" version="4" timestamp="2018-03-29T19:25:10Z" changeset="57643368" uid="6217586" user="Dzertanoj"/>
  <node id="317272018" lat="55.8153632" lon="37.7031200" version="4" timestamp="2018-03-29T19:25:10Z" changeset="57643368" uid="6217586" user="Dzertanoj"/>
  <node id="317272021" lat="55.8154445" lon="37.7029743" version="4" timestamp="2018-03-29T19:25:10Z" changeset="57643368" uid="6217586" user="Dzertanoj"/>
  <node id="317272024" lat="55.8157794" lon="37.7035688" version="4" timestamp="2018-03-29T19:25:10Z" changeset="57643368" uid="6217586" user="Dzertanoj"/>
  <node id="317272027" lat="55.8156988" lon="37.7037132" version="4" timestamp="2018-03-29T19:25:10Z" changeset="57643368" uid="6217586" user="Dzertanoj"/>
  <node id="317272031" lat="55.8158000" lon="37.7004304" version="3" timestamp="2018-03-29T19:53:07Z" changeset="57644208" uid="6217586" user="Dzertanoj"/>
  <node id="317272034" lat="55.8160227" lon="37.7016829" version="3" timestamp="2018-03-29T19:53:07Z" changeset="57644208" uid="6217586" user="Dzertanoj"/>
  <node id="317272037" lat="55.8159144" lon="37.7003659" version="3" timestamp="2018-03-29T19:53:07Z" changeset="57644208" uid="6217586" user="Dzertanoj"/>
  <node id="317272040" lat="55.8161371" lon="37.7016185" version="3" timestamp="2018-03-29T19:53:07Z" changeset="57644208" uid="6217586" user="Dzertanoj"/>
  <node id="317272054" lat="55.8167566" lon="37.7036882" version="3" timestamp="2016-01-06T19:13:52Z" changeset="36411120" uid="403870" user="BushmanK"/>
  <node id="317272060" lat="55.8164267" lon="37.7035967" version="3" timestamp="2016-01-06T19:13:52Z" changeset="36411120" uid="403870" user="BushmanK"/>
  <node id="317272063" lat="55.8168453" lon="37.7033702" version="3" timestamp="2016-01-06T19:13:52Z" changeset="36411120" uid="403870" user="BushmanK"/>
  <node id="317272074" lat="55.8160143" lon="37.7030357" version="5" timestamp="2023-02-14T19:04:57Z" changeset="132550985" uid="12947635" user="Руслан Т"/>
  <node id="317272080" lat="55.8160905" lon="37.7036187" version="5" timestamp="2023-02-14T19:04:57Z" changeset="132550985" uid="12947635" user="Руслан Т"/>
  <node id="317272086" lat="55.8161421" lon="37.7029828" version="5" timestamp="2023-02-14T19:04:57Z" changeset="132550985" uid="12947635" user="Руслан Т"/>
  <node id="317272093" lat="55.8162183" lon="37.7035658" version="5" timestamp="2023-02-14T19:04:57Z" changeset="132550985" uid="12947635" user="Руслан Т"/>
  <node id="317272098" lat="55.8179556" lon="37.7029753" version="2" timestamp="2016-01-04T23:48:49Z" changeset="36371506" uid="403870" user="BushmanK"/>
  <node id="317272102" lat="55.8173275" lon="37.7033283" version="2" timestamp="2016-01-04T23:48:49Z" changeset="36371506" uid="403870" user="BushmanK"/>
  <node id="317272109" lat="55.8179927" lon="37.7031848" version="2" timestamp="2016-01-04T23:48:49Z" changeset="36371506" uid="403870" user="BushmanK"/>
  <node id="317272113" lat="55.8173647" lon="37.7035378" version="2" timestamp="2016-01-04T23:48:49Z" changeset="36371506" uid="403870" user="BushmanK"/>
  <node id="317272124" lat="55.8182454" lon="37.7035830" version="2" timestamp="2016-01-04T23:48:49Z" changeset="36371506" uid="403870" user="BushmanK"/>
  <node id="317272148" lat="55.8184896" lon="37.6999393" version="3" timestamp="2012-03-18T08:34:08Z" changeset="11015855" uid="398817" user="ullus"/>
  <node id="317272150" lat="55.8180822" lon="37.7008449" version="3" timestamp="2012-03-18T08:34:08Z" changeset="11015855" uid="398817" user="ullus"/>
  <node id="317272154" lat="55.8181761" lon="37.7009788" version="3" timestamp="2012-03-18T08:34:08Z" changeset="11015855" uid="398817" user="ullus"/>
  <node id="317272301" lat="55.8168345" lon="37.7005539" version="3" timestamp="2016-01-05T01:22:27Z" changeset="36372305" uid="403870" user="BushmanK"/>
  <node id="317272304" lat="55.8173915" lon="37.7011541" version="3" timestamp="2016-01-05T01:22:27Z" changeset="36372305" uid="403870" user="BushmanK"/>
  <node id="317272305" lat="55.8169020" lon="37.7003555" version="3" timestamp="2016-01-05T01:22:27Z" changeset="36372305" uid="403870" user="BushmanK"/>
  <node id="317272309" lat="55.8174591" lon="37.7009556" version="3" timestamp="2016-01-05T01:22:27Z" changeset="36372305" uid="403870" user="BushmanK"/>
  <node id="317272312" lat="55.8167763" lon="37.6999026" version="3" timestamp="2016-01-05T01:22:27Z" changeset="36372305" uid="403870" user="BushmanK"/>
  <node id="317272313" lat="55.8169719" lon="37.7001238" version="3" timestamp="2016-01-05T01:22:27Z" changeset="36372305" uid="403870" user="BushmanK"/>
  <node id="317272314" lat="55.8169210" lon="37.7002664" version="3" timestamp="2016-01-05T01:22:27Z" changeset="36372305" uid="403870" user="BushmanK"/>
  <node id="317272315" lat="55.8166441" lon="37.6999535" version="3" timestamp="2016-01-05T01:22:27Z" changeset="36372305" uid="403870" user="BushmanK"/>
  <node id="317272324" lat="55.8177395" lon="37.7016561" version="3" timestamp="2012-03-18T08:34:08Z" changeset="11015855" uid="398817" user="ullus"/>
  <node id="317272325" lat="55.8181898" lon="37.7024289" version="3" timestamp="2012-03-18T08:34:09Z" changeset="11015855" uid="398817" user="ullus"/>
  <node id="317272326" lat="55.8178179" lon="37.7015114" version="3" timestamp="2012-03-18T08:34:09Z" changeset="11015855" uid="398817" user="ullus"/>
  <node id="317272327" lat="55.8182682" lon="37.7022841" version="3" timestamp="2012-03-18T08:34:09Z" changeset="11015855" uid="398817" user="ullus"/>
  <node id="317272328" lat="55.8179729" lon="37.7009743" version="2" timestamp="2012-03-10T17:06:35Z" changeset="10934232" uid="398817" user="ullus"/>
  <node id="317272329" lat="55.8177547" lon="37.7013771" version="2" timestamp="2012-03-10T17:06:35Z" changeset="10934232" uid="398817" user="ullus"/>
  <node id="317272330" lat="55.8178976" lon="37.7008451" version="2" timestamp="2012-03-10T17:06:36Z" changeset="10934232" uid="398817" user="ullus"/>
  <node id="317272331" lat="55.8176794" lon="37.7012479" version="2" timestamp="2012-03-10T17:06:36Z" changeset="10934232" uid="398817" user="ullus"/>
  <node id="317272334" lat="55.8184348" lon="37.7025565" version="2" timestamp="2012-03-10T17:06:36Z" changeset="10934232" uid="398817" user="ullus"/>
  <node id="317272335" lat="55.8183595" lon="37.7024273" version="2" timestamp="2012-03-10T17:06:36Z" changeset="10934232" uid="398817" user="ullus"/>
  <node id="331333504" lat="55.8176679" lon="37.7007760" version="3" timestamp="2016-01-05T01:22:27Z" changeset="36372305" uid="403870" user="BushmanK"/>
  <node id="331333507" lat="55.8180557" lon="37.6999916" version="4" timestamp="2016-01-05T01:22:27Z" changeset="36372305" uid="403870" user="BushmanK"/>
  <node id="333722218" lat="55.8158293" lon="37.7019174" version="9" timestamp="2023-02-14T19:04:57Z" changeset="132550985" uid="12947635" user="Руслан Т"/>
  <node id="471829819" lat="55.8166516" lon="37.7005963" version="3" timestamp="2018-03-29T19:35:22Z" changeset="57643638" uid="6217586" user="Dzertanoj"/>
  <node id="563677763" lat="55.8149135" lon="37.7019456" version="3" timestamp="2016-01-04T23:48:52Z" changeset="36371506" uid="403870" user="BushmanK"/>
  <node id="563677766" lat="55.8148653" lon="37.7018740" version="3" timestamp="2016-01-06T19:15:52Z" changeset="36411174" uid="403870" user="BushmanK"/>
  <node id="563677768" lat="55.8150221" lon="37.7018914" version="4" timestamp="2016-01-06T19:15:52Z" changeset="36411174" uid="403870" user="BushmanK"/>
  <node id="563677770" lat="55.8149635" lon="37.7019547" version="4" timestamp="2016-01-06T19:15:52Z" changeset="36411174" uid="403870" user="BushmanK"/>
  <node id="563677772" lat="55.8157877" lon="37.7020248" version="3" timestamp="2016-01-06T19:13:52Z" changeset="36411120" uid="403870" user="BushmanK"/>
  <node id="563677775" lat="55.8157723" lon="37.7019769" version="2" timestamp="2013-01-11T12:24:02Z" changeset="14609308" uid="403870" user="BushmanK"/>
  <node id="563677790" lat="55.8171353" lon="37.7026025" version="1" timestamp="2009-11-14T10:06:27Z" changeset="3111724" uid="30590" user="KekcuHa"/>
  <node id="563677792" lat="55.8169482" lon="37.7027055" version="1" timestamp="2009-11-14T10:06:27Z" changeset="3111724" uid="30590" user="KekcuHa"/>
  <node id="563677794" lat="55.8169212" lon="37.7027707" version="1" timestamp="2009-11-14T10:06:27Z" changeset="3111724" uid="30590" user="KekcuHa"/>
  <node id="563677801" lat="55.8177367" lon="37.7023223" version="2" timestamp="2017-06-30T17:21:57Z" changeset="49949207" uid="6217586" user="Dzertanoj"/>
  <node id="563677803" lat="55.8175152" lon="37.7023451" version="1" timestamp="2009-11-14T10:06:28Z" changeset="3111724" uid="30590" user="KekcuHa"/>
  <node id="569954682" lat="55.8158941" lon="37.7019624" version="2" timestamp="2013-01-11T12:24:02Z" changeset="14609308" uid="403870" user="BushmanK"/>
  <node id="569954683" lat="55.8158543" lon="37.7020347" version="3" timestamp="2016-01-06T19:13:52Z" changeset="36411120" uid="403870" user="BushmanK"/>
  <node id="569954694" lat="55.8166936" lon="37.7008568" version="2" timestamp="2018-03-29T19:35:22Z" changeset="57643638" uid="6217586" user="Dzertanoj"/>
  <node id="569954696" lat="55.8166216" lon="37.7003355" version="2" timestamp="2016-01-05T01:22:27Z" changeset="36372305" uid="403870" user="BushmanK"/>
  <node id="569954698" lat="55.8165245" lon="37.7016002" version="2" timestamp="2016-01-04T23:48:53Z" changeset="36371506" uid="403870" user="BushmanK"/>
  <node id="569954699" lat="55.8165797" lon="37.7017361" version="2" timestamp="2016-01-04T23:48:53Z" changeset="36371506" uid="403870" user="BushmanK"/>
  <node id="569954701" lat="55.8166420" lon="37.7022205" version="1" timestamp="2009-11-24T11:34:58Z" changeset="3203508" uid="30590" user="KekcuHa"/>
  <node id="569954702" lat="55.8173868" lon="37.7013300" version="2" timestamp="2016-01-05T01:22:27Z" changeset="36372305" uid="403870" user="BushmanK"/>
  <node id="569954704" lat="55.8176201" lon="37.7007686" version="2" timestamp="2016-01-05T01:22:27Z" changeset="36372305" uid="403870" user="BushmanK"/>
  <node id="569954705" lat="55.8179838" lon="37.7000333" version="2" timestamp="2016-01-05T01:22:27Z" changeset="36372305" uid="403870" user="BushmanK"/>
  <node id="569954706" lat="55.8181619" lon="37.6999833" version="1" timestamp="2009-11-24T11:34:58Z" changeset="3203508" uid="30590" user="KekcuHa"/>
  <node id="569954708" lat="55.8176640" lon="37.7009376" version="2" timestamp="2016-01-05T01:22:27Z" changeset="36372305" uid="403870" user="BushmanK"/>
  <node id="569954709" lat="55.8174914" lon="37.7013019" version="2" timestamp="2016-01-05T01:22:27Z" changeset="36372305" uid="403870" user="BushmanK"/>
  <node id="569954710" lat="55.8175110" lon="37.7014805" version="2" timestamp="2016-01-05T01:22:27Z" changeset="36372305" uid="403870" user="BushmanK"/>
  <node id="569954711" lat="55.8167043" lon="37.7025404" version="1" timestamp="2009-11-24T11:34:58Z" changeset="3203508" uid="30590" user="KekcuHa"/>
  <node id="569954712" lat="55.8167858" lon="37.7027025" version="1" timestamp="2009-11-24T11:34:58Z" changeset="3203508" uid="30590" user="KekcuHa"/>
  <node id="571522591" lat="55.8172130" lon="37.7014523" version="5" timestamp="2013-07-09T07:13:04Z" changeset="16883224" uid="403870" user="BushmanK"/>
  <node id="571522593" lat="55.8169655" lon="37.7015722" version="5" timestamp="2013-07-09T07:13:04Z" changeset="16883224" uid="403870" user="BushmanK"/>
  <node id="571522594" lat="55.8174362" lon="37.7020940" version="4" timestamp="2013-07-09T07:13:04Z" changeset="16883224" uid="403870" user="BushmanK"/>
  <node id="571522595" lat="55.8173844" lon="37.7016490" version="3" timestamp="2012-10-26T17:34:19Z" changeset="13640974" uid="397326" user="trolleway"/>
  <node id="571522596" lat="55.8174957" lon="37.7018748" version="4" timestamp="2013-07-09T07:13:04Z" changeset="16883224" uid="403870" user="BushmanK"/>
  <node id="571522597" lat="55.8170448" lon="37.7020993" version="3" timestamp="2012-10-26T17:34:19Z" changeset="13640974" uid="397326" user="trolleway"/>
  <node id="571522598" lat="55.8171481" lon="37.7022681" version="4" timestamp="2013-07-09T07:13:04Z" changeset="16883224" uid="403870" user="BushmanK"/>
  <node id="626329516" lat="55.8173529" lon="37.7014837" version="3" timestamp="2016-01-05T01:22:27Z" changeset="36372305" uid="403870" user="BushmanK"/>
  <node id="648867887" lat="55.8171250" lon="37.7012505" version="2" timestamp="2012-10-26T17:31:04Z" changeset="13640974" uid="397326" user="trolleway"/>
  <node id="648867888" lat="55.8170126" lon="37.7011248" version="3" timestamp="2012-10-29T15:58:29Z" changeset="13675573" uid="397326" user="trolleway"/>
  <node id="648871856" lat="55.8169990" lon="37.7013183" version="2" timestamp="2020-11-12T15:30:40Z" changeset="94005204" uid="396906" user="ghost_07">
    <tag k="railway" v="tram_level_crossing"/>
  </node>
  <node id="648871857" lat="55.8169198" lon="37.7013583" version="1" timestamp="2010-02-21T11:20:06Z" changeset="3932087" uid="235725" user="SnakE"/>
  <node id="648871858" lat="55.8170701" lon="37.7015124" version="2" timestamp="2013-07-09T07:13:04Z" changeset="16883224" uid="403870" user="BushmanK"/>
  <node id="648871859" lat="55.8169678" lon="37.7017138" version="3" timestamp="2013-07-09T07:13:04Z" changeset="16883224" uid="403870" user="BushmanK"/>
  <node id="1168846278" lat="55.8175343" lon="37.7020160" version="1" timestamp="2011-02-23T20:57:26Z" changeset="7376650" uid="397326" user="trolleway"/>
  <node id="1168846401" lat="55.8175236" lon="37.7017914" version="4" timestamp="2026-01-08T12:56:16Z" changeset="176983622" uid="830106" user="literan">
    <tag k="railway" v="tram_level_crossing"/>
  </node>
  <node id="1207770494" lat="55.8154954" lon="37.7003028" version="2" timestamp="2012-03-10T19:15:24Z" changeset="10935699" uid="398817" user="ullus"/>
  <node id="1207770497" lat="55.8155831" lon="37.7007738" version="2" timestamp="2012-03-10T19:15:24Z" changeset="10935699" uid="398817" user="ullus"/>
  <node id="1207770500" lat="55.8155292" lon="37.7004880" version="2" timestamp="2012-03-10T19:15:24Z" changeset="10935699" uid="398817" user="ullus"/>
  <node id="1207770503" lat="55.8156163" lon="37.7009560" version="2" timestamp="2012-03-10T19:15:24Z" changeset="10935699" uid="398817" user="ullus"/>
  <node id="1207770504" lat="55.8153838" lon="37.7003672" version="2" timestamp="2012-03-10T19:15:24Z" changeset="10935699" uid="398817" user="ullus"/>
  <node id="1207770529" lat="55.8155583" lon="37.7004712" version="2" timestamp="2012-03-10T19:15:25Z" changeset="10935699" uid="398817" user="ullus"/>
  <node id="1207770532" lat="55.8155030" lon="37.7010214" version="2" timestamp="2012-03-10T19:15:25Z" changeset="10935699" uid="398817" user="ullus"/>
  <node id="1207770534" lat="55.8156105" lon="37.7007580" version="2" timestamp="2012-03-10T19:15:25Z" changeset="10935699" uid="398817" user="ullus"/>
  <node id="1207777043" lat="55.8147448" lon="37.7031641" version="5" timestamp="2016-03-30T01:39:23Z" changeset="38156044" uid="403870" user="BushmanK"/>
  <node id="1207777063" lat="55.8145810" lon="37.7036850" version="5" timestamp="2016-03-30T01:39:23Z" changeset="38156044" uid="403870" user="BushmanK"/>
  <node id="1207777066" lat="55.8147494" lon="37.7036812" version="5" timestamp="2016-03-30T01:39:23Z" changeset="38156044" uid="403870" user="BushmanK"/>
  <node id="1459839973" lat="55.8155156" lon="37.6997440" version="3" timestamp="2012-03-10T19:15:27Z" changeset="10935699" uid="398817" user="ullus"/>
  <node id="1459839977" lat="55.8174501" lon="37.7015926" version="2" timestamp="2012-10-26T17:31:04Z" changeset="13640974" uid="397326" user="trolleway"/>
  <node id="1459839984" lat="55.8157926" lon="37.6999249" version="3" timestamp="2012-03-10T19:15:27Z" changeset="10935699" uid="398817" user="ullus"/>
  <node id="1669072808" lat="55.8146649" lon="37.7021631" version="2" timestamp="2018-01-12T19:26:06Z" changeset="55389546" uid="6217586" user="Dzertanoj"/>
  <node id="1669072810" lat="55.8146671" lon="37.7019362" version="2" timestamp="2018-01-12T19:26:06Z" changeset="55389546" uid="6217586" user="Dzertanoj"/>
  <node id="1669072836" lat="55.8148510" lon="37.7021687" version="2" timestamp="2018-01-12T19:26:06Z" changeset="55389546" uid="6217586" user="Dzertanoj"/>
  <node id="1669072837" lat="55.8148532" lon="37.7019418" version="2" timestamp="2018-01-12T19:26:06Z" changeset="55389546" uid="6217586" user="Dzertanoj"/>
  <node id="1669072861" lat="55.8150288" lon="37.7005960" version="2" timestamp="2018-03-29T19:53:07Z" changeset="57644208" uid="6217586" user="Dzertanoj"/>
  <node id="1669072865" lat="55.8151868" lon="37.7022223" version="3" timestamp="2018-01-12T10:07:44Z" changeset="55375557" uid="6217586" user="Dzertanoj"/>
  <node id="1669072866" lat="55.8151862" lon="37.7024650" version="3" timestamp="2018-01-12T10:07:44Z" changeset="55375557" uid="6217586" user="Dzertanoj"/>
  <node id="1669072883" lat="55.8151967" lon="37.7003187" version="2" timestamp="2018-03-29T19:53:07Z" changeset="57644208" uid="6217586" user="Dzertanoj"/>
  <node id="1669072885" lat="55.8152557" lon="37.6999847" version="1" timestamp="2012-03-10T19:14:43Z" changeset="10935699" uid="398817" user="ullus"/>
  <node id="1669072886" lat="55.8152136" lon="37.7001185" version="2" timestamp="2018-03-29T19:53:07Z" changeset="57644208" uid="6217586" user="Dzertanoj"/>
  <node id="1669072895" lat="55.8152884" lon="37.7004440" version="2" timestamp="2018-03-29T19:53:07Z" changeset="57644208" uid="6217586" user="Dzertanoj"/>
  <node id="1669072896" lat="55.8153035" lon="37.7003652" version="2" timestamp="2018-03-29T19:53:07Z" changeset="57644208" uid="6217586" user="Dzertanoj"/>
  <node id="1669072897" lat="55.8153535" lon="37.7003137" version="1" timestamp="2012-03-10T19:14:43Z" changeset="10935699" uid="398817" user="ullus"/>
  <node id="1669072901" lat="55.8154408" lon="37.7022191" version="3" timestamp="2018-01-12T10:07:44Z" changeset="55375557" uid="6217586" user="Dzertanoj"/>
  <node id="1669072902" lat="55.8154399" lon="37.7024679" version="3" timestamp="2018-01-12T10:07:44Z" changeset="55375557" uid="6217586" user="Dzertanoj"/>
  <node id="1669072906" lat="55.8153696" lon="37.7012191" version="2" timestamp="2018-03-29T19:53:07Z" changeset="57644208" uid="6217586" user="Dzertanoj"/>
  <node id="1669072907" lat="55.8154091" lon="37.7010371" version="2" timestamp="2018-03-29T19:53:07Z" changeset="57644208" uid="6217586" user="Dzertanoj"/>
  <node id="1669072909" lat="55.8154471" lon="37.7010844" version="2" timestamp="2018-03-29T19:53:07Z" changeset="57644208" uid="6217586" user="Dzertanoj"/>
  <node id="1669072910" lat="55.8154511" lon="37.6998839" version="2" timestamp="2018-03-29T19:53:07Z" changeset="57644208" uid="6217586" user="Dzertanoj"/>
  <node id="1669072913" lat="55.8155093" lon="37.7010698" version="1" timestamp="2012-03-10T19:14:44Z" changeset="10935699" uid="398817" user="ullus"/>
  <node id="1669072915" lat="55.8156175" lon="37.7001462" version="2" timestamp="2018-03-29T19:53:07Z" changeset="57644208" uid="6217586" user="Dzertanoj">
    <tag k="barrier" v="gate"/>
  </node>
  <node id="1669072919" lat="55.8155701" lon="37.7010453" version="2" timestamp="2016-01-04T23:48:45Z" changeset="36371506" uid="403870" user="BushmanK"/>
  <node id="1669072920" lat="55.8155951" lon="37.7000085" version="2" timestamp="2018-03-29T19:53:07Z" changeset="57644208" uid="6217586" user="Dzertanoj"/>
  <node id="1669072921" lat="55.8156546" lon="37.7013828" version="2" timestamp="2018-03-29T19:53:07Z" changeset="57644208" uid="6217586" user="Dzertanoj"/>
  <node id="1669072922" lat="55.8156824" lon="37.7009746" version="2" timestamp="2018-03-29T19:53:07Z" changeset="57644208" uid="6217586" user="Dzertanoj"/>
  <node id="1669072925" lat="55.8158064" lon="37.7013520" version="2" timestamp="2018-03-29T19:53:07Z" changeset="57644208" uid="6217586" user="Dzertanoj"/>
  <node id="1669072927" lat="55.8165913" lon="37.7006324" version="2" timestamp="2018-03-29T19:35:22Z" changeset="57643638" uid="6217586" user="Dzertanoj"/>
  <node id="1670742224" lat="55.8152951" lon="37.6997426" version="2" timestamp="2014-02-09T13:07:43Z" changeset="20464520" uid="1903771" user="SubatomicAerospace"/>
  <node id="1670742240" lat="55.8156874" lon="37.7001367" version="4" timestamp="2018-04-07T20:40:49Z" changeset="57900418" uid="6217586" user="Dzertanoj">
    <tag k="amenity" v="waste_disposal"/>
  </node>
  <node id="1670742253" lat="55.8157445" lon="37.7000462" version="3" timestamp="2018-04-07T20:40:49Z" changeset="57900418" uid="6217586" user="Dzertanoj"/>
  <node id="1670742270" lat="55.8159803" lon="37.7003032" version="1" timestamp="2012-03-11T18:32:39Z" changeset="10946649" uid="398817" user="ullus"/>
  <node id="1670742272" lat="55.8159509" lon="37.7018745" version="5" timestamp="2023-02-14T19:04:57Z" changeset="132550985" uid="12947635" user="Руслан Т"/>
  <node id="1670742275" lat="55.8162444" lon="37.7017697" version="2" timestamp="2016-01-04T23:48:45Z" changeset="36371506" uid="403870" user="BushmanK"/>
  <node id="1670742278" lat="55.8163808" lon="37.7000273" version="1" timestamp="2012-03-11T18:32:39Z" changeset="10946649" uid="398817" user="ullus"/>
  <node id="1679406898" lat="55.8177885" lon="37.7005422" version="2" timestamp="2016-01-05T01:22:24Z" changeset="36372305" uid="403870" user="BushmanK"/>
  <node id="1679406899" lat="55.8180809" lon="37.7028664" version="1" timestamp="2012-03-18T08:33:59Z" changeset="11015855" uid="398817" user="ullus"/>
  <node id="1679406900" lat="55.8181724" lon="37.7011707" version="2" timestamp="2019-01-02T06:04:38Z" changeset="65949299" uid="6217586" user="Dzertanoj"/>
  <node id="1679406901" lat="55.8182168" lon="37.7018546" version="1" timestamp="2012-03-18T08:34:00Z" changeset="11015855" uid="398817" user="ullus"/>
  <node id="1679406902" lat="55.8182031" lon="37.7010947" version="2" timestamp="2019-01-02T06:04:38Z" changeset="65949299" uid="6217586" user="Dzertanoj"/>
  <node id="1679406903" lat="55.8183035" lon="37.7016879" version="1" timestamp="2012-03-18T08:34:00Z" changeset="11015855" uid="398817" user="ullus"/>
  <node id="1679406904" lat="55.8183252" lon="37.7020330" version="1" timestamp="2012-03-18T08:34:00Z" changeset="11015855" uid="398817" user="ullus"/>
  <node id="1679406913" lat="55.8183984" lon="37.7012496" version="1" timestamp="2012-03-18T08:34:00Z" changeset="11015855" uid="398817" user="ullus"/>
  <node id="1679406915" lat="55.8184118" lon="37.7018663" version="1" timestamp="2012-03-18T08:34:00Z" changeset="11015855" uid="398817" user="ullus"/>
  <node id="1679406917" lat="55.8184982" lon="37.7013861" version="1" timestamp="2012-03-18T08:34:00Z" changeset="11015855" uid="398817" user="ullus"/>
  <node id="1679406919" lat="55.8185659" lon="37.7008618" version="1" timestamp="2012-03-18T08:34:00Z" changeset="11015855" uid="398817" user="ullus"/>
  <node id="1679406920" lat="55.8185333" lon="37.7019035" version="2" timestamp="2019-01-02T06:04:38Z" changeset="65949299" uid="6217586" user="Dzertanoj"/>
  <node id="1680472181" lat="55.8176746" lon="37.7000643" version="2" timestamp="2016-01-05T01:22:24Z" changeset="36372305" uid="403870" user="BushmanK"/>
  <node id="1680472238" lat="55.8177722" lon="37.7000168" version="1" timestamp="2012-03-18T18:39:31Z" changeset="11022512" uid="398817" user="ullus"/>
  <node id="1680472296" lat="55.8173764" lon="37.7007203" version="1" timestamp="2012-03-18T18:39:32Z" changeset="11022512" uid="398817" user="ullus"/>
  <node id="1680472340" lat="55.8154438" lon="37.7027717" version="3" timestamp="2018-03-29T19:25:10Z" changeset="57643368" uid="6217586" user="Dzertanoj"/>
  <node id="1680472349" lat="55.8174111" lon="37.6997882" version="2" timestamp="2016-01-05T01:22:24Z" changeset="36372305" uid="403870" user="BushmanK"/>
  <node id="1680472377" lat="55.8165568" lon="37.7000477" version="2" timestamp="2023-03-07T13:51:26Z" changeset="133404236" uid="10129333" user="solenoid jam"/>
  <node id="1680472428" lat="55.8169935" lon="37.7003360" version="1" timestamp="2012-03-18T18:39:35Z" changeset="11022512" uid="398817" user="ullus"/>
  <node id="1680472454" lat="55.8177222" lon="37.7002142" version="2" timestamp="2016-01-05T01:22:24Z" changeset="36372305" uid="403870" user="BushmanK"/>
  <node id="1680472485" lat="55.8175907" lon="37.7007317" version="2" timestamp="2016-01-05T01:22:24Z" changeset="36372305" uid="403870" user="BushmanK"/>
  <node id="1680472558" lat="55.8172913" lon="37.6999798" version="1" timestamp="2012-03-18T18:39:38Z" changeset="11022512" uid="398817" user="ullus"/>
  <node id="1680472582" lat="55.8172033" lon="37.6997437" version="2" timestamp="2015-12-18T21:30:33Z" changeset="36036284" uid="397326" user="trolleway"/>
  <node id="1680472586" lat="55.8155060" lon="37.7026497" version="3" timestamp="2018-03-29T19:25:10Z" changeset="57643368" uid="6217586" user="Dzertanoj"/>
  <node id="1680472595" lat="55.8173765" lon="37.7012637" version="2" timestamp="2016-01-05T01:22:24Z" changeset="36372305" uid="403870" user="BushmanK"/>
  <node id="1680472641" lat="55.8168942" lon="37.6998844" version="1" timestamp="2012-03-18T18:39:40Z" changeset="11022512" uid="398817" user="ullus"/>
  <node id="1680472643" lat="55.8175960" lon="37.7009206" version="2" timestamp="2016-01-05T01:22:24Z" changeset="36372305" uid="403870" user="BushmanK"/>
  <node id="1680472647" lat="55.8171709" lon="37.6998355" version="2" timestamp="2015-12-18T21:30:33Z" changeset="36036284" uid="397326" user="trolleway"/>
  <node id="1680472680" lat="55.8178256" lon="37.7000843" version="2" timestamp="2016-01-05T01:22:24Z" changeset="36372305" uid="403870" user="BushmanK"/>
  <node id="1680472682" lat="55.8149242" lon="37.7032530" version="3" timestamp="2016-01-06T19:15:52Z" changeset="36411174" uid="403870" user="BushmanK"/>
  <node id="1680472685" lat="55.8153255" lon="37.7013885" version="2" timestamp="2025-09-26T16:22:12Z" changeset="172493883" uid="363136" user="neo-plan"/>
  <node id="1680472758" lat="55.8156647" lon="37.7030441" version="3" timestamp="2018-03-29T19:25:10Z" changeset="57643368" uid="6217586" user="Dzertanoj"/>
  <node id="1680472762" lat="55.8153946" lon="37.7028527" version="2" timestamp="2016-01-06T19:15:52Z" changeset="36411174" uid="403870" user="BushmanK"/>
  <node id="1680472792" lat="55.8172535" lon="37.7003447" version="1" timestamp="2012-03-18T18:39:44Z" changeset="11022512" uid="398817" user="ullus"/>
  <node id="1680472817" lat="55.8176165" lon="37.7002009" version="2" timestamp="2016-01-05T01:22:24Z" changeset="36372305" uid="403870" user="BushmanK"/>
  <node id="1680472824" lat="55.8155205" lon="37.7018781" version="3" timestamp="2016-01-04T23:48:45Z" changeset="36371506" uid="403870" user="BushmanK"/>
  <node id="1680472850" lat="55.8173519" lon="37.7000444" version="1" timestamp="2012-03-18T18:39:46Z" changeset="11022512" uid="398817" user="ullus"/>
  <node id="1680472927" lat="55.8156347" lon="37.7020246" version="2" timestamp="2018-08-27T14:25:27Z" changeset="62042113" uid="830106" user="literan"/>
  <node id="1680472939" lat="55.8155185" lon="37.7023400" version="1" timestamp="2012-03-18T18:39:49Z" changeset="11022512" uid="398817" user="ullus"/>
  <node id="1680472941" lat="55.8167878" lon="37.7006372" version="2" timestamp="2016-01-05T01:22:24Z" changeset="36372305" uid="403870" user="BushmanK"/>
  <node id="1680472946" lat="55.8148742" lon="37.7032733" version="3" timestamp="2016-01-06T19:15:52Z" changeset="36411174" uid="403870" user="BushmanK"/>
  <node id="1680472998" lat="55.8170581" lon="37.7000527" version="1" timestamp="2012-03-18T18:39:50Z" changeset="11022512" uid="398817" user="ullus"/>
  <node id="1680473020" lat="55.8173104" lon="37.7001578" version="1" timestamp="2012-03-18T18:39:51Z" changeset="11022512" uid="398817" user="ullus"/>
  <node id="1680473043" lat="55.8173861" lon="37.6998064" version="2" timestamp="2016-01-05T01:22:24Z" changeset="36372305" uid="403870" user="BushmanK"/>
  <node id="1680473064" lat="55.8149038" lon="37.7032608" version="2" timestamp="2016-01-04T23:48:45Z" changeset="36371506" uid="403870" user="BushmanK"/>
  <node id="1680473131" lat="55.8170692" lon="37.7004163" version="1" timestamp="2012-03-18T18:39:53Z" changeset="11022512" uid="398817" user="ullus"/>
  <node id="1680473182" lat="55.8176501" lon="37.7001386" version="2" timestamp="2016-01-05T01:22:24Z" changeset="36372305" uid="403870" user="BushmanK"/>
  <node id="1680473187" lat="55.8151723" lon="37.7033464" version="2" timestamp="2016-01-06T19:15:52Z" changeset="36411174" uid="403870" user="BushmanK"/>
  <node id="1680473190" lat="55.8148313" lon="37.7004885" version="2" timestamp="2018-01-14T00:45:54Z" changeset="55419914" uid="6217586" user="Dzertanoj"/>
  <node id="1680473329" lat="55.8173786" lon="37.7004651" version="1" timestamp="2012-03-18T18:39:57Z" changeset="11022512" uid="398817" user="ullus"/>
  <node id="1680473332" lat="55.8175308" lon="37.7002350" version="1" timestamp="2012-03-18T18:39:57Z" changeset="11022512" uid="398817" user="ullus"/>
  <node id="1680473378" lat="55.8171353" lon="37.6997959" version="2" timestamp="2015-12-18T21:30:34Z" changeset="36036284" uid="397326" user="trolleway"/>
  <node id="1680473385" lat="55.8174712" lon="37.7006404" version="2" timestamp="2016-01-05T01:22:24Z" changeset="36372305" uid="403870" user="BushmanK"/>
  <node id="1680473391" lat="55.8149149" lon="37.7029570" version="3" timestamp="2016-01-06T19:15:52Z" changeset="36411174" uid="403870" user="BushmanK"/>
  <node id="1680473450" lat="55.8174354" lon="37.7002782" version="1" timestamp="2012-03-18T18:40:00Z" changeset="11022512" uid="398817" user="ullus"/>
  <node id="1680473472" lat="55.8172424" lon="37.6998872" version="1" timestamp="2012-03-18T18:40:01Z" changeset="11022512" uid="398817" user="ullus"/>
  <node id="1680473526" lat="55.8156347" lon="37.7021145" version="2" timestamp="2018-08-27T14:25:27Z" changeset="62042113" uid="830106" user="literan"/>
  <node id="1680473528" lat="55.8175530" lon="37.7007261" version="2" timestamp="2016-01-05T01:22:24Z" changeset="36372305" uid="403870" user="BushmanK"/>
  <node id="1680473545" lat="55.8154283" lon="37.7027694" version="2" timestamp="2016-01-07T03:10:05Z" changeset="36416838" uid="403870" user="BushmanK"/>
  <node id="1680473571" lat="55.8178662" lon="37.7001007" version="2" timestamp="2016-01-05T01:22:24Z" changeset="36372305" uid="403870" user="BushmanK"/>
  <node id="1680473578" lat="55.8157571" lon="37.7020249" version="2" timestamp="2018-08-27T14:25:27Z" changeset="62042113" uid="830106" user="literan"/>
  <node id="1680473582" lat="55.8153650" lon="37.7018596" version="4" timestamp="2025-09-26T16:22:12Z" changeset="172493883" uid="363136" user="neo-plan"/>
  <node id="1680473603" lat="55.8172992" lon="37.6999461" version="1" timestamp="2012-03-18T18:40:03Z" changeset="11022512" uid="398817" user="ullus"/>
  <node id="1680473618" lat="55.8157156" lon="37.7027935" version="3" timestamp="2018-03-29T19:25:10Z" changeset="57643368" uid="6217586" user="Dzertanoj"/>
  <node id="1680473627" lat="55.8154660" lon="37.7026693" version="2" timestamp="2016-01-07T03:10:05Z" changeset="36416838" uid="403870" user="BushmanK"/>
  <node id="1680473634" lat="55.8157571" lon="37.7021148" version="2" timestamp="2018-08-27T14:25:27Z" changeset="62042113" uid="830106" user="literan"/>
  <node id="1680473635" lat="55.8173485" lon="37.6999201" version="2" timestamp="2016-01-05T01:22:24Z" changeset="36372305" uid="403870" user="BushmanK"/>
  <node id="1680473654" lat="55.8176708" lon="37.6997882" version="1" timestamp="2012-03-18T18:40:05Z" changeset="11022512" uid="398817" user="ullus"/>
  <node id="1704435963" lat="55.8175372" lon="37.7008675" version="2" timestamp="2016-01-05T01:22:25Z" changeset="36372305" uid="403870" user="BushmanK"/>
  <node id="1786975389" lat="55.8147751" lon="37.7034822" version="3" timestamp="2016-03-30T01:39:23Z" changeset="38156044" uid="403870" user="BushmanK"/>
  <node id="1923788410" lat="55.8182822" lon="37.7032253" version="3" timestamp="2018-08-24T13:34:19Z" changeset="61959244" uid="830106" user="literan"/>
  <node id="1984653757" lat="55.8166403" lon="37.7006106" version="6" timestamp="2024-07-30T13:38:45Z" changeset="154607116" uid="564990" user="mavl">
    <tag k="name" v="Богородское"/>
    <tag k="public_transport" v="stop_position"/>
    <tag k="railway" v="tram_stop"/>
    <tag k="tram" v="yes"/>
  </node>
  <node id="1984653760" lat="55.8166644" lon="37.7005779" version="3" timestamp="2018-03-29T19:35:22Z" changeset="57643638" uid="6217586" user="Dzertanoj"/>
  <node id="1984653762" lat="55.8169915" lon="37.7011805" version="3" timestamp="2012-10-26T17:31:04Z" changeset="13640974" uid="397326" user="trolleway"/>
  <node id="1984653772" lat="55.8170058" lon="37.7011362" version="5" timestamp="2024-07-30T13:34:23Z" changeset="154606945" uid="564990" user="mavl">
    <tag k="name" v="Богородское"/>
    <tag k="public_transport" v="stop_position"/>
    <tag k="railway" v="tram_stop"/>
    <tag k="tram" v="yes"/>
  </node>
  <node id="1984653906" lat="55.8163452" lon="37.6997507" version="2" timestamp="2018-03-29T19:35:22Z" changeset="57643638" uid="6217586" user="Dzertanoj"/>
  <node id="1984653913" lat="55.8167479" lon="37.7009028" version="4" timestamp="2024-04-10T18:27:26Z" changeset="149833727" uid="1461457" user="aurora-polar">
    <tag k="railway" v="switch"/>
    <tag k="railway:switch" v="default"/>
    <tag k="railway:turnout_side" v="left"/>
    <tag k="ref" v="152"/>
  </node>
  <node id="1984653915" lat="55.8167697" lon="37.7008661" version="2" timestamp="2012-10-26T17:31:04Z" changeset="13640974" uid="397326" user="trolleway"/>
  <node id="1984653943" lat="55.8173981" lon="37.7016175" version="2" timestamp="2012-10-26T17:31:04Z" changeset="13640974" uid="397326" user="trolleway"/>
  <node id="1984653945" lat="55.8174148" lon="37.7015742" version="2" timestamp="2012-10-26T17:31:04Z" changeset="13640974" uid="397326" user="trolleway"/>
  <node id="1984653948" lat="55.8176712" lon="37.7021599" version="3" timestamp="2024-04-10T18:27:26Z" changeset="149833727" uid="1461457" user="aurora-polar">
    <tag k="railway" v="switch"/>
    <tag k="railway:switch" v="default"/>
    <tag k="railway:turnout_side" v="left"/>
    <tag k="ref" v="153с"/>
  </node>
  <node id="1984653950" lat="55.8176920" lon="37.7021247" version="1" timestamp="2012-10-26T17:24:01Z" changeset="13640252" uid="397326" user="trolleway"/>
  <node id="1984653975" lat="55.8180706" lon="37.7028843" version="1" timestamp="2012-10-26T17:24:02Z" changeset="13640252" uid="397326" user="trolleway"/>
  <node id="1984653977" lat="55.8180903" lon="37.7028468" version="3" timestamp="2020-11-12T21:21:36Z" changeset="94019308" uid="830106" user="literan">
    <tag k="railway" v="tram_level_crossing"/>
  </node>
  <node id="1984653988" lat="55.8183783" lon="37.7034424" version="1" timestamp="2012-10-26T17:24:02Z" changeset="13640252" uid="397326" user="trolleway"/>
  <node id="1984653990" lat="55.8184001" lon="37.7034090" version="1" timestamp="2012-10-26T17:24:02Z" changeset="13640252" uid="397326" user="trolleway"/>
  <node id="1984665585" lat="55.8168367" lon="37.7010040" version="1" timestamp="2012-10-26T17:31:02Z" changeset="13640974" uid="397326" user="trolleway"/>
  <node id="1984672572" lat="55.8167732" lon="37.7015365" version="3" timestamp="2024-04-10T18:27:26Z" changeset="149833727" uid="1461457" user="aurora-polar">
    <tag k="railway" v="switch"/>
    <tag k="railway:switch" v="default"/>
    <tag k="railway:turnout_side" v="right"/>
    <tag k="ref" v="152с"/>
  </node>
  <node id="1984672574" lat="55.8167763" lon="37.7009713" version="1" timestamp="2012-10-26T17:34:14Z" changeset="13640974" uid="397326" user="trolleway"/>
  <node id="1984672575" lat="55.8167954" lon="37.7014765" version="1" timestamp="2012-10-26T17:34:14Z" changeset="13640974" uid="397326" user="trolleway"/>
  <node id="1984672577" lat="55.8167959" lon="37.7014616" version="1" timestamp="2012-10-26T17:34:14Z" changeset="13640974" uid="397326" user="trolleway"/>
  <node id="1984672580" lat="55.8167981" lon="37.7010470" version="1" timestamp="2012-10-26T17:34:14Z" changeset="13640974" uid="397326" user="trolleway"/>
  <node id="1984672583" lat="55.8168115" lon="37.7013811" version="1" timestamp="2012-10-26T17:34:14Z" changeset="13640974" uid="397326" user="trolleway"/>
  <node id="1984672586" lat="55.8168129" lon="37.7011280" version="1" timestamp="2012-10-26T17:34:14Z" changeset="13640974" uid="397326" user="trolleway"/>
  <node id="1984672592" lat="55.8168196" lon="37.7012972" version="1" timestamp="2012-10-26T17:34:14Z" changeset="13640974" uid="397326" user="trolleway"/>
  <node id="1984672595" lat="55.8168201" lon="37.7012121" version="1" timestamp="2012-10-26T17:34:14Z" changeset="13640974" uid="397326" user="trolleway"/>
  <node id="1984672596" lat="55.8168259" lon="37.7014187" version="2" timestamp="2020-11-12T15:30:40Z" changeset="94005204" uid="396906" user="ghost_07">
    <tag k="railway" v="tram_level_crossing"/>
  </node>
  <node id="1984672599" lat="55.8168302" lon="37.7023182" version="1" timestamp="2012-10-26T17:34:14Z" changeset="13640974" uid="397326" user="trolleway"/>
  <node id="1984672602" lat="55.8168502" lon="37.7023703" version="1" timestamp="2012-10-26T17:34:14Z" changeset="13640974" uid="397326" user="trolleway"/>
  <node id="1984672605" lat="55.8168540" lon="37.7013785" version="1" timestamp="2012-10-26T17:34:14Z" changeset="13640974" uid="397326" user="trolleway"/>
  <node id="1984672608" lat="55.8168748" lon="37.7024155" version="1" timestamp="2012-10-26T17:34:14Z" changeset="13640974" uid="397326" user="trolleway"/>
  <node id="1984672614" lat="55.8169034" lon="37.7024528" version="1" timestamp="2012-10-26T17:34:14Z" changeset="13640974" uid="397326" user="trolleway"/>
  <node id="1984672617" lat="55.8169351" lon="37.7024810" version="1" timestamp="2012-10-26T17:34:14Z" changeset="13640974" uid="397326" user="trolleway"/>
  <node id="1984672619" lat="55.8170276" lon="37.7012734" version="2" timestamp="2024-04-10T18:27:26Z" changeset="149833727" uid="1461457" user="aurora-polar">
    <tag k="railway" v="switch"/>
    <tag k="railway:switch" v="default"/>
    <tag k="railway:turnout_side" v="left"/>
    <tag k="ref" v="100"/>
  </node>
  <node id="1984672639" lat="55.8169690" lon="37.7024993" version="1" timestamp="2012-10-26T17:34:15Z" changeset="13640974" uid="397326" user="trolleway"/>
  <node id="1984672647" lat="55.8170041" lon="37.7025071" version="1" timestamp="2012-10-26T17:34:15Z" changeset="13640974" uid="397326" user="trolleway"/>
  <node id="1984672655" lat="55.8170395" lon="37.7025044" version="1" timestamp="2012-10-26T17:34:15Z" changeset="13640974" uid="397326" user="trolleway"/>
  <node id="1984672658" lat="55.8170382" lon="37.7021328" version="2" timestamp="2024-04-10T18:27:26Z" changeset="149833727" uid="1461457" user="aurora-polar"/>
  <node id="1984672661" lat="55.8170515" lon="37.7012637" version="1" timestamp="2012-10-26T17:34:15Z" changeset="13640974" uid="397326" user="trolleway"/>
  <node id="1984672664" lat="55.8170738" lon="37.7022110" version="1" timestamp="2012-10-26T17:34:15Z" changeset="13640974" uid="397326" user="trolleway"/>
  <node id="1984672667" lat="55.8170741" lon="37.7024910" version="1" timestamp="2012-10-26T17:34:15Z" changeset="13640974" uid="397326" user="trolleway"/>
  <node id="1984672670" lat="55.8170761" lon="37.7012603" version="1" timestamp="2012-10-26T17:34:15Z" changeset="13640974" uid="397326" user="trolleway"/>
  <node id="1984672673" lat="55.8171010" lon="37.7012634" version="2" timestamp="2020-11-12T15:30:40Z" changeset="94005204" uid="396906" user="ghost_07">
    <tag k="railway" v="tram_level_crossing"/>
  </node>
  <node id="1984672675" lat="55.8171049" lon="37.7022474" version="1" timestamp="2012-10-26T17:34:15Z" changeset="13640974" uid="397326" user="trolleway"/>
  <node id="1984672687" lat="55.8171246" lon="37.7012726" version="1" timestamp="2012-10-26T17:34:15Z" changeset="13640974" uid="397326" user="trolleway"/>
  <node id="1984672688" lat="55.8171389" lon="37.7022744" version="1" timestamp="2012-10-26T17:34:15Z" changeset="13640974" uid="397326" user="trolleway"/>
  <node id="1984672689" lat="55.8171476" lon="37.7012881" version="3" timestamp="2024-04-10T18:27:26Z" changeset="149833727" uid="1461457" user="aurora-polar">
    <tag k="railway" v="switch"/>
    <tag k="railway:switch" v="default"/>
    <tag k="railway:turnout_side" v="left"/>
    <tag k="ref" v="151"/>
  </node>
  <node id="1984672690" lat="55.8171748" lon="37.7022911" version="1" timestamp="2012-10-26T17:34:15Z" changeset="13640974" uid="397326" user="trolleway"/>
  <node id="1984672692" lat="55.8172119" lon="37.7022972" version="1" timestamp="2012-10-26T17:34:15Z" changeset="13640974" uid="397326" user="trolleway"/>
  <node id="1984672695" lat="55.8172490" lon="37.7022925" version="1" timestamp="2012-10-26T17:34:15Z" changeset="13640974" uid="397326" user="trolleway"/>
  <node id="1984672698" lat="55.8172852" lon="37.7022772" version="3" timestamp="2024-04-10T18:27:26Z" changeset="149833727" uid="1461457" user="aurora-polar">
    <tag k="railway" v="switch"/>
    <tag k="railway:switch" v="default"/>
    <tag k="railway:turnout_side" v="right"/>
    <tag k="ref" v="100с"/>
  </node>
  <node id="1984672701" lat="55.8174574" lon="37.7020933" version="3" timestamp="2024-04-10T18:27:26Z" changeset="149833727" uid="1461457" user="aurora-polar">
    <tag k="railway" v="switch"/>
    <tag k="railway:switch" v="default"/>
    <tag k="railway:turnout_side" v="right"/>
    <tag k="ref" v="153"/>
  </node>
  <node id="1984672704" lat="55.8174759" lon="37.7020614" version="1" timestamp="2012-10-26T17:34:15Z" changeset="13640974" uid="397326" user="trolleway"/>
  <node id="1984672707" lat="55.8174884" lon="37.7020733" version="1" timestamp="2012-10-26T17:34:15Z" changeset="13640974" uid="397326" user="trolleway"/>
  <node id="1984672710" lat="55.8174916" lon="37.7020250" version="1" timestamp="2012-10-26T17:34:15Z" changeset="13640974" uid="397326" user="trolleway"/>
  <node id="1984672712" lat="55.8175039" lon="37.7019847" version="1" timestamp="2012-10-26T17:34:15Z" changeset="13640974" uid="397326" user="trolleway"/>
  <node id="1984672715" lat="55.8175088" lon="37.7017608" version="3" timestamp="2024-04-10T18:27:26Z" changeset="149833727" uid="1461457" user="aurora-polar">
    <tag k="railway" v="switch"/>
    <tag k="railway:switch" v="default"/>
    <tag k="railway:turnout_side" v="right"/>
    <tag k="ref" v="151с"/>
  </node>
  <node id="1984672718" lat="55.8175126" lon="37.7019415" version="1" timestamp="2012-10-26T17:34:15Z" changeset="13640974" uid="397326" user="trolleway"/>
  <node id="1984672721" lat="55.8175156" lon="37.7018051" version="1" timestamp="2012-10-26T17:34:16Z" changeset="13640974" uid="397326" user="trolleway"/>
  <node id="1984672724" lat="55.8175175" lon="37.7018965" version="1" timestamp="2012-10-26T17:34:16Z" changeset="13640974" uid="397326" user="trolleway"/>
  <node id="1984672727" lat="55.8175185" lon="37.7018507" version="1" timestamp="2012-10-26T17:34:16Z" changeset="13640974" uid="397326" user="trolleway"/>
  <node id="1984672730" lat="55.8175208" lon="37.7020632" version="1" timestamp="2012-10-26T17:34:16Z" changeset="13640974" uid="397326" user="trolleway"/>
  <node id="1984672745" lat="55.8175538" lon="37.7020632" version="1" timestamp="2012-10-26T17:34:16Z" changeset="13640974" uid="397326" user="trolleway"/>
  <node id="1984672746" lat="55.8175863" lon="37.7020733" version="1" timestamp="2012-10-26T17:34:16Z" changeset="13640974" uid="397326" user="trolleway"/>
  <node id="1984672747" lat="55.8176173" lon="37.7020932" version="1" timestamp="2012-10-26T17:34:16Z" changeset="13640974" uid="397326" user="trolleway"/>
  <node id="1984672748" lat="55.8176458" lon="37.7021224" version="1" timestamp="2012-10-26T17:34:16Z" changeset="13640974" uid="397326" user="trolleway"/>
  <node id="2084140073" lat="55.8171458" lon="37.7010239" version="4" timestamp="2015-07-14T22:29:29Z" changeset="32640048" uid="830106" user="literan">
    <tag k="operator" v="Мосгортранс"/>
    <tag k="shop" v="ticket"/>
    <tag k="tickets" v="psv"/>
    <tag k="tickets:public_transport" v="yes"/>
  </node>
  <node id="2105616975" lat="55.8158379" lon="37.7018356" version="2" timestamp="2016-01-04T23:48:46Z" changeset="36371506" uid="403870" user="BushmanK"/>
  <node id="2105616981" lat="55.8160057" lon="37.7024581" version="2" timestamp="2023-02-14T19:04:57Z" changeset="132550985" uid="12947635" user="Руслан Т"/>
  <node id="2105616983" lat="55.8161528" lon="37.7028250" version="3" timestamp="2023-02-14T19:04:57Z" changeset="132550985" uid="12947635" user="Руслан Т"/>
  <node id="2105616985" lat="55.8163481" lon="37.7030311" version="2" timestamp="2023-02-14T19:04:57Z" changeset="132550985" uid="12947635" user="Руслан Т"/>
  <node id="2105616992" lat="55.8162436" lon="37.7030800" version="2" timestamp="2023-02-14T19:04:57Z" changeset="132550985" uid="12947635" user="Руслан Т"/>
  <node id="2105616995" lat="55.8163103" lon="37.7035108" version="3" timestamp="2023-02-14T19:04:57Z" changeset="132550985" uid="12947635" user="Руслан Т"/>
  <node id="2105616997" lat="55.8160563" lon="37.7028451" version="3" timestamp="2023-02-14T19:04:57Z" changeset="132550985" uid="12947635" user="Руслан Т"/>
  <node id="2105617000" lat="55.8168371" lon="37.7032524" version="3" timestamp="2023-02-14T19:04:57Z" changeset="132550985" uid="12947635" user="Руслан Т"/>
  <node id="2378753557" lat="55.8170891" lon="37.7022041" version="1" timestamp="2013-07-09T07:13:04Z" changeset="16883224" uid="403870" user="BushmanK"/>
  <node id="2378753558" lat="55.8172335" lon="37.7022765" version="1" timestamp="2013-07-09T07:13:04Z" changeset="16883224" uid="403870" user="BushmanK"/>
  <node id="2378753559" lat="55.8173004" lon="37.7015395" version="1" timestamp="2013-07-09T07:13:04Z" changeset="16883224" uid="403870" user="BushmanK"/>
  <node id="2378753560" lat="55.8173667" lon="37.7021644" version="1" timestamp="2013-07-09T07:13:04Z" changeset="16883224" uid="403870" user="BushmanK"/>
  <node id="2378754130" lat="55.8167606" lon="37.7018131" version="1" timestamp="2013-07-09T07:14:18Z" changeset="16883242" uid="403870" user="BushmanK"/>
  <node id="2378754135" lat="55.8167726" lon="37.7016892" version="1" timestamp="2013-07-09T07:14:18Z" changeset="16883242" uid="403870" user="BushmanK"/>
  <node id="2378754137" lat="55.8167875" lon="37.7020047" version="1" timestamp="2013-07-09T07:14:18Z" changeset="16883242" uid="403870" user="BushmanK"/>
  <node id="2378754139" lat="55.8167884" lon="37.7016479" version="1" timestamp="2013-07-09T07:14:18Z" changeset="16883242" uid="403870" user="BushmanK"/>
  <node id="2378754141" lat="55.8168376" lon="37.7022459" version="1" timestamp="2013-07-09T07:14:18Z" changeset="16883242" uid="403870" user="BushmanK"/>
  <node id="2378754143" lat="55.8168682" lon="37.7023664" version="1" timestamp="2013-07-09T07:14:18Z" changeset="16883242" uid="403870" user="BushmanK"/>
  <node id="2378754145" lat="55.8169007" lon="37.7015967" version="1" timestamp="2013-07-09T07:14:18Z" changeset="16883242" uid="403870" user="BushmanK"/>
  <node id="2378754147" lat="55.8169072" lon="37.7017124" version="1" timestamp="2013-07-09T07:14:18Z" changeset="16883242" uid="403870" user="BushmanK"/>
  <node id="2378754149" lat="55.8169295" lon="37.7024523" version="1" timestamp="2013-07-09T07:14:18Z" changeset="16883242" uid="403870" user="BushmanK"/>
  <node id="2378754151" lat="55.8169471" lon="37.7020344" version="1" timestamp="2013-07-09T07:14:18Z" changeset="16883242" uid="403870" user="BushmanK"/>
  <node id="2378754153" lat="55.8169805" lon="37.7021715" version="1" timestamp="2013-07-09T07:14:18Z" changeset="16883242" uid="403870" user="BushmanK"/>
  <node id="2378754155" lat="55.8169870" lon="37.7024854" version="1" timestamp="2013-07-09T07:14:18Z" changeset="16883242" uid="403870" user="BushmanK"/>
  <node id="2378754157" lat="55.8170019" lon="37.7022326" version="1" timestamp="2013-07-09T07:14:18Z" changeset="16883242" uid="403870" user="BushmanK"/>
  <node id="2378754159" lat="55.8170390" lon="37.7023037" version="1" timestamp="2013-07-09T07:14:18Z" changeset="16883242" uid="403870" user="BushmanK"/>
  <node id="2378754161" lat="55.8170445" lon="37.7024804" version="1" timestamp="2013-07-09T07:14:18Z" changeset="16883242" uid="403870" user="BushmanK"/>
  <node id="2378754164" lat="55.8170993" lon="37.7023466" version="1" timestamp="2013-07-09T07:14:18Z" changeset="16883242" uid="403870" user="BushmanK"/>
  <node id="2378754166" lat="55.8170993" lon="37.7024490" version="1" timestamp="2013-07-09T07:14:18Z" changeset="16883242" uid="403870" user="BushmanK"/>
  <node id="2378754168" lat="55.8171930" lon="37.7023499" version="1" timestamp="2013-07-09T07:14:18Z" changeset="16883242" uid="403870" user="BushmanK"/>
  <node id="2663128401" lat="55.8154729" lon="37.6998431" version="2" timestamp="2018-03-29T19:53:07Z" changeset="57644208" uid="6217586" user="Dzertanoj"/>
  <node id="3657971145" lat="55.8184957" lon="37.7036444" version="2" timestamp="2016-01-05T01:22:27Z" changeset="36372305" uid="403870" user="BushmanK"/>
  <node id="3673248153" lat="55.8146631" lon="37.7024112" version="3" timestamp="2018-01-12T19:26:06Z" changeset="55389546" uid="6217586" user="Dzertanoj"/>
  <node id="3673248154" lat="55.8147135" lon="37.7025263" version="3" timestamp="2018-01-12T19:26:06Z" changeset="55389546" uid="6217586" user="Dzertanoj"/>
  <node id="3754692370" lat="55.8183777" lon="37.7002578" version="41" timestamp="2024-09-24T07:40:40Z" changeset="157025850" uid="6710042" user="dpolovinkin">
    <tag k="brand" v="Доброном"/>
    <tag k="brand:wikidata" v="Q2565040"/>
    <tag k="brand:wikipedia" v="be:Eurotorg"/>
    <tag k="name" v="Доброном"/>
    <tag k="opening_hours" v="09:00-23:00"/>
    <tag k="shop" v="convenience"/>
  </node>
  <node id="3898955353" lat="55.8171889" lon="37.6997982" version="1" timestamp="2015-12-18T21:30:27Z" changeset="36036284" uid="397326" user="trolleway"/>
  <node id="3898961741" lat="55.8146118" lon="37.7022974" version="1" timestamp="2015-12-18T21:35:22Z" changeset="36036353" uid="397326" user="trolleway"/>
  <node id="3898961742" lat="55.8146119" lon="37.7023016" version="1" timestamp="2015-12-18T21:35:22Z" changeset="36036353" uid="397326" user="trolleway"/>
  <node id="3898961743" lat="55.8146669" lon="37.7023056" version="1" timestamp="2015-12-18T21:35:23Z" changeset="36036353" uid="397326" user="trolleway"/>
  <node id="3898961744" lat="55.8146676" lon="37.7024073" version="1" timestamp="2015-12-18T21:35:23Z" changeset="36036353" uid="397326" user="trolleway"/>
  <node id="3898961745" lat="55.8146681" lon="37.7024080" version="1" timestamp="2015-12-18T21:35:23Z" changeset="36036353" uid="397326" user="trolleway"/>
  <node id="3898961746" lat="55.8147148" lon="37.7024084" version="1" timestamp="2015-12-18T21:35:23Z" changeset="36036353" uid="397326" user="trolleway"/>
  <node id="3898961747" lat="55.8147525" lon="37.7024118" version="1" timestamp="2015-12-18T21:35:23Z" changeset="36036353" uid="397326" user="trolleway"/>
  <node id="3898961748" lat="55.8148688" lon="37.7024124" version="1" timestamp="2015-12-18T21:35:23Z" changeset="36036353" uid="397326" user="trolleway"/>
  <node id="3898961749" lat="55.8148690" lon="37.7023135" version="1" timestamp="2015-12-18T21:35:23Z" changeset="36036353" uid="397326" user="trolleway"/>
  <node id="3898964145" lat="55.8146126" lon="37.7022933" version="1" timestamp="2015-12-18T21:35:23Z" changeset="36036353" uid="397326" user="trolleway"/>
  <node id="3898964146" lat="55.8146134" lon="37.7024253" version="1" timestamp="2015-12-18T21:35:23Z" changeset="36036353" uid="397326" user="trolleway"/>
  <node id="3898964147" lat="55.8146139" lon="37.7022898" version="1" timestamp="2015-12-18T21:35:23Z" changeset="36036353" uid="397326" user="trolleway"/>
  <node id="3898964148" lat="55.8146162" lon="37.7022889" version="1" timestamp="2015-12-18T21:35:23Z" changeset="36036353" uid="397326" user="trolleway"/>
  <node id="3898964149" lat="55.8146227" lon="37.7024260" version="1" timestamp="2015-12-18T21:35:23Z" changeset="36036353" uid="397326" user="trolleway"/>
  <node id="3898964150" lat="55.8146496" lon="37.7024064" version="1" timestamp="2015-12-18T21:35:23Z" changeset="36036353" uid="397326" user="trolleway"/>
  <node id="3898964151" lat="55.8146663" lon="37.7022902" version="1" timestamp="2015-12-18T21:35:23Z" changeset="36036353" uid="397326" user="trolleway"/>
  <node id="3898964152" lat="55.8146666" lon="37.7023062" version="1" timestamp="2015-12-18T21:35:23Z" changeset="36036353" uid="397326" user="trolleway"/>
  <node id="3906008352" lat="55.8180285" lon="37.7009435" version="1" timestamp="2015-12-23T07:46:08Z" changeset="36119778" uid="962086" user="crab64"/>
  <node id="3906008353" lat="55.8183386" lon="37.7022974" version="2" timestamp="2019-01-02T06:04:38Z" changeset="65949299" uid="6217586" user="Dzertanoj"/>
  <node id="3906008355" lat="55.8177902" lon="37.7013879" version="1" timestamp="2015-12-23T07:46:08Z" changeset="36119778" uid="962086" user="crab64"/>
  <node id="3906008658" lat="55.8175413" lon="37.7018525" version="2" timestamp="2026-01-08T12:56:16Z" changeset="176983622" uid="830106" user="literan"/>
  <node id="3906008660" lat="55.8172715" lon="37.7033105" version="1" timestamp="2015-12-23T07:46:08Z" changeset="36119778" uid="962086" user="crab64"/>
  <node id="3927923745" lat="55.8166612" lon="37.7013736" version="1" timestamp="2016-01-04T23:48:33Z" changeset="36371506" uid="403870" user="BushmanK"/>
  <node id="3927923746" lat="55.8167636" lon="37.7010553" version="2" timestamp="2018-03-29T19:35:22Z" changeset="57643638" uid="6217586" user="Dzertanoj"/>
  <node id="3927923749" lat="55.8167936" lon="37.7011238" version="2" timestamp="2018-03-29T19:35:22Z" changeset="57643638" uid="6217586" user="Dzertanoj"/>
  <node id="3927977782" lat="55.8166443" lon="37.7003195" version="1" timestamp="2016-01-05T01:22:21Z" changeset="36372305" uid="403870" user="BushmanK"/>
  <node id="3927977783" lat="55.8167418" lon="37.7006123" version="1" timestamp="2016-01-05T01:22:21Z" changeset="36372305" uid="403870" user="BushmanK"/>
  <node id="3927977784" lat="55.8167861" lon="37.7006957" version="1" timestamp="2016-01-05T01:22:21Z" changeset="36372305" uid="403870" user="BushmanK"/>
  <node id="3927977796" lat="55.8178473" lon="37.7022487" version="1" timestamp="2016-01-05T01:22:21Z" changeset="36372305" uid="403870" user="BushmanK"/>
  <node id="3927977797" lat="55.8179747" lon="37.6999078" version="2" timestamp="2025-09-26T16:25:44Z" changeset="172494034" uid="363136" user="neo-plan">
    <tag k="crossing" v="uncontrolled"/>
    <tag k="highway" v="crossing"/>
  </node>
  <node id="3930920660" lat="55.8145810" lon="37.7029405" version="1" timestamp="2016-01-06T18:52:48Z" changeset="36410652" uid="403870" user="BushmanK"/>
  <node id="3930966325" lat="55.8148978" lon="37.7018967" version="1" timestamp="2016-01-06T19:15:51Z" changeset="36411174" uid="403870" user="BushmanK"/>
  <node id="3930966326" lat="55.8149803" lon="37.7019071" version="1" timestamp="2016-01-06T19:15:51Z" changeset="36411174" uid="403870" user="BushmanK"/>
  <node id="3931512110" lat="55.8149204" lon="37.7027414" version="1" timestamp="2016-01-07T03:10:04Z" changeset="36416838" uid="403870" user="BushmanK"/>
  <node id="3931512111" lat="55.8155149" lon="37.7025061" version="1" timestamp="2016-01-07T03:10:04Z" changeset="36416838" uid="403870" user="BushmanK"/>
  <node id="4085806992" lat="55.8145804" lon="37.7035881" version="1" timestamp="2016-03-30T01:39:22Z" changeset="38156044" uid="403870" user="BushmanK"/>
  <node id="4085807000" lat="55.8147444" lon="37.7030977" version="1" timestamp="2016-03-30T01:39:22Z" changeset="38156044" uid="403870" user="BushmanK"/>
  <node id="4085807001" lat="55.8147488" lon="37.7036066" version="1" timestamp="2016-03-30T01:39:22Z" changeset="38156044" uid="403870" user="BushmanK"/>
  <node id="4085807002" lat="55.8147627" lon="37.7031637" version="1" timestamp="2016-03-30T01:39:22Z" changeset="38156044" uid="403870" user="BushmanK"/>
  <node id="4085807003" lat="55.8147636" lon="37.7032927" version="1" timestamp="2016-03-30T01:39:22Z" changeset="38156044" uid="403870" user="BushmanK"/>
  <node id="4085807004" lat="55.8147650" lon="37.7034825" version="1" timestamp="2016-03-30T01:39:22Z" changeset="38156044" uid="403870" user="BushmanK"/>
  <node id="4085807005" lat="55.8147658" lon="37.7036062" version="1" timestamp="2016-03-30T01:39:22Z" changeset="38156044" uid="403870" user="BushmanK"/>
  <node id="4085807006" lat="55.8147738" lon="37.7032925" version="1" timestamp="2016-03-30T01:39:22Z" changeset="38156044" uid="403870" user="BushmanK"/>
  <node id="4127594133" lat="55.8165956" lon="37.6999862" version="2" timestamp="2023-03-07T13:51:26Z" changeset="133404236" uid="10129333" user="solenoid jam"/>
  <node id="4127594134" lat="55.8167064" lon="37.7000239" version="30" timestamp="2023-09-17T00:03:31Z" changeset="141362331" uid="461130" user="Fizzie-DWG">
    <tag k="historic" v="memorial"/>
    <tag k="inscription" v="В этом доме с 1929 по 1944 год жил выдающийся спортсмен современности, легендарный вратарь Яшин Лев Иванович"/>
    <tag k="material" v="granite"/>
    <tag k="memorial" v="plaque"/>
    <tag k="memorial:subject" v="Лев Иванович Яшин"/>
    <tag k="name" v="Л. И. Яшину"/>
    <tag k="start_date" v="1999-10-22"/>
    <tag k="subject:wikidata" v="Q167828"/>
    <tag k="subject:wikipedia" v="ru:Яшин, Лев Иванович"/>
  </node>
  <node id="4127594135" lat="55.8168909" lon="37.7003106" version="1" timestamp="2016-04-17T09:35:27Z" changeset="38638696" uid="1437066" user="s-tikhomirov"/>
  <node id="4364976609" lat="55.8185535" lon="37.7032621" version="1" timestamp="2016-08-24T14:57:01Z" changeset="41665432" uid="1376112" user="bigest"/>
  <node id="4364976616" lat="55.8185510" lon="37.7034558" version="1" timestamp="2016-08-24T14:57:01Z" changeset="41665432" uid="1376112" user="bigest"/>
  <node id="4739808704" lat="55.8170669" lon="37.7012616" version="1" timestamp="2017-03-17T13:45:26Z" changeset="46928579" uid="266092" user="luch86">
    <tag k="railway" v="railway_crossing"/>
  </node>
  <node id="4739808705" lat="55.8175184" lon="37.7018564" version="1" timestamp="2017-03-17T13:45:26Z" changeset="46928579" uid="266092" user="luch86">
    <tag k="railway" v="railway_crossing"/>
  </node>
  <node id="4944420538" lat="55.8180638" lon="37.7031677" version="1" timestamp="2017-06-30T17:21:55Z" changeset="49949207" uid="6217586" user="Dzertanoj"/>
  <node id="4944420539" lat="55.8181143" lon="37.7034684" version="1" timestamp="2017-06-30T17:21:55Z" changeset="49949207" uid="6217586" user="Dzertanoj"/>
  <node id="4944420540" lat="55.8181829" lon="37.7034319" version="1" timestamp="2017-06-30T17:21:55Z" changeset="49949207" uid="6217586" user="Dzertanoj"/>
  <node id="4944420541" lat="55.8181324" lon="37.7031312" version="1" timestamp="2017-06-30T17:21:55Z" changeset="49949207" uid="6217586" user="Dzertanoj"/>
  <node id="4944420542" lat="55.8176365" lon="37.7022881" version="1" timestamp="2017-06-30T17:21:55Z" changeset="49949207" uid="6217586" user="Dzertanoj"/>
  <node id="4944420543" lat="55.8181713" lon="37.7031243" version="1" timestamp="2017-06-30T17:21:55Z" changeset="49949207" uid="6217586" user="Dzertanoj"/>
  <node id="4944420544" lat="55.8184499" lon="37.7036509" version="1" timestamp="2017-06-30T17:21:55Z" changeset="49949207" uid="6217586" user="Dzertanoj"/>
  <node id="4951660091" lat="55.8159921" lon="37.7037270" version="2" timestamp="2018-01-12T19:26:06Z" changeset="55389546" uid="6217586" user="Dzertanoj"/>
  <node id="4966852925" lat="55.8182086" lon="37.7035265" version="1" timestamp="2017-07-12T21:06:59Z" changeset="50241058" uid="6217586" user="Dzertanoj"/>
  <node id="4966852926" lat="55.8180866" lon="37.7035292" version="1" timestamp="2017-07-12T21:06:59Z" changeset="50241058" uid="6217586" user="Dzertanoj"/>
  <node id="4966852927" lat="55.8180007" lon="37.7034273" version="1" timestamp="2017-07-12T21:06:59Z" changeset="50241058" uid="6217586" user="Dzertanoj"/>
  <node id="4966852928" lat="55.8178937" lon="37.7034246" version="1" timestamp="2017-07-12T21:06:59Z" changeset="50241058" uid="6217586" user="Dzertanoj"/>
  <node id="4966852929" lat="55.8178003" lon="37.7034595" version="1" timestamp="2017-07-12T21:06:59Z" changeset="50241058" uid="6217586" user="Dzertanoj"/>
  <node id="4966852930" lat="55.8173587" lon="37.7037196" version="2" timestamp="2018-04-04T17:37:07Z" changeset="57810180" uid="6217586" user="Dzertanoj"/>
  <node id="4966852933" lat="55.8169227" lon="37.7026160" version="1" timestamp="2017-07-12T21:06:59Z" changeset="50241058" uid="6217586" user="Dzertanoj"/>
  <node id="5015902532" lat="55.8168880" lon="37.7028801" version="4" timestamp="2021-09-05T20:11:44Z" changeset="110764139" uid="830106" user="literan">
    <tag k="crossing" v="uncontrolled"/>
    <tag k="crossing:island" v="no"/>
    <tag k="highway" v="crossing"/>
  </node>
  <node id="5015902533" lat="55.8169622" lon="37.7028370" version="1" timestamp="2017-08-05T07:23:23Z" changeset="50855937" uid="2561994" user="Nimesis"/>
  <node id="5015902534" lat="55.8168097" lon="37.7029257" version="1" timestamp="2017-08-05T07:23:23Z" changeset="50855937" uid="2561994" user="Nimesis"/>
  <node id="5015902535" lat="55.8167728" lon="37.7027379" version="1" timestamp="2017-08-05T07:23:23Z" changeset="50855937" uid="2561994" user="Nimesis"/>
  <node id="5015902536" lat="55.8167027" lon="37.7026024" version="1" timestamp="2017-08-05T07:23:23Z" changeset="50855937" uid="2561994" user="Nimesis"/>
  <node id="5015902537" lat="55.8166349" lon="37.7022725" version="1" timestamp="2017-08-05T07:23:23Z" changeset="50855937" uid="2561994" user="Nimesis"/>
  <node id="5015902538" lat="55.8165507" lon="37.7016626" version="5" timestamp="2021-09-05T20:11:44Z" changeset="110764139" uid="830106" user="literan">
    <tag k="crossing" v="uncontrolled"/>
    <tag k="highway" v="crossing"/>
    <tag k="tactile_paving" v="no"/>
  </node>
  <node id="5015902539" lat="55.8165280" lon="37.7015467" version="2" timestamp="2018-03-29T19:35:22Z" changeset="57643638" uid="6217586" user="Dzertanoj"/>
  <node id="5015902540" lat="55.8149410" lon="37.7019234" version="3" timestamp="2023-05-28T10:47:45Z" changeset="136651721" uid="8691385" user="nedforik">
    <tag k="crossing" v="unmarked"/>
    <tag k="crossing:island" v="no"/>
    <tag k="highway" v="crossing"/>
    <tag k="tactile_paving" v="yes"/>
  </node>
  <node id="5015902541" lat="55.8158385" lon="37.7019876" version="3" timestamp="2023-02-14T19:04:57Z" changeset="132550985" uid="12947635" user="Руслан Т">
    <tag k="crossing" v="uncontrolled"/>
    <tag k="highway" v="crossing"/>
  </node>
  <node id="5015902542" lat="55.8165716" lon="37.7017629" version="1" timestamp="2017-08-05T07:23:23Z" changeset="50855937" uid="2561994" user="Nimesis"/>
  <node id="5015902543" lat="55.8159050" lon="37.7019776" version="2" timestamp="2023-02-14T19:04:57Z" changeset="132550985" uid="12947635" user="Руслан Т"/>
  <node id="5015902546" lat="55.8157661" lon="37.7020016" version="1" timestamp="2017-08-05T07:23:23Z" changeset="50855937" uid="2561994" user="Nimesis"/>
  <node id="5015902547" lat="55.8155201" lon="37.7019681" version="1" timestamp="2017-08-05T07:23:23Z" changeset="50855937" uid="2561994" user="Nimesis"/>
  <node id="5015902548" lat="55.8150216" lon="37.7019104" version="1" timestamp="2017-08-05T07:23:23Z" changeset="50855937" uid="2561994" user="Nimesis"/>
  <node id="5015902549" lat="55.8149824" lon="37.7019319" version="1" timestamp="2017-08-05T07:23:23Z" changeset="50855937" uid="2561994" user="Nimesis"/>
  <node id="5015902550" lat="55.8149039" lon="37.7019157" version="1" timestamp="2017-08-05T07:23:23Z" changeset="50855937" uid="2561994" user="Nimesis"/>
  <node id="5015902551" lat="55.8148754" lon="37.7018917" version="1" timestamp="2017-08-05T07:23:23Z" changeset="50855937" uid="2561994" user="Nimesis"/>
  <node id="5024176859" lat="55.8164427" lon="37.6999880" version="2" timestamp="2018-03-29T19:35:22Z" changeset="57643638" uid="6217586" user="Dzertanoj"/>
  <node id="5334698625" lat="55.8163461" lon="37.7018703" version="2" timestamp="2023-02-14T19:04:57Z" changeset="132550985" uid="12947635" user="Руслан Т"/>
  <node id="5334698626" lat="55.8164015" lon="37.7022943" version="2" timestamp="2023-02-14T19:04:57Z" changeset="132550985" uid="12947635" user="Руслан Т"/>
  <node id="5334698627" lat="55.8166158" lon="37.7022056" version="2" timestamp="2023-02-14T19:04:57Z" changeset="132550985" uid="12947635" user="Руслан Т"/>
  <node id="5334698628" lat="55.8165604" lon="37.7017816" version="2" timestamp="2023-02-14T19:04:57Z" changeset="132550985" uid="12947635" user="Руслан Т"/>
  <node id="5334698629" lat="55.8164267" lon="37.7024875" version="2" timestamp="2023-02-14T19:04:57Z" changeset="132550985" uid="12947635" user="Руслан Т"/>
  <node id="5334698630" lat="55.8164785" lon="37.7028839" version="2" timestamp="2023-02-14T19:04:57Z" changeset="132550985" uid="12947635" user="Руслан Т"/>
  <node id="5334698631" lat="55.8166928" lon="37.7027952" version="2" timestamp="2023-02-14T19:04:57Z" changeset="132550985" uid="12947635" user="Руслан Т"/>
  <node id="5334698632" lat="55.8166410" lon="37.7023988" version="2" timestamp="2023-02-14T19:04:57Z" changeset="132550985" uid="12947635" user="Руслан Т"/>
  <node id="5334698633" lat="55.8159503" lon="37.7020340" version="2" timestamp="2023-02-14T19:04:57Z" changeset="132550985" uid="12947635" user="Руслан Т"/>
  <node id="5334698635" lat="55.8162262" lon="37.7023669" version="2" timestamp="2023-02-14T19:04:57Z" changeset="132550985" uid="12947635" user="Руслан Т"/>
  <node id="5334698636" lat="55.8161708" lon="37.7019428" version="2" timestamp="2023-02-14T19:04:57Z" changeset="132550985" uid="12947635" user="Руслан Т"/>
  <node id="5334698637" lat="55.8163563" lon="37.7019482" version="2" timestamp="2023-02-14T19:04:57Z" changeset="132550985" uid="12947635" user="Руслан Т"/>
  <node id="5334698638" lat="55.8161810" lon="37.7020208" version="2" timestamp="2023-02-14T19:04:57Z" changeset="132550985" uid="12947635" user="Руслан Т"/>
  <node id="5334698639" lat="55.8162144" lon="37.7022771" version="2" timestamp="2023-02-14T19:04:57Z" changeset="132550985" uid="12947635" user="Руслан Т"/>
  <node id="5334698640" lat="55.8163897" lon="37.7022045" version="2" timestamp="2023-02-14T19:04:57Z" changeset="132550985" uid="12947635" user="Руслан Т"/>
  <node id="5334698641" lat="55.8164444" lon="37.7022766" version="2" timestamp="2023-02-14T19:04:57Z" changeset="132550985" uid="12947635" user="Руслан Т"/>
  <node id="5334698642" lat="55.8164696" lon="37.7024697" version="2" timestamp="2023-02-14T19:04:57Z" changeset="132550985" uid="12947635" user="Руслан Т"/>
  <node id="5334698643" lat="55.8166115" lon="37.7024110" version="2" timestamp="2023-02-14T19:04:57Z" changeset="132550985" uid="12947635" user="Руслан Т"/>
  <node id="5334698644" lat="55.8165863" lon="37.7022178" version="2" timestamp="2023-02-14T19:04:57Z" changeset="132550985" uid="12947635" user="Руслан Т"/>
  <node id="5334698645" lat="55.8165047" lon="37.7032006" version="2" timestamp="2023-02-14T19:04:57Z" changeset="132550985" uid="12947635" user="Руслан Т"/>
  <node id="5334698646" lat="55.8162935" lon="37.7033042" version="2" timestamp="2023-02-14T19:04:57Z" changeset="132550985" uid="12947635" user="Руслан Т"/>
  <node id="5334698647" lat="55.8162623" lon="37.7031030" version="2" timestamp="2023-02-14T19:04:57Z" changeset="132550985" uid="12947635" user="Руслан Т"/>
  <node id="5334698648" lat="55.8164735" lon="37.7029994" version="2" timestamp="2023-02-14T19:04:57Z" changeset="132550985" uid="12947635" user="Руслан Т"/>
  <node id="5334710929" lat="55.8152437" lon="37.7022227" version="1" timestamp="2018-01-12T10:07:43Z" changeset="55375557" uid="6217586" user="Dzertanoj"/>
  <node id="5334710930" lat="55.8152439" lon="37.7021226" version="1" timestamp="2018-01-12T10:07:43Z" changeset="55375557" uid="6217586" user="Dzertanoj"/>
  <node id="5334710931" lat="55.8151464" lon="37.7021218" version="1" timestamp="2018-01-12T10:07:43Z" changeset="55375557" uid="6217586" user="Dzertanoj"/>
  <node id="5334710932" lat="55.8151464" lon="37.7021016" version="1" timestamp="2018-01-12T10:07:43Z" changeset="55375557" uid="6217586" user="Dzertanoj"/>
  <node id="5334710933" lat="55.8150361" lon="37.7021008" version="1" timestamp="2018-01-12T10:07:43Z" changeset="55375557" uid="6217586" user="Dzertanoj"/>
  <node id="5334710934" lat="55.8150349" lon="37.7025856" version="1" timestamp="2018-01-12T10:07:43Z" changeset="55375557" uid="6217586" user="Dzertanoj"/>
  <node id="5334710935" lat="55.8151485" lon="37.7025865" version="1" timestamp="2018-01-12T10:07:44Z" changeset="55375557" uid="6217586" user="Dzertanoj"/>
  <node id="5334710936" lat="55.8151485" lon="37.7025637" version="1" timestamp="2018-01-12T10:07:44Z" changeset="55375557" uid="6217586" user="Dzertanoj"/>
  <node id="5334710937" lat="55.8152401" lon="37.7025645" version="1" timestamp="2018-01-12T10:07:44Z" changeset="55375557" uid="6217586" user="Dzertanoj"/>
  <node id="5334710938" lat="55.8152403" lon="37.7024654" version="1" timestamp="2018-01-12T10:07:44Z" changeset="55375557" uid="6217586" user="Dzertanoj"/>
  <node id="5334710939" lat="55.8151461" lon="37.7020592" version="1" timestamp="2018-01-12T10:07:44Z" changeset="55375557" uid="6217586" user="Dzertanoj"/>
  <node id="5334710940" lat="55.8151484" lon="37.7026359" version="1" timestamp="2018-01-12T10:07:44Z" changeset="55375557" uid="6217586" user="Dzertanoj"/>
  <node id="5334710941" lat="55.8153187" lon="37.7022214" version="1" timestamp="2018-01-12T10:07:44Z" changeset="55375557" uid="6217586" user="Dzertanoj">
    <tag k="entrance" v="staircase"/>
  </node>
  <node id="5334710942" lat="55.8151951" lon="37.7021222" version="1" timestamp="2018-01-12T10:07:44Z" changeset="55375557" uid="6217586" user="Dzertanoj">
    <tag k="entrance" v="yes"/>
  </node>
  <node id="5334710943" lat="55.8150355" lon="37.7023432" version="1" timestamp="2018-01-12T10:07:44Z" changeset="55375557" uid="6217586" user="Dzertanoj">
    <tag k="entrance" v="yes"/>
  </node>
  <node id="5334710944" lat="55.8150655" lon="37.7023449" version="1" timestamp="2018-01-12T10:07:44Z" changeset="55375557" uid="6217586" user="Dzertanoj">
    <tag k="name" v="ОДС-9"/>
    <tag k="office" v="company"/>
  </node>
  <node id="5335508394" lat="55.8148938" lon="37.7021797" version="1" timestamp="2018-01-12T19:26:05Z" changeset="55389546" uid="6217586" user="Dzertanoj"/>
  <node id="5335508395" lat="55.8148832" lon="37.7024399" version="1" timestamp="2018-01-12T19:26:05Z" changeset="55389546" uid="6217586" user="Dzertanoj"/>
  <node id="5335508396" lat="55.8146741" lon="37.7024364" version="1" timestamp="2018-01-12T19:26:05Z" changeset="55389546" uid="6217586" user="Dzertanoj"/>
  <node id="5338144747" lat="55.8148645" lon="37.7017966" version="1" timestamp="2018-01-14T00:45:53Z" changeset="55419914" uid="6217586" user="Dzertanoj"/>
  <node id="5379332304" lat="55.8148734" lon="37.7036983" version="2" timestamp="2021-10-15T05:34:40Z" changeset="112527395" uid="10129333" user="solenoid jam"/>
  <node id="5379332319" lat="55.8147108" lon="37.7036821" version="1" timestamp="2018-02-01T22:16:13Z" changeset="55979505" uid="7226976" user="Fly33"/>
  <node id="5379332538" lat="55.8149906" lon="37.7034185" version="1" timestamp="2018-02-01T22:16:15Z" changeset="55979505" uid="7226976" user="Fly33"/>
  <node id="5379332539" lat="55.8151297" lon="37.7032820" version="1" timestamp="2018-02-01T22:16:15Z" changeset="55979505" uid="7226976" user="Fly33"/>
  <node id="5379332540" lat="55.8149240" lon="37.7034362" version="1" timestamp="2018-02-01T22:16:15Z" changeset="55979505" uid="7226976" user="Fly33"/>
  <node id="5379360182" lat="55.8149756" lon="37.7028888" version="1" timestamp="2018-02-01T22:29:36Z" changeset="55979804" uid="7226976" user="Fly33">
    <tag k="amenity" v="waste_disposal"/>
  </node>
  <node id="5380718886" lat="55.8165623" lon="37.7023229" version="24" timestamp="2023-09-17T22:47:20Z" changeset="141400391" uid="149719" user="Bloodmage">
    <tag k="amenity" v="restaurant"/>
    <tag k="cuisine" v="italian"/>
    <tag k="name" v="Trattoria Stefano"/>
    <tag k="opening_hours" v="10:00-23:00"/>
    <tag k="phone" v="+7 495 1314013"/>
    <tag k="website" v="https://facebook.com/stefano.tasty"/>
  </node>
  <node id="5380731333" lat="55.8166389" lon="37.7026158" version="29" timestamp="2023-09-17T22:47:20Z" changeset="141400391" uid="149719" user="Bloodmage">
    <tag k="amenity" v="bank"/>
    <tag k="atm" v="yes"/>
    <tag k="bic" v="SABRRUMM"/>
    <tag k="branch" v="Московский банк"/>
    <tag k="brand" v="Сбербанк"/>
    <tag k="brand:en" v="Sberbank"/>
    <tag k="brand:ru" v="Сбербанк"/>
    <tag k="brand:wikidata" v="Q205012"/>
    <tag k="brand:wikipedia" v="en:Sberbank of Russia"/>
    <tag k="contact:facebook" v="https://www.facebook.com/sberbank"/>
    <tag k="contact:instagram" v="https://www.instagram.com/sberbank/"/>
    <tag k="contact:ok" v="https://ok.ru/sberbank"/>
    <tag k="contact:phone" v="+7 800 5555550"/>
    <tag k="contact:twitter" v="https://twitter.com/sberbank/"/>
    <tag k="contact:vk" v="https://vk.com/sberbank"/>
    <tag k="contact:website" v="https://www.sberbank.ru"/>
    <tag k="contact:youtube" v="https://www.youtube.com/sberbank"/>
    <tag k="name" v="Сбербанк"/>
    <tag k="name:en" v="Sberbank"/>
    <tag k="opening_hours" v="Mo-Fr 09:00-21:00; Sa 09:00-17:00"/>
    <tag k="operator" v="ПАО Сбербанк"/>
    <tag k="operator:wikidata" v="Q205012"/>
    <tag k="operator:wikipedia" v="ru:Сбербанк России"/>
    <tag k="ref" v="9038/0172"/>
    <tag k="wheelchair" v="yes"/>
  </node>
  <node id="5514928237" lat="55.8163721" lon="37.7035838" version="1" timestamp="2018-03-29T19:25:08Z" changeset="57643368" uid="6217586" user="Dzertanoj"/>
  <node id="5514928238" lat="55.8169550" lon="37.7032534" version="1" timestamp="2018-03-29T19:25:08Z" changeset="57643368" uid="6217586" user="Dzertanoj"/>
  <node id="5514928239" lat="55.8163862" lon="37.7036671" version="1" timestamp="2018-03-29T19:25:08Z" changeset="57643368" uid="6217586" user="Dzertanoj"/>
  <node id="5514928287" lat="55.8159927" lon="37.7031682" version="2" timestamp="2023-02-14T19:04:57Z" changeset="132550985" uid="12947635" user="Руслан Т"/>
  <node id="5514928288" lat="55.8158286" lon="37.7031757" version="1" timestamp="2018-03-29T19:25:09Z" changeset="57643368" uid="6217586" user="Dzertanoj"/>
  <node id="5514928289" lat="55.8157314" lon="37.7031516" version="1" timestamp="2018-03-29T19:25:09Z" changeset="57643368" uid="6217586" user="Dzertanoj"/>
  <node id="5514928290" lat="55.8157235" lon="37.7034700" version="1" timestamp="2018-03-29T19:25:09Z" changeset="57643368" uid="6217586" user="Dzertanoj">
    <tag k="entrance" v="staircase"/>
  </node>
  <node id="5514928291" lat="55.8156129" lon="37.7032726" version="1" timestamp="2018-03-29T19:25:09Z" changeset="57643368" uid="6217586" user="Dzertanoj">
    <tag k="entrance" v="staircase"/>
  </node>
  <node id="5514928292" lat="55.8154904" lon="37.7030554" version="1" timestamp="2018-03-29T19:25:09Z" changeset="57643368" uid="6217586" user="Dzertanoj">
    <tag k="entrance" v="staircase"/>
  </node>
  <node id="5514928293" lat="55.8157866" lon="37.7031739" version="1" timestamp="2018-03-29T19:25:09Z" changeset="57643368" uid="6217586" user="Dzertanoj"/>
  <node id="5514928294" lat="55.8157768" lon="37.7033234" version="1" timestamp="2018-03-29T19:25:09Z" changeset="57643368" uid="6217586" user="Dzertanoj"/>
  <node id="5514928295" lat="55.8156591" lon="37.7031245" version="1" timestamp="2018-03-29T19:25:09Z" changeset="57643368" uid="6217586" user="Dzertanoj"/>
  <node id="5514928296" lat="55.8155471" lon="37.7029480" version="1" timestamp="2018-03-29T19:25:09Z" changeset="57643368" uid="6217586" user="Dzertanoj"/>
  <node id="5514928297" lat="55.8151363" lon="37.7034348" version="1" timestamp="2018-03-29T19:25:09Z" changeset="57643368" uid="6217586" user="Dzertanoj">
    <tag k="entrance" v="staircase"/>
  </node>
  <node id="5514928298" lat="55.8152627" lon="37.7036615" version="1" timestamp="2018-03-29T19:25:09Z" changeset="57643368" uid="6217586" user="Dzertanoj">
    <tag k="entrance" v="staircase"/>
  </node>
  <node id="5514941500" lat="55.8167632" lon="37.7013427" version="1" timestamp="2018-03-29T19:35:21Z" changeset="57643638" uid="6217586" user="Dzertanoj"/>
  <node id="5514941501" lat="55.8167603" lon="37.7011961" version="2" timestamp="2018-08-24T13:34:21Z" changeset="61959244" uid="830106" user="literan"/>
  <node id="5514941510" lat="55.8160649" lon="37.7007728" version="1" timestamp="2018-03-29T19:35:22Z" changeset="57643638" uid="6217586" user="Dzertanoj"/>
  <node id="5514941511" lat="55.8163567" lon="37.7000439" version="1" timestamp="2018-03-29T19:35:22Z" changeset="57643638" uid="6217586" user="Dzertanoj"/>
  <node id="5514941512" lat="55.8163924" lon="37.7006855" version="1" timestamp="2018-03-29T19:35:22Z" changeset="57643638" uid="6217586" user="Dzertanoj"/>
  <node id="5514941513" lat="55.8163860" lon="37.7009754" version="1" timestamp="2018-03-29T19:35:22Z" changeset="57643638" uid="6217586" user="Dzertanoj"/>
  <node id="5514941514" lat="55.8163571" lon="37.7016363" version="1" timestamp="2018-03-29T19:35:22Z" changeset="57643638" uid="6217586" user="Dzertanoj"/>
  <node id="5514941515" lat="55.8167458" lon="37.7010537" version="1" timestamp="2018-03-29T19:35:22Z" changeset="57643638" uid="6217586" user="Dzertanoj"/>
  <node id="5514941516" lat="55.8167570" lon="37.7011368" version="2" timestamp="2018-08-24T13:34:21Z" changeset="61959244" uid="830106" user="literan"/>
  <node id="5514941517" lat="55.8167284" lon="37.7012081" version="1" timestamp="2018-03-29T19:35:22Z" changeset="57643638" uid="6217586" user="Dzertanoj"/>
  <node id="5514941518" lat="55.8165445" lon="37.7015313" version="1" timestamp="2018-03-29T19:35:22Z" changeset="57643638" uid="6217586" user="Dzertanoj"/>
  <node id="5514941519" lat="55.8164936" lon="37.7015787" version="1" timestamp="2018-03-29T19:35:22Z" changeset="57643638" uid="6217586" user="Dzertanoj"/>
  <node id="5514941520" lat="55.8162291" lon="37.7016868" version="1" timestamp="2018-03-29T19:35:22Z" changeset="57643638" uid="6217586" user="Dzertanoj"/>
  <node id="5514942921" lat="55.8159279" lon="37.7018291" version="1" timestamp="2018-03-29T19:35:22Z" changeset="57643638" uid="6217586" user="Dzertanoj"/>
  <node id="5514942922" lat="55.8178738" lon="37.7030213" version="1" timestamp="2018-03-29T19:35:22Z" changeset="57643638" uid="6217586" user="Dzertanoj">
    <tag k="entrance" v="staircase"/>
  </node>
  <node id="5514942923" lat="55.8177074" lon="37.7031148" version="1" timestamp="2018-03-29T19:35:22Z" changeset="57643638" uid="6217586" user="Dzertanoj">
    <tag k="entrance" v="staircase"/>
  </node>
  <node id="5514942924" lat="55.8175488" lon="37.7032039" version="1" timestamp="2018-03-29T19:35:22Z" changeset="57643638" uid="6217586" user="Dzertanoj">
    <tag k="entrance" v="staircase"/>
  </node>
  <node id="5514942925" lat="55.8173984" lon="37.7032885" version="1" timestamp="2018-03-29T19:35:22Z" changeset="57643638" uid="6217586" user="Dzertanoj">
    <tag k="entrance" v="staircase"/>
  </node>
  <node id="5514979780" lat="55.8156377" lon="37.6999175" version="1" timestamp="2018-03-29T19:53:06Z" changeset="57644208" uid="6217586" user="Dzertanoj"/>
  <node id="5514979781" lat="55.8156157" lon="37.7013814" version="1" timestamp="2018-03-29T19:53:06Z" changeset="57644208" uid="6217586" user="Dzertanoj">
    <tag k="barrier" v="gate"/>
  </node>
  <node id="5514979782" lat="55.8157658" lon="37.7000183" version="1" timestamp="2018-03-29T19:53:06Z" changeset="57644208" uid="6217586" user="Dzertanoj"/>
  <node id="5514979783" lat="55.8154009" lon="37.6998218" version="1" timestamp="2018-03-29T19:53:06Z" changeset="57644208" uid="6217586" user="Dzertanoj"/>
  <node id="5514979784" lat="55.8153567" lon="37.6997887" version="1" timestamp="2018-03-29T19:53:06Z" changeset="57644208" uid="6217586" user="Dzertanoj"/>
  <node id="5515807301" lat="55.8154249" lon="37.6997459" version="1" timestamp="2018-03-30T07:56:39Z" changeset="57653919" uid="6217586" user="Dzertanoj"/>
  <node id="5515807312" lat="55.8156917" lon="37.7019003" version="3" timestamp="2025-09-26T16:25:44Z" changeset="172494034" uid="363136" user="neo-plan">
    <tag k="crossing" v="uncontrolled"/>
    <tag k="highway" v="crossing"/>
  </node>
  <node id="5516728739" lat="55.8159393" lon="37.7005059" version="1" timestamp="2018-03-30T16:39:20Z" changeset="57665686" uid="6217586" user="Dzertanoj">
    <tag k="entrance" v="staircase"/>
  </node>
  <node id="5516728740" lat="55.8159906" lon="37.7007947" version="1" timestamp="2018-03-30T16:39:20Z" changeset="57665686" uid="6217586" user="Dzertanoj">
    <tag k="entrance" v="staircase"/>
  </node>
  <node id="5516728741" lat="55.8160462" lon="37.7011074" version="1" timestamp="2018-03-30T16:39:20Z" changeset="57665686" uid="6217586" user="Dzertanoj">
    <tag k="entrance" v="staircase"/>
  </node>
  <node id="5516728742" lat="55.8160985" lon="37.7014013" version="1" timestamp="2018-03-30T16:39:20Z" changeset="57665686" uid="6217586" user="Dzertanoj">
    <tag k="entrance" v="staircase"/>
  </node>
  <node id="5516728743" lat="55.8165419" lon="37.7014101" version="1" timestamp="2018-03-30T16:39:20Z" changeset="57665686" uid="6217586" user="Dzertanoj"/>
  <node id="5516728744" lat="55.8164636" lon="37.7014733" version="1" timestamp="2018-03-30T16:39:20Z" changeset="57665686" uid="6217586" user="Dzertanoj"/>
  <node id="5516728745" lat="55.8164305" lon="37.7013431" version="1" timestamp="2018-03-30T16:39:20Z" changeset="57665686" uid="6217586" user="Dzertanoj"/>
  <node id="5516728746" lat="55.8165088" lon="37.7012800" version="1" timestamp="2018-03-30T16:39:20Z" changeset="57665686" uid="6217586" user="Dzertanoj"/>
  <node id="5516752535" lat="55.8165504" lon="37.6997415" version="1" timestamp="2018-03-30T16:51:50Z" changeset="57666117" uid="6217586" user="Dzertanoj"/>
  <node id="5528639182" lat="55.8180339" lon="37.7028922" version="1" timestamp="2018-04-04T17:37:05Z" changeset="57810180" uid="6217586" user="Dzertanoj"/>
  <node id="5528639183" lat="55.8184587" lon="37.7036964" version="1" timestamp="2018-04-04T17:37:05Z" changeset="57810180" uid="6217586" user="Dzertanoj"/>
  <node id="5528639187" lat="55.8182917" lon="37.7033851" version="1" timestamp="2018-04-04T17:37:06Z" changeset="57810180" uid="6217586" user="Dzertanoj"/>
  <node id="5528639188" lat="55.8182496" lon="37.7035489" version="1" timestamp="2018-04-04T17:37:06Z" changeset="57810180" uid="6217586" user="Dzertanoj"/>
  <node id="5528639205" lat="55.8177681" lon="37.7027523" version="1" timestamp="2018-04-04T17:37:06Z" changeset="57810180" uid="6217586" user="Dzertanoj"/>
  <node id="5528639206" lat="55.8175617" lon="37.7028971" version="1" timestamp="2018-04-04T17:37:06Z" changeset="57810180" uid="6217586" user="Dzertanoj"/>
  <node id="5528639207" lat="55.8175707" lon="37.7026557" version="1" timestamp="2018-04-04T17:37:06Z" changeset="57810180" uid="6217586" user="Dzertanoj"/>
  <node id="5528639208" lat="55.8177214" lon="37.7025699" version="1" timestamp="2018-04-04T17:37:06Z" changeset="57810180" uid="6217586" user="Dzertanoj"/>
  <node id="5528639209" lat="55.8170378" lon="37.7032599" version="1" timestamp="2018-04-04T17:37:06Z" changeset="57810180" uid="6217586" user="Dzertanoj"/>
  <node id="5528639211" lat="55.8172974" lon="37.7032963" version="1" timestamp="2018-04-04T17:37:06Z" changeset="57810180" uid="6217586" user="Dzertanoj"/>
  <node id="5528639212" lat="55.8172995" lon="37.7035918" version="1" timestamp="2018-04-04T17:37:06Z" changeset="57810180" uid="6217586" user="Dzertanoj"/>
  <node id="5528639217" lat="55.8169177" lon="37.7032746" version="1" timestamp="2018-04-04T17:37:06Z" changeset="57810180" uid="6217586" user="Dzertanoj"/>
  <node id="5531979459" lat="55.8163461" lon="37.7003009" version="1" timestamp="2018-04-05T20:44:11Z" changeset="57847318" uid="6217586" user="Dzertanoj"/>
  <node id="5531979460" lat="55.8163567" lon="37.7004752" version="1" timestamp="2018-04-05T20:44:11Z" changeset="57847318" uid="6217586" user="Dzertanoj"/>
  <node id="5531979461" lat="55.8161533" lon="37.7005101" version="1" timestamp="2018-04-05T20:44:11Z" changeset="57847318" uid="6217586" user="Dzertanoj"/>
  <node id="5531979462" lat="55.8161397" lon="37.7003357" version="1" timestamp="2018-04-05T20:44:11Z" changeset="57847318" uid="6217586" user="Dzertanoj"/>
  <node id="5536607211" lat="55.8157240" lon="37.7004274" version="1" timestamp="2018-04-07T20:40:49Z" changeset="57900418" uid="6217586" user="Dzertanoj"/>
  <node id="5536607212" lat="55.8157644" lon="37.7001885" version="1" timestamp="2018-04-07T20:40:49Z" changeset="57900418" uid="6217586" user="Dzertanoj"/>
  <node id="5538381730" lat="55.8169028" lon="37.7032831" version="1" timestamp="2018-04-08T17:50:53Z" changeset="57919098" uid="6217586" user="Dzertanoj">
    <tag k="barrier" v="lift_gate"/>
    <tag k="ref" v="2"/>
  </node>
  <node id="5538381731" lat="55.8167779" lon="37.7028702" version="2" timestamp="2023-02-14T19:04:57Z" changeset="132550985" uid="12947635" user="Руслан Т"/>
  <node id="5538381732" lat="55.8167072" lon="37.7029049" version="2" timestamp="2023-02-14T19:04:57Z" changeset="132550985" uid="12947635" user="Руслан Т"/>
  <node id="5554124922" lat="55.8165464" lon="37.7021822" version="11" timestamp="2024-09-24T07:40:40Z" changeset="157025850" uid="6710042" user="dpolovinkin">
    <tag k="addr:housenumber" v="2"/>
    <tag k="addr:street" v="1-я Мясниковская улица"/>
    <tag k="brand" v="ВкусВилл"/>
    <tag k="brand:wikidata" v="Q57271676"/>
    <tag k="brand:wikipedia" v="ru:Вкусвилл"/>
    <tag k="contact:email" v="info@izbenka.msk.ru"/>
    <tag k="contact:facebook" v="https://www.facebook.com/vkusvill.ru"/>
    <tag k="contact:instagram" v="https://www.instagram.com/vkusvill_ru/"/>
    <tag k="contact:phone" v="+7 985 7400473"/>
    <tag k="contact:telegram" v="https://telegram.me/vkusvillbot"/>
    <tag k="contact:twitter" v="https://twitter.com/we_are_vkusvill"/>
    <tag k="contact:vk" v="https://vk.com/vkusvill_ru"/>
    <tag k="contact:website" v="https://vkusvill.ru"/>
    <tag k="name" v="ВкусВилл"/>
    <tag k="name:ru" v="ВкусВилл"/>
    <tag k="opening_hours" v="Mo-Su 08:00-23:00"/>
    <tag k="shop" v="convenience"/>
  </node>
  <node id="5670568521" lat="55.8164026" lon="37.7018985" version="6" timestamp="2021-12-09T14:54:18Z" changeset="114747715" uid="830106" user="literan">
    <tag k="brand" v="Красное&amp;Белое"/>
    <tag k="brand:en" v="Red&amp;White"/>
    <tag k="brand:wikidata" v="Q24933790"/>
    <tag k="brand:wikipedia" v="ru:Красное &amp; Белое"/>
    <tag k="contact:facebook" v="https://www.facebook.com/krasnoe.beloe"/>
    <tag k="contact:instagram" v="https://www.instagram.com/krasnoebeloe"/>
    <tag k="contact:ok" v="https://ok.ru/krasnoebeloe"/>
    <tag k="contact:telegram" v="+7 922 7033000"/>
    <tag k="contact:viber" v="+7 922 7033000"/>
    <tag k="contact:vk" v="https://vk.com/krasnoebeloe"/>
    <tag k="contact:website" v="https://krasnoeibeloe.ru"/>
    <tag k="contact:whatsapp" v="+7 922 7033000"/>
    <tag k="name" v="Красное&amp;Белое"/>
    <tag k="name:en" v="Red&amp;White"/>
    <tag k="name:ru" v="Красное&amp;Белое"/>
    <tag k="shop" v="alcohol"/>
  </node>
  <node id="5853756194" lat="55.8156973" lon="37.7017886" version="2" timestamp="2025-09-26T16:25:44Z" changeset="172494034" uid="363136" user="neo-plan"/>
  <node id="5853756195" lat="55.8159395" lon="37.7018020" version="1" timestamp="2018-08-24T13:34:14Z" changeset="61959244" uid="830106" user="literan"/>
  <node id="5853756196" lat="55.8158459" lon="37.7018072" version="1" timestamp="2018-08-24T13:34:14Z" changeset="61959244" uid="830106" user="literan"/>
  <node id="5853756198" lat="55.8155626" lon="37.7017769" version="1" timestamp="2018-08-24T13:34:14Z" changeset="61959244" uid="830106" user="literan"/>
  <node id="5853756199" lat="55.8153593" lon="37.7017526" version="3" timestamp="2025-09-26T16:22:12Z" changeset="172493883" uid="363136" user="neo-plan"/>
  <node id="5853756886" lat="55.8183344" lon="37.7031467" version="3" timestamp="2022-10-05T01:38:32Z" changeset="127022803" uid="10129333" user="solenoid jam">
    <tag k="crossing" v="uncontrolled"/>
    <tag k="crossing:island" v="no"/>
    <tag k="highway" v="crossing"/>
    <tag k="tactile_paving" v="no"/>
  </node>
  <node id="5853756887" lat="55.8181274" lon="37.7027694" version="1" timestamp="2018-08-24T13:34:16Z" changeset="61959244" uid="830106" user="literan"/>
  <node id="5853756888" lat="55.8180974" lon="37.7027526" version="1" timestamp="2018-08-24T13:34:16Z" changeset="61959244" uid="830106" user="literan"/>
  <node id="5853756889" lat="55.8164081" lon="37.7007464" version="1" timestamp="2018-08-24T13:34:16Z" changeset="61959244" uid="830106" user="literan"/>
  <node id="5853756890" lat="55.8164073" lon="37.7008684" version="1" timestamp="2018-08-24T13:34:16Z" changeset="61959244" uid="830106" user="literan"/>
  <node id="5853756891" lat="55.8164751" lon="37.7008697" version="1" timestamp="2018-08-24T13:34:16Z" changeset="61959244" uid="830106" user="literan"/>
  <node id="5853756892" lat="55.8164759" lon="37.7007477" version="1" timestamp="2018-08-24T13:34:16Z" changeset="61959244" uid="830106" user="literan"/>
  <node id="5853756893" lat="55.8167728" lon="37.7011272" version="1" timestamp="2018-08-24T13:34:16Z" changeset="61959244" uid="830106" user="literan"/>
  <node id="5853756894" lat="55.8165240" lon="37.7010047" version="1" timestamp="2018-08-24T13:34:16Z" changeset="61959244" uid="830106" user="literan"/>
  <node id="5853756895" lat="55.8166113" lon="37.7012728" version="1" timestamp="2018-08-24T13:34:16Z" changeset="61959244" uid="830106" user="literan"/>
  <node id="5853756896" lat="55.8167429" lon="37.7011371" version="1" timestamp="2018-08-24T13:34:16Z" changeset="61959244" uid="830106" user="literan"/>
  <node id="5853756897" lat="55.8166557" lon="37.7008690" version="1" timestamp="2018-08-24T13:34:16Z" changeset="61959244" uid="830106" user="literan"/>
  <node id="5853756898" lat="55.8156870" lon="37.7019957" version="2" timestamp="2025-09-26T16:25:44Z" changeset="172494034" uid="363136" user="neo-plan"/>
  <node id="5854703547" lat="55.8155680" lon="37.7017556" version="1" timestamp="2018-08-24T20:56:54Z" changeset="61971343" uid="103003" user="Alexandrcfif">
    <tag k="amenity" v="waste_disposal"/>
  </node>
  <node id="5861174906" lat="55.8158520" lon="37.7000034" version="1" timestamp="2018-08-27T14:25:20Z" changeset="62042113" uid="830106" user="literan"/>
  <node id="5861174907" lat="55.8158414" lon="37.7000624" version="1" timestamp="2018-08-27T14:25:20Z" changeset="62042113" uid="830106" user="literan"/>
  <node id="5861174908" lat="55.8158233" lon="37.7001080" version="1" timestamp="2018-08-27T14:25:20Z" changeset="62042113" uid="830106" user="literan"/>
  <node id="5861174909" lat="55.8157947" lon="37.7001348" version="1" timestamp="2018-08-27T14:25:20Z" changeset="62042113" uid="830106" user="literan"/>
  <node id="5861174910" lat="55.8157947" lon="37.7001911" version="1" timestamp="2018-08-27T14:25:20Z" changeset="62042113" uid="830106" user="literan"/>
  <node id="5861174911" lat="55.8157887" lon="37.7002501" version="1" timestamp="2018-08-27T14:25:20Z" changeset="62042113" uid="830106" user="literan"/>
  <node id="5861174912" lat="55.8158007" lon="37.7003038" version="1" timestamp="2018-08-27T14:25:20Z" changeset="62042113" uid="830106" user="literan"/>
  <node id="5861174913" lat="55.8158218" lon="37.7003467" version="1" timestamp="2018-08-27T14:25:20Z" changeset="62042113" uid="830106" user="literan"/>
  <node id="5861174914" lat="55.8158836" lon="37.7003279" version="1" timestamp="2018-08-27T14:25:20Z" changeset="62042113" uid="830106" user="literan"/>
  <node id="5861174915" lat="55.8159650" lon="37.7002314" version="1" timestamp="2018-08-27T14:25:20Z" changeset="62042113" uid="830106" user="literan"/>
  <node id="5861174916" lat="55.8159951" lon="37.7002609" version="1" timestamp="2018-08-27T14:25:20Z" changeset="62042113" uid="830106" user="literan"/>
  <node id="5861174917" lat="55.8162061" lon="37.7014491" version="1" timestamp="2018-08-27T14:25:20Z" changeset="62042113" uid="830106" user="literan"/>
  <node id="5861174918" lat="55.8162423" lon="37.7014250" version="1" timestamp="2018-08-27T14:25:20Z" changeset="62042113" uid="830106" user="literan"/>
  <node id="5861174919" lat="55.8162664" lon="37.7013928" version="1" timestamp="2018-08-27T14:25:20Z" changeset="62042113" uid="830106" user="literan"/>
  <node id="5861174920" lat="55.8163342" lon="37.7014008" version="1" timestamp="2018-08-27T14:25:21Z" changeset="62042113" uid="830106" user="literan"/>
  <node id="5861174921" lat="55.8163644" lon="37.7013901" version="1" timestamp="2018-08-27T14:25:21Z" changeset="62042113" uid="830106" user="literan"/>
  <node id="5861174922" lat="55.8163900" lon="37.7013606" version="1" timestamp="2018-08-27T14:25:21Z" changeset="62042113" uid="830106" user="literan"/>
  <node id="5861174923" lat="55.8164141" lon="37.7013257" version="1" timestamp="2018-08-27T14:25:21Z" changeset="62042113" uid="830106" user="literan"/>
  <node id="5861174924" lat="55.8164427" lon="37.7013096" version="1" timestamp="2018-08-27T14:25:21Z" changeset="62042113" uid="830106" user="literan"/>
  <node id="5861174925" lat="55.8164985" lon="37.7012560" version="1" timestamp="2018-08-27T14:25:21Z" changeset="62042113" uid="830106" user="literan"/>
  <node id="5861174926" lat="55.8165753" lon="37.7012265" version="1" timestamp="2018-08-27T14:25:21Z" changeset="62042113" uid="830106" user="literan"/>
  <node id="5861174927" lat="55.8164894" lon="37.7010253" version="1" timestamp="2018-08-27T14:25:21Z" changeset="62042113" uid="830106" user="literan"/>
  <node id="5861174928" lat="55.8165090" lon="37.7009797" version="1" timestamp="2018-08-27T14:25:21Z" changeset="62042113" uid="830106" user="literan"/>
  <node id="5861174929" lat="55.8166522" lon="37.7008349" version="1" timestamp="2018-08-27T14:25:21Z" changeset="62042113" uid="830106" user="literan"/>
  <node id="5861174930" lat="55.8164683" lon="37.7003306" version="1" timestamp="2018-08-27T14:25:21Z" changeset="62042113" uid="830106" user="literan"/>
  <node id="5861174931" lat="55.8164472" lon="37.7003306" version="1" timestamp="2018-08-27T14:25:21Z" changeset="62042113" uid="830106" user="literan"/>
  <node id="5861174932" lat="55.8164171" lon="37.7003574" version="1" timestamp="2018-08-27T14:25:21Z" changeset="62042113" uid="830106" user="literan"/>
  <node id="5861174933" lat="55.8164050" lon="37.7004647" version="1" timestamp="2018-08-27T14:25:21Z" changeset="62042113" uid="830106" user="literan"/>
  <node id="5861174934" lat="55.8163839" lon="37.7005130" version="1" timestamp="2018-08-27T14:25:21Z" changeset="62042113" uid="830106" user="literan"/>
  <node id="5861174935" lat="55.8163523" lon="37.7005210" version="1" timestamp="2018-08-27T14:25:21Z" changeset="62042113" uid="830106" user="literan"/>
  <node id="5861174936" lat="55.8161609" lon="37.7005532" version="1" timestamp="2018-08-27T14:25:21Z" changeset="62042113" uid="830106" user="literan"/>
  <node id="5861174937" lat="55.8161428" lon="37.7005640" version="1" timestamp="2018-08-27T14:25:21Z" changeset="62042113" uid="830106" user="literan"/>
  <node id="5861174938" lat="55.8161157" lon="37.7005345" version="1" timestamp="2018-08-27T14:25:21Z" changeset="62042113" uid="830106" user="literan"/>
  <node id="5861174939" lat="55.8161036" lon="37.7004862" version="1" timestamp="2018-08-27T14:25:21Z" changeset="62042113" uid="830106" user="literan"/>
  <node id="5861174940" lat="55.8160976" lon="37.7004272" version="1" timestamp="2018-08-27T14:25:21Z" changeset="62042113" uid="830106" user="literan"/>
  <node id="5861174941" lat="55.8160976" lon="37.7003735" version="1" timestamp="2018-08-27T14:25:21Z" changeset="62042113" uid="830106" user="literan"/>
  <node id="5861174942" lat="55.8160916" lon="37.7003172" version="1" timestamp="2018-08-27T14:25:21Z" changeset="62042113" uid="830106" user="literan"/>
  <node id="5861174943" lat="55.8160886" lon="37.7002609" version="1" timestamp="2018-08-27T14:25:21Z" changeset="62042113" uid="830106" user="literan"/>
  <node id="5861174944" lat="55.8160991" lon="37.7002072" version="1" timestamp="2018-08-27T14:25:21Z" changeset="62042113" uid="830106" user="literan"/>
  <node id="5861174945" lat="55.8161202" lon="37.7001643" version="1" timestamp="2018-08-27T14:25:21Z" changeset="62042113" uid="830106" user="literan"/>
  <node id="5861174946" lat="55.8163553" lon="37.7000087" version="1" timestamp="2018-08-27T14:25:21Z" changeset="62042113" uid="830106" user="literan"/>
  <node id="5861174948" lat="55.8166416" lon="37.7013606" version="1" timestamp="2018-08-27T14:25:21Z" changeset="62042113" uid="830106" user="literan"/>
  <node id="5861174949" lat="55.8162700" lon="37.7016409" version="1" timestamp="2018-08-27T14:25:21Z" changeset="62042113" uid="830106" user="literan"/>
  <node id="5861174950" lat="55.8164332" lon="37.7015785" version="1" timestamp="2018-08-27T14:25:21Z" changeset="62042113" uid="830106" user="literan"/>
  <node id="5861174951" lat="55.8164073" lon="37.7014341" version="1" timestamp="2018-08-27T14:25:21Z" changeset="62042113" uid="830106" user="literan"/>
  <node id="5861174952" lat="55.8162491" lon="37.7015242" version="1" timestamp="2018-08-27T14:25:21Z" changeset="62042113" uid="830106" user="literan"/>
  <node id="5861174953" lat="55.8161958" lon="37.7015015" version="1" timestamp="2018-08-27T14:25:21Z" changeset="62042113" uid="830106" user="literan"/>
  <node id="5861174954" lat="55.8163673" lon="37.7014039" version="1" timestamp="2018-08-27T14:25:21Z" changeset="62042113" uid="830106" user="literan"/>
  <node id="5861174955" lat="55.8157683" lon="37.7022797" version="1" timestamp="2018-08-27T14:25:21Z" changeset="62042113" uid="830106" user="literan"/>
  <node id="5861174956" lat="55.8156591" lon="37.7022749" version="1" timestamp="2018-08-27T14:25:21Z" changeset="62042113" uid="830106" user="literan"/>
  <node id="5861174957" lat="55.8156562" lon="37.7024841" version="1" timestamp="2018-08-27T14:25:21Z" changeset="62042113" uid="830106" user="literan"/>
  <node id="5861174958" lat="55.8157827" lon="37.7024897" version="1" timestamp="2018-08-27T14:25:21Z" changeset="62042113" uid="830106" user="literan"/>
  <node id="5861174959" lat="55.8157856" lon="37.7022805" version="1" timestamp="2018-08-27T14:25:21Z" changeset="62042113" uid="830106" user="literan"/>
  <node id="6177903074" lat="55.8184912" lon="37.7004598" version="1" timestamp="2019-01-02T06:04:37Z" changeset="65949299" uid="6217586" user="Dzertanoj"/>
  <node id="6177903079" lat="55.8184290" lon="37.7015051" version="1" timestamp="2019-01-02T06:04:37Z" changeset="65949299" uid="6217586" user="Dzertanoj"/>
  <node id="6177903081" lat="55.8184828" lon="37.7028263" version="1" timestamp="2019-01-02T06:04:37Z" changeset="65949299" uid="6217586" user="Dzertanoj"/>
  <node id="6177903082" lat="55.8183638" lon="37.7029899" version="1" timestamp="2019-01-02T06:04:37Z" changeset="65949299" uid="6217586" user="Dzertanoj"/>
  <node id="6177903083" lat="55.8182846" lon="37.7030559" version="1" timestamp="2019-01-02T06:04:37Z" changeset="65949299" uid="6217586" user="Dzertanoj"/>
  <node id="6182009604" lat="55.8162183" lon="37.7023068" version="2" timestamp="2023-02-14T19:04:57Z" changeset="132550985" uid="12947635" user="Руслан Т"/>
  <node id="7659609285" lat="55.8165297" lon="37.7020785" version="2" timestamp="2020-06-28T17:15:43Z" changeset="87256309" uid="830106" user="literan">
    <tag k="amenity" v="bar"/>
  </node>
  <node id="7943598264" lat="55.8168357" lon="37.7033161" version="1" timestamp="2020-09-26T00:39:44Z" changeset="91535163" uid="9133906" user="stargunru"/>
  <node id="7943598265" lat="55.8167151" lon="37.7024256" version="1" timestamp="2020-09-26T00:39:44Z" changeset="91535163" uid="9133906" user="stargunru"/>
  <node id="7943598266" lat="55.8165132" lon="37.7012400" version="1" timestamp="2020-09-26T00:39:44Z" changeset="91535163" uid="9133906" user="stargunru"/>
  <node id="7943598267" lat="55.8164590" lon="37.7010791" version="1" timestamp="2020-09-26T00:39:44Z" changeset="91535163" uid="9133906" user="stargunru"/>
  <node id="7943598268" lat="55.8162420" lon="37.7000867" version="1" timestamp="2020-09-26T00:39:44Z" changeset="91535163" uid="9133906" user="stargunru"/>
  <node id="7943598269" lat="55.8164981" lon="37.6998077" version="1" timestamp="2020-09-26T00:39:44Z" changeset="91535163" uid="9133906" user="stargunru"/>
  <node id="8112054269" lat="55.8182913" lon="37.7032116" version="2" timestamp="2020-11-12T21:21:36Z" changeset="94019308" uid="830106" user="literan">
    <tag k="railway" v="tram_level_crossing"/>
  </node>
  <node id="8112054276" lat="55.8180654" lon="37.7028749" version="2" timestamp="2020-11-12T21:21:36Z" changeset="94019308" uid="830106" user="literan">
    <tag k="railway" v="tram_level_crossing"/>
  </node>
  <node id="8112054277" lat="55.8184825" lon="37.7036630" version="2" timestamp="2020-11-12T21:21:36Z" changeset="94019308" uid="830106" user="literan">
    <tag k="railway" v="tram_level_crossing"/>
  </node>
  <node id="8112054289" lat="55.8170794" lon="37.7012750" version="1" timestamp="2020-11-12T15:30:40Z" changeset="94005204" uid="396906" user="ghost_07">
    <tag k="railway" v="tram_level_crossing"/>
  </node>
  <node id="8112054290" lat="55.8175276" lon="37.7018747" version="1" timestamp="2020-11-12T15:30:40Z" changeset="94005204" uid="396906" user="ghost_07">
    <tag k="railway" v="tram_level_crossing"/>
  </node>
  <node id="8112054291" lat="55.8176637" lon="37.7021489" version="1" timestamp="2020-11-12T15:30:40Z" changeset="94005204" uid="396906" user="ghost_07">
    <tag k="railway" v="tram_level_crossing"/>
  </node>
  <node id="8112054292" lat="55.8175330" lon="37.7020632" version="2" timestamp="2026-01-08T12:56:16Z" changeset="176983622" uid="830106" user="literan">
    <tag k="railway" v="tram_level_crossing"/>
  </node>
  <node id="8112054295" lat="55.8164534" lon="37.6999635" version="1" timestamp="2020-11-12T15:30:40Z" changeset="94005204" uid="396906" user="ghost_07">
    <tag k="railway" v="tram_level_crossing"/>
  </node>
  <node id="8112054296" lat="55.8167516" lon="37.7008166" version="1" timestamp="2020-11-12T15:30:40Z" changeset="94005204" uid="396906" user="ghost_07">
    <tag k="railway" v="tram_level_crossing"/>
  </node>
  <node id="8112054297" lat="55.8171167" lon="37.7012550" version="1" timestamp="2020-11-12T15:30:40Z" changeset="94005204" uid="396906" user="ghost_07">
    <tag k="railway" v="tram_level_crossing"/>
  </node>
  <node id="8112054298" lat="55.8168011" lon="37.7014346" version="1" timestamp="2020-11-12T15:30:40Z" changeset="94005204" uid="396906" user="ghost_07">
    <tag k="railway" v="tram_level_crossing"/>
  </node>
  <node id="8112054301" lat="55.8167416" lon="37.7008857" version="1" timestamp="2020-11-12T15:30:40Z" changeset="94005204" uid="396906" user="ghost_07">
    <tag k="railway" v="tram_level_crossing"/>
  </node>
  <node id="9056623838" lat="55.8158072" lon="37.7036403" version="1" timestamp="2021-09-02T16:27:57Z" changeset="110629901" uid="14043212" user="weary_cynic"/>
  <node id="9060327860" lat="55.8164837" lon="37.6998941" version="1" timestamp="2021-09-03T13:26:55Z" changeset="110679086" uid="14043212" user="weary_cynic"/>
  <node id="9173726551" lat="55.8147255" lon="37.7036995" version="1" timestamp="2021-10-15T05:34:40Z" changeset="112527395" uid="10129333" user="solenoid jam"/>
  <node id="9173726553" lat="55.8147101" lon="37.7037008" version="1" timestamp="2021-10-15T05:34:40Z" changeset="112527395" uid="10129333" user="solenoid jam"/>
  <node id="10240207374" lat="55.8164947" lon="37.7013834" version="1" timestamp="2022-12-05T13:48:37Z" changeset="129742939" uid="10129333" user="solenoid jam">
    <tag k="shop" v="convenience"/>
  </node>
  <node id="10581577789" lat="55.8168794" lon="37.7013484" version="1" timestamp="2023-01-25T12:28:50Z" changeset="131693369" uid="696068" user="Eveli"/>
  <node id="10581577790" lat="55.8168155" lon="37.7022729" version="1" timestamp="2023-01-25T12:28:50Z" changeset="131693369" uid="696068" user="Eveli"/>
  <node id="10581577791" lat="55.8170874" lon="37.7024815" version="1" timestamp="2023-01-25T12:28:50Z" changeset="131693369" uid="696068" user="Eveli"/>
  <node id="10659000254" lat="55.8159390" lon="37.7021765" version="1" timestamp="2023-02-14T19:04:57Z" changeset="132550985" uid="12947635" user="Руслан Т"/>
  <node id="10659000255" lat="55.8159337" lon="37.7021640" version="1" timestamp="2023-02-14T19:04:57Z" changeset="132550985" uid="12947635" user="Руслан Т"/>
  <node id="10659000256" lat="55.8159246" lon="37.7021264" version="1" timestamp="2023-02-14T19:04:57Z" changeset="132550985" uid="12947635" user="Руслан Т"/>
  <node id="10659000257" lat="55.8159578" lon="37.7022180" version="1" timestamp="2023-02-14T19:04:57Z" changeset="132550985" uid="12947635" user="Руслан Т"/>
  <node id="10659000258" lat="55.8159637" lon="37.7022424" version="1" timestamp="2023-02-14T19:04:57Z" changeset="132550985" uid="12947635" user="Руслан Т"/>
  <node id="10659000259" lat="55.8160098" lon="37.7026551" version="1" timestamp="2023-02-14T19:04:57Z" changeset="132550985" uid="12947635" user="Руслан Т"/>
  <node id="10659000260" lat="55.8160117" lon="37.7026430" version="1" timestamp="2023-02-14T19:04:57Z" changeset="132550985" uid="12947635" user="Руслан Т"/>
  <node id="10659000261" lat="55.8160047" lon="37.7027003" version="1" timestamp="2023-02-14T19:04:57Z" changeset="132550985" uid="12947635" user="Руслан Т"/>
  <node id="10659000262" lat="55.8160120" lon="37.7026108" version="1" timestamp="2023-02-14T19:04:57Z" changeset="132550985" uid="12947635" user="Руслан Т"/>
  <node id="10659000263" lat="55.8160163" lon="37.7028013" version="1" timestamp="2023-02-14T19:04:57Z" changeset="132550985" uid="12947635" user="Руслан Т"/>
  <node id="10659000264" lat="55.8159675" lon="37.7029755" version="1" timestamp="2023-02-14T19:04:57Z" changeset="132550985" uid="12947635" user="Руслан Т"/>
  <node id="10659000265" lat="55.8161972" lon="37.7028803" version="1" timestamp="2023-02-14T19:04:57Z" changeset="132550985" uid="12947635" user="Руслан Т"/>
  <node id="10659000266" lat="55.8158604" lon="37.7019094" version="1" timestamp="2023-02-14T19:04:57Z" changeset="132550985" uid="12947635" user="Руслан Т"/>
  <node id="10659000267" lat="55.8159011" lon="37.7018959" version="1" timestamp="2023-02-14T19:04:57Z" changeset="132550985" uid="12947635" user="Руслан Т"/>
  <node id="10659000268" lat="55.8159485" lon="37.7028294" version="1" timestamp="2023-02-14T19:04:57Z" changeset="132550985" uid="12947635" user="Руслан Т"/>
  <node id="10659000269" lat="55.8160488" lon="37.7027879" version="2" timestamp="2023-02-14T19:22:46Z" changeset="132551518" uid="12947635" user="Руслан Т">
    <tag k="access" v="private"/>
    <tag k="amenity" v="parking_entrance"/>
  </node>
  <node id="10659000270" lat="55.8162274" lon="37.7030062" version="1" timestamp="2023-02-14T19:04:57Z" changeset="132550985" uid="12947635" user="Руслан Т"/>
  <node id="10659000271" lat="55.8162400" lon="37.7030118" version="1" timestamp="2023-02-14T19:04:57Z" changeset="132550985" uid="12947635" user="Руслан Т"/>
  <node id="10659000272" lat="55.8162095" lon="37.7029739" version="1" timestamp="2023-02-14T19:04:57Z" changeset="132550985" uid="12947635" user="Руслан Т"/>
  <node id="10659000273" lat="55.8163359" lon="37.7025494" version="1" timestamp="2023-02-14T19:04:57Z" changeset="132550985" uid="12947635" user="Руслан Т"/>
  <node id="10659000274" lat="55.8163396" lon="37.7029735" version="2" timestamp="2023-02-14T19:22:46Z" changeset="132551518" uid="12947635" user="Руслан Т">
    <tag k="access" v="private"/>
    <tag k="barrier" v="gate"/>
  </node>
  <node id="10659000275" lat="55.8161878" lon="37.7028086" version="2" timestamp="2023-02-14T19:22:46Z" changeset="132551518" uid="12947635" user="Руслан Т">
    <tag k="access" v="private"/>
    <tag k="barrier" v="gate"/>
  </node>
  <node id="10659000276" lat="55.8162508" lon="37.7030102" version="1" timestamp="2023-02-14T19:04:57Z" changeset="132550985" uid="12947635" user="Руслан Т"/>
  <node id="10659000277" lat="55.8161648" lon="37.7025793" version="1" timestamp="2023-02-14T19:04:57Z" changeset="132550985" uid="12947635" user="Руслан Т"/>
  <node id="10659000278" lat="55.8163786" lon="37.7029344" version="1" timestamp="2023-02-14T19:04:57Z" changeset="132550985" uid="12947635" user="Руслан Т"/>
  <node id="10659000279" lat="55.8163730" lon="37.7029488" version="1" timestamp="2023-02-14T19:04:57Z" changeset="132550985" uid="12947635" user="Руслан Т"/>
  <node id="10659000280" lat="55.8163656" lon="37.7029595" version="1" timestamp="2023-02-14T19:04:57Z" changeset="132550985" uid="12947635" user="Руслан Т"/>
  <node id="10659000281" lat="55.8163530" lon="37.7029680" version="1" timestamp="2023-02-14T19:04:57Z" changeset="132550985" uid="12947635" user="Руслан Т"/>
  <node id="10659000282" lat="55.8163817" lon="37.7029187" version="1" timestamp="2023-02-14T19:04:57Z" changeset="132550985" uid="12947635" user="Руслан Т"/>
  <node id="10659000283" lat="55.8163325" lon="37.7027541" version="1" timestamp="2023-02-14T19:04:57Z" changeset="132550985" uid="12947635" user="Руслан Т"/>
  <node id="10659000284" lat="55.8163212" lon="37.7026674" version="1" timestamp="2023-02-14T19:04:57Z" changeset="132550985" uid="12947635" user="Руслан Т"/>
  <node id="10659000285" lat="55.8163009" lon="37.7028994" version="1" timestamp="2023-02-14T19:04:57Z" changeset="132550985" uid="12947635" user="Руслан Т"/>
  <node id="10659000286" lat="55.8162732" lon="37.7026873" version="1" timestamp="2023-02-14T19:04:57Z" changeset="132550985" uid="12947635" user="Руслан Т"/>
  <node id="10659000287" lat="55.8163489" lon="37.7028796" version="1" timestamp="2023-02-14T19:04:57Z" changeset="132550985" uid="12947635" user="Руслан Т"/>
  <node id="10659000288" lat="55.8159283" lon="37.7021462" version="1" timestamp="2023-02-14T19:04:57Z" changeset="132550985" uid="12947635" user="Руслан Т"/>
  <node id="10659000289" lat="55.8159524" lon="37.7022027" version="1" timestamp="2023-02-14T19:04:57Z" changeset="132550985" uid="12947635" user="Руслан Т"/>
  <node id="10659000290" lat="55.8159462" lon="37.7021892" version="1" timestamp="2023-02-14T19:04:57Z" changeset="132550985" uid="12947635" user="Руслан Т"/>
  <node id="10659000291" lat="55.8160067" lon="37.7026718" version="1" timestamp="2023-02-14T19:04:57Z" changeset="132550985" uid="12947635" user="Руслан Т"/>
  <node id="10659000292" lat="55.8160126" lon="37.7026292" version="1" timestamp="2023-02-14T19:04:57Z" changeset="132550985" uid="12947635" user="Руслан Т"/>
  <node id="10659000293" lat="55.8160052" lon="37.7026857" version="1" timestamp="2023-02-14T19:04:57Z" changeset="132550985" uid="12947635" user="Руслан Т"/>
  <node id="10659000294" lat="55.8160054" lon="37.7027180" version="1" timestamp="2023-02-14T19:04:57Z" changeset="132550985" uid="12947635" user="Руслан Т"/>
  <node id="10659000295" lat="55.8162908" lon="37.7024920" version="1" timestamp="2023-02-14T19:04:57Z" changeset="132550985" uid="12947635" user="Руслан Т"/>
  <node id="10659000296" lat="55.8161781" lon="37.7025452" version="1" timestamp="2023-02-14T19:04:57Z" changeset="132550985" uid="12947635" user="Руслан Т"/>
  <node id="10659000297" lat="55.8161713" lon="37.7025576" version="1" timestamp="2023-02-14T19:04:57Z" changeset="132550985" uid="12947635" user="Руслан Т"/>
  <node id="10659000298" lat="55.8163824" lon="37.7029023" version="1" timestamp="2023-02-14T19:04:57Z" changeset="132550985" uid="12947635" user="Руслан Т"/>
  <node id="10659000299" lat="55.8163265" lon="37.7025201" version="1" timestamp="2023-02-14T19:04:57Z" changeset="132550985" uid="12947635" user="Руслан Т"/>
  <node id="10659000300" lat="55.8163036" lon="37.7024948" version="1" timestamp="2023-02-14T19:04:57Z" changeset="132550985" uid="12947635" user="Руслан Т"/>
  <node id="10659000301" lat="55.8161886" lon="37.7025341" version="1" timestamp="2023-02-14T19:04:57Z" changeset="132550985" uid="12947635" user="Руслан Т"/>
  <node id="10659000302" lat="55.8163175" lon="37.7025060" version="1" timestamp="2023-02-14T19:04:57Z" changeset="132550985" uid="12947635" user="Руслан Т"/>
  <node id="10659000303" lat="55.8162174" lon="37.7029941" version="1" timestamp="2023-02-14T19:04:57Z" changeset="132550985" uid="12947635" user="Руслан Т"/>
  <node id="10659000304" lat="55.8161640" lon="37.7026205" version="1" timestamp="2023-02-14T19:04:57Z" changeset="132550985" uid="12947635" user="Руслан Т"/>
  <node id="10659002305" lat="55.8158869" lon="37.7020603" version="1" timestamp="2023-02-14T19:04:57Z" changeset="132550985" uid="12947635" user="Руслан Т"/>
  <node id="10659002306" lat="55.8161599" lon="37.7031192" version="1" timestamp="2023-02-14T19:04:57Z" changeset="132550985" uid="12947635" user="Руслан Т"/>
  <node id="10659002307" lat="55.8163201" lon="37.7034756" version="1" timestamp="2023-02-14T19:04:57Z" changeset="132550985" uid="12947635" user="Руслан Т"/>
  <node id="10659002308" lat="55.8165312" lon="37.7033720" version="1" timestamp="2023-02-14T19:04:57Z" changeset="132550985" uid="12947635" user="Руслан Т"/>
  <node id="10659002309" lat="55.8165568" lon="37.7033899" version="1" timestamp="2023-02-14T19:04:57Z" changeset="132550985" uid="12947635" user="Руслан Т"/>
  <node id="10659002310" lat="55.8164976" lon="37.7030077" version="1" timestamp="2023-02-14T19:04:57Z" changeset="132550985" uid="12947635" user="Руслан Т"/>
  <node id="10659002311" lat="55.8160764" lon="37.7024289" version="1" timestamp="2023-02-14T19:04:57Z" changeset="132550985" uid="12947635" user="Руслан Т"/>
  <node id="10659002312" lat="55.8161087" lon="37.7026760" version="1" timestamp="2023-02-14T19:04:57Z" changeset="132550985" uid="12947635" user="Руслан Т"/>
  <node id="10659002313" lat="55.8161320" lon="37.7026663" version="1" timestamp="2023-02-14T19:04:57Z" changeset="132550985" uid="12947635" user="Руслан Т"/>
  <node id="10659002314" lat="55.8161503" lon="37.7028062" version="1" timestamp="2023-02-14T19:04:57Z" changeset="132550985" uid="12947635" user="Руслан Т"/>
  <node id="10659002315" lat="55.8162330" lon="37.7028010" version="1" timestamp="2023-02-14T19:04:57Z" changeset="132550985" uid="12947635" user="Руслан Т"/>
  <node id="10659002316" lat="55.8162515" lon="37.7029422" version="1" timestamp="2023-02-14T19:04:57Z" changeset="132550985" uid="12947635" user="Руслан Т"/>
  <node id="10659002317" lat="55.8163209" lon="37.7029404" version="1" timestamp="2023-02-14T19:04:57Z" changeset="132550985" uid="12947635" user="Руслан Т"/>
  <node id="10659002318" lat="55.8163338" lon="37.7029344" version="1" timestamp="2023-02-14T19:04:57Z" changeset="132550985" uid="12947635" user="Руслан Т"/>
  <node id="10659002319" lat="55.8162213" lon="37.7027930" version="1" timestamp="2023-02-14T19:04:57Z" changeset="132550985" uid="12947635" user="Руслан Т"/>
  <node id="10659002320" lat="55.8163167" lon="37.7029118" version="1" timestamp="2023-02-14T19:04:57Z" changeset="132550985" uid="12947635" user="Руслан Т"/>
  <node id="10659002321" lat="55.8162975" lon="37.7029028" version="1" timestamp="2023-02-14T19:04:57Z" changeset="132550985" uid="12947635" user="Руслан Т"/>
  <node id="10659002322" lat="55.8162490" lon="37.7029229" version="1" timestamp="2023-02-14T19:04:57Z" changeset="132550985" uid="12947635" user="Руслан Т"/>
  <node id="10659002323" lat="55.8162380" lon="37.7028388" version="1" timestamp="2023-02-14T19:04:57Z" changeset="132550985" uid="12947635" user="Руслан Т"/>
  <node id="10659002324" lat="55.8162865" lon="37.7028187" version="1" timestamp="2023-02-14T19:04:57Z" changeset="132550985" uid="12947635" user="Руслан Т"/>
  <node id="10659187574" lat="55.8161432" lon="37.7019542" version="1" timestamp="2023-02-14T19:22:46Z" changeset="132551518" uid="12947635" user="Руслан Т">
    <tag k="access" v="private"/>
    <tag k="entrance" v="staircase"/>
    <tag k="ref" v="1"/>
  </node>
  <node id="10659187575" lat="55.8166089" lon="37.7021526" version="1" timestamp="2023-02-14T19:22:46Z" changeset="132551518" uid="12947635" user="Руслан Т">
    <tag k="access" v="private"/>
    <tag k="entrance" v="staircase"/>
    <tag k="ref" v="2"/>
  </node>
  <node id="10659187576" lat="55.8166475" lon="37.7024483" version="1" timestamp="2023-02-14T19:22:46Z" changeset="132551518" uid="12947635" user="Руслан Т">
    <tag k="access" v="private"/>
    <tag k="entrance" v="staircase"/>
    <tag k="ref" v="3"/>
  </node>
  <node id="10659187577" lat="55.8164228" lon="37.7029379" version="1" timestamp="2023-02-14T19:22:46Z" changeset="132551518" uid="12947635" user="Руслан Т"/>
  <node id="10659187578" lat="55.8164060" lon="37.7029385" version="1" timestamp="2023-02-14T19:22:46Z" changeset="132551518" uid="12947635" user="Руслан Т"/>
  <node id="10659187579" lat="55.8164467" lon="37.7029346" version="1" timestamp="2023-02-14T19:22:46Z" changeset="132551518" uid="12947635" user="Руслан Т"/>
  <node id="10659187580" lat="55.8164347" lon="37.7029366" version="1" timestamp="2023-02-14T19:22:46Z" changeset="132551518" uid="12947635" user="Руслан Т"/>
  <node id="10659187581" lat="55.8166854" lon="37.7026648" version="1" timestamp="2023-02-14T19:22:46Z" changeset="132551518" uid="12947635" user="Руслан Т"/>
  <node id="10659187582" lat="55.8166885" lon="37.7026502" version="1" timestamp="2023-02-14T19:22:46Z" changeset="132551518" uid="12947635" user="Руслан Т"/>
  <node id="10659187583" lat="55.8166852" lon="37.7026882" version="1" timestamp="2023-02-14T19:22:46Z" changeset="132551518" uid="12947635" user="Руслан Т"/>
  <node id="10659187584" lat="55.8167101" lon="37.7026167" version="1" timestamp="2023-02-14T19:22:46Z" changeset="132551518" uid="12947635" user="Руслан Т"/>
  <node id="10659187585" lat="55.8167000" lon="37.7028264" version="1" timestamp="2023-02-14T19:22:46Z" changeset="132551518" uid="12947635" user="Руслан Т"/>
  <node id="10659187586" lat="55.8167010" lon="37.7028231" version="1" timestamp="2023-02-14T19:22:46Z" changeset="132551518" uid="12947635" user="Руслан Т"/>
  <node id="10659187587" lat="55.8167016" lon="37.7028147" version="1" timestamp="2023-02-14T19:22:46Z" changeset="132551518" uid="12947635" user="Руслан Т"/>
  <node id="10659187588" lat="55.8166975" lon="37.7028308" version="1" timestamp="2023-02-14T19:22:46Z" changeset="132551518" uid="12947635" user="Руслан Т">
    <tag k="access" v="private"/>
    <tag k="barrier" v="gate"/>
  </node>
  <node id="10659187589" lat="55.8167016" lon="37.7028191" version="1" timestamp="2023-02-14T19:22:46Z" changeset="132551518" uid="12947635" user="Руслан Т"/>
  <node id="10659187590" lat="55.8166937" lon="37.7026382" version="1" timestamp="2023-02-14T19:22:46Z" changeset="132551518" uid="12947635" user="Руслан Т"/>
  <node id="10707781441" lat="55.8171636" lon="37.7010371" version="5" timestamp="2025-06-04T09:17:34Z" changeset="167166853" uid="5642897" user="Travieso">
    <tag k="bench" v="yes"/>
    <tag k="bin" v="yes"/>
    <tag k="lit" v="yes"/>
    <tag k="name" v="Богородское"/>
    <tag k="public_transport" v="platform"/>
    <tag k="shelter" v="yes"/>
    <tag k="tactile_paving" v="no"/>
    <tag k="tram" v="yes"/>
    <tag k="wheelchair" v="no"/>
  </node>
  <node id="10707781442" lat="55.8165986" lon="37.7006522" version="5" timestamp="2025-06-04T09:17:44Z" changeset="167166853" uid="5642897" user="Travieso">
    <tag k="bench" v="yes"/>
    <tag k="bin" v="yes"/>
    <tag k="lit" v="yes"/>
    <tag k="name" v="Богородское"/>
    <tag k="public_transport" v="platform"/>
    <tag k="shelter" v="yes"/>
    <tag k="tactile_paving" v="no"/>
    <tag k="tram" v="yes"/>
    <tag k="wheelchair" v="no"/>
  </node>
  <node id="10795351839" lat="55.8183996" lon="37.7032687" version="1" timestamp="2023-04-08T14:58:13Z" changeset="134656292" uid="10129333" user="solenoid jam"/>
  <node id="10795351840" lat="55.8185200" lon="37.7030745" version="1" timestamp="2023-04-08T14:58:13Z" changeset="134656292" uid="10129333" user="solenoid jam"/>
  <node id="11782559895" lat="55.8182259" lon="37.7005838" version="2" timestamp="2025-09-26T16:25:44Z" changeset="172494034" uid="363136" user="neo-plan">
    <tag k="brand" v="Винлаб"/>
    <tag k="brand:wikidata" v="Q109907753"/>
    <tag k="contact:phone" v="+7 800 3017755"/>
    <tag k="contact:website" v="https://www.winelab.ru"/>
    <tag k="name" v="Винлаб"/>
    <tag k="opening_hours" v="Mo-Su 10:00-23:00"/>
    <tag k="shop" v="alcohol"/>
  </node>
  <node id="11807701366" lat="55.8167472" lon="37.7018423" version="1" timestamp="2024-04-10T18:27:26Z" changeset="149833727" uid="1461457" user="aurora-polar"/>
  <node id="11807701367" lat="55.8167427" lon="37.7017686" version="1" timestamp="2024-04-10T18:27:26Z" changeset="149833727" uid="1461457" user="aurora-polar"/>
  <node id="11807701368" lat="55.8167448" lon="37.7017013" version="1" timestamp="2024-04-10T18:27:26Z" changeset="149833727" uid="1461457" user="aurora-polar"/>
  <node id="11807718569" lat="55.8167529" lon="37.7016327" version="1" timestamp="2024-04-10T18:27:26Z" changeset="149833727" uid="1461457" user="aurora-polar"/>
  <node id="11807718570" lat="55.8169934" lon="37.7019198" version="1" timestamp="2024-04-10T18:27:26Z" changeset="149833727" uid="1461457" user="aurora-polar"/>
  <node id="11807718571" lat="55.8169534" lon="37.7017342" version="1" timestamp="2024-04-10T18:27:26Z" changeset="149833727" uid="1461457" user="aurora-polar"/>
  <node id="11807718572" lat="55.8169457" lon="37.7016416" version="1" timestamp="2024-04-10T18:27:26Z" changeset="149833727" uid="1461457" user="aurora-polar"/>
  <node id="11807718573" lat="55.8169434" lon="37.7015951" version="1" timestamp="2024-04-10T18:27:26Z" changeset="149833727" uid="1461457" user="aurora-polar"/>
  <node id="11807718574" lat="55.8169441" lon="37.7015520" version="1" timestamp="2024-04-10T18:27:26Z" changeset="149833727" uid="1461457" user="aurora-polar"/>
  <node id="11807718575" lat="55.8169502" lon="37.7014819" version="1" timestamp="2024-04-10T18:27:26Z" changeset="149833727" uid="1461457" user="aurora-polar"/>
  <node id="11807718576" lat="55.8169608" lon="37.7014246" version="1" timestamp="2024-04-10T18:27:26Z" changeset="149833727" uid="1461457" user="aurora-polar"/>
  <node id="11807718577" lat="55.8169757" lon="37.7013746" version="1" timestamp="2024-04-10T18:27:26Z" changeset="149833727" uid="1461457" user="aurora-polar"/>
  <node id="11962979407" lat="55.8182687" lon="37.7032436" version="1" timestamp="2024-06-07T15:09:29Z" changeset="152381077" uid="7714489" user="Spjasshka"/>
  <node id="12145091812" lat="55.8149411" lon="37.7034317" version="1" timestamp="2024-08-29T22:35:12Z" changeset="155949911" uid="21701055" user="mikhalind"/>
  <node id="12145091813" lat="55.8149244" lon="37.7029713" version="1" timestamp="2024-08-29T22:35:12Z" changeset="155949911" uid="21701055" user="mikhalind"/>
  <node id="12145091814" lat="55.8149318" lon="37.7027420" version="1" timestamp="2024-08-29T22:35:12Z" changeset="155949911" uid="21701055" user="mikhalind"/>
  <node id="13173807557" lat="55.8148261" lon="37.7018852" version="1" timestamp="2025-09-26T16:22:12Z" changeset="172493883" uid="363136" user="neo-plan"/>
  <node id="13173807558" lat="55.8148282" lon="37.7017924" version="1" timestamp="2025-09-26T16:22:12Z" changeset="172493883" uid="363136" user="neo-plan">
    <tag k="crossing" v="uncontrolled"/>
    <tag k="highway" v="crossing"/>
  </node>
  <node id="13173807559" lat="55.8148303" lon="37.7016965" version="1" timestamp="2025-09-26T16:22:12Z" changeset="172493883" uid="363136" user="neo-plan"/>
  <node id="13173807560" lat="55.8153038" lon="37.7014472" version="1" timestamp="2025-09-26T16:22:12Z" changeset="172493883" uid="363136" user="neo-plan"/>
  <node id="13173807561" lat="55.8153333" lon="37.7017122" version="1" timestamp="2025-09-26T16:22:12Z" changeset="172493883" uid="363136" user="neo-plan"/>
  <node id="13173807564" lat="55.8148260" lon="37.7005814" version="1" timestamp="2025-09-26T16:22:12Z" changeset="172493883" uid="363136" user="neo-plan"/>
  <node id="13173808074" lat="55.8154597" lon="37.7018709" version="1" timestamp="2025-09-26T16:25:44Z" changeset="172494034" uid="363136" user="neo-plan">
    <tag k="traffic_calming" v="bump"/>
  </node>
  <node id="13173808075" lat="55.8157605" lon="37.7019089" version="1" timestamp="2025-09-26T16:25:44Z" changeset="172494034" uid="363136" user="neo-plan">
    <tag k="traffic_calming" v="bump"/>
  </node>
  <node id="13173808076" lat="55.8158456" lon="37.7020419" version="1" timestamp="2025-09-26T16:25:44Z" changeset="172494034" uid="363136" user="neo-plan">
    <tag k="direction" v="forward"/>
    <tag k="highway" v="give_way"/>
  </node>
  <node id="13190205668" lat="55.8151211" lon="37.7015644" version="1" timestamp="2025-10-03T07:56:47Z" changeset="172776950" uid="10129333" user="solenoid jam"/>
  <node id="13190205669" lat="55.8150970" lon="37.7015993" version="1" timestamp="2025-10-03T07:56:47Z" changeset="172776950" uid="10129333" user="solenoid jam"/>
  <node id="13190205670" lat="55.8150683" lon="37.7016234" version="1" timestamp="2025-10-03T07:56:47Z" changeset="172776950" uid="10129333" user="solenoid jam"/>
  <node id="13190205671" lat="55.8150035" lon="37.7016476" version="1" timestamp="2025-10-03T07:56:47Z" changeset="172776950" uid="10129333" user="solenoid jam"/>
  <node id="13190205672" lat="55.8149041" lon="37.7016476" version="1" timestamp="2025-10-03T07:56:47Z" changeset="172776950" uid="10129333" user="solenoid jam"/>
  <node id="13190205673" lat="55.8147790" lon="37.7016368" version="1" timestamp="2025-10-03T07:56:47Z" changeset="172776950" uid="10129333" user="solenoid jam"/>
  <node id="13190205674" lat="55.8146855" lon="37.7016234" version="1" timestamp="2025-10-03T07:56:47Z" changeset="172776950" uid="10129333" user="solenoid jam"/>
  <node id="13190205675" lat="55.8146253" lon="37.7015966" version="1" timestamp="2025-10-03T07:56:47Z" changeset="172776950" uid="10129333" user="solenoid jam"/>
  <node id="13190205676" lat="55.8146057" lon="37.7015537" version="1" timestamp="2025-10-03T07:56:47Z" changeset="172776950" uid="10129333" user="solenoid jam"/>
  <node id="13190205677" lat="55.8145996" lon="37.7015001" version="1" timestamp="2025-10-03T07:56:47Z" changeset="172776950" uid="10129333" user="solenoid jam"/>
  <node id="13190205678" lat="55.8145981" lon="37.7014437" version="1" timestamp="2025-10-03T07:56:47Z" changeset="172776950" uid="10129333" user="solenoid jam"/>
  <node id="13190205679" lat="55.8145861" lon="37.7013418" version="1" timestamp="2025-10-03T07:56:47Z" changeset="172776950" uid="10129333" user="solenoid jam"/>
  <node id="13190205680" lat="55.8145800" lon="37.7012372" version="1" timestamp="2025-10-03T07:56:47Z" changeset="172776950" uid="10129333" user="solenoid jam"/>
  <node id="13190205681" lat="55.8145831" lon="37.7011245" version="1" timestamp="2025-10-03T07:56:47Z" changeset="172776950" uid="10129333" user="solenoid jam"/>
  <node id="13190205687" lat="55.8145966" lon="37.7005640" version="1" timestamp="2025-10-03T07:56:47Z" changeset="172776950" uid="10129333" user="solenoid jam"/>
  <node id="13190205688" lat="55.8146268" lon="37.7005666" version="1" timestamp="2025-10-03T07:56:47Z" changeset="172776950" uid="10129333" user="solenoid jam"/>
  <node id="13190205689" lat="55.8146464" lon="37.7006096" version="1" timestamp="2025-10-03T07:56:47Z" changeset="172776950" uid="10129333" user="solenoid jam"/>
  <node id="13190205690" lat="55.8146599" lon="37.7006605" version="1" timestamp="2025-10-03T07:56:47Z" changeset="172776950" uid="10129333" user="solenoid jam"/>
  <node id="13190205691" lat="55.8146690" lon="37.7007169" version="1" timestamp="2025-10-03T07:56:47Z" changeset="172776950" uid="10129333" user="solenoid jam"/>
  <node id="13190205692" lat="55.8146855" lon="37.7007624" version="1" timestamp="2025-10-03T07:56:47Z" changeset="172776950" uid="10129333" user="solenoid jam"/>
  <node id="13190205693" lat="55.8147021" lon="37.7008080" version="1" timestamp="2025-10-03T07:56:47Z" changeset="172776950" uid="10129333" user="solenoid jam"/>
  <node id="13190205694" lat="55.8147413" lon="37.7008939" version="1" timestamp="2025-10-03T07:56:47Z" changeset="172776950" uid="10129333" user="solenoid jam"/>
  <node id="13190205695" lat="55.8147624" lon="37.7009341" version="1" timestamp="2025-10-03T07:56:47Z" changeset="172776950" uid="10129333" user="solenoid jam"/>
  <node id="13190205696" lat="55.8147865" lon="37.7009690" version="1" timestamp="2025-10-03T07:56:47Z" changeset="172776950" uid="10129333" user="solenoid jam"/>
  <node id="13190205697" lat="55.8148106" lon="37.7010012" version="1" timestamp="2025-10-03T07:56:47Z" changeset="172776950" uid="10129333" user="solenoid jam"/>
  <node id="13190205698" lat="55.8148920" lon="37.7010763" version="1" timestamp="2025-10-03T07:56:47Z" changeset="172776950" uid="10129333" user="solenoid jam"/>
  <node id="13190205699" lat="55.8149176" lon="37.7011085" version="1" timestamp="2025-10-03T07:56:47Z" changeset="172776950" uid="10129333" user="solenoid jam"/>
  <node id="13190205700" lat="55.8149613" lon="37.7011889" version="1" timestamp="2025-10-03T07:56:47Z" changeset="172776950" uid="10129333" user="solenoid jam"/>
  <node id="13190205701" lat="55.8149869" lon="37.7012265" version="1" timestamp="2025-10-03T07:56:47Z" changeset="172776950" uid="10129333" user="solenoid jam"/>
  <node id="13190205702" lat="55.8150261" lon="37.7013096" version="1" timestamp="2025-10-03T07:56:47Z" changeset="172776950" uid="10129333" user="solenoid jam"/>
  <node id="13190205703" lat="55.8150698" lon="37.7013928" version="1" timestamp="2025-10-03T07:56:47Z" changeset="172776950" uid="10129333" user="solenoid jam"/>
  <node id="13190205704" lat="55.8151271" lon="37.7015296" version="1" timestamp="2025-10-03T07:56:47Z" changeset="172776950" uid="10129333" user="solenoid jam"/>
  <node id="13190205706" lat="55.8149547" lon="37.7005926" version="1" timestamp="2025-10-03T07:56:47Z" changeset="172776950" uid="10129333" user="solenoid jam"/>
  <node id="13190205707" lat="55.8152026" lon="37.7000812" version="2" timestamp="2026-06-08T20:18:13Z" changeset="183846507" uid="10129333" user="solenoid jam"/>
  <node id="13439733930" lat="55.8175820" lon="37.7021626" version="1" timestamp="2026-01-08T12:56:16Z" changeset="176983622" uid="830106" user="literan"/>
  <node id="13439733931" lat="55.8175240" lon="37.7021317" version="1" timestamp="2026-01-08T12:56:16Z" changeset="176983622" uid="830106" user="literan"/>
  <node id="13439733932" lat="55.8174908" lon="37.7016811" version="1" timestamp="2026-01-08T12:56:16Z" changeset="176983622" uid="830106" user="literan"/>
  <node id="13439733933" lat="55.8175474" lon="37.7018403" version="1" timestamp="2026-01-08T12:56:16Z" changeset="176983622" uid="830106" user="literan"/>
  <way id="9702111" version="38" timestamp="2023-09-16T23:03:43Z" changeset="141361395" uid="3305165" user="luisforte">
    <nd ref="267607871"/>
    <nd ref="5015902532"/>
    <nd ref="5514928238"/>
    <nd ref="5514928233"/>
    <nd ref="302849998"/>
    <nd ref="332061399"/>
    <nd ref="1680472808"/>
    <nd ref="5523644128"/>
    <nd ref="302849996"/>
    <nd ref="304201593"/>
    <nd ref="5523644125"/>
    <nd ref="304201592"/>
    <nd ref="304201591"/>
    <nd ref="2670513036"/>
    <nd ref="2670513038"/>
    <nd ref="4078471191"/>
    <nd ref="648864785"/>
    <nd ref="304201589"/>
    <nd ref="1541298094"/>
    <nd ref="304201585"/>
    <nd ref="3931439216"/>
    <tag k="highway" v="tertiary"/>
    <tag k="lanes" v="2"/>
    <tag k="lit" v="yes"/>
    <tag k="name" v="1-я Мясниковская улица"/>
    <tag k="name:uk" v="1-а М'ясниківська вулиця"/>
    <tag k="postal_code" v="107564"/>
    <tag k="surface" v="asphalt"/>
  </way>
  <way id="9963418" version="55" timestamp="2023-09-17T00:03:52Z" changeset="141362337" uid="461130" user="Fizzie-DWG">
    <nd ref="81793048"/>
    <nd ref="5015902540"/>
    <nd ref="3931512110"/>
    <nd ref="1680473391"/>
    <nd ref="1680473064"/>
    <nd ref="5379332540"/>
    <nd ref="4951660087"/>
    <nd ref="4951660078"/>
    <nd ref="5514928282"/>
    <nd ref="1680472787"/>
    <nd ref="332061397"/>
    <tag k="highway" v="residential"/>
    <tag k="lanes" v="2"/>
    <tag k="lit" v="yes"/>
    <tag k="maxspeed" v="40"/>
    <tag k="maxspeed:type" v="sign"/>
    <tag k="name" v="Наримановская улица"/>
    <tag k="name:uk" v="Наріманівська вулиця"/>
    <tag k="omkum:old_name" v="Шаровская улица (1922 г.) Московская улица (до 1917 г.)"/>
    <tag k="postal_code" v="107564"/>
    <tag k="smoothness" v="good"/>
    <tag k="surface" v="asphalt"/>
  </way>
  <way id="9963565" version="34" timestamp="2025-09-26T16:25:44Z" changeset="172494034" uid="363136" user="neo-plan">
    <nd ref="81795448"/>
    <nd ref="5015902538"/>
    <nd ref="1670742275"/>
    <nd ref="1670742272"/>
    <nd ref="10659000267"/>
    <nd ref="10659000266"/>
    <nd ref="333722218"/>
    <nd ref="13173808075"/>
    <tag k="highway" v="tertiary"/>
    <tag k="lanes" v="2"/>
    <tag k="lit" v="yes"/>
    <tag k="maxspeed" v="30"/>
    <tag k="maxspeed:type" v="sign"/>
    <tag k="name" v="Кузнецовская улица"/>
    <tag k="name:uk" v="Кузнецовська вулиця"/>
    <tag k="omkum:old_name" v="Кузнецкая улица (до 1917 г.)"/>
    <tag k="postal_code" v="107564"/>
    <tag k="surface" v="asphalt"/>
    <tag k="wikidata" v="Q4245170"/>
    <tag k="wikipedia" v="ru:Кузнецовская улица (Москва)"/>
  </way>
  <way id="28858686" version="7" timestamp="2025-10-03T07:56:47Z" changeset="172776950" uid="10129333" user="solenoid jam">
    <nd ref="317271710"/>
    <nd ref="317271714"/>
    <nd ref="317271715"/>
    <nd ref="317271713"/>
    <nd ref="317271710"/>
    <tag k="building" v="apartments"/>
  </way>
  <way id="28858717" version="6" timestamp="2023-12-21T09:38:34Z" changeset="145363280" uid="18826385" user="MarinaKuzko">
    <nd ref="317271997"/>
    <nd ref="5514928297"/>
    <nd ref="5514928298"/>
    <nd ref="5514928299"/>
    <nd ref="317272000"/>
    <nd ref="317271995"/>
    <nd ref="317271994"/>
    <nd ref="317271997"/>
    <tag k="addr:housenumber" v="17"/>
    <tag k="addr:street" v="Наримановская улица"/>
    <tag k="building" v="apartments"/>
    <tag k="building:colour" v="white;red"/>
    <tag k="building:flats" v="60"/>
    <tag k="building:levels" v="5"/>
    <tag k="design:ref" v="1-515-3/Ю37"/>
    <tag k="source" v="Адресный реестр Москвы, data.mos.ru"/>
    <tag k="start_date" v="1967"/>
  </way>
  <way id="28858719" version="8" timestamp="2023-12-21T09:38:34Z" changeset="145363280" uid="18826385" user="MarinaKuzko">
    <nd ref="317272021"/>
    <nd ref="5514928292"/>
    <nd ref="5514928291"/>
    <nd ref="5514928290"/>
    <nd ref="317272024"/>
    <nd ref="317272027"/>
    <nd ref="317272018"/>
    <nd ref="317272021"/>
    <tag k="addr:housenumber" v="15"/>
    <tag k="addr:street" v="Наримановская улица"/>
    <tag k="building" v="apartments"/>
    <tag k="building:colour" v="white;red"/>
    <tag k="building:flats" v="60"/>
    <tag k="building:levels" v="5"/>
    <tag k="design:ref" v="1-515-3/Ю37"/>
    <tag k="source" v="Адресный реестр Москвы, data.mos.ru"/>
    <tag k="start_date" v="1966"/>
  </way>
  <way id="28858720" version="7" timestamp="2023-12-21T09:38:34Z" changeset="145363280" uid="18826385" user="MarinaKuzko">
    <nd ref="317272031"/>
    <nd ref="317272037"/>
    <nd ref="5516728739"/>
    <nd ref="5516728740"/>
    <nd ref="5516728741"/>
    <nd ref="5516728742"/>
    <nd ref="317272040"/>
    <nd ref="317272034"/>
    <nd ref="317272031"/>
    <tag k="addr:housenumber" v="14"/>
    <tag k="addr:street" v="Миллионная улица"/>
    <tag k="building" v="apartments"/>
    <tag k="building:colour" v="lightgrey;brown"/>
    <tag k="building:flats" v="143"/>
    <tag k="building:levels" v="9"/>
    <tag k="design:ref" v="II-49-04/Ю вариант «П»"/>
    <tag k="source" v="Адресный реестр Москвы, data.mos.ru"/>
    <tag k="start_date" v="1974"/>
  </way>
  <way id="28858721" version="14" timestamp="2023-12-21T09:38:34Z" changeset="145363280" uid="18826385" user="MarinaKuzko">
    <nd ref="317272045"/>
    <nd ref="317272060"/>
    <nd ref="317272063"/>
    <nd ref="317272067"/>
    <nd ref="317272071"/>
    <nd ref="317272054"/>
    <nd ref="317272045"/>
    <tag k="addr:housenumber" v="8/10"/>
    <tag k="addr:street" v="1-я Мясниковская улица"/>
    <tag k="building" v="apartments"/>
    <tag k="building:colour" v="lightgrey;white"/>
    <tag k="building:levels" v="5"/>
    <tag k="building:material" v="brick"/>
    <tag k="roof:angle" v="30"/>
    <tag k="roof:colour" v="lightgrey"/>
    <tag k="roof:material" v="tar_paper"/>
    <tag k="roof:shape" v="hipped"/>
  </way>
  <way id="28858722" version="5" timestamp="2023-02-14T19:04:57Z" changeset="132550985" uid="12947635" user="Руслан Т">
    <nd ref="10659002306"/>
    <nd ref="317272093"/>
    <nd ref="317272080"/>
    <nd ref="317272074"/>
    <tag k="source" v="Адресный реестр Москвы, data.mos.ru"/>
  </way>
  <way id="28858723" version="8" timestamp="2023-12-21T09:38:34Z" changeset="145363280" uid="18826385" user="MarinaKuzko">
    <nd ref="317272098"/>
    <nd ref="317272109"/>
    <nd ref="317272113"/>
    <nd ref="317272102"/>
    <nd ref="5514942925"/>
    <nd ref="5514942924"/>
    <nd ref="5514942923"/>
    <nd ref="5514942922"/>
    <nd ref="317272098"/>
    <tag k="addr:housenumber" v="2"/>
    <tag k="addr:street" v="Погонный проезд"/>
    <tag k="building" v="apartments"/>
    <tag k="building:colour" v="lightgrey;grey"/>
    <tag k="building:flats" v="80"/>
    <tag k="building:levels" v="5"/>
    <tag k="design:ref" v="1-511-4/М"/>
    <tag k="start_date" v="1964"/>
  </way>
  <way id="28858724" version="9" timestamp="2023-12-21T09:38:34Z" changeset="145363280" uid="18826385" user="MarinaKuzko">
    <nd ref="317272124"/>
    <nd ref="317272122"/>
    <nd ref="5335754819"/>
    <nd ref="5335754818"/>
    <nd ref="5335754817"/>
    <nd ref="5335754816"/>
    <nd ref="5335754815"/>
    <nd ref="5335754814"/>
    <nd ref="317272119"/>
    <nd ref="317272123"/>
    <nd ref="317272124"/>
    <tag k="addr:housenumber" v="4"/>
    <tag k="addr:street" v="Погонный проезд"/>
    <tag k="building" v="apartments"/>
    <tag k="building:colour" v="lightgrey;red"/>
    <tag k="building:flats" v="119"/>
    <tag k="building:levels" v="5"/>
    <tag k="design:ref" v="1-511-3/М37"/>
    <tag k="start_date" v="1965"/>
  </way>
  <way id="28858730" version="5" timestamp="2023-12-20T10:34:46Z" changeset="145325292" uid="18826385" user="MarinaKuzko">
    <nd ref="317272148"/>
    <nd ref="317272152"/>
    <nd ref="317272154"/>
    <nd ref="317272150"/>
    <nd ref="317272148"/>
    <tag k="addr:housenumber" v="1 к11"/>
    <tag k="addr:street" v="Погонный проезд"/>
    <tag k="building" v="apartments"/>
    <tag k="building:colour" v="lightgrey;red"/>
    <tag k="building:flats" v="128"/>
    <tag k="building:levels" v="9"/>
    <tag k="design:ref" v="II-29-14/Ю37"/>
    <tag k="start_date" v="1969"/>
  </way>
  <way id="28858731" version="4" timestamp="2023-12-20T10:34:46Z" changeset="145325292" uid="18826385" user="MarinaKuzko">
    <nd ref="317272157"/>
    <nd ref="317272161"/>
    <nd ref="317272163"/>
    <nd ref="317272159"/>
    <nd ref="317272157"/>
    <tag k="addr:housenumber" v="1 к10"/>
    <tag k="addr:street" v="Погонный проезд"/>
    <tag k="building" v="apartments"/>
    <tag k="building:colour" v="lightgrey"/>
    <tag k="building:flats" v="54"/>
    <tag k="building:levels" v="5"/>
    <tag k="design:ref" v="1-511-3/М"/>
    <tag k="start_date" v="1963"/>
  </way>
  <way id="28858743" version="4" timestamp="2023-12-20T12:28:31Z" changeset="145329241" uid="18826385" user="MarinaKuzko">
    <nd ref="317272301"/>
    <nd ref="317272305"/>
    <nd ref="317272309"/>
    <nd ref="317272304"/>
    <nd ref="317272301"/>
    <tag k="addr:housenumber" v="15 к3"/>
    <tag k="addr:street" v="Миллионная улица"/>
    <tag k="building" v="apartments"/>
    <tag k="building:colour" v="white;pink"/>
    <tag k="building:levels" v="5"/>
    <tag k="building:material" v="brick"/>
    <tag k="roof:angle" v="30"/>
    <tag k="roof:colour" v="lightgrey"/>
    <tag k="roof:material" v="metal"/>
    <tag k="roof:shape" v="hipped"/>
  </way>
  <way id="28858744" version="5" timestamp="2023-12-20T12:28:31Z" changeset="145329241" uid="18826385" user="MarinaKuzko">
    <nd ref="317272310"/>
    <nd ref="317272311"/>
    <nd ref="317272312"/>
    <nd ref="317272313"/>
    <nd ref="317272314"/>
    <nd ref="4127594134"/>
    <nd ref="317272315"/>
    <nd ref="317272316"/>
    <nd ref="317272317"/>
    <nd ref="317272318"/>
    <nd ref="317272319"/>
    <nd ref="317272320"/>
    <nd ref="317272321"/>
    <nd ref="317272322"/>
    <nd ref="317272323"/>
    <nd ref="317272310"/>
    <tag k="addr:housenumber" v="15 к1"/>
    <tag k="addr:street" v="Миллионная улица"/>
    <tag k="building" v="apartments"/>
    <tag k="building:colour" v="beige;red;white"/>
    <tag k="building:levels" v="5"/>
    <tag k="building:material" v="brick"/>
    <tag k="roof:colour" v="grey"/>
    <tag k="roof:material" v="tar_paper"/>
    <tag k="roof:shape" v="flat"/>
  </way>
  <way id="28858745" version="5" timestamp="2023-12-20T10:34:46Z" changeset="145325292" uid="18826385" user="MarinaKuzko">
    <nd ref="317272324"/>
    <nd ref="317272326"/>
    <nd ref="317272327"/>
    <nd ref="317272325"/>
    <nd ref="317272324"/>
    <tag k="addr:housenumber" v="1 к1"/>
    <tag k="addr:street" v="Погонный проезд"/>
    <tag k="building" v="apartments"/>
    <tag k="building:colour" v="lightgrey;lightblue"/>
    <tag k="building:flats" v="60"/>
    <tag k="building:levels" v="5"/>
    <tag k="design:ref" v="II-14-33"/>
    <tag k="start_date" v="1958"/>
  </way>
  <way id="28858746" version="5" timestamp="2023-12-20T10:34:46Z" changeset="145325292" uid="18826385" user="MarinaKuzko">
    <nd ref="317272328"/>
    <nd ref="317272330"/>
    <nd ref="317272331"/>
    <nd ref="317272329"/>
    <nd ref="317272328"/>
    <tag k="addr:housenumber" v="1 к2"/>
    <tag k="addr:street" v="Погонный проезд"/>
    <tag k="building" v="apartments"/>
    <tag k="building:colour" v="lightgrey;red"/>
    <tag k="building:flats" v="30"/>
    <tag k="building:levels" v="5"/>
    <tag k="design:ref" v="II-14-31"/>
    <tag k="start_date" v="1959"/>
  </way>
  <way id="28858748" version="5" timestamp="2023-12-20T10:34:46Z" changeset="145325292" uid="18826385" user="MarinaKuzko">
    <nd ref="317272336"/>
    <nd ref="317272332"/>
    <nd ref="317272335"/>
    <nd ref="317272334"/>
    <nd ref="317272336"/>
    <tag k="addr:housenumber" v="1 к3"/>
    <tag k="addr:street" v="Погонный проезд"/>
    <tag k="building" v="apartments"/>
    <tag k="building:colour" v="lightgrey;red"/>
    <tag k="building:flats" v="30"/>
    <tag k="building:levels" v="5"/>
    <tag k="design:ref" v="II-14-31"/>
    <tag k="start_date" v="1959"/>
  </way>
  <way id="30081656" version="43" timestamp="2025-09-26T16:25:44Z" changeset="172494034" uid="363136" user="neo-plan">
    <nd ref="626329516"/>
    <nd ref="1680472643"/>
    <nd ref="331333504"/>
    <nd ref="1679406898"/>
    <nd ref="331333507"/>
    <tag k="highway" v="residential"/>
    <tag k="lanes" v="2"/>
    <tag k="lit" v="yes"/>
    <tag k="maxspeed" v="40"/>
    <tag k="name" v="Погонный проезд"/>
    <tag k="name:uk" v="Погонний проїзд"/>
    <tag k="old_name" v="проектируемый проезд № 6328"/>
    <tag k="surface" v="asphalt"/>
  </way>
  <way id="30081657" version="58" timestamp="2025-06-04T09:02:27Z" changeset="167165412" uid="5642897" user="Travieso">
    <nd ref="331333507"/>
    <nd ref="3927977797"/>
    <nd ref="1680472888"/>
    <nd ref="1680472732"/>
    <nd ref="331333509"/>
    <nd ref="3927977790"/>
    <nd ref="1459839952"/>
    <nd ref="331333510"/>
    <nd ref="1680472975"/>
    <nd ref="3927977785"/>
    <nd ref="5516728755"/>
    <nd ref="9060372661"/>
    <nd ref="1680473093"/>
    <nd ref="5168567336"/>
    <nd ref="5168567337"/>
    <nd ref="331333515"/>
    <nd ref="777417320"/>
    <nd ref="331333516"/>
    <nd ref="1140348562"/>
    <nd ref="12428807812"/>
    <nd ref="1901826099"/>
    <nd ref="6482290193"/>
    <nd ref="6482290195"/>
    <tag k="highway" v="residential"/>
    <tag k="lanes" v="2"/>
    <tag k="lit" v="yes"/>
    <tag k="name" v="3-я Богатырская улица"/>
    <tag k="name:uk" v="3-я Богатирська вулиця"/>
    <tag k="postal_code" v="107564"/>
    <tag k="surface" v="asphalt"/>
    <tag k="wikidata" v="Q4462591"/>
    <tag k="wikipedia" v="ru:3-я Богатырская улица"/>
  </way>
  <way id="30350249" version="46" timestamp="2025-09-26T16:25:44Z" changeset="172494034" uid="363136" user="neo-plan">
    <nd ref="333722217"/>
    <nd ref="9173726557"/>
    <nd ref="4966851996"/>
    <nd ref="5514928240"/>
    <nd ref="5514928287"/>
    <nd ref="10659000264"/>
    <nd ref="10659000268"/>
    <nd ref="13173808076"/>
    <nd ref="5015902541"/>
    <tag k="highway" v="residential"/>
    <tag k="lit" v="yes"/>
    <tag k="maxspeed" v="60"/>
    <tag k="maxspeed:type" v="sign"/>
    <tag k="name" v="2-я Мясниковская улица"/>
    <tag k="name:uk" v="2-а М'ясниківська вулиця"/>
    <tag k="postal_code" v="107564"/>
    <tag k="surface" v="asphalt"/>
  </way>
  <way id="44353015" version="17" timestamp="2023-08-25T13:13:24Z" changeset="140372443" uid="11978982" user="mappinglander">
    <nd ref="563677863"/>
    <nd ref="563677853"/>
    <nd ref="5379332358"/>
    <nd ref="5379332347"/>
    <nd ref="563677829"/>
    <nd ref="5379332343"/>
    <nd ref="1680472487"/>
    <nd ref="1680472946"/>
    <nd ref="563677763"/>
    <nd ref="5015902550"/>
    <nd ref="3930966325"/>
    <nd ref="563677766"/>
    <nd ref="3930920251"/>
    <nd ref="563677760"/>
    <nd ref="3930920240"/>
    <nd ref="2010192208"/>
    <nd ref="563677820"/>
    <nd ref="563677822"/>
    <nd ref="2010192205"/>
    <nd ref="3929693392"/>
    <nd ref="3929693397"/>
    <nd ref="563677890"/>
    <nd ref="563677892"/>
    <nd ref="2209938966"/>
    <nd ref="2209938983"/>
    <nd ref="2209938987"/>
    <nd ref="2209938990"/>
    <nd ref="2209938992"/>
    <nd ref="2209938994"/>
    <nd ref="563677869"/>
    <nd ref="648864892"/>
    <nd ref="3931439208"/>
    <nd ref="648864893"/>
    <nd ref="648864894"/>
    <nd ref="648864895"/>
    <nd ref="648864896"/>
    <nd ref="648864897"/>
    <nd ref="563677863"/>
    <tag k="landuse" v="residential"/>
    <tag k="residential" v="urban"/>
  </way>
  <way id="44353017" version="7" timestamp="2023-08-25T13:13:24Z" changeset="140372443" uid="11978982" user="mappinglander">
    <nd ref="563677801"/>
    <nd ref="4944420542"/>
    <nd ref="563677803"/>
    <nd ref="563677790"/>
    <nd ref="563677792"/>
    <nd ref="563677794"/>
    <nd ref="563677922"/>
    <nd ref="563677936"/>
    <nd ref="563678036"/>
    <nd ref="563677805"/>
    <nd ref="563677807"/>
    <nd ref="4944420544"/>
    <nd ref="4944420543"/>
    <nd ref="563677801"/>
    <tag k="landuse" v="residential"/>
    <tag k="residential" v="urban"/>
  </way>
  <way id="44353018" version="11" timestamp="2023-08-25T13:13:24Z" changeset="140372443" uid="11978982" user="mappinglander">
    <nd ref="563677772"/>
    <nd ref="563677775"/>
    <nd ref="563677768"/>
    <nd ref="3930966326"/>
    <nd ref="563677770"/>
    <nd ref="1680472682"/>
    <nd ref="3927923739"/>
    <nd ref="5514928286"/>
    <nd ref="5514928285"/>
    <nd ref="563677836"/>
    <nd ref="563677851"/>
    <nd ref="9056623832"/>
    <nd ref="563677914"/>
    <nd ref="563677916"/>
    <nd ref="563677799"/>
    <nd ref="563677800"/>
    <nd ref="563677795"/>
    <nd ref="563677797"/>
    <nd ref="563677772"/>
    <tag k="landuse" v="residential"/>
    <tag k="residential" v="urban"/>
  </way>
  <way id="44953282" version="20" timestamp="2023-08-25T13:13:24Z" changeset="140372443" uid="11978982" user="mappinglander">
    <nd ref="569954678"/>
    <nd ref="5339995845"/>
    <nd ref="569954679"/>
    <nd ref="2105616975"/>
    <nd ref="5514942921"/>
    <nd ref="569954698"/>
    <nd ref="3927923745"/>
    <nd ref="5514941501"/>
    <nd ref="5853756893"/>
    <nd ref="3927923746"/>
    <nd ref="569954694"/>
    <nd ref="5514941502"/>
    <nd ref="9123605024"/>
    <nd ref="569954672"/>
    <nd ref="9123605025"/>
    <nd ref="569954668"/>
    <nd ref="569954669"/>
    <nd ref="9123605026"/>
    <nd ref="9123605027"/>
    <nd ref="4039470533"/>
    <nd ref="4039470516"/>
    <nd ref="569954665"/>
    <nd ref="569954666"/>
    <nd ref="569954667"/>
    <nd ref="569954673"/>
    <nd ref="5943115189"/>
    <nd ref="569954674"/>
    <nd ref="5943115190"/>
    <nd ref="5943115188"/>
    <nd ref="569954595"/>
    <nd ref="5943115219"/>
    <nd ref="5943115218"/>
    <nd ref="5943115217"/>
    <nd ref="569954597"/>
    <nd ref="5943115195"/>
    <nd ref="569954633"/>
    <nd ref="569954721"/>
    <nd ref="569954675"/>
    <nd ref="563677749"/>
    <nd ref="563677810"/>
    <nd ref="563677813"/>
    <nd ref="563677815"/>
    <nd ref="563677817"/>
    <nd ref="2010192206"/>
    <nd ref="563677755"/>
    <nd ref="5515807280"/>
    <nd ref="563677753"/>
    <nd ref="569954678"/>
    <tag k="landuse" v="residential"/>
    <tag k="residential" v="urban"/>
  </way>
  <way id="44953305" version="24" timestamp="2023-02-04T12:06:23Z" changeset="132073684" uid="830106" user="literan">
    <nd ref="2051215318"/>
    <nd ref="1901826237"/>
    <nd ref="1901826214"/>
    <nd ref="2370860952"/>
    <nd ref="2370860951"/>
    <nd ref="2370860950"/>
    <nd ref="569954661"/>
    <nd ref="2370860947"/>
    <nd ref="569954662"/>
    <nd ref="6628810319"/>
    <nd ref="569954663"/>
    <nd ref="2370860924"/>
    <nd ref="2370860918"/>
    <nd ref="569954658"/>
    <nd ref="569954659"/>
    <nd ref="2370860916"/>
    <nd ref="2378752148"/>
    <nd ref="569954660"/>
    <nd ref="569954684"/>
    <nd ref="569954685"/>
    <nd ref="569954690"/>
    <nd ref="3927977788"/>
    <nd ref="3927977791"/>
    <nd ref="3927977792"/>
    <nd ref="569954692"/>
    <nd ref="569954706"/>
    <nd ref="569954708"/>
    <nd ref="569954709"/>
    <nd ref="569954710"/>
    <nd ref="3927977796"/>
    <nd ref="5853756888"/>
    <nd ref="569954719"/>
    <nd ref="3931439240"/>
    <nd ref="1168846306"/>
    <nd ref="1168846221"/>
    <nd ref="10605925094"/>
    <nd ref="1668917999"/>
    <nd ref="4271748191"/>
    <nd ref="4399069989"/>
  </way>
  <way id="44953306" version="7" timestamp="2023-08-25T13:13:24Z" changeset="140372443" uid="11978982" user="mappinglander">
    <nd ref="569954699"/>
    <nd ref="569954682"/>
    <nd ref="569954683"/>
    <nd ref="569954713"/>
    <nd ref="569954714"/>
    <nd ref="569954715"/>
    <nd ref="569954717"/>
    <nd ref="569954712"/>
    <nd ref="569954711"/>
    <nd ref="569954701"/>
    <nd ref="569954699"/>
    <tag k="landuse" v="residential"/>
    <tag k="residential" v="urban"/>
  </way>
  <way id="44953307" version="10" timestamp="2023-08-25T13:13:24Z" changeset="140372443" uid="11978982" user="mappinglander">
    <nd ref="569954686"/>
    <nd ref="569954688"/>
    <nd ref="2105789047"/>
    <nd ref="569954670"/>
    <nd ref="569954671"/>
    <nd ref="5514941509"/>
    <nd ref="9060327859"/>
    <nd ref="5514941508"/>
    <nd ref="5514941507"/>
    <nd ref="569954696"/>
    <nd ref="3927977783"/>
    <nd ref="3927977784"/>
    <nd ref="569954702"/>
    <nd ref="569954704"/>
    <nd ref="569954705"/>
    <nd ref="569954693"/>
    <nd ref="3927977787"/>
    <nd ref="3927977786"/>
    <nd ref="569954691"/>
    <nd ref="569954686"/>
    <tag k="landuse" v="residential"/>
    <tag k="residential" v="urban"/>
  </way>
  <way id="45073710" version="9" timestamp="2023-11-13T10:12:27Z" changeset="143963473" uid="371263" user="augxcgrwxo">
    <nd ref="571522591"/>
    <nd ref="648871858"/>
    <nd ref="571522593"/>
    <nd ref="648871859"/>
    <nd ref="571522597"/>
    <nd ref="2378753557"/>
    <nd ref="571522598"/>
    <nd ref="2378753558"/>
  </way>
  <way id="49322883" version="32" timestamp="2025-06-04T09:14:38Z" changeset="167165412" uid="5642897" user="Travieso">
    <nd ref="83409991"/>
    <nd ref="471829819"/>
    <nd ref="5024176859"/>
    <nd ref="1459839987"/>
    <nd ref="1670742274"/>
    <nd ref="5514941504"/>
    <nd ref="1670742258"/>
    <nd ref="9060327857"/>
    <nd ref="5516728749"/>
    <nd ref="267607885"/>
    <nd ref="267607886"/>
    <tag k="highway" v="tertiary"/>
    <tag k="lit" v="yes"/>
    <tag k="maxspeed" v="60"/>
    <tag k="name" v="Миллионная улица"/>
    <tag k="name:uk" v="Мільйонна вулиця"/>
    <tag k="source:maxspeed" v="sign"/>
    <tag k="surface" v="asphalt"/>
    <tag k="wikidata" v="Q4293568"/>
    <tag k="wikipedia" v="ru:Миллионная улица (Москва)"/>
  </way>
  <way id="50884150" version="11" timestamp="2025-06-04T09:17:48Z" changeset="167165412" uid="5642897" user="Travieso">
    <nd ref="648867887"/>
    <nd ref="8112054297"/>
    <nd ref="1984672673"/>
    <nd ref="8112054289"/>
    <nd ref="648871856"/>
    <nd ref="648871857"/>
    <nd ref="1984672596"/>
    <nd ref="8112054298"/>
    <nd ref="83405137"/>
    <tag k="highway" v="tertiary_link"/>
    <tag k="lanes" v="1"/>
    <tag k="lit" v="yes"/>
    <tag k="maxspeed" v="60"/>
    <tag k="oneway" v="yes"/>
    <tag k="source:maxspeed" v="sign"/>
    <tag k="surface" v="asphalt"/>
  </way>
  <way id="50884644" version="3" timestamp="2023-11-12T13:36:49Z" changeset="143933645" uid="371263" user="augxcgrwxo">
    <nd ref="648871856"/>
    <nd ref="648871858"/>
    <tag k="highway" v="service"/>
    <tag k="smoothness" v="intermediate"/>
    <tag k="surface" v="asphalt"/>
  </way>
  <way id="52176618" version="46" timestamp="2023-09-17T00:03:52Z" changeset="141362337" uid="461130" user="Fizzie-DWG">
    <nd ref="267607868"/>
    <nd ref="3906008658"/>
    <nd ref="1168846401"/>
    <tag k="highway" v="residential"/>
    <tag k="lit" v="yes"/>
    <tag k="maxspeed" v="60"/>
    <tag k="name" v="Погонный проезд"/>
    <tag k="name:uk" v="Погонний проїзд"/>
    <tag k="oneway" v="yes"/>
    <tag k="source:maxspeed" v="sign"/>
    <tag k="surface" v="asphalt"/>
  </way>
  <way id="101264109" version="23" timestamp="2026-01-08T12:56:16Z" changeset="176983622" uid="830106" user="literan">
    <nd ref="267607874"/>
    <nd ref="13439733931"/>
    <nd ref="8112054292"/>
    <nd ref="1168846278"/>
    <nd ref="8112054290"/>
    <nd ref="1168846401"/>
    <tag k="highway" v="tertiary"/>
    <tag k="lanes" v="1"/>
    <tag k="lit" v="yes"/>
    <tag k="maxspeed" v="60"/>
    <tag k="name" v="Миллионная улица"/>
    <tag k="name:uk" v="Мільйонна вулиця"/>
    <tag k="oneway" v="yes"/>
    <tag k="postal_code" v="107564"/>
    <tag k="source:maxspeed" v="sign"/>
    <tag k="surface" v="asphalt"/>
    <tag k="wikidata" v="Q4293568"/>
    <tag k="wikipedia" v="ru:Миллионная улица (Москва)"/>
  </way>
  <way id="104709995" version="9" timestamp="2023-12-21T09:38:34Z" changeset="145363280" uid="18826385" user="MarinaKuzko">
    <nd ref="1207770504"/>
    <nd ref="1207770532"/>
    <nd ref="1207770503"/>
    <nd ref="1207770497"/>
    <nd ref="1207770534"/>
    <nd ref="1207770529"/>
    <nd ref="1207770500"/>
    <nd ref="1207770494"/>
    <nd ref="1207770504"/>
    <tag k="addr:housenumber" v="12А"/>
    <tag k="addr:street" v="Миллионная улица"/>
    <tag k="building" v="kindergarten"/>
    <tag k="building:colour" v="white"/>
    <tag k="building:levels" v="4"/>
    <tag k="design:ref" v="И-1194"/>
  </way>
  <way id="104710628" version="7" timestamp="2024-01-08T18:33:23Z" changeset="146039674" uid="599809" user="ig4map">
    <nd ref="4085807000"/>
    <nd ref="1207777043"/>
    <nd ref="4085807002"/>
    <nd ref="4085807003"/>
    <nd ref="4085807006"/>
    <nd ref="1786975389"/>
    <nd ref="4085807004"/>
    <nd ref="4085807005"/>
    <nd ref="4085807001"/>
    <nd ref="1207777066"/>
    <nd ref="5379332319"/>
    <nd ref="1207777063"/>
    <nd ref="4085806992"/>
    <nd ref="4085806990"/>
    <nd ref="4085806989"/>
    <nd ref="4085806386"/>
    <nd ref="1786975387"/>
    <nd ref="4085806388"/>
    <nd ref="4085806387"/>
    <nd ref="4085806991"/>
    <nd ref="1207777061"/>
    <nd ref="4085807000"/>
    <tag k="addr:housenumber" v="8"/>
    <tag k="addr:street" v="Наримановская улица"/>
    <tag k="building" v="apartments"/>
    <tag k="building:flats" v="147"/>
    <tag k="building:levels" v="22"/>
    <tag k="source" v="Адресный реестр Москвы, data.mos.ru"/>
  </way>
  <way id="108261882" version="24" timestamp="2025-06-04T09:17:37Z" changeset="167165412" uid="5642897" user="Travieso">
    <nd ref="648867887"/>
    <nd ref="648867888"/>
    <nd ref="8112054296"/>
    <nd ref="83409991"/>
    <tag k="highway" v="tertiary"/>
    <tag k="lanes" v="1"/>
    <tag k="lit" v="yes"/>
    <tag k="maxspeed" v="60"/>
    <tag k="name" v="Миллионная улица"/>
    <tag k="name:uk" v="Мільйонна вулиця"/>
    <tag k="oneway" v="yes"/>
    <tag k="source:maxspeed" v="sign"/>
    <tag k="surface" v="asphalt"/>
    <tag k="wikidata" v="Q4293568"/>
    <tag k="wikipedia" v="ru:Миллионная улица (Москва)"/>
  </way>
  <way id="108261919" version="25" timestamp="2025-09-18T17:42:58Z" changeset="172122248" uid="23294789" user="fedyacpp">
    <nd ref="83405137"/>
    <nd ref="81795448"/>
    <nd ref="267607870"/>
    <nd ref="267607871"/>
    <nd ref="4966852933"/>
    <nd ref="267607872"/>
    <nd ref="267607873"/>
    <nd ref="267607874"/>
    <tag k="highway" v="tertiary"/>
    <tag k="lanes" v="2"/>
    <tag k="lit" v="yes"/>
    <tag k="maxspeed" v="60"/>
    <tag k="name" v="Миллионная улица"/>
    <tag k="name:uk" v="Мільйонна вулиця"/>
    <tag k="oneway" v="yes"/>
    <tag k="postal_code" v="107564"/>
    <tag k="source:maxspeed" v="sign"/>
    <tag k="surface" v="asphalt"/>
    <tag k="wikidata" v="Q4293568"/>
    <tag k="wikipedia" v="ru:Миллионная улица (Москва)"/>
  </way>
  <way id="132705469" version="9" timestamp="2018-08-24T13:34:23Z" changeset="61959244" uid="830106" user="literan">
    <nd ref="1670742272"/>
    <nd ref="5853756195"/>
    <nd ref="5536607211"/>
    <nd ref="5536607212"/>
    <nd ref="1670742253"/>
    <tag k="highway" v="service"/>
    <tag k="surface" v="asphalt"/>
  </way>
  <way id="132705470" version="6" timestamp="2023-12-21T09:38:34Z" changeset="145363280" uid="18826385" user="MarinaKuzko">
    <nd ref="1459839969"/>
    <nd ref="1459839967"/>
    <nd ref="1459839973"/>
    <nd ref="5515807305"/>
    <nd ref="5515807304"/>
    <nd ref="5515807303"/>
    <nd ref="5515807302"/>
    <nd ref="1459839989"/>
    <nd ref="1459839969"/>
    <tag k="addr:housenumber" v="10А"/>
    <tag k="addr:street" v="Миллионная улица"/>
    <tag k="building" v="apartments"/>
    <tag k="building:colour" v="lightgrey;red"/>
    <tag k="building:flats" v="56"/>
    <tag k="building:levels" v="5"/>
    <tag k="design:ref" v="II-14-33"/>
    <tag k="start_date" v="1960"/>
  </way>
  <way id="132705471" version="5" timestamp="2023-12-21T09:38:34Z" changeset="145363280" uid="18826385" user="MarinaKuzko">
    <nd ref="1459839950"/>
    <nd ref="1459839956"/>
    <nd ref="1459839984"/>
    <nd ref="1459839986"/>
    <nd ref="1459839955"/>
    <nd ref="1459839966"/>
    <nd ref="1459839968"/>
    <nd ref="1459839971"/>
    <nd ref="1459839950"/>
    <tag k="addr:housenumber" v="12"/>
    <tag k="addr:street" v="Миллионная улица"/>
    <tag k="building" v="apartments"/>
    <tag k="building:colour" v="lightgrey;red"/>
    <tag k="building:flats" v="48"/>
    <tag k="building:levels" v="5"/>
    <tag k="design:ref" v="1-410-8"/>
    <tag k="start_date" v="1956"/>
  </way>
  <way id="154032338" version="42" timestamp="2026-01-08T12:56:16Z" changeset="176983622" uid="830106" user="literan">
    <nd ref="267607874"/>
    <nd ref="13439733930"/>
    <nd ref="8112054291"/>
    <nd ref="267607868"/>
    <tag k="highway" v="residential"/>
    <tag k="lanes" v="1"/>
    <tag k="lit" v="yes"/>
    <tag k="maxspeed" v="60"/>
    <tag k="name" v="Погонный проезд"/>
    <tag k="name:uk" v="Погонний проїзд"/>
    <tag k="oneway" v="yes"/>
    <tag k="postal_code" v="107564"/>
    <tag k="source:maxspeed" v="sign"/>
    <tag k="surface" v="asphalt"/>
  </way>
  <way id="154032343" version="22" timestamp="2026-01-08T12:56:16Z" changeset="176983622" uid="830106" user="literan">
    <nd ref="1168846401"/>
    <nd ref="13439733932"/>
    <nd ref="1459839977"/>
    <nd ref="626329516"/>
    <nd ref="648867887"/>
    <tag k="highway" v="tertiary"/>
    <tag k="lanes" v="1"/>
    <tag k="lit" v="yes"/>
    <tag k="maxspeed" v="60"/>
    <tag k="name" v="Миллионная улица"/>
    <tag k="name:uk" v="Мільйонна вулиця"/>
    <tag k="oneway" v="yes"/>
    <tag k="source:maxspeed" v="sign"/>
    <tag k="surface" v="asphalt"/>
    <tag k="wikidata" v="Q4293568"/>
    <tag k="wikipedia" v="ru:Миллионная улица (Москва)"/>
  </way>
  <way id="154363939" version="7" timestamp="2025-09-26T16:25:44Z" changeset="172494034" uid="363136" user="neo-plan">
    <nd ref="1669072919"/>
    <nd ref="5514979781"/>
    <nd ref="5853756194"/>
    <tag k="highway" v="footway"/>
    <tag k="lit" v="yes"/>
    <tag k="surface" v="asphalt"/>
  </way>
  <way id="154363957" version="4" timestamp="2018-03-30T07:56:42Z" changeset="57653919" uid="6217586" user="Dzertanoj">
    <nd ref="1670742253"/>
    <nd ref="1669072915"/>
    <nd ref="1669072897"/>
    <nd ref="1669072896"/>
    <nd ref="1669072895"/>
    <nd ref="1669072907"/>
    <nd ref="1669072909"/>
    <nd ref="1669072913"/>
    <nd ref="1669072919"/>
    <nd ref="1669072922"/>
    <tag k="highway" v="service"/>
    <tag k="lit" v="yes"/>
    <tag k="service" v="driveway"/>
    <tag k="surface" v="asphalt"/>
  </way>
  <way id="154363970" version="2" timestamp="2015-12-18T21:35:29Z" changeset="36036353" uid="397326" user="trolleway">
    <nd ref="1669072837"/>
    <nd ref="1669072836"/>
    <nd ref="1669072808"/>
    <nd ref="1669072810"/>
    <nd ref="1669072837"/>
    <tag k="addr:housenumber" v="4 с1"/>
    <tag k="addr:street" v="Наримановская улица"/>
    <tag k="building" v="yes"/>
    <tag k="source" v="Адресный реестр Москвы, data.mos.ru"/>
  </way>
  <way id="154363981" version="4" timestamp="2018-11-10T23:28:38Z" changeset="64364121" uid="334643" user="Steve_32">
    <nd ref="1669072865"/>
    <nd ref="5334710929"/>
    <nd ref="5334710941"/>
    <nd ref="1669072901"/>
    <nd ref="1669072902"/>
    <nd ref="5334710938"/>
    <nd ref="1669072866"/>
    <nd ref="1669072865"/>
    <tag k="building:levels" v="12"/>
    <tag k="building:part" v="apartments"/>
  </way>
  <way id="154363995" version="44" timestamp="2023-11-15T22:41:53Z" changeset="144071279" uid="1778799" user="SomeoneElse_Revert">
    <nd ref="1669072910"/>
    <nd ref="1669072885"/>
    <nd ref="1669072886"/>
    <nd ref="1669072883"/>
    <nd ref="1669072861"/>
    <nd ref="1669072906"/>
    <nd ref="5514979781"/>
    <nd ref="1669072921"/>
    <nd ref="1669072925"/>
    <nd ref="1669072915"/>
    <nd ref="1669072920"/>
    <nd ref="1669072910"/>
    <tag k="amenity" v="kindergarten"/>
    <tag k="barrier" v="fence"/>
    <tag k="fence_type" v="split_rail"/>
    <tag k="name" v="Детский сад №367"/>
  </way>
  <way id="154544712" version="5" timestamp="2018-08-27T14:25:30Z" changeset="62042113" uid="830106" user="literan">
    <nd ref="1670742270"/>
    <nd ref="5514941510"/>
    <nd ref="5861174953"/>
    <nd ref="5514941520"/>
    <nd ref="1670742275"/>
    <tag k="highway" v="service"/>
    <tag k="sidewalk" v="right"/>
    <tag k="surface" v="asphalt"/>
  </way>
  <way id="154544719" version="5" timestamp="2020-11-12T15:30:40Z" changeset="94005204" uid="396906" user="ghost_07">
    <nd ref="1670742274"/>
    <nd ref="8112054299"/>
    <nd ref="1704435945"/>
    <nd ref="1670742256"/>
    <nd ref="1670742266"/>
    <nd ref="1670742239"/>
    <nd ref="5514979782"/>
    <tag k="highway" v="service"/>
    <tag k="living_street" v="yes"/>
    <tag k="surface" v="asphalt"/>
  </way>
  <way id="154544721" version="6" timestamp="2025-10-03T07:56:47Z" changeset="172776950" uid="10129333" user="solenoid jam">
    <nd ref="5515807287"/>
    <nd ref="13190205709"/>
    <nd ref="1670742206"/>
    <nd ref="1670742224"/>
    <nd ref="5514979784"/>
    <nd ref="5514979783"/>
    <nd ref="2663128401"/>
    <tag k="highway" v="footway"/>
    <tag k="surface" v="asphalt"/>
  </way>
  <way id="155551257" version="6" timestamp="2020-11-12T15:30:40Z" changeset="94005204" uid="396906" user="ghost_07">
    <nd ref="3906008660"/>
    <nd ref="5528639211"/>
    <nd ref="5528639182"/>
    <nd ref="8112054276"/>
    <nd ref="1679406899"/>
    <tag k="highway" v="service"/>
    <tag k="living_street" v="yes"/>
    <tag k="surface" v="asphalt"/>
  </way>
  <way id="155551262" version="37" timestamp="2025-06-04T09:02:25Z" changeset="167165412" uid="5642897" user="Travieso">
    <nd ref="331333507"/>
    <nd ref="7997931015"/>
    <nd ref="1679406933"/>
    <tag k="highway" v="residential"/>
    <tag k="lit" v="yes"/>
    <tag k="name" v="Погонный проезд"/>
    <tag k="name:uk" v="Погонний проїзд"/>
    <tag k="old_name" v="проектируемый проезд № 6328"/>
    <tag k="surface" v="asphalt"/>
  </way>
  <way id="155551267" version="2" timestamp="2019-01-02T06:04:38Z" changeset="65949299" uid="6217586" user="Dzertanoj">
    <nd ref="1679406920"/>
    <nd ref="6177903079"/>
    <nd ref="1679406900"/>
    <tag k="highway" v="service"/>
    <tag k="living_street" v="yes"/>
    <tag k="surface" v="asphalt"/>
  </way>
  <way id="155551270" version="2" timestamp="2022-10-07T03:10:59Z" changeset="127127791" uid="10129333" user="solenoid jam">
    <nd ref="1679406901"/>
    <nd ref="1679406904"/>
    <nd ref="1679406915"/>
    <nd ref="1679406903"/>
    <nd ref="1679406901"/>
    <tag k="access" v="yes"/>
    <tag k="leisure" v="playground"/>
  </way>
  <way id="155551276" version="2" timestamp="2025-06-04T09:10:10Z" changeset="167165738" uid="5642897" user="Travieso">
    <nd ref="1679406913"/>
    <nd ref="1679406917"/>
    <nd ref="1679406929"/>
    <nd ref="1679406919"/>
    <nd ref="1679406913"/>
    <tag k="leisure" v="pitch"/>
    <tag k="lit" v="yes"/>
    <tag k="sport" v="multi"/>
  </way>
  <way id="155653655" version="2" timestamp="2025-06-04T09:17:27Z" changeset="167166690" uid="5642897" user="Travieso">
    <nd ref="1680472428"/>
    <nd ref="1680473131"/>
    <nd ref="1680472296"/>
    <nd ref="1680473332"/>
    <nd ref="1680472850"/>
    <tag k="check_date:surface" v="2025-06-04"/>
    <tag k="highway" v="service"/>
    <tag k="living_street" v="yes"/>
    <tag k="surface" v="asphalt"/>
  </way>
  <way id="155653664" version="2" timestamp="2015-12-18T21:30:30Z" changeset="36036284" uid="397326" user="trolleway">
    <nd ref="1680472647"/>
    <nd ref="1680473378"/>
    <nd ref="1680472813"/>
    <nd ref="1680472582"/>
    <nd ref="3898955353"/>
    <nd ref="1680472647"/>
    <tag k="addr:housenumber" v="15 к1 с1"/>
    <tag k="addr:street" v="Миллионная улица"/>
    <tag k="building" v="yes"/>
    <tag k="source" v="Адресный реестр Москвы, data.mos.ru"/>
  </way>
  <way id="155653665" version="1" timestamp="2012-03-18T18:40:08Z" changeset="11022512" uid="398817" user="ullus">
    <nd ref="1680472652"/>
    <nd ref="1680472202"/>
    <nd ref="1680473187"/>
    <tag k="highway" v="service"/>
    <tag k="living_street" v="yes"/>
    <tag k="surface" v="asphalt"/>
  </way>
  <way id="155653671" version="3" timestamp="2025-06-04T09:14:29Z" changeset="167166690" uid="5642897" user="Travieso">
    <nd ref="1680472998"/>
    <nd ref="1680472641"/>
    <nd ref="1680472539"/>
    <nd ref="1680473596"/>
    <nd ref="1704435957"/>
    <nd ref="1680472732"/>
    <tag k="check_date:surface" v="2025-06-04"/>
    <tag k="highway" v="service"/>
    <tag k="living_street" v="yes"/>
    <tag k="surface" v="asphalt"/>
  </way>
  <way id="155653684" version="1" timestamp="2012-03-18T18:40:11Z" changeset="11022512" uid="398817" user="ullus">
    <nd ref="1680472586"/>
    <nd ref="1680472340"/>
    <nd ref="1680472758"/>
    <nd ref="1680473618"/>
    <nd ref="1680472586"/>
    <tag k="amenity" v="parking"/>
  </way>
  <way id="155653694" version="2" timestamp="2023-12-21T09:38:34Z" changeset="145363280" uid="18826385" user="MarinaKuzko">
    <nd ref="1680473578"/>
    <nd ref="1680472927"/>
    <nd ref="1680473526"/>
    <nd ref="1680473634"/>
    <nd ref="1680473578"/>
    <tag k="addr:housenumber" v="13 с1"/>
    <tag k="addr:street" v="Наримановская улица"/>
    <tag k="building" v="service"/>
    <tag k="building:colour" v="white;blue"/>
    <tag k="building:levels" v="1"/>
    <tag k="building:material" v="brick"/>
    <tag k="roof:colour" v="grey"/>
    <tag k="roof:material" v="tar_paper"/>
    <tag k="roof:shape" v="flat"/>
  </way>
  <way id="155653738" version="3" timestamp="2025-06-04T09:17:25Z" changeset="167166690" uid="5642897" user="Travieso">
    <nd ref="1680472296"/>
    <nd ref="1704435963"/>
    <nd ref="1680472643"/>
    <tag k="check_date:surface" v="2025-06-04"/>
    <tag k="highway" v="service"/>
    <tag k="living_street" v="yes"/>
    <tag k="surface" v="asphalt"/>
  </way>
  <way id="155653749" version="2" timestamp="2023-12-20T12:28:31Z" changeset="145329241" uid="18826385" user="MarinaKuzko">
    <nd ref="1680473216"/>
    <nd ref="1680472929"/>
    <nd ref="1680473043"/>
    <nd ref="1680473635"/>
    <nd ref="1680472817"/>
    <nd ref="1680473385"/>
    <nd ref="1680473528"/>
    <nd ref="1680472454"/>
    <nd ref="1680473182"/>
    <nd ref="1680472181"/>
    <nd ref="1680472349"/>
    <nd ref="1680472760"/>
    <nd ref="1680473216"/>
    <tag k="addr:housenumber" v="15 к2"/>
    <tag k="addr:street" v="Миллионная улица"/>
    <tag k="building" v="apartments"/>
    <tag k="building:colour" v="yellow;pink"/>
    <tag k="building:levels" v="5"/>
    <tag k="building:material" v="brick"/>
    <tag k="roof:angle" v="30"/>
    <tag k="roof:colour" v="lightgrey"/>
    <tag k="roof:material" v="tar_paper"/>
    <tag k="roof:shape" v="hipped"/>
  </way>
  <way id="155653769" version="7" timestamp="2021-10-15T05:34:40Z" changeset="112527395" uid="10129333" user="solenoid jam">
    <nd ref="1680473391"/>
    <nd ref="3930920660"/>
    <nd ref="3930920659"/>
    <nd ref="1680473444"/>
    <nd ref="1680473601"/>
    <nd ref="3930920255"/>
    <nd ref="1680472555"/>
    <nd ref="5379332373"/>
    <nd ref="3930920256"/>
    <nd ref="3930920658"/>
    <nd ref="1680472291"/>
    <nd ref="3927923738"/>
    <nd ref="4951660078"/>
    <tag k="highway" v="service"/>
    <tag k="living_street" v="yes"/>
    <tag k="surface" v="asphalt"/>
  </way>
  <way id="155653770" version="1" timestamp="2012-03-18T18:40:20Z" changeset="11022512" uid="398817" user="ullus">
    <nd ref="1680473020"/>
    <nd ref="1680472792"/>
    <nd ref="1680473329"/>
    <nd ref="1680473450"/>
    <nd ref="1680473020"/>
    <tag k="leisure" v="playground"/>
  </way>
  <way id="155653783" version="3" timestamp="2022-09-21T16:01:53Z" changeset="126472001" uid="10129333" user="solenoid jam">
    <nd ref="1680473190"/>
    <nd ref="1680473039"/>
    <nd ref="1680473331"/>
    <tag k="highway" v="footway"/>
    <tag k="lit" v="yes"/>
    <tag k="surface" v="asphalt"/>
  </way>
  <way id="155653792" version="4" timestamp="2025-06-04T09:14:27Z" changeset="167165412" uid="5642897" user="Travieso">
    <nd ref="1680472612"/>
    <nd ref="3927977789"/>
    <nd ref="1680473225"/>
    <nd ref="1704435957"/>
    <nd ref="1704435961"/>
    <nd ref="1680473062"/>
    <nd ref="1680473654"/>
    <nd ref="1680472238"/>
    <nd ref="1680472680"/>
    <nd ref="1680473571"/>
    <tag k="highway" v="footway"/>
    <tag k="lit" v="yes"/>
    <tag k="surface" v="asphalt"/>
  </way>
  <way id="155653794" version="2" timestamp="2025-06-04T09:14:33Z" changeset="167165412" uid="5642897" user="Travieso">
    <nd ref="1680472850"/>
    <nd ref="1680472558"/>
    <nd ref="1680473603"/>
    <nd ref="1680473472"/>
    <tag k="highway" v="footway"/>
    <tag k="lit" v="yes"/>
    <tag k="surface" v="asphalt"/>
  </way>
  <way id="155653824" version="2" timestamp="2025-06-04T09:14:30Z" changeset="167165412" uid="5642897" user="Travieso">
    <nd ref="1680473131"/>
    <nd ref="1680473472"/>
    <tag k="highway" v="footway"/>
    <tag k="lit" v="yes"/>
    <tag k="surface" v="asphalt"/>
  </way>
  <way id="165542725" version="23" timestamp="2025-06-04T09:17:49Z" changeset="167165412" uid="5642897" user="Travieso">
    <nd ref="83409991"/>
    <nd ref="8112054301"/>
    <nd ref="3927923749"/>
    <nd ref="5514941500"/>
    <nd ref="83405137"/>
    <tag k="highway" v="tertiary"/>
    <tag k="lanes" v="1"/>
    <tag k="lit" v="yes"/>
    <tag k="maxspeed" v="60"/>
    <tag k="name" v="Миллионная улица"/>
    <tag k="name:uk" v="Мільйонна вулиця"/>
    <tag k="oneway" v="yes"/>
    <tag k="postal_code" v="107564"/>
    <tag k="source:maxspeed" v="sign"/>
    <tag k="surface" v="asphalt"/>
    <tag k="wikidata" v="Q4293568"/>
    <tag k="wikipedia" v="ru:Миллионная улица (Москва)"/>
  </way>
  <way id="165542726" version="43" timestamp="2023-09-17T00:03:52Z" changeset="141362337" uid="461130" user="Fizzie-DWG">
    <nd ref="65333773"/>
    <nd ref="267607866"/>
    <nd ref="1669072928"/>
    <nd ref="3657971145"/>
    <nd ref="267607867"/>
    <nd ref="1923788410"/>
    <nd ref="1679406899"/>
    <nd ref="267607868"/>
    <tag k="highway" v="residential"/>
    <tag k="lit" v="yes"/>
    <tag k="motor_vehicle" v="destination"/>
    <tag k="name" v="Погонный проезд"/>
    <tag k="name:uk" v="Погонний проїзд"/>
    <tag k="surface" v="asphalt"/>
  </way>
  <way id="182034383" version="48" timestamp="2025-06-04T09:07:16Z" changeset="167165412" uid="5642897" user="Travieso">
    <nd ref="1923788410"/>
    <nd ref="8112054269"/>
    <nd ref="5853756886"/>
    <nd ref="4069566475"/>
    <nd ref="4070291151"/>
    <nd ref="4070291152"/>
    <nd ref="4070291158"/>
    <nd ref="12428780279"/>
    <nd ref="1923788413"/>
    <tag k="highway" v="residential"/>
    <tag k="lanes" v="2"/>
    <tag k="lit" v="yes"/>
    <tag k="maxspeed" v="40"/>
    <tag k="name" v="проектируемый проезд № 6503"/>
    <tag k="name:uk" v="Проектований проїзд № 6503"/>
    <tag k="surface" v="asphalt"/>
  </way>
  <way id="187819798" version="5" timestamp="2024-06-07T15:09:29Z" changeset="152381077" uid="7714489" user="Spjasshka">
    <nd ref="1984672698"/>
    <nd ref="1984672701"/>
    <tag k="electrified" v="contact_line"/>
    <tag k="frequency" v="0"/>
    <tag k="gauge" v="1524"/>
    <tag k="maxspeed" v="15"/>
    <tag k="oneway" v="yes"/>
    <tag k="railway" v="tram"/>
    <tag k="railway:preferred_direction" v="forward"/>
    <tag k="service" v="siding"/>
    <tag k="usage" v="main"/>
    <tag k="voltage" v="600"/>
  </way>
  <way id="187819800" version="6" timestamp="2024-06-07T15:09:29Z" changeset="152381077" uid="7714489" user="Spjasshka">
    <nd ref="1984672689"/>
    <nd ref="1984672687"/>
    <nd ref="1984672673"/>
    <nd ref="1984672670"/>
    <nd ref="4739808704"/>
    <nd ref="1984672661"/>
    <nd ref="1984672619"/>
    <tag k="electrified" v="contact_line"/>
    <tag k="frequency" v="0"/>
    <tag k="gauge" v="1524"/>
    <tag k="maxspeed" v="10"/>
    <tag k="oneway" v="yes"/>
    <tag k="railway" v="tram"/>
    <tag k="railway:preferred_direction" v="forward"/>
    <tag k="service" v="siding"/>
    <tag k="usage" v="main"/>
    <tag k="voltage" v="600"/>
  </way>
  <way id="187819801" version="6" timestamp="2024-06-07T15:09:29Z" changeset="152381077" uid="7714489" user="Spjasshka">
    <nd ref="1984672701"/>
    <nd ref="1984672707"/>
    <nd ref="1984672730"/>
    <nd ref="8112054292"/>
    <nd ref="1984672745"/>
    <nd ref="1984672746"/>
    <nd ref="1984672747"/>
    <nd ref="1984672748"/>
    <nd ref="8112054291"/>
    <nd ref="1984653948"/>
    <tag k="electrified" v="contact_line"/>
    <tag k="frequency" v="0"/>
    <tag k="gauge" v="1524"/>
    <tag k="maxspeed" v="10"/>
    <tag k="oneway" v="yes"/>
    <tag k="railway" v="tram"/>
    <tag k="railway:preferred_direction" v="forward"/>
    <tag k="service" v="siding"/>
    <tag k="usage" v="main"/>
    <tag k="voltage" v="600"/>
  </way>
  <way id="187819802" version="6" timestamp="2024-06-07T15:09:29Z" changeset="152381077" uid="7714489" user="Spjasshka">
    <nd ref="1984672619"/>
    <nd ref="10581577789"/>
    <nd ref="1984672605"/>
    <nd ref="1984672596"/>
    <nd ref="1984672575"/>
    <nd ref="1984672572"/>
    <tag k="electrified" v="contact_line"/>
    <tag k="frequency" v="0"/>
    <tag k="gauge" v="1524"/>
    <tag k="maxspeed" v="15"/>
    <tag k="oneway" v="yes"/>
    <tag k="railway" v="tram"/>
    <tag k="railway:preferred_direction" v="forward"/>
    <tag k="service" v="siding"/>
    <tag k="usage" v="main"/>
    <tag k="voltage" v="600"/>
  </way>
  <way id="187819803" version="5" timestamp="2024-06-07T15:09:29Z" changeset="152381077" uid="7714489" user="Spjasshka">
    <nd ref="1984672701"/>
    <nd ref="1984672704"/>
    <nd ref="1984672710"/>
    <nd ref="1984672712"/>
    <nd ref="1984672718"/>
    <nd ref="1984672724"/>
    <nd ref="4739808705"/>
    <nd ref="1984672727"/>
    <nd ref="1984672721"/>
    <nd ref="1984672715"/>
    <tag k="electrified" v="contact_line"/>
    <tag k="frequency" v="0"/>
    <tag k="gauge" v="1524"/>
    <tag k="maxspeed" v="10"/>
    <tag k="oneway" v="yes"/>
    <tag k="railway" v="tram"/>
    <tag k="railway:preferred_direction" v="forward"/>
    <tag k="service" v="siding"/>
    <tag k="usage" v="main"/>
    <tag k="voltage" v="600"/>
  </way>
  <way id="187819804" version="6" timestamp="2024-06-07T15:09:29Z" changeset="152381077" uid="7714489" user="Spjasshka">
    <nd ref="1984653913"/>
    <nd ref="1984672574"/>
    <nd ref="1984672580"/>
    <nd ref="1984672586"/>
    <nd ref="1984672595"/>
    <nd ref="1984672592"/>
    <nd ref="1984672583"/>
    <nd ref="8112054298"/>
    <nd ref="1984672577"/>
    <nd ref="1984672572"/>
    <tag k="electrified" v="contact_line"/>
    <tag k="frequency" v="0"/>
    <tag k="gauge" v="1524"/>
    <tag k="maxspeed" v="15"/>
    <tag k="oneway" v="yes"/>
    <tag k="railway" v="tram"/>
    <tag k="railway:preferred_direction" v="forward"/>
    <tag k="service" v="siding"/>
    <tag k="usage" v="main"/>
    <tag k="voltage" v="600"/>
  </way>
  <way id="187819806" version="6" timestamp="2024-06-07T15:09:29Z" changeset="152381077" uid="7714489" user="Spjasshka">
    <nd ref="1984672619"/>
    <nd ref="648871856"/>
    <nd ref="11807718577"/>
    <nd ref="11807718576"/>
    <nd ref="11807718575"/>
    <nd ref="11807718574"/>
    <nd ref="11807718573"/>
    <nd ref="11807718572"/>
    <nd ref="11807718571"/>
    <nd ref="11807718570"/>
    <nd ref="1984672658"/>
    <nd ref="1984672664"/>
    <nd ref="1984672675"/>
    <nd ref="1984672688"/>
    <nd ref="1984672690"/>
    <nd ref="1984672692"/>
    <nd ref="1984672695"/>
    <nd ref="1984672698"/>
    <tag k="electrified" v="contact_line"/>
    <tag k="frequency" v="0"/>
    <tag k="gauge" v="1524"/>
    <tag k="maxspeed" v="15"/>
    <tag k="oneway" v="yes"/>
    <tag k="railway" v="tram"/>
    <tag k="railway:preferred_direction" v="forward"/>
    <tag k="railway:track_ref" v="2"/>
    <tag k="service" v="siding"/>
    <tag k="usage" v="main"/>
    <tag k="voltage" v="600"/>
  </way>
  <way id="187819807" version="7" timestamp="2024-06-07T15:09:29Z" changeset="152381077" uid="7714489" user="Spjasshka">
    <nd ref="1984672572"/>
    <nd ref="11807718569"/>
    <nd ref="11807701368"/>
    <nd ref="11807701367"/>
    <nd ref="11807701366"/>
    <nd ref="10581577790"/>
    <nd ref="1984672599"/>
    <nd ref="1984672602"/>
    <nd ref="1984672608"/>
    <nd ref="1984672614"/>
    <nd ref="1984672617"/>
    <nd ref="1984672639"/>
    <nd ref="1984672647"/>
    <nd ref="1984672655"/>
    <nd ref="1984672667"/>
    <nd ref="10581577791"/>
    <nd ref="1984672698"/>
    <tag k="electrified" v="contact_line"/>
    <tag k="frequency" v="0"/>
    <tag k="gauge" v="1524"/>
    <tag k="maxspeed" v="15"/>
    <tag k="oneway" v="yes"/>
    <tag k="railway" v="tram"/>
    <tag k="railway:preferred_direction" v="forward"/>
    <tag k="railway:track_ref" v="1"/>
    <tag k="service" v="siding"/>
    <tag k="usage" v="main"/>
    <tag k="voltage" v="600"/>
  </way>
  <way id="187820391" version="16" timestamp="2026-01-08T12:56:16Z" changeset="176983622" uid="830106" user="literan">
    <nd ref="8112054269"/>
    <nd ref="1984653977"/>
    <nd ref="1984653950"/>
    <nd ref="13439733933"/>
    <nd ref="1168846401"/>
    <nd ref="1984672715"/>
    <tag k="electrified" v="contact_line"/>
    <tag k="frequency" v="0"/>
    <tag k="gauge" v="1524"/>
    <tag k="maxspeed" v="60"/>
    <tag k="oneway" v="yes"/>
    <tag k="railway" v="tram"/>
    <tag k="railway:preferred_direction" v="forward"/>
    <tag k="usage" v="main"/>
    <tag k="voltage" v="600"/>
  </way>
  <way id="187990768" version="18" timestamp="2024-06-07T15:09:29Z" changeset="152381077" uid="7714489" user="Spjasshka">
    <nd ref="11962979407"/>
    <nd ref="1984653988"/>
    <nd ref="8112054277"/>
    <nd ref="1984653992"/>
    <nd ref="1984653995"/>
    <nd ref="1984654006"/>
    <nd ref="1984653783"/>
    <tag k="electrified" v="contact_line"/>
    <tag k="frequency" v="0"/>
    <tag k="gauge" v="1524"/>
    <tag k="maxspeed" v="25"/>
    <tag k="oneway" v="yes"/>
    <tag k="railway" v="tram"/>
    <tag k="railway:preferred_direction" v="forward"/>
    <tag k="usage" v="main"/>
    <tag k="voltage" v="600"/>
  </way>
  <way id="200591886" version="10" timestamp="2023-02-14T19:04:57Z" changeset="132550985" uid="12947635" user="Руслан Т">
    <nd ref="10659002322"/>
    <nd ref="10659002316"/>
    <nd ref="10659002320"/>
    <nd ref="10659002317"/>
    <nd ref="10659002318"/>
    <nd ref="10659000274"/>
    <nd ref="2105616985"/>
    <nd ref="2105616992"/>
    <tag k="barrier" v="fence"/>
  </way>
  <way id="229252519" version="5" timestamp="2023-08-25T13:13:24Z" changeset="140372443" uid="11978982" user="mappinglander">
    <nd ref="2378754168"/>
    <nd ref="2378754166"/>
    <nd ref="2378754161"/>
    <nd ref="2378754155"/>
    <nd ref="2378754149"/>
    <nd ref="2378754143"/>
    <nd ref="2378754141"/>
    <nd ref="2378754153"/>
    <nd ref="2378754157"/>
    <nd ref="2378754159"/>
    <nd ref="2378754164"/>
    <nd ref="2378754168"/>
    <tag k="landuse" v="grass"/>
  </way>
  <way id="229252520" version="5" timestamp="2023-11-13T10:12:27Z" changeset="143963473" uid="371263" user="augxcgrwxo">
    <nd ref="2378754145"/>
    <nd ref="2378754147"/>
    <nd ref="2378754151"/>
    <nd ref="2378754153"/>
    <nd ref="2378754141"/>
    <nd ref="2378754137"/>
    <nd ref="2378754130"/>
    <nd ref="2378754135"/>
    <nd ref="2378754139"/>
    <nd ref="2378754145"/>
    <tag k="access" v="yes"/>
    <tag k="amenity" v="parking"/>
    <tag k="fee" v="no"/>
    <tag k="parking" v="surface"/>
  </way>
  <way id="260748873" version="4" timestamp="2018-03-30T07:56:42Z" changeset="57653919" uid="6217586" user="Dzertanoj">
    <nd ref="2663128400"/>
    <nd ref="2663132733"/>
    <nd ref="5515807301"/>
    <nd ref="2663128401"/>
    <tag k="highway" v="service"/>
    <tag k="oneway" v="no"/>
    <tag k="surface" v="asphalt"/>
  </way>
  <way id="361301732" version="6" timestamp="2025-06-04T09:08:21Z" changeset="167166690" uid="5642897" user="Travieso">
    <nd ref="3657971145"/>
    <nd ref="8112054277"/>
    <nd ref="5528639183"/>
    <nd ref="5528639199"/>
    <nd ref="3906008659"/>
    <nd ref="5528639190"/>
    <nd ref="5528639198"/>
    <nd ref="3657971144"/>
    <nd ref="5528639197"/>
    <nd ref="5528639196"/>
    <nd ref="5528639195"/>
    <nd ref="5528639194"/>
    <nd ref="5528639193"/>
    <nd ref="5528639192"/>
    <nd ref="5528639215"/>
    <nd ref="4966852934"/>
    <nd ref="302849998"/>
    <tag k="highway" v="service"/>
    <tag k="living_street" v="yes"/>
    <tag k="surface" v="asphalt"/>
  </way>
  <way id="363127247" version="3" timestamp="2018-01-12T19:26:06Z" changeset="55389546" uid="6217586" user="Dzertanoj">
    <nd ref="3673248153"/>
    <nd ref="5335508396"/>
    <nd ref="3673248154"/>
    <nd ref="3673248152"/>
    <nd ref="3673248151"/>
    <nd ref="3673248153"/>
    <tag k="addr:housenumber" v="6"/>
    <tag k="addr:street" v="Наримановская улица"/>
    <tag k="building" v="service"/>
    <tag k="building:levels" v="1"/>
    <tag k="pipeline" v="substation"/>
    <tag k="source" v="Адресный реестр Москвы, data.mos.ru"/>
    <tag k="substance" v="heat"/>
  </way>
  <way id="386557381" version="1" timestamp="2015-12-18T21:35:25Z" changeset="36036353" uid="397326" user="trolleway">
    <nd ref="3898961749"/>
    <nd ref="3898961748"/>
    <nd ref="3898961747"/>
    <nd ref="3898961746"/>
    <nd ref="3898961745"/>
    <nd ref="3898961743"/>
    <nd ref="3898961749"/>
    <tag k="addr:housenumber" v="4 с5"/>
    <tag k="addr:street" v="Наримановская улица"/>
    <tag k="building" v="yes"/>
    <tag k="source" v="Адресный реестр Москвы, data.mos.ru"/>
  </way>
  <way id="386557382" version="1" timestamp="2015-12-18T21:35:25Z" changeset="36036353" uid="397326" user="trolleway">
    <nd ref="3898964148"/>
    <nd ref="3898964151"/>
    <nd ref="3898964152"/>
    <nd ref="3898961744"/>
    <nd ref="3898964150"/>
    <nd ref="3898964149"/>
    <nd ref="3898964146"/>
    <nd ref="3898961742"/>
    <nd ref="3898961741"/>
    <nd ref="3898964145"/>
    <nd ref="3898964147"/>
    <nd ref="3898964148"/>
    <tag k="addr:housenumber" v="4 с6"/>
    <tag k="addr:street" v="Наримановская улица"/>
    <tag k="building" v="yes"/>
    <tag k="source" v="Адресный реестр Москвы, data.mos.ru"/>
  </way>
  <way id="387293047" version="3" timestamp="2022-10-07T03:11:03Z" changeset="127127787" uid="10129333" user="solenoid jam">
    <nd ref="3906008355"/>
    <nd ref="3906008353"/>
    <tag k="highway" v="service"/>
    <tag k="living_street" v="yes"/>
    <tag k="surface" v="asphalt"/>
  </way>
  <way id="387293052" version="3" timestamp="2022-10-07T03:11:01Z" changeset="127127787" uid="10129333" user="solenoid jam">
    <nd ref="3906008352"/>
    <nd ref="3906008355"/>
    <nd ref="3906008658"/>
    <tag k="highway" v="service"/>
    <tag k="living_street" v="yes"/>
    <tag k="surface" v="asphalt"/>
  </way>
  <way id="389630943" version="4" timestamp="2025-06-04T09:14:25Z" changeset="167165412" uid="5642897" user="Travieso">
    <nd ref="1680472377"/>
    <nd ref="4127594133"/>
    <nd ref="10719036682"/>
    <nd ref="1680472612"/>
    <tag k="highway" v="footway"/>
    <tag k="lit" v="yes"/>
    <tag k="surface" v="asphalt"/>
  </way>
  <way id="389630944" version="3" timestamp="2023-03-03T20:43:00Z" changeset="133269722" uid="2055718" user="Bobropiton">
    <nd ref="1680472595"/>
    <nd ref="10707781441"/>
    <nd ref="1680472941"/>
    <nd ref="3927977782"/>
    <nd ref="1680472377"/>
    <tag k="highway" v="footway"/>
    <tag k="lit" v="yes"/>
    <tag k="surface" v="asphalt"/>
  </way>
  <way id="389630946" version="2" timestamp="2025-06-04T09:02:31Z" changeset="167165412" uid="5642897" user="Travieso">
    <nd ref="1680473571"/>
    <nd ref="1680472485"/>
    <nd ref="1704435963"/>
    <nd ref="1680472595"/>
    <tag k="highway" v="footway"/>
    <tag k="lit" v="yes"/>
    <tag k="surface" v="asphalt"/>
  </way>
  <way id="389932740" version="3" timestamp="2017-08-05T07:23:34Z" changeset="50855937" uid="2561994" user="Nimesis">
    <nd ref="1680472824"/>
    <nd ref="5015902547"/>
    <nd ref="1680472939"/>
    <nd ref="3931512111"/>
    <nd ref="1680473627"/>
    <nd ref="1680473545"/>
    <tag k="highway" v="service"/>
    <tag k="living_street" v="yes"/>
    <tag k="surface" v="asphalt"/>
  </way>
  <way id="389994096" version="3" timestamp="2024-10-29T18:17:08Z" changeset="158510984" uid="830106" user="literan">
    <nd ref="3931512110"/>
    <nd ref="12145091814"/>
    <nd ref="1680473545"/>
    <tag k="highway" v="service"/>
    <tag k="living_street" v="yes"/>
  </way>
  <way id="389994097" version="3" timestamp="2024-08-29T22:35:12Z" changeset="155949911" uid="21701055" user="mikhalind">
    <nd ref="1680473187"/>
    <nd ref="5379332539"/>
    <nd ref="12145091813"/>
    <nd ref="1680473391"/>
    <tag k="highway" v="service"/>
    <tag k="living_street" v="yes"/>
    <tag k="surface" v="asphalt"/>
  </way>
  <way id="389994099" version="1" timestamp="2016-01-07T03:10:05Z" changeset="36416838" uid="403870" user="BushmanK">
    <nd ref="1680473545"/>
    <nd ref="1680472762"/>
    <nd ref="1680473187"/>
    <tag k="highway" v="footway"/>
  </way>
  <way id="411021199" version="2" timestamp="2025-06-04T09:14:23Z" changeset="167165412" uid="5642897" user="Travieso">
    <nd ref="4127594135"/>
    <nd ref="4127594133"/>
    <tag k="highway" v="footway"/>
    <tag k="lit" v="yes"/>
  </way>
  <way id="411021201" version="2" timestamp="2025-06-04T09:14:32Z" changeset="167165412" uid="5642897" user="Travieso">
    <nd ref="1680472941"/>
    <nd ref="4127594135"/>
    <nd ref="1680472428"/>
    <tag k="highway" v="footway"/>
    <tag k="lit" v="yes"/>
  </way>
  <way id="438845802" version="1" timestamp="2016-08-24T14:57:01Z" changeset="41665432" uid="1376112" user="bigest">
    <nd ref="4364976614"/>
    <nd ref="4364976609"/>
    <nd ref="4364976616"/>
    <nd ref="4364976612"/>
    <nd ref="4364976615"/>
    <nd ref="4364976617"/>
    <nd ref="4364976610"/>
    <nd ref="4364976611"/>
    <nd ref="4364976614"/>
    <tag k="access" v="private"/>
    <tag k="amenity" v="parking"/>
    <tag k="barrier" v="fence"/>
    <tag k="supervised" v="no"/>
  </way>
  <way id="504267186" version="3" timestamp="2025-05-19T12:45:30Z" changeset="166474667" uid="18586674" user="RRIbarruri">
    <nd ref="4944420538"/>
    <nd ref="4944420539"/>
    <nd ref="4944420540"/>
    <nd ref="4944420541"/>
    <nd ref="4944420538"/>
    <tag k="addr:housenumber" v="2 с1"/>
    <tag k="addr:street" v="Погонный проезд"/>
    <tag k="building" v="service"/>
    <tag k="building:colour" v="white"/>
    <tag k="building:levels" v="1"/>
    <tag k="building:material" v="brick"/>
    <tag k="roof:colour" v="grey"/>
    <tag k="roof:material" v="tar_paper"/>
    <tag k="roof:shape" v="flat"/>
  </way>
  <way id="505145810" version="2" timestamp="2018-01-12T19:26:06Z" changeset="55389546" uid="6217586" user="Dzertanoj">
    <nd ref="5335508405"/>
    <nd ref="4951660091"/>
    <nd ref="4951660092"/>
    <nd ref="4951660093"/>
    <nd ref="4951660094"/>
    <nd ref="4951660095"/>
    <nd ref="4951660096"/>
    <tag k="barrier" v="wall"/>
  </way>
  <way id="507095321" version="3" timestamp="2018-08-24T13:34:25Z" changeset="61959244" uid="830106" user="literan">
    <nd ref="5528639187"/>
    <nd ref="4966852925"/>
    <nd ref="4966852926"/>
    <nd ref="4966852927"/>
    <nd ref="4966852928"/>
    <nd ref="4966852929"/>
    <nd ref="4966852930"/>
    <nd ref="4966852931"/>
    <nd ref="4966852932"/>
    <nd ref="5528639213"/>
    <nd ref="5528639214"/>
    <nd ref="5528639215"/>
    <tag k="highway" v="path"/>
  </way>
  <way id="507095322" version="6" timestamp="2025-06-04T09:09:11Z" changeset="167165877" uid="5642897" user="Travieso">
    <nd ref="4966852933"/>
    <nd ref="5015902533"/>
    <nd ref="5528639209"/>
    <nd ref="5528639210"/>
    <nd ref="4966852934"/>
    <nd ref="5529025755"/>
    <nd ref="4966852935"/>
    <tag k="footway" v="sidewalk"/>
    <tag k="highway" v="footway"/>
    <tag k="lit" v="yes"/>
    <tag k="surface" v="asphalt"/>
  </way>
  <way id="513020214" version="5" timestamp="2025-09-26T16:25:44Z" changeset="172494034" uid="363136" user="neo-plan">
    <nd ref="5015902539"/>
    <nd ref="5015902538"/>
    <nd ref="5015902542"/>
    <nd ref="5015902537"/>
    <nd ref="5015902536"/>
    <nd ref="10659187584"/>
    <nd ref="5015902535"/>
    <nd ref="5015902534"/>
    <tag k="highway" v="footway"/>
    <tag k="lit" v="yes"/>
    <tag k="surface" v="asphalt"/>
  </way>
  <way id="513020216" version="11" timestamp="2025-12-09T11:06:05Z" changeset="175707764" uid="564990" user="mavl">
    <nd ref="5015902550"/>
    <nd ref="5015902551"/>
    <nd ref="13173807557"/>
    <nd ref="5015902552"/>
    <nd ref="5015902553"/>
    <nd ref="5015902554"/>
    <nd ref="5015902555"/>
    <nd ref="5015902556"/>
    <nd ref="13173804718"/>
    <nd ref="5015902557"/>
    <nd ref="5015902558"/>
    <nd ref="13173804713"/>
    <nd ref="13173804710"/>
    <nd ref="5015902559"/>
    <nd ref="13173804716"/>
    <nd ref="6503277787"/>
    <nd ref="5015902560"/>
    <nd ref="12066416640"/>
    <nd ref="5015902564"/>
    <nd ref="12066416636"/>
    <nd ref="5015902563"/>
    <tag k="highway" v="footway"/>
    <tag k="lit" v="yes"/>
  </way>
  <way id="514205352" version="4" timestamp="2021-09-03T13:26:55Z" changeset="110679086" uid="14043212" user="weary_cynic">
    <nd ref="5024176857"/>
    <nd ref="5024176853"/>
    <nd ref="5516752535"/>
    <nd ref="9060327860"/>
    <nd ref="8112054295"/>
    <nd ref="5024176859"/>
    <tag k="highway" v="service"/>
    <tag k="living_street" v="yes"/>
    <tag k="service" v="driveway"/>
  </way>
  <way id="552548036" version="4" timestamp="2023-02-14T19:22:46Z" changeset="132551518" uid="12947635" user="Руслан Т">
    <nd ref="10659000263"/>
    <nd ref="10659000294"/>
    <nd ref="10659000261"/>
    <nd ref="10659000293"/>
    <nd ref="10659000291"/>
    <nd ref="10659000259"/>
    <nd ref="10659000260"/>
    <nd ref="10659000292"/>
    <nd ref="10659000262"/>
    <nd ref="10659000258"/>
    <nd ref="10659000257"/>
    <nd ref="10659000289"/>
    <nd ref="10659000290"/>
    <nd ref="10659000254"/>
    <nd ref="10659000255"/>
    <nd ref="10659000288"/>
    <nd ref="10659000256"/>
    <nd ref="5015902543"/>
    <tag k="highway" v="footway"/>
    <tag k="surface" v="paving_stones"/>
  </way>
  <way id="552548040" version="4" timestamp="2023-02-14T19:22:46Z" changeset="132551518" uid="12947635" user="Руслан Т">
    <nd ref="10659000274"/>
    <nd ref="10659000281"/>
    <nd ref="10659000280"/>
    <nd ref="10659000279"/>
    <nd ref="10659000278"/>
    <nd ref="10659000282"/>
    <nd ref="10659000298"/>
    <nd ref="10659000273"/>
    <nd ref="10659000299"/>
    <nd ref="10659000302"/>
    <nd ref="10659000300"/>
    <nd ref="10659000295"/>
    <nd ref="10659000301"/>
    <nd ref="10659000296"/>
    <nd ref="10659000297"/>
    <nd ref="10659000277"/>
    <nd ref="10659000304"/>
    <nd ref="10659000275"/>
    <tag k="access" v="private"/>
    <tag k="highway" v="service"/>
    <tag k="living_street" v="yes"/>
    <tag k="surface" v="asphalt"/>
  </way>
  <way id="552548042" version="4" timestamp="2023-02-14T19:22:46Z" changeset="132551518" uid="12947635" user="Руслан Т">
    <nd ref="10659000269"/>
    <nd ref="10659000263"/>
    <nd ref="10659000268"/>
    <tag k="highway" v="service"/>
    <tag k="living_street" v="yes"/>
    <tag k="service" v="parking_aisle"/>
    <tag k="surface" v="asphalt"/>
  </way>
  <way id="552548043" version="2" timestamp="2023-02-14T19:04:57Z" changeset="132550985" uid="12947635" user="Руслан Т">
    <nd ref="5334698646"/>
    <nd ref="5334698647"/>
    <nd ref="5334698648"/>
    <nd ref="5334698645"/>
  </way>
  <way id="552549776" version="2" timestamp="2023-12-21T09:38:34Z" changeset="145363280" uid="18826385" user="MarinaKuzko">
    <nd ref="5334710929"/>
    <nd ref="5334710930"/>
    <nd ref="5334710942"/>
    <nd ref="5334710931"/>
    <nd ref="5334710932"/>
    <nd ref="5334710933"/>
    <nd ref="5334710943"/>
    <nd ref="5334710934"/>
    <nd ref="5334710935"/>
    <nd ref="5334710936"/>
    <nd ref="5334710937"/>
    <nd ref="5334710938"/>
    <nd ref="1669072866"/>
    <nd ref="1669072865"/>
    <nd ref="5334710929"/>
    <tag k="building:levels" v="1"/>
    <tag k="building:part" v="commercial"/>
    <tag k="roof:colour" v="grey"/>
    <tag k="roof:material" v="tar_paper"/>
    <tag k="roof:shape" v="flat"/>
  </way>
  <way id="552549779" version="3" timestamp="2023-12-21T09:38:34Z" changeset="145363280" uid="18826385" user="MarinaKuzko">
    <nd ref="1669072901"/>
    <nd ref="1669072902"/>
    <nd ref="5334710938"/>
    <nd ref="5334710937"/>
    <nd ref="5334710936"/>
    <nd ref="5334710935"/>
    <nd ref="5334710934"/>
    <nd ref="5334710943"/>
    <nd ref="5334710933"/>
    <nd ref="5334710932"/>
    <nd ref="5334710931"/>
    <nd ref="5334710942"/>
    <nd ref="5334710930"/>
    <nd ref="5334710929"/>
    <nd ref="5334710941"/>
    <nd ref="1669072901"/>
    <tag k="addr:housenumber" v="13"/>
    <tag k="addr:street" v="Наримановская улица"/>
    <tag k="building" v="apartments"/>
    <tag k="building:colour" v="white;grey"/>
    <tag k="building:flats" v="80"/>
    <tag k="building:levels" v="12"/>
    <tag k="design:ref" v="II-18-21/12"/>
    <tag k="start_date" v="1968"/>
  </way>
  <way id="552549781" version="1" timestamp="2018-01-12T10:07:44Z" changeset="55375557" uid="6217586" user="Dzertanoj">
    <nd ref="5334710932"/>
    <nd ref="5334710939"/>
    <tag k="barrier" v="wall"/>
  </way>
  <way id="552549783" version="1" timestamp="2018-01-12T10:07:44Z" changeset="55375557" uid="6217586" user="Dzertanoj">
    <nd ref="5334710935"/>
    <nd ref="5334710940"/>
    <tag k="barrier" v="wall"/>
  </way>
  <way id="552658424" version="1" timestamp="2018-01-12T19:26:05Z" changeset="55389546" uid="6217586" user="Dzertanoj">
    <nd ref="1669072810"/>
    <nd ref="1669072796"/>
    <tag k="barrier" v="wall"/>
  </way>
  <way id="552658425" version="1" timestamp="2018-01-12T19:26:06Z" changeset="55389546" uid="6217586" user="Dzertanoj">
    <nd ref="1669072836"/>
    <nd ref="5335508394"/>
    <nd ref="5335508395"/>
    <nd ref="5335508396"/>
    <tag k="barrier" v="wall"/>
  </way>
  <way id="557801506" version="2" timestamp="2021-10-15T05:34:40Z" changeset="112527395" uid="10129333" user="solenoid jam">
    <nd ref="5379332304"/>
    <nd ref="9173726551"/>
    <nd ref="9173726552"/>
    <nd ref="5379332305"/>
    <nd ref="5379332314"/>
    <nd ref="5379332315"/>
    <nd ref="5379332316"/>
    <nd ref="5379332317"/>
    <nd ref="5379332322"/>
    <nd ref="5379332306"/>
    <nd ref="5379332307"/>
    <nd ref="5379332308"/>
    <nd ref="5379332309"/>
    <nd ref="5379332310"/>
    <nd ref="5379332311"/>
    <nd ref="4085807008"/>
    <nd ref="5379332312"/>
    <nd ref="5379332313"/>
    <nd ref="5379332304"/>
    <tag k="landuse" v="grass"/>
    <tag k="leisure" v="playground"/>
  </way>
  <way id="557801509" version="2" timestamp="2021-10-15T05:34:40Z" changeset="112527395" uid="10129333" user="solenoid jam">
    <nd ref="5379332318"/>
    <nd ref="9173726553"/>
    <nd ref="5379332320"/>
    <nd ref="5379332321"/>
    <nd ref="9173726554"/>
    <nd ref="5379332323"/>
    <nd ref="5379332318"/>
    <tag k="amenity" v="parking"/>
  </way>
  <way id="557801543" version="4" timestamp="2023-05-28T10:47:45Z" changeset="136651709" uid="8691385" user="nedforik">
    <nd ref="5379332537"/>
    <nd ref="5379332538"/>
    <nd ref="5379332539"/>
    <tag k="highway" v="footway"/>
    <tag k="lit" v="no"/>
    <tag k="smoothness" v="good"/>
    <tag k="surface" v="asphalt"/>
  </way>
  <way id="557801544" version="5" timestamp="2024-08-29T22:35:12Z" changeset="155949911" uid="21701055" user="mikhalind">
    <nd ref="5379332538"/>
    <nd ref="12145091812"/>
    <nd ref="5379332540"/>
    <tag k="highway" v="footway"/>
    <tag k="lit" v="no"/>
    <tag k="smoothness" v="good"/>
    <tag k="surface" v="asphalt"/>
  </way>
  <way id="574587638" version="4" timestamp="2024-10-29T18:17:08Z" changeset="158510984" uid="830106" user="literan">
    <nd ref="5514928233"/>
    <nd ref="5528639218"/>
    <nd ref="5538381727"/>
    <nd ref="5514928234"/>
    <nd ref="5514928235"/>
    <nd ref="5514928236"/>
    <nd ref="5514928239"/>
    <nd ref="5514928237"/>
    <tag k="highway" v="service"/>
  </way>
  <way id="574587639" version="4" timestamp="2024-10-29T18:17:08Z" changeset="158510984" uid="830106" user="literan">
    <nd ref="5514928237"/>
    <nd ref="5538381730"/>
    <nd ref="5528639217"/>
    <nd ref="5514928238"/>
    <tag k="highway" v="service"/>
  </way>
  <way id="574587640" version="1" timestamp="2018-03-29T19:25:09Z" changeset="57643368" uid="6217586" user="Dzertanoj">
    <nd ref="5514928239"/>
    <nd ref="5514928240"/>
    <tag k="highway" v="footway"/>
  </way>
  <way id="574587648" version="2" timestamp="2024-10-29T18:17:08Z" changeset="158510984" uid="830106" user="literan">
    <nd ref="5514928287"/>
    <nd ref="5514928288"/>
    <nd ref="5514928293"/>
    <nd ref="5514928289"/>
    <nd ref="5514928295"/>
    <nd ref="5514928296"/>
    <nd ref="1680473545"/>
    <tag k="highway" v="service"/>
    <tag k="living_street" v="yes"/>
  </way>
  <way id="574587649" version="1" timestamp="2018-03-29T19:25:10Z" changeset="57643368" uid="6217586" user="Dzertanoj">
    <nd ref="5514928293"/>
    <nd ref="5514928294"/>
    <nd ref="5514928290"/>
    <tag k="highway" v="footway"/>
  </way>
  <way id="574587650" version="1" timestamp="2018-03-29T19:25:10Z" changeset="57643368" uid="6217586" user="Dzertanoj">
    <nd ref="5514928295"/>
    <nd ref="5514928291"/>
    <tag k="highway" v="footway"/>
  </way>
  <way id="574587651" version="1" timestamp="2018-03-29T19:25:10Z" changeset="57643368" uid="6217586" user="Dzertanoj">
    <nd ref="5514928292"/>
    <nd ref="5514928296"/>
    <tag k="highway" v="footway"/>
  </way>
  <way id="574589672" version="1" timestamp="2018-03-29T19:35:22Z" changeset="57643638" uid="6217586" user="Dzertanoj">
    <nd ref="1669072927"/>
    <nd ref="5514941512"/>
    <nd ref="5514941510"/>
    <tag k="highway" v="footway"/>
  </way>
  <way id="574589673" version="2" timestamp="2018-08-27T14:25:32Z" changeset="62042113" uid="830106" user="literan">
    <nd ref="5514941511"/>
    <nd ref="5514941512"/>
    <nd ref="5514941513"/>
    <nd ref="5861174954"/>
    <nd ref="5861174953"/>
    <tag k="highway" v="footway"/>
  </way>
  <way id="574589674" version="9" timestamp="2025-09-26T16:25:44Z" changeset="172494034" uid="363136" user="neo-plan">
    <nd ref="1669072927"/>
    <nd ref="10707781442"/>
    <nd ref="5514941515"/>
    <nd ref="5514941516"/>
    <nd ref="5514941517"/>
    <nd ref="5861174948"/>
    <nd ref="5514941518"/>
    <nd ref="5015902539"/>
    <nd ref="5514941519"/>
    <nd ref="5514941514"/>
    <nd ref="5514941520"/>
    <nd ref="5853756195"/>
    <nd ref="5853756196"/>
    <nd ref="5853756194"/>
    <nd ref="5853756198"/>
    <nd ref="5853756199"/>
    <nd ref="13173807559"/>
    <nd ref="5853756201"/>
    <tag k="footway" v="sidewalk"/>
    <tag k="highway" v="footway"/>
    <tag k="surface" v="asphalt"/>
  </way>
  <way id="574595649" version="2" timestamp="2020-11-12T15:30:40Z" changeset="94005204" uid="396906" user="ghost_07">
    <nd ref="1670742253"/>
    <nd ref="5514979782"/>
    <nd ref="1704435948"/>
    <nd ref="8112054300"/>
    <nd ref="1459839987"/>
    <tag k="highway" v="service"/>
    <tag k="service" v="alley"/>
    <tag k="surface" v="asphalt"/>
  </way>
  <way id="574595650" version="1" timestamp="2018-03-29T19:53:06Z" changeset="57644208" uid="6217586" user="Dzertanoj">
    <nd ref="5514979782"/>
    <nd ref="1670742270"/>
    <nd ref="5514941511"/>
    <nd ref="1670742278"/>
    <tag k="highway" v="footway"/>
    <tag k="surface" v="asphalt"/>
  </way>
  <way id="574595651" version="1" timestamp="2018-03-29T19:53:06Z" changeset="57644208" uid="6217586" user="Dzertanoj">
    <nd ref="2663128401"/>
    <nd ref="5514979780"/>
    <nd ref="5514979782"/>
    <tag k="highway" v="service"/>
    <tag k="service" v="driveway"/>
    <tag k="surface" v="asphalt"/>
  </way>
  <way id="574694365" version="4" timestamp="2022-09-21T16:01:53Z" changeset="126472001" uid="10129333" user="solenoid jam">
    <nd ref="1680473190"/>
    <nd ref="1680472685"/>
    <nd ref="5853756199"/>
    <nd ref="1680473582"/>
    <tag k="highway" v="service"/>
    <tag k="living_street" v="yes"/>
    <tag k="service" v="driveway"/>
    <tag k="surface" v="asphalt"/>
  </way>
  <way id="574694369" version="3" timestamp="2025-09-26T16:25:44Z" changeset="172494034" uid="363136" user="neo-plan">
    <nd ref="5853756898"/>
    <nd ref="5515807312"/>
    <nd ref="5853756194"/>
    <tag k="footway" v="crossing"/>
    <tag k="highway" v="footway"/>
  </way>
  <way id="574812149" version="2" timestamp="2024-02-19T08:32:25Z" changeset="147639015" uid="18826385" user="MarinaKuzko">
    <nd ref="5516728743"/>
    <nd ref="5516728744"/>
    <nd ref="5516728745"/>
    <nd ref="5516728746"/>
    <nd ref="5516728743"/>
    <tag k="addr:housenumber" v="14 c3"/>
    <tag k="addr:street" v="Миллионная улица"/>
    <tag k="building" v="retail"/>
    <tag k="building:colour" v="white;red"/>
    <tag k="building:levels" v="1"/>
    <tag k="building:material" v="metal_plates"/>
    <tag k="roof:colour" v="grey"/>
    <tag k="roof:material" v="tar_paper"/>
    <tag k="roof:shape" v="flat"/>
  </way>
  <way id="576421371" version="5" timestamp="2025-06-04T09:08:05Z" changeset="167165412" uid="5642897" user="Travieso">
    <nd ref="5528639182"/>
    <nd ref="5528639187"/>
    <nd ref="5528639183"/>
    <nd ref="5528639184"/>
    <nd ref="5528639200"/>
    <nd ref="5528639185"/>
    <nd ref="10881523402"/>
    <nd ref="5529025754"/>
    <nd ref="5528639186"/>
    <tag k="footway" v="sidewalk"/>
    <tag k="highway" v="footway"/>
    <tag k="lit" v="yes"/>
    <tag k="surface" v="asphalt"/>
  </way>
  <way id="576421373" version="3" timestamp="2025-06-04T09:08:46Z" changeset="167165877" uid="5642897" user="Travieso">
    <nd ref="5528639187"/>
    <nd ref="5528639188"/>
    <nd ref="5528639189"/>
    <nd ref="5528639190"/>
    <tag k="highway" v="footway"/>
    <tag k="lit" v="yes"/>
    <tag k="surface" v="asphalt"/>
  </way>
  <way id="576421391" version="3" timestamp="2025-06-04T09:09:13Z" changeset="167165877" uid="5642897" user="Travieso">
    <nd ref="4966852926"/>
    <nd ref="5528639203"/>
    <nd ref="5528639204"/>
    <nd ref="4966852932"/>
    <nd ref="5528639210"/>
    <tag k="highway" v="footway"/>
    <tag k="lit" v="yes"/>
    <tag k="surface" v="asphalt"/>
  </way>
  <way id="576421392" version="2" timestamp="2022-10-07T03:10:57Z" changeset="127127791" uid="10129333" user="solenoid jam">
    <nd ref="5528639205"/>
    <nd ref="5528639206"/>
    <nd ref="5528639207"/>
    <nd ref="5528639208"/>
    <nd ref="5528639205"/>
    <tag k="access" v="yes"/>
    <tag k="leisure" v="playground"/>
  </way>
  <way id="576421393" version="3" timestamp="2025-06-04T09:09:19Z" changeset="167165877" uid="5642897" user="Travieso">
    <nd ref="5528639209"/>
    <nd ref="3906008660"/>
    <tag k="highway" v="footway"/>
    <tag k="lit" v="yes"/>
    <tag k="surface" v="asphalt"/>
  </way>
  <way id="576421394" version="3" timestamp="2025-06-04T09:09:15Z" changeset="167165877" uid="5642897" user="Travieso">
    <nd ref="5528639211"/>
    <nd ref="5528639212"/>
    <nd ref="5528639210"/>
    <tag k="highway" v="footway"/>
    <tag k="lit" v="yes"/>
    <tag k="surface" v="asphalt"/>
  </way>
  <way id="576421395" version="2" timestamp="2024-08-29T22:35:12Z" changeset="155949911" uid="21701055" user="mikhalind">
    <nd ref="5528639217"/>
    <nd ref="5528639218"/>
    <nd ref="5528640522"/>
    <nd ref="5528639219"/>
    <nd ref="12145072097"/>
    <nd ref="12145072098"/>
    <nd ref="12145072099"/>
    <nd ref="12145072100"/>
    <nd ref="12145091802"/>
    <nd ref="12145091801"/>
    <nd ref="12145091803"/>
    <nd ref="12145091805"/>
    <nd ref="12145091804"/>
    <nd ref="12145091806"/>
    <nd ref="12145091893"/>
    <nd ref="9056623833"/>
    <tag k="footway" v="sidewalk"/>
    <tag k="highway" v="footway"/>
  </way>
  <way id="576895242" version="1" timestamp="2018-04-05T20:44:12Z" changeset="57847318" uid="6217586" user="Dzertanoj">
    <nd ref="5531979459"/>
    <nd ref="5531979460"/>
    <nd ref="5531979461"/>
    <nd ref="5531979462"/>
    <nd ref="5531979459"/>
    <tag k="leisure" v="playground"/>
  </way>
  <way id="619447350" version="1" timestamp="2018-08-24T13:34:16Z" changeset="61959244" uid="830106" user="literan">
    <nd ref="5853756198"/>
    <nd ref="1680472685"/>
    <tag k="highway" v="footway"/>
  </way>
  <way id="619447360" version="8" timestamp="2025-06-04T09:05:39Z" changeset="167165412" uid="5642897" user="Travieso">
    <nd ref="10795351839"/>
    <nd ref="5853756885"/>
    <nd ref="5853756284"/>
    <nd ref="5853756283"/>
    <nd ref="5853756282"/>
    <nd ref="10881523403"/>
    <nd ref="5853756281"/>
    <nd ref="5853756280"/>
    <nd ref="5853756279"/>
    <nd ref="5853756278"/>
    <nd ref="10881614705"/>
    <nd ref="5853756277"/>
    <nd ref="5853756276"/>
    <tag k="footway" v="sidewalk"/>
    <tag k="highway" v="footway"/>
    <tag k="lit" v="yes"/>
    <tag k="smoothness" v="good"/>
    <tag k="surface" v="asphalt"/>
  </way>
  <way id="619447361" version="3" timestamp="2022-03-20T06:31:17Z" changeset="118686105" uid="10129333" user="solenoid jam">
    <nd ref="5853756892"/>
    <nd ref="5853756891"/>
    <nd ref="5853756890"/>
    <nd ref="5853756889"/>
    <nd ref="5853756892"/>
    <tag k="leisure" v="fitness_station"/>
    <tag k="shelter" v="yes"/>
    <tag k="sport" v="fitness"/>
  </way>
  <way id="619447362" version="1" timestamp="2018-08-24T13:34:17Z" changeset="61959244" uid="830106" user="literan">
    <nd ref="5853756897"/>
    <nd ref="5853756896"/>
    <nd ref="5853756895"/>
    <nd ref="5853756894"/>
    <nd ref="5853756897"/>
    <tag k="access" v="yes"/>
    <tag k="amenity" v="parking"/>
    <tag k="fee" v="no"/>
    <tag k="parking" v="surface"/>
  </way>
  <way id="620360274" version="1" timestamp="2018-08-27T14:25:23Z" changeset="62042113" uid="830106" user="literan">
    <nd ref="5861174947"/>
    <nd ref="5861174946"/>
    <nd ref="5861174945"/>
    <nd ref="5861174944"/>
    <nd ref="5861174943"/>
    <nd ref="5861174942"/>
    <nd ref="5861174941"/>
    <nd ref="5861174940"/>
    <nd ref="5861174939"/>
    <nd ref="5861174938"/>
    <nd ref="5861174937"/>
    <nd ref="5861174936"/>
    <nd ref="5861174935"/>
    <nd ref="5861174934"/>
    <nd ref="5861174933"/>
    <nd ref="5861174932"/>
    <nd ref="5861174931"/>
    <nd ref="5861174930"/>
    <nd ref="5861174929"/>
    <nd ref="5861174928"/>
    <nd ref="5861174927"/>
    <nd ref="5861174926"/>
    <nd ref="5861174925"/>
    <nd ref="5861174924"/>
    <nd ref="5861174923"/>
    <nd ref="5861174922"/>
    <nd ref="5861174921"/>
    <nd ref="5861174920"/>
    <nd ref="5861174919"/>
    <nd ref="5861174918"/>
    <nd ref="5861174917"/>
    <nd ref="5861174916"/>
    <nd ref="5861174915"/>
    <nd ref="5861174914"/>
    <nd ref="5861174913"/>
    <nd ref="5861174912"/>
    <nd ref="5861174911"/>
    <nd ref="5861174910"/>
    <nd ref="5861174909"/>
    <nd ref="5861174908"/>
    <nd ref="5861174907"/>
    <nd ref="5861174906"/>
    <nd ref="5861174947"/>
    <tag k="natural" v="wood"/>
  </way>
  <way id="620360275" version="1" timestamp="2018-08-27T14:25:24Z" changeset="62042113" uid="830106" user="literan">
    <nd ref="5514941513"/>
    <nd ref="5861174948"/>
    <tag k="highway" v="footway"/>
  </way>
  <way id="620360276" version="1" timestamp="2018-08-27T14:25:25Z" changeset="62042113" uid="830106" user="literan">
    <nd ref="5861174950"/>
    <nd ref="5861174949"/>
    <nd ref="5861174952"/>
    <nd ref="5861174951"/>
    <nd ref="5861174950"/>
    <tag k="amenity" v="parking"/>
    <tag k="parking" v="surface"/>
  </way>
  <way id="620360277" version="1" timestamp="2018-08-27T14:25:25Z" changeset="62042113" uid="830106" user="literan">
    <nd ref="5015902546"/>
    <nd ref="5861174955"/>
    <tag k="highway" v="footway"/>
  </way>
  <way id="620360278" version="1" timestamp="2018-08-27T14:25:25Z" changeset="62042113" uid="830106" user="literan">
    <nd ref="5861174959"/>
    <nd ref="5861174958"/>
    <nd ref="5861174957"/>
    <nd ref="5861174956"/>
    <nd ref="5861174955"/>
    <nd ref="5861174959"/>
    <tag k="leisure" v="playground"/>
  </way>
  <way id="659848503" version="2" timestamp="2025-06-04T09:10:05Z" changeset="167165412" uid="5642897" user="Travieso">
    <nd ref="6177903074"/>
    <nd ref="6177903075"/>
    <tag k="highway" v="footway"/>
    <tag k="lit" v="yes"/>
  </way>
  <way id="659848504" version="1" timestamp="2019-01-02T06:04:37Z" changeset="65949299" uid="6217586" user="Dzertanoj">
    <nd ref="1679406900"/>
    <nd ref="3906008352"/>
    <nd ref="1679406898"/>
    <tag k="highway" v="service"/>
    <tag k="living_street" v="yes"/>
    <tag k="surface" v="asphalt"/>
  </way>
  <way id="659848505" version="2" timestamp="2020-11-12T15:30:40Z" changeset="94005204" uid="396906" user="ghost_07">
    <nd ref="1679406899"/>
    <nd ref="1984653977"/>
    <nd ref="5853756887"/>
    <nd ref="3906008353"/>
    <nd ref="1679406920"/>
    <nd ref="1679406932"/>
    <nd ref="6177903075"/>
    <nd ref="1679406961"/>
    <nd ref="6177903078"/>
    <tag k="highway" v="service"/>
    <tag k="living_street" v="yes"/>
    <tag k="surface" v="asphalt"/>
  </way>
  <way id="659848508" version="1" timestamp="2019-01-02T06:04:37Z" changeset="65949299" uid="6217586" user="Dzertanoj">
    <nd ref="1679406956"/>
    <nd ref="1679406948"/>
    <nd ref="1679406945"/>
    <nd ref="6177903076"/>
    <nd ref="1679406924"/>
    <nd ref="6177903074"/>
    <nd ref="1679406902"/>
    <nd ref="1679406900"/>
    <tag k="highway" v="service"/>
    <tag k="living_street" v="yes"/>
    <tag k="surface" v="asphalt"/>
  </way>
  <way id="659848509" version="3" timestamp="2025-06-04T09:07:18Z" changeset="167165412" uid="5642897" user="Travieso">
    <nd ref="6177903080"/>
    <nd ref="6177903084"/>
    <nd ref="12428780278"/>
    <nd ref="6177903081"/>
    <nd ref="6177903082"/>
    <nd ref="6177903083"/>
    <tag k="footway" v="sidewalk"/>
    <tag k="highway" v="footway"/>
    <tag k="lit" v="yes"/>
  </way>
  <way id="660280742" version="2" timestamp="2023-02-14T19:04:57Z" changeset="132550985" uid="12947635" user="Руслан Т">
    <nd ref="5334698631"/>
    <nd ref="5334698630"/>
    <nd ref="5334698629"/>
    <nd ref="5334698642"/>
  </way>
  <way id="851695571" version="1" timestamp="2020-09-26T00:39:44Z" changeset="91535163" uid="9133906" user="stargunru">
    <nd ref="7943598217"/>
    <nd ref="7943598218"/>
    <nd ref="7943598219"/>
    <nd ref="7943598220"/>
    <nd ref="7943598221"/>
    <nd ref="7943598222"/>
    <nd ref="7943598223"/>
    <nd ref="7943598224"/>
    <nd ref="7943598225"/>
    <nd ref="7943598226"/>
    <nd ref="7943598227"/>
    <nd ref="7943598228"/>
    <nd ref="7943598229"/>
    <nd ref="7943598230"/>
    <nd ref="7943598231"/>
    <nd ref="7943598232"/>
    <nd ref="7943598233"/>
    <nd ref="7943598234"/>
    <nd ref="7943598235"/>
    <nd ref="7943598236"/>
    <nd ref="7943598237"/>
    <nd ref="7943598238"/>
    <nd ref="7943598239"/>
    <nd ref="7943598240"/>
    <nd ref="7943598241"/>
    <nd ref="7943598242"/>
    <nd ref="7943598243"/>
    <nd ref="7943598244"/>
    <nd ref="7943598245"/>
    <nd ref="7943598246"/>
    <nd ref="7943598247"/>
    <nd ref="7943598248"/>
    <nd ref="7943598249"/>
    <nd ref="7943598250"/>
    <nd ref="7943598251"/>
    <nd ref="7943598252"/>
    <nd ref="7943598253"/>
    <nd ref="7943598254"/>
    <nd ref="7943598255"/>
    <nd ref="7943598256"/>
    <nd ref="7943598257"/>
    <nd ref="7943598258"/>
    <nd ref="7943598259"/>
    <nd ref="7943598260"/>
    <nd ref="7943598261"/>
    <nd ref="7943598262"/>
    <nd ref="7943598263"/>
    <nd ref="7943598264"/>
    <nd ref="7943598265"/>
    <nd ref="7943598266"/>
    <nd ref="7943598267"/>
    <nd ref="7943598268"/>
    <nd ref="7943598269"/>
    <nd ref="7943598270"/>
    <nd ref="7943598271"/>
    <nd ref="7943598272"/>
    <nd ref="7943598273"/>
    <nd ref="7943598274"/>
    <nd ref="7943598275"/>
    <nd ref="7943598276"/>
    <nd ref="7943598277"/>
    <nd ref="7943598278"/>
    <nd ref="7943598279"/>
    <nd ref="7943598280"/>
    <nd ref="7943598281"/>
    <nd ref="7943598282"/>
    <nd ref="7943598283"/>
    <nd ref="7943598284"/>
    <nd ref="7943598285"/>
    <nd ref="7943598286"/>
    <nd ref="7943598287"/>
    <nd ref="7943598288"/>
    <nd ref="7943598289"/>
    <nd ref="7943598290"/>
    <nd ref="7943598291"/>
    <nd ref="7943598292"/>
    <nd ref="7943598293"/>
    <nd ref="7943598294"/>
    <nd ref="7943598295"/>
    <nd ref="7943598296"/>
    <tag k="circuits" v="2"/>
    <tag k="layer" v="-1"/>
    <tag k="location" v="underground"/>
    <tag k="power" v="cable"/>
    <tag k="voltage" v="110000"/>
  </way>
  <way id="856155849" version="4" timestamp="2024-06-07T15:09:29Z" changeset="152381077" uid="7714489" user="Spjasshka">
    <nd ref="1984665585"/>
    <nd ref="1984653762"/>
    <nd ref="4739808704"/>
    <nd ref="8112054289"/>
    <nd ref="1984653943"/>
    <nd ref="4739808705"/>
    <nd ref="8112054290"/>
    <nd ref="8112054291"/>
    <nd ref="1984653948"/>
    <tag k="electrified" v="contact_line"/>
    <tag k="frequency" v="0"/>
    <tag k="gauge" v="1524"/>
    <tag k="maxspeed" v="15"/>
    <tag k="oneway" v="yes"/>
    <tag k="railway" v="tram"/>
    <tag k="railway:preferred_direction" v="forward"/>
    <tag k="usage" v="main"/>
    <tag k="voltage" v="600"/>
  </way>
  <way id="857891904" version="2" timestamp="2025-06-04T09:10:08Z" changeset="167166690" uid="5642897" user="Travieso">
    <nd ref="7997931015"/>
    <nd ref="7997931013"/>
    <nd ref="6177903076"/>
    <tag k="highway" v="service"/>
    <tag k="surface" v="asphalt"/>
  </way>
  <way id="978824333" version="1" timestamp="2021-09-02T18:33:17Z" changeset="110635312" uid="830106" user="literan">
    <nd ref="1680472202"/>
    <nd ref="9056623837"/>
    <nd ref="9056623838"/>
    <nd ref="5514928288"/>
    <tag k="highway" v="footway"/>
  </way>
  <way id="979328145" version="3" timestamp="2025-06-04T09:14:40Z" changeset="167165412" uid="5642897" user="Travieso">
    <nd ref="1680472377"/>
    <nd ref="9060327860"/>
    <nd ref="9060327861"/>
    <nd ref="9060327859"/>
    <nd ref="9060327862"/>
    <nd ref="5514941509"/>
    <nd ref="569954671"/>
    <nd ref="569954670"/>
    <nd ref="4992569451"/>
    <tag k="highway" v="footway"/>
    <tag k="lit" v="yes"/>
    <tag k="surface" v="asphalt"/>
  </way>
  <way id="1145322335" version="2" timestamp="2023-02-14T19:22:46Z" changeset="132551518" uid="12947635" user="Руслан Т">
    <nd ref="10659000265"/>
    <nd ref="10659000264"/>
    <tag k="highway" v="service"/>
    <tag k="living_street" v="yes"/>
    <tag k="surface" v="asphalt"/>
  </way>
  <way id="1145322336" version="30" timestamp="2023-09-17T00:03:52Z" changeset="141362337" uid="461130" user="Fizzie-DWG">
    <nd ref="5015902541"/>
    <nd ref="333722218"/>
    <tag k="highway" v="residential"/>
    <tag k="lit" v="yes"/>
    <tag k="maxspeed" v="60"/>
    <tag k="maxspeed:type" v="sign"/>
    <tag k="name" v="2-я Мясниковская улица"/>
    <tag k="name:uk" v="2-а М'ясниківська вулиця"/>
    <tag k="postal_code" v="107564"/>
    <tag k="surface" v="asphalt"/>
  </way>
  <way id="1145322337" version="1" timestamp="2023-02-14T19:04:57Z" changeset="132550985" uid="12947635" user="Руслан Т">
    <nd ref="5334698645"/>
    <nd ref="5334698646"/>
  </way>
  <way id="1145322338" version="2" timestamp="2023-02-14T19:22:46Z" changeset="132551518" uid="12947635" user="Руслан Т">
    <nd ref="2105616992"/>
    <nd ref="2105616995"/>
    <nd ref="10659002309"/>
    <nd ref="2105617000"/>
    <nd ref="5538381731"/>
    <nd ref="5538381732"/>
    <nd ref="10659187588"/>
    <nd ref="5334698631"/>
    <tag k="barrier" v="fence"/>
  </way>
  <way id="1145322339" version="2" timestamp="2023-02-14T19:22:46Z" changeset="132551518" uid="12947635" user="Руслан Т">
    <nd ref="5334698632"/>
    <nd ref="10659187576"/>
    <nd ref="5334698631"/>
  </way>
  <way id="1145322340" version="1" timestamp="2023-02-14T19:04:57Z" changeset="132550985" uid="12947635" user="Руслан Т">
    <nd ref="2105616981"/>
    <nd ref="5334698633"/>
  </way>
  <way id="1145322341" version="1" timestamp="2023-02-14T19:04:57Z" changeset="132550985" uid="12947635" user="Руслан Т">
    <nd ref="5334698642"/>
    <nd ref="5334698643"/>
  </way>
  <way id="1145322342" version="1" timestamp="2023-02-14T19:04:57Z" changeset="132550985" uid="12947635" user="Руслан Т">
    <nd ref="5334698644"/>
    <nd ref="5334698641"/>
  </way>
  <way id="1145322343" version="1" timestamp="2023-02-14T19:04:57Z" changeset="132550985" uid="12947635" user="Руслан Т">
    <nd ref="5334698641"/>
    <nd ref="5334698626"/>
    <nd ref="5334698640"/>
  </way>
  <way id="1145322344" version="1" timestamp="2023-02-14T19:04:57Z" changeset="132550985" uid="12947635" user="Руслан Т">
    <nd ref="5334698642"/>
    <nd ref="5334698641"/>
  </way>
  <way id="1145322345" version="1" timestamp="2023-02-14T19:04:57Z" changeset="132550985" uid="12947635" user="Руслан Т">
    <nd ref="5334698644"/>
    <nd ref="5334698643"/>
  </way>
  <way id="1145322346" version="2" timestamp="2023-02-14T19:22:46Z" changeset="132551518" uid="12947635" user="Руслан Т">
    <nd ref="5334698625"/>
    <nd ref="5334698628"/>
    <nd ref="10659187575"/>
    <nd ref="5334698627"/>
  </way>
  <way id="1145322347" version="1" timestamp="2023-02-14T19:04:57Z" changeset="132550985" uid="12947635" user="Руслан Т">
    <nd ref="5334698640"/>
    <nd ref="5334698637"/>
  </way>
  <way id="1145322348" version="1" timestamp="2023-02-14T19:04:57Z" changeset="132550985" uid="12947635" user="Руслан Т">
    <nd ref="5334698640"/>
    <nd ref="5334698639"/>
  </way>
  <way id="1145322349" version="1" timestamp="2023-02-14T19:04:57Z" changeset="132550985" uid="12947635" user="Руслан Т">
    <nd ref="5334698638"/>
    <nd ref="5334698637"/>
  </way>
  <way id="1145322350" version="1" timestamp="2023-02-14T19:04:57Z" changeset="132550985" uid="12947635" user="Руслан Т">
    <nd ref="5334698639"/>
    <nd ref="6182009604"/>
    <nd ref="5334698635"/>
    <nd ref="10659002311"/>
  </way>
  <way id="1145322351" version="2" timestamp="2023-02-14T19:22:46Z" changeset="132551518" uid="12947635" user="Руслан Т">
    <nd ref="5334698633"/>
    <nd ref="10659187574"/>
    <nd ref="5334698636"/>
  </way>
  <way id="1145322352" version="1" timestamp="2023-02-14T19:04:57Z" changeset="132550985" uid="12947635" user="Руслан Т">
    <nd ref="5334698639"/>
    <nd ref="5334698638"/>
  </way>
  <way id="1145322353" version="1" timestamp="2023-02-14T19:04:57Z" changeset="132550985" uid="12947635" user="Руслан Т">
    <nd ref="10659002311"/>
    <nd ref="10659002312"/>
    <nd ref="10659002313"/>
    <nd ref="10659002314"/>
    <nd ref="2105616997"/>
    <nd ref="10659000269"/>
    <nd ref="2105616981"/>
  </way>
  <way id="1145322354" version="1" timestamp="2023-02-14T19:04:57Z" changeset="132550985" uid="12947635" user="Руслан Т">
    <nd ref="2105616981"/>
    <nd ref="10659002311"/>
  </way>
  <way id="1145322355" version="1" timestamp="2023-02-14T19:04:57Z" changeset="132550985" uid="12947635" user="Руслан Т">
    <nd ref="317272074"/>
    <nd ref="317272086"/>
    <nd ref="10659002306"/>
    <tag k="source" v="Адресный реестр Москвы, data.mos.ru"/>
  </way>
  <way id="1145322356" version="1" timestamp="2023-02-14T19:04:57Z" changeset="132550985" uid="12947635" user="Руслан Т">
    <nd ref="5334698633"/>
    <nd ref="10659002305"/>
    <nd ref="317272074"/>
  </way>
  <way id="1145322357" version="1" timestamp="2023-02-14T19:04:57Z" changeset="132550985" uid="12947635" user="Руслан Т">
    <nd ref="2105616992"/>
    <nd ref="10659002306"/>
  </way>
  <way id="1145322358" version="1" timestamp="2023-02-14T19:04:57Z" changeset="132550985" uid="12947635" user="Руслан Т">
    <nd ref="5334698645"/>
    <nd ref="10659002308"/>
    <nd ref="10659002307"/>
    <nd ref="5334698646"/>
  </way>
  <way id="1145322359" version="1" timestamp="2023-02-14T19:04:57Z" changeset="132550985" uid="12947635" user="Руслан Т">
    <nd ref="5538381732"/>
    <nd ref="10659002310"/>
    <nd ref="10659002309"/>
    <tag k="barrier" v="fence"/>
  </way>
  <way id="1145322360" version="1" timestamp="2023-02-14T19:04:57Z" changeset="132550985" uid="12947635" user="Руслан Т">
    <nd ref="10659002314"/>
    <nd ref="2105616983"/>
    <nd ref="10659000275"/>
    <nd ref="10659002319"/>
    <nd ref="10659002315"/>
    <nd ref="10659002323"/>
    <tag k="barrier" v="fence"/>
  </way>
  <way id="1145322361" version="3" timestamp="2024-12-27T11:00:53Z" changeset="160670629" uid="260756" user="Felis Pimeja">
    <nd ref="10659000286"/>
    <nd ref="10659000284"/>
    <nd ref="10659000283"/>
    <nd ref="10659000287"/>
    <nd ref="10659000285"/>
    <nd ref="10659000286"/>
    <tag k="access" v="private"/>
    <tag k="amenity" v="parking"/>
    <tag k="orientation" v="perpendicular"/>
    <tag k="parking" v="street_side"/>
    <tag k="surface" v="asphalt"/>
  </way>
  <way id="1145322362" version="1" timestamp="2023-02-14T19:04:57Z" changeset="132550985" uid="12947635" user="Руслан Т">
    <nd ref="10659002324"/>
    <nd ref="10659002323"/>
    <nd ref="10659002322"/>
    <nd ref="10659002321"/>
    <nd ref="10659002324"/>
  </way>
  <way id="1145353005" version="1" timestamp="2023-02-14T19:22:46Z" changeset="132551518" uid="12947635" user="Руслан Т">
    <nd ref="5334698636"/>
    <nd ref="5334698638"/>
  </way>
  <way id="1145353006" version="1" timestamp="2023-02-14T19:22:46Z" changeset="132551518" uid="12947635" user="Руслан Т">
    <nd ref="5334698643"/>
    <nd ref="5334698632"/>
  </way>
  <way id="1145353007" version="1" timestamp="2023-02-14T19:22:46Z" changeset="132551518" uid="12947635" user="Руслан Т">
    <nd ref="5334698627"/>
    <nd ref="5334698644"/>
  </way>
  <way id="1145353008" version="1" timestamp="2023-02-14T19:22:46Z" changeset="132551518" uid="12947635" user="Руслан Т">
    <nd ref="5334698637"/>
    <nd ref="5334698625"/>
  </way>
  <way id="1145353009" version="1" timestamp="2023-02-14T19:22:46Z" changeset="132551518" uid="12947635" user="Руслан Т">
    <nd ref="5334698625"/>
    <nd ref="5334698636"/>
  </way>
  <way id="1145353010" version="1" timestamp="2023-02-14T19:22:46Z" changeset="132551518" uid="12947635" user="Руслан Т">
    <nd ref="5334698627"/>
    <nd ref="5334698632"/>
  </way>
  <way id="1145353011" version="1" timestamp="2023-02-14T19:22:46Z" changeset="132551518" uid="12947635" user="Руслан Т">
    <nd ref="10659000275"/>
    <nd ref="10659000265"/>
    <nd ref="10659000272"/>
    <nd ref="10659000303"/>
    <nd ref="10659000270"/>
    <nd ref="10659000271"/>
    <nd ref="10659000276"/>
    <nd ref="10659000274"/>
    <tag k="highway" v="service"/>
    <tag k="living_street" v="yes"/>
    <tag k="surface" v="asphalt"/>
  </way>
  <way id="1145353012" version="1" timestamp="2023-02-14T19:22:46Z" changeset="132551518" uid="12947635" user="Руслан Т">
    <nd ref="10659187588"/>
    <nd ref="10659187579"/>
    <nd ref="10659187580"/>
    <nd ref="10659187577"/>
    <nd ref="10659187578"/>
    <nd ref="10659000278"/>
    <tag k="access" v="private"/>
    <tag k="highway" v="footway"/>
    <tag k="surface" v="paving_stones"/>
  </way>
  <way id="1145353013" version="1" timestamp="2023-02-14T19:22:46Z" changeset="132551518" uid="12947635" user="Руслан Т">
    <nd ref="10659187584"/>
    <nd ref="10659187590"/>
    <nd ref="10659187582"/>
    <nd ref="10659187581"/>
    <nd ref="10659187583"/>
    <nd ref="10659187587"/>
    <nd ref="10659187589"/>
    <nd ref="10659187586"/>
    <nd ref="10659187585"/>
    <nd ref="10659187588"/>
    <tag k="highway" v="footway"/>
    <tag k="surface" v="paving_stones"/>
  </way>
  <way id="1151059019" version="1" timestamp="2023-03-03T20:43:00Z" changeset="133269722" uid="2055718" user="Bobropiton">
    <nd ref="10707781443"/>
    <nd ref="1669072879"/>
    <nd ref="1669072904"/>
    <nd ref="1669072917"/>
    <nd ref="1670742237"/>
    <nd ref="9060327855"/>
    <nd ref="1704435941"/>
    <nd ref="1669072924"/>
    <nd ref="1704435945"/>
    <nd ref="1704435948"/>
    <nd ref="1670742278"/>
    <nd ref="1669072927"/>
    <tag k="footway" v="sidewalk"/>
    <tag k="highway" v="footway"/>
    <tag k="surface" v="asphalt"/>
  </way>
  <way id="1160693510" version="3" timestamp="2025-06-04T09:09:23Z" changeset="167165877" uid="5642897" user="Travieso">
    <nd ref="6177903083"/>
    <nd ref="5853756886"/>
    <nd ref="10795351839"/>
    <tag k="footway" v="crossing"/>
    <tag k="highway" v="footway"/>
    <tag k="lit" v="yes"/>
    <tag k="surface" v="asphalt"/>
  </way>
  <way id="1160693511" version="3" timestamp="2025-06-04T09:09:25Z" changeset="167165877" uid="5642897" user="Travieso">
    <nd ref="5853756887"/>
    <nd ref="6177903083"/>
    <tag k="footway" v="sidewalk"/>
    <tag k="highway" v="footway"/>
    <tag k="lit" v="yes"/>
    <tag k="surface" v="asphalt"/>
  </way>
  <way id="1160693512" version="5" timestamp="2025-06-04T09:02:05Z" changeset="167165412" uid="5642897" user="Travieso">
    <nd ref="5567332544"/>
    <nd ref="10795351836"/>
    <nd ref="12428803918"/>
    <nd ref="12428803919"/>
    <nd ref="10795351855"/>
    <nd ref="10795351838"/>
    <nd ref="10795351854"/>
    <nd ref="9171464036"/>
    <nd ref="10795351853"/>
    <nd ref="10795351852"/>
    <nd ref="10795351851"/>
    <nd ref="4274338927"/>
    <nd ref="10795351850"/>
    <nd ref="10795351849"/>
    <nd ref="12428780280"/>
    <nd ref="10795351848"/>
    <nd ref="10795351847"/>
    <nd ref="10795351846"/>
    <nd ref="10795351845"/>
    <nd ref="10795351844"/>
    <nd ref="10795351843"/>
    <nd ref="10795351809"/>
    <nd ref="10795351842"/>
    <nd ref="4070319638"/>
    <nd ref="10795351841"/>
    <nd ref="10795351840"/>
    <nd ref="10795351839"/>
    <tag k="footway" v="sidewalk"/>
    <tag k="highway" v="footway"/>
    <tag k="lit" v="yes"/>
    <tag k="surface" v="asphalt"/>
  </way>
  <way id="1223168419" version="1" timestamp="2023-11-13T10:12:27Z" changeset="143963473" uid="371263" user="augxcgrwxo">
    <nd ref="2378753558"/>
    <nd ref="2378753560"/>
    <nd ref="571522594"/>
    <nd ref="571522596"/>
    <nd ref="571522595"/>
    <nd ref="2378753559"/>
    <nd ref="571522591"/>
    <tag k="barrier" v="bollard"/>
    <tag k="bollard" v="fixed"/>
    <tag k="colour" v="yellow"/>
    <tag k="material" v="concrete"/>
  </way>
  <way id="1290274957" version="1" timestamp="2024-06-07T15:09:29Z" changeset="152381077" uid="7714489" user="Spjasshka">
    <nd ref="1984653785"/>
    <nd ref="1984654008"/>
    <nd ref="1984653997"/>
    <nd ref="1984653994"/>
    <nd ref="1984653990"/>
    <nd ref="8112054269"/>
    <tag k="electrified" v="contact_line"/>
    <tag k="frequency" v="0"/>
    <tag k="gauge" v="1524"/>
    <tag k="maxspeed" v="25"/>
    <tag k="oneway" v="yes"/>
    <tag k="railway" v="tram"/>
    <tag k="railway:preferred_direction" v="forward"/>
    <tag k="usage" v="main"/>
    <tag k="voltage" v="600"/>
  </way>
  <way id="1290274958" version="1" timestamp="2024-06-07T15:09:29Z" changeset="152381077" uid="7714489" user="Spjasshka">
    <nd ref="1984653948"/>
    <nd ref="8112054276"/>
    <nd ref="1984653975"/>
    <nd ref="11962979407"/>
    <tag k="electrified" v="contact_line"/>
    <tag k="frequency" v="0"/>
    <tag k="gauge" v="1524"/>
    <tag k="maxspeed" v="60"/>
    <tag k="oneway" v="yes"/>
    <tag k="railway" v="tram"/>
    <tag k="railway:preferred_direction" v="forward"/>
    <tag k="usage" v="main"/>
    <tag k="voltage" v="600"/>
  </way>
  <way id="1290274959" version="1" timestamp="2024-06-07T15:09:29Z" changeset="152381077" uid="7714489" user="Spjasshka">
    <nd ref="1984672715"/>
    <nd ref="1984653945"/>
    <nd ref="1984672689"/>
    <tag k="electrified" v="contact_line"/>
    <tag k="frequency" v="0"/>
    <tag k="gauge" v="1524"/>
    <tag k="maxspeed" v="15"/>
    <tag k="oneway" v="yes"/>
    <tag k="railway" v="tram"/>
    <tag k="railway:preferred_direction" v="forward"/>
    <tag k="usage" v="main"/>
    <tag k="voltage" v="600"/>
  </way>
  <way id="1290274960" version="1" timestamp="2024-06-07T15:09:29Z" changeset="152381077" uid="7714489" user="Spjasshka">
    <nd ref="1984653913"/>
    <nd ref="1984665585"/>
    <tag k="electrified" v="contact_line"/>
    <tag k="frequency" v="0"/>
    <tag k="gauge" v="1524"/>
    <tag k="maxspeed" v="10"/>
    <tag k="oneway" v="yes"/>
    <tag k="railway" v="tram"/>
    <tag k="railway:preferred_direction" v="forward"/>
    <tag k="usage" v="main"/>
    <tag k="voltage" v="600"/>
  </way>
  <way id="1290274961" version="1" timestamp="2024-06-07T15:09:29Z" changeset="152381077" uid="7714489" user="Spjasshka">
    <nd ref="1984672689"/>
    <nd ref="8112054297"/>
    <nd ref="1984653772"/>
    <nd ref="1984653915"/>
    <nd ref="8112054296"/>
    <nd ref="1984653760"/>
    <tag k="electrified" v="contact_line"/>
    <tag k="frequency" v="0"/>
    <tag k="gauge" v="1524"/>
    <tag k="maxspeed" v="15"/>
    <tag k="oneway" v="yes"/>
    <tag k="railway" v="tram"/>
    <tag k="railway:preferred_direction" v="forward"/>
    <tag k="usage" v="main"/>
    <tag k="voltage" v="600"/>
  </way>
  <way id="1290274962" version="1" timestamp="2024-06-07T15:09:29Z" changeset="152381077" uid="7714489" user="Spjasshka">
    <nd ref="11962979408"/>
    <nd ref="8112054300"/>
    <nd ref="1984653906"/>
    <nd ref="1984653757"/>
    <nd ref="8112054301"/>
    <nd ref="1984653913"/>
    <tag k="electrified" v="contact_line"/>
    <tag k="frequency" v="0"/>
    <tag k="gauge" v="1524"/>
    <tag k="maxspeed" v="60"/>
    <tag k="oneway" v="yes"/>
    <tag k="railway" v="tram"/>
    <tag k="railway:preferred_direction" v="forward"/>
    <tag k="usage" v="main"/>
    <tag k="voltage" v="600"/>
  </way>
  <way id="1290274963" version="1" timestamp="2024-06-07T15:09:29Z" changeset="152381077" uid="7714489" user="Spjasshka">
    <nd ref="1984653760"/>
    <nd ref="8112054295"/>
    <nd ref="1984653908"/>
    <nd ref="11962979409"/>
    <tag k="electrified" v="contact_line"/>
    <tag k="frequency" v="0"/>
    <tag k="gauge" v="1524"/>
    <tag k="maxspeed" v="60"/>
    <tag k="oneway" v="yes"/>
    <tag k="railway" v="tram"/>
    <tag k="railway:preferred_direction" v="forward"/>
    <tag k="usage" v="main"/>
    <tag k="voltage" v="600"/>
  </way>
  <way id="1433374742" version="1" timestamp="2025-09-26T16:22:12Z" changeset="172493883" uid="363136" user="neo-plan">
    <nd ref="81793048"/>
    <nd ref="5338144747"/>
    <nd ref="13173807558"/>
    <nd ref="1680473630"/>
    <nd ref="3927923732"/>
    <nd ref="81790581"/>
    <tag k="highway" v="tertiary"/>
    <tag k="lanes" v="2"/>
    <tag k="lit" v="yes"/>
    <tag k="maxspeed" v="30"/>
    <tag k="maxspeed:type" v="sign"/>
    <tag k="name" v="Кузнецовская улица"/>
    <tag k="name:uk" v="Кузнецовська вулиця"/>
    <tag k="omkum:old_name" v="Кузнецкая улица (до 1917 г.)"/>
    <tag k="postal_code" v="107564"/>
    <tag k="surface" v="asphalt"/>
    <tag k="wikidata" v="Q4245170"/>
    <tag k="wikipedia" v="ru:Кузнецовская улица (Москва)"/>
  </way>
  <way id="1433374743" version="1" timestamp="2025-09-26T16:22:12Z" changeset="172493883" uid="363136" user="neo-plan">
    <nd ref="13173807557"/>
    <nd ref="13173807558"/>
    <nd ref="13173807559"/>
    <tag k="footway" v="crossing"/>
    <tag k="highway" v="footway"/>
  </way>
  <way id="1433374744" version="1" timestamp="2025-09-26T16:22:12Z" changeset="172493883" uid="363136" user="neo-plan">
    <nd ref="5015902542"/>
    <nd ref="5015902543"/>
    <nd ref="5015902541"/>
    <nd ref="5015902546"/>
    <nd ref="5853756898"/>
    <nd ref="5015902547"/>
    <nd ref="5015902548"/>
    <nd ref="5015902549"/>
    <tag k="highway" v="footway"/>
    <tag k="lit" v="yes"/>
  </way>
  <way id="1433374745" version="1" timestamp="2025-09-26T16:22:12Z" changeset="172493883" uid="363136" user="neo-plan">
    <nd ref="5015902549"/>
    <nd ref="5015902540"/>
    <nd ref="5015902550"/>
    <tag k="footway" v="crossing"/>
    <tag k="highway" v="footway"/>
    <tag k="lit" v="yes"/>
  </way>
  <way id="1433374746" version="1" timestamp="2025-09-26T16:22:12Z" changeset="172493883" uid="363136" user="neo-plan">
    <nd ref="13173807560"/>
    <nd ref="13173807561"/>
    <nd ref="13173807562"/>
    <nd ref="13173807563"/>
    <nd ref="13173807564"/>
    <nd ref="13173807560"/>
    <tag k="landuse" v="grass"/>
  </way>
  <way id="1433375296" version="1" timestamp="2025-09-26T16:25:44Z" changeset="172494034" uid="363136" user="neo-plan">
    <nd ref="13173808074"/>
    <nd ref="1680473582"/>
    <nd ref="81793048"/>
    <tag k="highway" v="tertiary"/>
    <tag k="lanes" v="2"/>
    <tag k="lit" v="yes"/>
    <tag k="maxspeed" v="30"/>
    <tag k="maxspeed:type" v="sign"/>
    <tag k="name" v="Кузнецовская улица"/>
    <tag k="name:uk" v="Кузнецовська вулиця"/>
    <tag k="omkum:old_name" v="Кузнецкая улица (до 1917 г.)"/>
    <tag k="postal_code" v="107564"/>
    <tag k="surface" v="asphalt"/>
    <tag k="wikidata" v="Q4245170"/>
    <tag k="wikipedia" v="ru:Кузнецовская улица (Москва)"/>
  </way>
  <way id="1433375297" version="1" timestamp="2025-09-26T16:25:44Z" changeset="172494034" uid="363136" user="neo-plan">
    <nd ref="13173808075"/>
    <nd ref="5515807312"/>
    <nd ref="1680472824"/>
    <nd ref="13173808074"/>
    <tag k="highway" v="tertiary"/>
    <tag k="lanes" v="2"/>
    <tag k="lit" v="yes"/>
    <tag k="maxspeed" v="20"/>
    <tag k="maxspeed:type" v="sign"/>
    <tag k="name" v="Кузнецовская улица"/>
    <tag k="name:uk" v="Кузнецовська вулиця"/>
    <tag k="omkum:old_name" v="Кузнецкая улица (до 1917 г.)"/>
    <tag k="postal_code" v="107564"/>
    <tag k="surface" v="asphalt"/>
    <tag k="wikidata" v="Q4245170"/>
    <tag k="wikipedia" v="ru:Кузнецовская улица (Москва)"/>
  </way>
  <way id="1433375298" version="1" timestamp="2025-09-26T16:25:44Z" changeset="172494034" uid="363136" user="neo-plan">
    <nd ref="5015902534"/>
    <nd ref="5015902532"/>
    <nd ref="5015902533"/>
    <tag k="footway" v="crossing"/>
    <tag k="highway" v="footway"/>
    <tag k="lit" v="yes"/>
    <tag k="surface" v="asphalt"/>
  </way>
  <way id="1435030668" version="1" timestamp="2025-10-03T07:56:47Z" changeset="172776950" uid="10129333" user="solenoid jam">
    <nd ref="13190205704"/>
    <nd ref="13190205703"/>
    <nd ref="13190205702"/>
    <nd ref="13190205701"/>
    <nd ref="13190205700"/>
    <nd ref="13190205699"/>
    <nd ref="13190205698"/>
    <nd ref="13190205697"/>
    <nd ref="13190205696"/>
    <nd ref="13190205695"/>
    <nd ref="13190205694"/>
    <nd ref="13190205693"/>
    <nd ref="13190205692"/>
    <nd ref="13190205691"/>
    <nd ref="13190205690"/>
    <nd ref="13190205689"/>
    <nd ref="13190205688"/>
    <nd ref="13190205687"/>
    <nd ref="13190205686"/>
    <nd ref="13190205685"/>
    <nd ref="13190205684"/>
    <nd ref="13190205683"/>
    <nd ref="13190205682"/>
    <nd ref="13190205681"/>
    <nd ref="13190205680"/>
    <nd ref="13190205679"/>
    <nd ref="13190205678"/>
    <nd ref="13190205677"/>
    <nd ref="13190205676"/>
    <nd ref="13190205675"/>
    <nd ref="13190205674"/>
    <nd ref="13190205673"/>
    <nd ref="13190205672"/>
    <nd ref="13190205671"/>
    <nd ref="13190205670"/>
    <nd ref="13190205669"/>
    <nd ref="13190205668"/>
    <nd ref="13190205704"/>
    <tag k="natural" v="wood"/>
  </way>
  <way id="1435030669" version="2" timestamp="2026-06-08T20:18:13Z" changeset="183846507" uid="10129333" user="solenoid jam">
    <nd ref="13190205708"/>
    <nd ref="13921106637"/>
    <nd ref="13921106633"/>
    <nd ref="13921106634"/>
    <nd ref="13921106635"/>
    <nd ref="13921106636"/>
    <nd ref="13190205707"/>
    <nd ref="13190205706"/>
    <nd ref="13190205705"/>
    <nd ref="13190205708"/>
    <tag k="landuse" v="construction"/>
    <tag k="note" v="будет 564 квартир"/>
    <tag k="opening_date" v="2028 Q2"/>
  </way>
  <relation id="414691" version="23" timestamp="2023-09-16T23:04:43Z" changeset="141361414" uid="8726248" user="traveleditor">
    <member type="way" ref="44353031" role=""/>
    <member type="way" ref="44353023" role=""/>
    <member type="way" ref="28858721" role=""/>
    <member type="way" ref="50854492" role=""/>
    <member type="way" ref="534156957" role=""/>
    <member type="way" ref="534156955" role=""/>
    <tag k="name" v="1-я Мясниковская улица"/>
    <tag k="type" v="street"/>
  </relation>
  <relation id="448785" version="116" timestamp="2026-04-12T12:45:53Z" changeset="181228141" uid="2055718" user="Bobropiton">
    <member type="node" ref="472373305" role="stop_entry_only"/>
    <member type="node" ref="5695552142" role="platform_entry_only"/>
    <member type="node" ref="4909436987" role="stop"/>
    <member type="way" ref="1243038513" role="platform"/>
    <member type="node" ref="919757151" role="stop"/>
    <member type="way" ref="1243038511" role="platform"/>
    <member type="node" ref="919757145" role="stop"/>
    <member type="node" ref="2387724652" role="platform"/>
    <member type="node" ref="683155027" role="stop"/>
    <member type="node" ref="1448720356" role="platform"/>
    <member type="node" ref="471970141" role="stop"/>
    <member type="node" ref="1448720350" role="platform"/>
    <member type="node" ref="471970142" role="stop"/>
    <member type="node" ref="1448720359" role="platform"/>
    <member type="node" ref="2371073737" role="stop"/>
    <member type="node" ref="1448720348" role="platform"/>
    <member type="node" ref="2371073740" role="stop"/>
    <member type="node" ref="1448720353" role="platform"/>
    <member type="node" ref="2371073751" role="stop"/>
    <member type="node" ref="10740298799" role="platform"/>
    <member type="node" ref="2360761231" role="stop"/>
    <member type="node" ref="10707838200" role="platform"/>
    <member type="node" ref="2360708033" role="stop"/>
    <member type="node" ref="10881866054" role="platform"/>
    <member type="node" ref="13725188935" role="stop"/>
    <member type="node" ref="13725188936" role="platform"/>
    <member type="node" ref="2360708026" role="stop"/>
    <member type="node" ref="3652633568" role="platform"/>
    <member type="node" ref="2360708034" role="stop"/>
    <member type="node" ref="3338239939" role="platform"/>
    <member type="node" ref="2358271807" role="stop"/>
    <member type="node" ref="10776604073" role="platform"/>
    <member type="node" ref="2358271811" role="stop"/>
    <member type="node" ref="10776604079" role="platform"/>
    <member type="node" ref="2358271809" role="stop"/>
    <member type="node" ref="4886738299" role="platform"/>
    <member type="node" ref="2358271813" role="stop"/>
    <member type="node" ref="4886738296" role="platform"/>
    <member type="node" ref="1992978967" role="stop"/>
    <member type="way" ref="303136154" role="platform"/>
    <member type="node" ref="3599958536" role="stop"/>
    <member type="way" ref="1305786260" role="platform"/>
    <member type="node" ref="1992979018" role="stop"/>
    <member type="way" ref="1150828066" role="platform"/>
    <member type="node" ref="1984518005" role="stop"/>
    <member type="way" ref="1170520082" role="platform"/>
    <member type="node" ref="1984517983" role="stop"/>
    <member type="way" ref="1170520075" role="platform"/>
    <member type="node" ref="1992955360" role="stop"/>
    <member type="node" ref="2447720013" role="platform"/>
    <member type="node" ref="1992955362" role="stop"/>
    <member type="node" ref="2447720028" role="platform"/>
    <member type="node" ref="1992955359" role="stop"/>
    <member type="node" ref="2447720008" role="platform"/>
    <member type="node" ref="1992955355" role="stop"/>
    <member type="node" ref="2447719991" role="platform"/>
    <member type="node" ref="1992955356" role="stop"/>
    <member type="node" ref="2447720001" role="platform"/>
    <member type="node" ref="1992955353" role="stop"/>
    <member type="node" ref="2447719994" role="platform"/>
    <member type="node" ref="1642815217" role="stop"/>
    <member type="node" ref="12187198052" role="platform"/>
    <member type="node" ref="287393749" role="stop"/>
    <member type="node" ref="5338293843" role="platform"/>
    <member type="node" ref="1984653753" role="stop"/>
    <member type="way" ref="1151059020" role="platform"/>
    <member type="node" ref="1984653757" role="stop"/>
    <member type="node" ref="10707781442" role="platform"/>
    <member type="node" ref="1984653783" role="stop"/>
    <member type="node" ref="10881523402" role="platform"/>
    <member type="node" ref="1984653805" role="stop"/>
    <member type="node" ref="10881523404" role="platform"/>
    <member type="node" ref="1984653779" role="stop"/>
    <member type="node" ref="10881614707" role="platform"/>
    <member type="node" ref="1984654046" role="stop"/>
    <member type="way" ref="1170956479" role="platform"/>
    <member type="node" ref="1984654067" role="stop"/>
    <member type="way" ref="1170956484" role="platform"/>
    <member type="node" ref="664687258" role="stop_exit_only"/>
    <member type="node" ref="4739808706" role="platform_exit_only"/>
    <member type="way" ref="108261913" role=""/>
    <member type="way" ref="1243038520" role=""/>
    <member type="way" ref="1293951824" role=""/>
    <member type="way" ref="84039103" role=""/>
    <member type="way" ref="1293951819" role=""/>
    <member type="way" ref="28504814" role=""/>
    <member type="way" ref="1243038519" role=""/>
    <member type="way" ref="45465502" role=""/>
    <member type="way" ref="28504815" role=""/>
    <member type="way" ref="1317476642" role=""/>
    <member type="way" ref="1293951816" role=""/>
    <member type="way" ref="307495519" role=""/>
    <member type="way" ref="1293951814" role=""/>
    <member type="way" ref="307495510" role=""/>
    <member type="way" ref="1293951812" role=""/>
    <member type="way" ref="1293951809" role=""/>
    <member type="way" ref="1293951806" role=""/>
    <member type="way" ref="1065715793" role=""/>
    <member type="way" ref="1293951805" role=""/>
    <member type="way" ref="1065715790" role=""/>
    <member type="way" ref="1293951802" role=""/>
    <member type="way" ref="1293951801" role=""/>
    <member type="way" ref="1293951800" role=""/>
    <member type="way" ref="1293951799" role=""/>
    <member type="way" ref="1293951794" role=""/>
    <member type="way" ref="1293951792" role=""/>
    <member type="way" ref="499706573" role=""/>
    <member type="way" ref="1331506619" role=""/>
    <member type="way" ref="1331506623" role=""/>
    <member type="way" ref="1331506622" role=""/>
    <member type="way" ref="1331506620" role=""/>
    <member type="way" ref="1331506627" role=""/>
    <member type="way" ref="1331506621" role=""/>
    <member type="way" ref="1293951784" role=""/>
    <member type="way" ref="137462750" role=""/>
    <member type="way" ref="137462739" role=""/>
    <member type="way" ref="227387316" role=""/>
    <member type="way" ref="1293616224" role=""/>
    <member type="way" ref="227387311" role=""/>
    <member type="way" ref="227387327" role=""/>
    <member type="way" ref="1293427451" role=""/>
    <member type="way" ref="227387321" role=""/>
    <member type="way" ref="1293427447" role=""/>
    <member type="way" ref="1293427449" role=""/>
    <member type="way" ref="227382073" role=""/>
    <member type="way" ref="1293427444" role=""/>
    <member type="way" ref="1293427443" role=""/>
    <member type="way" ref="1293427441" role=""/>
    <member type="way" ref="1293427438" role=""/>
    <member type="way" ref="1293427437" role=""/>
    <member type="way" ref="1293427435" role=""/>
    <member type="way" ref="1293427434" role=""/>
    <member type="way" ref="227097890" role=""/>
    <member type="way" ref="1293427431" role=""/>
    <member type="way" ref="227097892" role=""/>
    <member type="way" ref="227097902" role=""/>
    <member type="way" ref="227097894" role=""/>
    <member type="way" ref="1293039598" role=""/>
    <member type="way" ref="1293039597" role=""/>
    <member type="way" ref="1293039595" role=""/>
    <member type="way" ref="1293039593" role=""/>
    <member type="way" ref="1293039591" role=""/>
    <member type="way" ref="188198488" role=""/>
    <member type="way" ref="187816561" role=""/>
    <member type="way" ref="187812502" role=""/>
    <member type="way" ref="1291298394" role=""/>
    <member type="way" ref="1291298395" role=""/>
    <member type="way" ref="236799524" role=""/>
    <member type="way" ref="1291298391" role=""/>
    <member type="way" ref="1291298390" role=""/>
    <member type="way" ref="1291298388" role=""/>
    <member type="way" ref="1291298387" role=""/>
    <member type="way" ref="1291298384" role=""/>
    <member type="way" ref="1291298382" role=""/>
    <member type="way" ref="1291298379" role=""/>
    <member type="way" ref="1291298378" role=""/>
    <member type="way" ref="1291298376" role=""/>
    <member type="way" ref="1291298374" role=""/>
    <member type="way" ref="1291298372" role=""/>
    <member type="way" ref="1034455864" role=""/>
    <member type="way" ref="1291298369" role=""/>
    <member type="way" ref="1034455867" role=""/>
    <member type="way" ref="1291298367" role=""/>
    <member type="way" ref="1291298365" role=""/>
    <member type="way" ref="1291298364" role=""/>
    <member type="way" ref="151462919" role=""/>
    <member type="way" ref="1290274870" role=""/>
    <member type="way" ref="151464441" role=""/>
    <member type="way" ref="151464434" role=""/>
    <member type="way" ref="1290274872" role=""/>
    <member type="way" ref="1290274881" role=""/>
    <member type="way" ref="1290274873" role=""/>
    <member type="way" ref="1290274874" role=""/>
    <member type="way" ref="1290274876" role=""/>
    <member type="way" ref="1290274877" role=""/>
    <member type="way" ref="187822398" role=""/>
    <member type="way" ref="187822391" role=""/>
    <member type="way" ref="187822400" role=""/>
    <member type="way" ref="1290274968" role=""/>
    <member type="way" ref="1290274966" role=""/>
    <member type="way" ref="1290274965" role=""/>
    <member type="way" ref="1290274962" role=""/>
    <member type="way" ref="1290274960" role=""/>
    <member type="way" ref="856155849" role=""/>
    <member type="way" ref="1290274958" role=""/>
    <member type="way" ref="187990768" role=""/>
    <member type="way" ref="1290274955" role=""/>
    <member type="way" ref="1290274952" role=""/>
    <member type="way" ref="1290274951" role=""/>
    <member type="way" ref="1290274948" role=""/>
    <member type="way" ref="1290274947" role=""/>
    <member type="way" ref="1290274945" role=""/>
    <member type="way" ref="1290274944" role=""/>
    <member type="way" ref="1290274942" role=""/>
    <member type="way" ref="1290274940" role=""/>
    <member type="way" ref="1290274938" role=""/>
    <member type="way" ref="1290274935" role=""/>
    <member type="way" ref="1290274933" role=""/>
    <member type="way" ref="1290274931" role=""/>
    <member type="way" ref="1290274930" role=""/>
    <member type="way" ref="1290274929" role=""/>
    <member type="way" ref="100056494" role=""/>
    <tag k="air_conditioning" v="yes"/>
    <tag k="bicycle" v="yes"/>
    <tag k="blind" v="limited"/>
    <tag k="charge:all-in-one" v="90 RUB"/>
    <tag k="charge:cards" v="83 RUB"/>
    <tag k="charge:sbp" v="83 RUB"/>
    <tag k="charge:troika" v="75 RUB"/>
    <tag k="charge:troika_qr" v="75 RUB"/>
    <tag k="check_date" v="2023-05-11"/>
    <tag k="colour" v="black"/>
    <tag k="deaf" v="yes"/>
    <tag k="fee" v="yes"/>
    <tag k="fine:ticketless" v="5000 RUB"/>
    <tag k="from" v="Курский вокзал"/>
    <tag k="name" v="Трамвай 4: Курский вокзал =&gt; Метро «Бульвар Рокоссовского»"/>
    <tag k="name:uk" v="Трамвай 4: Курський вокзал =&gt; Метро «Бульвар Рокосовського»"/>
    <tag k="network" v="Московский транспорт"/>
    <tag k="operator" v="ГУП «Московский метрополитен»"/>
    <tag k="payment:cards" v="yes"/>
    <tag k="payment:cash" v="no"/>
    <tag k="payment:contactless" v="yes"/>
    <tag k="payment:maestro" v="no"/>
    <tag k="payment:mastercard" v="no"/>
    <tag k="payment:mir" v="yes"/>
    <tag k="payment:nfc" v="yes"/>
    <tag k="payment:podorozhnik" v="no"/>
    <tag k="payment:sbp" v="yes"/>
    <tag k="payment:social_cards" v="yes"/>
    <tag k="payment:strelka" v="no"/>
    <tag k="payment:troika" v="yes"/>
    <tag k="payment:visa" v="no"/>
    <tag k="public_transport:version" v="2"/>
    <tag k="ref" v="4"/>
    <tag k="route" v="tram"/>
    <tag k="source" v="Реестр маршрутов города Москвы"/>
    <tag k="to" v="Метро «Бульвар Рокоссовского»"/>
    <tag k="tram_class:length" v="4;5"/>
    <tag k="type" v="route"/>
    <tag k="website" v="https://transport.mos.ru/transport/schedule/route/141501926"/>
    <tag k="wheelchair" v="yes"/>
    <tag k="wikidata" v="Q122585346"/>
  </relation>
  <relation id="556900" version="144" timestamp="2026-02-12T19:46:20Z" changeset="178473203" uid="2055718" user="Bobropiton">
    <member type="node" ref="5041552959" role="stop_entry_only"/>
    <member type="way" ref="551509578" role="platform_entry_only"/>
    <member type="node" ref="6173481392" role="stop"/>
    <member type="way" ref="612016733" role="platform"/>
    <member type="node" ref="1927810164" role="stop"/>
    <member type="way" ref="660107462" role="platform"/>
    <member type="node" ref="4291992645" role="stop"/>
    <member type="way" ref="660107460" role="platform"/>
    <member type="node" ref="4291992592" role="stop"/>
    <member type="way" ref="660107456" role="platform"/>
    <member type="node" ref="1257401467" role="stop"/>
    <member type="node" ref="10879775255" role="platform"/>
    <member type="node" ref="12464935104" role="stop"/>
    <member type="way" ref="1346070416" role="platform"/>
    <member type="node" ref="3007312924" role="stop"/>
    <member type="way" ref="1346070406" role="platform"/>
    <member type="node" ref="3016721033" role="stop"/>
    <member type="way" ref="1170420989" role="platform"/>
    <member type="node" ref="473120396" role="stop"/>
    <member type="way" ref="1170420984" role="platform"/>
    <member type="node" ref="473120397" role="stop"/>
    <member type="way" ref="265786612" role="platform"/>
    <member type="node" ref="3016214896" role="stop"/>
    <member type="node" ref="10879826645" role="platform"/>
    <member type="node" ref="473120399" role="stop"/>
    <member type="node" ref="10879826642" role="platform"/>
    <member type="node" ref="473120400" role="stop"/>
    <member type="node" ref="10879826640" role="platform"/>
    <member type="node" ref="4656724435" role="stop"/>
    <member type="node" ref="10879826620" role="platform"/>
    <member type="node" ref="473120401" role="stop"/>
    <member type="node" ref="10219493910" role="platform"/>
    <member type="node" ref="473120402" role="stop"/>
    <member type="way" ref="1170509261" role="platform"/>
    <member type="node" ref="4291989484" role="stop"/>
    <member type="way" ref="1170509259" role="platform"/>
    <member type="node" ref="473120404" role="stop"/>
    <member type="way" ref="1430068538" role="platform"/>
    <member type="node" ref="11987259526" role="stop"/>
    <member type="way" ref="1430068536" role="platform"/>
    <member type="node" ref="13134322144" role="stop"/>
    <member type="node" ref="13125509281" role="platform"/>
    <member type="node" ref="471943151" role="stop"/>
    <member type="relation" ref="19172764" role="platform"/>
    <member type="node" ref="471943152" role="stop"/>
    <member type="way" ref="481040044" role="platform"/>
    <member type="node" ref="1992978967" role="stop"/>
    <member type="way" ref="303136154" role="platform"/>
    <member type="node" ref="3599958536" role="stop"/>
    <member type="way" ref="1305786260" role="platform"/>
    <member type="node" ref="1992979018" role="stop"/>
    <member type="way" ref="1150828066" role="platform"/>
    <member type="node" ref="1984517976" role="stop"/>
    <member type="node" ref="1370928619" role="platform"/>
    <member type="node" ref="1984518151" role="stop"/>
    <member type="way" ref="201799120" role="platform"/>
    <member type="node" ref="1984518163" role="stop"/>
    <member type="way" ref="497040454" role="platform"/>
    <member type="node" ref="1984518195" role="stop"/>
    <member type="node" ref="2218406251" role="platform"/>
    <member type="node" ref="1984681607" role="stop"/>
    <member type="node" ref="5763811227" role="platform"/>
    <member type="node" ref="1984681624" role="stop"/>
    <member type="node" ref="288329115" role="platform"/>
    <member type="node" ref="1984681574" role="stop"/>
    <member type="node" ref="10881644526" role="platform"/>
    <member type="node" ref="1984681580" role="stop"/>
    <member type="node" ref="10881644524" role="platform"/>
    <member type="node" ref="1984682066" role="stop"/>
    <member type="node" ref="5133966222" role="platform"/>
    <member type="node" ref="1984681646" role="stop"/>
    <member type="node" ref="6368043532" role="platform"/>
    <member type="node" ref="1984653753" role="stop"/>
    <member type="way" ref="1151059020" role="platform"/>
    <member type="node" ref="1984653757" role="stop"/>
    <member type="node" ref="10707781442" role="platform"/>
    <member type="node" ref="1984653783" role="stop"/>
    <member type="node" ref="10881523402" role="platform"/>
    <member type="node" ref="1984653805" role="stop"/>
    <member type="node" ref="10881523404" role="platform"/>
    <member type="node" ref="1984653779" role="stop"/>
    <member type="node" ref="10881614707" role="platform"/>
    <member type="node" ref="1984654046" role="stop"/>
    <member type="way" ref="1170956479" role="platform"/>
    <member type="node" ref="1984654067" role="stop"/>
    <member type="way" ref="1170956484" role="platform"/>
    <member type="node" ref="664687258" role="stop_exit_only"/>
    <member type="node" ref="4739808706" role="platform_exit_only"/>
    <member type="way" ref="1293396951" role=""/>
    <member type="way" ref="1293396956" role=""/>
    <member type="way" ref="1293396954" role=""/>
    <member type="way" ref="1293396952" role=""/>
    <member type="way" ref="182431546" role=""/>
    <member type="way" ref="1293396947" role=""/>
    <member type="way" ref="1293396946" role=""/>
    <member type="way" ref="1293396925" role=""/>
    <member type="way" ref="309117268" role=""/>
    <member type="way" ref="1293396921" role=""/>
    <member type="way" ref="309117269" role=""/>
    <member type="way" ref="1293396919" role=""/>
    <member type="way" ref="1293396920" role=""/>
    <member type="way" ref="1293396915" role=""/>
    <member type="way" ref="1293396913" role=""/>
    <member type="way" ref="309118048" role=""/>
    <member type="way" ref="1293104338" role=""/>
    <member type="way" ref="309118044" role=""/>
    <member type="way" ref="1293104336" role=""/>
    <member type="way" ref="1293104335" role=""/>
    <member type="way" ref="1293104332" role=""/>
    <member type="way" ref="1293104330" role=""/>
    <member type="way" ref="1293104329" role=""/>
    <member type="way" ref="1293104326" role=""/>
    <member type="way" ref="1293104324" role=""/>
    <member type="way" ref="1293104323" role=""/>
    <member type="way" ref="1293104320" role=""/>
    <member type="way" ref="1293104318" role=""/>
    <member type="way" ref="1293104316" role=""/>
    <member type="way" ref="1293104314" role=""/>
    <member type="way" ref="1293104313" role=""/>
    <member type="way" ref="1293104310" role=""/>
    <member type="way" ref="1293104308" role=""/>
    <member type="way" ref="1293104306" role=""/>
    <member type="way" ref="1293104304" role=""/>
    <member type="way" ref="1293104303" role=""/>
    <member type="way" ref="1293104301" role=""/>
    <member type="way" ref="1293104299" role=""/>
    <member type="way" ref="1293104298" role=""/>
    <member type="way" ref="1293104296" role=""/>
    <member type="way" ref="297710027" role=""/>
    <member type="way" ref="1293104294" role=""/>
    <member type="way" ref="1293104291" role=""/>
    <member type="way" ref="1293104290" role=""/>
    <member type="way" ref="1293104289" role=""/>
    <member type="way" ref="1293104285" role=""/>
    <member type="way" ref="1293104283" role=""/>
    <member type="way" ref="1293104282" role=""/>
    <member type="way" ref="426929340" role=""/>
    <member type="way" ref="1293104279" role=""/>
    <member type="way" ref="1293104278" role=""/>
    <member type="way" ref="1293104275" role=""/>
    <member type="way" ref="1293104273" role=""/>
    <member type="way" ref="1293104272" role=""/>
    <member type="way" ref="1293104270" role=""/>
    <member type="way" ref="426929352" role=""/>
    <member type="way" ref="1293104267" role=""/>
    <member type="way" ref="211483881" role=""/>
    <member type="way" ref="229700254" role=""/>
    <member type="way" ref="1293039618" role=""/>
    <member type="way" ref="227097899" role=""/>
    <member type="way" ref="1428765410" role=""/>
    <member type="way" ref="1293039617" role=""/>
    <member type="way" ref="1293039614" role=""/>
    <member type="way" ref="1293039613" role=""/>
    <member type="way" ref="1293039611" role=""/>
    <member type="way" ref="1293039609" role=""/>
    <member type="way" ref="1293039607" role=""/>
    <member type="way" ref="1293039605" role=""/>
    <member type="way" ref="1293039602" role=""/>
    <member type="way" ref="1293039601" role=""/>
    <member type="way" ref="211483891" role=""/>
    <member type="way" ref="188675674" role=""/>
    <member type="way" ref="227097894" role=""/>
    <member type="way" ref="1293039598" role=""/>
    <member type="way" ref="1293039597" role=""/>
    <member type="way" ref="1293039595" role=""/>
    <member type="way" ref="1293039593" role=""/>
    <member type="way" ref="1293039591" role=""/>
    <member type="way" ref="188198486" role=""/>
    <member type="way" ref="187812501" role=""/>
    <member type="way" ref="1291298399" role=""/>
    <member type="way" ref="187812489" role=""/>
    <member type="way" ref="187812498" role=""/>
    <member type="way" ref="1291298403" role=""/>
    <member type="way" ref="187812471" role=""/>
    <member type="way" ref="1291298404" role=""/>
    <member type="way" ref="538432997" role=""/>
    <member type="way" ref="187812495" role=""/>
    <member type="way" ref="1291298407" role=""/>
    <member type="way" ref="1291298409" role=""/>
    <member type="way" ref="187812487" role=""/>
    <member type="way" ref="1291298411" role=""/>
    <member type="way" ref="187812485" role=""/>
    <member type="way" ref="187824532" role=""/>
    <member type="way" ref="1290274912" role=""/>
    <member type="way" ref="188195941" role=""/>
    <member type="way" ref="1290274910" role=""/>
    <member type="way" ref="1290274908" role=""/>
    <member type="way" ref="1290274907" role=""/>
    <member type="way" ref="1290274905" role=""/>
    <member type="way" ref="1290274903" role=""/>
    <member type="way" ref="1290274901" role=""/>
    <member type="way" ref="1290274899" role=""/>
    <member type="way" ref="1290274897" role=""/>
    <member type="way" ref="1290274895" role=""/>
    <member type="way" ref="1290274893" role=""/>
    <member type="way" ref="1290274891" role=""/>
    <member type="way" ref="1290274889" role=""/>
    <member type="way" ref="1290274887" role=""/>
    <member type="way" ref="1290274886" role=""/>
    <member type="way" ref="1290274883" role=""/>
    <member type="way" ref="187822404" role=""/>
    <member type="way" ref="187822400" role=""/>
    <member type="way" ref="1290274968" role=""/>
    <member type="way" ref="1290274966" role=""/>
    <member type="way" ref="1290274965" role=""/>
    <member type="way" ref="1290274962" role=""/>
    <member type="way" ref="1290274960" role=""/>
    <member type="way" ref="856155849" role=""/>
    <member type="way" ref="1290274958" role=""/>
    <member type="way" ref="187990768" role=""/>
    <member type="way" ref="1290274955" role=""/>
    <member type="way" ref="1290274952" role=""/>
    <member type="way" ref="1290274951" role=""/>
    <member type="way" ref="1290274948" role=""/>
    <member type="way" ref="1290274947" role=""/>
    <member type="way" ref="1290274945" role=""/>
    <member type="way" ref="1290274944" role=""/>
    <member type="way" ref="1290274942" role=""/>
    <member type="way" ref="1290274940" role=""/>
    <member type="way" ref="1290274938" role=""/>
    <member type="way" ref="1290274935" role=""/>
    <member type="way" ref="1290274933" role=""/>
    <member type="way" ref="1290274931" role=""/>
    <member type="way" ref="1290274930" role=""/>
    <member type="way" ref="1290274929" role=""/>
    <member type="way" ref="100056494" role=""/>
    <tag k="air_conditioning" v="yes"/>
    <tag k="bicycle" v="yes"/>
    <tag k="blind" v="limited"/>
    <tag k="charge:all-in-one" v="90 RUB"/>
    <tag k="charge:cards" v="83 RUB"/>
    <tag k="charge:sbp" v="83 RUB"/>
    <tag k="charge:troika" v="75 RUB"/>
    <tag k="charge:troika_qr" v="75 RUB"/>
    <tag k="check_date" v="2023-05-11"/>
    <tag k="colour" v="black"/>
    <tag k="deaf" v="yes"/>
    <tag k="fee" v="yes"/>
    <tag k="fine:ticketless" v="5000 RUB"/>
    <tag k="from" v="Белорусский вокзал"/>
    <tag k="name" v="Трамвай 7: Белорусский вокзал =&gt; Метро «Бульвар Рокоссовского»"/>
    <tag k="name:uk" v="Трамвай 7: Білоруський вокзал =&gt; Метро «Бульвар Рокосовського»"/>
    <tag k="network" v="Московский транспорт"/>
    <tag k="operator" v="ГУП «Московский метрополитен»"/>
    <tag k="payment:cards" v="yes"/>
    <tag k="payment:cash" v="no"/>
    <tag k="payment:contactless" v="yes"/>
    <tag k="payment:maestro" v="no"/>
    <tag k="payment:mastercard" v="no"/>
    <tag k="payment:mir" v="yes"/>
    <tag k="payment:nfc" v="yes"/>
    <tag k="payment:podorozhnik" v="no"/>
    <tag k="payment:sbp" v="yes"/>
    <tag k="payment:social_cards" v="yes"/>
    <tag k="payment:strelka" v="no"/>
    <tag k="payment:troika" v="yes"/>
    <tag k="payment:visa" v="no"/>
    <tag k="public_transport:version" v="2"/>
    <tag k="ref" v="7"/>
    <tag k="route" v="tram"/>
    <tag k="source" v="Реестр маршрутов города Москвы"/>
    <tag k="to" v="Метро «Бульвар Рокоссовского»"/>
    <tag k="tram_class:length" v="5"/>
    <tag k="type" v="route"/>
    <tag k="website" v="https://transport.mos.ru/transport/schedule/route/867"/>
    <tag k="wheelchair" v="yes"/>
    <tag k="wikidata" v="Q122585349"/>
  </relation>
  <relation id="576886" version="6" timestamp="2023-08-25T13:43:31Z" changeset="140373675" uid="11978982" user="mappinglander">
    <member type="node" ref="267607868" role="via"/>
    <member type="way" ref="165542726" role="from"/>
    <member type="way" ref="165542726" role="to"/>
    <tag k="restriction" v="no_u_turn"/>
    <tag k="type" v="restriction"/>
  </relation>
  <relation id="579594" version="5" timestamp="2023-08-25T13:43:31Z" changeset="140373675" uid="11978982" user="mappinglander">
    <member type="way" ref="9963565" role="from"/>
    <member type="way" ref="9963565" role="to"/>
    <member type="node" ref="81795448" role="via"/>
    <tag k="restriction" v="no_u_turn"/>
    <tag k="type" v="restriction"/>
  </relation>
  <relation id="580192" version="5" timestamp="2023-08-25T13:43:31Z" changeset="140373675" uid="11978982" user="mappinglander">
    <member type="way" ref="30081656" role="from"/>
    <member type="way" ref="30081656" role="to"/>
    <member type="node" ref="626329516" role="via"/>
    <tag k="restriction" v="no_u_turn"/>
    <tag k="type" v="restriction"/>
  </relation>
  <relation id="581479" version="5" timestamp="2023-08-25T13:43:31Z" changeset="140373675" uid="11978982" user="mappinglander">
    <member type="way" ref="49322883" role="from"/>
    <member type="way" ref="49322883" role="to"/>
    <member type="node" ref="83409991" role="via"/>
    <tag k="restriction" v="no_u_turn"/>
    <tag k="type" v="restriction"/>
  </relation>
  <relation id="581888" version="6" timestamp="2023-08-25T13:43:31Z" changeset="140373675" uid="11978982" user="mappinglander">
    <member type="way" ref="9702111" role="from"/>
    <member type="way" ref="9702111" role="to"/>
    <member type="node" ref="267607871" role="via"/>
    <tag k="restriction" v="no_u_turn"/>
    <tag k="type" v="restriction"/>
  </relation>
  <relation id="1082824" version="117" timestamp="2026-04-12T12:45:53Z" changeset="181228141" uid="2055718" user="Bobropiton">
    <member type="node" ref="471836117" role="stop_entry_only"/>
    <member type="way" ref="1150819560" role="platform_entry_only"/>
    <member type="node" ref="1984654065" role="stop"/>
    <member type="way" ref="1170956482" role="platform"/>
    <member type="node" ref="1984653987" role="stop"/>
    <member type="way" ref="1170956481" role="platform"/>
    <member type="node" ref="1984653782" role="stop"/>
    <member type="node" ref="10881614706" role="platform"/>
    <member type="node" ref="1984653803" role="stop"/>
    <member type="node" ref="10881614705" role="platform"/>
    <member type="node" ref="1984653797" role="stop"/>
    <member type="node" ref="10881523403" role="platform"/>
    <member type="node" ref="1984653772" role="stop"/>
    <member type="node" ref="10707781441" role="platform"/>
    <member type="node" ref="275350289" role="stop"/>
    <member type="node" ref="10707781449" role="platform"/>
    <member type="node" ref="718450772" role="stop"/>
    <member type="way" ref="1151059022" role="platform"/>
    <member type="node" ref="239836747" role="stop"/>
    <member type="node" ref="2447720021" role="platform"/>
    <member type="node" ref="1992955354" role="stop"/>
    <member type="node" ref="2447719993" role="platform"/>
    <member type="node" ref="1992955357" role="stop"/>
    <member type="node" ref="2447720002" role="platform"/>
    <member type="node" ref="1992955352" role="stop"/>
    <member type="node" ref="2447719992" role="platform"/>
    <member type="node" ref="1992955358" role="stop"/>
    <member type="node" ref="2447720007" role="platform"/>
    <member type="node" ref="1992955363" role="stop"/>
    <member type="node" ref="9652091501" role="platform"/>
    <member type="node" ref="1992955361" role="stop"/>
    <member type="node" ref="2447720012" role="platform"/>
    <member type="node" ref="826381884" role="stop"/>
    <member type="way" ref="1170520076" role="platform"/>
    <member type="node" ref="1984517985" role="stop"/>
    <member type="node" ref="9652091506" role="platform"/>
    <member type="node" ref="1992978972" role="stop"/>
    <member type="way" ref="1150828067" role="platform"/>
    <member type="node" ref="3599958537" role="stop"/>
    <member type="way" ref="1305786261" role="platform"/>
    <member type="node" ref="1992978966" role="stop"/>
    <member type="way" ref="303136155" role="platform"/>
    <member type="node" ref="1992978970" role="stop"/>
    <member type="way" ref="481040050" role="platform"/>
    <member type="node" ref="2358271808" role="stop"/>
    <member type="node" ref="4886738297" role="platform"/>
    <member type="node" ref="2358271810" role="stop"/>
    <member type="node" ref="4886738298" role="platform"/>
    <member type="node" ref="2358271812" role="stop"/>
    <member type="node" ref="10776604077" role="platform"/>
    <member type="node" ref="2360708029" role="stop"/>
    <member type="node" ref="10776604070" role="platform"/>
    <member type="node" ref="2360708036" role="stop"/>
    <member type="node" ref="3338239940" role="platform"/>
    <member type="node" ref="2360708027" role="stop"/>
    <member type="node" ref="3344055846" role="platform"/>
    <member type="node" ref="13725188934" role="stop"/>
    <member type="node" ref="13725188937" role="platform"/>
    <member type="node" ref="2360708032" role="stop"/>
    <member type="node" ref="10881866055" role="platform"/>
    <member type="node" ref="2360761234" role="stop"/>
    <member type="node" ref="10707838202" role="platform"/>
    <member type="node" ref="2371073747" role="stop"/>
    <member type="node" ref="10875824062" role="platform"/>
    <member type="node" ref="2371073744" role="stop"/>
    <member type="way" ref="1331506635" role="platform"/>
    <member type="node" ref="2371073733" role="stop"/>
    <member type="node" ref="1448720349" role="platform"/>
    <member type="node" ref="4909436992" role="stop"/>
    <member type="node" ref="978408747" role="platform"/>
    <member type="node" ref="735092559" role="stop"/>
    <member type="node" ref="1448720352" role="platform"/>
    <member type="node" ref="735092561" role="stop"/>
    <member type="node" ref="1448720355" role="platform"/>
    <member type="node" ref="3012825593" role="stop"/>
    <member type="node" ref="2387723899" role="platform"/>
    <member type="node" ref="3012825597" role="stop"/>
    <member type="way" ref="1243038510" role="platform"/>
    <member type="node" ref="919757130" role="stop"/>
    <member type="way" ref="1243038512" role="platform"/>
    <member type="node" ref="472373305" role="stop_exit_only"/>
    <member type="node" ref="5695552142" role="platform_exit_only"/>
    <member type="way" ref="1290274928" role=""/>
    <member type="way" ref="1290274932" role=""/>
    <member type="way" ref="1290274934" role=""/>
    <member type="way" ref="1290274936" role=""/>
    <member type="way" ref="1290274937" role=""/>
    <member type="way" ref="1290274939" role=""/>
    <member type="way" ref="1290274941" role=""/>
    <member type="way" ref="1290274943" role=""/>
    <member type="way" ref="1290274946" role=""/>
    <member type="way" ref="1290274950" role=""/>
    <member type="way" ref="1290274949" role=""/>
    <member type="way" ref="1290274953" role=""/>
    <member type="way" ref="1290274954" role=""/>
    <member type="way" ref="1290274956" role=""/>
    <member type="way" ref="1290274957" role=""/>
    <member type="way" ref="187820391" role=""/>
    <member type="way" ref="1290274959" role=""/>
    <member type="way" ref="1290274961" role=""/>
    <member type="way" ref="1290274963" role=""/>
    <member type="way" ref="1290274964" role=""/>
    <member type="way" ref="1290274967" role=""/>
    <member type="way" ref="1290274969" role=""/>
    <member type="way" ref="187990764" role=""/>
    <member type="way" ref="187826595" role=""/>
    <member type="way" ref="1290274878" role=""/>
    <member type="way" ref="1290274879" role=""/>
    <member type="way" ref="188178537" role=""/>
    <member type="way" ref="1290274875" role=""/>
    <member type="way" ref="1290274880" role=""/>
    <member type="way" ref="1290274871" role=""/>
    <member type="way" ref="151464438" role=""/>
    <member type="way" ref="151464435" role=""/>
    <member type="way" ref="1290274869" role=""/>
    <member type="way" ref="151462923" role=""/>
    <member type="way" ref="1291298363" role=""/>
    <member type="way" ref="1291298366" role=""/>
    <member type="way" ref="1291298368" role=""/>
    <member type="way" ref="1034455866" role=""/>
    <member type="way" ref="1291298370" role=""/>
    <member type="way" ref="1034455865" role=""/>
    <member type="way" ref="1291298371" role=""/>
    <member type="way" ref="1291298373" role=""/>
    <member type="way" ref="1291298375" role=""/>
    <member type="way" ref="1291298377" role=""/>
    <member type="way" ref="1291298380" role=""/>
    <member type="way" ref="1291298381" role=""/>
    <member type="way" ref="1291298383" role=""/>
    <member type="way" ref="1291298385" role=""/>
    <member type="way" ref="1291298386" role=""/>
    <member type="way" ref="1291298389" role=""/>
    <member type="way" ref="1291298392" role=""/>
    <member type="way" ref="151462924" role=""/>
    <member type="way" ref="1291298396" role=""/>
    <member type="way" ref="1291298393" role=""/>
    <member type="way" ref="1291298398" role=""/>
    <member type="way" ref="187812497" role=""/>
    <member type="way" ref="1291298397" role=""/>
    <member type="way" ref="236799523" role=""/>
    <member type="way" ref="188198489" role=""/>
    <member type="way" ref="1293039590" role=""/>
    <member type="way" ref="1293039592" role=""/>
    <member type="way" ref="1293039594" role=""/>
    <member type="way" ref="1293039596" role=""/>
    <member type="way" ref="1293039599" role=""/>
    <member type="way" ref="188675673" role=""/>
    <member type="way" ref="227097900" role=""/>
    <member type="way" ref="227097893" role=""/>
    <member type="way" ref="1293427432" role=""/>
    <member type="way" ref="227097889" role=""/>
    <member type="way" ref="1293427433" role=""/>
    <member type="way" ref="1293427436" role=""/>
    <member type="way" ref="1293427439" role=""/>
    <member type="way" ref="1293427440" role=""/>
    <member type="way" ref="1293427442" role=""/>
    <member type="way" ref="1293427445" role=""/>
    <member type="way" ref="227097896" role=""/>
    <member type="way" ref="1293427448" role=""/>
    <member type="way" ref="1293427446" role=""/>
    <member type="way" ref="227387320" role=""/>
    <member type="way" ref="1293427450" role=""/>
    <member type="way" ref="227387324" role=""/>
    <member type="way" ref="227387309" role=""/>
    <member type="way" ref="1293616223" role=""/>
    <member type="way" ref="227387313" role=""/>
    <member type="way" ref="137462740" role=""/>
    <member type="way" ref="137462749" role=""/>
    <member type="way" ref="1293951782" role=""/>
    <member type="way" ref="1293951783" role=""/>
    <member type="way" ref="1293951786" role=""/>
    <member type="way" ref="448226962" role=""/>
    <member type="way" ref="1293951787" role=""/>
    <member type="way" ref="1331506624" role=""/>
    <member type="way" ref="1331506628" role=""/>
    <member type="way" ref="1293951797" role=""/>
    <member type="way" ref="1293951796" role=""/>
    <member type="way" ref="1293951795" role=""/>
    <member type="way" ref="1293951804" role=""/>
    <member type="way" ref="1293951803" role=""/>
    <member type="way" ref="1150475097" role=""/>
    <member type="way" ref="1065715793" role=""/>
    <member type="way" ref="1150475098" role=""/>
    <member type="way" ref="1293951807" role=""/>
    <member type="way" ref="1293951808" role=""/>
    <member type="way" ref="1293951810" role=""/>
    <member type="way" ref="1293951811" role=""/>
    <member type="way" ref="45465501" role=""/>
    <member type="way" ref="1293951813" role=""/>
    <member type="way" ref="307495511" role=""/>
    <member type="way" ref="1293951815" role=""/>
    <member type="way" ref="1317476643" role=""/>
    <member type="way" ref="307495525" role=""/>
    <member type="way" ref="297401474" role=""/>
    <member type="way" ref="1293951817" role=""/>
    <member type="way" ref="1293951818" role=""/>
    <member type="way" ref="297401473" role=""/>
    <member type="way" ref="1293951820" role=""/>
    <member type="way" ref="1293951821" role=""/>
    <member type="way" ref="1293951822" role=""/>
    <member type="way" ref="55334963" role=""/>
    <member type="way" ref="1293951823" role=""/>
    <member type="way" ref="84039109" role=""/>
    <member type="way" ref="1293951825" role=""/>
    <member type="way" ref="1293951826" role=""/>
    <member type="way" ref="296734762" role=""/>
    <tag k="air_conditioning" v="yes"/>
    <tag k="bicycle" v="yes"/>
    <tag k="blind" v="limited"/>
    <tag k="charge:all-in-one" v="90 RUB"/>
    <tag k="charge:cards" v="83 RUB"/>
    <tag k="charge:sbp" v="83 RUB"/>
    <tag k="charge:troika" v="75 RUB"/>
    <tag k="charge:troika_qr" v="75 RUB"/>
    <tag k="check_date" v="2023-05-11"/>
    <tag k="colour" v="black"/>
    <tag k="deaf" v="yes"/>
    <tag k="fee" v="yes"/>
    <tag k="fine:ticketless" v="5000 RUB"/>
    <tag k="from" v="Метро «Бульвар Рокоссовского»"/>
    <tag k="name" v="Трамвай 4: Метро «Бульвар Рокоссовского» =&gt; Курский вокзал"/>
    <tag k="name:uk" v="Трамвай 4: Метро &quot;Бульвар Рокосовського&quot; =&gt; Курський вокзал"/>
    <tag k="network" v="Московский транспорт"/>
    <tag k="operator" v="ГУП «Московский метрополитен»"/>
    <tag k="payment:cards" v="yes"/>
    <tag k="payment:cash" v="no"/>
    <tag k="payment:contactless" v="yes"/>
    <tag k="payment:maestro" v="no"/>
    <tag k="payment:mastercard" v="no"/>
    <tag k="payment:mir" v="yes"/>
    <tag k="payment:nfc" v="yes"/>
    <tag k="payment:podorozhnik" v="no"/>
    <tag k="payment:sbp" v="yes"/>
    <tag k="payment:social_cards" v="yes"/>
    <tag k="payment:strelka" v="no"/>
    <tag k="payment:troika" v="yes"/>
    <tag k="payment:visa" v="no"/>
    <tag k="public_transport:version" v="2"/>
    <tag k="ref" v="4"/>
    <tag k="route" v="tram"/>
    <tag k="source" v="Реестр маршрутов города Москвы"/>
    <tag k="to" v="Курский вокзал"/>
    <tag k="tram_class:length" v="4;5"/>
    <tag k="type" v="route"/>
    <tag k="website" v="https://transport.mos.ru/transport/schedule/route/141501926"/>
    <tag k="wheelchair" v="yes"/>
    <tag k="wikidata" v="Q122585346"/>
  </relation>
  <relation id="1538171" version="152" timestamp="2026-05-25T20:48:25Z" changeset="183177154" uid="2055718" user="Bobropiton">
    <member type="node" ref="3012611709" role="stop_entry_only"/>
    <member type="node" ref="7965791880" role="platform_entry_only"/>
    <member type="node" ref="472383735" role="stop"/>
    <member type="node" ref="7965791881" role="platform"/>
    <member type="node" ref="3012611732" role="stop"/>
    <member type="node" ref="7965791882" role="platform"/>
    <member type="node" ref="3012612537" role="stop"/>
    <member type="node" ref="7965791883" role="platform"/>
    <member type="node" ref="3012677949" role="stop"/>
    <member type="node" ref="7965791884" role="platform"/>
    <member type="node" ref="801201701" role="stop"/>
    <member type="node" ref="12222120888" role="platform"/>
    <member type="node" ref="472373349" role="stop"/>
    <member type="node" ref="10776523816" role="platform"/>
    <member type="node" ref="846185163" role="stop"/>
    <member type="way" ref="1317476645" role="platform"/>
    <member type="node" ref="846185156" role="stop"/>
    <member type="way" ref="1317476641" role="platform"/>
    <member type="node" ref="846185158" role="stop"/>
    <member type="node" ref="1448713874" role="platform"/>
    <member type="node" ref="471763710" role="stop"/>
    <member type="node" ref="1179866596" role="platform"/>
    <member type="node" ref="12255909526" role="stop"/>
    <member type="node" ref="12255909525" role="platform"/>
    <member type="node" ref="12199138416" role="stop"/>
    <member type="way" ref="1318122117" role="platform"/>
    <member type="node" ref="1507754563" role="stop"/>
    <member type="node" ref="10707860015" role="platform"/>
    <member type="node" ref="1479448341" role="stop"/>
    <member type="way" ref="1318155552" role="platform"/>
    <member type="node" ref="1479448346" role="stop"/>
    <member type="way" ref="1485484763" role="platform"/>
    <member type="node" ref="1479448348" role="stop"/>
    <member type="node" ref="10881799086" role="platform"/>
    <member type="node" ref="13442295396" role="stop"/>
    <member type="node" ref="13442236776" role="platform"/>
    <member type="node" ref="13442303315" role="stop"/>
    <member type="way" ref="1435892076" role="platform"/>
    <member type="node" ref="1479448334" role="stop"/>
    <member type="way" ref="1465585297" role="platform"/>
    <member type="node" ref="1479448332" role="stop"/>
    <member type="node" ref="4909436997" role="platform"/>
    <member type="node" ref="1479448350" role="stop"/>
    <member type="node" ref="10881867416" role="platform"/>
    <member type="node" ref="1479448342" role="stop"/>
    <member type="node" ref="10881867419" role="platform"/>
    <member type="node" ref="1479448338" role="stop"/>
    <member type="node" ref="10881867418" role="platform"/>
    <member type="node" ref="1475300562" role="stop"/>
    <member type="node" ref="4909443201" role="platform"/>
    <member type="node" ref="1475300537" role="stop"/>
    <member type="way" ref="1429897673" role="platform"/>
    <member type="node" ref="1865721078" role="stop"/>
    <member type="node" ref="10881230005" role="platform"/>
    <member type="node" ref="695657549" role="stop"/>
    <member type="node" ref="10881177303" role="platform"/>
    <member type="node" ref="1984681607" role="stop"/>
    <member type="node" ref="5763811227" role="platform"/>
    <member type="node" ref="1984681624" role="stop"/>
    <member type="node" ref="288329115" role="platform"/>
    <member type="node" ref="1984681574" role="stop"/>
    <member type="node" ref="10881644526" role="platform"/>
    <member type="node" ref="1984681580" role="stop"/>
    <member type="node" ref="10881644524" role="platform"/>
    <member type="node" ref="1984682066" role="stop"/>
    <member type="node" ref="5133966222" role="platform"/>
    <member type="node" ref="1984681646" role="stop"/>
    <member type="node" ref="6368043532" role="platform"/>
    <member type="node" ref="1984653753" role="stop"/>
    <member type="way" ref="1151059020" role="platform"/>
    <member type="node" ref="1984653757" role="stop"/>
    <member type="node" ref="10707781442" role="platform"/>
    <member type="node" ref="1984653783" role="stop"/>
    <member type="node" ref="10881523402" role="platform"/>
    <member type="node" ref="1984653805" role="stop"/>
    <member type="node" ref="10881523404" role="platform"/>
    <member type="node" ref="1984653779" role="stop"/>
    <member type="node" ref="10881614707" role="platform"/>
    <member type="node" ref="1984654046" role="stop"/>
    <member type="way" ref="1170956479" role="platform"/>
    <member type="node" ref="1984654067" role="stop"/>
    <member type="way" ref="1170956484" role="platform"/>
    <member type="node" ref="471831418" role="stop"/>
    <member type="node" ref="4739808706" role="platform"/>
    <member type="node" ref="1984082315" role="stop"/>
    <member type="way" ref="1150819562" role="platform"/>
    <member type="node" ref="1984082328" role="stop"/>
    <member type="way" ref="318083139" role="platform"/>
    <member type="node" ref="1984082360" role="stop"/>
    <member type="way" ref="1150813993" role="platform"/>
    <member type="node" ref="1984082377" role="stop"/>
    <member type="way" ref="1150813994" role="platform"/>
    <member type="node" ref="1984082412" role="stop"/>
    <member type="way" ref="1150813999" role="platform"/>
    <member type="node" ref="1984587014" role="stop_exit_only"/>
    <member type="node" ref="10881523401" role="platform_exit_only"/>
    <member type="way" ref="99998396" role=""/>
    <member type="way" ref="499706574" role=""/>
    <member type="way" ref="1299955297" role=""/>
    <member type="way" ref="39461435" role=""/>
    <member type="way" ref="1299955286" role=""/>
    <member type="way" ref="274609449" role=""/>
    <member type="way" ref="658876171" role=""/>
    <member type="way" ref="1299955284" role=""/>
    <member type="way" ref="307468704" role=""/>
    <member type="way" ref="307482111" role=""/>
    <member type="way" ref="1299955281" role=""/>
    <member type="way" ref="307482110" role=""/>
    <member type="way" ref="1072339878" role=""/>
    <member type="way" ref="1318099366" role=""/>
    <member type="way" ref="1072339876" role=""/>
    <member type="way" ref="371577225" role=""/>
    <member type="way" ref="386461019" role=""/>
    <member type="way" ref="386461017" role=""/>
    <member type="way" ref="55334971" role=""/>
    <member type="way" ref="151506840" role=""/>
    <member type="way" ref="137462744" role=""/>
    <member type="way" ref="1151068548" role=""/>
    <member type="way" ref="1151068547" role=""/>
    <member type="way" ref="137462725" role=""/>
    <member type="way" ref="1295643236" role=""/>
    <member type="way" ref="1295643239" role=""/>
    <member type="way" ref="134578886" role=""/>
    <member type="way" ref="1295643235" role=""/>
    <member type="way" ref="1295643233" role=""/>
    <member type="way" ref="1295643231" role=""/>
    <member type="way" ref="1465585302" role=""/>
    <member type="way" ref="1295643228" role=""/>
    <member type="way" ref="1295643227" role=""/>
    <member type="way" ref="1146108100" role=""/>
    <member type="way" ref="499706512" role=""/>
    <member type="way" ref="1295643224" role=""/>
    <member type="way" ref="244589230" role=""/>
    <member type="way" ref="1295643223" role=""/>
    <member type="way" ref="1295643220" role=""/>
    <member type="way" ref="1295643217" role=""/>
    <member type="way" ref="1295643216" role=""/>
    <member type="way" ref="1295643215" role=""/>
    <member type="way" ref="499706514" role=""/>
    <member type="way" ref="1295643213" role=""/>
    <member type="way" ref="1295643211" role=""/>
    <member type="way" ref="465506632" role=""/>
    <member type="way" ref="465506631" role=""/>
    <member type="way" ref="1295643207" role=""/>
    <member type="way" ref="108118576" role=""/>
    <member type="way" ref="1295643205" role=""/>
    <member type="way" ref="1295643203" role=""/>
    <member type="way" ref="1295643200" role=""/>
    <member type="way" ref="1295643198" role=""/>
    <member type="way" ref="1295643197" role=""/>
    <member type="way" ref="1295643194" role=""/>
    <member type="way" ref="134152203" role=""/>
    <member type="way" ref="1294480134" role=""/>
    <member type="way" ref="134152198" role=""/>
    <member type="way" ref="1294480133" role=""/>
    <member type="way" ref="134152195" role=""/>
    <member type="way" ref="1294480125" role=""/>
    <member type="way" ref="1294480127" role=""/>
    <member type="way" ref="828456727" role=""/>
    <member type="way" ref="1294480123" role=""/>
    <member type="way" ref="1294480122" role=""/>
    <member type="way" ref="1294480120" role=""/>
    <member type="way" ref="1294480118" role=""/>
    <member type="way" ref="1294480116" role=""/>
    <member type="way" ref="1294480114" role=""/>
    <member type="way" ref="1294480112" role=""/>
    <member type="way" ref="1294480110" role=""/>
    <member type="way" ref="187820034" role=""/>
    <member type="way" ref="187827473" role=""/>
    <member type="way" ref="1290274912" role=""/>
    <member type="way" ref="188195941" role=""/>
    <member type="way" ref="1290274910" role=""/>
    <member type="way" ref="1290274908" role=""/>
    <member type="way" ref="1290274907" role=""/>
    <member type="way" ref="1290274905" role=""/>
    <member type="way" ref="1290274903" role=""/>
    <member type="way" ref="1290274901" role=""/>
    <member type="way" ref="1290274899" role=""/>
    <member type="way" ref="1290274897" role=""/>
    <member type="way" ref="1290274895" role=""/>
    <member type="way" ref="1290274893" role=""/>
    <member type="way" ref="1290274891" role=""/>
    <member type="way" ref="1290274889" role=""/>
    <member type="way" ref="1290274887" role=""/>
    <member type="way" ref="1290274886" role=""/>
    <member type="way" ref="1290274883" role=""/>
    <member type="way" ref="187822404" role=""/>
    <member type="way" ref="187822400" role=""/>
    <member type="way" ref="1290274968" role=""/>
    <member type="way" ref="1290274966" role=""/>
    <member type="way" ref="1290274965" role=""/>
    <member type="way" ref="1290274962" role=""/>
    <member type="way" ref="1290274960" role=""/>
    <member type="way" ref="856155849" role=""/>
    <member type="way" ref="1290274958" role=""/>
    <member type="way" ref="187990768" role=""/>
    <member type="way" ref="1290274955" role=""/>
    <member type="way" ref="1290274952" role=""/>
    <member type="way" ref="1290274951" role=""/>
    <member type="way" ref="1290274948" role=""/>
    <member type="way" ref="1290274947" role=""/>
    <member type="way" ref="1290274945" role=""/>
    <member type="way" ref="1290274944" role=""/>
    <member type="way" ref="1290274942" role=""/>
    <member type="way" ref="1290274940" role=""/>
    <member type="way" ref="1290274938" role=""/>
    <member type="way" ref="1290274935" role=""/>
    <member type="way" ref="1290274933" role=""/>
    <member type="way" ref="1290274931" role=""/>
    <member type="way" ref="1290274930" role=""/>
    <member type="way" ref="1290274929" role=""/>
    <member type="way" ref="108261901" role=""/>
    <member type="way" ref="52176619" role=""/>
    <member type="way" ref="187827111" role=""/>
    <member type="way" ref="8097402" role=""/>
    <member type="way" ref="187819269" role=""/>
    <member type="way" ref="187771445" role=""/>
    <member type="way" ref="187771439" role=""/>
    <member type="way" ref="1291032402" role=""/>
    <member type="way" ref="1291032403" role=""/>
    <member type="way" ref="187771442" role=""/>
    <member type="way" ref="1291032399" role=""/>
    <member type="way" ref="1291032398" role=""/>
    <member type="way" ref="1291032396" role=""/>
    <tag k="air_conditioning" v="yes"/>
    <tag k="bicycle" v="yes"/>
    <tag k="blind" v="limited"/>
    <tag k="charge:all-in-one" v="90 RUB"/>
    <tag k="charge:cards" v="83 RUB"/>
    <tag k="charge:sbp" v="83 RUB"/>
    <tag k="charge:troika" v="75 RUB"/>
    <tag k="charge:troika_qr" v="75 RUB"/>
    <tag k="check_date" v="2024-10-19"/>
    <tag k="colour" v="black"/>
    <tag k="deaf" v="yes"/>
    <tag k="fee" v="yes"/>
    <tag k="fine:ticketless" v="5000 RUB"/>
    <tag k="from" v="МЦД Калитники"/>
    <tag k="name" v="Трамвай 46: МЦД Калитники =&gt; Метрогородок"/>
    <tag k="network" v="Московский транспорт"/>
    <tag k="operator" v="ГУП «Московский метрополитен»"/>
    <tag k="payment:cards" v="yes"/>
    <tag k="payment:cash" v="no"/>
    <tag k="payment:contactless" v="yes"/>
    <tag k="payment:maestro" v="no"/>
    <tag k="payment:mastercard" v="no"/>
    <tag k="payment:mir" v="yes"/>
    <tag k="payment:nfc" v="yes"/>
    <tag k="payment:podorozhnik" v="no"/>
    <tag k="payment:sbp" v="yes"/>
    <tag k="payment:social_cards" v="yes"/>
    <tag k="payment:strelka" v="no"/>
    <tag k="payment:troika" v="yes"/>
    <tag k="payment:visa" v="no"/>
    <tag k="public_transport:version" v="2"/>
    <tag k="ref" v="46"/>
    <tag k="route" v="tram"/>
    <tag k="source" v="Реестр маршрутов города Москвы"/>
    <tag k="to" v="Метрогородок"/>
    <tag k="tram_class:length" v="5"/>
    <tag k="type" v="route"/>
    <tag k="website" v="https://transport.mos.ru/transport/schedule/route/141502008"/>
    <tag k="wheelchair" v="yes"/>
    <tag k="wikidata" v="Q122585368"/>
  </relation>
  <relation id="1538172" version="147" timestamp="2026-05-25T20:48:25Z" changeset="183177154" uid="2055718" user="Bobropiton">
    <member type="node" ref="1984582826" role="stop_entry_only"/>
    <member type="node" ref="60665302" role="platform_entry_only"/>
    <member type="node" ref="1984082421" role="stop"/>
    <member type="way" ref="1150813998" role="platform"/>
    <member type="node" ref="1984082383" role="stop"/>
    <member type="way" ref="497040442" role="platform"/>
    <member type="node" ref="1984082368" role="stop"/>
    <member type="way" ref="1150813992" role="platform"/>
    <member type="node" ref="1984082333" role="stop"/>
    <member type="way" ref="1150813988" role="platform"/>
    <member type="node" ref="1984082314" role="stop"/>
    <member type="way" ref="1150819563" role="platform"/>
    <member type="node" ref="471836117" role="stop"/>
    <member type="way" ref="1150819560" role="platform"/>
    <member type="node" ref="1984654065" role="stop"/>
    <member type="way" ref="1170956482" role="platform"/>
    <member type="node" ref="1984653987" role="stop"/>
    <member type="way" ref="1170956481" role="platform"/>
    <member type="node" ref="1984653782" role="stop"/>
    <member type="node" ref="10881614706" role="platform"/>
    <member type="node" ref="1984653803" role="stop"/>
    <member type="node" ref="10881614705" role="platform"/>
    <member type="node" ref="1984653797" role="stop"/>
    <member type="node" ref="10881523403" role="platform"/>
    <member type="node" ref="1984653772" role="stop"/>
    <member type="node" ref="10707781441" role="platform"/>
    <member type="node" ref="1984653750" role="stop"/>
    <member type="node" ref="10707781445" role="platform"/>
    <member type="node" ref="1984681642" role="stop"/>
    <member type="node" ref="6368043533" role="platform"/>
    <member type="node" ref="1984682069" role="stop"/>
    <member type="node" ref="5133966223" role="platform"/>
    <member type="node" ref="1984681582" role="stop"/>
    <member type="node" ref="10881644525" role="platform"/>
    <member type="node" ref="1984681577" role="stop"/>
    <member type="node" ref="10881644527" role="platform"/>
    <member type="node" ref="1984681614" role="stop"/>
    <member type="node" ref="1373930850" role="platform"/>
    <member type="node" ref="1984681612" role="stop"/>
    <member type="node" ref="4477197610" role="platform"/>
    <member type="node" ref="1865721073" role="stop"/>
    <member type="node" ref="10881177304" role="platform"/>
    <member type="node" ref="1865721070" role="stop"/>
    <member type="node" ref="10881230006" role="platform"/>
    <member type="node" ref="1475300542" role="stop"/>
    <member type="node" ref="10881230008" role="platform"/>
    <member type="node" ref="10665892060" role="stop"/>
    <member type="node" ref="10862410529" role="platform"/>
    <member type="node" ref="10981951406" role="stop"/>
    <member type="node" ref="10981951407" role="platform"/>
    <member type="node" ref="1479448339" role="stop"/>
    <member type="node" ref="10881867420" role="platform"/>
    <member type="node" ref="1479448343" role="stop"/>
    <member type="node" ref="10740298798" role="platform"/>
    <member type="node" ref="1479448351" role="stop"/>
    <member type="node" ref="10881867417" role="platform"/>
    <member type="node" ref="1479448333" role="stop"/>
    <member type="node" ref="10881799098" role="platform"/>
    <member type="node" ref="1479448335" role="stop"/>
    <member type="node" ref="10881799089" role="platform"/>
    <member type="node" ref="13442303316" role="stop"/>
    <member type="way" ref="1435892075" role="platform"/>
    <member type="node" ref="3959113622" role="stop"/>
    <member type="node" ref="13442236775" role="platform"/>
    <member type="node" ref="1479448349" role="stop"/>
    <member type="node" ref="10740298804" role="platform"/>
    <member type="node" ref="13878912038" role="stop"/>
    <member type="way" ref="1485484764" role="platform"/>
    <member type="node" ref="1479448340" role="stop"/>
    <member type="way" ref="1318155553" role="platform"/>
    <member type="node" ref="10881866057" role="stop"/>
    <member type="node" ref="10881866056" role="platform"/>
    <member type="node" ref="12199138415" role="stop"/>
    <member type="way" ref="1318122118" role="platform"/>
    <member type="node" ref="12255909527" role="stop"/>
    <member type="node" ref="12255909524" role="platform"/>
    <member type="node" ref="3015998527" role="stop"/>
    <member type="node" ref="12193557426" role="platform"/>
    <member type="node" ref="1642037491" role="stop"/>
    <member type="way" ref="1317476639" role="platform"/>
    <member type="node" ref="800893049" role="stop"/>
    <member type="way" ref="1317476640" role="platform"/>
    <member type="node" ref="3006961598" role="stop"/>
    <member type="way" ref="1317476644" role="platform"/>
    <member type="node" ref="4886738267" role="stop"/>
    <member type="node" ref="10875882067" role="platform"/>
    <member type="node" ref="2793196397" role="stop"/>
    <member type="node" ref="10875882064" role="platform"/>
    <member type="node" ref="472373351" role="stop"/>
    <member type="node" ref="10875882062" role="platform"/>
    <member type="node" ref="3012677950" role="stop"/>
    <member type="node" ref="10875296034" role="platform"/>
    <member type="node" ref="3012677946" role="stop"/>
    <member type="node" ref="10875296032" role="platform"/>
    <member type="node" ref="3012612533" role="stop"/>
    <member type="node" ref="10875296029" role="platform"/>
    <member type="node" ref="2793031285" role="stop"/>
    <member type="node" ref="10875296028" role="platform"/>
    <member type="node" ref="3012611709" role="stop_exit_only"/>
    <member type="node" ref="7965791880" role="platform_exit_only"/>
    <member type="way" ref="187816560" role=""/>
    <member type="way" ref="187815803" role=""/>
    <member type="way" ref="187815809" role=""/>
    <member type="way" ref="1291032397" role=""/>
    <member type="way" ref="1291032400" role=""/>
    <member type="way" ref="187771441" role=""/>
    <member type="way" ref="1291032404" role=""/>
    <member type="way" ref="1291032401" role=""/>
    <member type="way" ref="187771440" role=""/>
    <member type="way" ref="187771446" role=""/>
    <member type="way" ref="1170956487" role=""/>
    <member type="way" ref="187819125" role=""/>
    <member type="way" ref="187819118" role=""/>
    <member type="way" ref="187826589" role=""/>
    <member type="way" ref="1290274928" role=""/>
    <member type="way" ref="1290274932" role=""/>
    <member type="way" ref="1290274934" role=""/>
    <member type="way" ref="1290274936" role=""/>
    <member type="way" ref="1290274937" role=""/>
    <member type="way" ref="1290274939" role=""/>
    <member type="way" ref="1290274941" role=""/>
    <member type="way" ref="1290274943" role=""/>
    <member type="way" ref="1290274946" role=""/>
    <member type="way" ref="1290274950" role=""/>
    <member type="way" ref="1290274949" role=""/>
    <member type="way" ref="1290274953" role=""/>
    <member type="way" ref="1290274954" role=""/>
    <member type="way" ref="1290274956" role=""/>
    <member type="way" ref="1290274957" role=""/>
    <member type="way" ref="187820391" role=""/>
    <member type="way" ref="1290274959" role=""/>
    <member type="way" ref="1290274961" role=""/>
    <member type="way" ref="1290274963" role=""/>
    <member type="way" ref="1290274964" role=""/>
    <member type="way" ref="1290274967" role=""/>
    <member type="way" ref="1290274969" role=""/>
    <member type="way" ref="187990764" role=""/>
    <member type="way" ref="187826594" role=""/>
    <member type="way" ref="1290274882" role=""/>
    <member type="way" ref="1290274884" role=""/>
    <member type="way" ref="1290274885" role=""/>
    <member type="way" ref="1290274888" role=""/>
    <member type="way" ref="1290274890" role=""/>
    <member type="way" ref="1290274892" role=""/>
    <member type="way" ref="1290274894" role=""/>
    <member type="way" ref="1290274896" role=""/>
    <member type="way" ref="1290274898" role=""/>
    <member type="way" ref="1290274900" role=""/>
    <member type="way" ref="1290274902" role=""/>
    <member type="way" ref="1290274904" role=""/>
    <member type="way" ref="1290274906" role=""/>
    <member type="way" ref="1290274909" role=""/>
    <member type="way" ref="1290274911" role=""/>
    <member type="way" ref="187820033" role=""/>
    <member type="way" ref="1290274913" role=""/>
    <member type="way" ref="187824540" role=""/>
    <member type="way" ref="187827472" role=""/>
    <member type="way" ref="187824542" role=""/>
    <member type="way" ref="1294480109" role=""/>
    <member type="way" ref="1294480111" role=""/>
    <member type="way" ref="1294480113" role=""/>
    <member type="way" ref="1294480115" role=""/>
    <member type="way" ref="1294480117" role=""/>
    <member type="way" ref="1294480119" role=""/>
    <member type="way" ref="1294480121" role=""/>
    <member type="way" ref="1294480124" role=""/>
    <member type="way" ref="176011728" role=""/>
    <member type="way" ref="1294480126" role=""/>
    <member type="way" ref="1294480128" role=""/>
    <member type="way" ref="134152202" role=""/>
    <member type="way" ref="1294480132" role=""/>
    <member type="way" ref="134152192" role=""/>
    <member type="way" ref="1294480135" role=""/>
    <member type="way" ref="134152200" role=""/>
    <member type="way" ref="1295643195" role=""/>
    <member type="way" ref="1295643196" role=""/>
    <member type="way" ref="1295643199" role=""/>
    <member type="way" ref="1295643201" role=""/>
    <member type="way" ref="1295643202" role=""/>
    <member type="way" ref="1295643204" role=""/>
    <member type="way" ref="134152179" role=""/>
    <member type="way" ref="1295643206" role=""/>
    <member type="way" ref="465506630" role=""/>
    <member type="way" ref="465506629" role=""/>
    <member type="way" ref="1295643210" role=""/>
    <member type="way" ref="1295643212" role=""/>
    <member type="way" ref="499706515" role=""/>
    <member type="way" ref="1295643214" role=""/>
    <member type="way" ref="1295643218" role=""/>
    <member type="way" ref="1295643219" role=""/>
    <member type="way" ref="1295643221" role=""/>
    <member type="way" ref="1295643222" role=""/>
    <member type="way" ref="134578892" role=""/>
    <member type="way" ref="1295643225" role=""/>
    <member type="way" ref="499706511" role=""/>
    <member type="way" ref="499706510" role=""/>
    <member type="way" ref="1295643226" role=""/>
    <member type="way" ref="1295643229" role=""/>
    <member type="way" ref="1295643230" role=""/>
    <member type="way" ref="1465585303" role=""/>
    <member type="way" ref="1295643232" role=""/>
    <member type="way" ref="1295643234" role=""/>
    <member type="way" ref="244589231" role=""/>
    <member type="way" ref="1295643238" role=""/>
    <member type="way" ref="1295643237" role=""/>
    <member type="way" ref="1293616229" role=""/>
    <member type="way" ref="137462728" role=""/>
    <member type="way" ref="137462745" role=""/>
    <member type="way" ref="137462737" role=""/>
    <member type="way" ref="151377284" role=""/>
    <member type="way" ref="386461018" role=""/>
    <member type="way" ref="386461020" role=""/>
    <member type="way" ref="1072339879" role=""/>
    <member type="way" ref="1072339877" role=""/>
    <member type="way" ref="1318099367" role=""/>
    <member type="way" ref="151377277" role=""/>
    <member type="way" ref="1299955280" role=""/>
    <member type="way" ref="1450835111" role=""/>
    <member type="way" ref="39435431" role=""/>
    <member type="way" ref="1299955285" role=""/>
    <member type="way" ref="307468706" role=""/>
    <member type="way" ref="886113267" role=""/>
    <member type="way" ref="274032321" role=""/>
    <member type="way" ref="1299955287" role=""/>
    <member type="way" ref="307464746" role=""/>
    <member type="way" ref="1226034660" role=""/>
    <member type="way" ref="274032319" role=""/>
    <member type="way" ref="307464751" role=""/>
    <member type="way" ref="307464754" role=""/>
    <member type="way" ref="499706575" role=""/>
    <tag k="air_conditioning" v="yes"/>
    <tag k="bicycle" v="yes"/>
    <tag k="blind" v="limited"/>
    <tag k="charge:all-in-one" v="90 RUB"/>
    <tag k="charge:cards" v="83 RUB"/>
    <tag k="charge:sbp" v="83 RUB"/>
    <tag k="charge:troika" v="75 RUB"/>
    <tag k="charge:troika_qr" v="75 RUB"/>
    <tag k="check_date" v="2024-10-19"/>
    <tag k="colour" v="black"/>
    <tag k="deaf" v="yes"/>
    <tag k="fee" v="yes"/>
    <tag k="fine:ticketless" v="5000 RUB"/>
    <tag k="from" v="Метрогородок"/>
    <tag k="name" v="Трамвай 46: Метрогородок =&gt; МЦД Калитники"/>
    <tag k="network" v="Московский транспорт"/>
    <tag k="operator" v="ГУП «Московский метрополитен»"/>
    <tag k="payment:cards" v="yes"/>
    <tag k="payment:cash" v="no"/>
    <tag k="payment:contactless" v="yes"/>
    <tag k="payment:maestro" v="no"/>
    <tag k="payment:mastercard" v="no"/>
    <tag k="payment:mir" v="yes"/>
    <tag k="payment:nfc" v="yes"/>
    <tag k="payment:podorozhnik" v="no"/>
    <tag k="payment:sbp" v="yes"/>
    <tag k="payment:social_cards" v="yes"/>
    <tag k="payment:strelka" v="no"/>
    <tag k="payment:troika" v="yes"/>
    <tag k="payment:visa" v="no"/>
    <tag k="public_transport:version" v="2"/>
    <tag k="ref" v="46"/>
    <tag k="route" v="tram"/>
    <tag k="source" v="Реестр маршрутов города Москвы"/>
    <tag k="to" v="МЦД Калитники"/>
    <tag k="tram_class:length" v="5"/>
    <tag k="type" v="route"/>
    <tag k="website" v="https://transport.mos.ru/transport/schedule/route/141502008"/>
    <tag k="wheelchair" v="yes"/>
    <tag k="wikidata" v="Q122585368"/>
  </relation>
  <relation id="3299879" version="117" timestamp="2026-03-26T14:03:03Z" changeset="180455676" uid="258803" user="velocat">
    <member type="node" ref="471836117" role="stop_entry_only"/>
    <member type="way" ref="1150819560" role="platform_entry_only"/>
    <member type="node" ref="1984654065" role="stop"/>
    <member type="way" ref="1170956482" role="platform"/>
    <member type="node" ref="1984653987" role="stop"/>
    <member type="way" ref="1170956481" role="platform"/>
    <member type="node" ref="1984653782" role="stop"/>
    <member type="node" ref="10881614706" role="platform"/>
    <member type="node" ref="1984653803" role="stop"/>
    <member type="node" ref="10881614705" role="platform"/>
    <member type="node" ref="1984653797" role="stop"/>
    <member type="node" ref="10881523403" role="platform"/>
    <member type="node" ref="1984653772" role="stop"/>
    <member type="node" ref="10707781441" role="platform"/>
    <member type="node" ref="1984653750" role="stop"/>
    <member type="node" ref="10707781445" role="platform"/>
    <member type="node" ref="1984681642" role="stop"/>
    <member type="node" ref="6368043533" role="platform"/>
    <member type="node" ref="1984682069" role="stop"/>
    <member type="node" ref="5133966223" role="platform"/>
    <member type="node" ref="1984681582" role="stop"/>
    <member type="node" ref="10881644525" role="platform"/>
    <member type="node" ref="1984681577" role="stop"/>
    <member type="node" ref="10881644527" role="platform"/>
    <member type="node" ref="1984681614" role="stop"/>
    <member type="node" ref="1373930850" role="platform"/>
    <member type="node" ref="1984681612" role="stop"/>
    <member type="node" ref="4477197610" role="platform"/>
    <member type="node" ref="1984518219" role="stop"/>
    <member type="node" ref="10881177302" role="platform"/>
    <member type="node" ref="1984518173" role="stop"/>
    <member type="way" ref="438394815" role="platform"/>
    <member type="node" ref="1984534523" role="stop"/>
    <member type="way" ref="201799122" role="platform"/>
    <member type="node" ref="4886737498" role="stop"/>
    <member type="way" ref="1150828068" role="platform"/>
    <member type="node" ref="1992978972" role="stop"/>
    <member type="way" ref="1150828067" role="platform"/>
    <member type="node" ref="3599958537" role="stop"/>
    <member type="way" ref="1305786261" role="platform"/>
    <member type="node" ref="1992978966" role="stop"/>
    <member type="way" ref="303136155" role="platform"/>
    <member type="node" ref="1992978970" role="stop"/>
    <member type="way" ref="481040050" role="platform"/>
    <member type="node" ref="387747233" role="stop"/>
    <member type="relation" ref="19172712" role="platform"/>
    <member type="node" ref="13134322142" role="stop"/>
    <member type="node" ref="13125509309" role="platform"/>
    <member type="node" ref="2214943613" role="stop"/>
    <member type="way" ref="1430068537" role="platform"/>
    <member type="node" ref="697485006" role="stop"/>
    <member type="way" ref="1430068539" role="platform"/>
    <member type="node" ref="473120403" role="stop"/>
    <member type="way" ref="1170509257" role="platform"/>
    <member type="node" ref="697485002" role="stop"/>
    <member type="way" ref="1170509264" role="platform"/>
    <member type="node" ref="697485003" role="stop"/>
    <member type="node" ref="8840267187" role="platform"/>
    <member type="node" ref="4656724436" role="stop"/>
    <member type="node" ref="10879826621" role="platform"/>
    <member type="node" ref="1257401479" role="stop"/>
    <member type="node" ref="10879826641" role="platform"/>
    <member type="node" ref="1257401483" role="stop"/>
    <member type="node" ref="10879826643" role="platform"/>
    <member type="node" ref="3016214907" role="stop"/>
    <member type="node" ref="3598834231" role="stop"/>
    <member type="way" ref="1170420980" role="platform"/>
    <member type="node" ref="1257401477" role="stop"/>
    <member type="way" ref="1170420985" role="platform"/>
    <member type="node" ref="3016716232" role="stop"/>
    <member type="way" ref="1170420988" role="platform"/>
    <member type="node" ref="1257401460" role="stop"/>
    <member type="way" ref="1170420990" role="platform"/>
    <member type="node" ref="12464935103" role="stop"/>
    <member type="way" ref="1346070427" role="platform"/>
    <member type="node" ref="4291992598" role="stop"/>
    <member type="node" ref="1952548279" role="platform"/>
    <member type="node" ref="4291989485" role="stop"/>
    <member type="way" ref="660107454" role="platform"/>
    <member type="node" ref="6180449287" role="stop"/>
    <member type="way" ref="660107458" role="platform"/>
    <member type="node" ref="1927810165" role="stop"/>
    <member type="way" ref="660107463" role="platform"/>
    <member type="node" ref="6173481393" role="stop"/>
    <member type="way" ref="526763876" role="platform"/>
    <member type="node" ref="5041552959" role="stop_exit_only"/>
    <member type="way" ref="551509578" role="platform_exit_only"/>
    <member type="way" ref="1290274928" role=""/>
    <member type="way" ref="1290274932" role=""/>
    <member type="way" ref="1290274934" role=""/>
    <member type="way" ref="1290274936" role=""/>
    <member type="way" ref="1290274937" role=""/>
    <member type="way" ref="1290274939" role=""/>
    <member type="way" ref="1290274941" role=""/>
    <member type="way" ref="1290274943" role=""/>
    <member type="way" ref="1290274946" role=""/>
    <member type="way" ref="1290274950" role=""/>
    <member type="way" ref="1290274949" role=""/>
    <member type="way" ref="1290274953" role=""/>
    <member type="way" ref="1290274954" role=""/>
    <member type="way" ref="1290274956" role=""/>
    <member type="way" ref="1290274957" role=""/>
    <member type="way" ref="187820391" role=""/>
    <member type="way" ref="1290274959" role=""/>
    <member type="way" ref="1290274961" role=""/>
    <member type="way" ref="1290274963" role=""/>
    <member type="way" ref="1290274964" role=""/>
    <member type="way" ref="1290274967" role=""/>
    <member type="way" ref="1290274969" role=""/>
    <member type="way" ref="187990764" role=""/>
    <member type="way" ref="187826594" role=""/>
    <member type="way" ref="1290274882" role=""/>
    <member type="way" ref="1290274884" role=""/>
    <member type="way" ref="1290274885" role=""/>
    <member type="way" ref="1290274888" role=""/>
    <member type="way" ref="1290274890" role=""/>
    <member type="way" ref="1290274892" role=""/>
    <member type="way" ref="1290274894" role=""/>
    <member type="way" ref="1290274896" role=""/>
    <member type="way" ref="1290274898" role=""/>
    <member type="way" ref="1290274900" role=""/>
    <member type="way" ref="1290274902" role=""/>
    <member type="way" ref="1290274904" role=""/>
    <member type="way" ref="1290274906" role=""/>
    <member type="way" ref="1290274909" role=""/>
    <member type="way" ref="1290274911" role=""/>
    <member type="way" ref="187820033" role=""/>
    <member type="way" ref="1290274913" role=""/>
    <member type="way" ref="187824540" role=""/>
    <member type="way" ref="187824545" role=""/>
    <member type="way" ref="187812480" role=""/>
    <member type="way" ref="1291298410" role=""/>
    <member type="way" ref="187812488" role=""/>
    <member type="way" ref="1291298408" role=""/>
    <member type="way" ref="1291298406" role=""/>
    <member type="way" ref="187812491" role=""/>
    <member type="way" ref="538432998" role=""/>
    <member type="way" ref="1291298405" role=""/>
    <member type="way" ref="187812474" role=""/>
    <member type="way" ref="1291298402" role=""/>
    <member type="way" ref="187812496" role=""/>
    <member type="way" ref="187812494" role=""/>
    <member type="way" ref="187812486" role=""/>
    <member type="way" ref="188198487" role=""/>
    <member type="way" ref="1293039590" role=""/>
    <member type="way" ref="1293039592" role=""/>
    <member type="way" ref="1293039594" role=""/>
    <member type="way" ref="1293039596" role=""/>
    <member type="way" ref="1293039599" role=""/>
    <member type="way" ref="188675673" role=""/>
    <member type="way" ref="227097891" role=""/>
    <member type="way" ref="211483887" role=""/>
    <member type="way" ref="1293039600" role=""/>
    <member type="way" ref="1293039603" role=""/>
    <member type="way" ref="1293039604" role=""/>
    <member type="way" ref="1293039606" role=""/>
    <member type="way" ref="1293039608" role=""/>
    <member type="way" ref="1293039610" role=""/>
    <member type="way" ref="1293039612" role=""/>
    <member type="way" ref="1422439612" role=""/>
    <member type="way" ref="1421789560" role=""/>
    <member type="way" ref="227097898" role=""/>
    <member type="way" ref="1293039619" role=""/>
    <member type="way" ref="211483883" role=""/>
    <member type="way" ref="211483894" role=""/>
    <member type="way" ref="1293104268" role=""/>
    <member type="way" ref="426929346" role=""/>
    <member type="way" ref="1293104269" role=""/>
    <member type="way" ref="1293104271" role=""/>
    <member type="way" ref="1293104274" role=""/>
    <member type="way" ref="1293104276" role=""/>
    <member type="way" ref="1293104277" role=""/>
    <member type="way" ref="1293104280" role=""/>
    <member type="way" ref="211486428" role=""/>
    <member type="way" ref="1293104281" role=""/>
    <member type="way" ref="426929342" role=""/>
    <member type="way" ref="1293104284" role=""/>
    <member type="way" ref="1293104286" role=""/>
    <member type="way" ref="1293104287" role=""/>
    <member type="way" ref="1293104288" role=""/>
    <member type="way" ref="1293104292" role=""/>
    <member type="way" ref="1293104293" role=""/>
    <member type="way" ref="1293104295" role=""/>
    <member type="way" ref="1293104297" role=""/>
    <member type="way" ref="1293104300" role=""/>
    <member type="way" ref="1293104302" role=""/>
    <member type="way" ref="1293104305" role=""/>
    <member type="way" ref="1293104307" role=""/>
    <member type="way" ref="1293104309" role=""/>
    <member type="way" ref="1293104311" role=""/>
    <member type="way" ref="1293104312" role=""/>
    <member type="way" ref="1293104315" role=""/>
    <member type="way" ref="1293104317" role=""/>
    <member type="way" ref="1293104319" role=""/>
    <member type="way" ref="1293104321" role=""/>
    <member type="way" ref="1293104322" role=""/>
    <member type="way" ref="1293104325" role=""/>
    <member type="way" ref="1293104327" role=""/>
    <member type="way" ref="1293104328" role=""/>
    <member type="way" ref="1293104331" role=""/>
    <member type="way" ref="1293104333" role=""/>
    <member type="way" ref="1293104334" role=""/>
    <member type="way" ref="1293104337" role=""/>
    <member type="way" ref="297710026" role=""/>
    <member type="way" ref="1293104339" role=""/>
    <member type="way" ref="296898771" role=""/>
    <member type="way" ref="309118043" role=""/>
    <member type="way" ref="1293396914" role=""/>
    <member type="way" ref="1293396916" role=""/>
    <member type="way" ref="1293396917" role=""/>
    <member type="way" ref="1293396918" role=""/>
    <member type="way" ref="309118047" role=""/>
    <member type="way" ref="1293396922" role=""/>
    <member type="way" ref="296896721" role=""/>
    <member type="way" ref="309117270" role=""/>
    <member type="way" ref="309117271" role=""/>
    <member type="way" ref="1293396945" role=""/>
    <member type="way" ref="1293396948" role=""/>
    <member type="way" ref="429982505" role=""/>
    <member type="way" ref="1293396950" role=""/>
    <member type="way" ref="1293396949" role=""/>
    <member type="way" ref="1293396955" role=""/>
    <member type="way" ref="1293396953" role=""/>
    <tag k="air_conditioning" v="yes"/>
    <tag k="bicycle" v="yes"/>
    <tag k="blind" v="limited"/>
    <tag k="charge:all-in-one" v="90 RUB"/>
    <tag k="charge:cards" v="83 RUB"/>
    <tag k="charge:sbp" v="83 RUB"/>
    <tag k="charge:troika" v="75 RUB"/>
    <tag k="charge:troika_qr" v="75 RUB"/>
    <tag k="check_date" v="2023-05-11"/>
    <tag k="colour" v="black"/>
    <tag k="deaf" v="yes"/>
    <tag k="fee" v="yes"/>
    <tag k="fine:ticketless" v="5000 RUB"/>
    <tag k="from" v="Метро «Бульвар Рокоссовского»"/>
    <tag k="name" v="Трамвай 7: Метро «Бульвар Рокоссовского» =&gt; Белорусский вокзал"/>
    <tag k="name:uk" v="Трамвай 7: Метро &quot;Бульвар Рокосовського&quot; =&gt; Білоруський вокзал"/>
    <tag k="network" v="Московский транспорт"/>
    <tag k="operator" v="ГУП «Московский метрополитен»"/>
    <tag k="payment:cards" v="yes"/>
    <tag k="payment:cash" v="no"/>
    <tag k="payment:contactless" v="yes"/>
    <tag k="payment:maestro" v="no"/>
    <tag k="payment:mastercard" v="no"/>
    <tag k="payment:mir" v="yes"/>
    <tag k="payment:nfc" v="yes"/>
    <tag k="payment:podorozhnik" v="no"/>
    <tag k="payment:sbp" v="yes"/>
    <tag k="payment:social_cards" v="yes"/>
    <tag k="payment:strelka" v="no"/>
    <tag k="payment:troika" v="yes"/>
    <tag k="payment:visa" v="no"/>
    <tag k="public_transport:version" v="2"/>
    <tag k="ref" v="7"/>
    <tag k="route" v="tram"/>
    <tag k="source" v="Реестр маршрутов города Москвы"/>
    <tag k="to" v="Белорусский вокзал"/>
    <tag k="tram_class:length" v="5"/>
    <tag k="type" v="route"/>
    <tag k="website" v="https://transport.mos.ru/transport/schedule/route/867"/>
    <tag k="wheelchair" v="yes"/>
    <tag k="wikidata" v="Q122585349"/>
  </relation>
  <relation id="8909489" version="1" timestamp="2018-11-10T23:24:00Z" changeset="64364121" uid="334643" user="Steve_32">
    <member type="way" ref="552549779" role="outline"/>
    <member type="way" ref="154363981" role="part"/>
    <member type="way" ref="552549776" role="part"/>
    <tag k="type" v="building"/>
  </relation>
  <relation id="11671202" version="21" timestamp="2023-09-16T23:04:43Z" changeset="141361414" uid="8726248" user="traveleditor">
    <member type="way" ref="851695571" role="line"/>
    <member type="way" ref="153236809" role="endpoint"/>
    <member type="way" ref="60048432" role="endpoint"/>
    <member type="way" ref="992672259" role="endpoint"/>
    <member type="way" ref="992672257" role="endpoint"/>
    <member type="way" ref="992672254" role="endpoint"/>
    <member type="way" ref="992672258" role="endpoint"/>
    <tag k="circuits" v="2"/>
    <tag k="name" v="Стромынка - Сокольники 1,2"/>
    <tag k="name:uk" v="Строминка - Сокільники 1,2"/>
    <tag k="power" v="circuit"/>
    <tag k="type" v="power"/>
    <tag k="voltage" v="110000"/>
  </relation>
  <relation id="11996425" version="1" timestamp="2020-12-09T08:36:48Z" changeset="95537907" uid="382604" user="MosKartograf">
    <member type="way" ref="44953305" role="outer"/>
    <member type="way" ref="882683908" role="outer"/>
    <member type="way" ref="882683909" role="outer"/>
    <member type="way" ref="882683910" role="outer"/>
    <member type="way" ref="882683911" role="outer"/>
    <member type="way" ref="882683912" role="outer"/>
    <member type="way" ref="882683913" role="outer"/>
    <member type="way" ref="882683914" role="outer"/>
    <tag k="landuse" v="residential"/>
    <tag k="residential" v="urban"/>
    <tag k="type" v="multipolygon"/>
  </relation>
  <relation id="15478162" version="2" timestamp="2023-02-14T19:22:46Z" changeset="132551518" uid="12947635" user="Руслан Т">
    <member type="way" ref="1145322337" role="outer"/>
    <member type="way" ref="1145322358" role="outer"/>
    <tag k="access" v="private"/>
    <tag k="leisure" v="pitch"/>
    <tag k="sport" v="basketball"/>
    <tag k="type" v="multipolygon"/>
  </relation>
  <relation id="15478163" version="1" timestamp="2023-02-14T19:04:57Z" changeset="132550985" uid="12947635" user="Руслан Т">
    <member type="way" ref="1145322337" role="outer"/>
    <member type="way" ref="552548043" role="outer"/>
    <tag k="access" v="private"/>
    <tag k="leisure" v="playground"/>
    <tag k="type" v="multipolygon"/>
  </relation>
  <relation id="15478164" version="13" timestamp="2023-09-17T00:02:58Z" changeset="141362323" uid="461130" user="Fizzie-DWG">
    <member type="way" ref="1145353010" role="outer"/>
    <member type="way" ref="1145322346" role="outer"/>
    <member type="way" ref="1145353009" role="outer"/>
    <member type="way" ref="1145322351" role="outer"/>
    <member type="way" ref="1145322356" role="outer"/>
    <member type="way" ref="1145322355" role="outer"/>
    <member type="way" ref="1145322357" role="outer"/>
    <member type="way" ref="1145322338" role="outer"/>
    <member type="way" ref="1145322339" role="outer"/>
    <tag k="landuse" v="residential"/>
    <tag k="name" v="Жилой комплекс «Соколиный форт»"/>
    <tag k="residential" v="apartments"/>
    <tag k="type" v="multipolygon"/>
    <tag k="website" v="http://www.donstroy.com/object/zhk-sokolinyy-fort/"/>
  </relation>
  <relation id="15478165" version="2" timestamp="2023-02-14T19:22:46Z" changeset="132551518" uid="12947635" user="Руслан Т">
    <member type="way" ref="1145322341" role="outer"/>
    <member type="way" ref="1145353006" role="outer"/>
    <member type="way" ref="1145322339" role="outer"/>
    <member type="way" ref="660280742" role="outer"/>
    <tag k="building:levels" v="16"/>
    <tag k="building:part" v="apartments"/>
    <tag k="roof:levels" v="3"/>
    <tag k="roof:shape" v="saltbox"/>
    <tag k="type" v="multipolygon"/>
  </relation>
  <relation id="15478166" version="2" timestamp="2023-02-14T19:22:46Z" changeset="132551518" uid="12947635" user="Руслан Т">
    <member type="way" ref="1145322347" role="outer"/>
    <member type="way" ref="1145353008" role="outer"/>
    <member type="way" ref="1145322346" role="outer"/>
    <member type="way" ref="1145353007" role="outer"/>
    <member type="way" ref="1145322342" role="outer"/>
    <member type="way" ref="1145322343" role="outer"/>
    <tag k="building:levels" v="18"/>
    <tag k="building:part" v="apartments"/>
    <tag k="roof:levels" v="3"/>
    <tag k="roof:shape" v="saltbox"/>
    <tag k="type" v="multipolygon"/>
  </relation>
  <relation id="15478167" version="1" timestamp="2023-02-14T19:04:57Z" changeset="132550985" uid="12947635" user="Руслан Т">
    <member type="way" ref="1145322341" role="outer"/>
    <member type="way" ref="1145322344" role="outer"/>
    <member type="way" ref="1145322342" role="outer"/>
    <member type="way" ref="1145322345" role="outer"/>
    <tag k="building:levels" v="13"/>
    <tag k="building:part" v="apartments"/>
    <tag k="roof:shape" v="flat"/>
    <tag k="type" v="multipolygon"/>
  </relation>
  <relation id="15478168" version="1" timestamp="2023-02-14T19:04:57Z" changeset="132550985" uid="12947635" user="Руслан Т">
    <member type="way" ref="1145322349" role="outer"/>
    <member type="way" ref="1145322347" role="outer"/>
    <member type="way" ref="1145322348" role="outer"/>
    <member type="way" ref="1145322352" role="outer"/>
    <tag k="building:levels" v="13"/>
    <tag k="building:part" v="apartments"/>
    <tag k="roof:shape" v="flat"/>
    <tag k="type" v="multipolygon"/>
  </relation>
  <relation id="15478169" version="2" timestamp="2023-02-14T19:22:46Z" changeset="132551518" uid="12947635" user="Руслан Т">
    <member type="way" ref="1145322350" role="outer"/>
    <member type="way" ref="1145322354" role="outer"/>
    <member type="way" ref="1145322340" role="outer"/>
    <member type="way" ref="1145322351" role="outer"/>
    <member type="way" ref="1145353005" role="outer"/>
    <member type="way" ref="1145322352" role="outer"/>
    <tag k="building:levels" v="16"/>
    <tag k="building:part" v="apartments"/>
    <tag k="roof:levels" v="3"/>
    <tag k="roof:shape" v="saltbox"/>
    <tag k="type" v="multipolygon"/>
  </relation>
  <relation id="15478170" version="2" timestamp="2023-02-14T19:22:46Z" changeset="132551518" uid="12947635" user="Руслан Т">
    <member type="way" ref="1145322353" role="outer"/>
    <member type="way" ref="1145322354" role="outer"/>
    <tag k="amenity" v="parking"/>
    <tag k="building:levels" v="1"/>
    <tag k="building:part" v="parking"/>
    <tag k="capacity" v="152"/>
    <tag k="parking" v="underground"/>
    <tag k="roof:shape" v="flat"/>
    <tag k="type" v="multipolygon"/>
  </relation>
  <relation id="15478171" version="3" timestamp="2023-12-21T09:38:34Z" changeset="145363280" uid="18826385" user="MarinaKuzko">
    <member type="way" ref="1145353009" role="outer"/>
    <member type="way" ref="1145322346" role="outer"/>
    <member type="way" ref="1145353010" role="outer"/>
    <member type="way" ref="1145322339" role="outer"/>
    <member type="way" ref="660280742" role="outer"/>
    <member type="way" ref="1145322344" role="outer"/>
    <member type="way" ref="1145322343" role="outer"/>
    <member type="way" ref="1145322348" role="outer"/>
    <member type="way" ref="1145322350" role="outer"/>
    <member type="way" ref="1145322353" role="outer"/>
    <member type="way" ref="1145322340" role="outer"/>
    <member type="way" ref="1145322351" role="outer"/>
    <tag k="addr:city" v="Москва"/>
    <tag k="addr:housenumber" v="2"/>
    <tag k="addr:postcode" v="107564"/>
    <tag k="addr:street" v="1-я Мясниковская улица"/>
    <tag k="building" v="apartments"/>
    <tag k="building:colour" v="beige;brown"/>
    <tag k="building:flats" v="252"/>
    <tag k="building:levels" v="18"/>
    <tag k="building:material" v="porcelain_stoneware"/>
    <tag k="roof:colour" v="brown;grey"/>
    <tag k="roof:material" v="metal"/>
    <tag k="roof:shape" v="many"/>
    <tag k="start_date" v="2017-04-27"/>
    <tag k="type" v="multipolygon"/>
  </relation>
  <relation id="15478172" version="2" timestamp="2023-12-21T09:38:34Z" changeset="145363280" uid="18826385" user="MarinaKuzko">
    <member type="way" ref="1145322355" role="outer"/>
    <member type="way" ref="28858722" role="outer"/>
    <tag k="addr:housenumber" v="5"/>
    <tag k="addr:street" v="2-я Мясниковская улица"/>
    <tag k="building" v="public"/>
    <tag k="building:colour" v="red"/>
    <tag k="building:levels" v="3"/>
    <tag k="building:material" v="brick"/>
    <tag k="roof:angle" v="30"/>
    <tag k="roof:colour" v="grey"/>
    <tag k="roof:material" v="metal"/>
    <tag k="roof:shape" v="gabled"/>
    <tag k="type" v="multipolygon"/>
  </relation>
  <relation id="15478173" version="2" timestamp="2023-12-21T09:38:34Z" changeset="145363280" uid="18826385" user="MarinaKuzko">
    <member type="way" ref="1145322362" role="outer"/>
    <tag k="addr:housenumber" v="2 c1"/>
    <tag k="addr:street" v="1-я Мясниковская улица"/>
    <tag k="building" v="service"/>
    <tag k="building:colour" v="brown"/>
    <tag k="building:levels" v="1"/>
    <tag k="building:material" v="concrete"/>
    <tag k="roof:angle" v="10"/>
    <tag k="roof:colour" v="green"/>
    <tag k="roof:material" v="metal"/>
    <tag k="roof:shape" v="gabled"/>
    <tag k="type" v="multipolygon"/>
  </relation>
  <relation id="15478274" version="1" timestamp="2023-02-14T19:22:46Z" changeset="132551518" uid="12947635" user="Руслан Т">
    <member type="way" ref="1145353006" role="outer"/>
    <member type="way" ref="1145353010" role="outer"/>
    <member type="way" ref="1145353007" role="outer"/>
    <member type="way" ref="1145322345" role="outer"/>
    <tag k="building:levels" v="1"/>
    <tag k="building:part" v="commercial"/>
    <tag k="roof:shape" v="flat"/>
    <tag k="type" v="multipolygon"/>
  </relation>
  <relation id="15478275" version="1" timestamp="2023-02-14T19:22:46Z" changeset="132551518" uid="12947635" user="Руслан Т">
    <member type="way" ref="1145353009" role="outer"/>
    <member type="way" ref="1145353008" role="outer"/>
    <member type="way" ref="1145322349" role="outer"/>
    <member type="way" ref="1145353005" role="outer"/>
    <tag k="building:levels" v="1"/>
    <tag k="building:part" v="commercial"/>
    <tag k="roof:shape" v="flat"/>
    <tag k="type" v="multipolygon"/>
  </relation>
  <relation id="15553676" version="1" timestamp="2023-03-03T20:43:00Z" changeset="133269722" uid="2055718" user="Bobropiton">
    <member type="node" ref="10707781441" role="platform"/>
    <member type="node" ref="1984653772" role="stop"/>
    <tag k="name" v="Богородское"/>
    <tag k="public_transport" v="stop_area"/>
    <tag k="type" v="public_transport"/>
  </relation>
  <relation id="15553677" version="1" timestamp="2023-03-03T20:43:00Z" changeset="133269722" uid="2055718" user="Bobropiton">
    <member type="node" ref="1984653757" role="stop"/>
    <member type="node" ref="10707781442" role="platform"/>
    <tag k="name" v="Богородское"/>
    <tag k="public_transport" v="stop_area"/>
    <tag k="type" v="public_transport"/>
  </relation>
  <relation id="16692225" version="1" timestamp="2023-11-13T10:12:27Z" changeset="143963473" uid="371263" user="augxcgrwxo">
    <member type="way" ref="45073710" role="outer"/>
    <member type="way" ref="1223168419" role="outer"/>
    <tag k="access" v="yes"/>
    <tag k="amenity" v="parking"/>
    <tag k="fee" v="no"/>
    <tag k="parking" v="surface"/>
    <tag k="type" v="multipolygon"/>
  </relation>

</osm>
