<?xml version="1.0" encoding="UTF-8"?>
<osm version="0.6" generator="Overpass API 0.7.62.11 87bfad18">
<note>The data included in this document is from www.openstreetmap.org. The data is made available under ODbL.</note>
<meta osm_base="2026-06-26T14:20:25Z"/>

  <node id="35907068" lat="55.8674174" lon="37.4686156" version="7" timestamp="2023-02-16T15:27:27Z" changeset="132634729" uid="610278" user="NetFarmer"/>
  <node id="35907069" lat="55.8673255" lon="37.4688405" version="6" timestamp="2018-09-26T12:22:35Z" changeset="62944807" uid="2853561" user="Владимир К"/>
  <node id="266835823" lat="55.8688647" lon="37.4689097" version="10" timestamp="2022-09-08T12:28:22Z" changeset="125941083" uid="11321493" user="Grass-snake"/>
  <node id="266835826" lat="55.8691637" lon="37.4686973" version="11" timestamp="2022-09-08T12:28:22Z" changeset="125941083" uid="11321493" user="Grass-snake"/>
  <node id="317444168" lat="55.8681232" lon="37.4660607" version="5" timestamp="2020-03-15T10:49:39Z" changeset="82213921" uid="686523" user="Self-Perfection"/>
  <node id="317444171" lat="55.8682279" lon="37.4659886" version="5" timestamp="2020-03-15T10:49:39Z" changeset="82213921" uid="686523" user="Self-Perfection"/>
  <node id="317444271" lat="55.8682992" lon="37.4687349" version="4" timestamp="2012-04-10T06:19:04Z" changeset="11248020" uid="481934" user="iWowik"/>
  <node id="317444272" lat="55.8682492" lon="37.4683987" version="4" timestamp="2012-04-10T06:19:04Z" changeset="11248020" uid="481934" user="iWowik"/>
  <node id="317444273" lat="55.8682255" lon="37.4684161" version="4" timestamp="2012-04-10T06:19:05Z" changeset="11248020" uid="481934" user="iWowik"/>
  <node id="317444274" lat="55.8682109" lon="37.4682333" version="4" timestamp="2012-04-10T06:19:05Z" changeset="11248020" uid="481934" user="iWowik"/>
  <node id="317444275" lat="55.8683185" lon="37.4687207" version="4" timestamp="2012-04-10T06:19:05Z" changeset="11248020" uid="481934" user="iWowik"/>
  <node id="317444276" lat="55.8682052" lon="37.4689684" version="4" timestamp="2012-04-10T06:19:05Z" changeset="11248020" uid="481934" user="iWowik"/>
  <node id="317444277" lat="55.8683510" lon="37.4688614" version="4" timestamp="2012-04-10T06:19:05Z" changeset="11248020" uid="481934" user="iWowik"/>
  <node id="317444278" lat="55.8680608" lon="37.4683435" version="4" timestamp="2012-04-10T06:19:05Z" changeset="11248020" uid="481934" user="iWowik"/>
  <node id="317444296" lat="55.8662029" lon="37.4690600" version="5" timestamp="2011-08-23T19:53:22Z" changeset="9107012" uid="433361" user="Contributor666"/>
  <node id="317444297" lat="55.8659602" lon="37.4692341" version="5" timestamp="2011-08-23T19:53:22Z" changeset="9107012" uid="433361" user="Contributor666"/>
  <node id="317444304" lat="55.8653838" lon="37.4683983" version="5" timestamp="2016-06-03T15:19:42Z" changeset="39781531" uid="830106" user="literan"/>
  <node id="317444305" lat="55.8654304" lon="37.4686139" version="5" timestamp="2016-06-03T15:19:42Z" changeset="39781531" uid="830106" user="literan"/>
  <node id="317444727" lat="55.8665090" lon="37.4691865" version="7" timestamp="2016-05-22T21:01:47Z" changeset="39496354" uid="830106" user="literan"/>
  <node id="317444728" lat="55.8671526" lon="37.4687340" version="7" timestamp="2016-05-22T21:01:48Z" changeset="39496354" uid="830106" user="literan"/>
  <node id="317444729" lat="55.8664607" lon="37.4689687" version="7" timestamp="2016-05-22T21:01:48Z" changeset="39496354" uid="830106" user="literan"/>
  <node id="317444730" lat="55.8671044" lon="37.4685161" version="7" timestamp="2016-05-22T21:01:48Z" changeset="39496354" uid="830106" user="literan"/>
  <node id="317448988" lat="55.8661877" lon="37.4674694" version="6" timestamp="2016-06-30T15:23:20Z" changeset="40395188" uid="830106" user="literan"/>
  <node id="317448989" lat="55.8662436" lon="37.4677284" version="6" timestamp="2016-06-30T15:23:20Z" changeset="40395188" uid="830106" user="literan"/>
  <node id="317448991" lat="55.8660117" lon="37.4678873" version="6" timestamp="2016-06-30T15:23:20Z" changeset="40395188" uid="830106" user="literan"/>
  <node id="317448992" lat="55.8659573" lon="37.4676353" version="6" timestamp="2016-06-30T15:23:20Z" changeset="40395188" uid="830106" user="literan"/>
  <node id="317448993" lat="55.8658287" lon="37.4677234" version="6" timestamp="2016-06-30T15:23:20Z" changeset="40395188" uid="830106" user="literan"/>
  <node id="317448994" lat="55.8659439" lon="37.4682569" version="6" timestamp="2016-06-30T15:23:20Z" changeset="40395188" uid="830106" user="literan"/>
  <node id="317448995" lat="55.8664120" lon="37.4679361" version="6" timestamp="2016-06-30T15:23:20Z" changeset="40395188" uid="830106" user="literan"/>
  <node id="317448996" lat="55.8662953" lon="37.4673956" version="6" timestamp="2016-06-30T15:23:20Z" changeset="40395188" uid="830106" user="literan"/>
  <node id="425261316" lat="55.8686471" lon="37.4689935" version="6" timestamp="2021-08-18T23:24:57Z" changeset="109900493" uid="2580205" user="alexey_zakharenkov"/>
  <node id="607109145" lat="55.8687610" lon="37.4690182" version="3" timestamp="2021-08-18T23:24:57Z" changeset="109900493" uid="2580205" user="alexey_zakharenkov"/>
  <node id="607109150" lat="55.8691606" lon="37.4686360" version="7" timestamp="2021-08-18T23:24:57Z" changeset="109900493" uid="2580205" user="alexey_zakharenkov"/>
  <node id="640587568" lat="55.8665694" lon="37.4674114" version="6" timestamp="2019-08-07T17:14:19Z" changeset="73121701" uid="686523" user="Self-Perfection"/>
  <node id="640587569" lat="55.8668183" lon="37.4672427" version="6" timestamp="2019-08-07T17:14:19Z" changeset="73121701" uid="686523" user="Self-Perfection"/>
  <node id="640587571" lat="55.8665307" lon="37.4672156" version="7" timestamp="2019-08-07T17:14:19Z" changeset="73121701" uid="686523" user="Self-Perfection"/>
  <node id="640587574" lat="55.8657280" lon="37.4677628" version="4" timestamp="2016-06-30T15:23:21Z" changeset="40395188" uid="830106" user="literan"/>
  <node id="640587579" lat="55.8656030" lon="37.4678481" version="5" timestamp="2016-06-30T15:23:21Z" changeset="40395188" uid="830106" user="literan"/>
  <node id="640587581" lat="55.8657778" lon="37.4686617" version="4" timestamp="2016-06-30T15:23:21Z" changeset="40395188" uid="830106" user="literan"/>
  <node id="640587583" lat="55.8658456" lon="37.4683102" version="4" timestamp="2016-06-30T15:23:21Z" changeset="40395188" uid="830106" user="literan"/>
  <node id="640587585" lat="55.8663091" lon="37.4676163" version="46" timestamp="2023-09-17T22:47:20Z" changeset="141400391" uid="149719" user="Bloodmage">
    <tag k="addr:city" v="Москва"/>
    <tag k="addr:country" v="RU"/>
    <tag k="addr:housenumber" v="8"/>
    <tag k="addr:postcode" v="125445"/>
    <tag k="addr:street" v="Валдайский проезд"/>
    <tag k="amenity" v="community_centre"/>
    <tag k="contact:website" v="http://ladoga-klub.ru"/>
    <tag k="name" v="Ладога"/>
  </node>
  <node id="640587587" lat="55.8658523" lon="37.4677616" version="48" timestamp="2026-02-10T19:26:58Z" changeset="178375631" uid="11956608" user="kxeess">
    <tag k="inscription" v="Продукты"/>
    <tag k="level" v="0"/>
    <tag k="panoramax" v="47852daa-8560-40ad-bc4e-813aab336b4c"/>
    <tag k="panoramax:0" v="5e55ad6c-952f-4d61-bcf5-b4d9ab590b8d"/>
    <tag k="panoramax:1" v="ef5e7652-b7c0-41d5-bc49-7878702aeb5d"/>
    <tag k="shop" v="convenience"/>
  </node>
  <node id="640587595" lat="55.8667822" lon="37.4670539" version="6" timestamp="2019-08-07T17:14:19Z" changeset="73121701" uid="686523" user="Self-Perfection"/>
  <node id="640587597" lat="55.8672884" lon="37.4676101" version="6" timestamp="2019-08-07T17:14:19Z" changeset="73121701" uid="686523" user="Self-Perfection"/>
  <node id="640587599" lat="55.8673825" lon="37.4680446" version="6" timestamp="2019-08-07T17:14:19Z" changeset="73121701" uid="686523" user="Self-Perfection"/>
  <node id="640587603" lat="55.8673354" lon="37.4674384" version="6" timestamp="2019-08-07T17:14:19Z" changeset="73121701" uid="686523" user="Self-Perfection"/>
  <node id="640587605" lat="55.8674848" lon="37.4679776" version="6" timestamp="2019-08-07T17:14:19Z" changeset="73121701" uid="686523" user="Self-Perfection"/>
  <node id="640587607" lat="55.8688276" lon="37.4674002" version="6" timestamp="2015-12-23T15:01:19Z" changeset="36127366" uid="397326" user="trolleway"/>
  <node id="640587608" lat="55.8685864" lon="37.4666331" version="7" timestamp="2021-12-03T17:17:44Z" changeset="114530561" uid="830106" user="literan"/>
  <node id="640587610" lat="55.8686269" lon="37.4668175" version="7" timestamp="2021-12-03T17:17:44Z" changeset="114530561" uid="830106" user="literan"/>
  <node id="640587614" lat="55.8685692" lon="37.4668578" version="7" timestamp="2021-12-03T17:17:44Z" changeset="114530561" uid="830106" user="literan"/>
  <node id="640587616" lat="55.8685287" lon="37.4666734" version="8" timestamp="2021-12-03T17:17:44Z" changeset="114530561" uid="830106" user="literan"/>
  <node id="640587618" lat="55.8688870" lon="37.4676882" version="7" timestamp="2015-12-23T15:01:19Z" changeset="36127366" uid="397326" user="trolleway"/>
  <node id="640587619" lat="55.8687661" lon="37.4675907" version="6" timestamp="2012-04-10T06:19:09Z" changeset="11248020" uid="481934" user="iWowik"/>
  <node id="640587621" lat="55.8686401" lon="37.4676640" version="5" timestamp="2012-04-10T06:19:09Z" changeset="11248020" uid="481934" user="iWowik"/>
  <node id="640587625" lat="55.8687222" lon="37.4680742" version="5" timestamp="2012-04-10T06:19:09Z" changeset="11248020" uid="481934" user="iWowik"/>
  <node id="640587627" lat="55.8688054" lon="37.4680157" version="6" timestamp="2012-04-10T06:19:09Z" changeset="11248020" uid="481934" user="iWowik"/>
  <node id="640587629" lat="55.8687669" lon="37.4678443" version="5" timestamp="2012-04-10T06:19:09Z" changeset="11248020" uid="481934" user="iWowik"/>
  <node id="640587630" lat="55.8688081" lon="37.4678106" version="6" timestamp="2012-04-10T06:19:09Z" changeset="11248020" uid="481934" user="iWowik"/>
  <node id="640587638" lat="55.8692972" lon="37.4680531" version="7" timestamp="2015-12-23T15:01:19Z" changeset="36127366" uid="397326" user="trolleway"/>
  <node id="640587640" lat="55.8691858" lon="37.4674841" version="7" timestamp="2015-12-23T15:01:19Z" changeset="36127366" uid="397326" user="trolleway"/>
  <node id="654390741" lat="55.8671092" lon="37.4682371" version="3" timestamp="2018-09-26T12:22:35Z" changeset="62944807" uid="2853561" user="Владимир К"/>
  <node id="654390742" lat="55.8676422" lon="37.4682836" version="2" timestamp="2022-07-07T12:06:27Z" changeset="123317441" uid="10129333" user="solenoid jam"/>
  <node id="654390745" lat="55.8683425" lon="37.4674455" version="4" timestamp="2022-07-07T12:06:27Z" changeset="123317441" uid="10129333" user="solenoid jam"/>
  <node id="654390754" lat="55.8677895" lon="37.4688555" version="3" timestamp="2022-07-07T12:06:27Z" changeset="123317441" uid="10129333" user="solenoid jam">
    <tag k="barrier" v="gate"/>
  </node>
  <node id="654390756" lat="55.8686192" lon="37.4689935" version="4" timestamp="2022-07-07T12:06:27Z" changeset="123317441" uid="10129333" user="solenoid jam"/>
  <node id="673374077" lat="55.8657305" lon="37.4679140" version="50" timestamp="2026-01-26T19:46:46Z" changeset="177735109" uid="830106" user="literan">
    <tag k="amenity" v="post_office"/>
    <tag k="brand" v="Почта России"/>
    <tag k="check_date:opening_hours" v="2021-09-12"/>
    <tag k="contact:email" v="client@russianpost.ru"/>
    <tag k="contact:facebook" v="https://www.facebook.com/ruspost"/>
    <tag k="contact:instagram" v="https://www.instagram.com/ruspostofficial"/>
    <tag k="contact:ok" v="https://ok.ru/ruspostofficial"/>
    <tag k="contact:phone" v="+7 495 6013783"/>
    <tag k="contact:twitter" v="https://twitter.com/ruspostofficial"/>
    <tag k="contact:vk" v="https://vk.com/russianpost"/>
    <tag k="contact:website" v="https://www.pochta.ru"/>
    <tag k="name" v="Москва 125445"/>
    <tag k="opening_hours" v="Mo-Fr 08:00-20:00; Sa,Su 09:00-18:00"/>
    <tag k="operator" v="АО «Почта России»"/>
    <tag k="operator:wikidata" v="Q1502763"/>
    <tag k="operator:wikipedia" v="ru:Почта России"/>
    <tag k="ref" v="125445"/>
  </node>
  <node id="673375248" lat="55.8654030" lon="37.4690690" version="6" timestamp="2022-08-17T14:06:43Z" changeset="125019815" uid="11321493" user="Grass-snake"/>
  <node id="673375250" lat="55.8655110" lon="37.4689952" version="6" timestamp="2022-08-17T14:06:43Z" changeset="125019815" uid="11321493" user="Grass-snake"/>
  <node id="673375251" lat="55.8655520" lon="37.4691859" version="6" timestamp="2022-08-17T14:06:43Z" changeset="125019815" uid="11321493" user="Grass-snake"/>
  <node id="673383908" lat="55.8670930" lon="37.4666354" version="7" timestamp="2023-02-16T15:15:28Z" changeset="132634250" uid="610278" user="NetFarmer">
    <tag k="crossing" v="uncontrolled"/>
    <tag k="highway" v="crossing"/>
  </node>
  <node id="1325246027" lat="55.8657607" lon="37.4675046" version="5" timestamp="2021-12-03T17:17:44Z" changeset="114530561" uid="830106" user="literan"/>
  <node id="1328568425" lat="55.8685586" lon="37.4665486" version="5" timestamp="2021-12-03T17:17:44Z" changeset="114530561" uid="830106" user="literan">
    <tag k="amenity" v="waste_disposal"/>
    <tag k="collection_times" v="07:30-11:30"/>
    <tag k="operator" v="ООО &quot;Эколайн&quot;"/>
    <tag k="ref" v="3617120"/>
  </node>
  <node id="1328648754" lat="55.8671888" lon="37.4691224" version="5" timestamp="2018-12-21T08:04:43Z" changeset="65661592" uid="481934" user="iWowik"/>
  <node id="1709538437" lat="55.8658239" lon="37.4683251" version="2" timestamp="2016-06-30T15:23:19Z" changeset="40395188" uid="830106" user="literan"/>
  <node id="1709538438" lat="55.8658811" lon="37.4685912" version="2" timestamp="2016-06-30T15:23:19Z" changeset="40395188" uid="830106" user="literan"/>
  <node id="1709538439" lat="55.8663512" lon="37.4671095" version="4" timestamp="2021-12-03T17:17:44Z" changeset="114530561" uid="830106" user="literan"/>
  <node id="1709538440" lat="55.8664686" lon="37.4676750" version="1" timestamp="2012-04-10T05:58:16Z" changeset="11247855" uid="481934" user="iWowik"/>
  <node id="1709538441" lat="55.8665294" lon="37.4677188" version="1" timestamp="2012-04-10T05:58:16Z" changeset="11247855" uid="481934" user="iWowik"/>
  <node id="1709538443" lat="55.8667939" lon="37.4675205" version="1" timestamp="2012-04-10T05:58:16Z" changeset="11247855" uid="481934" user="iWowik"/>
  <node id="1709538444" lat="55.8671718" lon="37.4678861" version="3" timestamp="2019-08-07T17:14:19Z" changeset="73121701" uid="686523" user="Self-Perfection"/>
  <node id="1709538445" lat="55.8672840" lon="37.4681878" version="1" timestamp="2012-04-10T05:58:16Z" changeset="11247855" uid="481934" user="iWowik"/>
  <node id="1709538446" lat="55.8673476" lon="37.4682393" version="1" timestamp="2012-04-10T05:58:16Z" changeset="11247855" uid="481934" user="iWowik"/>
  <node id="1709538447" lat="55.8675262" lon="37.4683074" version="3" timestamp="2023-02-16T15:27:27Z" changeset="132634729" uid="610278" user="NetFarmer"/>
  <node id="1709538448" lat="55.8675352" lon="37.4676363" version="6" timestamp="2023-02-16T15:27:27Z" changeset="132634729" uid="610278" user="NetFarmer"/>
  <node id="1709538449" lat="55.8675347" lon="37.4676796" version="5" timestamp="2023-02-16T15:27:27Z" changeset="132634729" uid="610278" user="NetFarmer"/>
  <node id="1709538451" lat="55.8675478" lon="37.4677626" version="5" timestamp="2023-02-16T15:27:27Z" changeset="132634729" uid="610278" user="NetFarmer"/>
  <node id="1709538452" lat="55.8675500" lon="37.4675542" version="6" timestamp="2023-02-16T15:27:27Z" changeset="132634729" uid="610278" user="NetFarmer"/>
  <node id="1709538453" lat="55.8675608" lon="37.4677991" version="6" timestamp="2023-02-16T15:27:27Z" changeset="132634729" uid="610278" user="NetFarmer"/>
  <node id="1709538454" lat="55.8675639" lon="37.4675186" version="6" timestamp="2023-02-16T15:27:27Z" changeset="132634729" uid="610278" user="NetFarmer"/>
  <node id="1709538476" lat="55.8675813" lon="37.4674885" version="6" timestamp="2023-02-16T15:27:27Z" changeset="132634729" uid="610278" user="NetFarmer"/>
  <node id="1709538478" lat="55.8675618" lon="37.4681995" version="6" timestamp="2023-02-16T15:27:27Z" changeset="132634729" uid="610278" user="NetFarmer"/>
  <node id="1709538480" lat="55.8676017" lon="37.4674649" version="6" timestamp="2023-02-16T15:27:27Z" changeset="132634729" uid="610278" user="NetFarmer"/>
  <node id="1709538482" lat="55.8676433" lon="37.4678826" version="6" timestamp="2023-02-16T15:27:27Z" changeset="132634729" uid="610278" user="NetFarmer"/>
  <node id="1709538483" lat="55.8676277" lon="37.4674471" version="6" timestamp="2023-02-16T15:27:27Z" changeset="132634729" uid="610278" user="NetFarmer"/>
  <node id="1709538484" lat="55.8676916" lon="37.4678767" version="6" timestamp="2023-02-16T15:27:27Z" changeset="132634729" uid="610278" user="NetFarmer"/>
  <node id="1709538485" lat="55.8676552" lon="37.4674401" version="6" timestamp="2023-02-16T15:27:27Z" changeset="132634729" uid="610278" user="NetFarmer"/>
  <node id="1709538486" lat="55.8677404" lon="37.4678305" version="6" timestamp="2023-02-16T15:27:27Z" changeset="132634729" uid="610278" user="NetFarmer"/>
  <node id="1709538487" lat="55.8676830" lon="37.4674441" version="6" timestamp="2023-02-16T15:27:27Z" changeset="132634729" uid="610278" user="NetFarmer"/>
  <node id="1709538489" lat="55.8677594" lon="37.4677941" version="6" timestamp="2023-02-16T15:27:27Z" changeset="132634729" uid="610278" user="NetFarmer"/>
  <node id="1709538490" lat="55.8677095" lon="37.4674590" version="6" timestamp="2023-02-16T15:27:27Z" changeset="132634729" uid="610278" user="NetFarmer"/>
  <node id="1709538491" lat="55.8677335" lon="37.4674840" version="5" timestamp="2023-02-16T15:27:27Z" changeset="132634729" uid="610278" user="NetFarmer"/>
  <node id="1709538492" lat="55.8677815" lon="37.4677037" version="6" timestamp="2023-02-16T15:27:27Z" changeset="132634729" uid="610278" user="NetFarmer"/>
  <node id="1709538494" lat="55.8677538" lon="37.4675179" version="5" timestamp="2023-02-16T15:27:27Z" changeset="132634729" uid="610278" user="NetFarmer"/>
  <node id="1709538495" lat="55.8677694" lon="37.4675590" version="5" timestamp="2023-02-16T15:27:27Z" changeset="132634729" uid="610278" user="NetFarmer"/>
  <node id="1709543301" lat="55.8675404" lon="37.4675940" version="5" timestamp="2023-02-16T15:27:27Z" changeset="132634729" uid="610278" user="NetFarmer"/>
  <node id="1709543302" lat="55.8677795" lon="37.4676052" version="5" timestamp="2023-02-16T15:27:27Z" changeset="132634729" uid="610278" user="NetFarmer"/>
  <node id="1709544717" lat="55.8679447" lon="37.4675016" version="3" timestamp="2023-02-16T15:27:27Z" changeset="132634729" uid="610278" user="NetFarmer"/>
  <node id="1709576251" lat="55.8674621" lon="37.4660493" version="7" timestamp="2020-03-15T13:13:33Z" changeset="82217037" uid="830106" user="literan"/>
  <node id="1709576350" lat="55.8683204" lon="37.4652840" version="4" timestamp="2012-04-19T13:37:21Z" changeset="11353796" uid="481934" user="iWowik"/>
  <node id="1709576354" lat="55.8684938" lon="37.4660464" version="3" timestamp="2012-04-12T05:37:17Z" changeset="11272465" uid="481934" user="iWowik"/>
  <node id="1709576358" lat="55.8687068" lon="37.4669848" version="6" timestamp="2023-02-16T15:27:27Z" changeset="132634729" uid="610278" user="NetFarmer"/>
  <node id="1709582456" lat="55.8675390" lon="37.4677222" version="3" timestamp="2023-02-16T15:27:27Z" changeset="132634729" uid="610278" user="NetFarmer"/>
  <node id="1709582457" lat="55.8675776" lon="37.4678305" version="3" timestamp="2023-02-16T15:27:27Z" changeset="132634729" uid="610278" user="NetFarmer"/>
  <node id="1709582458" lat="55.8676196" lon="37.4678730" version="3" timestamp="2023-02-16T15:27:27Z" changeset="132634729" uid="610278" user="NetFarmer"/>
  <node id="1709582459" lat="55.8676676" lon="37.4678839" version="3" timestamp="2023-02-16T15:27:27Z" changeset="132634729" uid="610278" user="NetFarmer"/>
  <node id="1709582460" lat="55.8677175" lon="37.4678585" version="3" timestamp="2023-02-16T15:27:27Z" changeset="132634729" uid="610278" user="NetFarmer"/>
  <node id="1709582461" lat="55.8677733" lon="37.4677511" version="3" timestamp="2023-02-16T15:27:27Z" changeset="132634729" uid="610278" user="NetFarmer"/>
  <node id="1709582462" lat="55.8677836" lon="37.4676543" version="3" timestamp="2023-02-16T15:27:27Z" changeset="132634729" uid="610278" user="NetFarmer"/>
  <node id="1709600373" lat="55.8662188" lon="37.4671963" version="6" timestamp="2021-12-03T17:17:44Z" changeset="114530561" uid="830106" user="literan"/>
  <node id="1709603837" lat="55.8654450" lon="37.4678756" version="3" timestamp="2021-12-03T17:17:44Z" changeset="114530561" uid="830106" user="literan"/>
  <node id="1709603839" lat="55.8655191" lon="37.4681629" version="1" timestamp="2012-04-10T07:06:43Z" changeset="11248020" uid="481934" user="iWowik"/>
  <node id="1709605942" lat="55.8667968" lon="37.4668129" version="5" timestamp="2023-02-16T15:15:28Z" changeset="132634250" uid="610278" user="NetFarmer"/>
  <node id="1709606664" lat="55.8674636" lon="37.4664958" version="2" timestamp="2020-03-15T10:49:39Z" changeset="82213921" uid="686523" user="Self-Perfection"/>
  <node id="1709606666" lat="55.8682187" lon="37.4660452" version="3" timestamp="2020-03-15T10:49:39Z" changeset="82213921" uid="686523" user="Self-Perfection"/>
  <node id="1711522610" lat="55.8661974" lon="37.4671060" version="7" timestamp="2021-12-03T17:17:44Z" changeset="114530561" uid="830106" user="literan">
    <tag k="crossing" v="unmarked"/>
    <tag k="highway" v="crossing"/>
  </node>
  <node id="1711522617" lat="55.8682326" lon="37.4654936" version="2" timestamp="2012-11-30T18:59:24Z" changeset="14102686" uid="696711" user="ad47">
    <tag k="highway" v="turning_circle"/>
  </node>
  <node id="1711522620" lat="55.8683491" lon="37.4654070" version="2" timestamp="2012-04-12T05:37:25Z" changeset="11272465" uid="481934" user="iWowik"/>
  <node id="1711522621" lat="55.8684303" lon="37.4657902" version="3" timestamp="2020-03-15T10:49:39Z" changeset="82213921" uid="686523" user="Self-Perfection"/>
  <node id="1711523916" lat="55.8657315" lon="37.4667422" version="2" timestamp="2012-04-12T05:37:26Z" changeset="11272465" uid="481934" user="iWowik"/>
  <node id="1712311316" lat="55.8657490" lon="37.4670757" version="2" timestamp="2016-06-30T15:23:19Z" changeset="40395188" uid="830106" user="literan"/>
  <node id="1712311317" lat="55.8657497" lon="37.4674290" version="4" timestamp="2021-12-03T17:17:44Z" changeset="114530561" uid="830106" user="literan"/>
  <node id="1712311322" lat="55.8666842" lon="37.4668058" version="2" timestamp="2021-12-03T17:17:44Z" changeset="114530561" uid="830106" user="literan"/>
  <node id="1722845572" lat="55.8683315" lon="37.4661702" version="1" timestamp="2012-04-19T13:34:44Z" changeset="11353796" uid="481934" user="iWowik"/>
  <node id="1722845667" lat="55.8656149" lon="37.4685554" version="1" timestamp="2012-04-19T13:35:36Z" changeset="11353796" uid="481934" user="iWowik"/>
  <node id="1727489096" lat="55.8672526" lon="37.4692483" version="2" timestamp="2022-07-07T12:06:27Z" changeset="123317441" uid="10129333" user="solenoid jam"/>
  <node id="1727489109" lat="55.8680263" lon="37.4686823" version="2" timestamp="2022-07-07T12:06:27Z" changeset="123317441" uid="10129333" user="solenoid jam"/>
  <node id="1727489919" lat="55.8672107" lon="37.4686580" version="2" timestamp="2018-09-26T12:22:35Z" changeset="62944807" uid="2853561" user="Владимир К"/>
  <node id="1727491404" lat="55.8668448" lon="37.4665940" version="2" timestamp="2012-12-07T13:59:49Z" changeset="14187929" uid="696711" user="ad47">
    <tag k="barrier" v="gate"/>
  </node>
  <node id="1727491405" lat="55.8668586" lon="37.4668021" version="4" timestamp="2023-02-16T15:15:28Z" changeset="132634250" uid="610278" user="NetFarmer"/>
  <node id="1727491406" lat="55.8672427" lon="37.4653444" version="2" timestamp="2012-10-28T18:06:11Z" changeset="13664781" uid="206282" user="Amigo"/>
  <node id="1727491407" lat="55.8674055" lon="37.4661593" version="3" timestamp="2021-12-03T17:17:44Z" changeset="114530561" uid="830106" user="literan"/>
  <node id="1728691267" lat="55.8678722" lon="37.4674337" version="2" timestamp="2023-02-16T15:27:27Z" changeset="132634729" uid="610278" user="NetFarmer"/>
  <node id="1728691277" lat="55.8682969" lon="37.4671385" version="1" timestamp="2012-04-24T06:58:20Z" changeset="11401984" uid="481934" user="iWowik"/>
  <node id="1728691278" lat="55.8686831" lon="37.4668797" version="1" timestamp="2012-04-24T06:58:21Z" changeset="11401984" uid="481934" user="iWowik"/>
  <node id="1837336084" lat="55.8654114" lon="37.4677535" version="4" timestamp="2021-12-03T17:17:44Z" changeset="114530561" uid="830106" user="literan"/>
  <node id="1837336085" lat="55.8669495" lon="37.4668123" version="4" timestamp="2023-02-16T15:15:28Z" changeset="132634250" uid="610278" user="NetFarmer"/>
  <node id="1987337428" lat="55.8669990" lon="37.4667484" version="4" timestamp="2023-02-16T15:15:28Z" changeset="132634250" uid="610278" user="NetFarmer"/>
  <node id="1987337503" lat="55.8685092" lon="37.4652660" version="1" timestamp="2012-10-28T18:06:07Z" changeset="13664781" uid="206282" user="Amigo"/>
  <node id="1987337507" lat="55.8675375" lon="37.4658449" version="2" timestamp="2021-12-03T17:17:44Z" changeset="114530561" uid="830106" user="literan"/>
  <node id="1987337513" lat="55.8685596" lon="37.4654936" version="1" timestamp="2012-10-28T18:06:07Z" changeset="13664781" uid="206282" user="Amigo"/>
  <node id="1987337527" lat="55.8677369" lon="37.4652959" version="2" timestamp="2021-12-03T17:17:44Z" changeset="114530561" uid="830106" user="literan"/>
  <node id="1987337541" lat="55.8672267" lon="37.4664653" version="3" timestamp="2023-02-16T15:15:28Z" changeset="132634250" uid="610278" user="NetFarmer">
    <tag k="traffic_calming" v="bump"/>
  </node>
  <node id="1998476917" lat="55.8673723" lon="37.4671651" version="2" timestamp="2023-02-16T15:27:27Z" changeset="132634729" uid="610278" user="NetFarmer"/>
  <node id="1998476921" lat="55.8674659" lon="37.4672714" version="2" timestamp="2023-02-16T15:27:27Z" changeset="132634729" uid="610278" user="NetFarmer"/>
  <node id="1998476924" lat="55.8669136" lon="37.4668037" version="3" timestamp="2023-02-16T15:15:28Z" changeset="132634250" uid="610278" user="NetFarmer"/>
  <node id="2042592701" lat="55.8662581" lon="37.4652999" version="3" timestamp="2016-06-30T15:23:20Z" changeset="40395188" uid="830106" user="literan"/>
  <node id="2042592702" lat="55.8662963" lon="37.4654790" version="3" timestamp="2016-06-30T15:23:20Z" changeset="40395188" uid="830106" user="literan"/>
  <node id="2042592703" lat="55.8663392" lon="37.4656909" version="3" timestamp="2016-06-30T15:23:20Z" changeset="40395188" uid="830106" user="literan"/>
  <node id="2042592704" lat="55.8663773" lon="37.4658698" version="3" timestamp="2016-06-30T15:23:20Z" changeset="40395188" uid="830106" user="literan"/>
  <node id="2042592707" lat="55.8664240" lon="37.4660976" version="3" timestamp="2016-06-30T15:23:20Z" changeset="40395188" uid="830106" user="literan"/>
  <node id="2042592708" lat="55.8664222" lon="37.4653937" version="3" timestamp="2016-06-30T15:23:20Z" changeset="40395188" uid="830106" user="literan"/>
  <node id="2042592709" lat="55.8664619" lon="37.4662754" version="3" timestamp="2016-06-30T15:23:20Z" changeset="40395188" uid="830106" user="literan"/>
  <node id="2042592710" lat="55.8664671" lon="37.4656042" version="3" timestamp="2016-06-30T15:23:20Z" changeset="40395188" uid="830106" user="literan"/>
  <node id="2042592712" lat="55.8665058" lon="37.4657827" version="3" timestamp="2016-06-30T15:23:20Z" changeset="40395188" uid="830106" user="literan"/>
  <node id="2042592713" lat="55.8665542" lon="37.4660093" version="3" timestamp="2016-06-30T15:23:20Z" changeset="40395188" uid="830106" user="literan"/>
  <node id="2042592714" lat="55.8666164" lon="37.4660622" version="3" timestamp="2016-06-30T15:23:20Z" changeset="40395188" uid="830106" user="literan"/>
  <node id="2042592716" lat="55.8666366" lon="37.4661569" version="3" timestamp="2016-06-30T15:23:20Z" changeset="40395188" uid="830106" user="literan"/>
  <node id="2042592717" lat="55.8666656" lon="37.4660288" version="3" timestamp="2016-06-30T15:23:20Z" changeset="40395188" uid="830106" user="literan"/>
  <node id="2042592741" lat="55.8669547" lon="37.4654611" version="3" timestamp="2021-12-03T17:17:44Z" changeset="114530561" uid="830106" user="literan"/>
  <node id="2042592744" lat="55.8669621" lon="37.4664649" version="3" timestamp="2021-12-03T17:17:44Z" changeset="114530561" uid="830106" user="literan"/>
  <node id="2042592755" lat="55.8670671" lon="37.4653884" version="3" timestamp="2021-12-03T17:17:44Z" changeset="114530561" uid="830106" user="literan"/>
  <node id="2042592756" lat="55.8670583" lon="37.4664485" version="2" timestamp="2021-12-03T17:17:44Z" changeset="114530561" uid="830106" user="literan"/>
  <node id="2042592773" lat="55.8672717" lon="37.4661751" version="2" timestamp="2021-12-03T17:17:44Z" changeset="114530561" uid="830106" user="literan"/>
  <node id="2042592777" lat="55.8673627" lon="37.4659975" version="2" timestamp="2021-12-03T17:17:44Z" changeset="114530561" uid="830106" user="literan"/>
  <node id="2042592780" lat="55.8675060" lon="37.4656671" version="2" timestamp="2021-12-03T17:17:44Z" changeset="114530561" uid="830106" user="literan"/>
  <node id="2054356148" lat="55.8663182" lon="37.4669398" version="2" timestamp="2016-06-30T15:23:20Z" changeset="40395188" uid="830106" user="literan"/>
  <node id="2087665689" lat="55.8655527" lon="37.4669761" version="2" timestamp="2016-05-13T15:49:50Z" changeset="39295432" uid="830106" user="literan"/>
  <node id="2087665690" lat="55.8656567" lon="37.4669061" version="2" timestamp="2016-05-13T15:49:50Z" changeset="39295432" uid="830106" user="literan"/>
  <node id="2533276824" lat="55.8686818" lon="37.4690232" version="3" timestamp="2021-08-18T23:24:57Z" changeset="109900493" uid="2580205" user="alexey_zakharenkov"/>
  <node id="2533276825" lat="55.8688314" lon="37.4689156" version="3" timestamp="2021-08-18T23:24:57Z" changeset="109900493" uid="2580205" user="alexey_zakharenkov"/>
  <node id="3013381519" lat="55.8668525" lon="37.4667216" version="3" timestamp="2021-12-03T17:17:44Z" changeset="114530561" uid="830106" user="literan"/>
  <node id="3013381520" lat="55.8671473" lon="37.4664356" version="3" timestamp="2021-12-03T17:17:44Z" changeset="114530561" uid="830106" user="literan"/>
  <node id="3013381521" lat="55.8673830" lon="37.4660600" version="2" timestamp="2021-12-03T17:17:44Z" changeset="114530561" uid="830106" user="literan"/>
  <node id="3013381522" lat="55.8674850" lon="37.4658001" version="2" timestamp="2021-12-03T17:17:44Z" changeset="114530561" uid="830106" user="literan"/>
  <node id="3013381523" lat="55.8676681" lon="37.4652664" version="2" timestamp="2021-12-03T17:17:44Z" changeset="114530561" uid="830106" user="literan"/>
  <node id="3013887667" lat="55.8653681" lon="37.4679778" version="1" timestamp="2014-08-13T09:01:36Z" changeset="24718597" uid="218619" user="Andrey Korolyov"/>
  <node id="3013887668" lat="55.8663788" lon="37.4672436" version="1" timestamp="2014-08-13T09:01:36Z" changeset="24718597" uid="218619" user="Andrey Korolyov"/>
  <node id="3013887669" lat="55.8663671" lon="37.4669981" version="2" timestamp="2021-12-03T17:17:44Z" changeset="114530561" uid="830106" user="literan"/>
  <node id="3013887670" lat="55.8663868" lon="37.4670860" version="4" timestamp="2021-12-03T17:17:44Z" changeset="114530561" uid="830106" user="literan">
    <tag k="crossing" v="uncontrolled"/>
    <tag k="highway" v="crossing"/>
  </node>
  <node id="3013887671" lat="55.8664072" lon="37.4671771" version="2" timestamp="2021-12-03T17:17:44Z" changeset="114530561" uid="830106" user="literan"/>
  <node id="3906577603" lat="55.8653607" lon="37.4671393" version="2" timestamp="2016-05-13T15:49:51Z" changeset="39295432" uid="830106" user="literan"/>
  <node id="3906577604" lat="55.8653937" lon="37.4669851" version="2" timestamp="2016-05-13T15:49:51Z" changeset="39295432" uid="830106" user="literan"/>
  <node id="3906577605" lat="55.8654177" lon="37.4671027" version="2" timestamp="2016-05-13T15:49:51Z" changeset="39295432" uid="830106" user="literan"/>
  <node id="3906606413" lat="55.8687983" lon="37.4687006" version="1" timestamp="2015-12-23T15:00:47Z" changeset="36127366" uid="397326" user="trolleway"/>
  <node id="3906606416" lat="55.8688134" lon="37.4687731" version="1" timestamp="2015-12-23T15:00:47Z" changeset="36127366" uid="397326" user="trolleway"/>
  <node id="3906606428" lat="55.8689180" lon="37.4686214" version="1" timestamp="2015-12-23T15:00:48Z" changeset="36127366" uid="397326" user="trolleway"/>
  <node id="3906606431" lat="55.8689332" lon="37.4686939" version="1" timestamp="2015-12-23T15:00:48Z" changeset="36127366" uid="397326" user="trolleway"/>
  <node id="3906606442" lat="55.8690420" lon="37.4672601" version="1" timestamp="2015-12-23T15:00:48Z" changeset="36127366" uid="397326" user="trolleway"/>
  <node id="3906606443" lat="55.8690514" lon="37.4673057" version="1" timestamp="2015-12-23T15:00:48Z" changeset="36127366" uid="397326" user="trolleway"/>
  <node id="3906606449" lat="55.8692224" lon="37.4677219" version="1" timestamp="2015-12-23T15:00:48Z" changeset="36127366" uid="397326" user="trolleway"/>
  <node id="3906606450" lat="55.8692329" lon="37.4676930" version="1" timestamp="2015-12-23T15:00:48Z" changeset="36127366" uid="397326" user="trolleway"/>
  <node id="3906606451" lat="55.8692372" lon="37.4677113" version="1" timestamp="2015-12-23T15:00:48Z" changeset="36127366" uid="397326" user="trolleway"/>
  <node id="3906606454" lat="55.8692774" lon="37.4688950" version="1" timestamp="2015-12-23T15:00:48Z" changeset="36127366" uid="397326" user="trolleway"/>
  <node id="3906606455" lat="55.8692868" lon="37.4689441" version="1" timestamp="2015-12-23T15:00:48Z" changeset="36127366" uid="397326" user="trolleway"/>
  <node id="3906606456" lat="55.8692913" lon="37.4686885" version="1" timestamp="2015-12-23T15:00:48Z" changeset="36127366" uid="397326" user="trolleway"/>
  <node id="3906606459" lat="55.8693105" lon="37.4688746" version="1" timestamp="2015-12-23T15:00:48Z" changeset="36127366" uid="397326" user="trolleway"/>
  <node id="3906606460" lat="55.8693199" lon="37.4689238" version="1" timestamp="2015-12-23T15:00:48Z" changeset="36127366" uid="397326" user="trolleway"/>
  <node id="3906606463" lat="55.8693419" lon="37.4689198" version="1" timestamp="2015-12-23T15:00:48Z" changeset="36127366" uid="397326" user="trolleway"/>
  <node id="3906606464" lat="55.8693479" lon="37.4680170" version="1" timestamp="2015-12-23T15:00:48Z" changeset="36127366" uid="397326" user="trolleway"/>
  <node id="4183192242" lat="55.8666516" lon="37.4677081" version="4" timestamp="2019-08-07T17:14:19Z" changeset="73121701" uid="686523" user="Self-Perfection"/>
  <node id="4183192243" lat="55.8666758" lon="37.4678080" version="4" timestamp="2019-08-07T17:14:19Z" changeset="73121701" uid="686523" user="Self-Perfection"/>
  <node id="4183192244" lat="55.8666218" lon="37.4678494" version="4" timestamp="2019-08-07T17:14:19Z" changeset="73121701" uid="686523" user="Self-Perfection"/>
  <node id="4183192245" lat="55.8665977" lon="37.4677496" version="4" timestamp="2019-08-07T17:14:19Z" changeset="73121701" uid="686523" user="Self-Perfection"/>
  <node id="4183811360" lat="55.8656585" lon="37.4652860" version="1" timestamp="2016-05-13T15:49:27Z" changeset="39295432" uid="830106" user="literan"/>
  <node id="4183811362" lat="55.8656781" lon="37.4654013" version="1" timestamp="2016-05-13T15:49:27Z" changeset="39295432" uid="830106" user="literan"/>
  <node id="4183811366" lat="55.8656946" lon="37.4659377" version="1" timestamp="2016-05-13T15:49:27Z" changeset="39295432" uid="830106" user="literan"/>
  <node id="4183811369" lat="55.8657142" lon="37.4654227" version="1" timestamp="2016-05-13T15:49:27Z" changeset="39295432" uid="830106" user="literan"/>
  <node id="4183811370" lat="55.8657368" lon="37.4654569" version="1" timestamp="2016-05-13T15:49:28Z" changeset="39295432" uid="830106" user="literan"/>
  <node id="4183811371" lat="55.8657518" lon="37.4656856" version="1" timestamp="2016-05-13T15:49:28Z" changeset="39295432" uid="830106" user="literan"/>
  <node id="4183811373" lat="55.8657563" lon="37.4655092" version="1" timestamp="2016-05-13T15:49:28Z" changeset="39295432" uid="830106" user="literan"/>
  <node id="4183811374" lat="55.8657627" lon="37.4656313" version="1" timestamp="2016-05-13T15:49:28Z" changeset="39295432" uid="830106" user="literan"/>
  <node id="4183811375" lat="55.8657631" lon="37.4658948" version="1" timestamp="2016-05-13T15:49:28Z" changeset="39295432" uid="830106" user="literan"/>
  <node id="4183811376" lat="55.8657638" lon="37.4655810" version="1" timestamp="2016-05-13T15:49:28Z" changeset="39295432" uid="830106" user="literan"/>
  <node id="4183811378" lat="55.8657748" lon="37.4657198" version="1" timestamp="2016-05-13T15:49:28Z" changeset="39295432" uid="830106" user="literan"/>
  <node id="4183811379" lat="55.8657834" lon="37.4658117" version="1" timestamp="2016-05-13T15:49:28Z" changeset="39295432" uid="830106" user="literan"/>
  <node id="4183811380" lat="55.8657842" lon="37.4657748" version="1" timestamp="2016-05-13T15:49:28Z" changeset="39295432" uid="830106" user="literan"/>
  <node id="4200856656" lat="55.8659261" lon="37.4683851" version="2" timestamp="2016-06-30T15:23:20Z" changeset="40395188" uid="830106" user="literan"/>
  <node id="4200856657" lat="55.8660678" lon="37.4684228" version="1" timestamp="2016-05-22T21:01:46Z" changeset="39496354" uid="830106" user="literan"/>
  <node id="4200856658" lat="55.8660843" lon="37.4684916" version="1" timestamp="2016-05-22T21:01:46Z" changeset="39496354" uid="830106" user="literan"/>
  <node id="4200856659" lat="55.8661067" lon="37.4682613" version="1" timestamp="2016-05-22T21:01:46Z" changeset="39496354" uid="830106" user="literan"/>
  <node id="4200856660" lat="55.8661085" lon="37.4683919" version="1" timestamp="2016-05-22T21:01:46Z" changeset="39496354" uid="830106" user="literan"/>
  <node id="4200856661" lat="55.8661249" lon="37.4684608" version="1" timestamp="2016-05-22T21:01:46Z" changeset="39496354" uid="830106" user="literan"/>
  <node id="4200856662" lat="55.8662168" lon="37.4687705" version="1" timestamp="2016-05-22T21:01:46Z" changeset="39496354" uid="830106" user="literan"/>
  <node id="4200856663" lat="55.8662383" lon="37.4688600" version="3" timestamp="2021-08-18T23:24:57Z" changeset="109900493" uid="2580205" user="alexey_zakharenkov"/>
  <node id="4200856664" lat="55.8662747" lon="37.4671587" version="3" timestamp="2021-12-03T17:17:44Z" changeset="114530561" uid="830106" user="literan"/>
  <node id="4200856665" lat="55.8663034" lon="37.4672947" version="1" timestamp="2016-05-22T21:01:46Z" changeset="39496354" uid="830106" user="literan"/>
  <node id="4200856666" lat="55.8664598" lon="37.4680192" version="1" timestamp="2016-05-22T21:01:46Z" changeset="39496354" uid="830106" user="literan"/>
  <node id="4200856667" lat="55.8665566" lon="37.4680585" version="2" timestamp="2019-08-07T17:14:19Z" changeset="73121701" uid="686523" user="Self-Perfection"/>
  <node id="4200856668" lat="55.8665901" lon="37.4682103" version="2" timestamp="2019-08-07T17:14:19Z" changeset="73121701" uid="686523" user="Self-Perfection"/>
  <node id="4200856669" lat="55.8666256" lon="37.4679655" version="2" timestamp="2019-08-07T17:14:19Z" changeset="73121701" uid="686523" user="Self-Perfection"/>
  <node id="4200856670" lat="55.8666341" lon="37.4680040" version="2" timestamp="2019-08-07T17:14:19Z" changeset="73121701" uid="686523" user="Self-Perfection"/>
  <node id="4200856671" lat="55.8666765" lon="37.4681496" version="2" timestamp="2019-08-07T17:14:19Z" changeset="73121701" uid="686523" user="Self-Perfection"/>
  <node id="4200856672" lat="55.8666929" lon="37.4682238" version="2" timestamp="2019-08-07T17:14:19Z" changeset="73121701" uid="686523" user="Self-Perfection"/>
  <node id="4200856673" lat="55.8667432" lon="37.4678830" version="2" timestamp="2019-08-07T17:14:19Z" changeset="73121701" uid="686523" user="Self-Perfection"/>
  <node id="4200856674" lat="55.8667590" lon="37.4677714" version="2" timestamp="2019-08-07T17:14:19Z" changeset="73121701" uid="686523" user="Self-Perfection"/>
  <node id="4200856675" lat="55.8667723" lon="37.4675367" version="1" timestamp="2016-05-22T21:01:46Z" changeset="39496354" uid="830106" user="literan"/>
  <node id="4200856676" lat="55.8667885" lon="37.4683057" version="2" timestamp="2019-08-07T17:14:19Z" changeset="73121701" uid="686523" user="Self-Perfection"/>
  <node id="4200856677" lat="55.8668017" lon="37.4681474" version="2" timestamp="2019-08-07T17:14:19Z" changeset="73121701" uid="686523" user="Self-Perfection"/>
  <node id="4200856678" lat="55.8668217" lon="37.4684417" version="2" timestamp="2019-08-07T17:14:19Z" changeset="73121701" uid="686523" user="Self-Perfection"/>
  <node id="4200856680" lat="55.8668581" lon="37.4682454" version="2" timestamp="2019-08-07T17:14:19Z" changeset="73121701" uid="686523" user="Self-Perfection"/>
  <node id="4200856681" lat="55.8670572" lon="37.4680930" version="2" timestamp="2019-08-07T17:14:19Z" changeset="73121701" uid="686523" user="Self-Perfection"/>
  <node id="4200856682" lat="55.8670948" lon="37.4682474" version="2" timestamp="2018-09-26T12:22:35Z" changeset="62944807" uid="2853561" user="Владимир К"/>
  <node id="4273744766" lat="55.8660977" lon="37.4680809" version="47" timestamp="2024-09-24T07:40:40Z" changeset="157025850" uid="6710042" user="dpolovinkin">
    <tag k="brand" v="Лента"/>
    <tag k="brand:wikidata" v="Q4258608"/>
    <tag k="brand:wikipedia" v="ru:Лента (сеть магазинов)"/>
    <tag k="contact:email" v="pr@lenta.com"/>
    <tag k="contact:facebook" v="https://www.facebook.com/lentacom"/>
    <tag k="contact:instagram" v="https://www.instagram.com/lenta_com"/>
    <tag k="contact:ok" v="https://ok.ru/group/53286834208943"/>
    <tag k="contact:phone" v="+7 800 7004111"/>
    <tag k="contact:vk" v="https://vk.com/lentacom"/>
    <tag k="contact:website" v="https://www.lenta.com"/>
    <tag k="name" v="Лента"/>
    <tag k="opening_hours" v="Mo-Su 08:00-24:00"/>
    <tag k="operator" v="ООО &quot;Лента&quot;"/>
    <tag k="shop" v="supermarket"/>
  </node>
  <node id="4273744778" lat="55.8653981" lon="37.4673948" version="2" timestamp="2021-12-03T17:17:44Z" changeset="114530561" uid="830106" user="literan"/>
  <node id="4273744779" lat="55.8655938" lon="37.4660851" version="1" timestamp="2016-06-30T15:23:13Z" changeset="40395188" uid="830106" user="literan"/>
  <node id="4273744780" lat="55.8656064" lon="37.4672598" version="1" timestamp="2016-06-30T15:23:13Z" changeset="40395188" uid="830106" user="literan"/>
  <node id="4273744781" lat="55.8657132" lon="37.4660057" version="1" timestamp="2016-06-30T15:23:13Z" changeset="40395188" uid="830106" user="literan"/>
  <node id="4273744782" lat="55.8657455" lon="37.4660533" version="1" timestamp="2016-06-30T15:23:13Z" changeset="40395188" uid="830106" user="literan"/>
  <node id="4273744783" lat="55.8657471" lon="37.4668714" version="1" timestamp="2016-06-30T15:23:13Z" changeset="40395188" uid="830106" user="literan"/>
  <node id="4273744784" lat="55.8657690" lon="37.4676571" version="1" timestamp="2016-06-30T15:23:13Z" changeset="40395188" uid="830106" user="literan"/>
  <node id="4273744785" lat="55.8657922" lon="37.4659531" version="1" timestamp="2016-06-30T15:23:13Z" changeset="40395188" uid="830106" user="literan"/>
  <node id="4273744786" lat="55.8657939" lon="37.4677724" version="1" timestamp="2016-06-30T15:23:13Z" changeset="40395188" uid="830106" user="literan"/>
  <node id="4273744787" lat="55.8658009" lon="37.4660165" version="1" timestamp="2016-06-30T15:23:13Z" changeset="40395188" uid="830106" user="literan"/>
  <node id="4273744788" lat="55.8658181" lon="37.4663996" version="1" timestamp="2016-06-30T15:23:13Z" changeset="40395188" uid="830106" user="literan"/>
  <node id="4273744889" lat="55.8658259" lon="37.4665437" version="1" timestamp="2016-06-30T15:23:13Z" changeset="40395188" uid="830106" user="literan"/>
  <node id="4273744890" lat="55.8658735" lon="37.4663628" version="1" timestamp="2016-06-30T15:23:13Z" changeset="40395188" uid="830106" user="literan"/>
  <node id="4273744891" lat="55.8658855" lon="37.4679140" version="1" timestamp="2016-06-30T15:23:13Z" changeset="40395188" uid="830106" user="literan">
    <tag k="shop" v="greengrocer"/>
  </node>
  <node id="4273744892" lat="55.8658877" lon="37.4658963" version="1" timestamp="2016-06-30T15:23:13Z" changeset="40395188" uid="830106" user="literan"/>
  <node id="4273744893" lat="55.8658924" lon="37.4667613" version="1" timestamp="2016-06-30T15:23:13Z" changeset="40395188" uid="830106" user="literan"/>
  <node id="4273744894" lat="55.8659193" lon="37.4680701" version="3" timestamp="2026-02-05T14:41:19Z" changeset="178143903" uid="11956608" user="kxeess">
    <tag k="disused:amenity" v="pharmacy"/>
  </node>
  <node id="4273744895" lat="55.8659403" lon="37.4676758" version="4" timestamp="2026-02-05T21:48:36Z" changeset="178159034" uid="11956608" user="kxeess">
    <tag k="check_date" v="2023-06-08"/>
    <tag k="female" v="yes"/>
    <tag k="internet_access" v="no"/>
    <tag k="level" v="-1"/>
    <tag k="male" v="yes"/>
    <tag k="payment:cards" v="no"/>
    <tag k="payment:cash" v="yes"/>
    <tag k="payment:credit_cards" v="no"/>
    <tag k="payment:debit_cards" v="no"/>
    <tag k="shop" v="hairdresser"/>
    <tag k="wheelchair" v="no"/>
  </node>
  <node id="4273744896" lat="55.8659594" lon="37.4658537" version="1" timestamp="2016-06-30T15:23:13Z" changeset="40395188" uid="830106" user="literan"/>
  <node id="4273744897" lat="55.8660917" lon="37.4670835" version="1" timestamp="2016-06-30T15:23:13Z" changeset="40395188" uid="830106" user="literan"/>
  <node id="4273744898" lat="55.8661149" lon="37.4662682" version="1" timestamp="2016-06-30T15:23:13Z" changeset="40395188" uid="830106" user="literan"/>
  <node id="4273744899" lat="55.8661113" lon="37.4671654" version="2" timestamp="2021-12-03T17:17:44Z" changeset="114530561" uid="830106" user="literan"/>
  <node id="4732245503" lat="55.8659589" lon="37.4685669" version="1" timestamp="2017-03-13T13:49:57Z" changeset="46813341" uid="5477986" user="QDeathNick"/>
  <node id="4732245504" lat="55.8658472" lon="37.4691457" version="2" timestamp="2018-09-26T12:22:35Z" changeset="62944807" uid="2853561" user="Владимир К"/>
  <node id="4788086644" lat="55.8675621" lon="37.4688928" version="1" timestamp="2017-04-11T10:47:14Z" changeset="47653144" uid="686523" user="Self-Perfection">
    <tag k="leisure" v="playground"/>
  </node>
  <node id="4967027952" lat="55.8683855" lon="37.4664302" version="3" timestamp="2021-12-03T17:17:44Z" changeset="114530561" uid="830106" user="literan"/>
  <node id="4967027953" lat="55.8684111" lon="37.4665415" version="3" timestamp="2021-12-03T17:17:44Z" changeset="114530561" uid="830106" user="literan"/>
  <node id="4967027954" lat="55.8685383" lon="37.4664486" version="3" timestamp="2021-12-03T17:17:44Z" changeset="114530561" uid="830106" user="literan"/>
  <node id="4967027955" lat="55.8685127" lon="37.4663373" version="3" timestamp="2021-12-03T17:17:44Z" changeset="114530561" uid="830106" user="literan"/>
  <node id="4998713143" lat="55.8687856" lon="37.4669296" version="3" timestamp="2023-02-16T15:27:27Z" changeset="132634729" uid="610278" user="NetFarmer">
    <tag k="crossing" v="uncontrolled"/>
    <tag k="highway" v="crossing"/>
  </node>
  <node id="4998713144" lat="55.8683172" lon="37.4672567" version="3" timestamp="2023-02-16T15:27:27Z" changeset="132634729" uid="610278" user="NetFarmer">
    <tag k="crossing" v="uncontrolled"/>
    <tag k="highway" v="crossing"/>
  </node>
  <node id="4998713145" lat="55.8684130" lon="37.4671908" version="2" timestamp="2023-02-16T15:27:27Z" changeset="132634729" uid="610278" user="NetFarmer">
    <tag k="traffic_calming" v="bump"/>
  </node>
  <node id="4998713146" lat="55.8682152" lon="37.4673306" version="2" timestamp="2023-02-16T15:27:27Z" changeset="132634729" uid="610278" user="NetFarmer">
    <tag k="traffic_calming" v="bump"/>
  </node>
  <node id="5014041689" lat="55.8657010" lon="37.4690701" version="1" timestamp="2017-08-04T11:43:19Z" changeset="50836237" uid="686523" user="Self-Perfection">
    <tag k="amenity" v="waste_disposal"/>
  </node>
  <node id="5907749785" lat="55.8670371" lon="37.4665381" version="3" timestamp="2023-02-16T15:15:28Z" changeset="132634250" uid="610278" user="NetFarmer"/>
  <node id="5907749786" lat="55.8670267" lon="37.4663818" version="1" timestamp="2018-09-15T09:02:05Z" changeset="62605815" uid="686523" user="Self-Perfection"/>
  <node id="5931343152" lat="55.8657725" lon="37.4692005" version="1" timestamp="2018-09-26T12:22:35Z" changeset="62944807" uid="2853561" user="Владимир К"/>
  <node id="6315633186" lat="55.8663566" lon="37.4677357" version="29" timestamp="2023-09-17T22:42:45Z" changeset="141400332" uid="149719" user="Bloodmage">
    <tag k="addr:postcode" v="125445"/>
    <tag k="leisure" v="fitness_centre"/>
    <tag k="name" v="Спарта"/>
  </node>
  <node id="6446360345" lat="55.8678696" lon="37.4663274" version="3" timestamp="2021-12-03T17:17:44Z" changeset="114530561" uid="830106" user="literan"/>
  <node id="6691756943" lat="55.8670147" lon="37.4681255" version="1" timestamp="2019-08-07T17:14:19Z" changeset="73121701" uid="686523" user="Self-Perfection"/>
  <node id="6691756944" lat="55.8670130" lon="37.4680768" version="1" timestamp="2019-08-07T17:14:19Z" changeset="73121701" uid="686523" user="Self-Perfection"/>
  <node id="6691756945" lat="55.8670032" lon="37.4680231" version="1" timestamp="2019-08-07T17:14:19Z" changeset="73121701" uid="686523" user="Self-Perfection"/>
  <node id="6691756946" lat="55.8669821" lon="37.4679776" version="1" timestamp="2019-08-07T17:14:19Z" changeset="73121701" uid="686523" user="Self-Perfection"/>
  <node id="6691756947" lat="55.8669438" lon="37.4679467" version="1" timestamp="2019-08-07T17:14:19Z" changeset="73121701" uid="686523" user="Self-Perfection"/>
  <node id="6691756948" lat="55.8669091" lon="37.4679695" version="1" timestamp="2019-08-07T17:14:19Z" changeset="73121701" uid="686523" user="Self-Perfection"/>
  <node id="6691756949" lat="55.8668843" lon="37.4680151" version="1" timestamp="2019-08-07T17:14:19Z" changeset="73121701" uid="686523" user="Self-Perfection"/>
  <node id="6691756950" lat="55.8668843" lon="37.4680835" version="1" timestamp="2019-08-07T17:14:19Z" changeset="73121701" uid="686523" user="Self-Perfection"/>
  <node id="6691756951" lat="55.8669069" lon="37.4681345" version="1" timestamp="2019-08-07T17:14:19Z" changeset="73121701" uid="686523" user="Self-Perfection"/>
  <node id="6691756952" lat="55.8669417" lon="37.4681814" version="1" timestamp="2019-08-07T17:14:19Z" changeset="73121701" uid="686523" user="Self-Perfection"/>
  <node id="6691756953" lat="55.8674178" lon="37.4679856" version="2" timestamp="2021-02-06T15:45:03Z" changeset="98818833" uid="519501" user="parukhin">
    <tag k="opening_hours" v="10:00-20:00"/>
    <tag k="phone" v="+7 495 9289787"/>
    <tag k="shop" v="beauty"/>
  </node>
  <node id="6691756954" lat="55.8673178" lon="37.4683061" version="1" timestamp="2019-08-07T17:14:19Z" changeset="73121701" uid="686523" user="Self-Perfection">
    <tag k="amenity" v="waste_disposal"/>
    <tag k="collection_times" v="13:00-17:00"/>
    <tag k="operator" v="ООО &quot;Эколайн&quot;"/>
    <tag k="ref" v="201605824"/>
  </node>
  <node id="6691756955" lat="55.8671251" lon="37.4679722" version="1" timestamp="2019-08-07T17:14:19Z" changeset="73121701" uid="686523" user="Self-Perfection"/>
  <node id="6691756956" lat="55.8665457" lon="37.4678126" version="1" timestamp="2019-08-07T17:14:19Z" changeset="73121701" uid="686523" user="Self-Perfection">
    <tag k="amenity" v="waste_disposal"/>
    <tag k="collection_times" v="13:00-17:00"/>
    <tag k="operator" v="ООО &quot;Эколайн&quot;"/>
    <tag k="ref" v="2350334"/>
  </node>
  <node id="6691756957" lat="55.8673371" lon="37.4678350" version="1" timestamp="2019-08-07T17:14:19Z" changeset="73121701" uid="686523" user="Self-Perfection">
    <tag k="addr:flats" v="361-456"/>
    <tag k="entrance" v="staircase"/>
    <tag k="ref" v="4"/>
    <tag k="wheelchair" v="yes"/>
  </node>
  <node id="6691756958" lat="55.8671690" lon="37.4675167" version="1" timestamp="2019-08-07T17:14:19Z" changeset="73121701" uid="686523" user="Self-Perfection">
    <tag k="addr:flats" v="241-360"/>
    <tag k="entrance" v="staircase"/>
    <tag k="ref" v="3"/>
    <tag k="wheelchair" v="yes"/>
  </node>
  <node id="6691756959" lat="55.8669266" lon="37.4673274" version="1" timestamp="2019-08-07T17:14:19Z" changeset="73121701" uid="686523" user="Self-Perfection">
    <tag k="addr:flats" v="121-240"/>
    <tag k="entrance" v="staircase"/>
    <tag k="ref" v="2"/>
    <tag k="wheelchair" v="yes"/>
  </node>
  <node id="6691756960" lat="55.8666816" lon="37.4673353" version="1" timestamp="2019-08-07T17:14:19Z" changeset="73121701" uid="686523" user="Self-Perfection">
    <tag k="addr:flats" v="1-120"/>
    <tag k="entrance" v="staircase"/>
    <tag k="ref" v="1"/>
    <tag k="wheelchair" v="yes"/>
  </node>
  <node id="6691756961" lat="55.8673908" lon="37.4675437" version="1" timestamp="2019-08-07T17:14:19Z" changeset="73121701" uid="686523" user="Self-Perfection"/>
  <node id="6691756962" lat="55.8673569" lon="37.4675638" version="1" timestamp="2019-08-07T17:14:19Z" changeset="73121701" uid="686523" user="Self-Perfection"/>
  <node id="6691756963" lat="55.8673185" lon="37.4674974" version="1" timestamp="2019-08-07T17:14:19Z" changeset="73121701" uid="686523" user="Self-Perfection"/>
  <node id="6691756964" lat="55.8668602" lon="37.4670549" version="1" timestamp="2019-08-07T17:14:19Z" changeset="73121701" uid="686523" user="Self-Perfection"/>
  <node id="6691756965" lat="55.8668440" lon="37.4671100" version="1" timestamp="2019-08-07T17:14:19Z" changeset="73121701" uid="686523" user="Self-Perfection"/>
  <node id="6691756966" lat="55.8667933" lon="37.4671112" version="1" timestamp="2019-08-07T17:14:19Z" changeset="73121701" uid="686523" user="Self-Perfection"/>
  <node id="6896185537" lat="55.8655315" lon="37.4690906" version="2" timestamp="2022-08-17T14:06:43Z" changeset="125019815" uid="11321493" user="Grass-snake">
    <tag k="artwork_type" v="graffiti"/>
    <tag k="tourism" v="artwork"/>
  </node>
  <node id="6896185538" lat="55.8659259" lon="37.4679717" version="34" timestamp="2026-02-07T20:41:14Z" changeset="178244122" uid="11956608" user="kxeess">
    <tag k="amenity" v="cafe"/>
    <tag k="check_date" v="2026-02-07"/>
    <tag k="cuisine" v="middle_eastern"/>
    <tag k="level" v="1"/>
    <tag k="name" v="Чайхана Баракат"/>
    <tag k="opening_hours" v="11:00-23:00"/>
    <tag k="outdoor_seating" v="no"/>
  </node>
  <node id="7124178867" lat="55.8659335" lon="37.4680278" version="3" timestamp="2020-08-02T20:19:16Z" changeset="88850057" uid="686523" user="Self-Perfection">
    <tag k="level" v="2"/>
    <tag k="noname" v="yes"/>
    <tag k="shop" v="shoe_repair"/>
  </node>
  <node id="7272839349" lat="55.8674956" lon="37.4665651" version="2" timestamp="2023-02-16T15:15:28Z" changeset="132634250" uid="610278" user="NetFarmer"/>
  <node id="7272839350" lat="55.8674324" lon="37.4664551" version="2" timestamp="2023-02-16T15:15:28Z" changeset="132634250" uid="610278" user="NetFarmer"/>
  <node id="7272839351" lat="55.8673346" lon="37.4666375" version="2" timestamp="2023-02-16T15:15:28Z" changeset="132634250" uid="610278" user="NetFarmer"/>
  <node id="7272839352" lat="55.8674475" lon="37.4668923" version="2" timestamp="2023-02-16T15:15:28Z" changeset="132634250" uid="610278" user="NetFarmer"/>
  <node id="7272839353" lat="55.8676928" lon="37.4666750" version="2" timestamp="2023-02-16T15:15:28Z" changeset="132634250" uid="610278" user="NetFarmer"/>
  <node id="7272839354" lat="55.8676281" lon="37.4664551" version="2" timestamp="2023-02-16T15:15:28Z" changeset="132634250" uid="610278" user="NetFarmer"/>
  <node id="7272839355" lat="55.8677125" lon="37.4664352" version="2" timestamp="2021-12-03T17:17:44Z" changeset="114530561" uid="830106" user="literan"/>
  <node id="7272839356" lat="55.8677768" lon="37.4667323" version="2" timestamp="2021-12-03T17:17:44Z" changeset="114530561" uid="830106" user="literan"/>
  <node id="7272839357" lat="55.8679338" lon="37.4666245" version="2" timestamp="2021-12-03T17:17:44Z" changeset="114530561" uid="830106" user="literan"/>
  <node id="7296510940" lat="55.8692739" lon="37.4653552" version="1" timestamp="2020-03-15T10:49:39Z" changeset="82213921" uid="686523" user="Self-Perfection"/>
  <node id="7296510941" lat="55.8693292" lon="37.4656292" version="1" timestamp="2020-03-15T10:49:39Z" changeset="82213921" uid="686523" user="Self-Perfection"/>
  <node id="7296510942" lat="55.8690832" lon="37.4657872" version="2" timestamp="2021-12-03T17:17:44Z" changeset="114530561" uid="830106" user="literan"/>
  <node id="7296510943" lat="55.8690278" lon="37.4655131" version="2" timestamp="2021-12-03T17:17:44Z" changeset="114530561" uid="830106" user="literan"/>
  <node id="7296510944" lat="55.8682923" lon="37.4659918" version="1" timestamp="2020-03-15T10:49:39Z" changeset="82213921" uid="686523" user="Self-Perfection"/>
  <node id="7296510945" lat="55.8673119" lon="37.4663334" version="2" timestamp="2021-12-03T17:17:44Z" changeset="114530561" uid="830106" user="literan"/>
  <node id="7296510946" lat="55.8682879" lon="37.4662035" version="1" timestamp="2020-03-15T10:49:39Z" changeset="82213921" uid="686523" user="Self-Perfection"/>
  <node id="7296510947" lat="55.8677499" lon="37.4664096" version="2" timestamp="2021-12-03T17:17:44Z" changeset="114530561" uid="830106" user="literan">
    <tag k="barrier" v="gate"/>
    <tag k="foot" v="yes"/>
  </node>
  <node id="8715585823" lat="55.8659281" lon="37.4681114" version="17" timestamp="2026-02-08T11:22:51Z" changeset="178261430" uid="830106" user="literan">
    <tag k="amenity" v="fast_food"/>
    <tag k="check_date" v="2026-02-06"/>
    <tag k="contact:telegram" v="https://t.me/OrangeCoffeeFox"/>
    <tag k="cuisine" v="coffee_shop"/>
    <tag k="drive_through" v="no"/>
    <tag k="image:menu" v="https://panoramax.mapcomplete.org/api/pictures/2d30534e-c0e1-48a8-9388-dfd4661767ae/hd.jpg"/>
    <tag k="indoor_seating" v="no"/>
    <tag k="internet_access" v="no"/>
    <tag k="level" v="0"/>
    <tag k="name" v="Orange coffee"/>
    <tag k="outdoor_seating" v="no"/>
    <tag k="payment:cash" v="yes"/>
    <tag k="payment:credit_cards" v="yes"/>
    <tag k="payment:debit_cards" v="yes"/>
    <tag k="takeaway" v="only"/>
    <tag k="toilets" v="no"/>
  </node>
  <node id="9018534278" lat="55.8693121" lon="37.4690809" version="1" timestamp="2021-08-18T23:24:57Z" changeset="109900493" uid="2580205" user="alexey_zakharenkov"/>
  <node id="9018534280" lat="55.8693484" lon="37.4690562" version="1" timestamp="2021-08-18T23:24:57Z" changeset="109900493" uid="2580205" user="alexey_zakharenkov"/>
  <node id="9018534283" lat="55.8687610" lon="37.4689659" version="1" timestamp="2021-08-18T23:24:57Z" changeset="109900493" uid="2580205" user="alexey_zakharenkov"/>
  <node id="9018534284" lat="55.8692020" lon="37.4686803" version="1" timestamp="2021-08-18T23:24:57Z" changeset="109900493" uid="2580205" user="alexey_zakharenkov"/>
  <node id="9018534285" lat="55.8691862" lon="37.4686401" version="1" timestamp="2021-08-18T23:24:57Z" changeset="109900493" uid="2580205" user="alexey_zakharenkov"/>
  <node id="9018534286" lat="55.8687799" lon="37.4689230" version="1" timestamp="2021-08-18T23:24:57Z" changeset="109900493" uid="2580205" user="alexey_zakharenkov"/>
  <node id="9018534335" lat="55.8683366" lon="37.4673566" version="1" timestamp="2021-08-18T23:24:57Z" changeset="109900493" uid="2580205" user="alexey_zakharenkov"/>
  <node id="9084813472" lat="55.8660941" lon="37.4673781" version="2" timestamp="2021-12-03T17:17:44Z" changeset="114530561" uid="830106" user="literan">
    <tag k="communication:mobile_phone" v="yes"/>
    <tag k="man_made" v="mast"/>
    <tag k="material" v="steel"/>
    <tag k="tower:construction" v="freestanding"/>
    <tag k="tower:type" v="communication"/>
  </node>
  <node id="9084813473" lat="55.8660919" lon="37.4671300" version="2" timestamp="2026-01-26T19:46:46Z" changeset="177735109" uid="830106" user="literan">
    <tag k="communication:mobile_phone" v="yes"/>
    <tag k="man_made" v="mast"/>
    <tag k="material" v="steel"/>
    <tag k="tower:construction" v="freestanding"/>
    <tag k="tower:type" v="communication"/>
  </node>
  <node id="9084813474" lat="55.8661370" lon="37.4674075" version="1" timestamp="2021-09-12T21:37:35Z" changeset="111113411" uid="830106" user="literan"/>
  <node id="9084813475" lat="55.8660894" lon="37.4671810" version="2" timestamp="2021-12-03T17:17:44Z" changeset="114530561" uid="830106" user="literan"/>
  <node id="9084813476" lat="55.8661083" lon="37.4672707" version="2" timestamp="2021-12-03T17:17:44Z" changeset="114530561" uid="830106" user="literan">
    <tag k="crossing" v="uncontrolled"/>
    <tag k="highway" v="crossing"/>
  </node>
  <node id="9308986173" lat="55.8671077" lon="37.4661083" version="1" timestamp="2021-12-03T17:17:44Z" changeset="114530561" uid="830106" user="literan"/>
  <node id="9308986174" lat="55.8671366" lon="37.4662499" version="1" timestamp="2021-12-03T17:17:44Z" changeset="114530561" uid="830106" user="literan"/>
  <node id="9308986175" lat="55.8671861" lon="37.4662178" version="1" timestamp="2021-12-03T17:17:44Z" changeset="114530561" uid="830106" user="literan"/>
  <node id="9308986176" lat="55.8671573" lon="37.4660762" version="1" timestamp="2021-12-03T17:17:44Z" changeset="114530561" uid="830106" user="literan"/>
  <node id="9308986177" lat="55.8670641" lon="37.4659017" version="1" timestamp="2021-12-03T17:17:44Z" changeset="114530561" uid="830106" user="literan"/>
  <node id="9308986178" lat="55.8670929" lon="37.4660433" version="1" timestamp="2021-12-03T17:17:44Z" changeset="114530561" uid="830106" user="literan"/>
  <node id="9308986179" lat="55.8671425" lon="37.4660113" version="1" timestamp="2021-12-03T17:17:44Z" changeset="114530561" uid="830106" user="literan"/>
  <node id="9308986180" lat="55.8671137" lon="37.4658697" version="1" timestamp="2021-12-03T17:17:44Z" changeset="114530561" uid="830106" user="literan"/>
  <node id="9308986181" lat="55.8670144" lon="37.4656550" version="1" timestamp="2021-12-03T17:17:44Z" changeset="114530561" uid="830106" user="literan"/>
  <node id="9308986182" lat="55.8670433" lon="37.4657966" version="1" timestamp="2021-12-03T17:17:44Z" changeset="114530561" uid="830106" user="literan"/>
  <node id="9308986183" lat="55.8670928" lon="37.4657645" version="1" timestamp="2021-12-03T17:17:44Z" changeset="114530561" uid="830106" user="literan"/>
  <node id="9308986184" lat="55.8670640" lon="37.4656229" version="1" timestamp="2021-12-03T17:17:44Z" changeset="114530561" uid="830106" user="literan"/>
  <node id="9308986185" lat="55.8671779" lon="37.4655205" version="1" timestamp="2021-12-03T17:17:44Z" changeset="114530561" uid="830106" user="literan"/>
  <node id="9308986186" lat="55.8672067" lon="37.4656621" version="1" timestamp="2021-12-03T17:17:44Z" changeset="114530561" uid="830106" user="literan"/>
  <node id="9308986187" lat="55.8672563" lon="37.4656301" version="1" timestamp="2021-12-03T17:17:44Z" changeset="114530561" uid="830106" user="literan"/>
  <node id="9308986188" lat="55.8672275" lon="37.4654885" version="1" timestamp="2021-12-03T17:17:44Z" changeset="114530561" uid="830106" user="literan"/>
  <node id="9308986189" lat="55.8673582" lon="37.4654058" version="1" timestamp="2021-12-03T17:17:44Z" changeset="114530561" uid="830106" user="literan"/>
  <node id="9308986190" lat="55.8673870" lon="37.4655475" version="1" timestamp="2021-12-03T17:17:44Z" changeset="114530561" uid="830106" user="literan"/>
  <node id="9308986191" lat="55.8674625" lon="37.4654987" version="1" timestamp="2021-12-03T17:17:44Z" changeset="114530561" uid="830106" user="literan"/>
  <node id="9308986192" lat="55.8674336" lon="37.4653570" version="1" timestamp="2021-12-03T17:17:44Z" changeset="114530561" uid="830106" user="literan"/>
  <node id="9309020317" lat="55.8653917" lon="37.4656556" version="1" timestamp="2021-12-03T17:17:44Z" changeset="114530561" uid="830106" user="literan">
    <tag k="addr:flats" v="997-1032"/>
    <tag k="entrance" v="staircase"/>
    <tag k="ref" v="5"/>
  </node>
  <node id="9309020318" lat="55.8654507" lon="37.4659341" version="1" timestamp="2021-12-03T17:17:44Z" changeset="114530561" uid="830106" user="literan">
    <tag k="addr:flats" v="961-996"/>
    <tag k="entrance" v="staircase"/>
    <tag k="ref" v="4"/>
  </node>
  <node id="9309020319" lat="55.8655097" lon="37.4662126" version="1" timestamp="2021-12-03T17:17:44Z" changeset="114530561" uid="830106" user="literan">
    <tag k="addr:flats" v="925-960"/>
    <tag k="entrance" v="staircase"/>
    <tag k="ref" v="3"/>
  </node>
  <node id="9309020320" lat="55.8655688" lon="37.4664911" version="1" timestamp="2021-12-03T17:17:44Z" changeset="114530561" uid="830106" user="literan">
    <tag k="addr:flats" v="889-924"/>
    <tag k="entrance" v="staircase"/>
    <tag k="ref" v="2"/>
  </node>
  <node id="9309020321" lat="55.8656278" lon="37.4667696" version="1" timestamp="2021-12-03T17:17:44Z" changeset="114530561" uid="830106" user="literan">
    <tag k="addr:flats" v="853-888"/>
    <tag k="entrance" v="staircase"/>
    <tag k="ref" v="1"/>
  </node>
  <node id="9309020330" lat="55.8656961" lon="37.4673741" version="1" timestamp="2021-12-03T17:17:44Z" changeset="114530561" uid="830106" user="literan">
    <tag k="amenity" v="waste_disposal"/>
    <tag k="covered" v="yes"/>
  </node>
  <node id="9309020331" lat="55.8656953" lon="37.4673338" version="1" timestamp="2021-12-03T17:17:44Z" changeset="114530561" uid="830106" user="literan">
    <tag k="amenity" v="waste_disposal"/>
    <tag k="covered" v="yes"/>
  </node>
  <node id="9309020332" lat="55.8657494" lon="37.4672842" version="1" timestamp="2021-12-03T17:17:44Z" changeset="114530561" uid="830106" user="literan">
    <tag k="barrier" v="lift_gate"/>
    <tag k="bicycle" v="yes"/>
    <tag k="foot" v="yes"/>
    <tag k="motor_vehicle" v="private"/>
  </node>
  <node id="9309020333" lat="55.8661258" lon="37.4669892" version="2" timestamp="2026-01-26T19:46:46Z" changeset="177735109" uid="830106" user="literan">
    <tag k="information" v="guidepost"/>
    <tag k="tourism" v="information"/>
  </node>
  <node id="9309020334" lat="55.8655424" lon="37.4675680" version="1" timestamp="2021-12-03T17:17:44Z" changeset="114530561" uid="830106" user="literan"/>
  <node id="9309020336" lat="55.8671232" lon="37.4666752" version="2" timestamp="2023-02-16T15:15:28Z" changeset="132634250" uid="610278" user="NetFarmer"/>
  <node id="9309020337" lat="55.8670472" lon="37.4665607" version="2" timestamp="2023-02-16T15:15:28Z" changeset="132634250" uid="610278" user="NetFarmer"/>
  <node id="9309020344" lat="55.8671566" lon="37.4669619" version="2" timestamp="2023-02-16T15:15:28Z" changeset="132634250" uid="610278" user="NetFarmer"/>
  <node id="9309020345" lat="55.8671344" lon="37.4666878" version="2" timestamp="2023-02-16T15:15:28Z" changeset="132634250" uid="610278" user="NetFarmer"/>
  <node id="9309020346" lat="55.8672440" lon="37.4665573" version="1" timestamp="2021-12-03T17:17:44Z" changeset="114530561" uid="830106" user="literan"/>
  <node id="9309020347" lat="55.8673562" lon="37.4663809" version="1" timestamp="2021-12-03T17:17:44Z" changeset="114530561" uid="830106" user="literan"/>
  <node id="9309020348" lat="55.8674291" lon="37.4662368" version="1" timestamp="2021-12-03T17:17:44Z" changeset="114530561" uid="830106" user="literan"/>
  <node id="9309020349" lat="55.8675112" lon="37.4660625" version="1" timestamp="2021-12-03T17:17:44Z" changeset="114530561" uid="830106" user="literan"/>
  <node id="9309020350" lat="55.8675932" lon="37.4658559" version="1" timestamp="2021-12-03T17:17:44Z" changeset="114530561" uid="830106" user="literan"/>
  <node id="9309020351" lat="55.8676970" lon="37.4655287" version="1" timestamp="2021-12-03T17:17:44Z" changeset="114530561" uid="830106" user="literan"/>
  <node id="9309020352" lat="55.8677625" lon="37.4653597" version="1" timestamp="2021-12-03T17:17:44Z" changeset="114530561" uid="830106" user="literan"/>
  <node id="9309020354" lat="55.8676571" lon="37.4654858" version="1" timestamp="2021-12-03T17:17:44Z" changeset="114530561" uid="830106" user="literan"/>
  <node id="9309020361" lat="55.8672651" lon="37.4662609" version="1" timestamp="2021-12-03T17:17:44Z" changeset="114530561" uid="830106" user="literan"/>
  <node id="9309020362" lat="55.8657593" lon="37.4680620" version="5" timestamp="2026-02-08T16:17:05Z" changeset="178273175" uid="11956608" user="kxeess">
    <tag k="addr:postcode" v="125445"/>
    <tag k="amenity" v="bank"/>
    <tag k="atm" v="separate"/>
    <tag k="bic" v="POSBRUMM"/>
    <tag k="brand" v="Почта Банк"/>
    <tag k="brand:wikidata" v="Q24930461"/>
    <tag k="brand:wikipedia" v="ru:Почта Банк"/>
    <tag k="contact:email" v="welcome@pochtabank.ru"/>
    <tag k="contact:facebook" v="https://www.facebook.com/pochtabank"/>
    <tag k="contact:instagram" v="https://www.instagram.com/pochtabank"/>
    <tag k="contact:ok" v="https://ok.ru/pochtabank"/>
    <tag k="contact:phone" v="+7 495 5321300"/>
    <tag k="contact:twitter" v="https://twitter.com/pochtabank"/>
    <tag k="contact:vk" v="https://vk.com/pochtabank"/>
    <tag k="contact:website" v="https://www.pochtabank.ru"/>
    <tag k="contact:youtube" v="https://www.youtube.com/channel/UCs2NW4p10fwTar-zqw7mUIw"/>
    <tag k="level" v="0"/>
    <tag k="name" v="Почта Банк"/>
    <tag k="name:en" v="Post Bank"/>
    <tag k="name:ru" v="Почта Банк"/>
    <tag k="opening_hours" v="Mo-Fr 09:00-19:00; Sa-Su 10:00-18:00"/>
    <tag k="operator" v="АО &quot;Почта Банк&quot;"/>
  </node>
  <node id="9309020373" lat="55.8653642" lon="37.4679038" version="1" timestamp="2021-12-03T17:17:44Z" changeset="114530561" uid="830106" user="literan"/>
  <node id="9309020376" lat="55.8666987" lon="37.4668617" version="2" timestamp="2023-02-16T15:15:28Z" changeset="132634250" uid="610278" user="NetFarmer"/>
  <node id="9309020377" lat="55.8661762" lon="37.4669945" version="1" timestamp="2021-12-03T17:17:44Z" changeset="114530561" uid="830106" user="literan">
    <tag k="barrier" v="block"/>
  </node>
  <node id="9748886146" lat="55.8661371" lon="37.4680942" version="2" timestamp="2023-07-27T14:22:37Z" changeset="139090428" uid="12100948" user="kate_rocketdata">
    <tag k="amenity" v="payment_terminal"/>
    <tag k="contact:email" v="info@mkb.ru"/>
    <tag k="contact:phone" v="+7 495 7774888;+7 495 7974242;+7 800 1004888;+7 800 7755152"/>
    <tag k="contact:website" v="https://mkb.ru/"/>
    <tag k="opening_hours" v="Mo-Fr 10:00-21:00; Sa-Su 10:00-15:00"/>
    <tag k="operator" v="Московский кредитный банк"/>
    <tag k="short_name" v="МКБ"/>
  </node>
  <node id="9872235596" lat="55.8686141" lon="37.4690894" version="1" timestamp="2022-07-07T12:06:27Z" changeset="123317441" uid="10129333" user="solenoid jam"/>
  <node id="9872235610" lat="55.8681312" lon="37.4690920" version="1" timestamp="2022-07-07T12:06:27Z" changeset="123317441" uid="10129333" user="solenoid jam"/>
  <node id="9872235611" lat="55.8683886" lon="37.4689096" version="1" timestamp="2022-07-07T12:06:27Z" changeset="123317441" uid="10129333" user="solenoid jam"/>
  <node id="9872235612" lat="55.8683645" lon="37.4687996" version="1" timestamp="2022-07-07T12:06:27Z" changeset="123317441" uid="10129333" user="solenoid jam"/>
  <node id="9872235613" lat="55.8685345" lon="37.4686602" version="1" timestamp="2022-07-07T12:06:27Z" changeset="123317441" uid="10129333" user="solenoid jam"/>
  <node id="9872235614" lat="55.8683284" lon="37.4675336" version="1" timestamp="2022-07-07T12:06:27Z" changeset="123317441" uid="10129333" user="solenoid jam"/>
  <node id="9872235615" lat="55.8678108" lon="37.4688399" version="1" timestamp="2022-07-07T12:06:27Z" changeset="123317441" uid="10129333" user="solenoid jam"/>
  <node id="9872283355" lat="55.8679040" lon="37.4677294" version="1" timestamp="2022-07-07T12:06:27Z" changeset="123317441" uid="10129333" user="solenoid jam"/>
  <node id="10670120133" lat="55.8671146" lon="37.4669298" version="1" timestamp="2023-02-16T15:15:28Z" changeset="132634250" uid="610278" user="NetFarmer"/>
  <node id="10670120134" lat="55.8670919" lon="37.4667657" version="1" timestamp="2023-02-16T15:15:28Z" changeset="132634250" uid="610278" user="NetFarmer"/>
  <node id="10670120135" lat="55.8671007" lon="37.4668614" version="1" timestamp="2023-02-16T15:15:28Z" changeset="132634250" uid="610278" user="NetFarmer"/>
  <node id="10670120136" lat="55.8671407" lon="37.4668243" version="1" timestamp="2023-02-16T15:15:28Z" changeset="132634250" uid="610278" user="NetFarmer"/>
  <node id="10670120137" lat="55.8669884" lon="37.4668359" version="1" timestamp="2023-02-16T15:15:28Z" changeset="132634250" uid="610278" user="NetFarmer"/>
  <node id="10670120138" lat="55.8672763" lon="37.4663885" version="1" timestamp="2023-02-16T15:15:28Z" changeset="132634250" uid="610278" user="NetFarmer"/>
  <node id="10670120139" lat="55.8673134" lon="37.4664573" version="1" timestamp="2023-02-16T15:15:28Z" changeset="132634250" uid="610278" user="NetFarmer"/>
  <node id="10670120140" lat="55.8673732" lon="37.4665655" version="1" timestamp="2023-02-16T15:15:28Z" changeset="132634250" uid="610278" user="NetFarmer"/>
  <node id="10670120141" lat="55.8674474" lon="37.4667045" version="1" timestamp="2023-02-16T15:15:28Z" changeset="132634250" uid="610278" user="NetFarmer"/>
  <node id="10670120142" lat="55.8674677" lon="37.4667237" version="1" timestamp="2023-02-16T15:15:28Z" changeset="132634250" uid="610278" user="NetFarmer"/>
  <node id="10670120143" lat="55.8674928" lon="37.4667237" version="1" timestamp="2023-02-16T15:15:28Z" changeset="132634250" uid="610278" user="NetFarmer"/>
  <node id="10670120144" lat="55.8676433" lon="37.4665896" version="1" timestamp="2023-02-16T15:15:28Z" changeset="132634250" uid="610278" user="NetFarmer"/>
  <node id="10670132191" lat="55.8671804" lon="37.4668998" version="1" timestamp="2023-02-16T15:27:27Z" changeset="132634729" uid="610278" user="NetFarmer"/>
  <node id="10670132192" lat="55.8677740" lon="37.4674057" version="1" timestamp="2023-02-16T15:27:27Z" changeset="132634729" uid="610278" user="NetFarmer"/>
  <node id="10670132193" lat="55.8678276" lon="37.4674338" version="1" timestamp="2023-02-16T15:27:27Z" changeset="132634729" uid="610278" user="NetFarmer"/>
  <node id="10670132194" lat="55.8671600" lon="37.4668665" version="1" timestamp="2023-02-16T15:27:27Z" changeset="132634729" uid="610278" user="NetFarmer"/>
  <node id="10670132195" lat="55.8671306" lon="37.4667507" version="1" timestamp="2023-02-16T15:27:27Z" changeset="132634729" uid="610278" user="NetFarmer"/>
  <node id="10670132196" lat="55.8675975" lon="37.4678554" version="1" timestamp="2023-02-16T15:27:27Z" changeset="132634729" uid="610278" user="NetFarmer"/>
  <node id="10670132197" lat="55.8674717" lon="37.4682592" version="1" timestamp="2023-02-16T15:27:27Z" changeset="132634729" uid="610278" user="NetFarmer"/>
  <node id="10670132198" lat="55.8673118" lon="37.4682206" version="1" timestamp="2023-02-16T15:27:27Z" changeset="132634729" uid="610278" user="NetFarmer"/>
  <node id="10670132199" lat="55.8674126" lon="37.4682457" version="1" timestamp="2023-02-16T15:27:27Z" changeset="132634729" uid="610278" user="NetFarmer"/>
  <node id="10670132200" lat="55.8672180" lon="37.4679927" version="1" timestamp="2023-02-16T15:27:27Z" changeset="132634729" uid="610278" user="NetFarmer"/>
  <node id="10670132201" lat="55.8671189" lon="37.4678095" version="1" timestamp="2023-02-16T15:27:27Z" changeset="132634729" uid="610278" user="NetFarmer"/>
  <node id="10670132202" lat="55.8672848" lon="37.4670786" version="1" timestamp="2023-02-16T15:27:27Z" changeset="132634729" uid="610278" user="NetFarmer"/>
  <node id="10670132203" lat="55.8675174" lon="37.4674786" version="1" timestamp="2023-02-16T15:27:27Z" changeset="132634729" uid="610278" user="NetFarmer"/>
  <node id="10670132204" lat="55.8674986" lon="37.4673839" version="1" timestamp="2023-02-16T15:27:27Z" changeset="132634729" uid="610278" user="NetFarmer"/>
  <node id="10670156605" lat="55.8674892" lon="37.4673365" version="1" timestamp="2023-02-16T15:27:27Z" changeset="132634729" uid="610278" user="NetFarmer"/>
  <node id="10670156606" lat="55.8675745" lon="37.4673734" version="1" timestamp="2023-02-16T15:27:27Z" changeset="132634729" uid="610278" user="NetFarmer"/>
  <node id="10670156607" lat="55.8678257" lon="37.4676633" version="1" timestamp="2023-02-16T15:27:27Z" changeset="132634729" uid="610278" user="NetFarmer"/>
  <node id="10670156608" lat="55.8678611" lon="37.4676040" version="1" timestamp="2023-02-16T15:27:27Z" changeset="132634729" uid="610278" user="NetFarmer"/>
  <node id="10670156609" lat="55.8678548" lon="37.4675021" version="1" timestamp="2023-02-16T15:27:27Z" changeset="132634729" uid="610278" user="NetFarmer"/>
  <node id="10670156610" lat="55.8677915" lon="37.4674935" version="1" timestamp="2023-02-16T15:27:27Z" changeset="132634729" uid="610278" user="NetFarmer"/>
  <node id="10670156611" lat="55.8675813" lon="37.4678969" version="1" timestamp="2023-02-16T15:27:27Z" changeset="132634729" uid="610278" user="NetFarmer"/>
  <node id="10670156612" lat="55.8675876" lon="37.4679914" version="1" timestamp="2023-02-16T15:27:27Z" changeset="132634729" uid="610278" user="NetFarmer"/>
  <node id="10670156613" lat="55.8675793" lon="37.4680785" version="1" timestamp="2023-02-16T15:27:27Z" changeset="132634729" uid="610278" user="NetFarmer"/>
  <node id="10670156614" lat="55.8676522" lon="37.4680038" version="1" timestamp="2023-02-16T15:27:27Z" changeset="132634729" uid="610278" user="NetFarmer"/>
  <node id="10670156615" lat="55.8675860" lon="37.4679395" version="1" timestamp="2023-02-16T15:27:27Z" changeset="132634729" uid="610278" user="NetFarmer"/>
  <node id="10672526446" lat="55.8677240" lon="37.4675047" version="1" timestamp="2023-02-17T07:23:40Z" changeset="132661385" uid="610278" user="NetFarmer"/>
  <node id="10672526447" lat="55.8677474" lon="37.4675458" version="1" timestamp="2023-02-17T07:23:40Z" changeset="132661385" uid="610278" user="NetFarmer"/>
  <node id="10672526448" lat="55.8677629" lon="37.4675973" version="1" timestamp="2023-02-17T07:23:40Z" changeset="132661385" uid="610278" user="NetFarmer"/>
  <node id="10672526449" lat="55.8677692" lon="37.4676547" version="1" timestamp="2023-02-17T07:23:40Z" changeset="132661385" uid="610278" user="NetFarmer"/>
  <node id="10672526450" lat="55.8677657" lon="37.4677129" version="1" timestamp="2023-02-17T07:23:40Z" changeset="132661385" uid="610278" user="NetFarmer"/>
  <node id="10672526451" lat="55.8677527" lon="37.4677666" version="1" timestamp="2023-02-17T07:23:40Z" changeset="132661385" uid="610278" user="NetFarmer"/>
  <node id="10672526452" lat="55.8677314" lon="37.4678111" version="1" timestamp="2023-02-17T07:23:40Z" changeset="132661385" uid="610278" user="NetFarmer"/>
  <node id="10672526453" lat="55.8677036" lon="37.4678424" version="1" timestamp="2023-02-17T07:23:40Z" changeset="132661385" uid="610278" user="NetFarmer"/>
  <node id="10672526454" lat="55.8676719" lon="37.4678576" version="1" timestamp="2023-02-17T07:23:40Z" changeset="132661385" uid="610278" user="NetFarmer"/>
  <node id="10672526455" lat="55.8676391" lon="37.4678555" version="1" timestamp="2023-02-17T07:23:40Z" changeset="132661385" uid="610278" user="NetFarmer"/>
  <node id="10672526456" lat="55.8676081" lon="37.4678361" version="1" timestamp="2023-02-17T07:23:40Z" changeset="132661385" uid="610278" user="NetFarmer"/>
  <node id="10672526457" lat="55.8675817" lon="37.4678013" version="1" timestamp="2023-02-17T07:23:40Z" changeset="132661385" uid="610278" user="NetFarmer"/>
  <node id="10672526458" lat="55.8675623" lon="37.4677542" version="1" timestamp="2023-02-17T07:23:40Z" changeset="132661385" uid="610278" user="NetFarmer"/>
  <node id="10672526459" lat="55.8675539" lon="37.4677168" version="1" timestamp="2023-02-17T07:23:40Z" changeset="132661385" uid="610278" user="NetFarmer"/>
  <node id="10672526460" lat="55.8675499" lon="37.4676771" version="1" timestamp="2023-02-17T07:23:40Z" changeset="132661385" uid="610278" user="NetFarmer"/>
  <node id="10672526461" lat="55.8675507" lon="37.4676368" version="1" timestamp="2023-02-17T07:23:40Z" changeset="132661385" uid="610278" user="NetFarmer"/>
  <node id="10672526462" lat="55.8675560" lon="37.4675976" version="1" timestamp="2023-02-17T07:23:40Z" changeset="132661385" uid="610278" user="NetFarmer"/>
  <node id="10672526463" lat="55.8675657" lon="37.4675612" version="1" timestamp="2023-02-17T07:23:40Z" changeset="132661385" uid="610278" user="NetFarmer"/>
  <node id="10672526464" lat="55.8675794" lon="37.4675291" version="1" timestamp="2023-02-17T07:23:40Z" changeset="132661385" uid="610278" user="NetFarmer"/>
  <node id="10672526465" lat="55.8675965" lon="37.4675027" version="1" timestamp="2023-02-17T07:23:40Z" changeset="132661385" uid="610278" user="NetFarmer"/>
  <node id="10672526466" lat="55.8676163" lon="37.4674831" version="1" timestamp="2023-02-17T07:23:40Z" changeset="132661385" uid="610278" user="NetFarmer"/>
  <node id="10672526467" lat="55.8676379" lon="37.4674712" version="1" timestamp="2023-02-17T07:23:40Z" changeset="132661385" uid="610278" user="NetFarmer"/>
  <node id="10672526468" lat="55.8676605" lon="37.4674674" version="1" timestamp="2023-02-17T07:23:40Z" changeset="132661385" uid="610278" user="NetFarmer"/>
  <node id="10672526469" lat="55.8676829" lon="37.4674719" version="1" timestamp="2023-02-17T07:23:40Z" changeset="132661385" uid="610278" user="NetFarmer"/>
  <node id="10672526470" lat="55.8677044" lon="37.4674845" version="1" timestamp="2023-02-17T07:23:40Z" changeset="132661385" uid="610278" user="NetFarmer"/>
  <node id="11255168837" lat="55.8657157" lon="37.4678051" version="4" timestamp="2025-10-23T08:22:06Z" changeset="173661184" uid="12100948" user="kate_rocketdata">
    <tag k="brand" v="Ozon"/>
    <tag k="brand:wikidata" v="Q2365235"/>
    <tag k="brand:wikipedia" v="ru:Ozon.ru"/>
    <tag k="contact:facebook" v="https://www.facebook.com/ozon.ru"/>
    <tag k="contact:instagram" v="https://www.instagram.com/ozonru"/>
    <tag k="contact:phone" v="+7 495 2321000"/>
    <tag k="contact:twitter" v="https://twitter.com/Ozon_ru"/>
    <tag k="contact:vk" v="https://vk.com/ozon"/>
    <tag k="contact:website" v="https://www.ozon.ru/"/>
    <tag k="name" v="Ozon"/>
    <tag k="opening_hours" v="Mo-Su 09:00-21:00"/>
    <tag k="shop" v="outpost"/>
  </node>
  <node id="11747777732" lat="55.8661702" lon="37.4680191" version="3" timestamp="2026-05-28T16:19:29Z" changeset="183313570" uid="11956608" user="kxeess">
    <tag k="amenity" v="vending_machine"/>
    <tag k="contact:email" v="mail@linzi-tut.ru"/>
    <tag k="contact:phone" v="+7 495 6490039"/>
    <tag k="contact:website" v="https://linzi-tut.ru/"/>
    <tag k="indoor" v="yes"/>
    <tag k="name" v="Линзы тут"/>
    <tag k="opening_hours" v="Mo-Su 08:00-23:00"/>
    <tag k="panoramax" v="005c3fb2-e471-438a-9c76-b429b2e69f38"/>
    <tag k="vending" v="contact_lenses"/>
  </node>
  <node id="13181449928" lat="55.8657959" lon="37.4682013" version="3" timestamp="2026-01-12T20:01:10Z" changeset="177153117" uid="830106" user="literan">
    <tag k="brand" v="Wildberries"/>
    <tag k="brand:wikidata" v="Q24933714"/>
    <tag k="brand:wikipedia" v="ru:Wildberries"/>
    <tag k="contact:email" v="sales@wildberries.ru"/>
    <tag k="contact:facebook" v="https://www.facebook.com/wbbot"/>
    <tag k="contact:instagram" v="https://www.instagram.com/wildberriesru"/>
    <tag k="contact:ok" v="https://ok.ru/wildberries"/>
    <tag k="contact:skype" v="Wildberries_ru"/>
    <tag k="contact:telegram" v="wbshop_bot"/>
    <tag k="contact:twitter" v="https://twitter.com/wildberries_ru"/>
    <tag k="contact:viber" v="wildberries"/>
    <tag k="contact:vk" v="https://vk.com/wbbot"/>
    <tag k="contact:website" v="https://www.wildberries.ru"/>
    <tag k="contact:whatsapp" v="+7 926 5373137"/>
    <tag k="name" v="Wildberries"/>
    <tag k="name:en" v="Wildberries"/>
    <tag k="name:ru" v="Вайлдберриз"/>
    <tag k="shop" v="outpost"/>
  </node>
  <node id="13527346491" lat="55.8658921" lon="37.4680007" version="5" timestamp="2026-02-05T21:54:38Z" changeset="178159149" uid="11956608" user="kxeess">
    <tag k="amenity" v="drinking_water"/>
    <tag k="bottle" v="yes"/>
    <tag k="cold_water" v="no"/>
    <tag k="fee" v="yes"/>
    <tag k="fountain" v="bottle_refill"/>
    <tag k="hot_water" v="no"/>
    <tag k="iced_water" v="no"/>
    <tag k="opening_hours" v="24/7"/>
    <tag k="panoramax" v="89876f9c-8ac3-4750-8bb3-fa6d89f2307c"/>
    <tag k="panoramax:0" v="4786478e-19fe-4015-98e2-cd567e4d4ff7"/>
    <tag k="room_temperature_water" v="yes"/>
    <tag k="seasonal" v="no"/>
    <tag k="warm_water" v="no"/>
  </node>
  <node id="13527361601" lat="55.8659761" lon="37.4681880" version="9" timestamp="2026-04-01T10:18:07Z" changeset="180713338" uid="12100948" user="kate_rocketdata">
    <tag k="addr:housenumber" v="8"/>
    <tag k="addr:street" v="Валдайский проезд"/>
    <tag k="amenity" v="atm"/>
    <tag k="brand" v="Т-Банк"/>
    <tag k="brand:en" v="T-Bank"/>
    <tag k="brand:fa" v="تی-بانک"/>
    <tag k="brand:he" v="טי-בנק"/>
    <tag k="brand:ru" v="Т-Банк"/>
    <tag k="brand:wikidata" v="Q4457878"/>
    <tag k="cash_in" v="yes"/>
    <tag k="cash_in:coins" v="no"/>
    <tag k="cash_in:notes" v="yes"/>
    <tag k="cash_in:sealbags" v="no"/>
    <tag k="check_date" v="2026-02-06"/>
    <tag k="contact:phone" v="88007008822"/>
    <tag k="contact:website" v="https://www.tbank.ru/"/>
    <tag k="drive_through" v="no"/>
    <tag k="indoor" v="yes"/>
    <tag k="level" v="0"/>
    <tag k="opening_hours" v="Mo-Su 08:00-23:00"/>
    <tag k="operator" v="АО «ТБанк»"/>
    <tag k="panoramax" v="005c3fb2-e471-438a-9c76-b429b2e69f38"/>
  </node>
  <node id="13527367601" lat="55.8658058" lon="37.4682306" version="2" timestamp="2026-02-08T16:21:44Z" changeset="178273175" uid="11956608" user="kxeess">
    <tag k="addr:housenumber" v="8 с2"/>
    <tag k="addr:street" v="Валдайский проезд"/>
    <tag k="amenity" v="atm"/>
    <tag k="brand" v="Почта Банк"/>
    <tag k="brand:en" v="Post Bank"/>
    <tag k="brand:ru" v="Почта Банк"/>
    <tag k="brand:wikidata" v="Q24930461"/>
    <tag k="indoor" v="yes"/>
    <tag k="level" v="0"/>
    <tag k="opening_hours" v="Mo-Fr 09:00-19:00; Sa-Su 10:00-18:00"/>
    <tag k="operator" v="Почта Банк"/>
    <tag k="operator:wikidata" v="Q24930461"/>
  </node>
  <way id="24540603" version="47" timestamp="2023-09-17T22:43:35Z" changeset="141400340" uid="149719" user="Bloodmage">
    <nd ref="266835826"/>
    <nd ref="2533276828"/>
    <nd ref="266835829"/>
    <nd ref="266835824"/>
    <nd ref="266835823"/>
    <nd ref="266835826"/>
    <tag k="addr:city" v="Москва"/>
    <tag k="addr:country" v="RU"/>
    <tag k="addr:housenumber" v="63Б к1"/>
    <tag k="addr:postcode" v="125445"/>
    <tag k="addr:street" v="Смольная улица"/>
    <tag k="building" v="retail"/>
    <tag k="building:levels" v="2"/>
    <tag k="name" v="Торговый центр «Водный Мир»"/>
    <tag k="name:uk" v="Торговий центр «Водний світ»"/>
    <tag k="shop" v="mall"/>
    <tag k="source" v="Адресный реестр Москвы, data.mos.ru"/>
  </way>
  <way id="28878508" version="11" timestamp="2023-04-26T08:52:51Z" changeset="135375132" uid="18826385" user="MarinaKuzko">
    <nd ref="317444167"/>
    <nd ref="317444170"/>
    <nd ref="317444171"/>
    <nd ref="317444168"/>
    <nd ref="317444167"/>
    <tag k="addr:city" v="Москва"/>
    <tag k="addr:country" v="RU"/>
    <tag k="addr:housenumber" v="7"/>
    <tag k="addr:postcode" v="125445"/>
    <tag k="addr:street" v="Валдайский проезд"/>
    <tag k="building" v="apartments"/>
    <tag k="building:colour" v="grey;brown"/>
    <tag k="building:flats" v="96"/>
    <tag k="building:levels" v="9"/>
    <tag k="design:ref" v="II-29-03/Ю"/>
    <tag k="start_date" v="1963"/>
  </way>
  <way id="28878522" version="9" timestamp="2017-04-11T10:49:52Z" changeset="47653217" uid="686523" user="Self-Perfection">
    <nd ref="317444273"/>
    <nd ref="317444271"/>
    <nd ref="317444275"/>
    <nd ref="317444277"/>
    <nd ref="317444276"/>
    <nd ref="317444278"/>
    <nd ref="317444274"/>
    <nd ref="317444272"/>
    <nd ref="317444273"/>
    <tag k="addr:city" v="Москва"/>
    <tag k="addr:country" v="RU"/>
    <tag k="addr:housenumber" v="14"/>
    <tag k="addr:street" v="Валдайский проезд"/>
    <tag k="building" v="school"/>
    <tag k="building:levels" v="5"/>
  </way>
  <way id="28878527" version="10" timestamp="2021-07-19T08:30:47Z" changeset="108232840" uid="11321493" user="Grass-snake">
    <nd ref="317444296"/>
    <nd ref="317444298"/>
    <nd ref="317444295"/>
    <nd ref="317444297"/>
    <nd ref="317444296"/>
    <tag k="addr:city" v="Москва"/>
    <tag k="addr:country" v="RU"/>
    <tag k="addr:housenumber" v="5 к3"/>
    <tag k="addr:postcode" v="125445"/>
    <tag k="addr:street" v="Беломорская улица"/>
    <tag k="building" v="apartments"/>
    <tag k="building:flats" v="91"/>
    <tag k="building:levels" v="14"/>
    <tag k="design:ref" v="И-209А"/>
    <tag k="start_date" v="1974"/>
  </way>
  <way id="28878529" version="12" timestamp="2023-04-25T11:48:05Z" changeset="135339944" uid="18826385" user="MarinaKuzko">
    <nd ref="317444304"/>
    <nd ref="317444305"/>
    <nd ref="317444306"/>
    <nd ref="317444303"/>
    <nd ref="9309020364"/>
    <nd ref="317444304"/>
    <tag k="addr:city" v="Москва"/>
    <tag k="addr:country" v="RU"/>
    <tag k="addr:housenumber" v="6"/>
    <tag k="addr:postcode" v="125445"/>
    <tag k="addr:street" v="Валдайский проезд"/>
    <tag k="building" v="apartments"/>
    <tag k="building:colour" v="grey;green"/>
    <tag k="building:flats" v="91"/>
    <tag k="building:levels" v="14"/>
    <tag k="design:ref" v="И-209А"/>
    <tag k="start_date" v="1973"/>
  </way>
  <way id="28878584" version="10" timestamp="2021-07-18T19:21:43Z" changeset="108205539" uid="11321493" user="Grass-snake">
    <nd ref="317444727"/>
    <nd ref="317444729"/>
    <nd ref="317444730"/>
    <nd ref="317444728"/>
    <nd ref="317444727"/>
    <tag k="addr:city" v="Москва"/>
    <tag k="addr:country" v="RU"/>
    <tag k="addr:housenumber" v="12"/>
    <tag k="addr:postcode" v="125445"/>
    <tag k="addr:street" v="Валдайский проезд"/>
    <tag k="building" v="apartments"/>
    <tag k="building:flats" v="214"/>
    <tag k="building:levels" v="12"/>
    <tag k="design:ref" v="II-68-02/12К"/>
    <tag k="start_date" v="1973"/>
  </way>
  <way id="28879157" version="8" timestamp="2023-12-03T07:35:23Z" changeset="144712428" uid="599809" user="ig4map">
    <nd ref="317448988"/>
    <nd ref="317448989"/>
    <nd ref="317448991"/>
    <nd ref="317448992"/>
    <nd ref="317448993"/>
    <nd ref="317448994"/>
    <nd ref="317448995"/>
    <nd ref="317448996"/>
    <nd ref="317448988"/>
    <tag k="addr:city" v="Москва"/>
    <tag k="addr:country" v="RU"/>
    <tag k="addr:housenumber" v="8"/>
    <tag k="addr:postcode" v="125445"/>
    <tag k="addr:street" v="Валдайский проезд"/>
    <tag k="building" v="retail"/>
    <tag k="building:levels" v="2"/>
  </way>
  <way id="36386289" version="10" timestamp="2021-12-03T17:17:44Z" changeset="114530561" uid="830106" user="literan">
    <nd ref="1709552498"/>
    <nd ref="422104684"/>
    <nd ref="654390746"/>
    <nd ref="5931343152"/>
    <nd ref="1722845667"/>
    <nd ref="1709603839"/>
    <nd ref="1709603837"/>
    <nd ref="1837336084"/>
    <tag k="highway" v="service"/>
    <tag k="living_street" v="yes"/>
    <tag k="surface" v="asphalt"/>
  </way>
  <way id="47717901" version="4" timestamp="2021-08-18T23:24:57Z" changeset="109900493" uid="2580205" user="alexey_zakharenkov">
    <nd ref="266835838"/>
    <nd ref="607109136"/>
    <nd ref="9018534281"/>
    <nd ref="9018534282"/>
    <nd ref="607109145"/>
    <nd ref="9018534283"/>
    <nd ref="9018534286"/>
    <nd ref="607109150"/>
    <nd ref="9018534285"/>
    <nd ref="9018534284"/>
    <nd ref="3400660449"/>
    <tag k="highway" v="service"/>
    <tag k="oneway" v="yes"/>
  </way>
  <way id="50417158" version="17" timestamp="2024-05-11T19:10:49Z" changeset="151199720" uid="1185631" user="Dmitry2013">
    <nd ref="640587571"/>
    <nd ref="640587568"/>
    <nd ref="6691756960"/>
    <nd ref="640587569"/>
    <nd ref="6691756959"/>
    <nd ref="6691756958"/>
    <nd ref="640587597"/>
    <nd ref="6691756957"/>
    <nd ref="640587599"/>
    <nd ref="640587605"/>
    <nd ref="6691756961"/>
    <nd ref="6691756962"/>
    <nd ref="6691756963"/>
    <nd ref="640587603"/>
    <nd ref="6691756964"/>
    <nd ref="6691756965"/>
    <nd ref="6691756966"/>
    <nd ref="640587595"/>
    <nd ref="640587571"/>
    <tag k="addr:city" v="Москва"/>
    <tag k="addr:country" v="RU"/>
    <tag k="addr:housenumber" v="10 к1"/>
    <tag k="addr:postcode" v="125445"/>
    <tag k="addr:street" v="Валдайский проезд"/>
    <tag k="building" v="apartments"/>
    <tag k="building:flats" v="456"/>
    <tag k="building:levels" v="25"/>
    <tag k="start_date" v="2008"/>
  </way>
  <way id="50417159" version="10" timestamp="2024-01-04T16:42:28Z" changeset="145889538" uid="599809" user="ig4map">
    <nd ref="640587574"/>
    <nd ref="640587583"/>
    <nd ref="1709538437"/>
    <nd ref="1709538438"/>
    <nd ref="640587581"/>
    <nd ref="640587579"/>
    <nd ref="640587574"/>
    <tag k="addr:city" v="Москва"/>
    <tag k="addr:country" v="RU"/>
    <tag k="addr:housenumber" v="8 с2"/>
    <tag k="addr:postcode" v="125445"/>
    <tag k="addr:street" v="Валдайский проезд"/>
    <tag k="building" v="office"/>
    <tag k="building:levels" v="4"/>
  </way>
  <way id="50417160" version="12" timestamp="2021-07-23T09:08:52Z" changeset="108479643" uid="11321493" user="Grass-snake">
    <nd ref="3906606673"/>
    <nd ref="640587641"/>
    <nd ref="3906606675"/>
    <nd ref="3906606707"/>
    <nd ref="640587643"/>
    <nd ref="3906606719"/>
    <nd ref="3906606695"/>
    <nd ref="3906606689"/>
    <nd ref="640587647"/>
    <nd ref="640587649"/>
    <nd ref="640587651"/>
    <nd ref="3906606515"/>
    <nd ref="3906606517"/>
    <nd ref="640587652"/>
    <nd ref="640587654"/>
    <nd ref="640587658"/>
    <nd ref="3906606529"/>
    <nd ref="3906606501"/>
    <nd ref="3906606502"/>
    <nd ref="640587660"/>
    <nd ref="640587662"/>
    <nd ref="640587632"/>
    <nd ref="3906606475"/>
    <nd ref="3906606473"/>
    <nd ref="640587636"/>
    <nd ref="3906606472"/>
    <nd ref="3906606470"/>
    <nd ref="3906606467"/>
    <nd ref="3906606464"/>
    <nd ref="640587638"/>
    <nd ref="3906606449"/>
    <nd ref="3906606451"/>
    <nd ref="3906606450"/>
    <nd ref="640587640"/>
    <nd ref="640587618"/>
    <nd ref="640587607"/>
    <nd ref="3906606442"/>
    <nd ref="3906606443"/>
    <nd ref="3906606498"/>
    <nd ref="3906606542"/>
    <nd ref="3906606544"/>
    <nd ref="640587663"/>
    <nd ref="640587665"/>
    <nd ref="3906606555"/>
    <nd ref="3906606554"/>
    <nd ref="3906606665"/>
    <nd ref="3906606666"/>
    <nd ref="3906606673"/>
    <tag k="addr:city" v="Москва"/>
    <tag k="addr:country" v="RU"/>
    <tag k="addr:housenumber" v="16 с1"/>
    <tag k="addr:postcode" v="125445"/>
    <tag k="addr:street" v="Валдайский проезд"/>
    <tag k="alt_name" v="Центр национального фильма Центрнаучфильм"/>
    <tag k="amenity" v="studio"/>
    <tag k="building" v="yes"/>
    <tag k="building:levels" v="4"/>
    <tag k="name" v="Центрнаучфильм"/>
    <tag k="source" v="Адресный реестр Москвы, data.mos.ru"/>
    <tag k="studio" v="video"/>
    <tag k="wikidata" v="Q4504406"/>
  </way>
  <way id="50417161" version="2" timestamp="2012-03-27T08:30:26Z" changeset="11113698" uid="481934" user="iWowik">
    <nd ref="640587619"/>
    <nd ref="640587621"/>
    <nd ref="640587625"/>
    <nd ref="640587627"/>
    <nd ref="640587629"/>
    <nd ref="640587630"/>
    <nd ref="640587619"/>
    <tag k="addr:city" v="Москва"/>
    <tag k="addr:country" v="RU"/>
    <tag k="building" v="yes"/>
  </way>
  <way id="50417162" version="3" timestamp="2017-06-03T12:35:43Z" changeset="49219475" uid="2423914" user="yarl_p">
    <nd ref="640587608"/>
    <nd ref="640587610"/>
    <nd ref="640587614"/>
    <nd ref="640587616"/>
    <nd ref="640587608"/>
    <tag k="addr:city" v="Москва"/>
    <tag k="addr:country" v="RU"/>
    <tag k="building" v="yes"/>
    <tag k="building:levels" v="1"/>
  </way>
  <way id="51293760" version="6" timestamp="2022-07-07T12:06:27Z" changeset="123317441" uid="10129333" user="solenoid jam">
    <nd ref="654390756"/>
    <nd ref="654390745"/>
    <nd ref="9872283355"/>
    <nd ref="654390742"/>
    <nd ref="654390754"/>
    <nd ref="9018534351"/>
    <tag k="barrier" v="fence"/>
  </way>
  <way id="53204030" version="10" timestamp="2023-04-25T11:50:07Z" changeset="135340025" uid="18826385" user="MarinaKuzko">
    <nd ref="673375248"/>
    <nd ref="673375250"/>
    <nd ref="6896185537"/>
    <nd ref="673375251"/>
    <nd ref="673375252"/>
    <nd ref="673375248"/>
    <tag k="addr:city" v="Москва"/>
    <tag k="addr:country" v="RU"/>
    <tag k="addr:housenumber" v="6 с3"/>
    <tag k="addr:postcode" v="125445"/>
    <tag k="addr:street" v="Валдайский проезд"/>
    <tag k="building" v="service"/>
    <tag k="building:colour" v="beige"/>
    <tag k="building:levels" v="1"/>
    <tag k="building:material" v="concrete"/>
    <tag k="roof:colour" v="grey"/>
    <tag k="roof:material" v="tar_paper"/>
    <tag k="roof:shape" v="flat"/>
  </way>
  <way id="53204386" version="46" timestamp="2023-09-17T00:03:52Z" changeset="141362337" uid="461130" user="Fizzie-DWG">
    <nd ref="1837336085"/>
    <nd ref="1987337428"/>
    <nd ref="673383908"/>
    <tag k="highway" v="residential"/>
    <tag k="lanes" v="2"/>
    <tag k="name" v="проектируемый проезд № 6182"/>
    <tag k="name:uk" v="Проектований проїзд № 6182"/>
    <tag k="surface" v="asphalt"/>
  </way>
  <way id="113969306" version="55" timestamp="2023-09-17T00:03:52Z" changeset="141362337" uid="461130" user="Fizzie-DWG">
    <nd ref="1998476921"/>
    <nd ref="1998476917"/>
    <nd ref="10670132202"/>
    <nd ref="9309020344"/>
    <nd ref="10670120133"/>
    <tag k="highway" v="residential"/>
    <tag k="lanes" v="2"/>
    <tag k="name" v="Валдайский проезд"/>
    <tag k="name:uk" v="Валдайський проїзд"/>
    <tag k="surface" v="asphalt"/>
  </way>
  <way id="117681063" version="7" timestamp="2021-12-03T17:17:44Z" changeset="114530561" uid="830106" user="literan">
    <nd ref="1325246027"/>
    <nd ref="1712311317"/>
    <nd ref="9309020332"/>
    <nd ref="1712311316"/>
    <nd ref="4273744783"/>
    <nd ref="1711523916"/>
    <nd ref="4273744779"/>
    <nd ref="1325246025"/>
    <nd ref="1325246024"/>
    <tag k="highway" v="service"/>
    <tag k="living_street" v="yes"/>
    <tag k="surface" v="asphalt"/>
  </way>
  <way id="118059598" version="3" timestamp="2021-08-18T23:24:57Z" changeset="109900493" uid="2580205" user="alexey_zakharenkov">
    <nd ref="4200856663"/>
    <nd ref="1709552500"/>
    <tag k="highway" v="service"/>
  </way>
  <way id="118059599" version="54" timestamp="2023-09-17T00:03:52Z" changeset="141362337" uid="461130" user="Fizzie-DWG">
    <nd ref="1709538478"/>
    <nd ref="1709538447"/>
    <tag k="highway" v="residential"/>
    <tag k="lanes" v="2"/>
    <tag k="lit" v="yes"/>
    <tag k="maxspeed" v="60"/>
    <tag k="name" v="проектируемый проезд № 6179"/>
    <tag k="name:uk" v="Проектований проїзд № 6179"/>
    <tag k="surface" v="asphalt"/>
  </way>
  <way id="158821185" version="4" timestamp="2023-02-16T15:27:27Z" changeset="132634729" uid="610278" user="NetFarmer">
    <nd ref="1709538439"/>
    <nd ref="3013887668"/>
    <nd ref="1709538440"/>
    <nd ref="1709538441"/>
    <nd ref="4200856675"/>
    <nd ref="1709538443"/>
    <nd ref="10670132201"/>
    <nd ref="1709538444"/>
    <nd ref="10670132200"/>
    <nd ref="1709538445"/>
    <nd ref="10670132198"/>
    <nd ref="1709538446"/>
    <nd ref="10670132199"/>
    <nd ref="10670132197"/>
    <nd ref="1709538447"/>
    <tag k="highway" v="service"/>
    <tag k="living_street" v="yes"/>
  </way>
  <way id="158821186" version="39" timestamp="2023-09-17T00:03:52Z" changeset="141362337" uid="461130" user="Fizzie-DWG">
    <nd ref="1709538448"/>
    <nd ref="1709538449"/>
    <nd ref="1709582456"/>
    <nd ref="1709538451"/>
    <nd ref="1709538453"/>
    <tag k="highway" v="residential"/>
    <tag k="junction" v="roundabout"/>
    <tag k="lanes" v="2"/>
    <tag k="name" v="Валдайский проезд"/>
    <tag k="name:uk" v="Валдайський проїзд"/>
    <tag k="oneway" v="yes"/>
    <tag k="postal_code" v="125445"/>
    <tag k="surface" v="asphalt"/>
  </way>
  <way id="158822728" version="3" timestamp="2012-04-24T06:58:22Z" changeset="11401984" uid="481934" user="iWowik">
    <nd ref="1709576358"/>
    <nd ref="1728691278"/>
    <nd ref="1709576354"/>
    <nd ref="1711522621"/>
    <tag k="highway" v="service"/>
    <tag k="living_street" v="yes"/>
  </way>
  <way id="158824450" version="13" timestamp="2021-12-03T17:17:44Z" changeset="114530561" uid="830106" user="literan">
    <nd ref="1711522609"/>
    <nd ref="4126236586"/>
    <nd ref="1709600366"/>
    <nd ref="3716808042"/>
    <nd ref="4183811359"/>
    <nd ref="4183811367"/>
    <nd ref="3013320508"/>
    <nd ref="3716808044"/>
    <nd ref="4273744896"/>
    <nd ref="9309020377"/>
    <nd ref="1711522610"/>
    <nd ref="1709600373"/>
    <tag k="highway" v="service"/>
    <tag k="lanes" v="2"/>
    <tag k="living_street" v="yes"/>
    <tag k="surface" v="asphalt"/>
  </way>
  <way id="158824750" version="6" timestamp="2024-09-16T09:51:03Z" changeset="156679998" uid="11956608" user="kxeess">
    <nd ref="1709603837"/>
    <nd ref="3013887667"/>
    <nd ref="3013887666"/>
    <tag k="highway" v="service"/>
    <tag k="living_street" v="yes"/>
    <tag k="surface" v="asphalt"/>
  </way>
  <way id="158824751" version="3" timestamp="2024-02-19T10:54:37Z" changeset="147644519" uid="11956608" user="kxeess">
    <nd ref="1709603839"/>
    <nd ref="1709603836"/>
    <nd ref="3013887666"/>
    <tag k="highway" v="service"/>
    <tag k="living_street" v="yes"/>
    <tag k="surface" v="asphalt"/>
  </way>
  <way id="158824990" version="3" timestamp="2021-12-03T17:17:44Z" changeset="114530561" uid="830106" user="literan">
    <nd ref="9309020347"/>
    <nd ref="1709606664"/>
    <nd ref="1709606666"/>
    <nd ref="7296510944"/>
    <tag k="highway" v="footway"/>
    <tag k="living_street" v="yes"/>
  </way>
  <way id="158824991" version="4" timestamp="2020-03-15T10:49:39Z" changeset="82213921" uid="686523" user="Self-Perfection">
    <nd ref="7296510946"/>
    <nd ref="1722845572"/>
    <nd ref="1709576354"/>
    <tag k="highway" v="service"/>
    <tag k="living_street" v="yes"/>
  </way>
  <way id="159049170" version="3" timestamp="2021-12-03T17:17:44Z" changeset="114530561" uid="830106" user="literan">
    <nd ref="1709576350"/>
    <nd ref="9309020359"/>
    <tag k="highway" v="footway"/>
    <tag k="living_street" v="yes"/>
  </way>
  <way id="159049171" version="1" timestamp="2012-04-11T14:59:49Z" changeset="11266079" uid="481934" user="iWowik">
    <nd ref="1711522620"/>
    <nd ref="1711522617"/>
    <tag k="highway" v="service"/>
    <tag k="living_street" v="yes"/>
  </way>
  <way id="159049184" version="1" timestamp="2012-04-11T14:59:51Z" changeset="11266079" uid="481934" user="iWowik">
    <nd ref="1711522621"/>
    <nd ref="1709576393"/>
    <nd ref="1711522631"/>
    <tag k="highway" v="service"/>
    <tag k="living_street" v="yes"/>
  </way>
  <way id="159049189" version="2" timestamp="2012-04-12T05:37:12Z" changeset="11272465" uid="481934" user="iWowik">
    <nd ref="1709576385"/>
    <nd ref="1712311327"/>
    <nd ref="1709576350"/>
    <nd ref="1711522620"/>
    <nd ref="1711522621"/>
    <tag k="highway" v="service"/>
    <tag k="living_street" v="yes"/>
  </way>
  <way id="159128513" version="2" timestamp="2021-08-18T23:24:57Z" changeset="109900493" uid="2580205" user="alexey_zakharenkov">
    <nd ref="1709552500"/>
    <nd ref="35907069"/>
    <tag k="highway" v="service"/>
    <tag k="living_street" v="yes"/>
  </way>
  <way id="159128518" version="6" timestamp="2021-12-03T17:17:44Z" changeset="114530561" uid="830106" user="literan">
    <nd ref="1712311316"/>
    <nd ref="4273744780"/>
    <nd ref="4273744778"/>
    <nd ref="1712311305"/>
    <nd ref="3716763607"/>
    <nd ref="9309020325"/>
    <nd ref="1712311302"/>
    <nd ref="3716808041"/>
    <nd ref="1712311287"/>
    <nd ref="3716798843"/>
    <nd ref="1712311284"/>
    <tag k="highway" v="footway"/>
    <tag k="surface" v="paving_stones"/>
  </way>
  <way id="159128521" version="15" timestamp="2021-12-03T17:17:44Z" changeset="114530561" uid="830106" user="literan">
    <nd ref="3013384339"/>
    <nd ref="3013384338"/>
    <nd ref="1712343735"/>
    <nd ref="3013384337"/>
    <nd ref="3013381531"/>
    <nd ref="3013381529"/>
    <nd ref="3013381527"/>
    <nd ref="9309020341"/>
    <nd ref="3013381526"/>
    <nd ref="3013381525"/>
    <nd ref="3013381524"/>
    <nd ref="3013381523"/>
    <nd ref="3013381522"/>
    <nd ref="3013381521"/>
    <nd ref="9309020361"/>
    <nd ref="3013381520"/>
    <nd ref="5907749785"/>
    <nd ref="3013381519"/>
    <nd ref="1712311322"/>
    <nd ref="3013887669"/>
    <nd ref="1711522610"/>
    <nd ref="4273744899"/>
    <nd ref="9084813475"/>
    <nd ref="1712311317"/>
    <nd ref="9309020334"/>
    <nd ref="1712311306"/>
    <nd ref="3716763608"/>
    <nd ref="9309020323"/>
    <nd ref="1712311297"/>
    <nd ref="9309020379"/>
    <nd ref="1712311291"/>
    <nd ref="1712311289"/>
    <nd ref="3816969444"/>
    <nd ref="1712311286"/>
    <tag k="footway" v="sidewalk"/>
    <tag k="highway" v="footway"/>
    <tag k="surface" v="asphalt"/>
  </way>
  <way id="160223352" version="5" timestamp="2021-12-03T17:17:44Z" changeset="114530561" uid="830106" user="literan">
    <nd ref="9309020358"/>
    <nd ref="1722845571"/>
    <nd ref="7296510944"/>
    <nd ref="1722845572"/>
    <nd ref="1728691277"/>
    <tag k="highway" v="footway"/>
    <tag k="living_street" v="yes"/>
  </way>
  <way id="160223498" version="2" timestamp="2024-09-16T09:51:03Z" changeset="156679998" uid="11956608" user="kxeess">
    <nd ref="1722845667"/>
    <nd ref="1722845666"/>
    <tag k="highway" v="service"/>
    <tag k="living_street" v="yes"/>
    <tag k="surface" v="asphalt"/>
  </way>
  <way id="160310872" version="5" timestamp="2022-07-07T12:06:27Z" changeset="123317441" uid="10129333" user="solenoid jam">
    <nd ref="1723621149"/>
    <nd ref="6151081807"/>
    <nd ref="1727489096"/>
    <nd ref="654390754"/>
    <nd ref="9872235615"/>
    <nd ref="1727489109"/>
    <tag k="highway" v="footway"/>
  </way>
  <way id="160709934" version="2" timestamp="2022-07-07T12:06:27Z" changeset="123317441" uid="10129333" user="solenoid jam">
    <nd ref="1727489106"/>
    <nd ref="1727489103"/>
    <nd ref="1727489100"/>
    <nd ref="1727489096"/>
    <nd ref="1328648754"/>
    <tag k="highway" v="service"/>
    <tag k="living_street" v="yes"/>
  </way>
  <way id="160710577" version="3" timestamp="2014-08-12T22:20:15Z" changeset="24712476" uid="218619" user="Andrey Korolyov">
    <nd ref="1727491406"/>
    <nd ref="2042592777"/>
    <nd ref="3013381521"/>
    <nd ref="1727491407"/>
    <tag k="highway" v="service"/>
  </way>
  <way id="160710578" version="3" timestamp="2021-11-13T12:28:10Z" changeset="113728344" uid="830106" user="literan">
    <nd ref="1727491403"/>
    <nd ref="1727491404"/>
    <nd ref="3013381519"/>
    <nd ref="1727491405"/>
    <tag k="highway" v="service"/>
    <tag k="surface" v="asphalt"/>
  </way>
  <way id="160895511" version="41" timestamp="2026-06-01T10:47:18Z" changeset="183491526" uid="23679218" user="Moscow1">
    <nd ref="1709544717"/>
    <nd ref="4998713146"/>
    <nd ref="4998713144"/>
    <nd ref="4998713145"/>
    <nd ref="1709576358"/>
    <nd ref="4998713143"/>
    <nd ref="4998713142"/>
    <nd ref="1711522639"/>
    <nd ref="35970177"/>
    <nd ref="8868078666"/>
    <nd ref="1328637902"/>
    <nd ref="4998713140"/>
    <nd ref="4998713138"/>
    <nd ref="4998713139"/>
    <nd ref="13901217856"/>
    <nd ref="1137261336"/>
    <nd ref="1137261334"/>
    <nd ref="1987356181"/>
    <nd ref="311515110"/>
    <tag k="highway" v="residential"/>
    <tag k="lanes" v="2"/>
    <tag k="maxspeed" v="60"/>
    <tag k="name" v="Валдайский проезд"/>
    <tag k="name:uk" v="Валдайський проїзд"/>
    <tag k="postal_code" v="125445"/>
    <tag k="surface" v="asphalt"/>
  </way>
  <way id="160895516" version="7" timestamp="2023-02-16T15:27:27Z" changeset="132634729" uid="610278" user="NetFarmer">
    <nd ref="9309020360"/>
    <nd ref="9309020340"/>
    <nd ref="9309020359"/>
    <nd ref="9309020358"/>
    <nd ref="9309020357"/>
    <nd ref="9309020356"/>
    <nd ref="9309020355"/>
    <nd ref="9309020353"/>
    <nd ref="9309020352"/>
    <nd ref="9309020351"/>
    <nd ref="9309020350"/>
    <nd ref="9309020349"/>
    <nd ref="9309020348"/>
    <nd ref="9309020347"/>
    <nd ref="10670120139"/>
    <nd ref="9309020346"/>
    <nd ref="9309020345"/>
    <nd ref="10670132195"/>
    <nd ref="10670120136"/>
    <nd ref="10670132194"/>
    <nd ref="10670132191"/>
    <nd ref="10670132192"/>
    <nd ref="10670132193"/>
    <nd ref="1728691267"/>
    <nd ref="1728691277"/>
    <nd ref="1728691278"/>
    <nd ref="1728691279"/>
    <nd ref="8868078662"/>
    <nd ref="1987356213"/>
    <nd ref="7824236248"/>
    <nd ref="1987356210"/>
    <nd ref="1728691280"/>
    <nd ref="8868078665"/>
    <nd ref="1728691282"/>
    <nd ref="1728691284"/>
    <nd ref="1728691286"/>
    <tag k="footway" v="sidewalk"/>
    <tag k="highway" v="footway"/>
    <tag k="living_street" v="yes"/>
    <tag k="surface" v="asphalt"/>
  </way>
  <way id="188113887" version="7" timestamp="2024-05-11T19:13:39Z" changeset="151199821" uid="1185631" user="Dmitry2013">
    <nd ref="1987337379"/>
    <nd ref="1987337503"/>
    <nd ref="1987337513"/>
    <nd ref="1987337356"/>
    <nd ref="1987337379"/>
    <tag k="addr:housenumber" v="9А к1"/>
    <tag k="addr:postcode" v="125445"/>
    <tag k="addr:street" v="Валдайский проезд"/>
    <tag k="building" v="apartments"/>
    <tag k="building:flats" v="200"/>
    <tag k="building:levels" v="17"/>
    <tag k="design:ref" v="П3М-2/17"/>
    <tag k="start_date" v="2005"/>
  </way>
  <way id="193747036" version="8" timestamp="2023-04-26T08:24:33Z" changeset="135373998" uid="18826385" user="MarinaKuzko">
    <nd ref="3906577637"/>
    <nd ref="3906577638"/>
    <nd ref="2042592717"/>
    <nd ref="2042592714"/>
    <nd ref="2042592716"/>
    <nd ref="2042592709"/>
    <nd ref="2042592707"/>
    <nd ref="2042592713"/>
    <nd ref="2042592712"/>
    <nd ref="2042592704"/>
    <nd ref="2042592703"/>
    <nd ref="2042592710"/>
    <nd ref="2042592708"/>
    <nd ref="2042592702"/>
    <nd ref="2042592701"/>
    <nd ref="2042592705"/>
    <nd ref="3906577637"/>
    <tag k="addr:housenumber" v="3"/>
    <tag k="addr:postcode" v="125445"/>
    <tag k="addr:street" v="Валдайский проезд"/>
    <tag k="building" v="kindergarten"/>
    <tag k="building:colour" v="brown;grey"/>
    <tag k="building:levels" v="2"/>
    <tag k="design:ref" v="VI-13А"/>
    <tag k="source" v="Адресный реестр Москвы, data.mos.ru"/>
    <tag k="start_date" v="1964"/>
  </way>
  <way id="193747038" version="7" timestamp="2023-04-26T08:35:52Z" changeset="135374456" uid="18826385" user="MarinaKuzko">
    <nd ref="2042592776"/>
    <nd ref="2042592778"/>
    <nd ref="2042592775"/>
    <nd ref="2042592774"/>
    <nd ref="2042592770"/>
    <nd ref="2042592771"/>
    <nd ref="2042592765"/>
    <nd ref="2042592766"/>
    <nd ref="2042592762"/>
    <nd ref="2042592761"/>
    <nd ref="2042592758"/>
    <nd ref="2042592757"/>
    <nd ref="2042592752"/>
    <nd ref="2042592755"/>
    <nd ref="2042592741"/>
    <nd ref="2042592732"/>
    <nd ref="2042592745"/>
    <nd ref="2042592748"/>
    <nd ref="2042592754"/>
    <nd ref="2042592753"/>
    <nd ref="2042592760"/>
    <nd ref="2042592759"/>
    <nd ref="2042592763"/>
    <nd ref="2042592764"/>
    <nd ref="2042592767"/>
    <nd ref="2042592768"/>
    <nd ref="2042592772"/>
    <nd ref="2042592769"/>
    <nd ref="2042592776"/>
    <tag k="addr:housenumber" v="116А"/>
    <tag k="addr:street" v="Ленинградское шоссе"/>
    <tag k="building" v="kindergarten"/>
    <tag k="building:colour" v="white;beige"/>
    <tag k="building:levels" v="3"/>
    <tag k="design:ref" v="И-1158"/>
    <tag k="source" v="Адресный реестр Москвы, data.mos.ru"/>
    <tag k="start_date" v="2007"/>
  </way>
  <way id="193747060" version="4" timestamp="2021-12-03T17:17:44Z" changeset="114530561" uid="830106" user="literan">
    <nd ref="5907749786"/>
    <nd ref="2042592756"/>
    <nd ref="2042592773"/>
    <nd ref="2042592777"/>
    <nd ref="2042592780"/>
    <nd ref="2042592782"/>
    <nd ref="2042592781"/>
    <nd ref="2042592779"/>
    <nd ref="2042592742"/>
    <nd ref="5907749787"/>
    <nd ref="5907749786"/>
    <tag k="barrier" v="fence"/>
  </way>
  <way id="194925783" version="3" timestamp="2021-12-03T17:17:44Z" changeset="114530561" uid="830106" user="literan">
    <nd ref="2042592715"/>
    <nd ref="2042592744"/>
    <tag k="barrier" v="fence"/>
  </way>
  <way id="194925785" version="2" timestamp="2016-06-30T15:23:14Z" changeset="40395188" uid="830106" user="literan">
    <nd ref="2042592715"/>
    <nd ref="2054356152"/>
    <nd ref="2054356141"/>
    <nd ref="4273744898"/>
    <nd ref="2054356148"/>
    <nd ref="1727491404"/>
    <nd ref="2042592744"/>
    <tag k="barrier" v="fence"/>
  </way>
  <way id="198660306" version="12" timestamp="2025-06-17T08:16:01Z" changeset="167726645" uid="10129333" user="solenoid jam">
    <nd ref="2087665688"/>
    <nd ref="9308986214"/>
    <nd ref="1325246024"/>
    <nd ref="9308986215"/>
    <nd ref="9308986216"/>
    <nd ref="9309020317"/>
    <nd ref="9309020318"/>
    <nd ref="9309020319"/>
    <nd ref="9309020320"/>
    <nd ref="9309020321"/>
    <nd ref="2087665690"/>
    <nd ref="2087665689"/>
    <nd ref="1325246026"/>
    <nd ref="2087665687"/>
    <nd ref="2087665688"/>
    <tag k="addr:city" v="Москва"/>
    <tag k="addr:country" v="RU"/>
    <tag k="addr:housenumber" v="112 к4"/>
    <tag k="addr:postcode" v="125445"/>
    <tag k="addr:street" v="Ленинградское шоссе"/>
    <tag k="building:colour" v="beige;yellowe"/>
    <tag k="building:flats" v="284"/>
    <tag k="building:levels" v="9"/>
    <tag k="building:material" v="brick"/>
    <tag k="building:part" v="apartments"/>
    <tag k="design:ref" v="II-29/37"/>
    <tag k="start_date" v="1966"/>
  </way>
  <way id="246271601" version="2" timestamp="2021-08-18T23:24:57Z" changeset="109900493" uid="2580205" user="alexey_zakharenkov">
    <nd ref="2533276825"/>
    <nd ref="2533276827"/>
    <nd ref="2533276826"/>
    <nd ref="2533276824"/>
    <nd ref="2533276825"/>
    <tag k="access" v="permissive"/>
    <tag k="amenity" v="parking"/>
    <tag k="parking" v="surface"/>
  </way>
  <way id="297498357" version="5" timestamp="2021-09-12T21:37:35Z" changeset="111113411" uid="830106" user="literan">
    <nd ref="3013887671"/>
    <nd ref="3013887668"/>
    <nd ref="4200856665"/>
    <nd ref="9084813474"/>
    <nd ref="4273744784"/>
    <nd ref="1709603837"/>
    <tag k="highway" v="footway"/>
  </way>
  <way id="367799668" version="14" timestamp="2025-09-30T20:07:08Z" changeset="172677554" uid="830106" user="literan">
    <nd ref="1709603837"/>
    <nd ref="9309020373"/>
    <nd ref="13184769487"/>
    <nd ref="9309020375"/>
    <nd ref="4223941881"/>
    <nd ref="4223941879"/>
    <nd ref="4223941878"/>
    <nd ref="4223941877"/>
    <nd ref="3013887665"/>
    <nd ref="3013887664"/>
    <nd ref="3013381518"/>
    <nd ref="1712311286"/>
    <nd ref="1712311284"/>
    <nd ref="10862400021"/>
    <nd ref="3716798844"/>
    <nd ref="3013320506"/>
    <nd ref="4181494698"/>
    <nd ref="1846392566"/>
    <nd ref="3013320499"/>
    <nd ref="12920841966"/>
    <nd ref="3013320497"/>
    <nd ref="3013320496"/>
    <tag k="footway" v="sidewalk"/>
    <tag k="highway" v="footway"/>
    <tag k="surface" v="asphalt"/>
  </way>
  <way id="387362422" version="3" timestamp="2021-12-03T17:17:44Z" changeset="114530561" uid="830106" user="literan">
    <nd ref="3906577604"/>
    <nd ref="3906577605"/>
    <nd ref="3906577603"/>
    <nd ref="3906577602"/>
    <nd ref="3906577604"/>
    <tag k="addr:housenumber" v="112 к4 с2"/>
    <tag k="addr:street" v="Ленинградское шоссе"/>
    <tag k="building" v="service"/>
    <tag k="building:levels" v="1"/>
    <tag k="location" v="indoor"/>
    <tag k="power" v="substation"/>
    <tag k="source" v="Адресный реестр Москвы, data.mos.ru"/>
    <tag k="substation" v="minor_distribution"/>
  </way>
  <way id="387362436" version="3" timestamp="2021-07-23T09:08:52Z" changeset="108479643" uid="11321493" user="Grass-snake">
    <nd ref="3906606456"/>
    <nd ref="3906606663"/>
    <nd ref="3906606660"/>
    <nd ref="3906606667"/>
    <nd ref="3906606670"/>
    <nd ref="3906606668"/>
    <nd ref="3906606674"/>
    <nd ref="3906606551"/>
    <nd ref="3906606463"/>
    <nd ref="3906606456"/>
    <tag k="addr:housenumber" v="16 с4"/>
    <tag k="addr:postcode" v="125445"/>
    <tag k="addr:street" v="Валдайский проезд"/>
    <tag k="building" v="yes"/>
    <tag k="building:levels" v="1"/>
    <tag k="source" v="Адресный реестр Москвы, data.mos.ru"/>
  </way>
  <way id="387362439" version="2" timestamp="2017-06-03T12:35:44Z" changeset="49219475" uid="2423914" user="yarl_p">
    <nd ref="3906606459"/>
    <nd ref="3906606460"/>
    <nd ref="3906606455"/>
    <nd ref="3906606454"/>
    <nd ref="3906606459"/>
    <tag k="addr:housenumber" v="16 с7"/>
    <tag k="addr:street" v="Валдайский проезд"/>
    <tag k="building" v="yes"/>
    <tag k="building:levels" v="1"/>
    <tag k="source" v="Адресный реестр Москвы, data.mos.ru"/>
  </way>
  <way id="387362440" version="2" timestamp="2017-06-03T12:35:44Z" changeset="49219475" uid="2423914" user="yarl_p">
    <nd ref="3906606428"/>
    <nd ref="3906606431"/>
    <nd ref="3906606416"/>
    <nd ref="3906606413"/>
    <nd ref="3906606428"/>
    <tag k="addr:housenumber" v="16 с9"/>
    <tag k="addr:street" v="Валдайский проезд"/>
    <tag k="building" v="yes"/>
    <tag k="building:levels" v="1"/>
    <tag k="source" v="Адресный реестр Москвы, data.mos.ru"/>
  </way>
  <way id="417845913" version="2" timestamp="2016-08-02T11:39:55Z" changeset="41190012" uid="519501" user="parukhin">
    <nd ref="4183192242"/>
    <nd ref="4183192243"/>
    <nd ref="4183192244"/>
    <nd ref="4183192245"/>
    <nd ref="4183192242"/>
    <tag k="building" v="yes"/>
    <tag k="name" v="ТП"/>
  </way>
  <way id="417910485" version="1" timestamp="2016-05-13T15:49:28Z" changeset="39295432" uid="830106" user="literan">
    <nd ref="4183811366"/>
    <nd ref="4183811349"/>
    <nd ref="4183811358"/>
    <nd ref="4183811361"/>
    <nd ref="4183811364"/>
    <nd ref="4183811365"/>
    <nd ref="4183811363"/>
    <nd ref="4183811360"/>
    <nd ref="4183811362"/>
    <nd ref="4183811369"/>
    <nd ref="4183811370"/>
    <nd ref="4183811373"/>
    <nd ref="4183811376"/>
    <nd ref="4183811374"/>
    <nd ref="4183811371"/>
    <nd ref="4183811378"/>
    <nd ref="4183811380"/>
    <nd ref="4183811379"/>
    <nd ref="4183811375"/>
    <nd ref="4183811366"/>
    <tag k="leisure" v="playground"/>
  </way>
  <way id="420108546" version="2" timestamp="2021-05-31T22:48:46Z" changeset="105646769" uid="686523" user="Self-Perfection">
    <nd ref="4200856667"/>
    <nd ref="4200856670"/>
    <nd ref="4200856669"/>
    <nd ref="4200856673"/>
    <nd ref="4200856677"/>
    <nd ref="4200856672"/>
    <nd ref="4200856671"/>
    <nd ref="4200856668"/>
    <nd ref="4200856667"/>
    <tag k="access" v="yes"/>
    <tag k="leisure" v="playground"/>
  </way>
  <way id="420108547" version="2" timestamp="2019-08-07T17:14:19Z" changeset="73121701" uid="686523" user="Self-Perfection">
    <nd ref="4200856680"/>
    <nd ref="4200856674"/>
    <tag k="highway" v="footway"/>
  </way>
  <way id="420108548" version="2" timestamp="2019-08-07T17:14:19Z" changeset="73121701" uid="686523" user="Self-Perfection">
    <nd ref="4200856676"/>
    <nd ref="4200856678"/>
    <tag k="highway" v="footway"/>
  </way>
  <way id="420108549" version="1" timestamp="2016-05-22T21:01:46Z" changeset="39496354" uid="830106" user="literan">
    <nd ref="4200856659"/>
    <nd ref="4200856662"/>
    <nd ref="4200856663"/>
    <tag k="highway" v="footway"/>
  </way>
  <way id="420108550" version="2" timestamp="2019-08-07T17:14:19Z" changeset="73121701" uid="686523" user="Self-Perfection">
    <nd ref="4200856662"/>
    <nd ref="4200856676"/>
    <nd ref="4200856680"/>
    <nd ref="6691756952"/>
    <nd ref="6691756943"/>
    <nd ref="4200856681"/>
    <nd ref="4200856682"/>
    <tag k="highway" v="footway"/>
  </way>
  <way id="420108551" version="2" timestamp="2016-06-30T15:23:18Z" changeset="40395188" uid="830106" user="literan">
    <nd ref="4200856664"/>
    <nd ref="4200856665"/>
    <nd ref="4200856666"/>
    <nd ref="4200856659"/>
    <nd ref="4200856656"/>
    <nd ref="4273744786"/>
    <tag k="highway" v="service"/>
    <tag k="surface" v="asphalt"/>
  </way>
  <way id="420108552" version="2" timestamp="2016-06-30T15:23:15Z" changeset="40395188" uid="830106" user="literan">
    <nd ref="4200856660"/>
    <nd ref="4200856661"/>
    <nd ref="4200856658"/>
    <nd ref="4200856657"/>
    <nd ref="4200856660"/>
    <tag k="addr:housenumber" v="8 с5"/>
    <tag k="addr:street" v="Валдайский проезд"/>
    <tag k="building" v="service"/>
    <tag k="building:levels" v="1"/>
    <tag k="location" v="kiosk"/>
    <tag k="power" v="substation"/>
    <tag k="substation" v="minor_distribution"/>
  </way>
  <way id="428245842" version="1" timestamp="2016-06-30T15:23:13Z" changeset="40395188" uid="830106" user="literan">
    <nd ref="4273744782"/>
    <nd ref="4273744787"/>
    <nd ref="4273744890"/>
    <nd ref="4273744788"/>
    <nd ref="4273744782"/>
    <tag k="leisure" v="playground"/>
  </way>
  <way id="428245844" version="1" timestamp="2016-06-30T15:23:13Z" changeset="40395188" uid="830106" user="literan">
    <nd ref="4273744786"/>
    <nd ref="4273744784"/>
    <tag k="highway" v="footway"/>
    <tag k="surface" v="asphalt"/>
  </way>
  <way id="428245845" version="1" timestamp="2016-06-30T15:23:13Z" changeset="40395188" uid="830106" user="literan">
    <nd ref="4273744892"/>
    <nd ref="4273744785"/>
    <tag k="highway" v="steps"/>
    <tag k="incline" v="down"/>
  </way>
  <way id="428245846" version="1" timestamp="2016-06-30T15:23:14Z" changeset="40395188" uid="830106" user="literan">
    <nd ref="4273744896"/>
    <nd ref="4273744892"/>
    <tag k="highway" v="footway"/>
    <tag k="surface" v="asphalt"/>
  </way>
  <way id="428245848" version="1" timestamp="2016-06-30T15:23:14Z" changeset="40395188" uid="830106" user="literan">
    <nd ref="4273744785"/>
    <nd ref="4273744781"/>
    <nd ref="4273744779"/>
    <tag k="highway" v="footway"/>
    <tag k="surface" v="asphalt"/>
  </way>
  <way id="428245849" version="2" timestamp="2021-12-03T17:17:44Z" changeset="114530561" uid="830106" user="literan">
    <nd ref="4273744899"/>
    <nd ref="4273744897"/>
    <nd ref="4273744893"/>
    <nd ref="4273744889"/>
    <nd ref="4273744781"/>
    <tag k="highway" v="footway"/>
    <tag k="surface" v="paving_stones"/>
  </way>
  <way id="480215323" version="2" timestamp="2021-09-12T13:17:42Z" changeset="111095977" uid="686523" user="Self-Perfection">
    <nd ref="4200856656"/>
    <nd ref="4732245503"/>
    <nd ref="4732245504"/>
    <tag k="footway" v="sidewalk"/>
    <tag k="highway" v="footway"/>
    <tag k="surface" v="asphalt"/>
  </way>
  <way id="507115108" version="2" timestamp="2023-12-15T14:55:52Z" changeset="145154666" uid="599809" user="ig4map">
    <nd ref="4967027955"/>
    <nd ref="4967027954"/>
    <nd ref="4967027953"/>
    <nd ref="4967027952"/>
    <nd ref="4967027955"/>
    <tag k="addr:housenumber" v="7 с2"/>
    <tag k="addr:street" v="Валдайский проезд"/>
    <tag k="building" v="service"/>
  </way>
  <way id="510878567" version="1" timestamp="2017-07-27T22:32:27Z" changeset="50633481" uid="686523" user="Self-Perfection">
    <nd ref="3013887669"/>
    <nd ref="3013887670"/>
    <nd ref="3013887671"/>
    <tag k="footway" v="crossing"/>
    <tag k="highway" v="footway"/>
  </way>
  <way id="625718782" version="2" timestamp="2021-12-03T17:17:44Z" changeset="114530561" uid="830106" user="literan">
    <nd ref="3716808046"/>
    <nd ref="5907749785"/>
    <nd ref="9309020337"/>
    <tag k="highway" v="footway"/>
    <tag k="surface" v="asphalt"/>
  </way>
  <way id="628282118" version="3" timestamp="2021-08-18T23:24:57Z" changeset="109900493" uid="2580205" user="alexey_zakharenkov">
    <nd ref="35907069"/>
    <nd ref="1727489919"/>
    <nd ref="654390741"/>
    <nd ref="4200856682"/>
    <nd ref="4200856678"/>
    <nd ref="4200856663"/>
    <nd ref="4732245504"/>
    <nd ref="5931343152"/>
    <tag k="highway" v="service"/>
    <tag k="living_street" v="yes"/>
  </way>
  <way id="711802479" version="1" timestamp="2019-08-07T17:14:19Z" changeset="73121701" uid="686523" user="Self-Perfection">
    <nd ref="6691756952"/>
    <nd ref="6691756951"/>
    <nd ref="6691756950"/>
    <nd ref="6691756949"/>
    <nd ref="6691756948"/>
    <nd ref="6691756947"/>
    <nd ref="6691756946"/>
    <nd ref="6691756945"/>
    <nd ref="6691756944"/>
    <nd ref="6691756943"/>
    <tag k="highway" v="footway"/>
  </way>
  <way id="711802480" version="1" timestamp="2019-08-07T17:14:19Z" changeset="73121701" uid="686523" user="Self-Perfection">
    <nd ref="4200856674"/>
    <nd ref="4200856675"/>
    <tag k="handrail:left" v="yes"/>
    <tag k="handrail:right" v="yes"/>
    <tag k="highway" v="steps"/>
    <tag k="incline" v="up"/>
    <tag k="ramp" v="no"/>
  </way>
  <way id="711802481" version="1" timestamp="2019-08-07T17:14:19Z" changeset="73121701" uid="686523" user="Self-Perfection">
    <nd ref="6691756955"/>
    <nd ref="1709538444"/>
    <tag k="highway" v="footway"/>
  </way>
  <way id="711802482" version="1" timestamp="2019-08-07T17:14:19Z" changeset="73121701" uid="686523" user="Self-Perfection">
    <nd ref="4200856681"/>
    <nd ref="6691756955"/>
    <tag k="handrail:left" v="yes"/>
    <tag k="handrail:right" v="yes"/>
    <tag k="highway" v="steps"/>
    <tag k="incline" v="up"/>
    <tag k="ramp" v="no"/>
  </way>
  <way id="714129654" version="2" timestamp="2022-07-07T12:06:27Z" changeset="123317441" uid="10129333" user="solenoid jam">
    <nd ref="654390756"/>
    <nd ref="5871139631"/>
    <tag k="barrier" v="fence"/>
  </way>
  <way id="778952486" version="2" timestamp="2023-02-16T15:15:28Z" changeset="132634250" uid="610278" user="NetFarmer">
    <nd ref="7272839354"/>
    <nd ref="7272839353"/>
    <nd ref="7272839352"/>
    <nd ref="7272839351"/>
    <nd ref="10670120140"/>
    <nd ref="7272839350"/>
    <nd ref="7272839349"/>
    <nd ref="7272839354"/>
    <tag k="amenity" v="parking"/>
  </way>
  <way id="778952487" version="2" timestamp="2020-03-15T10:49:39Z" changeset="82213921" uid="686523" user="Self-Perfection">
    <nd ref="6446360345"/>
    <nd ref="7272839357"/>
    <nd ref="7272839356"/>
    <nd ref="7272839355"/>
    <nd ref="7296510947"/>
    <nd ref="6446360345"/>
    <tag k="barrier" v="fence"/>
    <tag k="leisure" v="dog_park"/>
  </way>
  <way id="781512637" version="1" timestamp="2020-03-15T10:49:39Z" changeset="82213921" uid="686523" user="Self-Perfection">
    <nd ref="7296510943"/>
    <nd ref="7296510942"/>
    <nd ref="7296510941"/>
    <nd ref="7296510940"/>
    <nd ref="7296510943"/>
    <tag k="leisure" v="fitness_station"/>
  </way>
  <way id="974488425" version="2" timestamp="2024-12-26T15:56:47Z" changeset="160643543" uid="260756" user="Felis Pimeja">
    <nd ref="9018534280"/>
    <nd ref="9018534278"/>
    <nd ref="9018534277"/>
    <nd ref="9018534279"/>
    <nd ref="9018534280"/>
    <tag k="amenity" v="parking"/>
    <tag k="orientation" v="perpendicular"/>
    <tag k="parking" v="street_side"/>
  </way>
  <way id="974488436" version="1" timestamp="2021-08-18T23:24:57Z" changeset="109900493" uid="2580205" user="alexey_zakharenkov">
    <nd ref="425261312"/>
    <nd ref="425261316"/>
    <nd ref="425261314"/>
    <nd ref="1328568440"/>
  </way>
  <way id="974488445" version="1" timestamp="2021-08-18T23:24:57Z" changeset="109900493" uid="2580205" user="alexey_zakharenkov">
    <nd ref="9018534335"/>
    <nd ref="4998713144"/>
    <nd ref="1728691277"/>
    <tag k="footway" v="crossing"/>
    <tag k="highway" v="footway"/>
  </way>
  <way id="982328760" version="1" timestamp="2021-09-12T21:37:35Z" changeset="111113411" uid="830106" user="literan">
    <nd ref="9084813474"/>
    <nd ref="9084813476"/>
    <nd ref="9084813475"/>
    <tag k="footway" v="crossing"/>
    <tag k="highway" v="footway"/>
    <tag k="surface" v="asphalt"/>
  </way>
  <way id="1008916061" version="1" timestamp="2021-12-03T17:17:44Z" changeset="114530561" uid="830106" user="literan">
    <nd ref="9308986176"/>
    <nd ref="9308986175"/>
    <nd ref="9308986174"/>
    <nd ref="9308986173"/>
    <nd ref="9308986176"/>
    <tag k="building" v="roof"/>
    <tag k="building:levels" v="1"/>
  </way>
  <way id="1008916062" version="1" timestamp="2021-12-03T17:17:44Z" changeset="114530561" uid="830106" user="literan">
    <nd ref="9308986180"/>
    <nd ref="9308986179"/>
    <nd ref="9308986178"/>
    <nd ref="9308986177"/>
    <nd ref="9308986180"/>
    <tag k="building" v="roof"/>
    <tag k="building:levels" v="1"/>
  </way>
  <way id="1008916063" version="1" timestamp="2021-12-03T17:17:44Z" changeset="114530561" uid="830106" user="literan">
    <nd ref="9308986184"/>
    <nd ref="9308986183"/>
    <nd ref="9308986182"/>
    <nd ref="9308986181"/>
    <nd ref="9308986184"/>
    <tag k="building" v="roof"/>
    <tag k="building:levels" v="1"/>
  </way>
  <way id="1008916064" version="1" timestamp="2021-12-03T17:17:44Z" changeset="114530561" uid="830106" user="literan">
    <nd ref="9308986188"/>
    <nd ref="9308986187"/>
    <nd ref="9308986186"/>
    <nd ref="9308986185"/>
    <nd ref="9308986188"/>
    <tag k="building" v="roof"/>
    <tag k="building:levels" v="1"/>
  </way>
  <way id="1008916065" version="1" timestamp="2021-12-03T17:17:44Z" changeset="114530561" uid="830106" user="literan">
    <nd ref="9308986192"/>
    <nd ref="9308986191"/>
    <nd ref="9308986190"/>
    <nd ref="9308986189"/>
    <nd ref="9308986192"/>
    <tag k="building" v="roof"/>
    <tag k="building:levels" v="1"/>
  </way>
  <way id="1008916071" version="1" timestamp="2021-12-03T17:17:44Z" changeset="114530561" uid="830106" user="literan">
    <nd ref="4273744778"/>
    <nd ref="9309020334"/>
    <tag k="highway" v="footway"/>
    <tag k="surface" v="paving_stones"/>
  </way>
  <way id="1008916072" version="1" timestamp="2021-12-03T17:17:44Z" changeset="114530561" uid="830106" user="literan">
    <nd ref="9309020336"/>
    <nd ref="9309020345"/>
    <tag k="highway" v="footway"/>
    <tag k="surface" v="asphalt"/>
  </way>
  <way id="1008916073" version="1" timestamp="2021-12-03T17:17:44Z" changeset="114530561" uid="830106" user="literan">
    <nd ref="9309020337"/>
    <nd ref="673383908"/>
    <nd ref="9309020336"/>
    <tag k="footway" v="crossing"/>
    <tag k="highway" v="footway"/>
    <tag k="surface" v="asphalt"/>
  </way>
  <way id="1076569795" version="1" timestamp="2022-07-07T12:06:27Z" changeset="123317441" uid="10129333" user="solenoid jam">
    <nd ref="9872235596"/>
    <nd ref="9872235595"/>
    <nd ref="9872235594"/>
    <nd ref="9872235593"/>
    <nd ref="9872235596"/>
    <tag k="access" v="customers"/>
    <tag k="leisure" v="pitch"/>
    <tag k="sport" v="futsal"/>
  </way>
  <way id="1076569797" version="1" timestamp="2022-07-07T12:06:27Z" changeset="123317441" uid="10129333" user="solenoid jam">
    <nd ref="9872235614"/>
    <nd ref="9872235613"/>
    <nd ref="9872235612"/>
    <nd ref="9872235611"/>
    <nd ref="9872235610"/>
    <nd ref="1727489109"/>
    <tag k="highway" v="footway"/>
  </way>
  <way id="1076569798" version="1" timestamp="2022-07-07T12:06:27Z" changeset="123317441" uid="10129333" user="solenoid jam">
    <nd ref="9872283344"/>
    <nd ref="9872235615"/>
    <tag k="highway" v="footway"/>
  </way>
  <way id="1076569807" version="1" timestamp="2022-07-07T12:06:27Z" changeset="123317441" uid="10129333" user="solenoid jam">
    <nd ref="6713465301"/>
    <nd ref="9872235604"/>
    <nd ref="9872235606"/>
    <nd ref="9872235608"/>
    <nd ref="9872235607"/>
    <nd ref="3191587445"/>
    <nd ref="654390756"/>
    <tag k="barrier" v="fence"/>
  </way>
  <way id="1146551876" version="1" timestamp="2023-02-16T15:15:28Z" changeset="132634250" uid="610278" user="NetFarmer">
    <nd ref="10670120133"/>
    <nd ref="10670120135"/>
    <nd ref="10670120134"/>
    <nd ref="673383908"/>
    <tag k="highway" v="residential"/>
    <tag k="oneway" v="yes"/>
  </way>
  <way id="1146551877" version="30" timestamp="2023-09-17T00:03:52Z" changeset="141362337" uid="461130" user="Fizzie-DWG">
    <nd ref="673383908"/>
    <nd ref="1987337541"/>
    <nd ref="10670120138"/>
    <nd ref="7296510945"/>
    <nd ref="1727491407"/>
    <nd ref="1709576251"/>
    <nd ref="1987337507"/>
    <nd ref="9309020354"/>
    <nd ref="1987337527"/>
    <nd ref="673383911"/>
    <tag k="highway" v="residential"/>
    <tag k="lanes" v="2"/>
    <tag k="name" v="проектируемый проезд № 6182"/>
    <tag k="name:uk" v="Проектований проїзд № 6182"/>
    <tag k="surface" v="asphalt"/>
  </way>
  <way id="1146551878" version="30" timestamp="2023-09-17T00:03:52Z" changeset="141362337" uid="461130" user="Fizzie-DWG">
    <nd ref="10670120133"/>
    <nd ref="10670120137"/>
    <nd ref="1837336085"/>
    <tag k="highway" v="residential"/>
    <tag k="lanes" v="2"/>
    <tag k="name" v="Валдайский проезд"/>
    <tag k="name:uk" v="Валдайський проїзд"/>
    <tag k="surface" v="asphalt"/>
  </way>
  <way id="1146551879" version="31" timestamp="2025-09-30T20:07:08Z" changeset="172677554" uid="830106" user="literan">
    <nd ref="1727491405"/>
    <nd ref="1709605942"/>
    <nd ref="9309020376"/>
    <nd ref="3013887670"/>
    <nd ref="1709538439"/>
    <nd ref="4200856664"/>
    <nd ref="1709600373"/>
    <nd ref="9084813476"/>
    <nd ref="1325246027"/>
    <nd ref="1837336084"/>
    <nd ref="4223941886"/>
    <nd ref="13184769488"/>
    <nd ref="1837336083"/>
    <nd ref="9309020378"/>
    <nd ref="1712311293"/>
    <nd ref="1709538436"/>
    <nd ref="1837332980"/>
    <nd ref="3013381518"/>
    <nd ref="35926379"/>
    <tag k="highway" v="residential"/>
    <tag k="lanes" v="2"/>
    <tag k="name" v="Валдайский проезд"/>
    <tag k="name:uk" v="Валдайський проїзд"/>
    <tag k="surface" v="asphalt"/>
  </way>
  <way id="1146551880" version="30" timestamp="2023-09-17T00:03:52Z" changeset="141362337" uid="461130" user="Fizzie-DWG">
    <nd ref="1837336085"/>
    <nd ref="1998476924"/>
    <nd ref="1727491405"/>
    <tag k="highway" v="residential"/>
    <tag k="lanes" v="2"/>
    <tag k="name" v="Валдайский проезд"/>
    <tag k="name:uk" v="Валдайський проїзд"/>
    <tag k="surface" v="asphalt"/>
  </way>
  <way id="1146551881" version="1" timestamp="2023-02-16T15:15:28Z" changeset="132634250" uid="610278" user="NetFarmer">
    <nd ref="10670120138"/>
    <nd ref="10670120139"/>
    <nd ref="10670120140"/>
    <nd ref="10670120141"/>
    <nd ref="10670120142"/>
    <nd ref="10670120143"/>
    <nd ref="10670120144"/>
    <tag k="highway" v="service"/>
    <tag k="service" v="parking_aisle"/>
  </way>
  <way id="1146555092" version="31" timestamp="2023-09-17T00:03:52Z" changeset="141362337" uid="461130" user="Fizzie-DWG">
    <nd ref="1709538485"/>
    <nd ref="10670156606"/>
    <nd ref="1998476921"/>
    <tag k="highway" v="residential"/>
    <tag k="lanes" v="1"/>
    <tag k="name" v="Валдайский проезд"/>
    <tag k="name:uk" v="Валдайський проїзд"/>
    <tag k="oneway" v="yes"/>
    <tag k="surface" v="asphalt"/>
  </way>
  <way id="1146555093" version="31" timestamp="2023-09-17T00:03:52Z" changeset="141362337" uid="461130" user="Fizzie-DWG">
    <nd ref="1998476921"/>
    <nd ref="10670156605"/>
    <nd ref="10670132204"/>
    <nd ref="10670132203"/>
    <nd ref="1709538448"/>
    <tag k="highway" v="residential"/>
    <tag k="lanes" v="1"/>
    <tag k="name" v="Валдайский проезд"/>
    <tag k="name:uk" v="Валдайський проїзд"/>
    <tag k="oneway" v="yes"/>
    <tag k="surface" v="asphalt"/>
  </way>
  <way id="1146555094" version="31" timestamp="2023-09-17T00:03:52Z" changeset="141362337" uid="461130" user="Fizzie-DWG">
    <nd ref="1709538485"/>
    <nd ref="1709538483"/>
    <nd ref="1709538480"/>
    <nd ref="1709538476"/>
    <nd ref="1709538454"/>
    <nd ref="1709538452"/>
    <nd ref="1709543301"/>
    <nd ref="1709538448"/>
    <tag k="highway" v="residential"/>
    <tag k="junction" v="roundabout"/>
    <tag k="lanes" v="2"/>
    <tag k="name" v="Валдайский проезд"/>
    <tag k="name:uk" v="Валдайський проїзд"/>
    <tag k="oneway" v="yes"/>
    <tag k="postal_code" v="125445"/>
    <tag k="surface" v="asphalt"/>
  </way>
  <way id="1146555095" version="31" timestamp="2023-09-17T00:03:52Z" changeset="141362337" uid="461130" user="Fizzie-DWG">
    <nd ref="1709538489"/>
    <nd ref="10670156607"/>
    <nd ref="10670156608"/>
    <nd ref="1709544717"/>
    <tag k="highway" v="residential"/>
    <tag k="lanes" v="1"/>
    <tag k="name" v="Валдайский проезд"/>
    <tag k="name:uk" v="Валдайський проїзд"/>
    <tag k="oneway" v="yes"/>
    <tag k="surface" v="asphalt"/>
  </way>
  <way id="1146555096" version="31" timestamp="2023-09-17T00:03:52Z" changeset="141362337" uid="461130" user="Fizzie-DWG">
    <nd ref="1709538453"/>
    <nd ref="10670156611"/>
    <nd ref="10670156615"/>
    <nd ref="10670156612"/>
    <nd ref="10670156613"/>
    <nd ref="1709538478"/>
    <tag k="highway" v="residential"/>
    <tag k="lanes" v="1"/>
    <tag k="name" v="проектируемый проезд № 6179"/>
    <tag k="name:uk" v="Проектований проїзд № 6179"/>
    <tag k="oneway" v="yes"/>
    <tag k="surface" v="asphalt"/>
  </way>
  <way id="1146555097" version="30" timestamp="2023-09-17T00:03:52Z" changeset="141362337" uid="461130" user="Fizzie-DWG">
    <nd ref="1709538478"/>
    <nd ref="10670156614"/>
    <nd ref="1709538486"/>
    <tag k="highway" v="residential"/>
    <tag k="lanes" v="1"/>
    <tag k="name" v="проектируемый проезд № 6179"/>
    <tag k="name:uk" v="Проектований проїзд № 6179"/>
    <tag k="oneway" v="yes"/>
    <tag k="surface" v="asphalt"/>
  </way>
  <way id="1146555098" version="31" timestamp="2023-09-17T00:03:52Z" changeset="141362337" uid="461130" user="Fizzie-DWG">
    <nd ref="1709538453"/>
    <nd ref="1709582457"/>
    <nd ref="10670132196"/>
    <nd ref="1709582458"/>
    <nd ref="1709538482"/>
    <nd ref="1709582459"/>
    <nd ref="1709538484"/>
    <nd ref="1709582460"/>
    <nd ref="1709538486"/>
    <nd ref="1709538489"/>
    <tag k="highway" v="residential"/>
    <tag k="junction" v="roundabout"/>
    <tag k="lanes" v="2"/>
    <tag k="name" v="Валдайский проезд"/>
    <tag k="name:uk" v="Валдайський проїзд"/>
    <tag k="oneway" v="yes"/>
    <tag k="postal_code" v="125445"/>
    <tag k="surface" v="asphalt"/>
  </way>
  <way id="1146555099" version="30" timestamp="2023-09-17T00:03:52Z" changeset="141362337" uid="461130" user="Fizzie-DWG">
    <nd ref="1709538447"/>
    <nd ref="35907068"/>
    <nd ref="35907069"/>
    <nd ref="1328648754"/>
    <nd ref="6151081806"/>
    <nd ref="1709538442"/>
    <nd ref="1712311323"/>
    <nd ref="1723621149"/>
    <nd ref="9872235609"/>
    <nd ref="5871139641"/>
    <nd ref="9018534333"/>
    <nd ref="1723621150"/>
    <nd ref="2579992924"/>
    <nd ref="6685160361"/>
    <nd ref="9056272369"/>
    <nd ref="9018534325"/>
    <nd ref="5471256160"/>
    <nd ref="5291336451"/>
    <nd ref="1723674719"/>
    <tag k="highway" v="residential"/>
    <tag k="lanes" v="2"/>
    <tag k="lit" v="yes"/>
    <tag k="maxspeed" v="60"/>
    <tag k="name" v="проектируемый проезд № 6179"/>
    <tag k="name:uk" v="Проектований проїзд № 6179"/>
    <tag k="surface" v="asphalt"/>
  </way>
  <way id="1146555100" version="31" timestamp="2023-09-17T00:03:52Z" changeset="141362337" uid="461130" user="Fizzie-DWG">
    <nd ref="1709544717"/>
    <nd ref="10670156609"/>
    <nd ref="10670156610"/>
    <nd ref="1709538490"/>
    <tag k="highway" v="residential"/>
    <tag k="lanes" v="1"/>
    <tag k="name" v="Валдайский проезд"/>
    <tag k="name:uk" v="Валдайський проїзд"/>
    <tag k="oneway" v="yes"/>
    <tag k="surface" v="asphalt"/>
  </way>
  <way id="1146555101" version="31" timestamp="2023-09-17T00:03:52Z" changeset="141362337" uid="461130" user="Fizzie-DWG">
    <nd ref="1709538490"/>
    <nd ref="1709538487"/>
    <nd ref="1709538485"/>
    <tag k="highway" v="residential"/>
    <tag k="junction" v="roundabout"/>
    <tag k="lanes" v="2"/>
    <tag k="name" v="Валдайский проезд"/>
    <tag k="name:uk" v="Валдайський проїзд"/>
    <tag k="oneway" v="yes"/>
    <tag k="postal_code" v="125445"/>
    <tag k="surface" v="asphalt"/>
  </way>
  <way id="1146555102" version="31" timestamp="2023-09-17T00:03:52Z" changeset="141362337" uid="461130" user="Fizzie-DWG">
    <nd ref="1709538489"/>
    <nd ref="1709582461"/>
    <nd ref="1709538492"/>
    <nd ref="1709582462"/>
    <nd ref="1709543302"/>
    <nd ref="1709538495"/>
    <nd ref="1709538494"/>
    <nd ref="1709538491"/>
    <nd ref="1709538490"/>
    <tag k="highway" v="residential"/>
    <tag k="junction" v="roundabout"/>
    <tag k="lanes" v="2"/>
    <tag k="name" v="Валдайский проезд"/>
    <tag k="name:uk" v="Валдайський проїзд"/>
    <tag k="oneway" v="yes"/>
    <tag k="postal_code" v="125445"/>
    <tag k="surface" v="asphalt"/>
  </way>
  <way id="1146891593" version="1" timestamp="2023-02-17T07:23:40Z" changeset="132661385" uid="610278" user="NetFarmer">
    <nd ref="10672526446"/>
    <nd ref="10672526447"/>
    <nd ref="10672526448"/>
    <nd ref="10672526449"/>
    <nd ref="10672526450"/>
    <nd ref="10672526451"/>
    <nd ref="10672526452"/>
    <nd ref="10672526453"/>
    <nd ref="10672526454"/>
    <nd ref="10672526455"/>
    <nd ref="10672526456"/>
    <nd ref="10672526457"/>
    <nd ref="10672526458"/>
    <nd ref="10672526459"/>
    <nd ref="10672526460"/>
    <nd ref="10672526461"/>
    <nd ref="10672526462"/>
    <nd ref="10672526463"/>
    <nd ref="10672526464"/>
    <nd ref="10672526465"/>
    <nd ref="10672526466"/>
    <nd ref="10672526467"/>
    <nd ref="10672526468"/>
    <nd ref="10672526469"/>
    <nd ref="10672526470"/>
    <nd ref="10672526446"/>
    <tag k="landuse" v="grass"/>
  </way>
  <way id="1165586107" version="2" timestamp="2024-05-11T19:07:24Z" changeset="151199582" uid="1185631" user="Dmitry2013">
    <nd ref="640587519"/>
    <nd ref="640587521"/>
    <nd ref="2087665688"/>
    <nd ref="2087665690"/>
    <nd ref="2087665689"/>
    <nd ref="2087665687"/>
    <nd ref="640587529"/>
    <nd ref="640587518"/>
    <nd ref="640587519"/>
    <tag k="addr:housenumber" v="112 к4"/>
    <tag k="addr:street" v="Ленинградское шоссе"/>
    <tag k="building" v="apartments"/>
    <tag k="building:colour" v="beige;yellow"/>
    <tag k="building:flats" v="284"/>
    <tag k="building:levels" v="9"/>
    <tag k="design:ref" v="II-29"/>
    <tag k="layer" v="1"/>
    <tag k="start_date" v="1966"/>
  </way>
  <relation id="56864" version="37" timestamp="2023-09-17T00:03:17Z" changeset="141362327" uid="461130" user="Fizzie-DWG">
    <member type="way" ref="5184765" role="street"/>
    <member type="way" ref="425795764" role="street"/>
    <member type="way" ref="1053648167" role="street"/>
    <member type="way" ref="1053648170" role="street"/>
    <member type="way" ref="1053648169" role="street"/>
    <member type="way" ref="1053648166" role="street"/>
    <member type="way" ref="1053648165" role="street"/>
    <member type="way" ref="1053648164" role="street"/>
    <member type="way" ref="1053648163" role="street"/>
    <member type="way" ref="335204914" role="street"/>
    <member type="way" ref="1160125159" role="street"/>
    <member type="way" ref="1160125160" role="street"/>
    <member type="way" ref="5170186" role="street"/>
    <member type="way" ref="28363171" role="street"/>
    <member type="way" ref="974488454" role="street"/>
    <member type="way" ref="189028127" role="street"/>
    <member type="way" ref="974488416" role="street"/>
    <member type="way" ref="974488406" role="street"/>
    <member type="way" ref="974488422" role="street"/>
    <member type="way" ref="36793070" role="house"/>
    <member type="way" ref="28587774" role="house"/>
    <member type="way" ref="1092401756" role="house"/>
    <member type="way" ref="299332369" role="house"/>
    <member type="way" ref="1092401755" role="house"/>
    <member type="way" ref="36793072" role="house"/>
    <member type="way" ref="726870124" role="house"/>
    <member type="way" ref="251538893" role="house"/>
    <member type="way" ref="28587776" role="house"/>
    <member type="way" ref="36793069" role="house"/>
    <member type="way" ref="1092401752" role="house"/>
    <member type="way" ref="642976058" role="house"/>
    <member type="way" ref="28891506" role="house"/>
    <member type="way" ref="36735521" role="house"/>
    <member type="way" ref="36735522" role="house"/>
    <member type="way" ref="1092401746" role="house"/>
    <member type="way" ref="642976057" role="house"/>
    <member type="way" ref="1092401754" role="house"/>
    <member type="way" ref="28587748" role="house"/>
    <member type="way" ref="28587754" role="house"/>
    <member type="way" ref="28587766" role="house"/>
    <member type="way" ref="28587765" role="house"/>
    <member type="way" ref="28587747" role="house"/>
    <member type="way" ref="28587784" role="house"/>
    <member type="way" ref="28587798" role="house"/>
    <member type="way" ref="387365675" role="house"/>
    <member type="way" ref="976468085" role="house"/>
    <member type="way" ref="28587746" role="house"/>
    <member type="way" ref="28587739" role="house"/>
    <member type="way" ref="28587751" role="house"/>
    <member type="way" ref="1092401753" role="house"/>
    <member type="way" ref="24506066" role="house"/>
    <member type="way" ref="1092401744" role="house"/>
    <member type="way" ref="1092401745" role="house"/>
    <member type="way" ref="387365686" role="house"/>
    <member type="way" ref="1092401743" role="house"/>
    <member type="way" ref="387365688" role="house"/>
    <member type="way" ref="1092401742" role="house"/>
    <member type="way" ref="28587733" role="house"/>
    <member type="way" ref="28587735" role="house"/>
    <member type="way" ref="196741208" role="house"/>
    <member type="way" ref="196741215" role="house"/>
    <member type="way" ref="36746771" role="house"/>
    <member type="way" ref="320024464" role="house"/>
    <member type="way" ref="320024465" role="house"/>
    <member type="way" ref="320024466" role="house"/>
    <member type="way" ref="904808709" role="house"/>
    <member type="way" ref="456379763" role="house"/>
    <member type="way" ref="196741210" role="house"/>
    <member type="way" ref="28587796" role="house"/>
    <member type="way" ref="35948516" role="house"/>
    <member type="way" ref="1092559641" role="house"/>
    <member type="way" ref="1092559642" role="house"/>
    <member type="way" ref="1092559640" role="house"/>
    <member type="way" ref="1092559639" role="house"/>
    <member type="way" ref="1092559638" role="house"/>
    <member type="way" ref="1092559637" role="house"/>
    <member type="way" ref="1092559636" role="house"/>
    <member type="way" ref="35948517" role="house"/>
    <member type="way" ref="1092559634" role="house"/>
    <member type="way" ref="1092559635" role="house"/>
    <member type="way" ref="1092559633" role="house"/>
    <member type="way" ref="36438933" role="house"/>
    <member type="way" ref="387365698" role="house"/>
    <member type="way" ref="36746773" role="house"/>
    <member type="way" ref="36746772" role="house"/>
    <member type="way" ref="387365696" role="house"/>
    <member type="way" ref="24501264" role="house"/>
    <member type="way" ref="24501265" role="house"/>
    <member type="way" ref="36417251" role="house"/>
    <member type="way" ref="1092559632" role="house"/>
    <member type="way" ref="206090441" role="house"/>
    <member type="way" ref="36438935" role="house"/>
    <member type="way" ref="206090446" role="house"/>
    <member type="way" ref="36438934" role="house"/>
    <member type="way" ref="24501266" role="house"/>
    <member type="way" ref="36417256" role="house"/>
    <member type="way" ref="36417243" role="house"/>
    <member type="way" ref="1092559631" role="house"/>
    <member type="way" ref="206090455" role="house"/>
    <member type="way" ref="206090438" role="house"/>
    <member type="way" ref="206090456" role="house"/>
    <member type="way" ref="206090453" role="house"/>
    <member type="way" ref="206090447" role="house"/>
    <member type="way" ref="206090449" role="house"/>
    <member type="way" ref="28879158" role="house"/>
    <member type="way" ref="220790899" role="house"/>
    <member type="way" ref="387365701" role="house"/>
    <member type="way" ref="656493534" role="house"/>
    <member type="way" ref="36438937" role="house"/>
    <member type="way" ref="36746775" role="house"/>
    <member type="way" ref="31276398" role="house"/>
    <member type="way" ref="28878575" role="house"/>
    <member type="way" ref="36417304" role="house"/>
    <member type="way" ref="28878576" role="house"/>
    <member type="way" ref="36417303" role="house"/>
    <member type="way" ref="239982516" role="house"/>
    <member type="way" ref="28878577" role="house"/>
    <member type="way" ref="568738130" role="house"/>
    <member type="way" ref="568738129" role="house"/>
    <member type="way" ref="28878578" role="house"/>
    <member type="way" ref="28878531" role="house"/>
    <member type="way" ref="387362444" role="house"/>
    <member type="way" ref="387362445" role="house"/>
    <member type="way" ref="387362446" role="house"/>
    <member type="way" ref="387362447" role="house"/>
    <member type="way" ref="387362448" role="house"/>
    <member type="way" ref="28878579" role="house"/>
    <member type="way" ref="387365729" role="house"/>
    <member type="way" ref="28878532" role="house"/>
    <member type="way" ref="387362449" role="house"/>
    <member type="way" ref="387362450" role="house"/>
    <member type="way" ref="381372236" role="house"/>
    <member type="way" ref="387362451" role="house"/>
    <member type="way" ref="36417307" role="house"/>
    <member type="way" ref="387362452" role="house"/>
    <member type="way" ref="387362453" role="house"/>
    <member type="way" ref="1092585762" role="house"/>
    <member type="way" ref="1092585764" role="house"/>
    <member type="way" ref="174871768" role="house"/>
    <member type="way" ref="174871767" role="house"/>
    <member type="way" ref="174871769" role="house"/>
    <member type="way" ref="174871766" role="house"/>
    <member type="way" ref="174871763" role="house"/>
    <member type="way" ref="1092881291" role="house"/>
    <member type="way" ref="1092881290" role="house"/>
    <member type="way" ref="974488421" role="house"/>
    <member type="way" ref="36439345" role="house"/>
    <member type="way" ref="50417168" role="house"/>
    <member type="way" ref="50599195" role="house"/>
    <member type="way" ref="390241600" role="house"/>
    <member type="way" ref="390241603" role="house"/>
    <member type="way" ref="711097038" role="house"/>
    <member type="way" ref="52434035" role="house"/>
    <member type="way" ref="974488446" role="house"/>
    <member type="way" ref="390241609" role="house"/>
    <member type="way" ref="50599194" role="house"/>
    <member type="way" ref="36417306" role="house"/>
    <member type="way" ref="974488448" role="house"/>
    <member type="way" ref="1092881282" role="house"/>
    <member type="way" ref="1092881283" role="house"/>
    <member type="way" ref="1092881284" role="house"/>
    <member type="way" ref="1092881285" role="house"/>
    <member type="way" ref="24540602" role="house"/>
    <member type="way" ref="24540603" role="house"/>
    <member type="way" ref="50417167" role="house"/>
    <member type="way" ref="28878504" role="house"/>
    <member type="way" ref="189067148" role="house"/>
    <member type="way" ref="36417310" role="house"/>
    <member type="way" ref="966650961" role="house"/>
    <member type="way" ref="966650954" role="house"/>
    <member type="way" ref="28878503" role="house"/>
    <member type="way" ref="28878502" role="house"/>
    <member type="way" ref="1092881281" role="house"/>
    <member type="way" ref="36417311" role="house"/>
    <member type="way" ref="239198064" role="house"/>
    <member type="way" ref="183499853" role="house"/>
    <member type="relation" ref="8909388" role="house"/>
    <member type="relation" ref="161625" role="house"/>
    <member type="relation" ref="14552828" role="house"/>
    <member type="relation" ref="13504842" role="house"/>
    <member type="relation" ref="5987573" role="house"/>
    <member type="relation" ref="13105513" role="house"/>
    <member type="relation" ref="13105508" role="house"/>
    <member type="relation" ref="13112456" role="house"/>
    <tag k="name" v="Смольная улица"/>
    <tag k="omkum:old_name" v="/проектируемый проезд № 1552"/>
    <tag k="type" v="associatedStreet"/>
  </relation>
  <relation id="156659" version="51" timestamp="2026-03-19T11:41:11Z" changeset="180104191" uid="2055718" user="Bobropiton">
    <member type="way" ref="55968620" role="street"/>
    <member type="way" ref="157617154" role="street"/>
    <member type="way" ref="418316319" role="street"/>
    <member type="way" ref="1046856432" role="street"/>
    <member type="way" ref="417910494" role="street"/>
    <member type="way" ref="1284970005" role="street"/>
    <member type="way" ref="417910496" role="street"/>
    <member type="way" ref="1159247637" role="street"/>
    <member type="way" ref="417910495" role="street"/>
    <member type="way" ref="1159247636" role="street"/>
    <member type="way" ref="55968338" role="street"/>
    <member type="way" ref="1008916078" role="street"/>
    <member type="way" ref="1158992012" role="street"/>
    <member type="way" ref="157616941" role="street"/>
    <member type="way" ref="1051147302" role="street"/>
    <member type="way" ref="28363169" role="street"/>
    <member type="way" ref="1051147303" role="street"/>
    <member type="way" ref="1051147304" role="street"/>
    <member type="way" ref="1159247639" role="street"/>
    <member type="way" ref="1490520583" role="street"/>
    <member type="way" ref="1418057184" role="street"/>
    <member type="way" ref="1159133828" role="street"/>
    <member type="way" ref="52014495" role="street"/>
    <member type="way" ref="52014496" role="street"/>
    <member type="way" ref="37117593" role="street"/>
    <member type="way" ref="37117594" role="street"/>
    <member type="way" ref="51293753" role="house"/>
    <member type="way" ref="51293755" role="house"/>
    <member type="way" ref="188111326" role="house"/>
    <member type="way" ref="857876114" role="house"/>
    <member type="way" ref="28878530" role="house"/>
    <member type="way" ref="28878594" role="house"/>
    <member type="way" ref="28878585" role="house"/>
    <member type="way" ref="28878526" role="house"/>
    <member type="way" ref="28878527" role="house"/>
    <member type="way" ref="28879155" role="house"/>
    <member type="way" ref="28878525" role="house"/>
    <member type="way" ref="28878524" role="house"/>
    <member type="way" ref="28878523" role="house"/>
    <member type="way" ref="28878592" role="house"/>
    <member type="way" ref="323211609" role="house"/>
    <member type="way" ref="711097040" role="house"/>
    <member type="way" ref="418989256" role="house"/>
    <member type="way" ref="50417147" role="house"/>
    <member type="way" ref="51293749" role="house"/>
    <member type="way" ref="51293754" role="house"/>
    <member type="way" ref="418989257" role="house"/>
    <member type="way" ref="28878597" role="house"/>
    <member type="way" ref="28878561" role="house"/>
    <member type="way" ref="390134660" role="house"/>
    <member type="way" ref="52434031" role="house"/>
    <member type="way" ref="52434028" role="house"/>
    <member type="way" ref="52434027" role="house"/>
    <member type="way" ref="28878591" role="house"/>
    <member type="way" ref="188113888" role="house"/>
    <member type="way" ref="138698213" role="house"/>
    <member type="way" ref="52434030" role="house"/>
    <member type="way" ref="49948817" role="house"/>
    <member type="way" ref="52434032" role="house"/>
    <member type="way" ref="188113880" role="house"/>
    <member type="way" ref="297498359" role="house"/>
    <member type="way" ref="52434034" role="house"/>
    <member type="way" ref="778385640" role="house"/>
    <member type="way" ref="1086979932" role="house"/>
    <member type="way" ref="28878596" role="house"/>
    <member type="way" ref="50417156" role="house"/>
    <member type="way" ref="188113884" role="house"/>
    <member type="way" ref="387365664" role="house"/>
    <member type="way" ref="28878570" role="house"/>
    <member type="way" ref="381372230" role="house"/>
    <member type="way" ref="381372232" role="house"/>
    <member type="way" ref="28878572" role="house"/>
    <member type="way" ref="28878573" role="house"/>
    <member type="way" ref="28878574" role="house"/>
    <member type="relation" ref="13504846" role="house"/>
    <member type="way" ref="181333551" role="house"/>
    <member type="way" ref="975203002" role="house"/>
    <member type="way" ref="181333556" role="house"/>
    <member type="way" ref="181333552" role="house"/>
    <member type="way" ref="387365678" role="house"/>
    <member type="way" ref="181333555" role="house"/>
    <member type="way" ref="181333554" role="house"/>
    <member type="way" ref="1086979929" role="house"/>
    <member type="way" ref="36417287" role="house"/>
    <member type="way" ref="381372231" role="house"/>
    <member type="way" ref="1086979928" role="house"/>
    <member type="way" ref="181333553" role="house"/>
    <member type="relation" ref="14469161" role="house"/>
    <member type="way" ref="158820606" role="house"/>
    <member type="way" ref="181333557" role="house"/>
    <member type="way" ref="158820611" role="house"/>
    <member type="way" ref="36439349" role="house"/>
    <member type="way" ref="36439350" role="house"/>
    <member type="way" ref="204012955" role="house"/>
    <member type="way" ref="35948529" role="house"/>
    <member type="way" ref="387365703" role="house"/>
    <member type="way" ref="206088608" role="house"/>
    <member type="way" ref="387365704" role="house"/>
    <member type="way" ref="35948518" role="house"/>
    <member type="way" ref="206090445" role="house"/>
    <member type="way" ref="206090439" role="house"/>
    <member type="way" ref="206090458" role="house"/>
    <member type="way" ref="206090450" role="house"/>
    <member type="way" ref="387365708" role="house"/>
    <member type="way" ref="206088613" role="house"/>
    <member type="way" ref="36812540" role="house"/>
    <member type="way" ref="387365710" role="house"/>
    <member type="way" ref="387365706" role="house"/>
    <member type="way" ref="36438942" role="house"/>
    <member type="way" ref="387365711" role="house"/>
    <member type="way" ref="206088614" role="house"/>
    <member type="way" ref="1086979926" role="house"/>
    <member type="way" ref="206088609" role="house"/>
    <member type="way" ref="36438938" role="house"/>
    <member type="way" ref="36446917" role="house"/>
    <member type="way" ref="387365715" role="house"/>
    <member type="way" ref="206088615" role="house"/>
    <member type="way" ref="206088606" role="house"/>
    <member type="way" ref="206088603" role="house"/>
    <member type="way" ref="206088616" role="house"/>
    <member type="way" ref="35948531" role="house"/>
    <member type="way" ref="35948528" role="house"/>
    <member type="way" ref="36438939" role="house"/>
    <member type="way" ref="674659134" role="house"/>
    <member type="way" ref="387365724" role="house"/>
    <member type="way" ref="387365726" role="house"/>
    <member type="way" ref="387365727" role="house"/>
    <member type="way" ref="387365719" role="house"/>
    <member type="way" ref="387365721" role="house"/>
    <member type="way" ref="387365723" role="house"/>
    <tag k="name" v="Беломорская улица"/>
    <tag k="type" v="associatedStreet"/>
  </relation>
  <relation id="2624116" version="56" timestamp="2023-11-15T22:42:33Z" changeset="144071279" uid="1778799" user="SomeoneElse_Revert">
    <member type="way" ref="193747060" role="outer"/>
    <tag k="amenity" v="kindergarten"/>
    <tag k="name" v="Школа №158, дошкольное отделение №5"/>
    <tag k="type" v="multipolygon"/>
    <tag k="website" v="https://sch158s.mskobr.ru/"/>
  </relation>
  <relation id="2624119" version="59" timestamp="2023-11-15T22:42:32Z" changeset="144071279" uid="1778799" user="SomeoneElse_Revert">
    <member type="way" ref="194925785" role="outer"/>
    <member type="way" ref="194925783" role="outer"/>
    <tag k="amenity" v="kindergarten"/>
    <tag k="name" v="Школа №158, дошкольное отделение №4"/>
    <tag k="type" v="multipolygon"/>
    <tag k="website" v="https://sch158s.mskobr.ru/"/>
  </relation>
  <relation id="13105509" version="1" timestamp="2021-08-18T23:24:57Z" changeset="109900493" uid="2580205" user="alexey_zakharenkov">
    <member type="way" ref="974488436" role="outer"/>
    <member type="way" ref="974488428" role="outer"/>
    <member type="way" ref="974488430" role="outer"/>
    <member type="way" ref="974488439" role="outer"/>
    <member type="way" ref="974488431" role="outer"/>
    <member type="way" ref="974488432" role="outer"/>
    <member type="way" ref="974488433" role="outer"/>
    <member type="way" ref="28878589" role="outer"/>
    <member type="way" ref="974488442" role="outer"/>
    <member type="way" ref="974488434" role="outer"/>
    <member type="way" ref="443204294" role="outer"/>
    <member type="way" ref="974488435" role="outer"/>
    <tag k="landuse" v="commercial"/>
    <tag k="type" v="multipolygon"/>
  </relation>
  <relation id="13105510" version="22" timestamp="2023-09-17T00:02:58Z" changeset="141362323" uid="461130" user="Fizzie-DWG">
    <member type="way" ref="974488428" role="outer"/>
    <member type="way" ref="974488430" role="outer"/>
    <member type="way" ref="974488439" role="outer"/>
    <member type="way" ref="974488431" role="outer"/>
    <member type="way" ref="387362454" role="outer"/>
    <member type="way" ref="974488433" role="outer"/>
    <member type="way" ref="28878589" role="outer"/>
    <member type="way" ref="974488442" role="outer"/>
    <member type="way" ref="974488434" role="outer"/>
    <member type="way" ref="443204294" role="outer"/>
    <member type="way" ref="36491160" role="outer"/>
    <member type="way" ref="974488436" role="outer"/>
    <tag k="landuse" v="residential"/>
    <tag k="name" v="Микрорайон №1"/>
    <tag k="residential" v="urban"/>
    <tag k="type" v="multipolygon"/>
  </relation>
  <relation id="14331020" version="54" timestamp="2023-11-15T22:43:50Z" changeset="144071321" uid="14460199" user="New Soviet Russia">
    <member type="way" ref="714129654" role="outer"/>
    <member type="way" ref="1076569808" role="outer"/>
    <member type="way" ref="1076569807" role="outer"/>
    <tag k="amenity" v="kindergarten"/>
    <tag k="contact:website" v="https://sch158s.mskobr.ru/"/>
    <tag k="name" v="Школа № 158. Дошкольное отделение"/>
    <tag k="type" v="multipolygon"/>
  </relation>
  <relation id="14331022" version="46" timestamp="2023-11-15T21:25:16Z" changeset="144069505" uid="149719" user="Bloodmage">
    <member type="way" ref="621502346" role="outer"/>
    <member type="way" ref="714129654" role="outer"/>
    <member type="way" ref="51293760" role="outer"/>
    <tag k="addr:city" v="Москва"/>
    <tag k="addr:country" v="RU"/>
    <tag k="addr:housenumber" v="14"/>
    <tag k="addr:street" v="Валдайский проезд"/>
    <tag k="amenity" v="school"/>
    <tag k="contact:website" v="https://sch158s.mskobr.ru/"/>
    <tag k="name" v="Школа № 158. Школьное отделение № 1"/>
    <tag k="type" v="multipolygon"/>
    <tag k="website" v="https://sch158s.mskobr.ru/"/>
  </relation>
  <relation id="15484943" version="1" timestamp="2023-02-16T15:15:28Z" changeset="132634250" uid="610278" user="NetFarmer">
    <member type="way" ref="1146551876" role="from"/>
    <member type="node" ref="673383908" role="via"/>
    <member type="way" ref="53204386" role="to"/>
    <tag k="restriction" v="no_left_turn"/>
    <tag k="type" v="restriction"/>
  </relation>
  <relation id="15484944" version="1" timestamp="2023-02-16T15:15:28Z" changeset="132634250" uid="610278" user="NetFarmer">
    <member type="way" ref="1146551878" role="from"/>
    <member type="node" ref="10670120133" role="via"/>
    <member type="way" ref="1146551876" role="to"/>
    <tag k="restriction" v="no_left_turn"/>
    <tag k="type" v="restriction"/>
  </relation>
  <relation id="15484945" version="1" timestamp="2023-02-16T15:15:28Z" changeset="132634250" uid="610278" user="NetFarmer">
    <member type="way" ref="1146551878" role="from"/>
    <member type="node" ref="1837336085" role="via"/>
    <member type="way" ref="53204386" role="to"/>
    <tag k="restriction" v="no_right_turn"/>
    <tag k="type" v="restriction"/>
  </relation>
  <relation id="15484960" version="1" timestamp="2023-02-16T15:27:27Z" changeset="132634729" uid="610278" user="NetFarmer">
    <member type="way" ref="1146555092" role="from"/>
    <member type="node" ref="1998476921" role="via"/>
    <member type="way" ref="1146555093" role="to"/>
    <tag k="restriction" v="no_left_turn"/>
    <tag k="type" v="restriction"/>
  </relation>
  <relation id="15484961" version="1" timestamp="2023-02-16T15:27:27Z" changeset="132634729" uid="610278" user="NetFarmer">
    <member type="way" ref="1146555096" role="from"/>
    <member type="node" ref="1709538478" role="via"/>
    <member type="way" ref="1146555097" role="to"/>
    <tag k="restriction" v="no_left_turn"/>
    <tag k="type" v="restriction"/>
  </relation>
  <relation id="15484962" version="1" timestamp="2023-02-16T15:27:27Z" changeset="132634729" uid="610278" user="NetFarmer">
    <member type="way" ref="1146555095" role="from"/>
    <member type="node" ref="1709544717" role="via"/>
    <member type="way" ref="1146555100" role="to"/>
    <tag k="restriction" v="no_left_turn"/>
    <tag k="type" v="restriction"/>
  </relation>

</osm>
