<?xml version="1.0" encoding="UTF-8"?>
<osm version="0.6" generator="Overpass API 0.7.62.11 87bfad18">
<note>The data included in this document is from www.openstreetmap.org. The data is made available under ODbL.</note>
<meta osm_base="2026-06-26T14:09:15Z"/>

  <node id="261820652" lat="55.5935964" lon="37.2357120" version="5" timestamp="2018-07-12T12:23:50Z" changeset="60650496" uid="7512949" user="Pasha Rockof"/>
  <node id="261820653" lat="55.5933319" lon="37.2350184" version="5" timestamp="2018-07-12T12:23:50Z" changeset="60650496" uid="7512949" user="Pasha Rockof"/>
  <node id="261820655" lat="55.5926673" lon="37.2329178" version="5" timestamp="2018-07-12T12:23:50Z" changeset="60650496" uid="7512949" user="Pasha Rockof"/>
  <node id="261820980" lat="55.5925688" lon="37.2330305" version="6" timestamp="2018-07-12T12:23:50Z" changeset="60650496" uid="7512949" user="Pasha Rockof"/>
  <node id="261820981" lat="55.5931957" lon="37.2350239" version="4" timestamp="2018-07-12T12:23:50Z" changeset="60650496" uid="7512949" user="Pasha Rockof"/>
  <node id="261820982" lat="55.5936142" lon="37.2360969" version="4" timestamp="2018-07-12T12:23:50Z" changeset="60650496" uid="7512949" user="Pasha Rockof"/>
  <node id="270831124" lat="55.5929008" lon="37.2331874" version="4" timestamp="2018-07-12T12:23:49Z" changeset="60650496" uid="7512949" user="Pasha Rockof"/>
  <node id="270831127" lat="55.5931075" lon="37.2338414" version="9" timestamp="2018-07-17T18:01:48Z" changeset="60809317" uid="7512949" user="Pasha Rockof"/>
  <node id="270831128" lat="55.5931512" lon="37.2339656" version="6" timestamp="2018-07-17T18:01:48Z" changeset="60809317" uid="7512949" user="Pasha Rockof"/>
  <node id="270831131" lat="55.5925890" lon="37.2347093" version="7" timestamp="2018-07-12T12:23:50Z" changeset="60650496" uid="7512949" user="Pasha Rockof"/>
  <node id="270831132" lat="55.5927834" lon="37.2349939" version="6" timestamp="2018-07-12T12:23:50Z" changeset="60650496" uid="7512949" user="Pasha Rockof"/>
  <node id="270831133" lat="55.5927596" lon="37.2349868" version="7" timestamp="2018-07-12T12:23:50Z" changeset="60650496" uid="7512949" user="Pasha Rockof"/>
  <node id="270831135" lat="55.5924915" lon="37.2342220" version="5" timestamp="2018-07-12T12:23:50Z" changeset="60650496" uid="7512949" user="Pasha Rockof"/>
  <node id="270831136" lat="55.5925593" lon="37.2346347" version="6" timestamp="2018-07-12T12:23:50Z" changeset="60650496" uid="7512949" user="Pasha Rockof"/>
  <node id="270831137" lat="55.5932534" lon="37.2344494" version="6" timestamp="2018-07-12T12:23:50Z" changeset="60650496" uid="7512949" user="Pasha Rockof"/>
  <node id="270831138" lat="55.5932419" lon="37.2345492" version="7" timestamp="2019-12-21T22:02:30Z" changeset="78722406" uid="8912234" user="Quinn Mallory"/>
  <node id="270831139" lat="55.5932534" lon="37.2342706" version="7" timestamp="2018-07-13T14:55:37Z" changeset="60690886" uid="7512949" user="Pasha Rockof"/>
  <node id="270831140" lat="55.5930397" lon="37.2348826" version="7" timestamp="2019-12-21T22:02:30Z" changeset="78722406" uid="8912234" user="Quinn Mallory">
    <tag k="maxspeed" v="40"/>
    <tag k="traffic_sign" v="maxspeed"/>
  </node>
  <node id="270831141" lat="55.5928648" lon="37.2350022" version="5" timestamp="2018-07-12T12:23:50Z" changeset="60650496" uid="7512949" user="Pasha Rockof"/>
  <node id="270831142" lat="55.5931888" lon="37.2346656" version="6" timestamp="2018-07-12T12:23:50Z" changeset="60650496" uid="7512949" user="Pasha Rockof"/>
  <node id="270831143" lat="55.5924045" lon="37.2330288" version="4" timestamp="2018-07-12T12:23:50Z" changeset="60650496" uid="7512949" user="Pasha Rockof"/>
  <node id="270831144" lat="55.5924455" lon="37.2337089" version="4" timestamp="2018-07-12T12:23:50Z" changeset="60650496" uid="7512949" user="Pasha Rockof"/>
  <node id="471768062" lat="55.5927394" lon="37.2336553" version="4" timestamp="2018-07-12T12:23:49Z" changeset="60650496" uid="7512949" user="Pasha Rockof"/>
  <node id="471768063" lat="55.5926262" lon="37.2337529" version="4" timestamp="2018-07-12T12:23:50Z" changeset="60650496" uid="7512949" user="Pasha Rockof"/>
  <node id="471768064" lat="55.5925860" lon="37.2337993" version="4" timestamp="2018-07-12T12:23:50Z" changeset="60650496" uid="7512949" user="Pasha Rockof"/>
  <node id="471768068" lat="55.5937096" lon="37.2355644" version="4" timestamp="2018-07-13T14:55:37Z" changeset="60690886" uid="7512949" user="Pasha Rockof"/>
  <node id="471768069" lat="55.5934596" lon="37.2349042" version="3" timestamp="2018-07-13T14:55:37Z" changeset="60690886" uid="7512949" user="Pasha Rockof"/>
  <node id="471768070" lat="55.5934802" lon="37.2362073" version="5" timestamp="2020-11-27T08:44:56Z" changeset="94882592" uid="10213578" user="Stratula"/>
  <node id="625842853" lat="55.5923842" lon="37.2329273" version="3" timestamp="2020-02-19T07:31:39Z" changeset="81207509" uid="8912234" user="Quinn Mallory"/>
  <node id="625842854" lat="55.5928358" lon="37.2351043" version="3" timestamp="2018-07-12T12:23:50Z" changeset="60650496" uid="7512949" user="Pasha Rockof"/>
  <node id="625901937" lat="55.5918471" lon="37.2349776" version="4" timestamp="2023-08-02T15:09:47Z" changeset="139352516" uid="8912234" user="Quinn Mallory"/>
  <node id="625962973" lat="55.5934094" lon="37.2363549" version="4" timestamp="2020-11-27T08:44:56Z" changeset="94882592" uid="10213578" user="Stratula">
    <tag k="surface" v="asphalt"/>
    <tag k="traffic_calming" v="bump"/>
  </node>
  <node id="625962975" lat="55.5933341" lon="37.2365536" version="3" timestamp="2019-12-21T22:02:30Z" changeset="78722406" uid="8912234" user="Quinn Mallory"/>
  <node id="1378980934" lat="55.5952852" lon="37.2346361" version="4" timestamp="2013-05-16T18:27:13Z" changeset="16157164" uid="1307416" user="nasty90"/>
  <node id="1378981087" lat="55.5952551" lon="37.2340529" version="4" timestamp="2013-05-16T18:27:13Z" changeset="16157164" uid="1307416" user="nasty90"/>
  <node id="1378981228" lat="55.5953291" lon="37.2359973" version="4" timestamp="2013-05-16T18:27:13Z" changeset="16157164" uid="1307416" user="nasty90"/>
  <node id="1378981240" lat="55.5933771" lon="37.2344307" version="4" timestamp="2020-12-11T20:16:48Z" changeset="95701647" uid="8912234" user="Quinn Mallory"/>
  <node id="1378981513" lat="55.5935880" lon="37.2339086" version="4" timestamp="2020-12-11T20:16:48Z" changeset="95701647" uid="8912234" user="Quinn Mallory"/>
  <node id="1378981590" lat="55.5951384" lon="37.2334931" version="3" timestamp="2013-05-16T18:27:14Z" changeset="16157164" uid="1307416" user="nasty90"/>
  <node id="1378982280" lat="55.5929866" lon="37.2335627" version="2" timestamp="2018-07-12T12:23:49Z" changeset="60650496" uid="7512949" user="Pasha Rockof"/>
  <node id="1378982478" lat="55.5938580" lon="37.2355392" version="3" timestamp="2018-07-17T18:01:48Z" changeset="60809317" uid="7512949" user="Pasha Rockof"/>
  <node id="1378982489" lat="55.5952974" lon="37.2352754" version="4" timestamp="2013-05-16T18:27:15Z" changeset="16157164" uid="1307416" user="nasty90"/>
  <node id="1380778065" lat="55.5934803" lon="37.2348774" version="2" timestamp="2013-07-26T06:26:56Z" changeset="17097312" uid="233639" user="Cyantooth"/>
  <node id="1380778884" lat="55.5940530" lon="37.2365144" version="2" timestamp="2012-10-11T05:11:54Z" changeset="13449830" uid="233639" user="Cyantooth"/>
  <node id="1392017411" lat="55.5921173" lon="37.2331041" version="2" timestamp="2012-08-30T14:16:42Z" changeset="12918578" uid="449348" user="hui_voine"/>
  <node id="1456628000" lat="55.5936179" lon="37.2330011" version="2" timestamp="2012-07-02T07:10:58Z" changeset="12083851" uid="449348" user="hui_voine"/>
  <node id="1723121231" lat="55.5925029" lon="37.2343434" version="2" timestamp="2018-07-12T12:23:50Z" changeset="60650496" uid="7512949" user="Pasha Rockof"/>
  <node id="1809638451" lat="55.5929266" lon="37.2359701" version="1" timestamp="2012-07-02T07:26:57Z" changeset="12083978" uid="449348" user="hui_voine"/>
  <node id="1809638452" lat="55.5929604" lon="37.2362251" version="1" timestamp="2012-07-02T07:26:57Z" changeset="12083978" uid="449348" user="hui_voine"/>
  <node id="1809638453" lat="55.5929340" lon="37.2358447" version="3" timestamp="2020-07-22T05:20:49Z" changeset="88323947" uid="10529506" user="Jordaan23"/>
  <node id="1809638454" lat="55.5933002" lon="37.2338140" version="2" timestamp="2018-07-12T12:23:50Z" changeset="60650496" uid="7512949" user="Pasha Rockof"/>
  <node id="1809638455" lat="55.5935225" lon="37.2327778" version="1" timestamp="2012-07-02T07:26:57Z" changeset="12083978" uid="449348" user="hui_voine"/>
  <node id="1889955155" lat="55.5916285" lon="37.2329908" version="1" timestamp="2012-08-30T14:16:36Z" changeset="12918578" uid="449348" user="hui_voine"/>
  <node id="1889955157" lat="55.5916671" lon="37.2327477" version="1" timestamp="2012-08-30T14:16:36Z" changeset="12918578" uid="449348" user="hui_voine"/>
  <node id="1957934162" lat="55.5929104" lon="37.2366115" version="4" timestamp="2020-07-22T05:20:49Z" changeset="88323947" uid="10529506" user="Jordaan23"/>
  <node id="1957934178" lat="55.5930634" lon="37.2357117" version="3" timestamp="2020-07-22T05:20:49Z" changeset="88323947" uid="10529506" user="Jordaan23"/>
  <node id="1957934210" lat="55.5930483" lon="37.2364194" version="3" timestamp="2020-07-22T05:20:49Z" changeset="88323947" uid="10529506" user="Jordaan23"/>
  <node id="1957934215" lat="55.5931485" lon="37.2365631" version="1" timestamp="2012-10-11T05:09:46Z" changeset="13449830" uid="233639" user="Cyantooth"/>
  <node id="1957934218" lat="55.5931676" lon="37.2366240" version="1" timestamp="2012-10-11T05:09:46Z" changeset="13449830" uid="233639" user="Cyantooth"/>
  <node id="1957934232" lat="55.5932279" lon="37.2360000" version="3" timestamp="2020-07-22T05:20:49Z" changeset="88323947" uid="10529506" user="Jordaan23"/>
  <node id="1957934235" lat="55.5932917" lon="37.2362830" version="2" timestamp="2018-07-13T14:55:37Z" changeset="60690886" uid="7512949" user="Pasha Rockof"/>
  <node id="1957934238" lat="55.5933212" lon="37.2363157" version="2" timestamp="2018-07-13T14:55:36Z" changeset="60690886" uid="7512949" user="Pasha Rockof"/>
  <node id="1957934241" lat="55.5933805" lon="37.2362190" version="2" timestamp="2018-07-13T14:55:36Z" changeset="60690886" uid="7512949" user="Pasha Rockof"/>
  <node id="2022465569" lat="55.5916810" lon="37.2328717" version="1" timestamp="2012-11-20T03:07:49Z" changeset="13940573" uid="449348" user="hui_voine"/>
  <node id="2022465571" lat="55.5916842" lon="37.2329760" version="1" timestamp="2012-11-20T03:07:49Z" changeset="13940573" uid="449348" user="hui_voine"/>
  <node id="2022465577" lat="55.5917196" lon="37.2328679" version="1" timestamp="2012-11-20T03:07:49Z" changeset="13940573" uid="449348" user="hui_voine"/>
  <node id="2022465579" lat="55.5917228" lon="37.2329722" version="1" timestamp="2012-11-20T03:07:49Z" changeset="13940573" uid="449348" user="hui_voine"/>
  <node id="2038589763" lat="55.5928459" lon="37.2335673" version="2" timestamp="2018-07-12T12:23:49Z" changeset="60650496" uid="7512949" user="Pasha Rockof"/>
  <node id="2038589766" lat="55.5929675" lon="37.2334631" version="3" timestamp="2020-02-19T07:31:39Z" changeset="81207509" uid="8912234" user="Quinn Mallory"/>
  <node id="2038589768" lat="55.5929829" lon="37.2334445" version="2" timestamp="2018-07-12T12:23:49Z" changeset="60650496" uid="7512949" user="Pasha Rockof"/>
  <node id="2038589770" lat="55.5930316" lon="37.2336012" version="2" timestamp="2018-07-12T12:23:49Z" changeset="60650496" uid="7512949" user="Pasha Rockof"/>
  <node id="2038589772" lat="55.5930882" lon="37.2330352" version="2" timestamp="2018-07-12T12:23:49Z" changeset="60650496" uid="7512949" user="Pasha Rockof"/>
  <node id="2038589774" lat="55.5930979" lon="37.2330765" version="2" timestamp="2018-07-12T12:23:49Z" changeset="60650496" uid="7512949" user="Pasha Rockof"/>
  <node id="2038589776" lat="55.5930629" lon="37.2334515" version="2" timestamp="2018-07-12T12:23:49Z" changeset="60650496" uid="7512949" user="Pasha Rockof"/>
  <node id="2038589778" lat="55.5931064" lon="37.2329646" version="2" timestamp="2018-07-12T12:23:49Z" changeset="60650496" uid="7512949" user="Pasha Rockof"/>
  <node id="2312997203" lat="55.5934124" lon="37.2343863" version="1" timestamp="2013-05-20T13:56:20Z" changeset="16208970" uid="1307416" user="nasty90"/>
  <node id="2312997204" lat="55.5934406" lon="37.2341914" version="1" timestamp="2013-05-20T13:56:20Z" changeset="16208970" uid="1307416" user="nasty90"/>
  <node id="2312997205" lat="55.5934689" lon="37.2344119" version="2" timestamp="2013-06-01T04:51:42Z" changeset="16373457" uid="336354" user="esaulenka"/>
  <node id="2312997206" lat="55.5934971" lon="37.2342170" version="1" timestamp="2013-05-20T13:56:20Z" changeset="16208970" uid="1307416" user="nasty90"/>
  <node id="2312997207" lat="55.5935251" lon="37.2347801" version="2" timestamp="2013-06-01T04:51:42Z" changeset="16373457" uid="336354" user="esaulenka"/>
  <node id="2312997208" lat="55.5935474" lon="37.2348190" version="1" timestamp="2013-05-20T13:56:21Z" changeset="16208970" uid="1307416" user="nasty90"/>
  <node id="2312997209" lat="55.5935475" lon="37.2337535" version="2" timestamp="2013-06-01T04:51:42Z" changeset="16373457" uid="336354" user="esaulenka"/>
  <node id="2312997210" lat="55.5935707" lon="37.2334289" version="1" timestamp="2013-05-20T13:56:21Z" changeset="16208970" uid="1307416" user="nasty90"/>
  <node id="2312997211" lat="55.5935722" lon="37.2336829" version="2" timestamp="2013-06-01T04:51:42Z" changeset="16373457" uid="336354" user="esaulenka"/>
  <node id="2312997212" lat="55.5935758" lon="37.2345124" version="2" timestamp="2013-06-01T04:51:42Z" changeset="16373457" uid="336354" user="esaulenka"/>
  <node id="2312997213" lat="55.5935803" lon="37.2346811" version="1" timestamp="2013-05-20T13:56:21Z" changeset="16208970" uid="1307416" user="nasty90"/>
  <node id="2312997214" lat="55.5935814" lon="37.2337906" version="1" timestamp="2013-05-20T13:56:21Z" changeset="16208970" uid="1307416" user="nasty90"/>
  <node id="2312997215" lat="55.5935821" lon="37.2333281" version="1" timestamp="2013-05-20T13:56:21Z" changeset="16208970" uid="1307416" user="nasty90"/>
  <node id="2312997216" lat="55.5935950" lon="37.2334375" version="1" timestamp="2013-05-20T13:56:21Z" changeset="16208970" uid="1307416" user="nasty90"/>
  <node id="2312997217" lat="55.5936026" lon="37.2347200" version="2" timestamp="2013-06-01T04:51:42Z" changeset="16373457" uid="336354" user="esaulenka"/>
  <node id="2312997218" lat="55.5936061" lon="37.2337201" version="2" timestamp="2013-06-01T04:51:42Z" changeset="16373457" uid="336354" user="esaulenka"/>
  <node id="2312997219" lat="55.5936064" lon="37.2333367" version="1" timestamp="2013-05-20T13:56:21Z" changeset="16208970" uid="1307416" user="nasty90"/>
  <node id="2312997220" lat="55.5936083" lon="37.2331972" version="2" timestamp="2013-06-01T04:51:42Z" changeset="16373457" uid="336354" user="esaulenka"/>
  <node id="2312997221" lat="55.5936179" lon="37.2345860" version="1" timestamp="2013-05-20T13:56:21Z" changeset="16208970" uid="1307416" user="nasty90"/>
  <node id="2312997222" lat="55.5936408" lon="37.2343959" version="2" timestamp="2013-06-01T04:51:42Z" changeset="16373457" uid="336354" user="esaulenka"/>
  <node id="2312997223" lat="55.5936530" lon="37.2331239" version="1" timestamp="2013-05-20T13:56:21Z" changeset="16208970" uid="1307416" user="nasty90"/>
  <node id="2312997224" lat="55.5936829" lon="37.2344695" version="1" timestamp="2013-05-20T13:56:21Z" changeset="16208970" uid="1307416" user="nasty90"/>
  <node id="2312997225" lat="55.5937052" lon="37.2333821" version="1" timestamp="2013-05-20T13:56:21Z" changeset="16208970" uid="1307416" user="nasty90"/>
  <node id="2312997226" lat="55.5937214" lon="37.2336258" version="1" timestamp="2013-05-20T13:56:21Z" changeset="16208970" uid="1307416" user="nasty90"/>
  <node id="2312997228" lat="55.5937432" lon="37.2339973" version="1" timestamp="2013-05-20T13:56:21Z" changeset="16208970" uid="1307416" user="nasty90"/>
  <node id="2312997229" lat="55.5937499" lon="37.2333088" version="2" timestamp="2013-06-01T04:51:42Z" changeset="16373457" uid="336354" user="esaulenka"/>
  <node id="2312997231" lat="55.5937562" lon="37.2340181" version="1" timestamp="2013-05-20T13:56:21Z" changeset="16208970" uid="1307416" user="nasty90"/>
  <node id="2312997234" lat="55.5937707" lon="37.2339435" version="2" timestamp="2013-06-01T04:51:42Z" changeset="16373457" uid="336354" user="esaulenka"/>
  <node id="2312997235" lat="55.5937707" lon="37.2342141" version="2" timestamp="2013-06-01T04:51:42Z" changeset="16373457" uid="336354" user="esaulenka"/>
  <node id="2312997236" lat="55.5937740" lon="37.2327517" version="1" timestamp="2013-05-20T13:56:21Z" changeset="16208970" uid="1307416" user="nasty90"/>
  <node id="2312997237" lat="55.5937837" lon="37.2339643" version="2" timestamp="2013-06-01T04:51:42Z" changeset="16373457" uid="336354" user="esaulenka"/>
  <node id="2312997238" lat="55.5937893" lon="37.2337476" version="2" timestamp="2013-06-01T04:51:42Z" changeset="16373457" uid="336354" user="esaulenka"/>
  <node id="2312997239" lat="55.5937954" lon="37.2334964" version="1" timestamp="2013-05-20T13:56:21Z" changeset="16208970" uid="1307416" user="nasty90"/>
  <node id="2312997241" lat="55.5938012" lon="37.2331029" version="1" timestamp="2013-05-20T13:56:21Z" changeset="16208970" uid="1307416" user="nasty90"/>
  <node id="2312997242" lat="55.5938021" lon="37.2339099" version="1" timestamp="2013-05-20T13:56:21Z" changeset="16208970" uid="1307416" user="nasty90"/>
  <node id="2312997243" lat="55.5938115" lon="37.2342848" version="2" timestamp="2013-06-01T04:51:42Z" changeset="16373457" uid="336354" user="esaulenka"/>
  <node id="2312997244" lat="55.5938144" lon="37.2331299" version="2" timestamp="2013-06-01T04:51:42Z" changeset="16373457" uid="336354" user="esaulenka"/>
  <node id="2312997245" lat="55.5938192" lon="37.2341267" version="2" timestamp="2013-06-01T04:51:42Z" changeset="16373457" uid="336354" user="esaulenka"/>
  <node id="2312997248" lat="55.5938325" lon="37.2328711" version="1" timestamp="2013-05-20T13:56:21Z" changeset="16208970" uid="1307416" user="nasty90"/>
  <node id="2312997249" lat="55.5938373" lon="37.2339669" version="2" timestamp="2013-06-01T04:51:42Z" changeset="16373457" uid="336354" user="esaulenka"/>
  <node id="2312997250" lat="55.5938429" lon="37.2338309" version="1" timestamp="2013-05-20T13:56:21Z" changeset="16208970" uid="1307416" user="nasty90"/>
  <node id="2312997251" lat="55.5938515" lon="37.2330257" version="2" timestamp="2013-06-01T04:51:42Z" changeset="16373457" uid="336354" user="esaulenka"/>
  <node id="2312997253" lat="55.5938599" lon="37.2341974" version="2" timestamp="2013-06-01T04:51:42Z" changeset="16373457" uid="336354" user="esaulenka"/>
  <node id="2312997254" lat="55.5938629" lon="37.2341637" version="1" timestamp="2013-05-20T13:56:21Z" changeset="16208970" uid="1307416" user="nasty90"/>
  <node id="2312997255" lat="55.5938634" lon="37.2336182" version="2" timestamp="2013-06-01T04:51:42Z" changeset="16373457" uid="336354" user="esaulenka"/>
  <node id="2312997256" lat="55.5938647" lon="37.2330528" version="2" timestamp="2013-06-01T04:51:43Z" changeset="16373457" uid="336354" user="esaulenka"/>
  <node id="2312997258" lat="55.5938781" lon="37.2338879" version="2" timestamp="2013-06-01T04:51:43Z" changeset="16373457" uid="336354" user="esaulenka"/>
  <node id="2312997260" lat="55.5938980" lon="37.2342284" version="1" timestamp="2013-05-20T13:56:22Z" changeset="16208970" uid="1307416" user="nasty90"/>
  <node id="2312997263" lat="55.5939157" lon="37.2327434" version="2" timestamp="2013-06-01T04:51:43Z" changeset="16373457" uid="336354" user="esaulenka"/>
  <node id="2312997264" lat="55.5939203" lon="37.2335603" version="2" timestamp="2013-06-01T04:51:43Z" changeset="16373457" uid="336354" user="esaulenka"/>
  <node id="2312997266" lat="55.5939349" lon="37.2334007" version="2" timestamp="2013-06-01T04:51:43Z" changeset="16373457" uid="336354" user="esaulenka"/>
  <node id="2312997267" lat="55.5939351" lon="37.2340410" version="2" timestamp="2013-06-01T04:51:43Z" changeset="16373457" uid="336354" user="esaulenka"/>
  <node id="2312997269" lat="55.5939522" lon="37.2334359" version="2" timestamp="2013-06-01T04:51:43Z" changeset="16373457" uid="336354" user="esaulenka"/>
  <node id="2312997270" lat="55.5939524" lon="37.2350793" version="2" timestamp="2013-06-01T04:51:43Z" changeset="16373457" uid="336354" user="esaulenka"/>
  <node id="2312997271" lat="55.5939534" lon="37.2330774" version="2" timestamp="2013-06-01T04:51:43Z" changeset="16373457" uid="336354" user="esaulenka"/>
  <node id="2312997272" lat="55.5939540" lon="37.2336292" version="1" timestamp="2013-05-20T13:56:22Z" changeset="16208970" uid="1307416" user="nasty90"/>
  <node id="2312997273" lat="55.5939597" lon="37.2334997" version="1" timestamp="2013-05-20T13:56:22Z" changeset="16208970" uid="1307416" user="nasty90"/>
  <node id="2312997275" lat="55.5939684" lon="37.2351118" version="2" timestamp="2013-06-01T04:51:43Z" changeset="16373457" uid="336354" user="esaulenka"/>
  <node id="2312997276" lat="55.5939697" lon="37.2351095" version="2" timestamp="2013-06-01T04:51:43Z" changeset="16373457" uid="336354" user="esaulenka"/>
  <node id="2312997277" lat="55.5939702" lon="37.2341057" version="2" timestamp="2013-06-01T04:51:43Z" changeset="16373457" uid="336354" user="esaulenka"/>
  <node id="2312997279" lat="55.5939779" lon="37.2352231" version="1" timestamp="2013-05-20T13:56:22Z" changeset="16208970" uid="1307416" user="nasty90"/>
  <node id="2312997280" lat="55.5939836" lon="37.2350233" version="1" timestamp="2013-05-20T13:56:22Z" changeset="16208970" uid="1307416" user="nasty90"/>
  <node id="2312997281" lat="55.5939935" lon="37.2335686" version="1" timestamp="2013-05-20T13:56:22Z" changeset="16208970" uid="1307416" user="nasty90"/>
  <node id="2312997282" lat="55.5939939" lon="37.2352511" version="2" timestamp="2013-06-01T04:51:43Z" changeset="16373457" uid="336354" user="esaulenka"/>
  <node id="2312997283" lat="55.5939949" lon="37.2344780" version="1" timestamp="2013-05-20T13:56:22Z" changeset="16208970" uid="1307416" user="nasty90"/>
  <node id="2312997284" lat="55.5939996" lon="37.2333014" version="2" timestamp="2013-06-01T04:51:43Z" changeset="16373457" uid="336354" user="esaulenka"/>
  <node id="2312997285" lat="55.5940009" lon="37.2350535" version="1" timestamp="2013-05-20T13:56:22Z" changeset="16208970" uid="1307416" user="nasty90"/>
  <node id="2312997286" lat="55.5940014" lon="37.2351696" version="1" timestamp="2013-05-20T13:56:22Z" changeset="16208970" uid="1307416" user="nasty90"/>
  <node id="2312997287" lat="55.5940048" lon="37.2351748" version="2" timestamp="2013-06-01T04:51:43Z" changeset="16373457" uid="336354" user="esaulenka"/>
  <node id="2312997288" lat="55.5940060" lon="37.2348172" version="2" timestamp="2013-06-01T04:51:43Z" changeset="16373457" uid="336354" user="esaulenka"/>
  <node id="2312997291" lat="55.5940169" lon="37.2333366" version="1" timestamp="2013-05-20T13:56:22Z" changeset="16208970" uid="1307416" user="nasty90"/>
  <node id="2312997292" lat="55.5940205" lon="37.2346545" version="1" timestamp="2013-05-20T13:56:22Z" changeset="16208970" uid="1307416" user="nasty90"/>
  <node id="2312997293" lat="55.5940209" lon="37.2347904" version="1" timestamp="2013-05-20T13:56:22Z" changeset="16208970" uid="1307416" user="nasty90"/>
  <node id="2312997294" lat="55.5940209" lon="37.2352029" version="2" timestamp="2013-06-01T04:51:43Z" changeset="16373457" uid="336354" user="esaulenka"/>
  <node id="2312997297" lat="55.5940234" lon="37.2337204" version="2" timestamp="2013-06-01T04:51:43Z" changeset="16373457" uid="336354" user="esaulenka"/>
  <node id="2312997299" lat="55.5940310" lon="37.2332358" version="2" timestamp="2013-06-01T04:51:43Z" changeset="16373457" uid="336354" user="esaulenka"/>
  <node id="2312997300" lat="55.5940313" lon="37.2354076" version="2" timestamp="2013-06-01T04:51:43Z" changeset="16373457" uid="336354" user="esaulenka"/>
  <node id="2312997301" lat="55.5940319" lon="37.2329568" version="1" timestamp="2013-05-20T13:56:22Z" changeset="16208970" uid="1307416" user="nasty90"/>
  <node id="2312997302" lat="55.5940350" lon="37.2349925" version="2" timestamp="2013-06-01T04:51:43Z" changeset="16373457" uid="336354" user="esaulenka"/>
  <node id="2312997303" lat="55.5940397" lon="37.2348760" version="1" timestamp="2013-05-20T13:56:22Z" changeset="16208970" uid="1307416" user="nasty90"/>
  <node id="2312997304" lat="55.5940432" lon="37.2345658" version="2" timestamp="2013-06-01T04:51:43Z" changeset="16373457" uid="336354" user="esaulenka"/>
  <node id="2312997305" lat="55.5940452" lon="37.2346108" version="1" timestamp="2013-05-20T13:56:22Z" changeset="16208970" uid="1307416" user="nasty90"/>
  <node id="2312997306" lat="55.5940500" lon="37.2336796" version="1" timestamp="2013-05-20T13:56:22Z" changeset="16208970" uid="1307416" user="nasty90"/>
  <node id="2312997308" lat="55.5940522" lon="37.2332913" version="1" timestamp="2013-05-20T13:56:22Z" changeset="16208970" uid="1307416" user="nasty90"/>
  <node id="2312997309" lat="55.5940524" lon="37.2347108" version="2" timestamp="2013-06-01T04:51:43Z" changeset="16373457" uid="336354" user="esaulenka"/>
  <node id="2312997310" lat="55.5940528" lon="37.2337804" version="1" timestamp="2013-05-20T13:56:23Z" changeset="16208970" uid="1307416" user="nasty90"/>
  <node id="2312997313" lat="55.5940546" lon="37.2348493" version="2" timestamp="2013-06-01T04:51:43Z" changeset="16373457" uid="336354" user="esaulenka"/>
  <node id="2312997315" lat="55.5940621" lon="37.2349235" version="1" timestamp="2013-05-20T13:56:23Z" changeset="16208970" uid="1307416" user="nasty90"/>
  <node id="2312997316" lat="55.5940671" lon="37.2343536" version="1" timestamp="2013-05-20T13:56:23Z" changeset="16208970" uid="1307416" user="nasty90"/>
  <node id="2312997317" lat="55.5940680" lon="37.2350502" version="1" timestamp="2013-05-20T13:56:23Z" changeset="16208970" uid="1307416" user="nasty90"/>
  <node id="2312997318" lat="55.5940760" lon="37.2348986" version="2" timestamp="2013-06-01T04:51:43Z" changeset="16373457" uid="336354" user="esaulenka"/>
  <node id="2312997319" lat="55.5940770" lon="37.2346671" version="1" timestamp="2013-05-20T13:56:23Z" changeset="16208970" uid="1307416" user="nasty90"/>
  <node id="2312997320" lat="55.5940794" lon="37.2337396" version="2" timestamp="2013-06-01T04:51:43Z" changeset="16373457" uid="336354" user="esaulenka"/>
  <node id="2312997324" lat="55.5940918" lon="37.2333720" version="1" timestamp="2013-05-20T13:56:23Z" changeset="16208970" uid="1307416" user="nasty90"/>
  <node id="2312997325" lat="55.5940927" lon="37.2332291" version="2" timestamp="2013-06-01T04:51:43Z" changeset="16373457" uid="336354" user="esaulenka"/>
  <node id="2312997326" lat="55.5940934" lon="37.2349782" version="1" timestamp="2013-05-20T13:56:23Z" changeset="16208970" uid="1307416" user="nasty90"/>
  <node id="2312997327" lat="55.5940967" lon="37.2339103" version="1" timestamp="2013-05-20T13:56:23Z" changeset="16208970" uid="1307416" user="nasty90"/>
  <node id="2312997329" lat="55.5941073" lon="37.2349533" version="1" timestamp="2013-05-20T13:56:23Z" changeset="16208970" uid="1307416" user="nasty90"/>
  <node id="2312997330" lat="55.5941096" lon="37.2331153" version="2" timestamp="2013-06-01T04:51:43Z" changeset="16373457" uid="336354" user="esaulenka"/>
  <node id="2312997331" lat="55.5941154" lon="37.2344414" version="2" timestamp="2013-06-01T04:51:43Z" changeset="16373457" uid="336354" user="esaulenka"/>
  <node id="2312997333" lat="55.5941173" lon="37.2334306" version="2" timestamp="2013-06-01T04:51:43Z" changeset="16373457" uid="336354" user="esaulenka"/>
  <node id="2312997334" lat="55.5941212" lon="37.2339603" version="1" timestamp="2013-05-20T13:56:23Z" changeset="16208970" uid="1307416" user="nasty90"/>
  <node id="2312997335" lat="55.5941243" lon="37.2355701" version="2" timestamp="2013-06-01T04:51:43Z" changeset="16373457" uid="336354" user="esaulenka"/>
  <node id="2312997336" lat="55.5941290" lon="37.2352326" version="2" timestamp="2013-06-01T04:51:43Z" changeset="16373457" uid="336354" user="esaulenka"/>
  <node id="2312997337" lat="55.5941298" lon="37.2334560" version="2" timestamp="2013-06-01T04:51:44Z" changeset="16373457" uid="336354" user="esaulenka"/>
  <node id="2312997338" lat="55.5941323" lon="37.2333098" version="2" timestamp="2013-06-01T04:51:44Z" changeset="16373457" uid="336354" user="esaulenka"/>
  <node id="2312997339" lat="55.5941364" lon="37.2338493" version="1" timestamp="2013-05-20T13:56:23Z" changeset="16208970" uid="1307416" user="nasty90"/>
  <node id="2312997340" lat="55.5941374" lon="37.2345637" version="2" timestamp="2013-06-01T04:51:44Z" changeset="16373457" uid="336354" user="esaulenka"/>
  <node id="2312997341" lat="55.5941378" lon="37.2334774" version="1" timestamp="2013-05-20T13:56:23Z" changeset="16208970" uid="1307416" user="nasty90"/>
  <node id="2312997343" lat="55.5941402" lon="37.2333955" version="2" timestamp="2013-06-01T04:51:44Z" changeset="16373457" uid="336354" user="esaulenka"/>
  <node id="2312997344" lat="55.5941526" lon="37.2334209" version="2" timestamp="2013-06-01T04:51:44Z" changeset="16373457" uid="336354" user="esaulenka"/>
  <node id="2312997346" lat="55.5941609" lon="37.2338994" version="1" timestamp="2013-05-20T13:56:23Z" changeset="16208970" uid="1307416" user="nasty90"/>
  <node id="2312997347" lat="55.5941611" lon="37.2347957" version="1" timestamp="2013-05-20T13:56:23Z" changeset="16208970" uid="1307416" user="nasty90"/>
  <node id="2312997349" lat="55.5941691" lon="37.2333315" version="1" timestamp="2013-05-20T13:56:23Z" changeset="16208970" uid="1307416" user="nasty90"/>
  <node id="2312997351" lat="55.5941750" lon="37.2335534" version="2" timestamp="2013-06-01T04:51:44Z" changeset="16373457" uid="336354" user="esaulenka"/>
  <node id="2312997352" lat="55.5941777" lon="37.2346351" version="2" timestamp="2013-06-01T04:51:44Z" changeset="16373457" uid="336354" user="esaulenka"/>
  <node id="2312997354" lat="55.5941902" lon="37.2329321" version="2" timestamp="2013-06-01T04:51:44Z" changeset="16373457" uid="336354" user="esaulenka"/>
  <node id="2312997358" lat="55.5941965" lon="37.2333874" version="2" timestamp="2013-06-01T04:51:44Z" changeset="16373457" uid="336354" user="esaulenka"/>
  <node id="2312997359" lat="55.5941988" lon="37.2357362" version="2" timestamp="2013-06-01T04:51:44Z" changeset="16373457" uid="336354" user="esaulenka"/>
  <node id="2312997363" lat="55.5942162" lon="37.2332593" version="2" timestamp="2023-01-12T14:23:07Z" changeset="131191021" uid="8923706" user="Elizen"/>
  <node id="2312997365" lat="55.5942186" lon="37.2334864" version="2" timestamp="2013-06-01T04:51:44Z" changeset="16373457" uid="336354" user="esaulenka"/>
  <node id="2312997366" lat="55.5942220" lon="37.2353951" version="2" timestamp="2013-06-01T04:51:44Z" changeset="16373457" uid="336354" user="esaulenka"/>
  <node id="2312997369" lat="55.5942390" lon="37.2343839" version="2" timestamp="2013-06-01T04:51:44Z" changeset="16373457" uid="336354" user="esaulenka"/>
  <node id="2312997371" lat="55.5942418" lon="37.2335336" version="2" timestamp="2013-06-01T04:51:44Z" changeset="16373457" uid="336354" user="esaulenka"/>
  <node id="2312997375" lat="55.5942605" lon="37.2339993" version="1" timestamp="2013-05-20T13:56:24Z" changeset="16208970" uid="1307416" user="nasty90"/>
  <node id="2312997376" lat="55.5942627" lon="37.2346377" version="2" timestamp="2013-06-01T04:51:44Z" changeset="16373457" uid="336354" user="esaulenka"/>
  <node id="2312997379" lat="55.5942702" lon="37.2350155" version="1" timestamp="2013-05-20T13:56:24Z" changeset="16208970" uid="1307416" user="nasty90"/>
  <node id="2312997380" lat="55.5942716" lon="37.2330984" version="2" timestamp="2013-06-01T04:51:44Z" changeset="16373457" uid="336354" user="esaulenka"/>
  <node id="2312997382" lat="55.5942760" lon="37.2340309" version="2" timestamp="2013-06-01T04:51:45Z" changeset="16373457" uid="336354" user="esaulenka"/>
  <node id="2312997385" lat="55.5942793" lon="37.2344553" version="2" timestamp="2013-06-01T04:51:45Z" changeset="16373457" uid="336354" user="esaulenka"/>
  <node id="2312997386" lat="55.5942848" lon="37.2355820" version="2" timestamp="2013-06-01T04:51:45Z" changeset="16373457" uid="336354" user="esaulenka"/>
  <node id="2312997391" lat="55.5942969" lon="37.2339435" version="2" timestamp="2013-06-01T04:51:45Z" changeset="16373457" uid="336354" user="esaulenka"/>
  <node id="2312997392" lat="55.5942972" lon="37.2327680" version="2" timestamp="2013-06-01T04:51:45Z" changeset="16373457" uid="336354" user="esaulenka"/>
  <node id="2312997394" lat="55.5943017" lon="37.2344393" version="2" timestamp="2013-06-01T04:51:45Z" changeset="16373457" uid="336354" user="esaulenka"/>
  <node id="2312997395" lat="55.5943023" lon="37.2359172" version="2" timestamp="2013-06-01T04:51:45Z" changeset="16373457" uid="336354" user="esaulenka"/>
  <node id="2312997396" lat="55.5943039" lon="37.2334383" version="1" timestamp="2013-05-20T13:56:24Z" changeset="16208970" uid="1307416" user="nasty90"/>
  <node id="2312997403" lat="55.5943124" lon="37.2339751" version="1" timestamp="2013-05-20T13:56:24Z" changeset="16208970" uid="1307416" user="nasty90"/>
  <node id="2312997408" lat="55.5943275" lon="37.2343975" version="2" timestamp="2013-06-01T04:51:45Z" changeset="16373457" uid="336354" user="esaulenka"/>
  <node id="2312997415" lat="55.5943482" lon="37.2351587" version="1" timestamp="2013-05-20T13:56:24Z" changeset="16208970" uid="1307416" user="nasty90"/>
  <node id="2312997418" lat="55.5943610" lon="37.2350582" version="1" timestamp="2013-05-20T13:56:25Z" changeset="16208970" uid="1307416" user="nasty90"/>
  <node id="2312997421" lat="55.5943666" lon="37.2362161" version="1" timestamp="2013-05-20T13:56:25Z" changeset="16208970" uid="1307416" user="nasty90"/>
  <node id="2312997425" lat="55.5943719" lon="37.2348575" version="1" timestamp="2013-05-20T13:56:25Z" changeset="16208970" uid="1307416" user="nasty90"/>
  <node id="2312997429" lat="55.5943786" lon="37.2329342" version="1" timestamp="2013-05-20T13:56:25Z" changeset="16208970" uid="1307416" user="nasty90"/>
  <node id="2312997430" lat="55.5943814" lon="37.2344808" version="2" timestamp="2013-06-01T04:51:45Z" changeset="16373457" uid="336354" user="esaulenka"/>
  <node id="2312997431" lat="55.5943828" lon="37.2350955" version="1" timestamp="2013-05-20T13:56:25Z" changeset="16208970" uid="1307416" user="nasty90"/>
  <node id="2312997435" lat="55.5943871" lon="37.2347385" version="2" timestamp="2013-06-01T04:51:45Z" changeset="16373457" uid="336354" user="esaulenka"/>
  <node id="2312997436" lat="55.5943881" lon="37.2348898" version="2" timestamp="2013-06-01T04:51:45Z" changeset="16373457" uid="336354" user="esaulenka"/>
  <node id="2312997437" lat="55.5943883" lon="37.2357630" version="2" timestamp="2013-06-01T04:51:45Z" changeset="16373457" uid="336354" user="esaulenka"/>
  <node id="2312997440" lat="55.5943947" lon="37.2349967" version="2" timestamp="2023-01-12T14:23:07Z" changeset="131191021" uid="8923706" user="Elizen"/>
  <node id="2312997452" lat="55.5944033" lon="37.2346360" version="1" timestamp="2013-05-20T13:56:25Z" changeset="16208970" uid="1307416" user="nasty90"/>
  <node id="2312997453" lat="55.5944108" lon="37.2352660" version="1" timestamp="2013-05-20T13:56:25Z" changeset="16208970" uid="1307416" user="nasty90"/>
  <node id="2312997455" lat="55.5944165" lon="37.2350341" version="1" timestamp="2013-05-20T13:56:25Z" changeset="16208970" uid="1307416" user="nasty90"/>
  <node id="2312997456" lat="55.5944188" lon="37.2349546" version="2" timestamp="2013-06-01T04:51:45Z" changeset="16373457" uid="336354" user="esaulenka"/>
  <node id="2312997458" lat="55.5944221" lon="37.2327204" version="1" timestamp="2013-05-20T13:56:25Z" changeset="16208970" uid="1307416" user="nasty90"/>
  <node id="2312997459" lat="55.5944232" lon="37.2348377" version="1" timestamp="2013-05-20T13:56:25Z" changeset="16208970" uid="1307416" user="nasty90"/>
  <node id="2312997461" lat="55.5944242" lon="37.2342144" version="1" timestamp="2013-05-20T13:56:25Z" changeset="16208970" uid="1307416" user="nasty90"/>
  <node id="2312997462" lat="55.5944246" lon="37.2358253" version="2" timestamp="2013-06-01T04:51:45Z" changeset="16373457" uid="336354" user="esaulenka"/>
  <node id="2312997463" lat="55.5944261" lon="37.2345721" version="1" timestamp="2013-05-20T13:56:25Z" changeset="16208970" uid="1307416" user="nasty90"/>
  <node id="2312997464" lat="55.5944270" lon="37.2344107" version="2" timestamp="2013-06-01T04:51:45Z" changeset="16373457" uid="336354" user="esaulenka"/>
  <node id="2312997466" lat="55.5944292" lon="37.2345941" version="2" timestamp="2013-06-01T04:51:45Z" changeset="16373457" uid="336354" user="esaulenka"/>
  <node id="2312997467" lat="55.5944308" lon="37.2346595" version="1" timestamp="2013-05-20T13:56:25Z" changeset="16208970" uid="1307416" user="nasty90"/>
  <node id="2312997470" lat="55.5944375" lon="37.2349957" version="1" timestamp="2013-05-20T13:56:25Z" changeset="16208970" uid="1307416" user="nasty90"/>
  <node id="2312997477" lat="55.5944447" lon="37.2348382" version="2" timestamp="2013-06-01T04:51:45Z" changeset="16373457" uid="336354" user="esaulenka"/>
  <node id="2312997480" lat="55.5944539" lon="37.2349025" version="1" timestamp="2013-05-20T13:56:26Z" changeset="16208970" uid="1307416" user="nasty90"/>
  <node id="2312997482" lat="55.5944541" lon="37.2358768" version="2" timestamp="2013-06-01T04:51:45Z" changeset="16373457" uid="336354" user="esaulenka"/>
  <node id="2312997484" lat="55.5944651" lon="37.2326544" version="2" timestamp="2013-06-01T04:51:45Z" changeset="16373457" uid="336354" user="esaulenka"/>
  <node id="2312997485" lat="55.5944655" lon="37.2363890" version="1" timestamp="2013-05-20T13:56:26Z" changeset="16208970" uid="1307416" user="nasty90"/>
  <node id="2312997486" lat="55.5944661" lon="37.2365091" version="1" timestamp="2013-05-20T13:56:26Z" changeset="16208970" uid="1307416" user="nasty90"/>
  <node id="2312997490" lat="55.5944688" lon="37.2357460" version="2" timestamp="2013-06-01T04:51:46Z" changeset="16373457" uid="336354" user="esaulenka"/>
  <node id="2312997491" lat="55.5944710" lon="37.2339027" version="2" timestamp="2013-06-01T04:51:46Z" changeset="16373457" uid="336354" user="esaulenka"/>
  <node id="2312997493" lat="55.5944718" lon="37.2345020" version="1" timestamp="2013-05-20T13:56:26Z" changeset="16208970" uid="1307416" user="nasty90"/>
  <node id="2312997495" lat="55.5944726" lon="37.2343132" version="3" timestamp="2023-01-12T14:23:07Z" changeset="131191021" uid="8923706" user="Elizen"/>
  <node id="2312997500" lat="55.5944813" lon="37.2327013" version="1" timestamp="2013-05-20T13:56:26Z" changeset="16208970" uid="1307416" user="nasty90"/>
  <node id="2312997501" lat="55.5944883" lon="37.2359980" version="2" timestamp="2013-06-01T04:51:46Z" changeset="16373457" uid="336354" user="esaulenka"/>
  <node id="2312997502" lat="55.5944884" lon="37.2347592" version="2" timestamp="2013-06-01T04:51:46Z" changeset="16373457" uid="336354" user="esaulenka"/>
  <node id="2312997505" lat="55.5944943" lon="37.2365664" version="1" timestamp="2013-05-20T13:56:26Z" changeset="16208970" uid="1307416" user="nasty90"/>
  <node id="2312997507" lat="55.5944950" lon="37.2365911" version="2" timestamp="2013-06-01T04:51:46Z" changeset="16373457" uid="336354" user="esaulenka"/>
  <node id="2312997510" lat="55.5944983" lon="37.2357975" version="2" timestamp="2013-06-01T04:51:46Z" changeset="16373457" uid="336354" user="esaulenka"/>
  <node id="2312997511" lat="55.5945000" lon="37.2351030" version="1" timestamp="2013-05-20T13:56:26Z" changeset="16208970" uid="1307416" user="nasty90"/>
  <node id="2312997513" lat="55.5945071" lon="37.2364461" version="2" timestamp="2013-06-01T04:51:46Z" changeset="16373457" uid="336354" user="esaulenka"/>
  <node id="2312997514" lat="55.5945078" lon="37.2329256" version="1" timestamp="2013-05-20T13:56:26Z" changeset="16208970" uid="1307416" user="nasty90"/>
  <node id="2312997515" lat="55.5945116" lon="37.2339855" version="2" timestamp="2013-06-01T04:51:46Z" changeset="16373457" uid="336354" user="esaulenka"/>
  <node id="2312997516" lat="55.5945181" lon="37.2366286" version="1" timestamp="2013-05-20T13:56:26Z" changeset="16208970" uid="1307416" user="nasty90"/>
  <node id="2312997518" lat="55.5945211" lon="37.2327825" version="2" timestamp="2013-06-01T04:51:46Z" changeset="16373457" uid="336354" user="esaulenka"/>
  <node id="2312997519" lat="55.5945211" lon="37.2338259" version="3" timestamp="2023-01-12T14:23:07Z" changeset="131191021" uid="8923706" user="Elizen"/>
  <node id="2312997520" lat="55.5945258" lon="37.2329624" version="1" timestamp="2013-05-20T13:56:26Z" changeset="16208970" uid="1307416" user="nasty90"/>
  <node id="2312997525" lat="55.5945352" lon="37.2365034" version="1" timestamp="2013-05-20T13:56:26Z" changeset="16208970" uid="1307416" user="nasty90"/>
  <node id="2312997526" lat="55.5945372" lon="37.2340410" version="2" timestamp="2013-06-01T04:51:46Z" changeset="16373457" uid="336354" user="esaulenka"/>
  <node id="2312997529" lat="55.5945436" lon="37.2328059" version="1" timestamp="2013-05-20T13:56:27Z" changeset="16208970" uid="1307416" user="nasty90"/>
  <node id="2312997531" lat="55.5945496" lon="37.2328615" version="2" timestamp="2013-06-01T04:51:46Z" changeset="16373457" uid="336354" user="esaulenka"/>
  <node id="2312997532" lat="55.5945509" lon="37.2365048" version="3" timestamp="2023-01-12T14:23:07Z" changeset="131191021" uid="8923706" user="Elizen"/>
  <node id="2312997535" lat="55.5945616" lon="37.2339087" version="1" timestamp="2013-05-20T13:56:27Z" changeset="16208970" uid="1307416" user="nasty90"/>
  <node id="2312997538" lat="55.5945676" lon="37.2328983" version="2" timestamp="2013-06-01T04:51:46Z" changeset="16373457" uid="336354" user="esaulenka"/>
  <node id="2312997540" lat="55.5945723" lon="37.2363427" version="1" timestamp="2013-05-20T13:56:27Z" changeset="16208970" uid="1307416" user="nasty90"/>
  <node id="2312997544" lat="55.5945799" lon="37.2326923" version="1" timestamp="2013-05-20T13:56:27Z" changeset="16208970" uid="1307416" user="nasty90"/>
  <node id="2312997547" lat="55.5945818" lon="37.2361237" version="1" timestamp="2013-05-20T13:56:27Z" changeset="16208970" uid="1307416" user="nasty90"/>
  <node id="2312997548" lat="55.5945837" lon="37.2356701" version="1" timestamp="2013-05-20T13:56:27Z" changeset="16208970" uid="1307416" user="nasty90"/>
  <node id="2312997549" lat="55.5945856" lon="37.2341398" version="1" timestamp="2013-05-20T13:56:27Z" changeset="16208970" uid="1307416" user="nasty90"/>
  <node id="2312997550" lat="55.5945865" lon="37.2363783" version="2" timestamp="2013-06-01T04:51:46Z" changeset="16373457" uid="336354" user="esaulenka"/>
  <node id="2312997551" lat="55.5945872" lon="37.2361709" version="2" timestamp="2013-06-01T04:51:46Z" changeset="16373457" uid="336354" user="esaulenka"/>
  <node id="2312997553" lat="55.5945897" lon="37.2366080" version="2" timestamp="2023-01-12T14:23:07Z" changeset="131191021" uid="8923706" user="Elizen"/>
  <node id="2312997556" lat="55.5945941" lon="37.2364355" version="2" timestamp="2023-01-12T14:23:07Z" changeset="131191021" uid="8923706" user="Elizen"/>
  <node id="2312997559" lat="55.5945961" lon="37.2327254" version="2" timestamp="2013-06-01T04:51:46Z" changeset="16373457" uid="336354" user="esaulenka"/>
  <node id="2312997560" lat="55.5945978" lon="37.2363106" version="1" timestamp="2013-05-20T13:56:27Z" changeset="16208970" uid="1307416" user="nasty90"/>
  <node id="2312997561" lat="55.5945974" lon="37.2365956" version="3" timestamp="2023-01-12T14:23:07Z" changeset="131191021" uid="8923706" user="Elizen"/>
  <node id="2312997564" lat="55.5946045" lon="37.2349458" version="2" timestamp="2013-06-01T04:51:46Z" changeset="16373457" uid="336354" user="esaulenka"/>
  <node id="2312997565" lat="55.5946047" lon="37.2329304" version="2" timestamp="2013-06-01T04:51:46Z" changeset="16373457" uid="336354" user="esaulenka"/>
  <node id="2312997566" lat="55.5946048" lon="37.2363774" version="3" timestamp="2023-01-12T14:23:07Z" changeset="131191021" uid="8923706" user="Elizen"/>
  <node id="2312997568" lat="55.5946072" lon="37.2362274" version="2" timestamp="2013-06-01T04:51:46Z" changeset="16373457" uid="336354" user="esaulenka"/>
  <node id="2312997570" lat="55.5946121" lon="37.2363462" version="2" timestamp="2013-06-01T04:51:46Z" changeset="16373457" uid="336354" user="esaulenka"/>
  <node id="2312997572" lat="55.5946152" lon="37.2361822" version="2" timestamp="2013-06-01T04:51:46Z" changeset="16373457" uid="336354" user="esaulenka"/>
  <node id="2312997573" lat="55.5946154" lon="37.2345748" version="1" timestamp="2013-05-20T13:56:27Z" changeset="16208970" uid="1307416" user="nasty90"/>
  <node id="2312997577" lat="55.5946334" lon="37.2360313" version="2" timestamp="2013-06-01T04:51:47Z" changeset="16373457" uid="336354" user="esaulenka"/>
  <node id="2312997578" lat="55.5946335" lon="37.2365124" version="2" timestamp="2023-01-12T14:23:07Z" changeset="131191021" uid="8923706" user="Elizen"/>
  <node id="2312997579" lat="55.5946356" lon="37.2362771" version="2" timestamp="2013-06-01T04:51:47Z" changeset="16373457" uid="336354" user="esaulenka"/>
  <node id="2312997584" lat="55.5946442" lon="37.2344337" version="1" timestamp="2013-05-20T13:56:28Z" changeset="16208970" uid="1307416" user="nasty90"/>
  <node id="2312997586" lat="55.5946499" lon="37.2329317" version="1" timestamp="2013-05-20T13:56:28Z" changeset="16208970" uid="1307416" user="nasty90"/>
  <node id="2312997587" lat="55.5946521" lon="37.2357874" version="1" timestamp="2013-05-20T13:56:28Z" changeset="16208970" uid="1307416" user="nasty90"/>
  <node id="2312997588" lat="55.5946557" lon="37.2364769" version="3" timestamp="2023-01-12T14:23:07Z" changeset="131191021" uid="8923706" user="Elizen"/>
  <node id="2312997590" lat="55.5946569" lon="37.2346595" version="2" timestamp="2013-06-01T04:51:47Z" changeset="16373457" uid="336354" user="esaulenka"/>
  <node id="2312997591" lat="55.5946571" lon="37.2328499" version="2" timestamp="2013-06-01T04:51:47Z" changeset="16373457" uid="336354" user="esaulenka"/>
  <node id="2312997592" lat="55.5946546" lon="37.2362976" version="3" timestamp="2023-01-12T14:23:07Z" changeset="131191021" uid="8923706" user="Elizen"/>
  <node id="2312997595" lat="55.5946613" lon="37.2329151" version="2" timestamp="2013-06-01T04:51:47Z" changeset="16373457" uid="336354" user="esaulenka"/>
  <node id="2312997596" lat="55.5946616" lon="37.2361299" version="2" timestamp="2013-06-01T04:51:47Z" changeset="16373457" uid="336354" user="esaulenka"/>
  <node id="2312997597" lat="55.5946635" lon="37.2350663" version="2" timestamp="2013-06-01T04:51:47Z" changeset="16373457" uid="336354" user="esaulenka"/>
  <node id="2312997598" lat="55.5946648" lon="37.2357643" version="2" timestamp="2013-06-01T04:51:47Z" changeset="16373457" uid="336354" user="esaulenka"/>
  <node id="2312997599" lat="55.5946668" lon="37.2360898" version="2" timestamp="2013-06-01T04:51:47Z" changeset="16373457" uid="336354" user="esaulenka"/>
  <node id="2312997600" lat="55.5946713" lon="37.2344890" version="1" timestamp="2013-05-20T13:56:28Z" changeset="16208970" uid="1307416" user="nasty90"/>
  <node id="2312997601" lat="55.5946738" lon="37.2340050" version="2" timestamp="2013-06-01T04:51:47Z" changeset="16373457" uid="336354" user="esaulenka"/>
  <node id="2312997603" lat="55.5946749" lon="37.2348377" version="2" timestamp="2013-06-01T04:51:47Z" changeset="16373457" uid="336354" user="esaulenka"/>
  <node id="2312997605" lat="55.5946787" lon="37.2354966" version="1" timestamp="2013-05-20T13:56:28Z" changeset="16208970" uid="1307416" user="nasty90"/>
  <node id="2312997606" lat="55.5946795" lon="37.2329953" version="1" timestamp="2013-05-20T13:56:28Z" changeset="16208970" uid="1307416" user="nasty90"/>
  <node id="2312997607" lat="55.5946866" lon="37.2351000" version="1" timestamp="2013-05-20T13:56:28Z" changeset="16208970" uid="1307416" user="nasty90"/>
  <node id="2312997610" lat="55.5946894" lon="37.2358065" version="1" timestamp="2013-05-20T13:56:28Z" changeset="16208970" uid="1307416" user="nasty90"/>
  <node id="2312997611" lat="55.5946900" lon="37.2361796" version="1" timestamp="2013-05-20T13:56:28Z" changeset="16208970" uid="1307416" user="nasty90"/>
  <node id="2312997612" lat="55.5946908" lon="37.2330232" version="1" timestamp="2013-05-20T13:56:28Z" changeset="16208970" uid="1307416" user="nasty90"/>
  <node id="2312997613" lat="55.5946909" lon="37.2329787" version="1" timestamp="2013-05-20T13:56:28Z" changeset="16208970" uid="1307416" user="nasty90"/>
  <node id="2312997614" lat="55.5946920" lon="37.2343603" version="1" timestamp="2013-05-20T13:56:28Z" changeset="16208970" uid="1307416" user="nasty90"/>
  <node id="2312997618" lat="55.5947029" lon="37.2330054" version="1" timestamp="2013-05-20T13:56:28Z" changeset="16208970" uid="1307416" user="nasty90"/>
  <node id="2312997619" lat="55.5947048" lon="37.2363955" version="2" timestamp="2023-01-12T14:23:07Z" changeset="131191021" uid="8923706" user="Elizen"/>
  <node id="2312997621" lat="55.5947082" lon="37.2340751" version="2" timestamp="2013-06-01T04:51:47Z" changeset="16373457" uid="336354" user="esaulenka"/>
  <node id="2312997622" lat="55.5947089" lon="37.2363889" version="2" timestamp="2023-01-12T14:23:07Z" changeset="131191021" uid="8923706" user="Elizen"/>
  <node id="2312997626" lat="55.5947129" lon="37.2350596" version="2" timestamp="2013-06-01T04:51:47Z" changeset="16373457" uid="336354" user="esaulenka"/>
  <node id="2312997627" lat="55.5947129" lon="37.2351537" version="1" timestamp="2013-05-20T13:56:29Z" changeset="16208970" uid="1307416" user="nasty90"/>
  <node id="2312997629" lat="55.5947159" lon="37.2348407" version="1" timestamp="2013-05-20T13:56:29Z" changeset="16208970" uid="1307416" user="nasty90"/>
  <node id="2312997630" lat="55.5947191" lon="37.2344156" version="2" timestamp="2013-06-01T04:51:47Z" changeset="16373457" uid="336354" user="esaulenka"/>
  <node id="2312997631" lat="55.5947196" lon="37.2337709" version="1" timestamp="2013-05-20T13:56:29Z" changeset="16208970" uid="1307416" user="nasty90"/>
  <node id="2312997633" lat="55.5947208" lon="37.2356619" version="1" timestamp="2013-05-20T13:56:29Z" changeset="16208970" uid="1307416" user="nasty90"/>
  <node id="2312997636" lat="55.5947234" lon="37.2344091" version="1" timestamp="2013-05-20T13:56:29Z" changeset="16208970" uid="1307416" user="nasty90"/>
  <node id="2312997638" lat="55.5947256" lon="37.2330971" version="1" timestamp="2013-05-20T13:56:29Z" changeset="16208970" uid="1307416" user="nasty90"/>
  <node id="2312997640" lat="55.5947305" lon="37.2359616" version="1" timestamp="2013-05-20T13:56:29Z" changeset="16208970" uid="1307416" user="nasty90"/>
  <node id="2312997643" lat="55.5947340" lon="37.2349582" version="1" timestamp="2013-05-20T13:56:29Z" changeset="16208970" uid="1307416" user="nasty90"/>
  <node id="2312997645" lat="55.5947353" lon="37.2351562" version="1" timestamp="2013-05-20T13:56:29Z" changeset="16208970" uid="1307416" user="nasty90"/>
  <node id="2312997647" lat="55.5947367" lon="37.2348831" version="1" timestamp="2013-05-20T13:56:29Z" changeset="16208970" uid="1307416" user="nasty90"/>
  <node id="2312997648" lat="55.5947377" lon="37.2330793" version="1" timestamp="2013-05-20T13:56:29Z" changeset="16208970" uid="1307416" user="nasty90"/>
  <node id="2312997650" lat="55.5947392" lon="37.2351133" version="2" timestamp="2013-06-01T04:51:47Z" changeset="16373457" uid="336354" user="esaulenka"/>
  <node id="2312997651" lat="55.5947452" lon="37.2347957" version="1" timestamp="2013-05-20T13:56:29Z" changeset="16208970" uid="1307416" user="nasty90"/>
  <node id="2312997653" lat="55.5947454" lon="37.2357041" version="1" timestamp="2013-05-20T13:56:29Z" changeset="16208970" uid="1307416" user="nasty90"/>
  <node id="2312997654" lat="55.5947471" lon="37.2356139" version="2" timestamp="2013-06-01T04:51:48Z" changeset="16373457" uid="336354" user="esaulenka"/>
  <node id="2312997657" lat="55.5947585" lon="37.2338751" version="2" timestamp="2013-06-01T04:51:48Z" changeset="16373457" uid="336354" user="esaulenka"/>
  <node id="2312997659" lat="55.5947647" lon="37.2327194" version="3" timestamp="2023-01-12T14:23:07Z" changeset="131191021" uid="8923706" user="Elizen"/>
  <node id="2312997660" lat="55.5947649" lon="37.2344938" version="1" timestamp="2013-05-20T13:56:29Z" changeset="16208970" uid="1307416" user="nasty90"/>
  <node id="2312997662" lat="55.5947660" lon="37.2348381" version="1" timestamp="2013-05-20T13:56:29Z" changeset="16208970" uid="1307416" user="nasty90"/>
  <node id="2312997663" lat="55.5947661" lon="37.2328281" version="3" timestamp="2023-01-12T14:23:07Z" changeset="131191021" uid="8923706" user="Elizen"/>
  <node id="2312997665" lat="55.5947684" lon="37.2326792" version="3" timestamp="2023-01-12T14:23:07Z" changeset="131191021" uid="8923706" user="Elizen"/>
  <node id="2312997666" lat="55.5947689" lon="37.2327192" version="1" timestamp="2013-05-20T13:56:29Z" changeset="16208970" uid="1307416" user="nasty90"/>
  <node id="2312997667" lat="55.5947696" lon="37.2338729" version="1" timestamp="2013-05-20T13:56:29Z" changeset="16208970" uid="1307416" user="nasty90"/>
  <node id="2312997671" lat="55.5947821" lon="37.2352516" version="1" timestamp="2013-05-20T13:56:29Z" changeset="16208970" uid="1307416" user="nasty90"/>
  <node id="2312997675" lat="55.5947909" lon="37.2350709" version="1" timestamp="2013-05-20T13:56:30Z" changeset="16208970" uid="1307416" user="nasty90"/>
  <node id="2312997677" lat="55.5947929" lon="37.2339452" version="2" timestamp="2013-06-01T04:51:48Z" changeset="16373457" uid="336354" user="esaulenka"/>
  <node id="2312997679" lat="55.5947992" lon="37.2365174" version="2" timestamp="2013-06-01T04:51:48Z" changeset="16373457" uid="336354" user="esaulenka"/>
  <node id="2312997681" lat="55.5948037" lon="37.2365741" version="2" timestamp="2023-01-12T14:23:07Z" changeset="131191021" uid="8923706" user="Elizen"/>
  <node id="2312997687" lat="55.5948187" lon="37.2326771" version="3" timestamp="2023-01-12T14:23:07Z" changeset="131191021" uid="8923706" user="Elizen"/>
  <node id="2312997688" lat="55.5948193" lon="37.2327168" version="2" timestamp="2023-01-12T14:23:07Z" changeset="131191021" uid="8923706" user="Elizen"/>
  <node id="2312997689" lat="55.5948193" lon="37.2346010" version="1" timestamp="2013-05-20T13:56:30Z" changeset="16208970" uid="1307416" user="nasty90"/>
  <node id="2312997691" lat="55.5948240" lon="37.2357907" version="1" timestamp="2013-05-20T13:56:30Z" changeset="16208970" uid="1307416" user="nasty90"/>
  <node id="2312997692" lat="55.5948255" lon="37.2365674" version="2" timestamp="2013-06-01T04:51:48Z" changeset="16373457" uid="336354" user="esaulenka"/>
  <node id="2312997695" lat="55.5948265" lon="37.2357228" version="2" timestamp="2013-06-01T04:51:48Z" changeset="16373457" uid="336354" user="esaulenka"/>
  <node id="2312997697" lat="55.5948275" lon="37.2364710" version="2" timestamp="2013-06-01T04:51:48Z" changeset="16373457" uid="336354" user="esaulenka"/>
  <node id="2312997698" lat="55.5948278" lon="37.2361286" version="2" timestamp="2013-06-01T04:51:48Z" changeset="16373457" uid="336354" user="esaulenka"/>
  <node id="2312997705" lat="55.5948377" lon="37.2351663" version="2" timestamp="2013-06-01T04:51:48Z" changeset="16373457" uid="336354" user="esaulenka"/>
  <node id="2312997706" lat="55.5948386" lon="37.2335882" version="1" timestamp="2013-05-20T13:56:30Z" changeset="16208970" uid="1307416" user="nasty90"/>
  <node id="2312997710" lat="55.5948497" lon="37.2346629" version="1" timestamp="2013-05-20T13:56:30Z" changeset="16208970" uid="1307416" user="nasty90"/>
  <node id="2312997714" lat="55.5948537" lon="37.2365210" version="2" timestamp="2013-06-01T04:51:48Z" changeset="16373457" uid="336354" user="esaulenka"/>
  <node id="2312997716" lat="55.5948554" lon="37.2357722" version="2" timestamp="2013-06-01T04:51:48Z" changeset="16373457" uid="336354" user="esaulenka"/>
  <node id="2312997717" lat="55.5948573" lon="37.2328926" version="1" timestamp="2013-05-20T13:56:30Z" changeset="16208970" uid="1307416" user="nasty90"/>
  <node id="2312997719" lat="55.5948584" lon="37.2342424" version="3" timestamp="2023-01-12T14:23:07Z" changeset="131191021" uid="8923706" user="Elizen"/>
  <node id="2312997724" lat="55.5948630" lon="37.2356563" version="1" timestamp="2013-05-20T13:56:30Z" changeset="16208970" uid="1307416" user="nasty90"/>
  <node id="2312997727" lat="55.5948677" lon="37.2345267" version="1" timestamp="2013-05-20T13:56:30Z" changeset="16208970" uid="1307416" user="nasty90"/>
  <node id="2312997728" lat="55.5948694" lon="37.2341914" version="2" timestamp="2023-01-12T14:23:07Z" changeset="131191021" uid="8923706" user="Elizen"/>
  <node id="2312997733" lat="55.5948768" lon="37.2327144" version="2" timestamp="2023-01-12T14:23:07Z" changeset="131191021" uid="8923706" user="Elizen"/>
  <node id="2312997735" lat="55.5948782" lon="37.2328233" version="2" timestamp="2023-01-12T14:23:07Z" changeset="131191021" uid="8923706" user="Elizen"/>
  <node id="2312997736" lat="55.5948789" lon="37.2342103" version="3" timestamp="2023-01-12T14:23:07Z" changeset="131191021" uid="8923706" user="Elizen"/>
  <node id="2312997737" lat="55.5948791" lon="37.2329372" version="2" timestamp="2013-06-01T04:51:48Z" changeset="16373457" uid="336354" user="esaulenka"/>
  <node id="2312997741" lat="55.5948837" lon="37.2336609" version="2" timestamp="2013-06-01T04:51:49Z" changeset="16373457" uid="336354" user="esaulenka"/>
  <node id="2312997743" lat="55.5948886" lon="37.2336902" version="2" timestamp="2013-06-01T04:51:49Z" changeset="16373457" uid="336354" user="esaulenka"/>
  <node id="2312997744" lat="55.5948918" lon="37.2357057" version="2" timestamp="2013-06-01T04:51:49Z" changeset="16373457" uid="336354" user="esaulenka"/>
  <node id="2312997748" lat="55.5948981" lon="37.2345886" version="1" timestamp="2013-05-20T13:56:31Z" changeset="16208970" uid="1307416" user="nasty90"/>
  <node id="2312997752" lat="55.5949089" lon="37.2343438" version="3" timestamp="2023-01-12T14:23:07Z" changeset="131191021" uid="8923706" user="Elizen"/>
  <node id="2312997754" lat="55.5949095" lon="37.2336213" version="2" timestamp="2013-06-01T04:51:49Z" changeset="16373457" uid="336354" user="esaulenka"/>
  <node id="2312997756" lat="55.5949105" lon="37.2328111" version="1" timestamp="2013-05-20T13:56:31Z" changeset="16208970" uid="1307416" user="nasty90"/>
  <node id="2312997758" lat="55.5949159" lon="37.2344636" version="2" timestamp="2023-01-12T14:23:07Z" changeset="131191021" uid="8923706" user="Elizen"/>
  <node id="2312997759" lat="55.5949182" lon="37.2334855" version="2" timestamp="2013-06-01T04:51:49Z" changeset="16373457" uid="336354" user="esaulenka"/>
  <node id="2312997763" lat="55.5949214" lon="37.2359577" version="2" timestamp="2013-06-01T04:51:49Z" changeset="16373457" uid="336354" user="esaulenka"/>
  <node id="2312997764" lat="55.5949219" lon="37.2337389" version="2" timestamp="2013-06-01T04:51:49Z" changeset="16373457" uid="336354" user="esaulenka"/>
  <node id="2312997769" lat="55.5949251" lon="37.2341046" version="3" timestamp="2023-01-12T14:23:07Z" changeset="131191021" uid="8923706" user="Elizen"/>
  <node id="2312997772" lat="55.5949302" lon="37.2343105" version="3" timestamp="2023-01-12T14:23:07Z" changeset="131191021" uid="8923706" user="Elizen"/>
  <node id="2312997773" lat="55.5949323" lon="37.2328556" version="1" timestamp="2013-05-20T13:56:31Z" changeset="16208970" uid="1307416" user="nasty90"/>
  <node id="2312997774" lat="55.5949352" lon="37.2341248" version="3" timestamp="2023-01-12T14:23:07Z" changeset="131191021" uid="8923706" user="Elizen"/>
  <node id="2312997775" lat="55.5949354" lon="37.2347298" version="1" timestamp="2013-05-20T13:56:31Z" changeset="16208970" uid="1307416" user="nasty90"/>
  <node id="2312997778" lat="55.5949438" lon="37.2343378" version="3" timestamp="2023-01-12T14:23:07Z" changeset="131191021" uid="8923706" user="Elizen"/>
  <node id="2312997783" lat="55.5949474" lon="37.2358994" version="2" timestamp="2013-06-01T04:51:49Z" changeset="16373457" uid="336354" user="esaulenka"/>
  <node id="2312997784" lat="55.5949477" lon="37.2336993" version="1" timestamp="2013-05-20T13:56:32Z" changeset="16208970" uid="1307416" user="nasty90"/>
  <node id="2312997786" lat="55.5949494" lon="37.2347083" version="1" timestamp="2013-05-20T13:56:32Z" changeset="16208970" uid="1307416" user="nasty90"/>
  <node id="2312997787" lat="55.5949512" lon="37.2351495" version="1" timestamp="2013-05-20T13:56:32Z" changeset="16208970" uid="1307416" user="nasty90"/>
  <node id="2312997789" lat="55.5949532" lon="37.2352695" version="1" timestamp="2013-05-20T13:56:32Z" changeset="16208970" uid="1307416" user="nasty90"/>
  <node id="2312997791" lat="55.5949570" lon="37.2345474" version="2" timestamp="2023-01-12T14:23:07Z" changeset="131191021" uid="8923706" user="Elizen"/>
  <node id="2312997794" lat="55.5949599" lon="37.2343961" version="2" timestamp="2023-01-12T14:23:07Z" changeset="131191021" uid="8923706" user="Elizen"/>
  <node id="2312997795" lat="55.5949627" lon="37.2347856" version="2" timestamp="2013-06-01T04:51:50Z" changeset="16373457" uid="336354" user="esaulenka"/>
  <node id="2312997797" lat="55.5949754" lon="37.2353170" version="1" timestamp="2013-05-20T13:56:32Z" changeset="16208970" uid="1307416" user="nasty90"/>
  <node id="2312997799" lat="55.5949756" lon="37.2340618" version="2" timestamp="2023-01-12T14:23:07Z" changeset="131191021" uid="8923706" user="Elizen"/>
  <node id="2312997800" lat="55.5949767" lon="37.2347640" version="2" timestamp="2013-06-01T04:51:50Z" changeset="16373457" uid="336354" user="esaulenka"/>
  <node id="2312997801" lat="55.5949798" lon="37.2333910" version="1" timestamp="2013-05-20T13:56:32Z" changeset="16208970" uid="1307416" user="nasty90"/>
  <node id="2312997802" lat="55.5949853" lon="37.2352225" version="2" timestamp="2013-06-01T04:51:50Z" changeset="16373457" uid="336354" user="esaulenka"/>
  <node id="2312997803" lat="55.5949865" lon="37.2342249" version="3" timestamp="2023-01-12T14:23:07Z" changeset="131191021" uid="8923706" user="Elizen"/>
  <node id="2312997806" lat="55.5949921" lon="37.2336364" version="1" timestamp="2013-05-20T13:56:32Z" changeset="16208970" uid="1307416" user="nasty90"/>
  <node id="2312997807" lat="55.5949940" lon="37.2358143" version="1" timestamp="2013-05-20T13:56:32Z" changeset="16208970" uid="1307416" user="nasty90"/>
  <node id="2312997810" lat="55.5949960" lon="37.2337627" version="1" timestamp="2013-05-20T13:56:32Z" changeset="16208970" uid="1307416" user="nasty90"/>
  <node id="2312997812" lat="55.5949995" lon="37.2342510" version="3" timestamp="2023-01-12T14:23:07Z" changeset="131191021" uid="8923706" user="Elizen"/>
  <node id="2312997813" lat="55.5949999" lon="37.2363814" version="2" timestamp="2013-06-01T04:51:50Z" changeset="16373457" uid="336354" user="esaulenka"/>
  <node id="2312997815" lat="55.5950009" lon="37.2344800" version="3" timestamp="2023-01-12T14:23:07Z" changeset="131191021" uid="8923706" user="Elizen"/>
  <node id="2312997817" lat="55.5950016" lon="37.2359924" version="2" timestamp="2013-06-01T04:51:50Z" changeset="16373457" uid="336354" user="esaulenka"/>
  <node id="2312997821" lat="55.5950075" lon="37.2352700" version="2" timestamp="2013-06-01T04:51:50Z" changeset="16373457" uid="336354" user="esaulenka"/>
  <node id="2312997828" lat="55.5950159" lon="37.2363521" version="1" timestamp="2013-05-20T13:56:33Z" changeset="16208970" uid="1307416" user="nasty90"/>
  <node id="2312997833" lat="55.5950261" lon="37.2341632" version="2" timestamp="2023-01-12T14:23:07Z" changeset="131191021" uid="8923706" user="Elizen"/>
  <node id="2312997834" lat="55.5950263" lon="37.2338247" version="2" timestamp="2013-06-01T04:51:50Z" changeset="16373457" uid="336354" user="esaulenka"/>
  <node id="2312997835" lat="55.5950267" lon="37.2344338" version="2" timestamp="2013-06-01T04:51:50Z" changeset="16373457" uid="336354" user="esaulenka"/>
  <node id="2312997840" lat="55.5950292" lon="37.2361808" version="1" timestamp="2013-05-20T13:56:33Z" changeset="16208970" uid="1307416" user="nasty90"/>
  <node id="2312997844" lat="55.5950320" lon="37.2353225" version="1" timestamp="2013-05-20T13:56:33Z" changeset="16208970" uid="1307416" user="nasty90"/>
  <node id="2312997849" lat="55.5950377" lon="37.2364463" version="2" timestamp="2013-06-01T04:51:51Z" changeset="16373457" uid="336354" user="esaulenka"/>
  <node id="2312997851" lat="55.5950382" lon="37.2350223" version="1" timestamp="2013-05-20T13:56:33Z" changeset="16208970" uid="1307416" user="nasty90"/>
  <node id="2312997859" lat="55.5950444" lon="37.2336885" version="2" timestamp="2013-06-01T04:51:51Z" changeset="16373457" uid="336354" user="esaulenka"/>
  <node id="2312997863" lat="55.5950483" lon="37.2359073" version="1" timestamp="2013-05-20T13:56:33Z" changeset="16208970" uid="1307416" user="nasty90"/>
  <node id="2312997869" lat="55.5950507" lon="37.2338889" version="2" timestamp="2013-06-01T04:51:51Z" changeset="16373457" uid="336354" user="esaulenka"/>
  <node id="2312997871" lat="55.5950537" lon="37.2335419" version="1" timestamp="2013-05-20T13:56:33Z" changeset="16208970" uid="1307416" user="nasty90"/>
  <node id="2312997873" lat="55.5950537" lon="37.2364170" version="2" timestamp="2013-06-01T04:51:51Z" changeset="16373457" uid="336354" user="esaulenka"/>
  <node id="2312997891" lat="55.5950624" lon="37.2362378" version="2" timestamp="2013-06-01T04:51:51Z" changeset="16373457" uid="336354" user="esaulenka"/>
  <node id="2312997901" lat="55.5950719" lon="37.2354663" version="2" timestamp="2013-06-01T04:51:51Z" changeset="16373457" uid="336354" user="esaulenka"/>
  <node id="2312997905" lat="55.5950747" lon="37.2337504" version="1" timestamp="2013-05-20T13:56:34Z" changeset="16208970" uid="1307416" user="nasty90"/>
  <node id="2312997917" lat="55.5950881" lon="37.2345591" version="2" timestamp="2023-01-12T14:23:07Z" changeset="131191021" uid="8923706" user="Elizen"/>
  <node id="2312997920" lat="55.5950891" lon="37.2348142" version="1" timestamp="2013-05-20T13:56:34Z" changeset="16208970" uid="1307416" user="nasty90"/>
  <node id="2312997925" lat="55.5950919" lon="37.2360664" version="1" timestamp="2013-05-20T13:56:34Z" changeset="16208970" uid="1307416" user="nasty90"/>
  <node id="2312997944" lat="55.5951080" lon="37.2355666" version="1" timestamp="2013-05-20T13:56:34Z" changeset="16208970" uid="1307416" user="nasty90"/>
  <node id="2312997946" lat="55.5951085" lon="37.2326937" version="1" timestamp="2013-05-20T13:56:34Z" changeset="16208970" uid="1307416" user="nasty90"/>
  <node id="2312997948" lat="55.5951099" lon="37.2348567" version="2" timestamp="2013-06-01T04:51:51Z" changeset="16373457" uid="336354" user="esaulenka"/>
  <node id="2312997963" lat="55.5951190" lon="37.2351953" version="1" timestamp="2013-05-20T13:56:34Z" changeset="16208970" uid="1307416" user="nasty90"/>
  <node id="2312997965" lat="55.5951213" lon="37.2342886" version="2" timestamp="2013-06-01T04:51:51Z" changeset="16373457" uid="336354" user="esaulenka"/>
  <node id="2312997967" lat="55.5951230" lon="37.2327723" version="2" timestamp="2013-06-01T04:51:51Z" changeset="16373457" uid="336354" user="esaulenka"/>
  <node id="2312997970" lat="55.5951251" lon="37.2361234" version="1" timestamp="2013-05-20T13:56:34Z" changeset="16208970" uid="1307416" user="nasty90"/>
  <node id="2312997972" lat="55.5951261" lon="37.2347575" version="1" timestamp="2013-05-20T13:56:34Z" changeset="16208970" uid="1307416" user="nasty90"/>
  <node id="2312997974" lat="55.5951280" lon="37.2340465" version="1" timestamp="2013-05-20T13:56:34Z" changeset="16208970" uid="1307416" user="nasty90"/>
  <node id="2312997976" lat="55.5951299" lon="37.2337675" version="2" timestamp="2013-06-01T04:51:51Z" changeset="16373457" uid="336354" user="esaulenka"/>
  <node id="2312997987" lat="55.5951469" lon="37.2348000" version="1" timestamp="2013-05-20T13:56:35Z" changeset="16208970" uid="1307416" user="nasty90"/>
  <node id="2312997989" lat="55.5951476" lon="37.2360547" version="1" timestamp="2013-05-20T13:56:35Z" changeset="16208970" uid="1307416" user="nasty90"/>
  <node id="2312997995" lat="55.5951592" lon="37.2355089" version="1" timestamp="2013-05-20T13:56:35Z" changeset="16208970" uid="1307416" user="nasty90"/>
  <node id="2312997998" lat="55.5951612" lon="37.2363964" version="2" timestamp="2013-06-01T04:51:51Z" changeset="16373457" uid="336354" user="esaulenka"/>
  <node id="2312998003" lat="55.5951647" lon="37.2326613" version="1" timestamp="2013-05-20T13:56:35Z" changeset="16208970" uid="1307416" user="nasty90"/>
  <node id="2312998010" lat="55.5951687" lon="37.2355354" version="1" timestamp="2013-05-20T13:56:35Z" changeset="16208970" uid="1307416" user="nasty90"/>
  <node id="2312998013" lat="55.5951697" lon="37.2360143" version="2" timestamp="2013-06-01T04:51:52Z" changeset="16373457" uid="336354" user="esaulenka"/>
  <node id="2312998017" lat="55.5951716" lon="37.2364143" version="2" timestamp="2013-06-01T04:51:52Z" changeset="16373457" uid="336354" user="esaulenka"/>
  <node id="2312998039" lat="55.5951792" lon="37.2327399" version="1" timestamp="2013-05-20T13:56:35Z" changeset="16208970" uid="1307416" user="nasty90"/>
  <node id="2312998045" lat="55.5951827" lon="37.2344139" version="1" timestamp="2013-05-20T13:56:35Z" changeset="16208970" uid="1307416" user="nasty90"/>
  <node id="2312998048" lat="55.5951837" lon="37.2326563" version="2" timestamp="2013-06-01T04:51:52Z" changeset="16373457" uid="336354" user="esaulenka"/>
  <node id="2312998078" lat="55.5951887" lon="37.2361252" version="2" timestamp="2013-06-01T04:51:52Z" changeset="16373457" uid="336354" user="esaulenka"/>
  <node id="2312998080" lat="55.5951907" lon="37.2328007" version="1" timestamp="2013-05-20T13:56:35Z" changeset="16208970" uid="1307416" user="nasty90"/>
  <node id="2312998082" lat="55.5951912" lon="37.2354729" version="1" timestamp="2013-05-20T13:56:36Z" changeset="16208970" uid="1307416" user="nasty90"/>
  <node id="2312998104" lat="55.5951992" lon="37.2363269" version="2" timestamp="2013-06-01T04:51:52Z" changeset="16373457" uid="336354" user="esaulenka"/>
  <node id="2312998112" lat="55.5952007" lon="37.2354993" version="2" timestamp="2013-06-01T04:51:52Z" changeset="16373457" uid="336354" user="esaulenka"/>
  <node id="2312998116" lat="55.5952042" lon="37.2326981" version="2" timestamp="2013-06-01T04:51:52Z" changeset="16373457" uid="336354" user="esaulenka"/>
  <node id="2312998124" lat="55.5952071" lon="37.2339251" version="1" timestamp="2013-05-20T13:56:36Z" changeset="16208970" uid="1307416" user="nasty90"/>
  <node id="2312998134" lat="55.5952097" lon="37.2363449" version="1" timestamp="2013-05-20T13:56:36Z" changeset="16208970" uid="1307416" user="nasty90"/>
  <node id="2312998135" lat="55.5952106" lon="37.2343642" version="2" timestamp="2013-06-01T04:51:52Z" changeset="16373457" uid="336354" user="esaulenka"/>
  <node id="2312998137" lat="55.5952109" lon="37.2360848" version="2" timestamp="2013-06-01T04:51:52Z" changeset="16373457" uid="336354" user="esaulenka"/>
  <node id="2312998141" lat="55.5952112" lon="37.2329123" version="1" timestamp="2013-05-20T13:56:36Z" changeset="16208970" uid="1307416" user="nasty90"/>
  <node id="2312998143" lat="55.5952115" lon="37.2344482" version="1" timestamp="2013-05-20T13:56:36Z" changeset="16208970" uid="1307416" user="nasty90"/>
  <node id="2312998145" lat="55.5952151" lon="37.2327571" version="2" timestamp="2013-06-01T04:51:53Z" changeset="16373457" uid="336354" user="esaulenka"/>
  <node id="2312998148" lat="55.5952182" lon="37.2353016" version="2" timestamp="2013-06-01T04:51:53Z" changeset="16373457" uid="336354" user="esaulenka"/>
  <node id="2312998152" lat="55.5952220" lon="37.2359134" version="2" timestamp="2013-06-01T04:51:53Z" changeset="16373457" uid="336354" user="esaulenka"/>
  <node id="2312998155" lat="55.5952229" lon="37.2360345" version="2" timestamp="2013-06-01T04:51:53Z" changeset="16373457" uid="336354" user="esaulenka"/>
  <node id="2312998161" lat="55.5952286" lon="37.2364832" version="3" timestamp="2023-01-12T14:23:07Z" changeset="131191021" uid="8923706" user="Elizen"/>
  <node id="2312998169" lat="55.5952465" lon="37.2343629" version="1" timestamp="2013-05-20T13:56:37Z" changeset="16208970" uid="1307416" user="nasty90"/>
  <node id="2312998170" lat="55.5952475" lon="37.2344470" version="1" timestamp="2013-05-20T13:56:37Z" changeset="16208970" uid="1307416" user="nasty90"/>
  <node id="2312998172" lat="55.5952491" lon="37.2328905" version="1" timestamp="2013-05-20T13:56:37Z" changeset="16208970" uid="1307416" user="nasty90"/>
  <node id="2312998177" lat="55.5952542" lon="37.2354019" version="1" timestamp="2013-05-20T13:56:37Z" changeset="16208970" uid="1307416" user="nasty90"/>
  <node id="2312998184" lat="55.5952633" lon="37.2329679" version="1" timestamp="2013-05-20T13:56:37Z" changeset="16208970" uid="1307416" user="nasty90"/>
  <node id="2312998187" lat="55.5952659" lon="37.2359124" version="1" timestamp="2013-05-20T13:56:37Z" changeset="16208970" uid="1307416" user="nasty90"/>
  <node id="2312998189" lat="55.5952669" lon="37.2360334" version="1" timestamp="2013-05-20T13:56:37Z" changeset="16208970" uid="1307416" user="nasty90"/>
  <node id="2312998199" lat="55.5952797" lon="37.2326546" version="2" timestamp="2013-06-01T04:51:53Z" changeset="16373457" uid="336354" user="esaulenka"/>
  <node id="2312998206" lat="55.5952905" lon="37.2327137" version="2" timestamp="2013-06-01T04:51:54Z" changeset="16373457" uid="336354" user="esaulenka"/>
  <node id="2312998208" lat="55.5952924" lon="37.2329512" version="2" timestamp="2013-06-01T04:51:54Z" changeset="16373457" uid="336354" user="esaulenka"/>
  <node id="2312998211" lat="55.5952944" lon="37.2329621" version="2" timestamp="2013-06-01T04:51:54Z" changeset="16373457" uid="336354" user="esaulenka"/>
  <node id="2312998212" lat="55.5952947" lon="37.2340768" version="2" timestamp="2013-06-01T04:51:54Z" changeset="16373457" uid="336354" user="esaulenka"/>
  <node id="2312998213" lat="55.5952958" lon="37.2326848" version="3" timestamp="2023-01-12T14:23:07Z" changeset="131191021" uid="8923706" user="Elizen"/>
  <node id="2312998216" lat="55.5952989" lon="37.2338888" version="1" timestamp="2013-05-20T13:56:38Z" changeset="16208970" uid="1307416" user="nasty90"/>
  <node id="2312998219" lat="55.5953072" lon="37.2327336" version="2" timestamp="2013-06-01T04:51:54Z" changeset="16373457" uid="336354" user="esaulenka"/>
  <node id="2312998223" lat="55.5953107" lon="37.2366240" version="3" timestamp="2023-01-12T14:23:07Z" changeset="131191021" uid="8923706" user="Elizen"/>
  <node id="2312998225" lat="55.5953110" lon="37.2342949" version="2" timestamp="2013-06-01T04:51:54Z" changeset="16373457" uid="336354" user="esaulenka"/>
  <node id="2312998231" lat="55.5953189" lon="37.2339975" version="2" timestamp="2013-06-01T04:51:54Z" changeset="16373457" uid="336354" user="esaulenka"/>
  <node id="2312998242" lat="55.5953374" lon="37.2326609" version="2" timestamp="2023-01-12T14:23:07Z" changeset="131191021" uid="8923706" user="Elizen"/>
  <node id="2312998243" lat="55.5953379" lon="37.2338664" version="2" timestamp="2013-06-01T04:51:54Z" changeset="16373457" uid="336354" user="esaulenka"/>
  <node id="2312998251" lat="55.5953440" lon="37.2329335" version="1" timestamp="2013-05-20T13:56:38Z" changeset="16208970" uid="1307416" user="nasty90"/>
  <node id="2312998261" lat="55.5953579" lon="37.2339750" version="1" timestamp="2013-05-20T13:56:39Z" changeset="16208970" uid="1307416" user="nasty90"/>
  <node id="2312998276" lat="55.5953844" lon="37.2353183" version="2" timestamp="2013-06-01T04:51:54Z" changeset="16373457" uid="336354" user="esaulenka"/>
  <node id="2312998277" lat="55.5953851" lon="37.2353757" version="1" timestamp="2013-05-20T13:56:39Z" changeset="16208970" uid="1307416" user="nasty90"/>
  <node id="2312998281" lat="55.5953967" lon="37.2343856" version="2" timestamp="2013-06-01T04:51:55Z" changeset="16373457" uid="336354" user="esaulenka"/>
  <node id="2312998284" lat="55.5953993" lon="37.2344462" version="2" timestamp="2013-06-01T04:51:55Z" changeset="16373457" uid="336354" user="esaulenka"/>
  <node id="2312998285" lat="55.5954034" lon="37.2328276" version="3" timestamp="2023-01-12T14:23:07Z" changeset="131191021" uid="8923706" user="Elizen"/>
  <node id="2312998290" lat="55.5954112" lon="37.2334002" version="2" timestamp="2013-06-01T04:51:55Z" changeset="16373457" uid="336354" user="esaulenka"/>
  <node id="4940856615" lat="55.5923077" lon="37.2345752" version="2" timestamp="2018-07-12T12:23:50Z" changeset="60650496" uid="7512949" user="Pasha Rockof"/>
  <node id="4940856616" lat="55.5924164" lon="37.2346836" version="2" timestamp="2018-07-12T12:23:50Z" changeset="60650496" uid="7512949" user="Pasha Rockof"/>
  <node id="4940856618" lat="55.5928993" lon="37.2353206" version="1" timestamp="2017-06-28T17:31:27Z" changeset="49897499" uid="363136" user="neo-plan"/>
  <node id="4940856619" lat="55.5923505" lon="37.2347020" version="2" timestamp="2018-07-12T12:23:50Z" changeset="60650496" uid="7512949" user="Pasha Rockof"/>
  <node id="4940856620" lat="55.5930352" lon="37.2355803" version="3" timestamp="2018-09-17T23:52:19Z" changeset="62680167" uid="7512949" user="Pasha Rockof"/>
  <node id="4940864846" lat="55.5930542" lon="37.2329967" version="2" timestamp="2018-07-12T12:23:49Z" changeset="60650496" uid="7512949" user="Pasha Rockof"/>
  <node id="4940864849" lat="55.5930727" lon="37.2327662" version="2" timestamp="2018-07-12T12:23:49Z" changeset="60650496" uid="7512949" user="Pasha Rockof"/>
  <node id="4940864850" lat="55.5929737" lon="37.2331032" version="2" timestamp="2018-07-12T12:23:49Z" changeset="60650496" uid="7512949" user="Pasha Rockof"/>
  <node id="4940864851" lat="55.5930323" lon="37.2330609" version="2" timestamp="2018-07-12T12:23:49Z" changeset="60650496" uid="7512949" user="Pasha Rockof"/>
  <node id="4940864852" lat="55.5929242" lon="37.2330423" version="2" timestamp="2018-07-12T12:23:49Z" changeset="60650496" uid="7512949" user="Pasha Rockof"/>
  <node id="5293379305" lat="55.5924269" lon="37.2343628" version="2" timestamp="2018-07-12T12:23:50Z" changeset="60650496" uid="7512949" user="Pasha Rockof"/>
  <node id="5293379306" lat="55.5923558" lon="37.2330786" version="2" timestamp="2018-07-12T12:23:50Z" changeset="60650496" uid="7512949" user="Pasha Rockof"/>
  <node id="5756300500" lat="55.5930466" lon="37.2330282" version="1" timestamp="2018-07-12T12:23:35Z" changeset="60650496" uid="7512949" user="Pasha Rockof"/>
  <node id="5756300501" lat="55.5930156" lon="37.2330856" version="1" timestamp="2018-07-12T12:23:35Z" changeset="60650496" uid="7512949" user="Pasha Rockof"/>
  <node id="5756300502" lat="55.5929953" lon="37.2331014" version="1" timestamp="2018-07-12T12:23:35Z" changeset="60650496" uid="7512949" user="Pasha Rockof"/>
  <node id="5756300503" lat="55.5929579" lon="37.2331002" version="1" timestamp="2018-07-12T12:23:36Z" changeset="60650496" uid="7512949" user="Pasha Rockof"/>
  <node id="5756300504" lat="55.5929404" lon="37.2330841" version="1" timestamp="2018-07-12T12:23:36Z" changeset="60650496" uid="7512949" user="Pasha Rockof"/>
  <node id="5756300513" lat="55.5930593" lon="37.2335066" version="1" timestamp="2018-07-12T12:23:36Z" changeset="60650496" uid="7512949" user="Pasha Rockof"/>
  <node id="5756300514" lat="55.5930592" lon="37.2335681" version="1" timestamp="2018-07-12T12:23:36Z" changeset="60650496" uid="7512949" user="Pasha Rockof"/>
  <node id="5756300623" lat="55.5931381" lon="37.2330052" version="1" timestamp="2018-07-12T12:23:36Z" changeset="60650496" uid="7512949" user="Pasha Rockof"/>
  <node id="5756300624" lat="55.5930885" lon="37.2334443" version="1" timestamp="2018-07-12T12:23:36Z" changeset="60650496" uid="7512949" user="Pasha Rockof"/>
  <node id="5756300625" lat="55.5930850" lon="37.2335013" version="1" timestamp="2018-07-12T12:23:36Z" changeset="60650496" uid="7512949" user="Pasha Rockof"/>
  <node id="5756300626" lat="55.5930885" lon="37.2335768" version="1" timestamp="2018-07-12T12:23:36Z" changeset="60650496" uid="7512949" user="Pasha Rockof"/>
  <node id="5756300627" lat="55.5930989" lon="37.2336384" version="1" timestamp="2018-07-12T12:23:36Z" changeset="60650496" uid="7512949" user="Pasha Rockof"/>
  <node id="5756300628" lat="55.5931224" lon="37.2336908" version="1" timestamp="2018-07-12T12:23:36Z" changeset="60650496" uid="7512949" user="Pasha Rockof"/>
  <node id="5756300629" lat="55.5931390" lon="37.2337339" version="1" timestamp="2018-07-12T12:23:36Z" changeset="60650496" uid="7512949" user="Pasha Rockof"/>
  <node id="5756300630" lat="55.5931607" lon="37.2338001" version="1" timestamp="2018-07-12T12:23:36Z" changeset="60650496" uid="7512949" user="Pasha Rockof"/>
  <node id="5756300631" lat="55.5931816" lon="37.2338849" version="1" timestamp="2018-07-12T12:23:36Z" changeset="60650496" uid="7512949" user="Pasha Rockof"/>
  <node id="5756300632" lat="55.5932285" lon="37.2340589" version="1" timestamp="2018-07-12T12:23:36Z" changeset="60650496" uid="7512949" user="Pasha Rockof"/>
  <node id="5756300633" lat="55.5934238" lon="37.2346641" version="1" timestamp="2018-07-12T12:23:36Z" changeset="60650496" uid="7512949" user="Pasha Rockof"/>
  <node id="5756300634" lat="55.5930578" lon="37.2331439" version="1" timestamp="2018-07-12T12:23:36Z" changeset="60650496" uid="7512949" user="Pasha Rockof"/>
  <node id="5756300635" lat="55.5930343" lon="37.2332272" version="1" timestamp="2018-07-12T12:23:36Z" changeset="60650496" uid="7512949" user="Pasha Rockof"/>
  <node id="5756300636" lat="55.5930073" lon="37.2333335" version="1" timestamp="2018-07-12T12:23:36Z" changeset="60650496" uid="7512949" user="Pasha Rockof"/>
  <node id="5756300637" lat="55.5930631" lon="37.2336250" version="1" timestamp="2018-07-12T12:23:36Z" changeset="60650496" uid="7512949" user="Pasha Rockof"/>
  <node id="5756300638" lat="55.5930737" lon="37.2336935" version="1" timestamp="2018-07-12T12:23:36Z" changeset="60650496" uid="7512949" user="Pasha Rockof"/>
  <node id="5756300639" lat="55.5929717" lon="37.2335534" version="1" timestamp="2018-07-12T12:23:36Z" changeset="60650496" uid="7512949" user="Pasha Rockof"/>
  <node id="5756300640" lat="55.5929363" lon="37.2335496" version="1" timestamp="2018-07-12T12:23:36Z" changeset="60650496" uid="7512949" user="Pasha Rockof"/>
  <node id="5756300641" lat="55.5925516" lon="37.2338581" version="1" timestamp="2018-07-12T12:23:36Z" changeset="60650496" uid="7512949" user="Pasha Rockof"/>
  <node id="5756300642" lat="55.5925222" lon="37.2339368" version="1" timestamp="2018-07-12T12:23:36Z" changeset="60650496" uid="7512949" user="Pasha Rockof"/>
  <node id="5756300643" lat="55.5925067" lon="37.2339939" version="1" timestamp="2018-07-12T12:23:36Z" changeset="60650496" uid="7512949" user="Pasha Rockof"/>
  <node id="5756300644" lat="55.5924954" lon="37.2340548" version="1" timestamp="2018-07-12T12:23:36Z" changeset="60650496" uid="7512949" user="Pasha Rockof"/>
  <node id="5756300645" lat="55.5926257" lon="37.2347848" version="1" timestamp="2018-07-12T12:23:36Z" changeset="60650496" uid="7512949" user="Pasha Rockof"/>
  <node id="5756300646" lat="55.5925350" lon="37.2345465" version="1" timestamp="2018-07-12T12:23:36Z" changeset="60650496" uid="7512949" user="Pasha Rockof"/>
  <node id="5756300647" lat="55.5924752" lon="37.2341002" version="1" timestamp="2018-07-12T12:23:36Z" changeset="60650496" uid="7512949" user="Pasha Rockof"/>
  <node id="5756300648" lat="55.5924629" lon="37.2339828" version="1" timestamp="2018-07-12T12:23:36Z" changeset="60650496" uid="7512949" user="Pasha Rockof"/>
  <node id="5756300649" lat="55.5929531" lon="37.2335500" version="1" timestamp="2018-07-12T12:23:36Z" changeset="60650496" uid="7512949" user="Pasha Rockof"/>
  <node id="5756300650" lat="55.5923688" lon="37.2328630" version="2" timestamp="2020-02-19T07:31:39Z" changeset="81207509" uid="8912234" user="Quinn Mallory"/>
  <node id="5756300652" lat="55.5929948" lon="37.2339927" version="1" timestamp="2018-07-12T12:23:36Z" changeset="60650496" uid="7512949" user="Pasha Rockof"/>
  <node id="5756300653" lat="55.5934032" lon="37.2352242" version="1" timestamp="2018-07-12T12:23:36Z" changeset="60650496" uid="7512949" user="Pasha Rockof"/>
  <node id="5756300654" lat="55.5934480" lon="37.2353464" version="1" timestamp="2018-07-12T12:23:36Z" changeset="60650496" uid="7512949" user="Pasha Rockof"/>
  <node id="5756300655" lat="55.5939364" lon="37.2364362" version="2" timestamp="2018-07-13T14:55:37Z" changeset="60690886" uid="7512949" user="Pasha Rockof"/>
  <node id="5756300656" lat="55.5936593" lon="37.2358560" version="1" timestamp="2018-07-12T12:23:36Z" changeset="60650496" uid="7512949" user="Pasha Rockof"/>
  <node id="5756300657" lat="55.5939965" lon="37.2365552" version="1" timestamp="2018-07-12T12:23:36Z" changeset="60650496" uid="7512949" user="Pasha Rockof"/>
  <node id="5756300659" lat="55.5938944" lon="37.2363547" version="1" timestamp="2018-07-12T12:23:36Z" changeset="60650496" uid="7512949" user="Pasha Rockof"/>
  <node id="5756300660" lat="55.5937011" lon="37.2359467" version="1" timestamp="2018-07-12T12:23:36Z" changeset="60650496" uid="7512949" user="Pasha Rockof"/>
  <node id="5756300661" lat="55.5933055" lon="37.2353399" version="1" timestamp="2018-07-12T12:23:36Z" changeset="60650496" uid="7512949" user="Pasha Rockof"/>
  <node id="5756300662" lat="55.5933932" lon="37.2355734" version="1" timestamp="2018-07-12T12:23:36Z" changeset="60650496" uid="7512949" user="Pasha Rockof"/>
  <node id="5756300663" lat="55.5928737" lon="37.2340286" version="1" timestamp="2018-07-12T12:23:36Z" changeset="60650496" uid="7512949" user="Pasha Rockof"/>
  <node id="5756300667" lat="55.5926918" lon="37.2336728" version="1" timestamp="2018-07-12T12:23:37Z" changeset="60650496" uid="7512949" user="Pasha Rockof"/>
  <node id="5756300668" lat="55.5926622" lon="37.2336789" version="1" timestamp="2018-07-12T12:23:37Z" changeset="60650496" uid="7512949" user="Pasha Rockof"/>
  <node id="5756300669" lat="55.5926369" lon="37.2336805" version="1" timestamp="2018-07-12T12:23:37Z" changeset="60650496" uid="7512949" user="Pasha Rockof"/>
  <node id="5756300670" lat="55.5926065" lon="37.2336743" version="1" timestamp="2018-07-12T12:23:37Z" changeset="60650496" uid="7512949" user="Pasha Rockof"/>
  <node id="5756300671" lat="55.5925812" lon="37.2336589" version="1" timestamp="2018-07-12T12:23:37Z" changeset="60650496" uid="7512949" user="Pasha Rockof"/>
  <node id="5756300672" lat="55.5925516" lon="37.2336343" version="1" timestamp="2018-07-12T12:23:37Z" changeset="60650496" uid="7512949" user="Pasha Rockof"/>
  <node id="5756300673" lat="55.5925364" lon="37.2336096" version="1" timestamp="2018-07-12T12:23:37Z" changeset="60650496" uid="7512949" user="Pasha Rockof"/>
  <node id="5756300674" lat="55.5924972" lon="37.2335149" version="1" timestamp="2018-07-12T12:23:37Z" changeset="60650496" uid="7512949" user="Pasha Rockof"/>
  <node id="5756300675" lat="55.5924863" lon="37.2334841" version="1" timestamp="2018-07-12T12:23:37Z" changeset="60650496" uid="7512949" user="Pasha Rockof"/>
  <node id="5756300676" lat="55.5924715" lon="37.2334001" version="1" timestamp="2018-07-12T12:23:37Z" changeset="60650496" uid="7512949" user="Pasha Rockof"/>
  <node id="5756300677" lat="55.5924620" lon="37.2333169" version="1" timestamp="2018-07-12T12:23:37Z" changeset="60650496" uid="7512949" user="Pasha Rockof"/>
  <node id="5756300678" lat="55.5924376" lon="37.2331244" version="1" timestamp="2018-07-12T12:23:37Z" changeset="60650496" uid="7512949" user="Pasha Rockof"/>
  <node id="5756300679" lat="55.5924193" lon="37.2330504" version="1" timestamp="2018-07-12T12:23:37Z" changeset="60650496" uid="7512949" user="Pasha Rockof"/>
  <node id="5756300680" lat="55.5923949" lon="37.2329754" version="1" timestamp="2018-07-12T12:23:37Z" changeset="60650496" uid="7512949" user="Pasha Rockof"/>
  <node id="5756300681" lat="55.5925249" lon="37.2335850" version="1" timestamp="2018-07-12T12:23:37Z" changeset="60650496" uid="7512949" user="Pasha Rockof"/>
  <node id="5756300682" lat="55.5925078" lon="37.2335434" version="1" timestamp="2018-07-12T12:23:37Z" changeset="60650496" uid="7512949" user="Pasha Rockof"/>
  <node id="5756300683" lat="55.5924759" lon="37.2334290" version="1" timestamp="2018-07-12T12:23:37Z" changeset="60650496" uid="7512949" user="Pasha Rockof"/>
  <node id="5756300684" lat="55.5924302" lon="37.2330935" version="1" timestamp="2018-07-12T12:23:37Z" changeset="60650496" uid="7512949" user="Pasha Rockof"/>
  <node id="5756300685" lat="55.5924926" lon="37.2340921" version="1" timestamp="2018-07-12T12:23:37Z" changeset="60650496" uid="7512949" user="Pasha Rockof"/>
  <node id="5756300686" lat="55.5925374" lon="37.2338905" version="1" timestamp="2018-07-12T12:23:37Z" changeset="60650496" uid="7512949" user="Pasha Rockof"/>
  <node id="5756300687" lat="55.5925719" lon="37.2338210" version="1" timestamp="2018-07-12T12:23:37Z" changeset="60650496" uid="7512949" user="Pasha Rockof"/>
  <node id="5756300688" lat="55.5923722" lon="37.2332069" version="1" timestamp="2018-07-12T12:23:37Z" changeset="60650496" uid="7512949" user="Pasha Rockof"/>
  <node id="5756300689" lat="55.5923918" lon="37.2334059" version="1" timestamp="2018-07-12T12:23:37Z" changeset="60650496" uid="7512949" user="Pasha Rockof"/>
  <node id="5756300690" lat="55.5924094" lon="37.2336656" version="1" timestamp="2018-07-12T12:23:37Z" changeset="60650496" uid="7512949" user="Pasha Rockof"/>
  <node id="5756300691" lat="55.5924197" lon="37.2344163" version="1" timestamp="2018-07-12T12:23:37Z" changeset="60650496" uid="7512949" user="Pasha Rockof"/>
  <node id="5756300692" lat="55.5924004" lon="37.2344708" version="1" timestamp="2018-07-12T12:23:37Z" changeset="60650496" uid="7512949" user="Pasha Rockof"/>
  <node id="5756300693" lat="55.5923971" lon="37.2346784" version="1" timestamp="2018-07-12T12:23:37Z" changeset="60650496" uid="7512949" user="Pasha Rockof"/>
  <node id="5756300694" lat="55.5923735" lon="37.2346820" version="1" timestamp="2018-07-12T12:23:37Z" changeset="60650496" uid="7512949" user="Pasha Rockof"/>
  <node id="5756300695" lat="55.5928224" lon="37.2331381" version="1" timestamp="2018-07-12T12:23:37Z" changeset="60650496" uid="7512949" user="Pasha Rockof"/>
  <node id="5756300696" lat="55.5928715" lon="37.2330919" version="1" timestamp="2018-07-12T12:23:37Z" changeset="60650496" uid="7512949" user="Pasha Rockof">
    <tag k="crossing" v="uncontrolled"/>
    <tag k="highway" v="crossing"/>
  </node>
  <node id="5756300697" lat="55.5925091" lon="37.2334542" version="1" timestamp="2018-07-12T12:23:37Z" changeset="60650496" uid="7512949" user="Pasha Rockof"/>
  <node id="5756300698" lat="55.5924824" lon="37.2334630" version="1" timestamp="2018-07-12T12:23:37Z" changeset="60650496" uid="7512949" user="Pasha Rockof">
    <tag k="crossing" v="uncontrolled"/>
    <tag k="highway" v="crossing"/>
  </node>
  <node id="5756300699" lat="55.5924315" lon="37.2334770" version="1" timestamp="2018-07-12T12:23:37Z" changeset="60650496" uid="7512949" user="Pasha Rockof">
    <tag k="crossing" v="uncontrolled"/>
    <tag k="highway" v="crossing"/>
  </node>
  <node id="5756300700" lat="55.5923972" lon="37.2334856" version="1" timestamp="2018-07-12T12:23:37Z" changeset="60650496" uid="7512949" user="Pasha Rockof"/>
  <node id="5756300703" lat="55.5927259" lon="37.2337741" version="1" timestamp="2018-07-12T12:23:37Z" changeset="60650496" uid="7512949" user="Pasha Rockof"/>
  <node id="5756300704" lat="55.5930321" lon="37.2347625" version="1" timestamp="2018-07-12T12:23:37Z" changeset="60650496" uid="7512949" user="Pasha Rockof"/>
  <node id="5756300705" lat="55.5929730" lon="37.2348255" version="1" timestamp="2018-07-12T12:23:37Z" changeset="60650496" uid="7512949" user="Pasha Rockof"/>
  <node id="5756300706" lat="55.5929290" lon="37.2348671" version="1" timestamp="2018-07-12T12:23:37Z" changeset="60650496" uid="7512949" user="Pasha Rockof"/>
  <node id="5756300707" lat="55.5928942" lon="37.2348859" version="1" timestamp="2018-07-12T12:23:37Z" changeset="60650496" uid="7512949" user="Pasha Rockof"/>
  <node id="5756300708" lat="55.5928601" lon="37.2348966" version="1" timestamp="2018-07-12T12:23:37Z" changeset="60650496" uid="7512949" user="Pasha Rockof"/>
  <node id="5756300709" lat="55.5928267" lon="37.2348886" version="1" timestamp="2018-07-12T12:23:37Z" changeset="60650496" uid="7512949" user="Pasha Rockof"/>
  <node id="5756300710" lat="55.5927850" lon="37.2348711" version="1" timestamp="2018-07-12T12:23:37Z" changeset="60650496" uid="7512949" user="Pasha Rockof"/>
  <node id="5756300711" lat="55.5927487" lon="37.2348443" version="1" timestamp="2018-07-12T12:23:37Z" changeset="60650496" uid="7512949" user="Pasha Rockof"/>
  <node id="5756300712" lat="55.5927229" lon="37.2348202" version="1" timestamp="2018-07-12T12:23:37Z" changeset="60650496" uid="7512949" user="Pasha Rockof"/>
  <node id="5756300713" lat="55.5926888" lon="37.2347786" version="1" timestamp="2018-07-12T12:23:37Z" changeset="60650496" uid="7512949" user="Pasha Rockof"/>
  <node id="5756300714" lat="55.5926600" lon="37.2347088" version="1" timestamp="2018-07-12T12:23:37Z" changeset="60650496" uid="7512949" user="Pasha Rockof"/>
  <node id="5756300715" lat="55.5926274" lon="37.2346257" version="1" timestamp="2018-07-12T12:23:37Z" changeset="60650496" uid="7512949" user="Pasha Rockof"/>
  <node id="5756300716" lat="55.5926047" lon="37.2345573" version="1" timestamp="2018-07-12T12:23:37Z" changeset="60650496" uid="7512949" user="Pasha Rockof"/>
  <node id="5756300717" lat="55.5925827" lon="37.2344661" version="1" timestamp="2018-07-12T12:23:37Z" changeset="60650496" uid="7512949" user="Pasha Rockof"/>
  <node id="5756300718" lat="55.5926342" lon="37.2338452" version="1" timestamp="2018-07-12T12:23:37Z" changeset="60650496" uid="7512949" user="Pasha Rockof"/>
  <node id="5756300719" lat="55.5925994" lon="37.2338901" version="1" timestamp="2018-07-12T12:23:37Z" changeset="60650496" uid="7512949" user="Pasha Rockof"/>
  <node id="5756300720" lat="55.5925691" lon="37.2339756" version="1" timestamp="2018-07-12T12:23:38Z" changeset="60650496" uid="7512949" user="Pasha Rockof"/>
  <node id="5756301021" lat="55.5925486" lon="37.2340519" version="1" timestamp="2018-07-12T12:23:38Z" changeset="60650496" uid="7512949" user="Pasha Rockof"/>
  <node id="5756301022" lat="55.5925391" lon="37.2341383" version="1" timestamp="2018-07-12T12:23:38Z" changeset="60650496" uid="7512949" user="Pasha Rockof"/>
  <node id="5756301023" lat="55.5925420" lon="37.2342418" version="1" timestamp="2018-07-12T12:23:38Z" changeset="60650496" uid="7512949" user="Pasha Rockof"/>
  <node id="5756301024" lat="55.5925525" lon="37.2343312" version="1" timestamp="2018-07-12T12:23:38Z" changeset="60650496" uid="7512949" user="Pasha Rockof"/>
  <node id="5756301025" lat="55.5930056" lon="37.2335766" version="1" timestamp="2018-07-12T12:23:38Z" changeset="60650496" uid="7512949" user="Pasha Rockof"/>
  <node id="5756301026" lat="55.5930812" lon="37.2330314" version="1" timestamp="2018-07-12T12:23:38Z" changeset="60650496" uid="7512949" user="Pasha Rockof"/>
  <node id="5756301027" lat="55.5930685" lon="37.2330684" version="1" timestamp="2018-07-12T12:23:38Z" changeset="60650496" uid="7512949" user="Pasha Rockof"/>
  <node id="5756301028" lat="55.5930550" lon="37.2331034" version="1" timestamp="2018-07-12T12:23:38Z" changeset="60650496" uid="7512949" user="Pasha Rockof"/>
  <node id="5756301029" lat="55.5930333" lon="37.2331378" version="1" timestamp="2018-07-12T12:23:38Z" changeset="60650496" uid="7512949" user="Pasha Rockof"/>
  <node id="5756301030" lat="55.5930115" lon="37.2331570" version="1" timestamp="2018-07-12T12:23:38Z" changeset="60650496" uid="7512949" user="Pasha Rockof"/>
  <node id="5756301031" lat="55.5930010" lon="37.2331603" version="1" timestamp="2018-07-12T12:23:38Z" changeset="60650496" uid="7512949" user="Pasha Rockof"/>
  <node id="5756301032" lat="55.5929819" lon="37.2331616" version="1" timestamp="2018-07-12T12:23:38Z" changeset="60650496" uid="7512949" user="Pasha Rockof"/>
  <node id="5756301033" lat="55.5929628" lon="37.2331593" version="1" timestamp="2018-07-12T12:23:38Z" changeset="60650496" uid="7512949" user="Pasha Rockof"/>
  <node id="5756301034" lat="55.5929406" lon="37.2331570" version="1" timestamp="2018-07-12T12:23:38Z" changeset="60650496" uid="7512949" user="Pasha Rockof"/>
  <node id="5756301035" lat="55.5929288" lon="37.2331541" version="1" timestamp="2018-07-12T12:23:38Z" changeset="60650496" uid="7512949" user="Pasha Rockof"/>
  <node id="5756301036" lat="55.5929177" lon="37.2331502" version="1" timestamp="2018-07-12T12:23:38Z" changeset="60650496" uid="7512949" user="Pasha Rockof"/>
  <node id="5756301037" lat="55.5928892" lon="37.2331254" version="1" timestamp="2018-07-12T12:23:38Z" changeset="60650496" uid="7512949" user="Pasha Rockof"/>
  <node id="5756301038" lat="55.5928785" lon="37.2331136" version="1" timestamp="2018-07-12T12:23:38Z" changeset="60650496" uid="7512949" user="Pasha Rockof"/>
  <node id="5756301039" lat="55.5930207" lon="37.2331512" version="1" timestamp="2018-07-12T12:23:38Z" changeset="60650496" uid="7512949" user="Pasha Rockof"/>
  <node id="5756301040" lat="55.5930466" lon="37.2331188" version="2" timestamp="2019-10-28T18:51:22Z" changeset="76311653" uid="8912234" user="Quinn Mallory">
    <tag k="highway" v="give_way"/>
  </node>
  <node id="5756301041" lat="55.5929066" lon="37.2331429" version="1" timestamp="2018-07-12T12:23:38Z" changeset="60650496" uid="7512949" user="Pasha Rockof"/>
  <node id="5756301042" lat="55.5928977" lon="37.2331352" version="1" timestamp="2018-07-12T12:23:38Z" changeset="60650496" uid="7512949" user="Pasha Rockof"/>
  <node id="5756301043" lat="55.5932453" lon="37.2351690" version="1" timestamp="2018-07-12T12:23:38Z" changeset="60650496" uid="7512949" user="Pasha Rockof"/>
  <node id="5756301044" lat="55.5926496" lon="37.2348233" version="1" timestamp="2018-07-12T12:23:38Z" changeset="60650496" uid="7512949" user="Pasha Rockof"/>
  <node id="5756301045" lat="55.5926888" lon="37.2348842" version="1" timestamp="2018-07-12T12:23:38Z" changeset="60650496" uid="7512949" user="Pasha Rockof"/>
  <node id="5756301046" lat="55.5927153" lon="37.2349269" version="1" timestamp="2018-07-12T12:23:38Z" changeset="60650496" uid="7512949" user="Pasha Rockof"/>
  <node id="5756301047" lat="55.5928356" lon="37.2350016" version="1" timestamp="2018-07-12T12:23:38Z" changeset="60650496" uid="7512949" user="Pasha Rockof"/>
  <node id="5756301048" lat="55.5928046" lon="37.2349977" version="1" timestamp="2018-07-12T12:23:38Z" changeset="60650496" uid="7512949" user="Pasha Rockof"/>
  <node id="5756301049" lat="55.5928873" lon="37.2349982" version="1" timestamp="2018-07-12T12:23:38Z" changeset="60650496" uid="7512949" user="Pasha Rockof"/>
  <node id="5756301050" lat="55.5929147" lon="37.2349884" version="1" timestamp="2018-07-12T12:23:38Z" changeset="60650496" uid="7512949" user="Pasha Rockof"/>
  <node id="5756301051" lat="55.5929523" lon="37.2349698" version="1" timestamp="2018-07-12T12:23:38Z" changeset="60650496" uid="7512949" user="Pasha Rockof"/>
  <node id="5756301052" lat="55.5930216" lon="37.2349046" version="1" timestamp="2018-07-12T12:23:38Z" changeset="60650496" uid="7512949" user="Pasha Rockof"/>
  <node id="5756301053" lat="55.5929725" lon="37.2349510" version="1" timestamp="2018-07-12T12:23:38Z" changeset="60650496" uid="7512949" user="Pasha Rockof"/>
  <node id="5756301054" lat="55.5932494" lon="37.2345074" version="1" timestamp="2018-07-12T12:23:38Z" changeset="60650496" uid="7512949" user="Pasha Rockof"/>
  <node id="5756301055" lat="55.5932291" lon="37.2345910" version="1" timestamp="2018-07-12T12:23:38Z" changeset="60650496" uid="7512949" user="Pasha Rockof"/>
  <node id="5756301056" lat="55.5932559" lon="37.2343119" version="2" timestamp="2018-07-13T14:55:37Z" changeset="60690886" uid="7512949" user="Pasha Rockof"/>
  <node id="5756301057" lat="55.5932349" lon="37.2357592" version="2" timestamp="2023-03-19T17:30:11Z" changeset="133866949" uid="8912234" user="Quinn Mallory"/>
  <node id="5756301058" lat="55.5929185" lon="37.2352310" version="1" timestamp="2018-07-12T12:23:38Z" changeset="60650496" uid="7512949" user="Pasha Rockof"/>
  <node id="5756301059" lat="55.5929530" lon="37.2352827" version="1" timestamp="2018-07-12T12:23:38Z" changeset="60650496" uid="7512949" user="Pasha Rockof"/>
  <node id="5756301060" lat="55.5930147" lon="37.2353780" version="1" timestamp="2018-07-12T12:23:38Z" changeset="60650496" uid="7512949" user="Pasha Rockof"/>
  <node id="5756301061" lat="55.5930670" lon="37.2354660" version="1" timestamp="2018-07-12T12:23:38Z" changeset="60650496" uid="7512949" user="Pasha Rockof"/>
  <node id="5756301062" lat="55.5931262" lon="37.2355607" version="1" timestamp="2018-07-12T12:23:38Z" changeset="60650496" uid="7512949" user="Pasha Rockof"/>
  <node id="5756301063" lat="55.5934348" lon="37.2362868" version="1" timestamp="2018-07-12T12:23:38Z" changeset="60650496" uid="7512949" user="Pasha Rockof">
    <tag k="crossing" v="uncontrolled"/>
    <tag k="highway" v="crossing"/>
  </node>
  <node id="5756301064" lat="55.5934231" lon="37.2363183" version="3" timestamp="2020-11-27T08:44:56Z" changeset="94882592" uid="10213578" user="Stratula"/>
  <node id="5756301066" lat="55.5934545" lon="37.2357289" version="1" timestamp="2018-07-12T12:23:38Z" changeset="60650496" uid="7512949" user="Pasha Rockof"/>
  <node id="5756301067" lat="55.5935706" lon="37.2360004" version="1" timestamp="2018-07-12T12:23:38Z" changeset="60650496" uid="7512949" user="Pasha Rockof"/>
  <node id="5756301075" lat="55.5935095" lon="37.2364454" version="1" timestamp="2018-07-12T12:23:38Z" changeset="60650496" uid="7512949" user="Pasha Rockof"/>
  <node id="5756301082" lat="55.5935082" lon="37.2365657" version="1" timestamp="2018-07-12T12:23:39Z" changeset="60650496" uid="7512949" user="Pasha Rockof"/>
  <node id="5756301083" lat="55.5934989" lon="37.2365119" version="1" timestamp="2018-07-12T12:23:39Z" changeset="60650496" uid="7512949" user="Pasha Rockof"/>
  <node id="5756301084" lat="55.5935009" lon="37.2364688" version="1" timestamp="2018-07-12T12:23:39Z" changeset="60650496" uid="7512949" user="Pasha Rockof"/>
  <node id="5756301086" lat="55.5931171" lon="37.2355462" version="1" timestamp="2018-07-12T12:23:39Z" changeset="60650496" uid="7512949" user="Pasha Rockof"/>
  <node id="5756301087" lat="55.5931110" lon="37.2355227" version="1" timestamp="2018-07-12T12:23:39Z" changeset="60650496" uid="7512949" user="Pasha Rockof"/>
  <node id="5756301088" lat="55.5930644" lon="37.2353792" version="1" timestamp="2018-07-12T12:23:39Z" changeset="60650496" uid="7512949" user="Pasha Rockof"/>
  <node id="5756301089" lat="55.5930328" lon="37.2352821" version="2" timestamp="2019-12-21T22:02:30Z" changeset="78722406" uid="8912234" user="Quinn Mallory"/>
  <node id="5756301090" lat="55.5930105" lon="37.2352116" version="2" timestamp="2019-12-21T22:02:30Z" changeset="78722406" uid="8912234" user="Quinn Mallory"/>
  <node id="5756301091" lat="55.5930031" lon="37.2351724" version="2" timestamp="2019-12-21T22:02:30Z" changeset="78722406" uid="8912234" user="Quinn Mallory"/>
  <node id="5756301092" lat="55.5929991" lon="37.2351224" version="2" timestamp="2019-12-21T22:02:30Z" changeset="78722406" uid="8912234" user="Quinn Mallory"/>
  <node id="5756301093" lat="55.5929981" lon="37.2350731" version="2" timestamp="2019-12-21T22:02:30Z" changeset="78722406" uid="8912234" user="Quinn Mallory"/>
  <node id="5756301094" lat="55.5930036" lon="37.2349973" version="2" timestamp="2019-12-21T22:02:30Z" changeset="78722406" uid="8912234" user="Quinn Mallory"/>
  <node id="5756301095" lat="55.5930090" lon="37.2349688" version="1" timestamp="2018-07-12T12:23:39Z" changeset="60650496" uid="7512949" user="Pasha Rockof"/>
  <node id="5756301096" lat="55.5930336" lon="37.2348914" version="1" timestamp="2018-07-12T12:23:39Z" changeset="60650496" uid="7512949" user="Pasha Rockof"/>
  <node id="5756301097" lat="55.5931543" lon="37.2357866" version="2" timestamp="2018-09-17T23:52:19Z" changeset="62680167" uid="7512949" user="Pasha Rockof"/>
  <node id="5756301098" lat="55.5932640" lon="37.2359776" version="2" timestamp="2018-09-17T23:52:19Z" changeset="62680167" uid="7512949" user="Pasha Rockof"/>
  <node id="5756301099" lat="55.5932971" lon="37.2360423" version="2" timestamp="2018-09-17T23:52:19Z" changeset="62680167" uid="7512949" user="Pasha Rockof"/>
  <node id="5756301114" lat="55.5933969" lon="37.2362214" version="1" timestamp="2018-07-12T12:23:39Z" changeset="60650496" uid="7512949" user="Pasha Rockof"/>
  <node id="5756301115" lat="55.5934927" lon="37.2363908" version="1" timestamp="2018-07-12T12:23:39Z" changeset="60650496" uid="7512949" user="Pasha Rockof"/>
  <node id="5756301116" lat="55.5929341" lon="37.2353915" version="1" timestamp="2018-07-12T12:23:39Z" changeset="60650496" uid="7512949" user="Pasha Rockof"/>
  <node id="5756301117" lat="55.5929768" lon="37.2353196" version="1" timestamp="2018-07-12T12:23:39Z" changeset="60650496" uid="7512949" user="Pasha Rockof">
    <tag k="crossing" v="uncontrolled"/>
    <tag k="highway" v="crossing"/>
  </node>
  <node id="5756301118" lat="55.5930214" lon="37.2352467" version="1" timestamp="2018-07-12T12:23:39Z" changeset="60650496" uid="7512949" user="Pasha Rockof">
    <tag k="crossing" v="uncontrolled"/>
    <tag k="highway" v="crossing"/>
  </node>
  <node id="5756301119" lat="55.5930417" lon="37.2352154" version="1" timestamp="2018-07-12T12:23:39Z" changeset="60650496" uid="7512949" user="Pasha Rockof"/>
  <node id="5756301120" lat="55.5933278" lon="37.2347939" version="1" timestamp="2018-07-12T12:23:39Z" changeset="60650496" uid="7512949" user="Pasha Rockof"/>
  <node id="5756301321" lat="55.5933918" lon="37.2347036" version="2" timestamp="2018-07-13T14:55:37Z" changeset="60690886" uid="7512949" user="Pasha Rockof">
    <tag k="crossing" v="uncontrolled"/>
    <tag k="highway" v="crossing"/>
  </node>
  <node id="5756301322" lat="55.5930848" lon="37.2349468" version="1" timestamp="2018-07-12T12:23:39Z" changeset="60650496" uid="7512949" user="Pasha Rockof"/>
  <node id="5756301323" lat="55.5931204" lon="37.2350565" version="1" timestamp="2018-07-12T12:23:39Z" changeset="60650496" uid="7512949" user="Pasha Rockof"/>
  <node id="5756301324" lat="55.5930349" lon="37.2351968" version="1" timestamp="2018-07-12T12:23:39Z" changeset="60650496" uid="7512949" user="Pasha Rockof"/>
  <node id="5756301325" lat="55.5930291" lon="37.2351632" version="1" timestamp="2018-07-12T12:23:39Z" changeset="60650496" uid="7512949" user="Pasha Rockof"/>
  <node id="5756301326" lat="55.5930262" lon="37.2351155" version="1" timestamp="2018-07-12T12:23:39Z" changeset="60650496" uid="7512949" user="Pasha Rockof"/>
  <node id="5756301327" lat="55.5930268" lon="37.2350484" version="1" timestamp="2018-07-12T12:23:39Z" changeset="60650496" uid="7512949" user="Pasha Rockof"/>
  <node id="5756301328" lat="55.5930406" lon="37.2349976" version="1" timestamp="2018-07-12T12:23:39Z" changeset="60650496" uid="7512949" user="Pasha Rockof"/>
  <node id="5756301329" lat="55.5930653" lon="37.2349671" version="1" timestamp="2018-07-12T12:23:39Z" changeset="60650496" uid="7512949" user="Pasha Rockof"/>
  <node id="5756301330" lat="55.5931423" lon="37.2350962" version="1" timestamp="2018-07-12T12:23:39Z" changeset="60650496" uid="7512949" user="Pasha Rockof"/>
  <node id="5756301331" lat="55.5934202" lon="37.2358371" version="1" timestamp="2018-07-12T12:23:39Z" changeset="60650496" uid="7512949" user="Pasha Rockof"/>
  <node id="5756301332" lat="55.5936201" lon="37.2362965" version="1" timestamp="2018-07-12T12:23:39Z" changeset="60650496" uid="7512949" user="Pasha Rockof"/>
  <node id="5756301333" lat="55.5936063" lon="37.2362955" version="1" timestamp="2018-07-12T12:23:39Z" changeset="60650496" uid="7512949" user="Pasha Rockof"/>
  <node id="5756301334" lat="55.5933909" lon="37.2358808" version="1" timestamp="2018-07-12T12:23:39Z" changeset="60650496" uid="7512949" user="Pasha Rockof"/>
  <node id="5756301335" lat="55.5930584" lon="37.2352435" version="1" timestamp="2018-07-12T12:23:40Z" changeset="60650496" uid="7512949" user="Pasha Rockof"/>
  <node id="5756301336" lat="55.5931163" lon="37.2328764" version="2" timestamp="2020-02-19T07:31:39Z" changeset="81207509" uid="8912234" user="Quinn Mallory">
    <tag k="camera:direction" v="282"/>
    <tag k="camera:type" v="fixed"/>
    <tag k="man_made" v="surveillance"/>
    <tag k="surveillance:type" v="camera"/>
    <tag k="surveillance:zone" v="traffic"/>
  </node>
  <node id="5756301337" lat="55.5931274" lon="37.2327866" version="1" timestamp="2018-07-12T12:23:40Z" changeset="60650496" uid="7512949" user="Pasha Rockof">
    <tag k="crossing" v="uncontrolled"/>
    <tag k="highway" v="crossing"/>
  </node>
  <node id="5756301338" lat="55.5931639" lon="37.2328005" version="1" timestamp="2018-07-12T12:23:40Z" changeset="60650496" uid="7512949" user="Pasha Rockof"/>
  <node id="5756301339" lat="55.5925228" lon="37.2344825" version="1" timestamp="2018-07-12T12:23:40Z" changeset="60650496" uid="7512949" user="Pasha Rockof"/>
  <node id="5756301340" lat="55.5918943" lon="37.2349651" version="3" timestamp="2026-03-04T21:41:33Z" changeset="179370265" uid="12117593" user="89r">
    <tag k="access" v="private"/>
    <tag k="barrier" v="sliding_beam"/>
    <tag k="locked" v="yes"/>
  </node>
  <node id="5756301341" lat="55.5919351" lon="37.2349505" version="2" timestamp="2023-08-02T15:09:47Z" changeset="139352516" uid="8912234" user="Quinn Mallory"/>
  <node id="5756301342" lat="55.5919802" lon="37.2349341" version="2" timestamp="2023-08-02T15:09:47Z" changeset="139352516" uid="8912234" user="Quinn Mallory"/>
  <node id="5756301343" lat="55.5920323" lon="37.2349097" version="2" timestamp="2023-08-02T15:09:47Z" changeset="139352516" uid="8912234" user="Quinn Mallory"/>
  <node id="5756301344" lat="55.5920816" lon="37.2348756" version="2" timestamp="2023-08-02T15:09:47Z" changeset="139352516" uid="8912234" user="Quinn Mallory"/>
  <node id="5756301345" lat="55.5921557" lon="37.2348089" version="2" timestamp="2023-08-02T15:09:47Z" changeset="139352516" uid="8912234" user="Quinn Mallory">
    <tag k="direction" v="both"/>
    <tag k="surface" v="asphalt"/>
    <tag k="traffic_calming" v="bump"/>
  </node>
  <node id="5756301346" lat="55.5923299" lon="37.2346409" version="1" timestamp="2018-07-12T12:23:40Z" changeset="60650496" uid="7512949" user="Pasha Rockof">
    <tag k="crossing" v="uncontrolled"/>
    <tag k="highway" v="crossing"/>
  </node>
  <node id="5756301347" lat="55.5923396" lon="37.2346314" version="1" timestamp="2018-07-12T12:23:40Z" changeset="60650496" uid="7512949" user="Pasha Rockof"/>
  <node id="5756301348" lat="55.5923732" lon="37.2346137" version="1" timestamp="2018-07-12T12:23:40Z" changeset="60650496" uid="7512949" user="Pasha Rockof"/>
  <node id="5756301349" lat="55.5924043" lon="37.2346137" version="1" timestamp="2018-07-12T12:23:40Z" changeset="60650496" uid="7512949" user="Pasha Rockof"/>
  <node id="5756301350" lat="55.5924407" lon="37.2346351" version="1" timestamp="2018-07-12T12:23:40Z" changeset="60650496" uid="7512949" user="Pasha Rockof"/>
  <node id="5756301351" lat="55.5924820" lon="37.2346856" version="1" timestamp="2018-07-12T12:23:40Z" changeset="60650496" uid="7512949" user="Pasha Rockof"/>
  <node id="5756301352" lat="55.5925966" lon="37.2347861" version="1" timestamp="2018-07-12T12:23:40Z" changeset="60650496" uid="7512949" user="Pasha Rockof"/>
  <node id="5756301353" lat="55.5926174" lon="37.2347977" version="1" timestamp="2018-07-12T12:23:40Z" changeset="60650496" uid="7512949" user="Pasha Rockof"/>
  <node id="5756301354" lat="55.5926400" lon="37.2348078" version="1" timestamp="2018-07-12T12:23:40Z" changeset="60650496" uid="7512949" user="Pasha Rockof"/>
  <node id="5756301355" lat="55.5925280" lon="37.2347326" version="1" timestamp="2018-07-12T12:23:40Z" changeset="60650496" uid="7512949" user="Pasha Rockof"/>
  <node id="5756301356" lat="55.5925801" lon="37.2347740" version="1" timestamp="2018-07-12T12:23:40Z" changeset="60650496" uid="7512949" user="Pasha Rockof"/>
  <node id="5756301357" lat="55.5923555" lon="37.2346210" version="1" timestamp="2018-07-12T12:23:40Z" changeset="60650496" uid="7512949" user="Pasha Rockof"/>
  <node id="5756301358" lat="55.5923892" lon="37.2346121" version="1" timestamp="2018-07-12T12:23:40Z" changeset="60650496" uid="7512949" user="Pasha Rockof"/>
  <node id="5756301359" lat="55.5924944" lon="37.2342549" version="1" timestamp="2018-07-12T12:23:40Z" changeset="60650496" uid="7512949" user="Pasha Rockof"/>
  <node id="5756301360" lat="55.5924904" lon="37.2342972" version="1" timestamp="2018-07-12T12:23:40Z" changeset="60650496" uid="7512949" user="Pasha Rockof"/>
  <node id="5756301361" lat="55.5924808" lon="37.2343542" version="1" timestamp="2018-07-12T12:23:40Z" changeset="60650496" uid="7512949" user="Pasha Rockof"/>
  <node id="5756301362" lat="55.5924695" lon="37.2343989" version="1" timestamp="2018-07-12T12:23:40Z" changeset="60650496" uid="7512949" user="Pasha Rockof"/>
  <node id="5756301363" lat="55.5924538" lon="37.2344436" version="1" timestamp="2018-07-12T12:23:40Z" changeset="60650496" uid="7512949" user="Pasha Rockof"/>
  <node id="5756301364" lat="55.5924345" lon="37.2344848" version="1" timestamp="2018-07-12T12:23:40Z" changeset="60650496" uid="7512949" user="Pasha Rockof"/>
  <node id="5756301365" lat="55.5923879" lon="37.2345595" version="1" timestamp="2018-07-12T12:23:40Z" changeset="60650496" uid="7512949" user="Pasha Rockof"/>
  <node id="5756301366" lat="55.5923479" lon="37.2346176" version="1" timestamp="2018-07-12T12:23:40Z" changeset="60650496" uid="7512949" user="Pasha Rockof"/>
  <node id="5756301367" lat="55.5924460" lon="37.2344617" version="1" timestamp="2018-07-12T12:23:40Z" changeset="60650496" uid="7512949" user="Pasha Rockof"/>
  <node id="5756301368" lat="55.5925457" lon="37.2345880" version="1" timestamp="2018-07-12T12:23:40Z" changeset="60650496" uid="7512949" user="Pasha Rockof"/>
  <node id="5756301369" lat="55.5925126" lon="37.2344195" version="1" timestamp="2018-07-12T12:23:40Z" changeset="60650496" uid="7512949" user="Pasha Rockof"/>
  <node id="5756301370" lat="55.5925134" lon="37.2347187" version="2" timestamp="2019-12-21T22:02:30Z" changeset="78722406" uid="8912234" user="Quinn Mallory">
    <tag k="highway" v="give_way"/>
  </node>
  <node id="5756301374" lat="55.5935024" lon="37.2350268" version="2" timestamp="2018-07-13T14:55:37Z" changeset="60690886" uid="7512949" user="Pasha Rockof"/>
  <node id="5756301375" lat="55.5939497" lon="37.2361106" version="2" timestamp="2018-07-13T14:55:37Z" changeset="60690886" uid="7512949" user="Pasha Rockof"/>
  <node id="5758822055" lat="55.5932146" lon="37.2330916" version="1" timestamp="2018-07-13T14:55:22Z" changeset="60690886" uid="7512949" user="Pasha Rockof"/>
  <node id="5758822056" lat="55.5932311" lon="37.2331055" version="1" timestamp="2018-07-13T14:55:22Z" changeset="60690886" uid="7512949" user="Pasha Rockof"/>
  <node id="5758822057" lat="55.5931894" lon="37.2333458" version="1" timestamp="2018-07-13T14:55:22Z" changeset="60690886" uid="7512949" user="Pasha Rockof"/>
  <node id="5758822058" lat="55.5932355" lon="37.2335615" version="1" timestamp="2018-07-13T14:55:22Z" changeset="60690886" uid="7512949" user="Pasha Rockof"/>
  <node id="5758822059" lat="55.5933696" lon="37.2334013" version="1" timestamp="2018-07-13T14:55:22Z" changeset="60690886" uid="7512949" user="Pasha Rockof"/>
  <node id="5758822066" lat="55.5932869" lon="37.2333119" version="1" timestamp="2018-07-13T14:55:22Z" changeset="60690886" uid="7512949" user="Pasha Rockof"/>
  <node id="5758822069" lat="55.5936081" lon="37.2328975" version="1" timestamp="2018-07-13T14:55:22Z" changeset="60690886" uid="7512949" user="Pasha Rockof"/>
  <node id="5758822070" lat="55.5935663" lon="37.2331548" version="1" timestamp="2018-07-13T14:55:22Z" changeset="60690886" uid="7512949" user="Pasha Rockof"/>
  <node id="5758822071" lat="55.5935365" lon="37.2334499" version="1" timestamp="2018-07-13T14:55:22Z" changeset="60690886" uid="7512949" user="Pasha Rockof"/>
  <node id="5758822072" lat="55.5935210" lon="37.2337263" version="1" timestamp="2018-07-13T14:55:22Z" changeset="60690886" uid="7512949" user="Pasha Rockof"/>
  <node id="5758822073" lat="55.5934357" lon="37.2339158" version="1" timestamp="2018-07-13T14:55:22Z" changeset="60690886" uid="7512949" user="Pasha Rockof"/>
  <node id="5758822074" lat="55.5933852" lon="37.2338865" version="1" timestamp="2018-07-13T14:55:22Z" changeset="60690886" uid="7512949" user="Pasha Rockof"/>
  <node id="5758822075" lat="55.5933774" lon="37.2336262" version="1" timestamp="2018-07-13T14:55:22Z" changeset="60690886" uid="7512949" user="Pasha Rockof"/>
  <node id="5758822076" lat="55.5934166" lon="37.2333751" version="1" timestamp="2018-07-13T14:55:22Z" changeset="60690886" uid="7512949" user="Pasha Rockof"/>
  <node id="5758822077" lat="55.5934444" lon="37.2330223" version="1" timestamp="2018-07-13T14:55:22Z" changeset="60690886" uid="7512949" user="Pasha Rockof"/>
  <node id="5758822078" lat="55.5934662" lon="37.2327604" version="1" timestamp="2018-07-13T14:55:22Z" changeset="60690886" uid="7512949" user="Pasha Rockof"/>
  <node id="5758822095" lat="55.5924168" lon="37.2346190" version="1" timestamp="2018-07-13T14:55:23Z" changeset="60690886" uid="7512949" user="Pasha Rockof"/>
  <node id="5758822096" lat="55.5924284" lon="37.2346244" version="1" timestamp="2018-07-13T14:55:23Z" changeset="60690886" uid="7512949" user="Pasha Rockof"/>
  <node id="5758822097" lat="55.5926148" lon="37.2333991" version="1" timestamp="2018-07-13T14:55:23Z" changeset="60690886" uid="7512949" user="Pasha Rockof"/>
  <node id="5758822098" lat="55.5926761" lon="37.2336056" version="1" timestamp="2018-07-13T14:55:23Z" changeset="60690886" uid="7512949" user="Pasha Rockof"/>
  <node id="5758822099" lat="55.5926466" lon="37.2336230" version="1" timestamp="2018-07-13T14:55:23Z" changeset="60690886" uid="7512949" user="Pasha Rockof"/>
  <node id="5758822100" lat="55.5926208" lon="37.2336284" version="1" timestamp="2018-07-13T14:55:23Z" changeset="60690886" uid="7512949" user="Pasha Rockof"/>
  <node id="5758822101" lat="55.5925905" lon="37.2336257" version="1" timestamp="2018-07-13T14:55:23Z" changeset="60690886" uid="7512949" user="Pasha Rockof"/>
  <node id="5758822102" lat="55.5925640" lon="37.2336002" version="1" timestamp="2018-07-13T14:55:23Z" changeset="60690886" uid="7512949" user="Pasha Rockof"/>
  <node id="5758822103" lat="55.5925390" lon="37.2335546" version="1" timestamp="2018-07-13T14:55:23Z" changeset="60690886" uid="7512949" user="Pasha Rockof"/>
  <node id="5758822104" lat="55.5925155" lon="37.2334835" version="1" timestamp="2018-07-13T14:55:23Z" changeset="60690886" uid="7512949" user="Pasha Rockof"/>
  <node id="5758822105" lat="55.5925905" lon="37.2333307" version="1" timestamp="2018-07-13T14:55:23Z" changeset="60690886" uid="7512949" user="Pasha Rockof"/>
  <node id="5758822106" lat="55.5925132" lon="37.2334017" version="1" timestamp="2018-07-13T14:55:23Z" changeset="60690886" uid="7512949" user="Pasha Rockof"/>
  <node id="5758822107" lat="55.5925041" lon="37.2333910" version="1" timestamp="2018-07-13T14:55:23Z" changeset="60690886" uid="7512949" user="Pasha Rockof"/>
  <node id="5758822108" lat="55.5925026" lon="37.2333588" version="1" timestamp="2018-07-13T14:55:23Z" changeset="60690886" uid="7512949" user="Pasha Rockof"/>
  <node id="5758822109" lat="55.5924927" lon="37.2332663" version="1" timestamp="2018-07-13T14:55:23Z" changeset="60690886" uid="7512949" user="Pasha Rockof"/>
  <node id="5758822110" lat="55.5924829" lon="37.2331670" version="1" timestamp="2018-07-13T14:55:23Z" changeset="60690886" uid="7512949" user="Pasha Rockof"/>
  <node id="5758822111" lat="55.5924738" lon="37.2330665" version="1" timestamp="2018-07-13T14:55:23Z" changeset="60690886" uid="7512949" user="Pasha Rockof"/>
  <node id="5758822112" lat="55.5924617" lon="37.2330088" version="1" timestamp="2018-07-13T14:55:23Z" changeset="60690886" uid="7512949" user="Pasha Rockof"/>
  <node id="5758822113" lat="55.5924518" lon="37.2329551" version="1" timestamp="2018-07-13T14:55:23Z" changeset="60690886" uid="7512949" user="Pasha Rockof"/>
  <node id="5758822114" lat="55.5924048" lon="37.2327580" version="1" timestamp="2018-07-13T14:55:23Z" changeset="60690886" uid="7512949" user="Pasha Rockof"/>
  <node id="5758822115" lat="55.5924738" lon="37.2329337" version="1" timestamp="2018-07-13T14:55:23Z" changeset="60690886" uid="7512949" user="Pasha Rockof"/>
  <node id="5758822267" lat="55.5938530" lon="37.2365968" version="1" timestamp="2018-07-13T14:55:26Z" changeset="60690886" uid="7512949" user="Pasha Rockof"/>
  <node id="5758822268" lat="55.5937749" lon="37.2364403" version="1" timestamp="2018-07-13T14:55:26Z" changeset="60690886" uid="7512949" user="Pasha Rockof"/>
  <node id="5758822269" lat="55.5936796" lon="37.2362402" version="1" timestamp="2018-07-13T14:55:26Z" changeset="60690886" uid="7512949" user="Pasha Rockof"/>
  <node id="5758822378" lat="55.5932211" lon="37.2361753" version="2" timestamp="2020-07-22T05:20:49Z" changeset="88323947" uid="10529506" user="Jordaan23"/>
  <node id="5758822389" lat="55.5940563" lon="37.2363215" version="1" timestamp="2018-07-13T14:55:28Z" changeset="60690886" uid="7512949" user="Pasha Rockof"/>
  <node id="5758822390" lat="55.5938798" lon="37.2359597" version="1" timestamp="2018-07-13T14:55:28Z" changeset="60690886" uid="7512949" user="Pasha Rockof"/>
  <node id="5758822391" lat="55.5939665" lon="37.2364967" version="1" timestamp="2018-07-13T14:55:28Z" changeset="60690886" uid="7512949" user="Pasha Rockof"/>
  <node id="5758822392" lat="55.5937891" lon="37.2361416" version="1" timestamp="2018-07-13T14:55:28Z" changeset="60690886" uid="7512949" user="Pasha Rockof"/>
  <node id="5758822393" lat="55.5937434" lon="37.2360401" version="1" timestamp="2018-07-13T14:55:28Z" changeset="60690886" uid="7512949" user="Pasha Rockof"/>
  <node id="5766409101" lat="55.5936816" lon="37.2351467" version="1" timestamp="2018-07-17T18:01:33Z" changeset="60809317" uid="7512949" user="Pasha Rockof"/>
  <node id="5912797891" lat="55.5925722" lon="37.2346729" version="1" timestamp="2018-09-17T23:52:07Z" changeset="62680167" uid="7512949" user="Pasha Rockof"/>
  <node id="5912797893" lat="55.5931192" lon="37.2357833" version="25" timestamp="2023-09-17T00:03:31Z" changeset="141362330" uid="461130" user="Fizzie-DWG">
    <tag k="bench" v="yes"/>
    <tag k="bus" v="yes"/>
    <tag k="highway" v="bus_stop"/>
    <tag k="name" v="СНТ «Ручеёк»"/>
    <tag k="public_transport" v="platform"/>
    <tag k="shelter" v="yes"/>
    <tag k="surface" v="asphalt"/>
  </node>
  <node id="6334146568" lat="55.5928809" lon="37.2333698" version="1" timestamp="2019-03-12T20:44:45Z" changeset="68077613" uid="8912234" user="Quinn Mallory"/>
  <node id="6334146569" lat="55.5931658" lon="37.2342683" version="1" timestamp="2019-03-12T20:44:45Z" changeset="68077613" uid="8912234" user="Quinn Mallory"/>
  <node id="6334146570" lat="55.5934462" lon="37.2351186" version="1" timestamp="2019-03-12T20:44:45Z" changeset="68077613" uid="8912234" user="Quinn Mallory"/>
  <node id="6334146571" lat="55.5936493" lon="37.2356497" version="1" timestamp="2019-03-12T20:44:45Z" changeset="68077613" uid="8912234" user="Quinn Mallory"/>
  <node id="6334146572" lat="55.5939266" lon="37.2362693" version="1" timestamp="2019-03-12T20:44:45Z" changeset="68077613" uid="8912234" user="Quinn Mallory"/>
  <node id="6334146576" lat="55.5934674" lon="37.2359098" version="1" timestamp="2019-03-12T20:44:45Z" changeset="68077613" uid="8912234" user="Quinn Mallory"/>
  <node id="6334146577" lat="55.5931688" lon="37.2351240" version="1" timestamp="2019-03-12T20:44:45Z" changeset="68077613" uid="8912234" user="Quinn Mallory"/>
  <node id="6334146578" lat="55.5929976" lon="37.2346117" version="1" timestamp="2019-03-12T20:44:45Z" changeset="68077613" uid="8912234" user="Quinn Mallory"/>
  <node id="6334146579" lat="55.5923883" lon="37.2326456" version="1" timestamp="2019-03-12T20:44:45Z" changeset="68077613" uid="8912234" user="Quinn Mallory"/>
  <node id="6334146584" lat="55.5937872" lon="37.2359729" version="1" timestamp="2019-03-12T20:44:45Z" changeset="68077613" uid="8912234" user="Quinn Mallory"/>
  <node id="6334146785" lat="55.5933105" lon="37.2355196" version="1" timestamp="2019-03-12T20:44:45Z" changeset="68077613" uid="8912234" user="Quinn Mallory"/>
  <node id="6334146786" lat="55.5935386" lon="37.2353667" version="1" timestamp="2019-03-12T20:44:45Z" changeset="68077613" uid="8912234" user="Quinn Mallory"/>
  <node id="6334146787" lat="55.5932931" lon="37.2346653" version="1" timestamp="2019-03-12T20:44:45Z" changeset="68077613" uid="8912234" user="Quinn Mallory"/>
  <node id="6334146789" lat="55.5921727" lon="37.2329950" version="1" timestamp="2019-03-12T20:44:45Z" changeset="68077613" uid="8912234" user="Quinn Mallory"/>
  <node id="6334146794" lat="55.5925352" lon="37.2352141" version="2" timestamp="2020-07-22T05:20:49Z" changeset="88323947" uid="10529506" user="Jordaan23"/>
  <node id="6334146795" lat="55.5917835" lon="37.2351471" version="2" timestamp="2020-07-22T05:20:49Z" changeset="88323947" uid="10529506" user="Jordaan23"/>
  <node id="6334146799" lat="55.5930244" lon="37.2358375" version="2" timestamp="2020-07-22T05:20:49Z" changeset="88323947" uid="10529506" user="Jordaan23"/>
  <node id="7076362591" lat="55.5933137" lon="37.2365167" version="1" timestamp="2019-12-21T22:02:30Z" changeset="78722406" uid="8912234" user="Quinn Mallory"/>
  <node id="7076362596" lat="55.5933441" lon="37.2365059" version="1" timestamp="2019-12-21T22:02:30Z" changeset="78722406" uid="8912234" user="Quinn Mallory"/>
  <node id="7076362601" lat="55.5929996" lon="37.2350281" version="1" timestamp="2019-12-21T22:02:30Z" changeset="78722406" uid="8912234" user="Quinn Mallory"/>
  <node id="7226652789" lat="55.5929485" lon="37.2334828" version="1" timestamp="2020-02-19T07:31:39Z" changeset="81207509" uid="8912234" user="Quinn Mallory"/>
  <node id="7305181672" lat="55.5931791" lon="37.2351423" version="1" timestamp="2020-03-18T06:56:01Z" changeset="82333636" uid="8912234" user="Quinn Mallory"/>
  <node id="7305181673" lat="55.5933534" lon="37.2348647" version="1" timestamp="2020-03-18T06:56:01Z" changeset="82333636" uid="8912234" user="Quinn Mallory"/>
  <node id="7305181674" lat="55.5934353" lon="37.2351128" version="1" timestamp="2020-03-18T06:56:01Z" changeset="82333636" uid="8912234" user="Quinn Mallory"/>
  <node id="7305181675" lat="55.5934777" lon="37.2352295" version="1" timestamp="2020-03-18T06:56:01Z" changeset="82333636" uid="8912234" user="Quinn Mallory"/>
  <node id="7305181676" lat="55.5935171" lon="37.2353341" version="1" timestamp="2020-03-18T06:56:01Z" changeset="82333636" uid="8912234" user="Quinn Mallory"/>
  <node id="7305181677" lat="55.5935580" lon="37.2354427" version="1" timestamp="2020-03-18T06:56:01Z" changeset="82333636" uid="8912234" user="Quinn Mallory"/>
  <node id="7305181678" lat="55.5936035" lon="37.2355567" version="1" timestamp="2020-03-18T06:56:01Z" changeset="82333636" uid="8912234" user="Quinn Mallory"/>
  <node id="7305181679" lat="55.5936512" lon="37.2356787" version="1" timestamp="2020-03-18T06:56:01Z" changeset="82333636" uid="8912234" user="Quinn Mallory"/>
  <node id="7305181680" lat="55.5937058" lon="37.2358075" version="1" timestamp="2020-03-18T06:56:01Z" changeset="82333636" uid="8912234" user="Quinn Mallory"/>
  <node id="7305181681" lat="55.5937581" lon="37.2359268" version="1" timestamp="2020-03-18T06:56:01Z" changeset="82333636" uid="8912234" user="Quinn Mallory"/>
  <node id="7305181682" lat="55.5938157" lon="37.2360516" version="1" timestamp="2020-03-18T06:56:01Z" changeset="82333636" uid="8912234" user="Quinn Mallory"/>
  <node id="7305181683" lat="55.5938581" lon="37.2361428" version="1" timestamp="2020-03-18T06:56:01Z" changeset="82333636" uid="8912234" user="Quinn Mallory"/>
  <node id="7305181684" lat="55.5939104" lon="37.2362554" version="1" timestamp="2020-03-18T06:56:01Z" changeset="82333636" uid="8912234" user="Quinn Mallory"/>
  <node id="7305186585" lat="55.5937588" lon="37.2365183" version="1" timestamp="2020-03-18T06:56:01Z" changeset="82333636" uid="8912234" user="Quinn Mallory"/>
  <node id="7305186586" lat="55.5937012" lon="37.2363949" version="1" timestamp="2020-03-18T06:56:01Z" changeset="82333636" uid="8912234" user="Quinn Mallory"/>
  <node id="7305186587" lat="55.5936497" lon="37.2362863" version="1" timestamp="2020-03-18T06:56:01Z" changeset="82333636" uid="8912234" user="Quinn Mallory"/>
  <node id="7305186588" lat="55.5935944" lon="37.2361696" version="1" timestamp="2020-03-18T06:56:01Z" changeset="82333636" uid="8912234" user="Quinn Mallory"/>
  <node id="7305186589" lat="55.5935497" lon="37.2360717" version="1" timestamp="2020-03-18T06:56:01Z" changeset="82333636" uid="8912234" user="Quinn Mallory"/>
  <node id="7305186590" lat="55.5935057" lon="37.2359751" version="1" timestamp="2020-03-18T06:56:01Z" changeset="82333636" uid="8912234" user="Quinn Mallory"/>
  <node id="7305186591" lat="55.5934671" lon="37.2358893" version="1" timestamp="2020-03-18T06:56:01Z" changeset="82333636" uid="8912234" user="Quinn Mallory"/>
  <node id="7305186592" lat="55.5934315" lon="37.2358021" version="1" timestamp="2020-03-18T06:56:01Z" changeset="82333636" uid="8912234" user="Quinn Mallory"/>
  <node id="7305186593" lat="55.5933905" lon="37.2357002" version="1" timestamp="2020-03-18T06:56:01Z" changeset="82333636" uid="8912234" user="Quinn Mallory"/>
  <node id="7305186594" lat="55.5933420" lon="37.2355822" version="1" timestamp="2020-03-18T06:56:01Z" changeset="82333636" uid="8912234" user="Quinn Mallory"/>
  <node id="7305186595" lat="55.5932541" lon="37.2353461" version="1" timestamp="2020-03-18T06:56:01Z" changeset="82333636" uid="8912234" user="Quinn Mallory"/>
  <node id="7305186596" lat="55.5933004" lon="37.2350042" version="1" timestamp="2020-03-18T06:56:01Z" changeset="82333636" uid="8912234" user="Quinn Mallory"/>
  <node id="7305186597" lat="55.5932769" lon="37.2349338" version="1" timestamp="2020-03-18T06:56:01Z" changeset="82333636" uid="8912234" user="Quinn Mallory"/>
  <node id="7305186598" lat="55.5930616" lon="37.2348508" version="1" timestamp="2020-03-18T06:56:01Z" changeset="82333636" uid="8912234" user="Quinn Mallory"/>
  <node id="7305186599" lat="55.5932044" lon="37.2351135" version="1" timestamp="2020-03-18T06:56:01Z" changeset="82333636" uid="8912234" user="Quinn Mallory">
    <tag k="barrier" v="lift_gate"/>
  </node>
  <node id="7305186600" lat="55.5932299" lon="37.2351584" version="1" timestamp="2020-03-18T06:56:01Z" changeset="82333636" uid="8912234" user="Quinn Mallory"/>
  <node id="7305186601" lat="55.5932776" lon="37.2351450" version="1" timestamp="2020-03-18T06:56:01Z" changeset="82333636" uid="8912234" user="Quinn Mallory"/>
  <node id="7305186602" lat="55.5933875" lon="37.2350337" version="1" timestamp="2020-03-18T06:56:01Z" changeset="82333636" uid="8912234" user="Quinn Mallory"/>
  <node id="7305186603" lat="55.5932575" lon="37.2351638" version="1" timestamp="2020-03-18T06:56:01Z" changeset="82333636" uid="8912234" user="Quinn Mallory"/>
  <node id="7305186604" lat="55.5932997" lon="37.2351227" version="1" timestamp="2020-03-18T06:56:01Z" changeset="82333636" uid="8912234" user="Quinn Mallory"/>
  <node id="7305186605" lat="55.5933633" lon="37.2352992" version="1" timestamp="2020-03-18T06:56:01Z" changeset="82333636" uid="8912234" user="Quinn Mallory"/>
  <node id="7305186606" lat="55.5934239" lon="37.2354561" version="1" timestamp="2020-03-18T06:56:01Z" changeset="82333636" uid="8912234" user="Quinn Mallory"/>
  <node id="7305186607" lat="55.5934762" lon="37.2355902" version="1" timestamp="2020-03-18T06:56:01Z" changeset="82333636" uid="8912234" user="Quinn Mallory"/>
  <node id="7305186608" lat="55.5935315" lon="37.2357243" version="1" timestamp="2020-03-18T06:56:01Z" changeset="82333636" uid="8912234" user="Quinn Mallory"/>
  <node id="7305186609" lat="55.5935891" lon="37.2358625" version="1" timestamp="2020-03-18T06:56:01Z" changeset="82333636" uid="8912234" user="Quinn Mallory"/>
  <node id="7305186610" lat="55.5936634" lon="37.2360368" version="1" timestamp="2020-03-18T06:56:01Z" changeset="82333636" uid="8912234" user="Quinn Mallory"/>
  <node id="7305186611" lat="55.5937331" lon="37.2361843" version="1" timestamp="2020-03-18T06:56:01Z" changeset="82333636" uid="8912234" user="Quinn Mallory"/>
  <node id="7305186612" lat="55.5938240" lon="37.2363721" version="1" timestamp="2020-03-18T06:56:01Z" changeset="82333636" uid="8912234" user="Quinn Mallory"/>
  <node id="7305186613" lat="55.5931623" lon="37.2350377" version="1" timestamp="2020-03-18T06:56:01Z" changeset="82333636" uid="8912234" user="Quinn Mallory"/>
  <node id="7305186614" lat="55.5932425" lon="37.2350712" version="1" timestamp="2020-03-18T06:56:01Z" changeset="82333636" uid="8912234" user="Quinn Mallory"/>
  <node id="7305186615" lat="55.5932487" lon="37.2350913" version="1" timestamp="2020-03-18T06:56:01Z" changeset="82333636" uid="8912234" user="Quinn Mallory"/>
  <node id="7305186616" lat="55.5932322" lon="37.2351072" version="1" timestamp="2020-03-18T06:56:01Z" changeset="82333636" uid="8912234" user="Quinn Mallory"/>
  <node id="7305186617" lat="55.5932260" lon="37.2350871" version="1" timestamp="2020-03-18T06:56:01Z" changeset="82333636" uid="8912234" user="Quinn Mallory"/>
  <node id="7735722139" lat="55.5922245" lon="37.2351390" version="1" timestamp="2020-07-22T05:20:49Z" changeset="88323947" uid="10529506" user="Jordaan23"/>
  <node id="7735722140" lat="55.5920926" lon="37.2351176" version="1" timestamp="2020-07-22T05:20:49Z" changeset="88323947" uid="10529506" user="Jordaan23"/>
  <node id="7735722142" lat="55.5926656" lon="37.2353697" version="1" timestamp="2020-07-22T05:20:49Z" changeset="88323947" uid="10529506" user="Jordaan23"/>
  <node id="7735722143" lat="55.5929626" lon="37.2358578" version="1" timestamp="2020-07-22T05:20:49Z" changeset="88323947" uid="10529506" user="Jordaan23"/>
  <node id="8220730362" lat="55.5952664" lon="37.2355299" version="1" timestamp="2020-12-11T20:16:48Z" changeset="95701647" uid="8912234" user="Quinn Mallory"/>
  <node id="8220730363" lat="55.5952719" lon="37.2356384" version="1" timestamp="2020-12-11T20:16:48Z" changeset="95701647" uid="8912234" user="Quinn Mallory"/>
  <node id="8220730364" lat="55.5951893" lon="37.2356516" version="1" timestamp="2020-12-11T20:16:48Z" changeset="95701647" uid="8912234" user="Quinn Mallory"/>
  <node id="8220730365" lat="55.5951838" lon="37.2355431" version="1" timestamp="2020-12-11T20:16:48Z" changeset="95701647" uid="8912234" user="Quinn Mallory"/>
  <node id="8220730369" lat="55.5936981" lon="37.2338394" version="1" timestamp="2020-12-11T20:16:48Z" changeset="95701647" uid="8912234" user="Quinn Mallory"/>
  <node id="8220730370" lat="55.5937259" lon="37.2338947" version="1" timestamp="2020-12-11T20:16:48Z" changeset="95701647" uid="8912234" user="Quinn Mallory"/>
  <node id="8220730371" lat="55.5936771" lon="37.2339717" version="1" timestamp="2020-12-11T20:16:48Z" changeset="95701647" uid="8912234" user="Quinn Mallory"/>
  <node id="8220730372" lat="55.5936493" lon="37.2339164" version="1" timestamp="2020-12-11T20:16:48Z" changeset="95701647" uid="8912234" user="Quinn Mallory"/>
  <node id="8220730384" lat="55.5942285" lon="37.2363989" version="1" timestamp="2020-12-11T20:16:48Z" changeset="95701647" uid="8912234" user="Quinn Mallory"/>
  <node id="8220730385" lat="55.5942747" lon="37.2363756" version="1" timestamp="2020-12-11T20:16:48Z" changeset="95701647" uid="8912234" user="Quinn Mallory"/>
  <node id="8220730386" lat="55.5944145" lon="37.2365787" version="1" timestamp="2020-12-11T20:16:48Z" changeset="95701647" uid="8912234" user="Quinn Mallory"/>
  <node id="9146559943" lat="55.5922520" lon="37.2339305" version="1" timestamp="2021-10-04T19:02:50Z" changeset="112091632" uid="8912234" user="Quinn Mallory"/>
  <node id="9146559944" lat="55.5922573" lon="37.2343415" version="1" timestamp="2021-10-04T19:02:50Z" changeset="112091632" uid="8912234" user="Quinn Mallory"/>
  <node id="9146559945" lat="55.5921333" lon="37.2344442" version="1" timestamp="2021-10-04T19:02:50Z" changeset="112091632" uid="8912234" user="Quinn Mallory"/>
  <node id="9146559946" lat="55.5916477" lon="37.2346030" version="1" timestamp="2021-10-04T19:02:50Z" changeset="112091632" uid="8912234" user="Quinn Mallory"/>
  <node id="9146559953" lat="55.5917084" lon="37.2340566" version="1" timestamp="2021-10-04T19:02:50Z" changeset="112091632" uid="8912234" user="Quinn Mallory"/>
  <node id="9146559954" lat="55.5921755" lon="37.2338535" version="1" timestamp="2021-10-04T19:02:50Z" changeset="112091632" uid="8912234" user="Quinn Mallory"/>
  <node id="9917715300" lat="55.5920261" lon="37.2352499" version="1" timestamp="2022-07-28T19:39:41Z" changeset="124201024" uid="10200827" user="Vyacheslav 89"/>
  <node id="9917715301" lat="55.5921936" lon="37.2352754" version="1" timestamp="2022-07-28T19:39:41Z" changeset="124201024" uid="10200827" user="Vyacheslav 89"/>
  <node id="9917715302" lat="55.5924187" lon="37.2353397" version="1" timestamp="2022-07-28T19:39:41Z" changeset="124201024" uid="10200827" user="Vyacheslav 89"/>
  <node id="9917715303" lat="55.5924566" lon="37.2353639" version="1" timestamp="2022-07-28T19:39:41Z" changeset="124201024" uid="10200827" user="Vyacheslav 89"/>
  <node id="9917715304" lat="55.5924983" lon="37.2354055" version="1" timestamp="2022-07-28T19:39:41Z" changeset="124201024" uid="10200827" user="Vyacheslav 89"/>
  <node id="9917715305" lat="55.5925339" lon="37.2354591" version="1" timestamp="2022-07-28T19:39:41Z" changeset="124201024" uid="10200827" user="Vyacheslav 89"/>
  <node id="9917715306" lat="55.5925612" lon="37.2355208" version="1" timestamp="2022-07-28T19:39:41Z" changeset="124201024" uid="10200827" user="Vyacheslav 89"/>
  <node id="9917715307" lat="55.5925892" lon="37.2356254" version="1" timestamp="2022-07-28T19:39:41Z" changeset="124201024" uid="10200827" user="Vyacheslav 89"/>
  <node id="9917715308" lat="55.5917710" lon="37.2356416" version="1" timestamp="2022-07-28T19:39:41Z" changeset="124201024" uid="10200827" user="Vyacheslav 89"/>
  <node id="9917715309" lat="55.5916720" lon="37.2354807" version="1" timestamp="2022-07-28T19:39:41Z" changeset="124201024" uid="10200827" user="Vyacheslav 89"/>
  <node id="9917715310" lat="55.5917173" lon="37.2355173" version="1" timestamp="2022-07-28T19:39:41Z" changeset="124201024" uid="10200827" user="Vyacheslav 89"/>
  <node id="9917715311" lat="55.5917532" lon="37.2355785" version="1" timestamp="2022-07-28T19:39:41Z" changeset="124201024" uid="10200827" user="Vyacheslav 89"/>
  <node id="9917715312" lat="55.5916096" lon="37.2359914" version="1" timestamp="2022-07-28T19:39:41Z" changeset="124201024" uid="10200827" user="Vyacheslav 89"/>
  <node id="9917715313" lat="55.5915646" lon="37.2359643" version="1" timestamp="2022-07-28T19:39:41Z" changeset="124201024" uid="10200827" user="Vyacheslav 89"/>
  <node id="9917715314" lat="55.5915267" lon="37.2359132" version="1" timestamp="2022-07-28T19:39:41Z" changeset="124201024" uid="10200827" user="Vyacheslav 89"/>
  <node id="9917715315" lat="55.5917451" lon="37.2359061" version="1" timestamp="2022-07-28T19:39:41Z" changeset="124201024" uid="10200827" user="Vyacheslav 89"/>
  <node id="9917715316" lat="55.5917064" lon="37.2359616" version="1" timestamp="2022-07-28T19:39:41Z" changeset="124201024" uid="10200827" user="Vyacheslav 89"/>
  <node id="9917733217" lat="55.5916595" lon="37.2359912" version="1" timestamp="2022-07-28T19:39:41Z" changeset="124201024" uid="10200827" user="Vyacheslav 89"/>
  <node id="9917733218" lat="55.5914896" lon="37.2356782" version="1" timestamp="2022-07-28T19:39:41Z" changeset="124201024" uid="10200827" user="Vyacheslav 89"/>
  <node id="9917733219" lat="55.5915070" lon="37.2355998" version="1" timestamp="2022-07-28T19:39:41Z" changeset="124201024" uid="10200827" user="Vyacheslav 89"/>
  <node id="9917733220" lat="55.5915376" lon="37.2355353" version="1" timestamp="2022-07-28T19:39:41Z" changeset="124201024" uid="10200827" user="Vyacheslav 89"/>
  <node id="9917733221" lat="55.5915782" lon="37.2354913" version="1" timestamp="2022-07-28T19:39:41Z" changeset="124201024" uid="10200827" user="Vyacheslav 89"/>
  <node id="9917733222" lat="55.5916246" lon="37.2354724" version="1" timestamp="2022-07-28T19:39:41Z" changeset="124201024" uid="10200827" user="Vyacheslav 89"/>
  <node id="9917733223" lat="55.5914875" lon="37.2357512" version="1" timestamp="2022-07-28T19:39:41Z" changeset="124201024" uid="10200827" user="Vyacheslav 89"/>
  <node id="9917733229" lat="55.5917747" lon="37.2358026" version="1" timestamp="2022-07-28T19:39:41Z" changeset="124201024" uid="10200827" user="Vyacheslav 89"/>
  <node id="9917733230" lat="55.5922878" lon="37.2357862" version="1" timestamp="2022-07-28T19:39:41Z" changeset="124201024" uid="10200827" user="Vyacheslav 89"/>
  <node id="9917733231" lat="55.5923254" lon="37.2357949" version="1" timestamp="2022-07-28T19:39:41Z" changeset="124201024" uid="10200827" user="Vyacheslav 89"/>
  <node id="9917733232" lat="55.5923514" lon="37.2358188" version="1" timestamp="2022-07-28T19:39:41Z" changeset="124201024" uid="10200827" user="Vyacheslav 89"/>
  <node id="9917733233" lat="55.5923754" lon="37.2358559" version="1" timestamp="2022-07-28T19:39:41Z" changeset="124201024" uid="10200827" user="Vyacheslav 89"/>
  <node id="9917733234" lat="55.5923874" lon="37.2358878" version="1" timestamp="2022-07-28T19:39:41Z" changeset="124201024" uid="10200827" user="Vyacheslav 89"/>
  <node id="9917733235" lat="55.5923929" lon="37.2359258" version="1" timestamp="2022-07-28T19:39:41Z" changeset="124201024" uid="10200827" user="Vyacheslav 89"/>
  <node id="9917733236" lat="55.5923929" lon="37.2359692" version="1" timestamp="2022-07-28T19:39:41Z" changeset="124201024" uid="10200827" user="Vyacheslav 89"/>
  <node id="9917733237" lat="55.5923884" lon="37.2360125" version="1" timestamp="2022-07-28T19:39:41Z" changeset="124201024" uid="10200827" user="Vyacheslav 89"/>
  <node id="9917733238" lat="55.5923779" lon="37.2360541" version="1" timestamp="2022-07-28T19:39:41Z" changeset="124201024" uid="10200827" user="Vyacheslav 89"/>
  <node id="9917733239" lat="55.5923594" lon="37.2360931" version="1" timestamp="2022-07-28T19:39:41Z" changeset="124201024" uid="10200827" user="Vyacheslav 89"/>
  <node id="9917733240" lat="55.5923299" lon="37.2361267" version="1" timestamp="2022-07-28T19:39:41Z" changeset="124201024" uid="10200827" user="Vyacheslav 89"/>
  <node id="9917733248" lat="55.5915191" lon="37.2358932" version="1" timestamp="2022-07-28T19:39:41Z" changeset="124201024" uid="10200827" user="Vyacheslav 89"/>
  <node id="9917733249" lat="55.5917696" lon="37.2358358" version="1" timestamp="2022-07-28T19:39:41Z" changeset="124201024" uid="10200827" user="Vyacheslav 89"/>
  <node id="10802232476" lat="55.5931857" lon="37.2356693" version="3" timestamp="2024-07-30T13:40:52Z" changeset="154607202" uid="564990" user="mavl">
    <tag k="bus" v="yes"/>
    <tag k="name" v="СНТ «Ручеёк»"/>
    <tag k="public_transport" v="stop_position"/>
  </node>
  <node id="11083820461" lat="55.5917798" lon="37.2357221" version="1" timestamp="2023-08-02T15:09:47Z" changeset="139352516" uid="8912234" user="Quinn Mallory"/>
  <node id="11793731547" lat="55.5920103" lon="37.2337698" version="1" timestamp="2024-04-05T16:30:33Z" changeset="149623713" uid="19616318" user="Cotton Blade"/>
  <node id="11793731548" lat="55.5922770" lon="37.2331851" version="1" timestamp="2024-04-05T16:30:33Z" changeset="149623713" uid="19616318" user="Cotton Blade"/>
  <node id="11793731556" lat="55.5922028" lon="37.2333675" version="1" timestamp="2024-04-05T16:30:33Z" changeset="149623713" uid="19616318" user="Cotton Blade"/>
  <node id="11793731557" lat="55.5921186" lon="37.2336411" version="1" timestamp="2024-04-05T16:30:33Z" changeset="149623713" uid="19616318" user="Cotton Blade"/>
  <node id="11793731559" lat="55.5917094" lon="37.2339214" version="1" timestamp="2024-04-05T16:30:33Z" changeset="149623713" uid="19616318" user="Cotton Blade"/>
  <way id="27056382" version="17" timestamp="2023-08-02T15:09:47Z" changeset="139352516" uid="8912234" user="Quinn Mallory">
    <nd ref="270831127"/>
    <nd ref="5756300638"/>
    <nd ref="5756300637"/>
    <nd ref="5756300514"/>
    <nd ref="5756300513"/>
    <nd ref="2038589776"/>
    <nd ref="2038589774"/>
    <nd ref="2038589778"/>
    <tag k="highway" v="tertiary"/>
    <tag k="lanes" v="1"/>
    <tag k="lit" v="yes"/>
    <tag k="maxspeed" v="20"/>
    <tag k="oneway" v="yes"/>
    <tag k="surface" v="asphalt"/>
  </way>
  <way id="27056388" version="28" timestamp="2023-09-17T00:03:46Z" changeset="141362335" uid="461130" user="Fizzie-DWG">
    <nd ref="254508020"/>
    <nd ref="5756300658"/>
    <nd ref="261820651"/>
    <nd ref="5756300657"/>
    <nd ref="5758822391"/>
    <nd ref="5756300655"/>
    <nd ref="5756300659"/>
    <nd ref="5758822392"/>
    <nd ref="5758822393"/>
    <nd ref="5756300660"/>
    <nd ref="5756300656"/>
    <nd ref="261820652"/>
    <nd ref="5756300654"/>
    <nd ref="5756300653"/>
    <nd ref="261820653"/>
    <nd ref="5756300652"/>
    <nd ref="261820655"/>
    <nd ref="5756300651"/>
    <nd ref="5756300664"/>
    <nd ref="261820656"/>
    <tag k="bridge" v="yes"/>
    <tag k="highway" v="primary"/>
    <tag k="lanes" v="3"/>
    <tag k="layer" v="1"/>
    <tag k="lit" v="yes"/>
    <tag k="maxspeed" v="90"/>
    <tag k="name" v="Боровское шоссе"/>
    <tag k="oneway" v="yes"/>
    <tag k="surface" v="asphalt"/>
  </way>
  <way id="27056426" version="27" timestamp="2023-09-17T00:03:46Z" changeset="141362335" uid="461130" user="Fizzie-DWG">
    <nd ref="261820980"/>
    <nd ref="5756300663"/>
    <nd ref="261820981"/>
    <nd ref="5756301043"/>
    <nd ref="5756300661"/>
    <nd ref="5756300662"/>
    <nd ref="5756301066"/>
    <nd ref="5756301067"/>
    <nd ref="261820982"/>
    <nd ref="5758822269"/>
    <nd ref="5758822268"/>
    <nd ref="5758822267"/>
    <nd ref="5756301068"/>
    <nd ref="5758822266"/>
    <nd ref="261820983"/>
    <nd ref="261820467"/>
    <tag k="bridge" v="yes"/>
    <tag k="highway" v="primary"/>
    <tag k="lanes" v="3"/>
    <tag k="layer" v="1"/>
    <tag k="lit" v="yes"/>
    <tag k="maxspeed" v="90"/>
    <tag k="name" v="Боровское шоссе"/>
    <tag k="oneway" v="yes"/>
    <tag k="surface" v="asphalt"/>
  </way>
  <way id="27056440" version="24" timestamp="2023-09-17T00:03:46Z" changeset="141362335" uid="461130" user="Fizzie-DWG">
    <nd ref="261820978"/>
    <nd ref="261820980"/>
    <tag k="bridge" v="yes"/>
    <tag k="highway" v="primary"/>
    <tag k="lanes" v="3"/>
    <tag k="layer" v="1"/>
    <tag k="lit" v="yes"/>
    <tag k="maxspeed" v="90"/>
    <tag k="name" v="Боровское шоссе"/>
    <tag k="oneway" v="yes"/>
    <tag k="surface" v="asphalt"/>
  </way>
  <way id="39371280" version="12" timestamp="2023-08-02T15:09:47Z" changeset="139352516" uid="8912234" user="Quinn Mallory">
    <nd ref="5758822388"/>
    <nd ref="471768065"/>
    <nd ref="471768066"/>
    <nd ref="471768067"/>
    <nd ref="5758822389"/>
    <nd ref="5756301375"/>
    <nd ref="5758822390"/>
    <nd ref="471768068"/>
    <nd ref="5756301374"/>
    <nd ref="471768069"/>
    <nd ref="5756301321"/>
    <nd ref="270831139"/>
    <tag k="destination" v="Толстопальцево;Внуково-3"/>
    <tag k="highway" v="secondary"/>
    <tag k="lanes" v="2"/>
    <tag k="lit" v="yes"/>
    <tag k="maxspeed" v="60"/>
    <tag k="maxspeed:advisory" v="60"/>
    <tag k="oneway" v="yes"/>
    <tag k="priority_road" v="designated"/>
    <tag k="surface" v="asphalt"/>
  </way>
  <way id="39371281" version="13" timestamp="2023-08-02T15:09:47Z" changeset="139352516" uid="8912234" user="Quinn Mallory">
    <nd ref="270831133"/>
    <nd ref="625842854"/>
    <nd ref="5756301058"/>
    <nd ref="5756301059"/>
    <nd ref="5756301117"/>
    <nd ref="5756301060"/>
    <nd ref="5756301061"/>
    <nd ref="5756301086"/>
    <tag k="destination" v="Внуково;Внуково-1;Внуково-3;Москва"/>
    <tag k="highway" v="secondary"/>
    <tag k="lanes" v="2"/>
    <tag k="lit" v="yes"/>
    <tag k="maxspeed" v="90"/>
    <tag k="oneway" v="yes"/>
    <tag k="surface" v="asphalt"/>
  </way>
  <way id="43053925" version="10" timestamp="2020-04-27T08:10:23Z" changeset="84181525" uid="8912234" user="Quinn Mallory">
    <nd ref="270831127"/>
    <nd ref="2038589770"/>
    <tag k="highway" v="secondary"/>
    <tag k="lanes" v="2"/>
    <tag k="lit" v="yes"/>
    <tag k="maxspeed" v="60"/>
    <tag k="oneway" v="yes"/>
    <tag k="priority_road" v="designated"/>
    <tag k="surface" v="asphalt"/>
  </way>
  <way id="49286403" version="5" timestamp="2020-11-27T08:44:56Z" changeset="94882592" uid="10213578" user="Stratula">
    <nd ref="471768070"/>
    <nd ref="5756301063"/>
    <nd ref="5756301064"/>
    <nd ref="625962973"/>
    <nd ref="7076362596"/>
    <nd ref="625962975"/>
    <tag k="highway" v="service"/>
    <tag k="maxspeed" v="5"/>
    <tag k="oneway" v="yes"/>
    <tag k="surface" v="asphalt"/>
  </way>
  <way id="123752341" version="11" timestamp="2025-01-18T09:05:42Z" changeset="161483028" uid="564990" user="mavl">
    <nd ref="1378982213"/>
    <nd ref="1378981590"/>
    <tag k="highway" v="service"/>
    <tag k="maxspeed" v="20"/>
    <tag k="name" v="7-я улица"/>
    <tag k="surface" v="compacted"/>
  </way>
  <way id="123752360" version="11" timestamp="2025-01-18T09:05:42Z" changeset="161483028" uid="564990" user="mavl">
    <nd ref="1378981067"/>
    <nd ref="1378980934"/>
    <tag k="highway" v="service"/>
    <tag k="maxspeed" v="20"/>
    <tag k="name" v="6-я улица"/>
    <tag k="surface" v="compacted"/>
  </way>
  <way id="123752397" version="10" timestamp="2023-01-09T08:09:53Z" changeset="131042910" uid="8923706" user="Elizen">
    <nd ref="6955031623"/>
    <nd ref="1378981959"/>
    <nd ref="1378981108"/>
    <nd ref="1809631850"/>
    <nd ref="1378982478"/>
    <nd ref="5766409101"/>
    <nd ref="1378981240"/>
    <nd ref="5758822071"/>
    <nd ref="1456628000"/>
    <nd ref="1809631817"/>
    <nd ref="1456628001"/>
    <nd ref="1378981285"/>
    <nd ref="1809631825"/>
    <nd ref="5758822040"/>
    <nd ref="1378982411"/>
    <nd ref="1310940352"/>
  </way>
  <way id="123752404" version="11" timestamp="2025-01-18T09:05:42Z" changeset="161483028" uid="564990" user="mavl">
    <nd ref="1378981935"/>
    <nd ref="1378981228"/>
    <tag k="highway" v="service"/>
    <tag k="maxspeed" v="20"/>
    <tag k="name" v="4-я улица"/>
    <tag k="surface" v="compacted"/>
  </way>
  <way id="123752416" version="11" timestamp="2025-01-18T09:05:42Z" changeset="161483028" uid="564990" user="mavl">
    <nd ref="1378982362"/>
    <nd ref="1378981513"/>
    <tag k="highway" v="service"/>
    <tag k="maxspeed" v="20"/>
    <tag k="name" v="3-я улица"/>
    <tag k="surface" v="compacted"/>
  </way>
  <way id="123752429" version="12" timestamp="2025-01-16T16:06:53Z" changeset="161424557" uid="564990" user="mavl">
    <nd ref="1378982287"/>
    <nd ref="1378982362"/>
    <nd ref="1378980973"/>
    <nd ref="1378981228"/>
    <nd ref="1378982489"/>
    <nd ref="1378980934"/>
    <nd ref="1378981087"/>
    <nd ref="1378981590"/>
    <nd ref="1378982475"/>
    <nd ref="1378981191"/>
    <nd ref="1378982044"/>
    <tag k="highway" v="service"/>
    <tag k="maxspeed" v="20"/>
    <tag k="name" v="Центральная улица"/>
    <tag k="surface" v="compacted"/>
  </way>
  <way id="123752445" version="11" timestamp="2025-01-18T09:05:42Z" changeset="161483028" uid="564990" user="mavl">
    <nd ref="1378982185"/>
    <nd ref="1378982489"/>
    <tag k="highway" v="service"/>
    <tag k="maxspeed" v="20"/>
    <tag k="name" v="5-я улица"/>
    <tag k="surface" v="compacted"/>
  </way>
  <way id="124027421" version="8" timestamp="2024-10-14T16:41:18Z" changeset="157886931" uid="1832883" user="Noro Hibu">
    <nd ref="332478274"/>
    <nd ref="1380779212"/>
    <nd ref="1380779116"/>
    <nd ref="1380779101"/>
    <nd ref="1380779058"/>
    <nd ref="1380779072"/>
    <nd ref="6334146573"/>
    <nd ref="1380778884"/>
    <nd ref="1380778065"/>
    <nd ref="11083820487"/>
    <nd ref="2396973766"/>
    <nd ref="1380776912"/>
    <nd ref="2396973752"/>
    <nd ref="1380776806"/>
    <nd ref="1380775653"/>
    <nd ref="11083820503"/>
    <nd ref="1380775214"/>
  </way>
  <way id="125293872" version="22" timestamp="2023-09-17T00:02:58Z" changeset="141362323" uid="461130" user="Fizzie-DWG">
    <nd ref="1392017358"/>
    <nd ref="9146559929"/>
    <nd ref="9146559930"/>
    <nd ref="1392017400"/>
    <nd ref="9146559942"/>
    <nd ref="1392017411"/>
    <nd ref="1889955155"/>
    <nd ref="1392017385"/>
    <nd ref="1392017357"/>
    <nd ref="1889955013"/>
    <nd ref="1889954980"/>
    <nd ref="1392017376"/>
    <nd ref="1392017360"/>
    <nd ref="1392017369"/>
    <nd ref="8044114667"/>
    <nd ref="1889955029"/>
    <nd ref="1392017358"/>
    <tag k="landuse" v="residential"/>
    <tag k="name" v="Посёлок кирпичного завода"/>
    <tag k="place" v="hamlet"/>
    <tag k="population" v="12"/>
  </way>
  <way id="128108510" version="6" timestamp="2020-04-27T08:10:23Z" changeset="84181525" uid="8912234" user="Quinn Mallory">
    <nd ref="270831139"/>
    <nd ref="270831128"/>
    <nd ref="270831127"/>
    <tag k="highway" v="secondary"/>
    <tag k="lanes" v="2"/>
    <tag k="lit" v="yes"/>
    <tag k="maxspeed" v="60"/>
    <tag k="oneway" v="yes"/>
    <tag k="priority_road" v="designated"/>
    <tag k="surface" v="asphalt"/>
  </way>
  <way id="128108513" version="7" timestamp="2020-02-19T07:31:39Z" changeset="81207509" uid="8912234" user="Quinn Mallory">
    <nd ref="270831133"/>
    <nd ref="270831132"/>
    <nd ref="5756301048"/>
    <nd ref="5756301047"/>
    <nd ref="270831141"/>
    <nd ref="5756301049"/>
    <nd ref="5756301050"/>
    <nd ref="5756301051"/>
    <nd ref="5756301053"/>
    <nd ref="5756301052"/>
    <nd ref="5756301096"/>
    <nd ref="270831140"/>
    <tag k="highway" v="secondary"/>
    <tag k="lanes" v="2"/>
    <tag k="lit" v="yes"/>
    <tag k="maxspeed" v="90"/>
    <tag k="oneway" v="yes"/>
    <tag k="surface" v="asphalt"/>
  </way>
  <way id="136671258" version="7" timestamp="2020-02-19T07:31:39Z" changeset="81207509" uid="8912234" user="Quinn Mallory">
    <nd ref="270831135"/>
    <nd ref="5756301359"/>
    <tag k="highway" v="secondary"/>
    <tag k="lanes" v="2"/>
    <tag k="lit" v="yes"/>
    <tag k="maxspeed" v="90"/>
    <tag k="oneway" v="yes"/>
    <tag k="surface" v="asphalt"/>
  </way>
  <way id="156105951" version="8" timestamp="2020-04-27T08:10:23Z" changeset="84181525" uid="8912234" user="Quinn Mallory">
    <nd ref="2038589770"/>
    <nd ref="2038589768"/>
    <tag k="highway" v="secondary"/>
    <tag k="lanes" v="2"/>
    <tag k="lit" v="yes"/>
    <tag k="maxspeed" v="60"/>
    <tag k="oneway" v="yes"/>
    <tag k="priority_road" v="designated"/>
    <tag k="surface" v="asphalt"/>
  </way>
  <way id="169803368" version="2" timestamp="2013-04-22T14:19:51Z" changeset="15825206" uid="260756" user="Felis Pimeja">
    <nd ref="1809638453"/>
    <nd ref="1809638454"/>
    <tag k="layer" v="-1"/>
    <tag k="tunnel" v="culvert"/>
    <tag k="waterway" v="stream"/>
  </way>
  <way id="169803369" version="1" timestamp="2012-07-02T07:27:01Z" changeset="12083978" uid="449348" user="hui_voine">
    <nd ref="1809638454"/>
    <nd ref="1809638455"/>
    <nd ref="1809638457"/>
    <nd ref="1809638456"/>
    <nd ref="1809638458"/>
    <nd ref="1809638459"/>
    <nd ref="1809638460"/>
    <nd ref="1809638461"/>
    <nd ref="1809638463"/>
    <nd ref="1809638462"/>
    <nd ref="1809638465"/>
    <nd ref="1809638470"/>
    <nd ref="1809638476"/>
    <nd ref="1809638482"/>
    <nd ref="1809638487"/>
    <nd ref="1809638495"/>
    <nd ref="1809638516"/>
    <nd ref="1809638518"/>
    <nd ref="1809638522"/>
    <nd ref="1809638519"/>
    <nd ref="1809638525"/>
    <nd ref="1809638528"/>
    <nd ref="1809638531"/>
    <nd ref="1809638532"/>
    <nd ref="1796992785"/>
    <tag k="waterway" v="stream"/>
  </way>
  <way id="169803370" version="1" timestamp="2012-07-02T07:27:02Z" changeset="12083978" uid="449348" user="hui_voine">
    <nd ref="1809638448"/>
    <nd ref="1809638449"/>
    <nd ref="1809638450"/>
    <nd ref="1809638452"/>
    <nd ref="1809638451"/>
    <nd ref="1809638453"/>
    <tag k="waterway" v="stream"/>
  </way>
  <way id="178645379" version="3" timestamp="2021-10-04T19:02:50Z" changeset="112091632" uid="8912234" user="Quinn Mallory">
    <nd ref="1889955151"/>
    <nd ref="1889955153"/>
    <nd ref="1889955149"/>
    <nd ref="1889955118"/>
    <nd ref="1889955137"/>
    <nd ref="1889955146"/>
    <nd ref="1889955147"/>
    <nd ref="1889955154"/>
    <nd ref="1889955157"/>
    <nd ref="1889955150"/>
    <nd ref="1889955066"/>
    <nd ref="1889955065"/>
    <nd ref="1889955076"/>
    <nd ref="6340399211"/>
    <nd ref="1889955068"/>
    <nd ref="1889955064"/>
    <nd ref="1889955053"/>
    <nd ref="1889955015"/>
    <nd ref="1889954995"/>
    <nd ref="1889954988"/>
    <nd ref="1889955010"/>
    <nd ref="1889955024"/>
    <nd ref="1889955013"/>
    <nd ref="1889954993"/>
    <nd ref="1889955001"/>
    <nd ref="1889955025"/>
    <nd ref="1889955054"/>
    <nd ref="1889955059"/>
    <nd ref="1889955062"/>
    <nd ref="1889955067"/>
    <nd ref="1889955070"/>
    <nd ref="1889955074"/>
    <nd ref="1889955077"/>
    <nd ref="1889955079"/>
    <nd ref="1889955088"/>
    <nd ref="1889955142"/>
    <nd ref="1889955145"/>
    <nd ref="1889955135"/>
    <nd ref="1889955130"/>
    <nd ref="1889955105"/>
    <nd ref="1889955099"/>
    <nd ref="1889955104"/>
    <nd ref="1889955095"/>
    <nd ref="1889955091"/>
    <nd ref="1889955103"/>
    <nd ref="1889955092"/>
    <nd ref="1889955098"/>
    <nd ref="1889955119"/>
    <nd ref="1889955113"/>
    <nd ref="1889955101"/>
    <nd ref="1889955100"/>
    <nd ref="1889955107"/>
    <nd ref="1889955096"/>
    <nd ref="1889955112"/>
    <nd ref="1889955108"/>
    <nd ref="1889955125"/>
    <nd ref="1889955133"/>
    <nd ref="1889955121"/>
    <nd ref="1889955123"/>
    <nd ref="1889955134"/>
    <nd ref="1889955144"/>
    <nd ref="1889955151"/>
    <tag k="leaf_cycle" v="mixed"/>
    <tag k="leaf_type" v="mixed"/>
    <tag k="natural" v="wood"/>
  </way>
  <way id="185229907" version="8" timestamp="2023-08-25T13:13:24Z" changeset="140372443" uid="11978982" user="mappinglander">
    <nd ref="1957934305"/>
    <nd ref="1957934214"/>
    <nd ref="5758822375"/>
    <nd ref="1957934171"/>
    <nd ref="1957934218"/>
    <nd ref="1957934215"/>
    <nd ref="1957934235"/>
    <nd ref="1957934238"/>
    <nd ref="1957934241"/>
    <nd ref="1957934232"/>
    <nd ref="1957934178"/>
    <nd ref="6334146799"/>
    <nd ref="5758822378"/>
    <nd ref="1957934210"/>
    <nd ref="1957934162"/>
    <nd ref="7735722141"/>
    <nd ref="5758822377"/>
    <nd ref="5758822376"/>
    <nd ref="7735723922"/>
    <nd ref="1957934306"/>
    <nd ref="7735723907"/>
    <nd ref="1957934880"/>
    <nd ref="1957934993"/>
    <nd ref="5758822374"/>
    <nd ref="1957935091"/>
    <nd ref="5758822373"/>
    <nd ref="1957935095"/>
    <nd ref="1957935050"/>
    <nd ref="1957935016"/>
    <nd ref="1957934310"/>
    <nd ref="1957934305"/>
    <tag k="landuse" v="grass"/>
  </way>
  <way id="191660714" version="1" timestamp="2012-11-20T03:07:53Z" changeset="13940573" uid="449348" user="hui_voine">
    <nd ref="2022465577"/>
    <nd ref="2022465569"/>
    <nd ref="2022465571"/>
    <nd ref="2022465579"/>
    <nd ref="2022465577"/>
    <tag k="building" v="yes"/>
  </way>
  <way id="193353265" version="32" timestamp="2025-05-21T12:46:40Z" changeset="166567519" uid="12947635" user="Руслан Т">
    <nd ref="2038589778"/>
    <nd ref="5756301336"/>
    <nd ref="5756301337"/>
    <nd ref="7236382956"/>
    <nd ref="10802232474"/>
    <nd ref="5756300515"/>
    <nd ref="10802232475"/>
    <nd ref="1809631813"/>
    <nd ref="6333440828"/>
    <nd ref="5756301400"/>
    <nd ref="4940851910"/>
    <nd ref="6333440826"/>
    <nd ref="4940851913"/>
    <nd ref="5758822413"/>
    <nd ref="5758822452"/>
    <nd ref="5756301405"/>
    <nd ref="5756301406"/>
    <nd ref="7747092969"/>
    <nd ref="10803305770"/>
    <nd ref="6333440821"/>
    <nd ref="5756301407"/>
    <nd ref="10803305769"/>
    <nd ref="5756301408"/>
    <nd ref="1392017398"/>
    <nd ref="5912797887"/>
    <nd ref="5756301409"/>
    <nd ref="1392017388"/>
    <nd ref="1880710732"/>
    <nd ref="6890133385"/>
    <nd ref="1392017408"/>
    <nd ref="1889903768"/>
    <nd ref="1392017410"/>
    <nd ref="10803305772"/>
    <nd ref="5756301417"/>
    <nd ref="6754055253"/>
    <nd ref="10803305771"/>
    <nd ref="1392017366"/>
    <nd ref="1889903771"/>
    <nd ref="6754055256"/>
    <nd ref="1392017377"/>
    <nd ref="1889903815"/>
    <nd ref="7028843657"/>
    <tag k="highway" v="tertiary"/>
    <tag k="lanes" v="2"/>
    <tag k="lit" v="yes"/>
    <tag k="maxspeed" v="60"/>
    <tag k="name" v="Привольная улица"/>
    <tag k="priority_road" v="designated"/>
    <tag k="surface" v="asphalt"/>
  </way>
  <way id="193353266" version="4" timestamp="2020-02-19T07:31:39Z" changeset="81207509" uid="8912234" user="Quinn Mallory">
    <nd ref="2038589770"/>
    <nd ref="5756301025"/>
    <nd ref="1378982280"/>
    <nd ref="5756300639"/>
    <nd ref="5756300649"/>
    <nd ref="5756300640"/>
    <nd ref="2038589763"/>
    <tag k="highway" v="secondary"/>
    <tag k="lanes" v="2"/>
    <tag k="lit" v="yes"/>
    <tag k="maxspeed" v="90"/>
    <tag k="oneway" v="yes"/>
    <tag k="surface" v="asphalt"/>
  </way>
  <way id="193353268" version="5" timestamp="2023-08-02T15:09:47Z" changeset="139352516" uid="8912234" user="Quinn Mallory">
    <nd ref="2038589778"/>
    <nd ref="2038589772"/>
    <nd ref="5756300634"/>
    <nd ref="5756300635"/>
    <nd ref="5756300636"/>
    <nd ref="2038589768"/>
    <tag k="highway" v="tertiary"/>
    <tag k="lanes" v="1"/>
    <tag k="lit" v="yes"/>
    <tag k="maxspeed" v="20"/>
    <tag k="oneway" v="yes"/>
    <tag k="surface" v="asphalt"/>
  </way>
  <way id="193353270" version="4" timestamp="2020-02-19T07:31:39Z" changeset="81207509" uid="8912234" user="Quinn Mallory">
    <nd ref="2038589763"/>
    <nd ref="471768062"/>
    <nd ref="471768063"/>
    <nd ref="471768064"/>
    <nd ref="5756300687"/>
    <nd ref="5756300641"/>
    <nd ref="5756300686"/>
    <nd ref="5756300642"/>
    <nd ref="5756300643"/>
    <nd ref="5756300644"/>
    <nd ref="5756300685"/>
    <nd ref="270831135"/>
    <tag k="highway" v="secondary"/>
    <tag k="lanes" v="2"/>
    <tag k="lit" v="yes"/>
    <tag k="maxspeed" v="90"/>
    <tag k="oneway" v="yes"/>
    <tag k="surface" v="asphalt"/>
  </way>
  <way id="222322086" version="3" timestamp="2023-01-12T14:23:07Z" changeset="131191021" uid="8923706" user="Elizen">
    <nd ref="2312998436"/>
    <nd ref="2312998443"/>
    <nd ref="2312998323"/>
    <nd ref="2312998317"/>
    <nd ref="2312998284"/>
    <nd ref="2312998281"/>
    <nd ref="2312998310"/>
    <nd ref="2312998306"/>
    <nd ref="2312998347"/>
    <nd ref="2312998343"/>
    <nd ref="2312998410"/>
    <nd ref="2312998412"/>
    <nd ref="2312998436"/>
    <tag k="addr:city" v="Марушкино"/>
    <tag k="addr:housenumber" v="78"/>
    <tag k="addr:place" v="СНТ «Ручеёк»"/>
    <tag k="building" v="yes"/>
  </way>
  <way id="222322087" version="3" timestamp="2023-01-12T14:23:07Z" changeset="131191021" uid="8923706" user="Elizen">
    <nd ref="2312997803"/>
    <nd ref="2312997812"/>
    <nd ref="2312997778"/>
    <nd ref="2312997772"/>
    <nd ref="2312997752"/>
    <nd ref="2312997719"/>
    <nd ref="2312997736"/>
    <nd ref="2312997728"/>
    <nd ref="2312997769"/>
    <nd ref="2312997774"/>
    <nd ref="2312997799"/>
    <nd ref="2312997833"/>
    <nd ref="2312997803"/>
    <tag k="addr:city" v="Марушкино"/>
    <tag k="addr:housenumber" v="33 с1"/>
    <tag k="addr:street" v="5-я улица"/>
    <tag k="addr:suburb" v="СНТ «Ручеёк»"/>
    <tag k="building" v="house"/>
  </way>
  <way id="222322089" version="4" timestamp="2026-05-30T11:23:23Z" changeset="183395730" uid="21666388" user="Womhyo666">
    <nd ref="2312997681"/>
    <nd ref="2312997608"/>
    <nd ref="2312997604"/>
    <nd ref="2312997581"/>
    <nd ref="2312997553"/>
    <nd ref="2312997561"/>
    <nd ref="2312997532"/>
    <nd ref="2312997556"/>
    <nd ref="2312997578"/>
    <nd ref="2312997588"/>
    <nd ref="2312997566"/>
    <nd ref="2312997592"/>
    <nd ref="2312997619"/>
    <nd ref="2312997622"/>
    <nd ref="2312997681"/>
    <tag k="addr:city" v="Марушкино"/>
    <tag k="addr:housenumber" v="3 с1"/>
    <tag k="addr:place" v="СНТ «Ручеёк»"/>
    <tag k="addr:postcode" v="108809"/>
    <tag k="building" v="house"/>
  </way>
  <way id="222322115" version="3" timestamp="2023-01-12T14:23:07Z" changeset="131191021" uid="8923706" user="Elizen">
    <nd ref="2312997859"/>
    <nd ref="2312997905"/>
    <nd ref="2312997834"/>
    <nd ref="2312997810"/>
    <nd ref="2312997859"/>
    <tag k="addr:city" v="Марушкино"/>
    <tag k="addr:housenumber" v="35 с2"/>
    <tag k="addr:place" v="СНТ «Ручеёк»"/>
    <tag k="building" v="yes"/>
  </way>
  <way id="222322119" version="3" timestamp="2023-01-12T14:23:07Z" changeset="131191021" uid="8923706" user="Elizen">
    <nd ref="2312997691"/>
    <nd ref="2312997763"/>
    <nd ref="2312997698"/>
    <nd ref="2312997640"/>
    <nd ref="2312997691"/>
    <tag k="addr:city" v="Марушкино"/>
    <tag k="addr:housenumber" v="16"/>
    <tag k="addr:place" v="СНТ «Ручеёк»"/>
    <tag k="building" v="house"/>
  </way>
  <way id="222322153" version="1" timestamp="2013-05-20T13:59:11Z" changeset="16208970" uid="1307416" user="nasty90">
    <nd ref="2312997213"/>
    <nd ref="2312997217"/>
    <nd ref="2312997208"/>
    <nd ref="2312997207"/>
    <nd ref="2312997213"/>
    <tag k="building" v="yes"/>
  </way>
  <way id="222322193" version="1" timestamp="2013-05-20T13:59:13Z" changeset="16208970" uid="1307416" user="nasty90">
    <nd ref="2312997306"/>
    <nd ref="2312997320"/>
    <nd ref="2312997310"/>
    <nd ref="2312997297"/>
    <nd ref="2312997306"/>
    <tag k="building" v="yes"/>
  </way>
  <way id="222322212" version="1" timestamp="2013-05-20T13:59:14Z" changeset="16208970" uid="1307416" user="nasty90">
    <nd ref="2312998319"/>
    <nd ref="2312998321"/>
    <nd ref="2312998277"/>
    <nd ref="2312998276"/>
    <nd ref="2312998319"/>
    <tag k="building" v="yes"/>
  </way>
  <way id="222322230" version="3" timestamp="2023-01-12T14:23:07Z" changeset="131191021" uid="8923706" user="Elizen">
    <nd ref="2312997603"/>
    <nd ref="2312997643"/>
    <nd ref="2312997597"/>
    <nd ref="2312997564"/>
    <nd ref="2312997603"/>
    <tag k="addr:city" v="Марушкино"/>
    <tag k="addr:housenumber" v="21"/>
    <tag k="addr:place" v="СНТ «Ручеёк»"/>
    <tag k="building" v="house"/>
  </way>
  <way id="222322251" version="1" timestamp="2013-05-20T13:59:15Z" changeset="16208970" uid="1307416" user="nasty90">
    <nd ref="2312997234"/>
    <nd ref="2312997237"/>
    <nd ref="2312997231"/>
    <nd ref="2312997228"/>
    <nd ref="2312997234"/>
    <tag k="building" v="yes"/>
  </way>
  <way id="222322281" version="1" timestamp="2013-05-20T13:59:16Z" changeset="16208970" uid="1307416" user="nasty90">
    <nd ref="2312997972"/>
    <nd ref="2312997987"/>
    <nd ref="2312997948"/>
    <nd ref="2312997920"/>
    <nd ref="2312997972"/>
    <tag k="building" v="yes"/>
  </way>
  <way id="222322304" version="1" timestamp="2013-05-20T13:59:17Z" changeset="16208970" uid="1307416" user="nasty90">
    <nd ref="2312997251"/>
    <nd ref="2312997256"/>
    <nd ref="2312997244"/>
    <nd ref="2312997241"/>
    <nd ref="2312997251"/>
    <tag k="building" v="yes"/>
  </way>
  <way id="222322345" version="1" timestamp="2013-05-20T13:59:18Z" changeset="16208970" uid="1307416" user="nasty90">
    <nd ref="2312997245"/>
    <nd ref="2312997253"/>
    <nd ref="2312997243"/>
    <nd ref="2312997235"/>
    <nd ref="2312997245"/>
    <tag k="building" v="yes"/>
  </way>
  <way id="222322443" version="1" timestamp="2013-05-20T13:59:22Z" changeset="16208970" uid="1307416" user="nasty90">
    <nd ref="2312997528"/>
    <nd ref="2312997544"/>
    <nd ref="2312997518"/>
    <nd ref="2312997500"/>
    <nd ref="2312997528"/>
    <tag k="building" v="yes"/>
  </way>
  <way id="222322447" version="3" timestamp="2023-01-12T14:23:07Z" changeset="131191021" uid="8923706" user="Elizen">
    <nd ref="2312997467"/>
    <nd ref="2312997502"/>
    <nd ref="2312997477"/>
    <nd ref="2312997435"/>
    <nd ref="2312997467"/>
    <tag k="addr:city" v="Марушкино"/>
    <tag k="addr:housenumber" v="23 с2"/>
    <tag k="addr:place" v="СНТ «Ручеёк»"/>
    <tag k="building" v="house"/>
  </way>
  <way id="222322462" version="1" timestamp="2013-05-20T13:59:23Z" changeset="16208970" uid="1307416" user="nasty90">
    <nd ref="2312997596"/>
    <nd ref="2312997611"/>
    <nd ref="2312997579"/>
    <nd ref="2312997568"/>
    <nd ref="2312997596"/>
    <tag k="building" v="yes"/>
  </way>
  <way id="222322478" version="1" timestamp="2013-05-20T13:59:23Z" changeset="16208970" uid="1307416" user="nasty90">
    <nd ref="2312997294"/>
    <nd ref="2312997282"/>
    <nd ref="2312997279"/>
    <nd ref="2312997287"/>
    <nd ref="2312997294"/>
    <tag k="building" v="yes"/>
  </way>
  <way id="222322500" version="1" timestamp="2013-05-20T13:59:25Z" changeset="16208970" uid="1307416" user="nasty90">
    <nd ref="2312998384"/>
    <nd ref="2312998408"/>
    <nd ref="2312998311"/>
    <nd ref="2312998290"/>
    <nd ref="2312998384"/>
    <tag k="building" v="yes"/>
  </way>
  <way id="222322507" version="1" timestamp="2013-05-20T13:59:26Z" changeset="16208970" uid="1307416" user="nasty90">
    <nd ref="2312997631"/>
    <nd ref="2312997706"/>
    <nd ref="2312997743"/>
    <nd ref="2312997667"/>
    <nd ref="2312997631"/>
    <tag k="building" v="yes"/>
  </way>
  <way id="222322511" version="1" timestamp="2013-05-20T13:59:26Z" changeset="16208970" uid="1307416" user="nasty90">
    <nd ref="2312997925"/>
    <nd ref="2312997970"/>
    <nd ref="2312997891"/>
    <nd ref="2312997840"/>
    <nd ref="2312997925"/>
    <tag k="building" v="yes"/>
  </way>
  <way id="222322540" version="1" timestamp="2013-05-20T13:59:27Z" changeset="16208970" uid="1307416" user="nasty90">
    <nd ref="2312997211"/>
    <nd ref="2312997218"/>
    <nd ref="2312997214"/>
    <nd ref="2312997209"/>
    <nd ref="2312997211"/>
    <tag k="building" v="yes"/>
  </way>
  <way id="222322558" version="1" timestamp="2013-05-20T13:59:28Z" changeset="16208970" uid="1307416" user="nasty90">
    <nd ref="2312997754"/>
    <nd ref="2312997784"/>
    <nd ref="2312997764"/>
    <nd ref="2312997741"/>
    <nd ref="2312997754"/>
    <tag k="building" v="yes"/>
  </way>
  <way id="222322573" version="1" timestamp="2013-05-20T13:59:29Z" changeset="16208970" uid="1307416" user="nasty90">
    <nd ref="2312997325"/>
    <nd ref="2312997338"/>
    <nd ref="2312997324"/>
    <nd ref="2312997308"/>
    <nd ref="2312997325"/>
    <tag k="building" v="yes"/>
  </way>
  <way id="222322591" version="1" timestamp="2013-05-20T13:59:30Z" changeset="16208970" uid="1307416" user="nasty90">
    <nd ref="2312997651"/>
    <nd ref="2312997662"/>
    <nd ref="2312997647"/>
    <nd ref="2312997629"/>
    <nd ref="2312997651"/>
    <tag k="building" v="yes"/>
  </way>
  <way id="222322656" version="1" timestamp="2013-05-20T13:59:34Z" changeset="16208970" uid="1307416" user="nasty90">
    <nd ref="2312997316"/>
    <nd ref="2312997331"/>
    <nd ref="2312997304"/>
    <nd ref="2312997283"/>
    <nd ref="2312997316"/>
    <tag k="building" v="yes"/>
  </way>
  <way id="222322669" version="1" timestamp="2013-05-20T13:59:35Z" changeset="16208970" uid="1307416" user="nasty90">
    <nd ref="2312997697"/>
    <nd ref="2312997714"/>
    <nd ref="2312997692"/>
    <nd ref="2312997679"/>
    <nd ref="2312997697"/>
    <tag k="building" v="yes"/>
  </way>
  <way id="222322707" version="3" timestamp="2023-01-12T14:23:07Z" changeset="131191021" uid="8923706" user="Elizen">
    <nd ref="2312998421"/>
    <nd ref="2312998478"/>
    <nd ref="2312998351"/>
    <nd ref="2312998285"/>
    <nd ref="2312998421"/>
    <tag k="addr:city" v="Марушкино"/>
    <tag k="addr:housenumber" v="73"/>
    <tag k="addr:place" v="СНТ «Ручеёк»"/>
    <tag k="building" v="house"/>
  </way>
  <way id="222322713" version="1" timestamp="2013-05-20T13:59:38Z" changeset="16208970" uid="1307416" user="nasty90">
    <nd ref="2312997531"/>
    <nd ref="2312997538"/>
    <nd ref="2312997520"/>
    <nd ref="2312997514"/>
    <nd ref="2312997531"/>
    <tag k="building" v="yes"/>
  </way>
  <way id="222322731" version="3" timestamp="2023-01-12T14:23:07Z" changeset="131191021" uid="8923706" user="Elizen">
    <nd ref="2312997501"/>
    <nd ref="2312997551"/>
    <nd ref="2312997485"/>
    <nd ref="2312997421"/>
    <nd ref="2312997501"/>
    <tag k="addr:city" v="Марушкино"/>
    <tag k="addr:housenumber" v="4 с1"/>
    <tag k="addr:place" v="СНТ «Ручеёк»"/>
    <tag k="addr:postcode" v="108809"/>
    <tag k="building" v="house"/>
  </way>
  <way id="222322746" version="1" timestamp="2013-05-20T13:59:39Z" changeset="16208970" uid="1307416" user="nasty90">
    <nd ref="2312997318"/>
    <nd ref="2312997329"/>
    <nd ref="2312997326"/>
    <nd ref="2312997315"/>
    <nd ref="2312997318"/>
    <tag k="building" v="yes"/>
  </way>
  <way id="222322769" version="1" timestamp="2013-05-20T13:59:40Z" changeset="16208970" uid="1307416" user="nasty90">
    <nd ref="2312998243"/>
    <nd ref="2312998261"/>
    <nd ref="2312998231"/>
    <nd ref="2312998216"/>
    <nd ref="2312998243"/>
    <tag k="building" v="yes"/>
  </way>
  <way id="222322775" version="3" timestamp="2023-01-12T14:23:07Z" changeset="131191021" uid="8923706" user="Elizen">
    <nd ref="2312997519"/>
    <nd ref="2312997535"/>
    <nd ref="2312997515"/>
    <nd ref="2312997491"/>
    <nd ref="2312997519"/>
    <tag k="addr:city" v="Марушкино"/>
    <tag k="addr:housenumber" v="23 с4"/>
    <tag k="addr:place" v="СНТ «Ручеёк»"/>
    <tag k="building" v="yes"/>
  </way>
  <way id="222322804" version="1" timestamp="2013-05-20T13:59:42Z" changeset="16208970" uid="1307416" user="nasty90">
    <nd ref="2312997219"/>
    <nd ref="2312997216"/>
    <nd ref="2312997210"/>
    <nd ref="2312997215"/>
    <nd ref="2312997219"/>
    <tag k="building" v="yes"/>
  </way>
  <way id="222322820" version="1" timestamp="2013-05-20T13:59:44Z" changeset="16208970" uid="1307416" user="nasty90">
    <nd ref="2312997976"/>
    <nd ref="2312998124"/>
    <nd ref="2312997974"/>
    <nd ref="2312997869"/>
    <nd ref="2312997976"/>
    <tag k="building" v="yes"/>
  </way>
  <way id="222322836" version="1" timestamp="2013-05-20T13:59:44Z" changeset="16208970" uid="1307416" user="nasty90">
    <nd ref="2312997273"/>
    <nd ref="2312997281"/>
    <nd ref="2312997272"/>
    <nd ref="2312997264"/>
    <nd ref="2312997273"/>
    <tag k="building" v="yes"/>
  </way>
  <way id="222322855" version="1" timestamp="2013-05-20T13:59:45Z" changeset="16208970" uid="1307416" user="nasty90">
    <nd ref="2312997786"/>
    <nd ref="2312997800"/>
    <nd ref="2312997795"/>
    <nd ref="2312997775"/>
    <nd ref="2312997786"/>
    <tag k="building" v="yes"/>
  </way>
  <way id="222322884" version="1" timestamp="2013-05-20T13:59:47Z" changeset="16208970" uid="1307416" user="nasty90">
    <nd ref="2312997618"/>
    <nd ref="2312997648"/>
    <nd ref="2312997638"/>
    <nd ref="2312997612"/>
    <nd ref="2312997618"/>
    <tag k="building" v="yes"/>
  </way>
  <way id="222322895" version="1" timestamp="2013-05-20T13:59:48Z" changeset="16208970" uid="1307416" user="nasty90">
    <nd ref="2312998150"/>
    <nd ref="2312998165"/>
    <nd ref="2312998048"/>
    <nd ref="2312998001"/>
    <nd ref="2312998150"/>
    <tag k="building" v="yes"/>
  </way>
  <way id="222322924" version="1" timestamp="2013-05-20T13:59:49Z" changeset="16208970" uid="1307416" user="nasty90">
    <nd ref="2312997392"/>
    <nd ref="2312997429"/>
    <nd ref="2312997380"/>
    <nd ref="2312997354"/>
    <nd ref="2312997392"/>
    <tag k="building" v="yes"/>
  </way>
  <way id="222322928" version="1" timestamp="2013-05-20T13:59:49Z" changeset="16208970" uid="1307416" user="nasty90">
    <nd ref="2312997369"/>
    <nd ref="2312997385"/>
    <nd ref="2312997352"/>
    <nd ref="2312997340"/>
    <nd ref="2312997369"/>
    <tag k="building" v="yes"/>
  </way>
  <way id="222322943" version="1" timestamp="2013-05-20T13:59:50Z" changeset="16208970" uid="1307416" user="nasty90">
    <nd ref="2312997507"/>
    <nd ref="2312997516"/>
    <nd ref="2312997506"/>
    <nd ref="2312997492"/>
    <nd ref="2312997507"/>
    <tag k="building" v="yes"/>
  </way>
  <way id="222322958" version="1" timestamp="2013-05-20T13:59:51Z" changeset="16208970" uid="1307416" user="nasty90">
    <nd ref="2312997490"/>
    <nd ref="2312997510"/>
    <nd ref="2312997482"/>
    <nd ref="2312997462"/>
    <nd ref="2312997490"/>
    <tag k="building" v="yes"/>
  </way>
  <way id="222322989" version="3" timestamp="2023-01-12T14:23:07Z" changeset="131191021" uid="8923706" user="Elizen">
    <nd ref="2312997801"/>
    <nd ref="2312997871"/>
    <nd ref="2312997806"/>
    <nd ref="2312997759"/>
    <nd ref="2312997801"/>
    <tag k="addr:city" v="Марушкино"/>
    <tag k="addr:housenumber" v="35"/>
    <tag k="addr:place" v="СНТ «Ручеёк»"/>
    <tag k="building" v="house"/>
  </way>
  <way id="222322994" version="1" timestamp="2013-05-20T13:59:53Z" changeset="16208970" uid="1307416" user="nasty90">
    <nd ref="2312997724"/>
    <nd ref="2312997744"/>
    <nd ref="2312997716"/>
    <nd ref="2312997695"/>
    <nd ref="2312997724"/>
    <tag k="building" v="yes"/>
  </way>
  <way id="222323010" version="1" timestamp="2013-05-20T13:59:54Z" changeset="16208970" uid="1307416" user="nasty90">
    <nd ref="2312998013"/>
    <nd ref="2312998137"/>
    <nd ref="2312998078"/>
    <nd ref="2312997989"/>
    <nd ref="2312998013"/>
    <tag k="building" v="yes"/>
  </way>
  <way id="222323027" version="3" timestamp="2023-01-12T14:23:07Z" changeset="131191021" uid="8923706" user="Elizen">
    <nd ref="2312997222"/>
    <nd ref="2312997224"/>
    <nd ref="2312997221"/>
    <nd ref="2312997212"/>
    <nd ref="2312997222"/>
    <tag k="addr:city" v="Марушкино"/>
    <tag k="addr:housenumber" v="9"/>
    <tag k="addr:place" v="СНТ «Ручеёк»"/>
    <tag k="building" v="house"/>
  </way>
  <way id="222323056" version="1" timestamp="2013-05-20T13:59:57Z" changeset="16208970" uid="1307416" user="nasty90">
    <nd ref="2312997339"/>
    <nd ref="2312997346"/>
    <nd ref="2312997334"/>
    <nd ref="2312997327"/>
    <nd ref="2312997339"/>
    <tag k="building" v="yes"/>
  </way>
  <way id="222323072" version="2" timestamp="2021-07-01T20:45:57Z" changeset="107279190" uid="13429766" user="Adrenalina803">
    <nd ref="2312997675"/>
    <nd ref="2312997705"/>
    <nd ref="2312997671"/>
    <nd ref="2312997645"/>
    <nd ref="2312997675"/>
    <tag k="building" v="house"/>
  </way>
  <way id="222323087" version="1" timestamp="2013-05-20T13:59:58Z" changeset="16208970" uid="1307416" user="nasty90">
    <nd ref="2312997250"/>
    <nd ref="2312997258"/>
    <nd ref="2312997249"/>
    <nd ref="2312997242"/>
    <nd ref="2312997250"/>
    <tag k="building" v="yes"/>
  </way>
  <way id="222323103" version="3" timestamp="2023-01-12T14:23:07Z" changeset="131191021" uid="8923706" user="Elizen">
    <nd ref="2312997794"/>
    <nd ref="2312997815"/>
    <nd ref="2312997791"/>
    <nd ref="2312997758"/>
    <nd ref="2312997794"/>
    <tag k="addr:city" v="Марушкино"/>
    <tag k="addr:housenumber" v="34 с2"/>
    <tag k="addr:place" v="СНТ «Ручеёк»"/>
    <tag k="building" v="house"/>
  </way>
  <way id="222323119" version="3" timestamp="2023-01-12T14:23:07Z" changeset="131191021" uid="8923706" user="Elizen">
    <nd ref="2312997301"/>
    <nd ref="2312997330"/>
    <nd ref="2312997299"/>
    <nd ref="2312997271"/>
    <nd ref="2312997301"/>
    <tag k="addr:city" v="Марушкино"/>
    <tag k="addr:housenumber" v="26 с1"/>
    <tag k="addr:street" v="5-я улица"/>
    <tag k="addr:suburb" v="СНТ «Ручеёк»"/>
    <tag k="building" v="house"/>
  </way>
  <way id="222323139" version="3" timestamp="2023-01-12T14:23:07Z" changeset="131191021" uid="8923706" user="Elizen">
    <nd ref="2312997464"/>
    <nd ref="2312997493"/>
    <nd ref="2312997463"/>
    <nd ref="2312997430"/>
    <nd ref="2312997464"/>
    <tag k="addr:city" v="Марушкино"/>
    <tag k="addr:housenumber" v="23 с3"/>
    <tag k="addr:place" v="СНТ «Ручеёк»"/>
    <tag k="building" v="house"/>
  </way>
  <way id="222323213" version="1" timestamp="2013-05-20T14:00:06Z" changeset="16208970" uid="1307416" user="nasty90">
    <nd ref="2312997394"/>
    <nd ref="2312997408"/>
    <nd ref="2312997466"/>
    <nd ref="2312997452"/>
    <nd ref="2312997394"/>
    <tag k="building" v="yes"/>
  </way>
  <way id="222323228" version="1" timestamp="2013-05-20T14:00:06Z" changeset="16208970" uid="1307416" user="nasty90">
    <nd ref="2312997560"/>
    <nd ref="2312997570"/>
    <nd ref="2312997550"/>
    <nd ref="2312997540"/>
    <nd ref="2312997560"/>
    <tag k="building" v="yes"/>
  </way>
  <way id="222323243" version="3" timestamp="2023-01-12T14:23:07Z" changeset="131191021" uid="8923706" user="Elizen">
    <nd ref="2312997336"/>
    <nd ref="2312997366"/>
    <nd ref="2312997335"/>
    <nd ref="2312997300"/>
    <nd ref="2312997336"/>
    <tag k="addr:city" v="Марушкино"/>
    <tag k="addr:housenumber" v="6 с1"/>
    <tag k="addr:place" v="СНТ «Ручеёк»"/>
    <tag k="building" v="house"/>
  </way>
  <way id="222323273" version="1" timestamp="2013-05-20T14:00:09Z" changeset="16208970" uid="1307416" user="nasty90">
    <nd ref="2312997657"/>
    <nd ref="2312997677"/>
    <nd ref="2312997621"/>
    <nd ref="2312997601"/>
    <nd ref="2312997657"/>
    <tag k="building" v="yes"/>
  </way>
  <way id="222323277" version="1" timestamp="2013-05-20T14:00:10Z" changeset="16208970" uid="1307416" user="nasty90">
    <nd ref="2312997807"/>
    <nd ref="2312997863"/>
    <nd ref="2312997817"/>
    <nd ref="2312997783"/>
    <nd ref="2312997807"/>
    <tag k="building" v="yes"/>
  </way>
  <way id="222323306" version="1" timestamp="2013-05-20T14:00:12Z" changeset="16208970" uid="1307416" user="nasty90">
    <nd ref="2312997204"/>
    <nd ref="2312997206"/>
    <nd ref="2312997205"/>
    <nd ref="2312997203"/>
    <nd ref="2312997204"/>
    <tag k="building" v="yes"/>
  </way>
  <way id="222323354" version="1" timestamp="2013-05-20T14:00:15Z" changeset="16208970" uid="1307416" user="nasty90">
    <nd ref="2312997626"/>
    <nd ref="2312997650"/>
    <nd ref="2312997627"/>
    <nd ref="2312997607"/>
    <nd ref="2312997626"/>
    <tag k="building" v="yes"/>
  </way>
  <way id="222323382" version="3" timestamp="2023-01-12T14:23:07Z" changeset="131191021" uid="8923706" user="Elizen">
    <nd ref="2312998135"/>
    <nd ref="2312998169"/>
    <nd ref="2312998170"/>
    <nd ref="2312998143"/>
    <nd ref="2312998135"/>
    <tag k="addr:city" v="Марушкино"/>
    <tag k="addr:housenumber" v="34 с3"/>
    <tag k="addr:place" v="СНТ «Ручеёк»"/>
    <tag k="building" v="house"/>
  </way>
  <way id="222323408" version="1" timestamp="2013-05-20T14:00:17Z" changeset="16208970" uid="1307416" user="nasty90">
    <nd ref="2312997252"/>
    <nd ref="2312997263"/>
    <nd ref="2312997248"/>
    <nd ref="2312997236"/>
    <nd ref="2312997252"/>
    <tag k="building" v="yes"/>
  </way>
  <way id="222323444" version="3" timestamp="2023-01-12T14:23:07Z" changeset="131191021" uid="8923706" user="Elizen">
    <nd ref="2312997267"/>
    <nd ref="2312997277"/>
    <nd ref="2312997260"/>
    <nd ref="2312997254"/>
    <nd ref="2312997267"/>
    <tag k="addr:city" v="Марушкино"/>
    <tag k="addr:housenumber" v="1"/>
    <tag k="addr:place" v="СНТ «Ручеёк»"/>
    <tag k="building" v="house"/>
  </way>
  <way id="222323516" version="3" timestamp="2023-01-12T14:23:07Z" changeset="131191021" uid="8923706" user="Elizen">
    <nd ref="2312997559"/>
    <nd ref="2312997591"/>
    <nd ref="2312997565"/>
    <nd ref="2312997529"/>
    <nd ref="2312997559"/>
    <tag k="addr:city" v="Марушкино"/>
    <tag k="addr:housenumber" v="37 с2"/>
    <tag k="addr:place" v="СНТ «Ручеёк»"/>
    <tag k="building" v="house"/>
  </way>
  <way id="222323520" version="1" timestamp="2013-05-20T14:00:22Z" changeset="16208970" uid="1307416" user="nasty90">
    <nd ref="2312997459"/>
    <nd ref="2312997480"/>
    <nd ref="2312997456"/>
    <nd ref="2312997436"/>
    <nd ref="2312997459"/>
    <tag k="building" v="yes"/>
  </way>
  <way id="222323535" version="1" timestamp="2013-05-20T14:00:23Z" changeset="16208970" uid="1307416" user="nasty90">
    <nd ref="2312997577"/>
    <nd ref="2312997599"/>
    <nd ref="2312997572"/>
    <nd ref="2312997547"/>
    <nd ref="2312997577"/>
    <tag k="building" v="yes"/>
  </way>
  <way id="222323579" version="3" timestamp="2023-01-12T14:23:07Z" changeset="131191021" uid="8923706" user="Elizen">
    <nd ref="2312997526"/>
    <nd ref="2312997549"/>
    <nd ref="2312997495"/>
    <nd ref="2312997461"/>
    <nd ref="2312997526"/>
    <tag k="addr:city" v="Марушкино"/>
    <tag k="addr:housenumber" v="23 с1"/>
    <tag k="addr:place" v="СНТ «Ручеёк»"/>
    <tag k="building" v="house"/>
  </way>
  <way id="222323583" version="1" timestamp="2013-05-20T14:00:26Z" changeset="16208970" uid="1307416" user="nasty90">
    <nd ref="2312997828"/>
    <nd ref="2312997873"/>
    <nd ref="2312997849"/>
    <nd ref="2312997813"/>
    <nd ref="2312997828"/>
    <tag k="building" v="yes"/>
  </way>
  <way id="222323612" version="1" timestamp="2013-05-20T14:00:28Z" changeset="16208970" uid="1307416" user="nasty90">
    <nd ref="2312998152"/>
    <nd ref="2312998187"/>
    <nd ref="2312998189"/>
    <nd ref="2312998155"/>
    <nd ref="2312998152"/>
    <tag k="building" v="yes"/>
  </way>
  <way id="222323627" version="1" timestamp="2013-05-20T14:00:28Z" changeset="16208970" uid="1307416" user="nasty90">
    <nd ref="2312997220"/>
    <nd ref="2312997223"/>
    <nd ref="2312997229"/>
    <nd ref="2312997225"/>
    <nd ref="2312997220"/>
    <tag k="building" v="yes"/>
  </way>
  <way id="222323664" version="1" timestamp="2013-05-20T14:00:30Z" changeset="16208970" uid="1307416" user="nasty90">
    <nd ref="2312997343"/>
    <nd ref="2312997344"/>
    <nd ref="2312997337"/>
    <nd ref="2312997333"/>
    <nd ref="2312997343"/>
    <tag k="building" v="yes"/>
  </way>
  <way id="222323691" version="1" timestamp="2013-05-20T14:00:31Z" changeset="16208970" uid="1307416" user="nasty90">
    <nd ref="2312997727"/>
    <nd ref="2312997748"/>
    <nd ref="2312997710"/>
    <nd ref="2312997689"/>
    <nd ref="2312997727"/>
    <tag k="building" v="yes"/>
  </way>
  <way id="222323720" version="1" timestamp="2013-05-20T14:00:34Z" changeset="16208970" uid="1307416" user="nasty90">
    <nd ref="2312997595"/>
    <nd ref="2312997613"/>
    <nd ref="2312997606"/>
    <nd ref="2312997586"/>
    <nd ref="2312997595"/>
    <tag k="building" v="yes"/>
  </way>
  <way id="222323729" version="1" timestamp="2013-05-20T14:00:35Z" changeset="16208970" uid="1307416" user="nasty90">
    <nd ref="2312998003"/>
    <nd ref="2312998039"/>
    <nd ref="2312997967"/>
    <nd ref="2312997946"/>
    <nd ref="2312998003"/>
    <tag k="building" v="yes"/>
  </way>
  <way id="222323757" version="1" timestamp="2013-05-20T14:00:36Z" changeset="16208970" uid="1307416" user="nasty90">
    <nd ref="2312997305"/>
    <nd ref="2312997319"/>
    <nd ref="2312997309"/>
    <nd ref="2312997292"/>
    <nd ref="2312997305"/>
    <tag k="building" v="yes"/>
  </way>
  <way id="222323813" version="1" timestamp="2013-05-20T14:00:40Z" changeset="16208970" uid="1307416" user="nasty90">
    <nd ref="2312997756"/>
    <nd ref="2312997773"/>
    <nd ref="2312997737"/>
    <nd ref="2312997717"/>
    <nd ref="2312997756"/>
    <tag k="building" v="yes"/>
  </way>
  <way id="222323831" version="1" timestamp="2013-05-20T14:00:42Z" changeset="16208970" uid="1307416" user="nasty90">
    <nd ref="2312998104"/>
    <nd ref="2312998134"/>
    <nd ref="2312998017"/>
    <nd ref="2312997998"/>
    <nd ref="2312998104"/>
    <tag k="building" v="yes"/>
  </way>
  <way id="222323848" version="1" timestamp="2013-05-20T14:00:43Z" changeset="16208970" uid="1307416" user="nasty90">
    <nd ref="2312997303"/>
    <nd ref="2312997288"/>
    <nd ref="2312997293"/>
    <nd ref="2312997313"/>
    <nd ref="2312997303"/>
    <tag k="building" v="yes"/>
  </way>
  <way id="222323870" version="3" timestamp="2023-01-12T14:23:07Z" changeset="131191021" uid="8923706" user="Elizen">
    <nd ref="2312998292"/>
    <nd ref="2312998308"/>
    <nd ref="2312998225"/>
    <nd ref="2312998212"/>
    <nd ref="2312998292"/>
    <tag k="addr:city" v="Марушкино"/>
    <tag k="addr:housenumber" v="78 с2"/>
    <tag k="addr:street" v="Центральная улица"/>
    <tag k="addr:suburb" v="СНТ «Ручеёк»"/>
    <tag k="building" v="yes"/>
  </way>
  <way id="222323880" version="1" timestamp="2013-05-20T14:00:44Z" changeset="16208970" uid="1307416" user="nasty90">
    <nd ref="2312997391"/>
    <nd ref="2312997403"/>
    <nd ref="2312997382"/>
    <nd ref="2312997375"/>
    <nd ref="2312997391"/>
    <tag k="building" v="yes"/>
  </way>
  <way id="222323912" version="3" timestamp="2023-01-12T14:23:07Z" changeset="131191021" uid="8923706" user="Elizen">
    <nd ref="2312997239"/>
    <nd ref="2312997255"/>
    <nd ref="2312997238"/>
    <nd ref="2312997226"/>
    <nd ref="2312997239"/>
    <tag k="addr:city" v="Марушкино"/>
    <tag k="addr:housenumber" v="10"/>
    <tag k="addr:place" v="СНТ «Ручеёк»"/>
    <tag k="building" v="house"/>
  </way>
  <way id="222323931" version="3" timestamp="2023-01-12T14:23:07Z" changeset="131191021" uid="8923706" user="Elizen">
    <nd ref="2312997965"/>
    <nd ref="2312998045"/>
    <nd ref="2312997917"/>
    <nd ref="2312997835"/>
    <nd ref="2312997965"/>
    <tag k="addr:city" v="Марушкино"/>
    <tag k="addr:housenumber" v="34"/>
    <tag k="addr:place" v="СНТ «Ручеёк»"/>
    <tag k="building" v="house"/>
  </way>
  <way id="222323947" version="1" timestamp="2013-05-20T14:00:48Z" changeset="16208970" uid="1307416" user="nasty90">
    <nd ref="2312997284"/>
    <nd ref="2312997291"/>
    <nd ref="2312997269"/>
    <nd ref="2312997266"/>
    <nd ref="2312997284"/>
    <tag k="building" v="yes"/>
  </way>
  <way id="222324003" version="1" timestamp="2013-05-20T14:00:51Z" changeset="16208970" uid="1307416" user="nasty90">
    <nd ref="2312998199"/>
    <nd ref="2312998206"/>
    <nd ref="2312998145"/>
    <nd ref="2312998116"/>
    <nd ref="2312998199"/>
    <tag k="building" v="yes"/>
  </way>
  <way id="222324025" version="1" timestamp="2013-05-20T14:00:52Z" changeset="16208970" uid="1307416" user="nasty90">
    <nd ref="2312997450"/>
    <nd ref="2312997484"/>
    <nd ref="2312997458"/>
    <nd ref="2312997417"/>
    <nd ref="2312997450"/>
    <tag k="building" v="yes"/>
  </way>
  <way id="222324030" version="3" timestamp="2023-01-12T14:23:07Z" changeset="131191021" uid="8923706" user="Elizen">
    <nd ref="2312997376"/>
    <nd ref="2312997425"/>
    <nd ref="2312997379"/>
    <nd ref="2312997347"/>
    <nd ref="2312997376"/>
    <tag k="addr:city" v="Марушкино"/>
    <tag k="addr:housenumber" v="13 с1"/>
    <tag k="addr:place" v="СНТ «Ручеёк»"/>
    <tag k="building" v="house"/>
  </way>
  <way id="222324045" version="1" timestamp="2013-05-20T14:00:54Z" changeset="16208970" uid="1307416" user="nasty90">
    <nd ref="2312997513"/>
    <nd ref="2312997525"/>
    <nd ref="2312997505"/>
    <nd ref="2312997486"/>
    <nd ref="2312997513"/>
    <tag k="building" v="yes"/>
  </way>
  <way id="222324060" version="3" timestamp="2023-01-12T14:23:07Z" changeset="131191021" uid="8923706" user="Elizen">
    <nd ref="2312997386"/>
    <nd ref="2312997437"/>
    <nd ref="2312997395"/>
    <nd ref="2312997359"/>
    <nd ref="2312997386"/>
    <tag k="addr:city" v="Марушкино"/>
    <tag k="addr:housenumber" v="5 с1"/>
    <tag k="addr:place" v="СНТ «Ручеёк»"/>
    <tag k="building" v="house"/>
  </way>
  <way id="222324070" version="3" timestamp="2023-01-12T14:23:07Z" changeset="131191021" uid="8923706" user="Elizen">
    <nd ref="2312998161"/>
    <nd ref="2312998223"/>
    <nd ref="2312998174"/>
    <nd ref="2312998106"/>
    <nd ref="2312998033"/>
    <nd ref="2312997985"/>
    <nd ref="2312998161"/>
    <tag k="addr:city" v="Марушкино"/>
    <tag k="addr:housenumber" v="1"/>
    <tag k="addr:street" v="Центральная улица"/>
    <tag k="addr:suburb" v="СНТ «Ручеёк»"/>
    <tag k="building" v="house"/>
  </way>
  <way id="222324076" version="3" timestamp="2023-01-12T14:23:07Z" changeset="131191021" uid="8923706" user="Elizen">
    <nd ref="2312998249"/>
    <nd ref="2312998259"/>
    <nd ref="2312998235"/>
    <nd ref="2312998242"/>
    <nd ref="2312998213"/>
    <nd ref="2312998192"/>
    <nd ref="2312998249"/>
    <tag k="addr:city" v="Марушкино"/>
    <tag k="addr:housenumber" v="70 с3"/>
    <tag k="addr:place" v="СНТ «Ручеёк»"/>
    <tag k="building" v="house"/>
  </way>
  <way id="222324086" version="3" timestamp="2023-01-12T14:23:07Z" changeset="131191021" uid="8923706" user="Elizen">
    <nd ref="2312997687"/>
    <nd ref="2312997688"/>
    <nd ref="2312997733"/>
    <nd ref="2312997735"/>
    <nd ref="2312997663"/>
    <nd ref="2312997659"/>
    <nd ref="2312997666"/>
    <nd ref="2312997665"/>
    <nd ref="2312997687"/>
    <tag k="addr:city" v="Марушкино"/>
    <tag k="addr:housenumber" v="36"/>
    <tag k="addr:place" v="СНТ «Ручеёк»"/>
    <tag k="building" v="house"/>
  </way>
  <way id="222324090" version="3" timestamp="2023-01-12T14:23:07Z" changeset="131191021" uid="8923706" user="Elizen">
    <nd ref="2312997470"/>
    <nd ref="2312997511"/>
    <nd ref="2312997453"/>
    <nd ref="2312997415"/>
    <nd ref="2312997431"/>
    <nd ref="2312997418"/>
    <nd ref="2312997440"/>
    <nd ref="2312997455"/>
    <nd ref="2312997470"/>
    <tag k="addr:city" v="Марушкино"/>
    <tag k="addr:housenumber" v="14"/>
    <tag k="addr:place" v="СНТ «Ручеёк»"/>
    <tag k="building" v="house"/>
  </way>
  <way id="222324093" version="3" timestamp="2023-01-12T14:23:07Z" changeset="131191021" uid="8923706" user="Elizen">
    <nd ref="2312998148"/>
    <nd ref="2312998177"/>
    <nd ref="2312998082"/>
    <nd ref="2312998112"/>
    <nd ref="2312998010"/>
    <nd ref="2312997995"/>
    <nd ref="2312997944"/>
    <nd ref="2312997901"/>
    <nd ref="2312998148"/>
    <tag k="addr:city" v="Марушкино"/>
    <tag k="addr:housenumber" v="19 с1"/>
    <tag k="addr:street" v="Центральная улица"/>
    <tag k="addr:suburb" v="СНТ «Ручеёк»"/>
    <tag k="building" v="house"/>
  </way>
  <way id="222324100" version="3" timestamp="2023-01-12T14:23:07Z" changeset="131191021" uid="8923706" user="Elizen">
    <nd ref="2312997363"/>
    <nd ref="2312997396"/>
    <nd ref="2312997371"/>
    <nd ref="2312997365"/>
    <nd ref="2312997351"/>
    <nd ref="2312997341"/>
    <nd ref="2312997358"/>
    <nd ref="2312997349"/>
    <nd ref="2312997363"/>
    <tag k="addr:city" v="Марушкино"/>
    <tag k="addr:housenumber" v="25 с1"/>
    <tag k="addr:street" v="5-я улица"/>
    <tag k="addr:suburb" v="СНТ «Ручеёк»"/>
    <tag k="building" v="house"/>
  </way>
  <way id="222324106" version="3" timestamp="2023-01-12T14:23:07Z" changeset="131191021" uid="8923706" user="Elizen">
    <nd ref="2312998219"/>
    <nd ref="2312998251"/>
    <nd ref="2312998211"/>
    <nd ref="2312998208"/>
    <nd ref="2312998184"/>
    <nd ref="2312998172"/>
    <nd ref="2312998141"/>
    <nd ref="2312998080"/>
    <nd ref="2312998219"/>
    <tag k="addr:city" v="Марушкино"/>
    <tag k="addr:housenumber" v="72 с1"/>
    <tag k="addr:street" v="Центральная улица"/>
    <tag k="addr:suburb" v="СНТ «Ручеёк»"/>
    <tag k="building" v="yes"/>
  </way>
  <way id="222324107" version="1" timestamp="2013-05-20T14:00:57Z" changeset="16208970" uid="1307416" user="nasty90">
    <nd ref="2312997302"/>
    <nd ref="2312997317"/>
    <nd ref="2312997286"/>
    <nd ref="2312997275"/>
    <nd ref="2312997276"/>
    <nd ref="2312997270"/>
    <nd ref="2312997280"/>
    <nd ref="2312997285"/>
    <nd ref="2312997302"/>
    <tag k="building" v="yes"/>
  </way>
  <way id="222324110" version="3" timestamp="2023-01-12T14:23:07Z" changeset="131191021" uid="8923706" user="Elizen">
    <nd ref="2312997605"/>
    <nd ref="2312997654"/>
    <nd ref="2312997633"/>
    <nd ref="2312997653"/>
    <nd ref="2312997610"/>
    <nd ref="2312997598"/>
    <nd ref="2312997587"/>
    <nd ref="2312997548"/>
    <nd ref="2312997605"/>
    <tag k="addr:city" v="Марушкино"/>
    <tag k="addr:housenumber" v="15 с1"/>
    <tag k="addr:place" v="СНТ «Ручеёк»"/>
    <tag k="building" v="house"/>
  </way>
  <way id="222324116" version="3" timestamp="2023-01-12T14:23:07Z" changeset="131191021" uid="8923706" user="Elizen">
    <nd ref="2312997851"/>
    <nd ref="2312997963"/>
    <nd ref="2312997844"/>
    <nd ref="2312997821"/>
    <nd ref="2312997797"/>
    <nd ref="2312997789"/>
    <nd ref="2312997802"/>
    <nd ref="2312997787"/>
    <nd ref="2312997851"/>
    <tag k="addr:city" v="Марушкино"/>
    <tag k="addr:housenumber" v="20 с1"/>
    <tag k="addr:place" v="СНТ «Ручеёк»"/>
    <tag k="building" v="house"/>
  </way>
  <way id="222324117" version="3" timestamp="2023-01-12T14:23:07Z" changeset="131191021" uid="8923706" user="Elizen">
    <nd ref="2312997630"/>
    <nd ref="2312997636"/>
    <nd ref="2312997660"/>
    <nd ref="2312997590"/>
    <nd ref="2312997573"/>
    <nd ref="2312997600"/>
    <nd ref="2312997584"/>
    <nd ref="2312997614"/>
    <nd ref="2312997630"/>
    <tag k="addr:city" v="Марушкино"/>
    <tag k="addr:housenumber" v="22"/>
    <tag k="addr:place" v="СНТ «Ручеёк»"/>
    <tag k="building" v="house"/>
  </way>
  <way id="503831774" version="2" timestamp="2018-07-12T12:23:56Z" changeset="60650496" uid="7512949" user="Pasha Rockof">
    <nd ref="5293379305"/>
    <nd ref="5756300691"/>
    <nd ref="5756300692"/>
    <nd ref="4940856615"/>
    <tag k="highway" v="footway"/>
    <tag k="surface" v="asphalt"/>
  </way>
  <way id="503832659" version="4" timestamp="2022-02-14T12:58:21Z" changeset="117392679" uid="8912234" user="Quinn Mallory">
    <nd ref="4940864853"/>
    <nd ref="1890058263"/>
    <nd ref="4940864849"/>
    <nd ref="4940864846"/>
    <nd ref="5756300500"/>
    <nd ref="4940864851"/>
    <nd ref="5756300501"/>
    <nd ref="5756300502"/>
    <nd ref="4940864850"/>
    <nd ref="5756300503"/>
    <nd ref="5756300504"/>
    <nd ref="4940864852"/>
    <tag k="highway" v="footway"/>
    <tag k="surface" v="asphalt"/>
  </way>
  <way id="547866767" version="2" timestamp="2018-07-12T12:23:56Z" changeset="60650496" uid="7512949" user="Pasha Rockof">
    <nd ref="5293379305"/>
    <nd ref="5756300690"/>
    <nd ref="5756300700"/>
    <nd ref="5756300689"/>
    <nd ref="5756300688"/>
    <nd ref="5293379306"/>
    <nd ref="5293379307"/>
    <nd ref="5293379308"/>
    <tag k="highway" v="footway"/>
  </way>
  <way id="547866768" version="5" timestamp="2026-05-21T10:15:53Z" changeset="182967991" uid="23975226" user="Titova Kseniya">
    <nd ref="5756300633"/>
    <nd ref="5756300632"/>
    <nd ref="5756300631"/>
    <nd ref="5756300630"/>
    <nd ref="5756300629"/>
    <nd ref="5756300628"/>
    <nd ref="5756300627"/>
    <nd ref="5756300626"/>
    <nd ref="5756300625"/>
    <nd ref="5756300624"/>
    <nd ref="5756300623"/>
    <nd ref="5756301338"/>
    <nd ref="5756300622"/>
    <nd ref="5756300621"/>
    <nd ref="5756300520"/>
    <nd ref="5756300519"/>
    <nd ref="5756300518"/>
    <nd ref="5756300517"/>
    <nd ref="5756300516"/>
    <nd ref="5756300505"/>
    <nd ref="7226652832"/>
    <nd ref="7226652831"/>
    <nd ref="1809631815"/>
    <nd ref="7226652790"/>
    <nd ref="7226652791"/>
    <nd ref="6333440820"/>
    <nd ref="7226652792"/>
    <nd ref="7226652793"/>
    <nd ref="7226652794"/>
    <nd ref="7226652795"/>
    <nd ref="7226652796"/>
    <nd ref="7226652797"/>
    <nd ref="7226652798"/>
    <nd ref="7226652799"/>
    <nd ref="7226652800"/>
    <nd ref="13856258222"/>
    <nd ref="7226652801"/>
    <nd ref="7226652802"/>
    <nd ref="7226652803"/>
    <nd ref="5756301418"/>
    <nd ref="7226652804"/>
    <nd ref="7226652805"/>
    <nd ref="7226652806"/>
    <nd ref="7226652807"/>
    <nd ref="7226652808"/>
    <nd ref="7226652809"/>
    <nd ref="7226652810"/>
    <nd ref="7226652811"/>
    <nd ref="7226652812"/>
    <nd ref="7226652813"/>
    <nd ref="5756301933"/>
    <nd ref="7226652815"/>
    <nd ref="5756301927"/>
    <tag k="highway" v="footway"/>
    <tag k="surface" v="asphalt"/>
  </way>
  <way id="607386162" version="3" timestamp="2020-04-27T08:10:23Z" changeset="84181525" uid="8912234" user="Quinn Mallory">
    <nd ref="2038589768"/>
    <nd ref="270831124"/>
    <nd ref="5756301038"/>
    <tag k="highway" v="secondary"/>
    <tag k="lanes" v="2"/>
    <tag k="lit" v="yes"/>
    <tag k="maxspeed" v="60"/>
    <tag k="oneway" v="yes"/>
    <tag k="priority_road" v="designated"/>
    <tag k="surface" v="asphalt"/>
  </way>
  <way id="607386165" version="2" timestamp="2020-02-19T07:31:39Z" changeset="81207509" uid="8912234" user="Quinn Mallory">
    <nd ref="2038589768"/>
    <nd ref="2038589766"/>
    <nd ref="7226652789"/>
    <nd ref="2038589763"/>
    <tag k="highway" v="tertiary"/>
    <tag k="maxspeed" v="90"/>
    <tag k="oneway" v="yes"/>
    <tag k="surface" v="asphalt"/>
  </way>
  <way id="607386168" version="3" timestamp="2023-08-02T15:09:47Z" changeset="139352516" uid="8912234" user="Quinn Mallory">
    <nd ref="471768062"/>
    <nd ref="5756300667"/>
    <nd ref="5756300668"/>
    <nd ref="5756300669"/>
    <nd ref="5756300670"/>
    <nd ref="5756300671"/>
    <nd ref="5756300672"/>
    <nd ref="5756300673"/>
    <nd ref="5756300681"/>
    <nd ref="5756300682"/>
    <nd ref="5756300674"/>
    <nd ref="5756300675"/>
    <nd ref="5756300698"/>
    <nd ref="5756300683"/>
    <nd ref="5756300676"/>
    <nd ref="5756300677"/>
    <nd ref="5756300678"/>
    <nd ref="5756300684"/>
    <nd ref="5756300679"/>
    <nd ref="5756300680"/>
    <tag k="highway" v="secondary_link"/>
    <tag k="lanes" v="1"/>
    <tag k="lit" v="yes"/>
    <tag k="maxspeed" v="90"/>
    <tag k="oneway" v="yes"/>
    <tag k="surface" v="asphalt"/>
  </way>
  <way id="607386172" version="3" timestamp="2020-02-19T07:31:39Z" changeset="81207509" uid="8912234" user="Quinn Mallory">
    <nd ref="5756300680"/>
    <nd ref="270831143"/>
    <nd ref="5756300699"/>
    <nd ref="270831144"/>
    <nd ref="5756300648"/>
    <nd ref="5756300647"/>
    <nd ref="270831135"/>
    <tag k="highway" v="secondary"/>
    <tag k="lanes" v="1"/>
    <tag k="lit" v="yes"/>
    <tag k="maxspeed" v="90"/>
    <tag k="oneway" v="yes"/>
    <tag k="surface" v="asphalt"/>
  </way>
  <way id="607386179" version="1" timestamp="2018-07-12T12:23:44Z" changeset="60650496" uid="7512949" user="Pasha Rockof">
    <nd ref="4940864852"/>
    <nd ref="5756300696"/>
    <nd ref="5756300695"/>
    <tag k="footway" v="crossing"/>
    <tag k="highway" v="footway"/>
    <tag k="surface" v="asphalt"/>
  </way>
  <way id="607386182" version="1" timestamp="2018-07-12T12:23:44Z" changeset="60650496" uid="7512949" user="Pasha Rockof">
    <nd ref="5756300695"/>
    <nd ref="5756300697"/>
    <tag k="highway" v="footway"/>
    <tag k="surface" v="asphalt"/>
  </way>
  <way id="607386185" version="1" timestamp="2018-07-12T12:23:44Z" changeset="60650496" uid="7512949" user="Pasha Rockof">
    <nd ref="5756300697"/>
    <nd ref="5756300698"/>
    <nd ref="5756300699"/>
    <nd ref="5756300700"/>
    <tag k="footway" v="crossing"/>
    <tag k="highway" v="footway"/>
    <tag k="surface" v="asphalt"/>
  </way>
  <way id="607386189" version="1" timestamp="2018-07-12T12:23:44Z" changeset="60650496" uid="7512949" user="Pasha Rockof">
    <nd ref="5756300703"/>
    <nd ref="5756300704"/>
    <nd ref="5756300705"/>
    <nd ref="5756300706"/>
    <nd ref="5756300707"/>
    <nd ref="5756300708"/>
    <nd ref="5756300709"/>
    <nd ref="5756300710"/>
    <nd ref="5756300711"/>
    <nd ref="5756300712"/>
    <nd ref="5756300713"/>
    <nd ref="5756300714"/>
    <nd ref="5756300715"/>
    <nd ref="5756300716"/>
    <nd ref="5756300717"/>
    <nd ref="5756301024"/>
    <nd ref="5756301023"/>
    <nd ref="5756301022"/>
    <nd ref="5756301021"/>
    <nd ref="5756300720"/>
    <nd ref="5756300719"/>
    <nd ref="5756300718"/>
    <nd ref="5756300703"/>
    <tag k="landuse" v="grass"/>
  </way>
  <way id="607386193" version="4" timestamp="2019-12-21T22:02:30Z" changeset="78722406" uid="8912234" user="Quinn Mallory">
    <nd ref="2038589778"/>
    <nd ref="5756301026"/>
    <nd ref="5756301027"/>
    <nd ref="5756301028"/>
    <nd ref="5756301040"/>
    <tag k="highway" v="tertiary_link"/>
    <tag k="maxspeed" v="60"/>
    <tag k="maxspeed:advisory" v="60"/>
    <tag k="oneway" v="yes"/>
    <tag k="surface" v="asphalt"/>
  </way>
  <way id="607386200" version="3" timestamp="2020-11-28T15:15:24Z" changeset="94948345" uid="10213578" user="Stratula">
    <nd ref="625962975"/>
    <nd ref="5756301074"/>
    <tag k="covered" v="yes"/>
    <tag k="highway" v="service"/>
    <tag k="maxheight" v="4.5"/>
    <tag k="maxspeed" v="5"/>
    <tag k="oneway" v="yes"/>
    <tag k="surface" v="asphalt"/>
  </way>
  <way id="607386212" version="1" timestamp="2018-07-12T12:23:45Z" changeset="60650496" uid="7512949" user="Pasha Rockof">
    <nd ref="5756301075"/>
    <nd ref="5756301076"/>
    <nd ref="5756301077"/>
    <nd ref="5756301078"/>
    <nd ref="5756301079"/>
    <nd ref="5756301080"/>
    <nd ref="5756301081"/>
    <nd ref="5756301082"/>
    <nd ref="5756301083"/>
    <nd ref="5756301084"/>
    <nd ref="5756301075"/>
    <tag k="landuse" v="grass"/>
  </way>
  <way id="607386215" version="3" timestamp="2020-02-19T07:31:39Z" changeset="81207509" uid="8912234" user="Quinn Mallory">
    <nd ref="5756301086"/>
    <nd ref="5756301087"/>
    <nd ref="5756301088"/>
    <nd ref="5756301089"/>
    <nd ref="5756301118"/>
    <nd ref="5756301090"/>
    <nd ref="5756301091"/>
    <nd ref="5756301092"/>
    <nd ref="5756301093"/>
    <nd ref="7076362601"/>
    <nd ref="5756301094"/>
    <nd ref="5756301095"/>
    <nd ref="5756301096"/>
    <tag k="destination" v="Толстопальцево;Крёкшино"/>
    <tag k="highway" v="secondary_link"/>
    <tag k="lanes" v="1"/>
    <tag k="maxspeed" v="90"/>
    <tag k="oneway" v="yes"/>
    <tag k="surface" v="asphalt"/>
  </way>
  <way id="607386254" version="1" timestamp="2018-07-12T12:23:45Z" changeset="60650496" uid="7512949" user="Pasha Rockof">
    <nd ref="5756301114"/>
    <nd ref="5756301063"/>
    <nd ref="5756301115"/>
    <tag k="footway" v="crossing"/>
    <tag k="highway" v="footway"/>
    <tag k="surface" v="asphalt"/>
  </way>
  <way id="607386258" version="1" timestamp="2018-07-12T12:23:45Z" changeset="60650496" uid="7512949" user="Pasha Rockof">
    <nd ref="5756301115"/>
    <nd ref="5756301100"/>
    <nd ref="5756301112"/>
    <tag k="highway" v="footway"/>
    <tag k="surface" v="asphalt"/>
  </way>
  <way id="607386261" version="6" timestamp="2023-08-02T15:09:47Z" changeset="139352516" uid="8912234" user="Quinn Mallory">
    <nd ref="5756301086"/>
    <nd ref="5756301062"/>
    <nd ref="10802232476"/>
    <nd ref="5756301057"/>
    <nd ref="471768070"/>
    <tag k="highway" v="secondary"/>
    <tag k="lanes" v="2"/>
    <tag k="lanes:backward" v="1"/>
    <tag k="lanes:forward" v="1"/>
    <tag k="lit" v="yes"/>
    <tag k="maxspeed" v="90"/>
    <tag k="oneway" v="no"/>
    <tag k="surface" v="asphalt"/>
    <tag k="turn:lanes:backward" v="through"/>
    <tag k="turn:lanes:forward" v="through;right"/>
  </way>
  <way id="607386265" version="1" timestamp="2018-07-12T12:23:45Z" changeset="60650496" uid="7512949" user="Pasha Rockof">
    <nd ref="5756301116"/>
    <nd ref="5756301117"/>
    <nd ref="5756301118"/>
    <nd ref="5756301119"/>
    <tag k="footway" v="crossing"/>
    <tag k="highway" v="footway"/>
    <tag k="surface" v="asphalt"/>
  </way>
  <way id="607386268" version="2" timestamp="2020-03-18T06:56:01Z" changeset="82333636" uid="8912234" user="Quinn Mallory">
    <nd ref="5756301119"/>
    <nd ref="7305186613"/>
    <nd ref="5756301120"/>
    <tag k="highway" v="footway"/>
    <tag k="surface" v="asphalt"/>
  </way>
  <way id="607386270" version="1" timestamp="2018-07-12T12:23:46Z" changeset="60650496" uid="7512949" user="Pasha Rockof">
    <nd ref="5756300633"/>
    <nd ref="5756301321"/>
    <nd ref="5756301120"/>
    <tag k="footway" v="crossing"/>
    <tag k="highway" v="footway"/>
    <tag k="surface" v="asphalt"/>
  </way>
  <way id="607386272" version="1" timestamp="2018-07-12T12:23:46Z" changeset="60650496" uid="7512949" user="Pasha Rockof">
    <nd ref="5756301322"/>
    <nd ref="5756301323"/>
    <nd ref="5756301324"/>
    <nd ref="5756301325"/>
    <nd ref="5756301326"/>
    <nd ref="5756301327"/>
    <nd ref="5756301328"/>
    <nd ref="5756301329"/>
    <nd ref="5756301322"/>
    <tag k="landuse" v="grass"/>
  </way>
  <way id="607386274" version="1" timestamp="2018-07-12T12:23:46Z" changeset="60650496" uid="7512949" user="Pasha Rockof">
    <nd ref="5756301330"/>
    <nd ref="5756301331"/>
    <nd ref="5756301332"/>
    <nd ref="5756301333"/>
    <nd ref="5756301334"/>
    <nd ref="5756301335"/>
    <nd ref="5756301330"/>
    <tag k="landuse" v="grass"/>
  </way>
  <way id="607386275" version="5" timestamp="2023-04-11T17:21:33Z" changeset="134784077" uid="2055718" user="Bobropiton">
    <nd ref="5756301038"/>
    <nd ref="5756300696"/>
    <nd ref="10802232473"/>
    <nd ref="4940851911"/>
    <nd ref="625896863"/>
    <nd ref="261826093"/>
    <tag k="highway" v="secondary"/>
    <tag k="lanes" v="2"/>
    <tag k="lit" v="yes"/>
    <tag k="maxspeed" v="90"/>
    <tag k="oneway" v="yes"/>
    <tag k="priority_road" v="designated"/>
    <tag k="surface" v="asphalt"/>
  </way>
  <way id="607386278" version="1" timestamp="2018-07-12T12:23:46Z" changeset="60650496" uid="7512949" user="Pasha Rockof">
    <nd ref="4940864849"/>
    <nd ref="5756301337"/>
    <nd ref="5756301338"/>
    <tag k="footway" v="crossing"/>
    <tag k="highway" v="footway"/>
    <tag k="surface" v="asphalt"/>
  </way>
  <way id="607386281" version="1" timestamp="2018-07-12T12:23:46Z" changeset="60650496" uid="7512949" user="Pasha Rockof">
    <nd ref="4940856615"/>
    <nd ref="5756301346"/>
    <nd ref="4940856619"/>
    <tag k="footway" v="crossing"/>
    <tag k="highway" v="footway"/>
    <tag k="surface" v="asphalt"/>
  </way>
  <way id="607386283" version="1" timestamp="2018-07-12T12:23:46Z" changeset="60650496" uid="7512949" user="Pasha Rockof">
    <nd ref="4940856619"/>
    <nd ref="5756300694"/>
    <nd ref="5756300693"/>
    <nd ref="4940856616"/>
    <nd ref="4940856618"/>
    <nd ref="5756301116"/>
    <nd ref="4940856620"/>
    <nd ref="5756301097"/>
    <nd ref="5756301098"/>
    <nd ref="5756301099"/>
    <nd ref="5756301114"/>
    <tag k="highway" v="footway"/>
    <tag k="surface" v="asphalt"/>
  </way>
  <way id="607386286" version="5" timestamp="2023-08-02T15:09:47Z" changeset="139352516" uid="8912234" user="Quinn Mallory">
    <nd ref="5756301347"/>
    <nd ref="5756301357"/>
    <nd ref="5756301348"/>
    <nd ref="5756301358"/>
    <nd ref="5756301349"/>
    <nd ref="5758822095"/>
    <nd ref="5758822096"/>
    <nd ref="5756301350"/>
    <nd ref="5756301351"/>
    <nd ref="5756301370"/>
    <nd ref="5756301355"/>
    <nd ref="5756301356"/>
    <nd ref="5756301352"/>
    <nd ref="5756301353"/>
    <nd ref="5756301354"/>
    <tag k="destination" v="Внуково;Москва"/>
    <tag k="highway" v="tertiary_link"/>
    <tag k="lanes" v="1"/>
    <tag k="lit" v="yes"/>
    <tag k="maxspeed" v="90"/>
    <tag k="oneway" v="yes"/>
    <tag k="surface" v="asphalt"/>
  </way>
  <way id="607386289" version="3" timestamp="2023-08-02T15:09:47Z" changeset="139352516" uid="8912234" user="Quinn Mallory">
    <nd ref="5756301359"/>
    <nd ref="5756301360"/>
    <nd ref="5756301361"/>
    <nd ref="5756301362"/>
    <nd ref="5756301363"/>
    <nd ref="5756301367"/>
    <nd ref="5756301364"/>
    <nd ref="5756301365"/>
    <nd ref="5756301366"/>
    <nd ref="5756301347"/>
    <tag k="highway" v="tertiary_link"/>
    <tag k="lanes" v="1"/>
    <tag k="lit" v="yes"/>
    <tag k="maxspeed" v="90"/>
    <tag k="oneway" v="yes"/>
    <tag k="surface" v="asphalt"/>
  </way>
  <way id="607386292" version="4" timestamp="2020-02-19T07:31:39Z" changeset="81207509" uid="8912234" user="Quinn Mallory">
    <nd ref="5756301359"/>
    <nd ref="1723121231"/>
    <nd ref="5756301369"/>
    <nd ref="5756301339"/>
    <nd ref="5756300646"/>
    <nd ref="5756301368"/>
    <nd ref="270831136"/>
    <nd ref="5912797891"/>
    <nd ref="270831131"/>
    <nd ref="5756300645"/>
    <nd ref="5756301354"/>
    <nd ref="5756301044"/>
    <nd ref="5756301045"/>
    <nd ref="5756301046"/>
    <nd ref="270831133"/>
    <tag k="highway" v="secondary"/>
    <tag k="lanes" v="2"/>
    <tag k="lit" v="yes"/>
    <tag k="maxspeed" v="90"/>
    <tag k="oneway" v="yes"/>
    <tag k="surface" v="asphalt"/>
  </way>
  <way id="607723236" version="3" timestamp="2021-10-04T19:02:50Z" changeset="112091632" uid="8912234" user="Quinn Mallory">
    <nd ref="5758822053"/>
    <nd ref="5758822067"/>
    <nd ref="5758822054"/>
    <nd ref="5758822055"/>
    <nd ref="5758822056"/>
    <nd ref="5758822057"/>
    <nd ref="5758822058"/>
    <nd ref="5758822059"/>
    <nd ref="5758822053"/>
    <tag k="barrier" v="fence"/>
    <tag k="fence_type" v="metal_bars"/>
    <tag k="height" v="1"/>
    <tag k="material" v="metal"/>
  </way>
  <way id="607723237" version="1" timestamp="2018-07-13T14:55:30Z" changeset="60690886" uid="7512949" user="Pasha Rockof">
    <nd ref="5758822060"/>
    <nd ref="5758822063"/>
    <nd ref="5758822064"/>
    <nd ref="5758822065"/>
    <nd ref="5758822067"/>
    <nd ref="5758822066"/>
    <tag k="highway" v="service"/>
    <tag k="maxspeed" v="20"/>
    <tag k="surface" v="asphalt"/>
  </way>
  <way id="607723238" version="1" timestamp="2018-07-13T14:55:30Z" changeset="60690886" uid="7512949" user="Pasha Rockof">
    <nd ref="5758822068"/>
    <nd ref="5758822069"/>
    <nd ref="5758822070"/>
    <nd ref="5758822071"/>
    <nd ref="5758822072"/>
    <nd ref="5758822073"/>
    <nd ref="5758822074"/>
    <nd ref="5758822075"/>
    <nd ref="5758822076"/>
    <nd ref="5758822077"/>
    <nd ref="5758822078"/>
    <nd ref="5758822079"/>
    <nd ref="5758822080"/>
    <nd ref="5758822084"/>
    <nd ref="5758822081"/>
    <nd ref="1378980915"/>
    <nd ref="5758822082"/>
    <nd ref="5758822083"/>
    <nd ref="5758822068"/>
    <tag k="natural" v="scrub"/>
  </way>
  <way id="607723247" version="1" timestamp="2018-07-13T14:55:30Z" changeset="60690886" uid="7512949" user="Pasha Rockof">
    <nd ref="5758822097"/>
    <nd ref="5758822098"/>
    <nd ref="5758822099"/>
    <nd ref="5758822100"/>
    <nd ref="5758822101"/>
    <nd ref="5758822102"/>
    <nd ref="5758822103"/>
    <nd ref="5758822104"/>
    <nd ref="5758822097"/>
    <tag k="landuse" v="grass"/>
  </way>
  <way id="607723249" version="1" timestamp="2018-07-13T14:55:30Z" changeset="60690886" uid="7512949" user="Pasha Rockof">
    <nd ref="5758822105"/>
    <nd ref="5758822106"/>
    <nd ref="5758822107"/>
    <nd ref="5758822108"/>
    <nd ref="5758822109"/>
    <nd ref="5758822110"/>
    <nd ref="5758822111"/>
    <nd ref="5758822112"/>
    <nd ref="5758822113"/>
    <nd ref="5758822114"/>
    <nd ref="5758822115"/>
    <nd ref="5758822105"/>
    <tag k="landuse" v="grass"/>
  </way>
  <way id="607723254" version="4" timestamp="2023-08-02T15:09:47Z" changeset="139352516" uid="8912234" user="Quinn Mallory">
    <nd ref="471768070"/>
    <nd ref="625962987"/>
    <tag k="highway" v="secondary"/>
    <tag k="lanes" v="2"/>
    <tag k="lanes:backward" v="1"/>
    <tag k="lanes:forward" v="1"/>
    <tag k="lit" v="yes"/>
    <tag k="maxspeed" v="90"/>
    <tag k="oneway" v="no"/>
    <tag k="surface" v="asphalt"/>
    <tag k="turn:lanes:backward" v="left;through"/>
    <tag k="turn:lanes:forward" v="through"/>
  </way>
  <way id="676385886" version="2" timestamp="2019-12-21T22:02:30Z" changeset="78722406" uid="8912234" user="Quinn Mallory">
    <nd ref="1392017391"/>
    <nd ref="5756300650"/>
    <nd ref="625842853"/>
    <nd ref="5756300680"/>
    <tag k="highway" v="secondary"/>
    <tag k="lanes" v="2"/>
    <tag k="lit" v="yes"/>
    <tag k="maxspeed" v="90"/>
    <tag k="oneway" v="no"/>
    <tag k="surface" v="asphalt"/>
  </way>
  <way id="676385887" version="1" timestamp="2019-03-12T20:44:46Z" changeset="68077613" uid="8912234" user="Quinn Mallory">
    <nd ref="6334146567"/>
    <nd ref="6334146568"/>
    <nd ref="6334146569"/>
    <nd ref="6334146787"/>
    <nd ref="6334146570"/>
    <nd ref="6334146786"/>
    <nd ref="6334146571"/>
    <nd ref="6334146584"/>
    <nd ref="6334146572"/>
    <nd ref="6334146582"/>
    <nd ref="6334146583"/>
    <nd ref="6334146573"/>
    <nd ref="254508020"/>
    <nd ref="261820467"/>
    <nd ref="6334146574"/>
    <nd ref="6334146575"/>
    <nd ref="6334146576"/>
    <nd ref="6334146785"/>
    <nd ref="6334146577"/>
    <nd ref="6334146578"/>
    <nd ref="6334146579"/>
    <nd ref="6334146580"/>
    <nd ref="6334146581"/>
    <nd ref="261820978"/>
    <nd ref="261820656"/>
    <nd ref="6334146567"/>
    <tag k="layer" v="1"/>
    <tag k="man_made" v="bridge"/>
  </way>
  <way id="676385888" version="1" timestamp="2019-03-12T20:44:46Z" changeset="68077613" uid="8912234" user="Quinn Mallory">
    <nd ref="6334146788"/>
    <nd ref="1889955160"/>
    <nd ref="6334146789"/>
    <tag k="highway" v="service"/>
    <tag k="maxspeed" v="20"/>
  </way>
  <way id="676385890" version="2" timestamp="2020-07-22T05:20:49Z" changeset="88323947" uid="10529506" user="Jordaan23">
    <nd ref="5758822376"/>
    <nd ref="5758822377"/>
    <nd ref="7735722141"/>
    <nd ref="1957934162"/>
    <nd ref="1957934210"/>
    <nd ref="5758822378"/>
    <nd ref="6334146799"/>
    <nd ref="7735722143"/>
    <nd ref="7735722142"/>
    <nd ref="6334146794"/>
    <nd ref="7735722139"/>
    <nd ref="7735722140"/>
    <nd ref="6334146795"/>
    <nd ref="6334146800"/>
    <nd ref="6334146796"/>
    <nd ref="6334146797"/>
    <nd ref="6334146798"/>
    <tag k="barrier" v="fence"/>
    <tag k="fence_type" v="metal_bars"/>
    <tag k="height" v="2"/>
    <tag k="material" v="metal"/>
  </way>
  <way id="739627439" version="3" timestamp="2020-03-18T06:56:01Z" changeset="82333636" uid="8912234" user="Quinn Mallory">
    <nd ref="270831140"/>
    <nd ref="7305186598"/>
    <nd ref="270831142"/>
    <nd ref="5756301055"/>
    <nd ref="270831138"/>
    <nd ref="5756301054"/>
    <nd ref="270831137"/>
    <nd ref="5756301056"/>
    <nd ref="270831139"/>
    <tag k="highway" v="secondary"/>
    <tag k="lanes" v="2"/>
    <tag k="lit" v="yes"/>
    <tag k="maxspeed" v="40"/>
    <tag k="oneway" v="yes"/>
    <tag k="surface" v="asphalt"/>
  </way>
  <way id="739627440" version="4" timestamp="2023-08-02T15:09:47Z" changeset="139352516" uid="8912234" user="Quinn Mallory">
    <nd ref="5756301040"/>
    <nd ref="5756301029"/>
    <nd ref="5756301039"/>
    <nd ref="5756301030"/>
    <nd ref="5756301031"/>
    <nd ref="5756301032"/>
    <nd ref="5756301033"/>
    <nd ref="5756301034"/>
    <nd ref="5756301035"/>
    <nd ref="5756301036"/>
    <nd ref="5756301041"/>
    <nd ref="5756301042"/>
    <nd ref="5756301037"/>
    <nd ref="5756301038"/>
    <tag k="highway" v="tertiary_link"/>
    <tag k="lanes" v="1"/>
    <tag k="lit" v="yes"/>
    <tag k="maxspeed" v="20"/>
    <tag k="maxspeed:advisory" v="60"/>
    <tag k="oneway" v="yes"/>
    <tag k="surface" v="asphalt"/>
  </way>
  <way id="757719910" version="1" timestamp="2019-12-21T22:02:30Z" changeset="78722406" uid="8912234" user="Quinn Mallory">
    <nd ref="7076362591"/>
    <nd ref="625962975"/>
    <nd ref="7076362592"/>
    <nd ref="5756301074"/>
    <nd ref="7076362593"/>
    <nd ref="7076362594"/>
    <nd ref="7076362591"/>
    <tag k="building" v="roof"/>
    <tag k="height" v="5"/>
  </way>
  <way id="782314313" version="28" timestamp="2023-09-17T22:55:32Z" changeset="141400514" uid="149719" user="Bloodmage">
    <nd ref="7305181672"/>
    <nd ref="7305186599"/>
    <nd ref="7305186617"/>
    <nd ref="7305186614"/>
    <nd ref="7305186596"/>
    <nd ref="7305186597"/>
    <nd ref="7305181673"/>
    <nd ref="7305181674"/>
    <nd ref="7305181675"/>
    <nd ref="7305181676"/>
    <nd ref="7305181677"/>
    <nd ref="7305181678"/>
    <nd ref="7305181679"/>
    <nd ref="7305181680"/>
    <nd ref="7305181681"/>
    <nd ref="7305181682"/>
    <nd ref="7305181683"/>
    <nd ref="7305181684"/>
    <nd ref="7305186585"/>
    <nd ref="7305186586"/>
    <nd ref="7305186587"/>
    <nd ref="7305186588"/>
    <nd ref="7305186589"/>
    <nd ref="7305186590"/>
    <nd ref="7305186591"/>
    <nd ref="7305186592"/>
    <nd ref="7305186593"/>
    <nd ref="7305186594"/>
    <nd ref="7305186595"/>
    <nd ref="7305181672"/>
    <tag k="access" v="yes"/>
    <tag k="amenity" v="parking"/>
    <tag k="charge" v="100 RUB"/>
    <tag k="fee" v="yes"/>
    <tag k="name" v="Внуково-Трансфер"/>
    <tag k="parking" v="surface"/>
    <tag k="payment:cash" v="yes"/>
    <tag k="surface" v="compacted"/>
  </way>
  <way id="782314314" version="1" timestamp="2020-03-18T06:56:01Z" changeset="82333636" uid="8912234" user="Quinn Mallory">
    <nd ref="7305186598"/>
    <nd ref="7305186613"/>
    <nd ref="7305186599"/>
    <nd ref="7305186600"/>
    <nd ref="7305186603"/>
    <nd ref="7305186601"/>
    <nd ref="7305186604"/>
    <nd ref="7305186602"/>
    <tag k="highway" v="service"/>
    <tag k="maxspeed" v="20"/>
    <tag k="service" v="parking_aisle"/>
    <tag k="surface" v="compacted"/>
  </way>
  <way id="782314315" version="1" timestamp="2020-03-18T06:56:01Z" changeset="82333636" uid="8912234" user="Quinn Mallory">
    <nd ref="7305186604"/>
    <nd ref="7305186605"/>
    <nd ref="7305186606"/>
    <nd ref="7305186607"/>
    <nd ref="7305186608"/>
    <nd ref="7305186609"/>
    <nd ref="7305186610"/>
    <nd ref="7305186611"/>
    <nd ref="7305186612"/>
    <tag k="highway" v="service"/>
    <tag k="maxspeed" v="20"/>
    <tag k="service" v="parking_aisle"/>
    <tag k="surface" v="compacted"/>
  </way>
  <way id="782314316" version="1" timestamp="2020-03-18T06:56:01Z" changeset="82333636" uid="8912234" user="Quinn Mallory">
    <nd ref="7305186614"/>
    <nd ref="7305186615"/>
    <nd ref="7305186616"/>
    <nd ref="7305186617"/>
    <nd ref="7305186614"/>
    <tag k="building" v="yes"/>
    <tag k="height" v="2"/>
  </way>
  <way id="828686312" version="1" timestamp="2020-07-22T05:20:49Z" changeset="88323947" uid="10529506" user="Jordaan23">
    <nd ref="6334146798"/>
    <nd ref="6334146796"/>
    <nd ref="6334146800"/>
    <nd ref="6334146795"/>
    <nd ref="7735722140"/>
    <nd ref="7735722139"/>
    <nd ref="6334146794"/>
    <nd ref="7735722142"/>
    <nd ref="7735722143"/>
    <nd ref="6334146799"/>
    <nd ref="5758822378"/>
    <nd ref="1957934210"/>
    <nd ref="1957934162"/>
    <nd ref="7735722141"/>
    <nd ref="5758822377"/>
    <nd ref="5758822376"/>
  </way>
  <way id="883926528" version="1" timestamp="2020-12-11T20:16:48Z" changeset="95701647" uid="8912234" user="Quinn Mallory">
    <nd ref="8220730362"/>
    <nd ref="8220730363"/>
    <nd ref="8220730364"/>
    <nd ref="8220730365"/>
    <nd ref="8220730362"/>
    <tag k="building" v="garage"/>
    <tag k="height" v="2"/>
  </way>
  <way id="883926533" version="3" timestamp="2023-01-12T14:23:07Z" changeset="131191021" uid="8923706" user="Elizen">
    <nd ref="8220730369"/>
    <nd ref="8220730370"/>
    <nd ref="8220730371"/>
    <nd ref="8220730372"/>
    <nd ref="8220730369"/>
    <tag k="addr:city" v="Марушкино"/>
    <tag k="addr:housenumber" v="10 с2"/>
    <tag k="addr:place" v="СНТ «Ручеёк»"/>
    <tag k="building" v="garage"/>
    <tag k="height" v="2"/>
  </way>
  <way id="883926534" version="1" timestamp="2020-12-11T20:16:48Z" changeset="95701647" uid="8912234" user="Quinn Mallory">
    <nd ref="8220730377"/>
    <nd ref="8220730378"/>
    <nd ref="8220730379"/>
    <nd ref="8220730380"/>
    <nd ref="8220730381"/>
    <nd ref="8220730382"/>
    <nd ref="8220730383"/>
    <nd ref="8220730384"/>
    <nd ref="8220730385"/>
    <nd ref="8220730386"/>
    <nd ref="8220730387"/>
    <nd ref="8220730388"/>
    <nd ref="8220730389"/>
    <nd ref="8220730390"/>
    <nd ref="8220730391"/>
    <nd ref="8220730392"/>
    <nd ref="8220730393"/>
    <nd ref="8220730377"/>
    <tag k="leaf_cycle" v="mixed"/>
    <tag k="leaf_type" v="mixed"/>
    <tag k="natural" v="wood"/>
  </way>
  <way id="989709665" version="1" timestamp="2021-10-04T19:02:50Z" changeset="112091632" uid="8912234" user="Quinn Mallory">
    <nd ref="9146559943"/>
    <nd ref="9146559944"/>
    <nd ref="9146559945"/>
    <nd ref="9146559946"/>
    <nd ref="9146559947"/>
    <nd ref="9146559948"/>
    <nd ref="9146559949"/>
    <nd ref="9146559950"/>
    <nd ref="9146559951"/>
    <nd ref="9146559952"/>
    <nd ref="9146559953"/>
    <nd ref="9146559954"/>
    <nd ref="9146559943"/>
    <tag k="natural" v="scrub"/>
  </way>
  <way id="1082162526" version="1" timestamp="2022-07-28T19:39:41Z" changeset="124201024" uid="10200827" user="Vyacheslav 89">
    <nd ref="9917715295"/>
    <nd ref="9917715296"/>
    <nd ref="9917715297"/>
    <nd ref="9917715298"/>
    <nd ref="9917715299"/>
    <nd ref="9917715300"/>
    <nd ref="9917715301"/>
    <nd ref="9917715302"/>
    <nd ref="9917715303"/>
    <nd ref="9917715304"/>
    <nd ref="9917715305"/>
    <nd ref="9917715306"/>
    <nd ref="9917715307"/>
    <nd ref="9917715308"/>
    <nd ref="9917715311"/>
    <nd ref="9917715310"/>
    <nd ref="9917715309"/>
    <nd ref="9917733222"/>
    <nd ref="9917733221"/>
    <nd ref="9917733220"/>
    <nd ref="9917733219"/>
    <nd ref="9917733218"/>
    <nd ref="9917733223"/>
    <nd ref="9917733224"/>
    <nd ref="9917733225"/>
    <nd ref="9917733226"/>
    <nd ref="9917733227"/>
    <nd ref="9917733228"/>
    <nd ref="9917715295"/>
    <tag k="landuse" v="grass"/>
  </way>
  <way id="1082162527" version="1" timestamp="2022-07-28T19:39:41Z" changeset="124201024" uid="10200827" user="Vyacheslav 89">
    <nd ref="9917733229"/>
    <nd ref="9917733230"/>
    <nd ref="9917733231"/>
    <nd ref="9917733232"/>
    <nd ref="9917733233"/>
    <nd ref="9917733234"/>
    <nd ref="9917733235"/>
    <nd ref="9917733236"/>
    <nd ref="9917733237"/>
    <nd ref="9917733238"/>
    <nd ref="9917733239"/>
    <nd ref="9917733240"/>
    <nd ref="9917733241"/>
    <nd ref="9917733242"/>
    <nd ref="9917733243"/>
    <nd ref="9917733244"/>
    <nd ref="9917733245"/>
    <nd ref="9917733246"/>
    <nd ref="9917733247"/>
    <nd ref="9917733248"/>
    <nd ref="9917715314"/>
    <nd ref="9917715313"/>
    <nd ref="9917715312"/>
    <nd ref="9917733217"/>
    <nd ref="9917715316"/>
    <nd ref="9917715315"/>
    <nd ref="9917733249"/>
    <nd ref="9917733229"/>
    <tag k="landuse" v="grass"/>
  </way>
  <way id="1194032014" version="1" timestamp="2023-08-02T15:09:47Z" changeset="139352516" uid="8912234" user="Quinn Mallory">
    <nd ref="5756301347"/>
    <nd ref="5756301346"/>
    <nd ref="5756301345"/>
    <tag k="highway" v="unclassified"/>
    <tag k="lanes" v="2"/>
    <tag k="lit" v="yes"/>
    <tag k="maxspeed" v="90"/>
    <tag k="surface" v="asphalt"/>
  </way>
  <way id="1194032015" version="3" timestamp="2026-03-04T21:49:46Z" changeset="179370542" uid="12117593" user="89r">
    <nd ref="5756301340"/>
    <nd ref="625901937"/>
    <nd ref="625901938"/>
    <tag k="access" v="private"/>
    <tag k="highway" v="unclassified"/>
    <tag k="lanes" v="2"/>
    <tag k="lit" v="yes"/>
    <tag k="maxspeed" v="90"/>
    <tag k="surface" v="asphalt"/>
  </way>
  <way id="1194032042" version="1" timestamp="2023-08-02T15:09:47Z" changeset="139352516" uid="8912234" user="Quinn Mallory">
    <nd ref="9917715310"/>
    <nd ref="9917715311"/>
    <nd ref="9917715308"/>
    <nd ref="11083820461"/>
    <nd ref="9917733229"/>
    <nd ref="9917733249"/>
    <nd ref="9917715315"/>
    <nd ref="9917715316"/>
    <nd ref="9917733217"/>
    <nd ref="9917715312"/>
    <nd ref="9917715313"/>
    <nd ref="9917715314"/>
    <nd ref="9917733248"/>
    <nd ref="9917733223"/>
    <nd ref="9917733218"/>
    <nd ref="9917733219"/>
    <nd ref="9917733220"/>
    <nd ref="9917733221"/>
    <nd ref="9917733222"/>
    <nd ref="9917715309"/>
    <nd ref="9917715310"/>
    <tag k="aeroway" v="helipad"/>
    <tag k="lit" v="yes"/>
    <tag k="surface" v="asphalt"/>
  </way>
  <way id="1270177727" version="2" timestamp="2025-10-06T21:54:18Z" changeset="172935130" uid="2387673" user="Satyr">
    <nd ref="11793731506"/>
    <nd ref="11793731507"/>
    <nd ref="11793731515"/>
    <nd ref="11793731508"/>
    <nd ref="11793731514"/>
    <nd ref="11793731509"/>
    <nd ref="11793731510"/>
    <nd ref="11793731511"/>
    <nd ref="11793731512"/>
    <nd ref="11793731513"/>
    <nd ref="11793731516"/>
    <nd ref="11793731517"/>
    <nd ref="11793731518"/>
    <nd ref="11793731519"/>
    <nd ref="11793731520"/>
    <nd ref="13198676898"/>
    <nd ref="11793731521"/>
    <nd ref="11793731522"/>
    <nd ref="11793731523"/>
    <nd ref="11793731524"/>
    <nd ref="11793731525"/>
    <nd ref="11793731526"/>
    <nd ref="11793731527"/>
    <nd ref="11793731528"/>
    <nd ref="11793731529"/>
    <nd ref="11793731530"/>
    <nd ref="11793731531"/>
    <nd ref="11793731532"/>
    <nd ref="11793731533"/>
    <nd ref="11793731534"/>
    <nd ref="11793731535"/>
    <nd ref="11793731536"/>
    <nd ref="11793731537"/>
    <nd ref="11793731538"/>
    <nd ref="11793731539"/>
    <nd ref="11793731540"/>
    <nd ref="11793731541"/>
    <nd ref="11793731542"/>
    <nd ref="11793731543"/>
    <nd ref="11793731544"/>
    <nd ref="11793731545"/>
    <nd ref="11793731546"/>
    <nd ref="11793731558"/>
    <nd ref="11793731559"/>
    <nd ref="11793731547"/>
    <nd ref="11793731557"/>
    <nd ref="11793731556"/>
    <nd ref="11793731548"/>
    <nd ref="11793731549"/>
    <nd ref="11793731555"/>
    <nd ref="11793731550"/>
    <nd ref="11793731554"/>
    <nd ref="11793731551"/>
    <nd ref="11793731553"/>
    <nd ref="11793731552"/>
    <nd ref="11793731560"/>
    <nd ref="11793731585"/>
    <nd ref="11793731561"/>
    <nd ref="11793731562"/>
    <nd ref="11793731563"/>
    <nd ref="11793731564"/>
    <nd ref="11793731565"/>
    <nd ref="11793731566"/>
    <nd ref="11793731567"/>
    <nd ref="11793731568"/>
    <nd ref="11793731569"/>
    <nd ref="11793731570"/>
    <nd ref="11793731584"/>
    <nd ref="11793731583"/>
    <nd ref="11793731571"/>
    <nd ref="11793731572"/>
    <nd ref="11793731582"/>
    <nd ref="11793731573"/>
    <nd ref="11793731574"/>
    <nd ref="11793731575"/>
    <nd ref="11793731576"/>
    <nd ref="11793731577"/>
    <nd ref="11793731578"/>
    <nd ref="11793731579"/>
    <nd ref="11793731580"/>
    <nd ref="11793731581"/>
    <tag k="description" v="Авиакеросин (ТС-1)"/>
    <tag k="flow_direction" v="forward"/>
    <tag k="layer" v="-1"/>
    <tag k="location" v="underground"/>
    <tag k="man_made" v="pipeline"/>
    <tag k="name" v="Отвод к складу ГСМ а/п Внуково"/>
    <tag k="operator" v="ООО «Транснефть — Верхняя Волга»"/>
    <tag k="substance" v="fuel"/>
    <tag k="usage" v="transmission"/>
  </way>
  <way id="1485523259" version="1" timestamp="2026-03-04T21:49:46Z" changeset="179370542" uid="12117593" user="89r">
    <nd ref="5756301345"/>
    <nd ref="5756301344"/>
    <nd ref="5756301343"/>
    <nd ref="5756301342"/>
    <nd ref="5756301341"/>
    <nd ref="5756301340"/>
    <tag k="highway" v="unclassified"/>
    <tag k="lanes" v="2"/>
    <tag k="lit" v="yes"/>
    <tag k="maxspeed" v="90"/>
    <tag k="surface" v="asphalt"/>
  </way>
  <relation id="446113" version="34" timestamp="2024-10-14T16:41:18Z" changeset="157886931" uid="1832883" user="Noro Hibu">
    <member type="way" ref="1008229976" role="outer"/>
    <member type="way" ref="1008229977" role="outer"/>
    <member type="way" ref="953300942" role="outer"/>
    <member type="way" ref="953300944" role="outer"/>
    <member type="way" ref="124027421" role="outer"/>
    <member type="way" ref="1323900546" role="outer"/>
    <member type="way" ref="127048389" role="outer"/>
    <member type="way" ref="127048383" role="outer"/>
    <member type="way" ref="127048400" role="outer"/>
    <member type="way" ref="1246874201" role="outer"/>
    <member type="way" ref="1246874200" role="outer"/>
    <tag k="name" v="Внуково"/>
    <tag k="name:de" v="Wnukowo"/>
    <tag k="name:en" v="Vnukovo"/>
    <tag k="name:ru" v="Внуково"/>
    <tag k="place" v="village"/>
    <tag k="type" v="multipolygon"/>
  </relation>
  <relation id="1730817" version="9" timestamp="2023-08-25T13:43:31Z" changeset="140373675" uid="11978982" user="mappinglander">
    <member type="way" ref="739627439" role=""/>
    <member type="way" ref="128108513" role=""/>
    <member type="way" ref="607386292" role=""/>
    <member type="way" ref="136671258" role=""/>
    <member type="way" ref="193353270" role=""/>
    <member type="way" ref="193353266" role=""/>
    <member type="way" ref="43053925" role=""/>
    <member type="way" ref="128108510" role=""/>
    <tag k="junction" v="roundabout"/>
    <tag k="type" v="junction"/>
  </relation>
  <relation id="1841912" version="229" timestamp="2026-06-18T21:40:43Z" changeset="184290777" uid="2055718" user="Bobropiton">
    <member type="node" ref="12691369646" role="stop_entry_only"/>
    <member type="node" ref="12691369647" role="platform_entry_only"/>
    <member type="node" ref="12691369645" role="stop"/>
    <member type="node" ref="12691369648" role="platform"/>
    <member type="node" ref="12691369649" role="stop"/>
    <member type="node" ref="12691369650" role="platform"/>
    <member type="node" ref="12691369641" role="stop"/>
    <member type="node" ref="12691369642" role="platform"/>
    <member type="node" ref="12691369661" role="stop"/>
    <member type="node" ref="12691369662" role="platform"/>
    <member type="node" ref="12691369659" role="stop"/>
    <member type="node" ref="12691369660" role="platform"/>
    <member type="node" ref="10820585046" role="stop"/>
    <member type="node" ref="10820585050" role="platform"/>
    <member type="node" ref="10820585043" role="stop"/>
    <member type="node" ref="10820585047" role="platform"/>
    <member type="node" ref="10809810089" role="stop"/>
    <member type="node" ref="518639905" role="platform"/>
    <member type="node" ref="10809810086" role="stop"/>
    <member type="node" ref="544075376" role="platform"/>
    <member type="node" ref="10809810085" role="stop"/>
    <member type="node" ref="538159077" role="platform"/>
    <member type="node" ref="10809810076" role="stop"/>
    <member type="node" ref="10809810081" role="platform"/>
    <member type="node" ref="12520831066" role="stop"/>
    <member type="node" ref="12520831067" role="platform"/>
    <member type="node" ref="10812242550" role="stop"/>
    <member type="node" ref="10812242551" role="platform"/>
    <member type="node" ref="10793520583" role="stop"/>
    <member type="node" ref="473397682" role="platform"/>
    <member type="node" ref="10793520582" role="stop"/>
    <member type="node" ref="606267702" role="platform"/>
    <member type="node" ref="10793520573" role="stop"/>
    <member type="node" ref="1489743166" role="platform"/>
    <member type="node" ref="10793520567" role="stop"/>
    <member type="node" ref="5139015557" role="platform"/>
    <member type="node" ref="10793520564" role="stop"/>
    <member type="node" ref="1489743154" role="platform"/>
    <member type="node" ref="10793520563" role="stop"/>
    <member type="node" ref="1489743193" role="platform"/>
    <member type="node" ref="10793520560" role="stop"/>
    <member type="node" ref="5140714406" role="platform"/>
    <member type="node" ref="10793520559" role="stop"/>
    <member type="node" ref="1489743194" role="platform"/>
    <member type="node" ref="10793520556" role="stop"/>
    <member type="node" ref="5139015559" role="platform"/>
    <member type="node" ref="10793520538" role="stop"/>
    <member type="node" ref="1489743200" role="platform"/>
    <member type="node" ref="10793520535" role="stop"/>
    <member type="node" ref="1489743203" role="platform"/>
    <member type="node" ref="10793520532" role="stop"/>
    <member type="node" ref="605067889" role="platform"/>
    <member type="node" ref="10793520531" role="stop"/>
    <member type="node" ref="1489732081" role="platform"/>
    <member type="node" ref="10793520529" role="stop"/>
    <member type="node" ref="1489732458" role="platform"/>
    <member type="node" ref="10793520545" role="stop"/>
    <member type="node" ref="1489732805" role="platform"/>
    <member type="node" ref="10793520546" role="stop"/>
    <member type="node" ref="5139015561" role="platform"/>
    <member type="node" ref="10793520527" role="stop"/>
    <member type="node" ref="1489733001" role="platform"/>
    <member type="node" ref="10793520524" role="stop"/>
    <member type="node" ref="5140714404" role="platform"/>
    <member type="node" ref="10793520523" role="stop"/>
    <member type="node" ref="1489733032" role="platform"/>
    <member type="node" ref="10793520521" role="stop"/>
    <member type="node" ref="5140714402" role="platform"/>
    <member type="node" ref="10793520518" role="stop"/>
    <member type="node" ref="1489733042" role="platform"/>
    <member type="node" ref="10793520516" role="stop"/>
    <member type="node" ref="5140714400" role="platform"/>
    <member type="node" ref="10793520514" role="stop"/>
    <member type="node" ref="5140714398" role="platform"/>
    <member type="node" ref="10793520511" role="stop"/>
    <member type="node" ref="5140714396" role="platform"/>
    <member type="node" ref="10809694250" role="stop"/>
    <member type="node" ref="9041215214" role="platform"/>
    <member type="node" ref="10809694248" role="stop"/>
    <member type="node" ref="10295084441" role="platform"/>
    <member type="node" ref="10809694241" role="stop"/>
    <member type="node" ref="1486254217" role="platform"/>
    <member type="node" ref="10809694247" role="stop"/>
    <member type="node" ref="8294352853" role="platform"/>
    <member type="node" ref="10809694249" role="stop"/>
    <member type="node" ref="8294352873" role="platform"/>
    <member type="node" ref="10793520509" role="stop"/>
    <member type="node" ref="7077429246" role="platform"/>
    <member type="node" ref="10793520508" role="stop"/>
    <member type="node" ref="1489733069" role="platform"/>
    <member type="node" ref="10809694251" role="stop"/>
    <member type="node" ref="1499404380" role="platform"/>
    <member type="node" ref="10809694254" role="stop"/>
    <member type="node" ref="1499404382" role="platform"/>
    <member type="node" ref="10809694258" role="stop"/>
    <member type="node" ref="9383553281" role="platform"/>
    <member type="node" ref="13950843688" role="stop"/>
    <member type="node" ref="13950843690" role="platform"/>
    <member type="node" ref="10809694260" role="stop"/>
    <member type="node" ref="1499404417" role="platform"/>
    <member type="node" ref="12401766821" role="stop"/>
    <member type="node" ref="12401766822" role="platform"/>
    <member type="node" ref="10809694263" role="stop"/>
    <member type="node" ref="5499185762" role="platform"/>
    <member type="node" ref="10809694266" role="stop"/>
    <member type="node" ref="1499404424" role="platform"/>
    <member type="node" ref="10809694268" role="stop"/>
    <member type="node" ref="5759046805" role="platform"/>
    <member type="node" ref="10809694270" role="stop"/>
    <member type="node" ref="1499404399" role="platform"/>
    <member type="node" ref="10809694272" role="stop"/>
    <member type="node" ref="1499404409" role="platform"/>
    <member type="node" ref="10802232476" role="stop"/>
    <member type="node" ref="5912797893" role="platform"/>
    <member type="node" ref="10802232478" role="stop"/>
    <member type="node" ref="605585688" role="platform"/>
    <member type="node" ref="10802232479" role="stop"/>
    <member type="node" ref="605828619" role="platform"/>
    <member type="node" ref="10802232482" role="stop"/>
    <member type="node" ref="1446510313" role="platform"/>
    <member type="node" ref="10802232483" role="stop"/>
    <member type="node" ref="860423410" role="platform"/>
    <member type="node" ref="10802232486" role="stop"/>
    <member type="node" ref="1446472685" role="platform"/>
    <member type="node" ref="10707555423" role="stop"/>
    <member type="node" ref="1446472678" role="platform"/>
    <member type="node" ref="10707555422" role="stop"/>
    <member type="node" ref="1446472669" role="platform"/>
    <member type="node" ref="10707555420" role="stop"/>
    <member type="node" ref="1446472746" role="platform"/>
    <member type="node" ref="10707555418" role="stop"/>
    <member type="node" ref="1171106154" role="platform"/>
    <member type="node" ref="11172034199" role="stop_exit_only"/>
    <member type="node" ref="5682854123" role="platform_exit_only"/>
    <member type="way" ref="1524901957" role=""/>
    <member type="way" ref="1163697181" role=""/>
    <member type="way" ref="1163697182" role=""/>
    <member type="way" ref="1163697115" role=""/>
    <member type="way" ref="1163697177" role=""/>
    <member type="way" ref="1357136491" role=""/>
    <member type="way" ref="1524901955" role=""/>
    <member type="way" ref="1357136492" role=""/>
    <member type="way" ref="1524901953" role=""/>
    <member type="way" ref="1524901946" role=""/>
    <member type="way" ref="1524901951" role=""/>
    <member type="way" ref="1524901945" role=""/>
    <member type="way" ref="1524901936" role=""/>
    <member type="way" ref="1524901938" role=""/>
    <member type="way" ref="1207245000" role=""/>
    <member type="way" ref="1207244999" role=""/>
    <member type="way" ref="139066859" role=""/>
    <member type="way" ref="1163497943" role=""/>
    <member type="way" ref="49055865" role=""/>
    <member type="way" ref="1353193817" role=""/>
    <member type="way" ref="1476960932" role=""/>
    <member type="way" ref="1476961725" role=""/>
    <member type="way" ref="1476961843" role=""/>
    <member type="way" ref="1476961800" role=""/>
    <member type="way" ref="1476961906" role=""/>
    <member type="way" ref="1476961979" role=""/>
    <member type="way" ref="1353193818" role=""/>
    <member type="way" ref="48491564" role=""/>
    <member type="way" ref="49055872" role=""/>
    <member type="way" ref="1353174966" role=""/>
    <member type="way" ref="1318907467" role=""/>
    <member type="way" ref="1353174965" role=""/>
    <member type="way" ref="27950675" role=""/>
    <member type="way" ref="40606292" role=""/>
    <member type="way" ref="47521030" role=""/>
    <member type="way" ref="1162581681" role=""/>
    <member type="way" ref="130795577" role=""/>
    <member type="way" ref="1160529457" role=""/>
    <member type="way" ref="45774239" role=""/>
    <member type="way" ref="1160529460" role=""/>
    <member type="way" ref="1370365064" role=""/>
    <member type="way" ref="1370365063" role=""/>
    <member type="way" ref="1370365062" role=""/>
    <member type="way" ref="1087036952" role=""/>
    <member type="way" ref="1160529459" role=""/>
    <member type="way" ref="516053069" role=""/>
    <member type="way" ref="47704413" role=""/>
    <member type="way" ref="47704412" role=""/>
    <member type="way" ref="976786484" role=""/>
    <member type="way" ref="47521276" role=""/>
    <member type="way" ref="969757544" role=""/>
    <member type="way" ref="969773630" role=""/>
    <member type="way" ref="737637228" role=""/>
    <member type="way" ref="737637229" role=""/>
    <member type="way" ref="1160529456" role=""/>
    <member type="way" ref="47521278" role=""/>
    <member type="way" ref="138413733" role=""/>
    <member type="way" ref="138413723" role=""/>
    <member type="way" ref="737637235" role=""/>
    <member type="way" ref="976786420" role=""/>
    <member type="way" ref="913458470" role=""/>
    <member type="way" ref="737637236" role=""/>
    <member type="way" ref="913458469" role=""/>
    <member type="way" ref="976971119" role=""/>
    <member type="way" ref="135322738" role=""/>
    <member type="way" ref="977012617" role=""/>
    <member type="way" ref="977012588" role=""/>
    <member type="way" ref="977012585" role=""/>
    <member type="way" ref="977012604" role=""/>
    <member type="way" ref="657826996" role=""/>
    <member type="way" ref="737637237" role=""/>
    <member type="way" ref="717264158" role=""/>
    <member type="way" ref="717264156" role=""/>
    <member type="way" ref="977012575" role=""/>
    <member type="way" ref="512015198" role=""/>
    <member type="way" ref="512015205" role=""/>
    <member type="way" ref="512015203" role=""/>
    <member type="way" ref="135322736" role=""/>
    <member type="way" ref="135322735" role=""/>
    <member type="way" ref="1162306426" role=""/>
    <member type="way" ref="1162306428" role=""/>
    <member type="way" ref="959698216" role=""/>
    <member type="way" ref="1162306427" role=""/>
    <member type="way" ref="959698218" role=""/>
    <member type="way" ref="1162306428" role=""/>
    <member type="way" ref="1162306426" role=""/>
    <member type="way" ref="135322735" role=""/>
    <member type="way" ref="135322736" role=""/>
    <member type="way" ref="512015203" role=""/>
    <member type="way" ref="512015205" role=""/>
    <member type="way" ref="512015186" role=""/>
    <member type="way" ref="717264157" role=""/>
    <member type="way" ref="977012570" role=""/>
    <member type="way" ref="977012571" role=""/>
    <member type="way" ref="644855904" role=""/>
    <member type="way" ref="54037350" role=""/>
    <member type="way" ref="54037351" role=""/>
    <member type="way" ref="218676657" role=""/>
    <member type="way" ref="218676661" role=""/>
    <member type="way" ref="47521281" role=""/>
    <member type="way" ref="160484638" role=""/>
    <member type="way" ref="27835703" role=""/>
    <member type="way" ref="734804763" role=""/>
    <member type="way" ref="572290215" role=""/>
    <member type="way" ref="560494834" role=""/>
    <member type="way" ref="713913116" role=""/>
    <member type="way" ref="572290223" role=""/>
    <member type="way" ref="680569078" role=""/>
    <member type="way" ref="572290265" role=""/>
    <member type="way" ref="776070123" role=""/>
    <member type="way" ref="1040284560" role=""/>
    <member type="way" ref="770843500" role=""/>
    <member type="way" ref="744617839" role=""/>
    <member type="way" ref="680569058" role=""/>
    <member type="way" ref="571987176" role=""/>
    <member type="way" ref="765944575" role=""/>
    <member type="way" ref="571987175" role=""/>
    <member type="way" ref="218676680" role=""/>
    <member type="way" ref="1191402161" role=""/>
    <member type="way" ref="1191402169" role=""/>
    <member type="way" ref="795958990" role=""/>
    <member type="way" ref="765944560" role=""/>
    <member type="way" ref="765944561" role=""/>
    <member type="way" ref="680342388" role=""/>
    <member type="way" ref="592465747" role=""/>
    <member type="way" ref="592465743" role=""/>
    <member type="way" ref="599940150" role=""/>
    <member type="way" ref="599940151" role=""/>
    <member type="way" ref="607753218" role=""/>
    <member type="way" ref="724770040" role=""/>
    <member type="way" ref="724770039" role=""/>
    <member type="way" ref="607753202" role=""/>
    <member type="way" ref="776070142" role=""/>
    <member type="way" ref="776070140" role=""/>
    <member type="way" ref="97522943" role=""/>
    <member type="way" ref="776070139" role=""/>
    <member type="way" ref="725144965" role=""/>
    <member type="way" ref="97522940" role=""/>
    <member type="way" ref="607758167" role=""/>
    <member type="way" ref="607758168" role=""/>
    <member type="way" ref="607753151" role=""/>
    <member type="way" ref="255998003" role=""/>
    <member type="way" ref="255998002" role=""/>
    <member type="way" ref="97522938" role=""/>
    <member type="way" ref="625068390" role=""/>
    <member type="way" ref="97522941" role=""/>
    <member type="way" ref="776070138" role=""/>
    <member type="way" ref="731609831" role=""/>
    <member type="way" ref="49277036" role=""/>
    <member type="way" ref="39371275" role=""/>
    <member type="way" ref="192640841" role=""/>
    <member type="way" ref="192640840" role=""/>
    <member type="way" ref="192640842" role=""/>
    <member type="way" ref="39371274" role=""/>
    <member type="way" ref="676385884" role=""/>
    <member type="way" ref="607386175" role=""/>
    <member type="way" ref="676385886" role=""/>
    <member type="way" ref="607386172" role=""/>
    <member type="way" ref="136671258" role=""/>
    <member type="way" ref="607386292" role=""/>
    <member type="way" ref="39371281" role=""/>
    <member type="way" ref="607386261" role=""/>
    <member type="way" ref="607723254" role=""/>
    <member type="way" ref="878117175" role=""/>
    <member type="way" ref="607386230" role=""/>
    <member type="way" ref="607723257" role=""/>
    <member type="way" ref="607386237" role=""/>
    <member type="way" ref="49286405" role=""/>
    <member type="way" ref="43053922" role=""/>
    <member type="way" ref="695807799" role=""/>
    <member type="way" ref="43053930" role=""/>
    <member type="way" ref="43053929" role=""/>
    <member type="way" ref="231670623" role=""/>
    <member type="way" ref="156105936" role=""/>
    <member type="way" ref="1167458852" role=""/>
    <member type="way" ref="156105867" role=""/>
    <member type="way" ref="72473469" role=""/>
    <member type="way" ref="128759875" role=""/>
    <member type="way" ref="608703604" role=""/>
    <member type="way" ref="608703603" role=""/>
    <member type="way" ref="128759872" role=""/>
    <member type="way" ref="72473464" role=""/>
    <member type="way" ref="43053934" role=""/>
    <member type="way" ref="25469896" role=""/>
    <member type="way" ref="739627436" role=""/>
    <member type="way" ref="739627438" role=""/>
    <member type="way" ref="43053935" role=""/>
    <member type="way" ref="607114846" role=""/>
    <member type="way" ref="1155839277" role=""/>
    <member type="way" ref="1155839260" role=""/>
    <member type="way" ref="739627431" role=""/>
    <member type="way" ref="1155839278" role=""/>
    <member type="way" ref="1155839258" role=""/>
    <member type="way" ref="1155839259" role=""/>
    <member type="way" ref="1155839254" role=""/>
    <member type="way" ref="1155839264" role=""/>
    <member type="way" ref="1155839255" role=""/>
    <member type="way" ref="1155839256" role=""/>
    <member type="way" ref="1155839263" role=""/>
    <member type="way" ref="1155839233" role=""/>
    <member type="way" ref="1155839232" role=""/>
    <member type="way" ref="1155839265" role=""/>
    <member type="way" ref="1155839246" role=""/>
    <member type="way" ref="1155839234" role=""/>
    <member type="way" ref="1155839242" role=""/>
    <member type="way" ref="1155839245" role=""/>
    <member type="way" ref="30369885" role=""/>
    <member type="way" ref="1211310164" role=""/>
    <member type="way" ref="1211310187" role=""/>
    <member type="way" ref="42948491" role=""/>
    <member type="way" ref="1211320540" role=""/>
    <member type="way" ref="748955124" role=""/>
    <tag k="air_conditioning" v="yes"/>
    <tag k="bicycle" v="yes"/>
    <tag k="blind" v="limited"/>
    <tag k="bus_class:length" v="4"/>
    <tag k="charge:all-in-one" v="90 RUB"/>
    <tag k="charge:cards" v="83 RUB"/>
    <tag k="charge:sbp" v="83 RUB"/>
    <tag k="charge:troika" v="75 RUB"/>
    <tag k="charge:troika_qr" v="75 RUB"/>
    <tag k="check_date" v="2026-05-31"/>
    <tag k="colour" v="#ff9ad2"/>
    <tag k="deaf" v="yes"/>
    <tag k="description" v="Маршрут обслуживается электробусами"/>
    <tag k="electric_bus" v="yes"/>
    <tag k="electric_bus:type" v="OC"/>
    <tag k="fee" v="yes"/>
    <tag k="fine:ticketless" v="5000 RUB"/>
    <tag k="from" v="Парк «Красная Пахра»"/>
    <tag k="name" v="Автобус 126: Парк «Красная Пахра» → Аэропорт Внуково"/>
    <tag k="network" v="Московский транспорт"/>
    <tag k="operator" v="ГУП «Мосгортранс»"/>
    <tag k="payment:cards" v="yes"/>
    <tag k="payment:cash" v="no"/>
    <tag k="payment:contactless" v="yes"/>
    <tag k="payment:maestro" v="no"/>
    <tag k="payment:mastercard" v="no"/>
    <tag k="payment:mir" v="yes"/>
    <tag k="payment:nfc" v="yes"/>
    <tag k="payment:podorozhnik" v="no"/>
    <tag k="payment:sbp" v="yes"/>
    <tag k="payment:social_cards" v="yes"/>
    <tag k="payment:strelka" v="no"/>
    <tag k="payment:troika" v="yes"/>
    <tag k="payment:visa" v="no"/>
    <tag k="public_transport:version" v="2"/>
    <tag k="ref" v="126"/>
    <tag k="route" v="bus"/>
    <tag k="source" v="Реестр маршрутов города Москвы"/>
    <tag k="source:description" v="https://mosgortrans.ru/electrobus/map/"/>
    <tag k="to" v="Аэропорт Внуково"/>
    <tag k="type" v="route"/>
    <tag k="website" v="https://transport.mos.ru/transport/schedule/route/141508041"/>
    <tag k="wheelchair" v="yes"/>
  </relation>
  <relation id="1841920" version="229" timestamp="2026-06-18T21:40:43Z" changeset="184290777" uid="2055718" user="Bobropiton">
    <member type="node" ref="10912666871" role="stop_entry_only"/>
    <member type="node" ref="10912666872" role="platform_entry_only"/>
    <member type="node" ref="10748848362" role="stop"/>
    <member type="node" ref="830858375" role="platform"/>
    <member type="node" ref="10707555419" role="stop"/>
    <member type="node" ref="1171106149" role="platform"/>
    <member type="node" ref="10707555421" role="stop"/>
    <member type="node" ref="1446472670" role="platform"/>
    <member type="node" ref="10748854323" role="stop"/>
    <member type="node" ref="830867639" role="platform"/>
    <member type="node" ref="10748854349" role="stop"/>
    <member type="node" ref="1446472675" role="platform"/>
    <member type="node" ref="10802232485" role="stop"/>
    <member type="node" ref="1446472705" role="platform"/>
    <member type="node" ref="10802232484" role="stop"/>
    <member type="node" ref="860423460" role="platform"/>
    <member type="node" ref="10802232481" role="stop"/>
    <member type="node" ref="1446510317" role="platform"/>
    <member type="node" ref="10802232480" role="stop"/>
    <member type="node" ref="605585684" role="platform"/>
    <member type="node" ref="10802232477" role="stop"/>
    <member type="node" ref="605585675" role="platform"/>
    <member type="node" ref="10802232473" role="stop"/>
    <member type="node" ref="1499404367" role="platform"/>
    <member type="node" ref="10809694271" role="stop"/>
    <member type="node" ref="1499404413" role="platform"/>
    <member type="node" ref="10809694269" role="stop"/>
    <member type="node" ref="1499404396" role="platform"/>
    <member type="node" ref="10809694267" role="stop"/>
    <member type="node" ref="5759046804" role="platform"/>
    <member type="node" ref="10809694265" role="stop"/>
    <member type="node" ref="1499404426" role="platform"/>
    <member type="node" ref="10809694264" role="stop"/>
    <member type="node" ref="5499549865" role="platform"/>
    <member type="node" ref="12401766819" role="stop"/>
    <member type="node" ref="12401766820" role="platform"/>
    <member type="node" ref="10809694259" role="stop"/>
    <member type="node" ref="1499404423" role="platform"/>
    <member type="node" ref="13950843689" role="stop"/>
    <member type="node" ref="7171218752" role="platform"/>
    <member type="node" ref="10809694257" role="stop"/>
    <member type="node" ref="9169383238" role="platform"/>
    <member type="node" ref="10809694253" role="stop"/>
    <member type="node" ref="5499549869" role="platform"/>
    <member type="node" ref="10809694252" role="stop"/>
    <member type="node" ref="1499404379" role="platform"/>
    <member type="node" ref="10793520507" role="stop"/>
    <member type="node" ref="1489733066" role="platform"/>
    <member type="node" ref="10793520510" role="stop"/>
    <member type="node" ref="7077429247" role="platform"/>
    <member type="node" ref="10809694250" role="stop"/>
    <member type="node" ref="9041215214" role="platform"/>
    <member type="node" ref="10809694248" role="stop"/>
    <member type="node" ref="10295084441" role="platform"/>
    <member type="node" ref="10809694241" role="stop"/>
    <member type="node" ref="1486254217" role="platform"/>
    <member type="node" ref="10809694247" role="stop"/>
    <member type="node" ref="8294352853" role="platform"/>
    <member type="node" ref="10809694249" role="stop"/>
    <member type="node" ref="8294352873" role="platform"/>
    <member type="node" ref="10793520513" role="stop"/>
    <member type="node" ref="5140714397" role="platform"/>
    <member type="node" ref="10793520515" role="stop"/>
    <member type="node" ref="5140714399" role="platform"/>
    <member type="node" ref="10793520517" role="stop"/>
    <member type="node" ref="5140714401" role="platform"/>
    <member type="node" ref="10793520519" role="stop"/>
    <member type="node" ref="1489733039" role="platform"/>
    <member type="node" ref="10793520520" role="stop"/>
    <member type="node" ref="5140714403" role="platform"/>
    <member type="node" ref="10793520522" role="stop"/>
    <member type="node" ref="1489733036" role="platform"/>
    <member type="node" ref="10793520525" role="stop"/>
    <member type="node" ref="5140714405" role="platform"/>
    <member type="node" ref="10793520526" role="stop"/>
    <member type="node" ref="1489732995" role="platform"/>
    <member type="node" ref="11229605786" role="stop"/>
    <member type="node" ref="11229605787" role="platform"/>
    <member type="node" ref="10793520543" role="stop"/>
    <member type="node" ref="10793520544" role="platform"/>
    <member type="node" ref="10793520528" role="stop"/>
    <member type="node" ref="1489732462" role="platform"/>
    <member type="node" ref="10793520530" role="stop"/>
    <member type="node" ref="1489732075" role="platform"/>
    <member type="node" ref="10793520533" role="stop"/>
    <member type="node" ref="605067883" role="platform"/>
    <member type="node" ref="10793520534" role="stop"/>
    <member type="node" ref="1489743201" role="platform"/>
    <member type="node" ref="10793520537" role="stop"/>
    <member type="node" ref="10793520539" role="platform"/>
    <member type="node" ref="10793520557" role="stop"/>
    <member type="node" ref="5139015560" role="platform"/>
    <member type="node" ref="10793520558" role="stop"/>
    <member type="node" ref="1489743195" role="platform"/>
    <member type="node" ref="10793520561" role="stop"/>
    <member type="node" ref="5140714407" role="platform"/>
    <member type="node" ref="10793520562" role="stop"/>
    <member type="node" ref="1489743188" role="platform"/>
    <member type="node" ref="10793520565" role="stop"/>
    <member type="node" ref="1489743153" role="platform"/>
    <member type="node" ref="10793520566" role="stop"/>
    <member type="node" ref="5139015558" role="platform"/>
    <member type="node" ref="10793520572" role="stop"/>
    <member type="node" ref="1499274466" role="platform"/>
    <member type="node" ref="10793520581" role="stop"/>
    <member type="node" ref="1499274471" role="platform"/>
    <member type="node" ref="10812242546" role="stop"/>
    <member type="node" ref="10812242547" role="platform"/>
    <member type="node" ref="10812242548" role="stop"/>
    <member type="node" ref="10812242549" role="platform"/>
    <member type="node" ref="12520831064" role="stop"/>
    <member type="node" ref="12520831065" role="platform"/>
    <member type="node" ref="10809810075" role="stop"/>
    <member type="node" ref="10809810077" role="platform"/>
    <member type="node" ref="10809810082" role="stop"/>
    <member type="node" ref="10809810083" role="platform"/>
    <member type="node" ref="10809810084" role="stop"/>
    <member type="node" ref="544079505" role="platform"/>
    <member type="node" ref="10809810087" role="stop"/>
    <member type="node" ref="544075107" role="platform"/>
    <member type="node" ref="10809810088" role="stop"/>
    <member type="node" ref="518639902" role="platform"/>
    <member type="node" ref="10820585044" role="stop"/>
    <member type="node" ref="10820585048" role="platform"/>
    <member type="node" ref="10820585045" role="stop"/>
    <member type="node" ref="10820585049" role="platform"/>
    <member type="node" ref="12691369657" role="stop"/>
    <member type="node" ref="12691369658" role="platform"/>
    <member type="node" ref="12691369663" role="stop"/>
    <member type="node" ref="12691369664" role="platform"/>
    <member type="node" ref="12691369643" role="stop"/>
    <member type="node" ref="12691369644" role="platform"/>
    <member type="node" ref="12691369651" role="stop_exit_only"/>
    <member type="node" ref="12691369652" role="platform_exit_only"/>
    <member type="way" ref="1205509237" role=""/>
    <member type="way" ref="257861419" role=""/>
    <member type="way" ref="1155839235" role=""/>
    <member type="way" ref="1155839243" role=""/>
    <member type="way" ref="1155839231" role=""/>
    <member type="way" ref="1155839266" role=""/>
    <member type="way" ref="1155839261" role=""/>
    <member type="way" ref="1167462003" role=""/>
    <member type="way" ref="1155839270" role=""/>
    <member type="way" ref="607114849" role=""/>
    <member type="way" ref="607114842" role=""/>
    <member type="way" ref="42948487" role=""/>
    <member type="way" ref="157467066" role=""/>
    <member type="way" ref="157467062" role=""/>
    <member type="way" ref="42948484" role=""/>
    <member type="way" ref="101432867" role=""/>
    <member type="way" ref="101432854" role=""/>
    <member type="way" ref="42948480" role=""/>
    <member type="way" ref="739627437" role=""/>
    <member type="way" ref="42948488" role=""/>
    <member type="way" ref="72473470" role=""/>
    <member type="way" ref="1163106664" role=""/>
    <member type="way" ref="72473466" role=""/>
    <member type="way" ref="626297170" role=""/>
    <member type="way" ref="156105940" role=""/>
    <member type="way" ref="156105930" role=""/>
    <member type="way" ref="43053923" role=""/>
    <member type="way" ref="131222909" role=""/>
    <member type="way" ref="231670624" role=""/>
    <member type="way" ref="1194032045" role=""/>
    <member type="way" ref="39371280" role=""/>
    <member type="way" ref="128108510" role=""/>
    <member type="way" ref="43053925" role=""/>
    <member type="way" ref="156105951" role=""/>
    <member type="way" ref="607386162" role=""/>
    <member type="way" ref="607386275" role=""/>
    <member type="way" ref="136674965" role=""/>
    <member type="way" ref="609822415" role=""/>
    <member type="way" ref="39371278" role=""/>
    <member type="way" ref="744617846" role=""/>
    <member type="way" ref="796849225" role=""/>
    <member type="way" ref="49277036" role=""/>
    <member type="way" ref="731609831" role=""/>
    <member type="way" ref="776070138" role=""/>
    <member type="way" ref="97522941" role=""/>
    <member type="way" ref="625068390" role=""/>
    <member type="way" ref="97522938" role=""/>
    <member type="way" ref="255998002" role=""/>
    <member type="way" ref="255998003" role=""/>
    <member type="way" ref="607753151" role=""/>
    <member type="way" ref="607758168" role=""/>
    <member type="way" ref="607758167" role=""/>
    <member type="way" ref="97522940" role=""/>
    <member type="way" ref="725144965" role=""/>
    <member type="way" ref="776070139" role=""/>
    <member type="way" ref="97522943" role=""/>
    <member type="way" ref="776070140" role=""/>
    <member type="way" ref="776070142" role=""/>
    <member type="way" ref="607753202" role=""/>
    <member type="way" ref="724770039" role=""/>
    <member type="way" ref="724770040" role=""/>
    <member type="way" ref="607753218" role=""/>
    <member type="way" ref="599940151" role=""/>
    <member type="way" ref="599940150" role=""/>
    <member type="way" ref="592465743" role=""/>
    <member type="way" ref="592465747" role=""/>
    <member type="way" ref="680342388" role=""/>
    <member type="way" ref="765944561" role=""/>
    <member type="way" ref="765944560" role=""/>
    <member type="way" ref="795958990" role=""/>
    <member type="way" ref="1191402169" role=""/>
    <member type="way" ref="1191402161" role=""/>
    <member type="way" ref="218676680" role=""/>
    <member type="way" ref="571987175" role=""/>
    <member type="way" ref="765944575" role=""/>
    <member type="way" ref="571987176" role=""/>
    <member type="way" ref="680569058" role=""/>
    <member type="way" ref="744617839" role=""/>
    <member type="way" ref="770843500" role=""/>
    <member type="way" ref="1040284560" role=""/>
    <member type="way" ref="776070123" role=""/>
    <member type="way" ref="572290227" role=""/>
    <member type="way" ref="572290266" role=""/>
    <member type="way" ref="575899219" role=""/>
    <member type="way" ref="713913115" role=""/>
    <member type="way" ref="572290215" role=""/>
    <member type="way" ref="734804763" role=""/>
    <member type="way" ref="27835703" role=""/>
    <member type="way" ref="160484638" role=""/>
    <member type="way" ref="47521281" role=""/>
    <member type="way" ref="218676661" role=""/>
    <member type="way" ref="218676657" role=""/>
    <member type="way" ref="54037351" role=""/>
    <member type="way" ref="54037350" role=""/>
    <member type="way" ref="644855904" role=""/>
    <member type="way" ref="47521275" role=""/>
    <member type="way" ref="977012566" role=""/>
    <member type="way" ref="512015182" role=""/>
    <member type="way" ref="512015205" role=""/>
    <member type="way" ref="512015203" role=""/>
    <member type="way" ref="135322736" role=""/>
    <member type="way" ref="135322735" role=""/>
    <member type="way" ref="1162306426" role=""/>
    <member type="way" ref="1162306428" role=""/>
    <member type="way" ref="959698216" role=""/>
    <member type="way" ref="1162306427" role=""/>
    <member type="way" ref="959698218" role=""/>
    <member type="way" ref="1162306428" role=""/>
    <member type="way" ref="1162306426" role=""/>
    <member type="way" ref="135322735" role=""/>
    <member type="way" ref="135322736" role=""/>
    <member type="way" ref="512015203" role=""/>
    <member type="way" ref="512015205" role=""/>
    <member type="way" ref="512015215" role=""/>
    <member type="way" ref="512015181" role=""/>
    <member type="way" ref="657826996" role=""/>
    <member type="way" ref="977012604" role=""/>
    <member type="way" ref="977012585" role=""/>
    <member type="way" ref="977012588" role=""/>
    <member type="way" ref="977012617" role=""/>
    <member type="way" ref="135322738" role=""/>
    <member type="way" ref="976971119" role=""/>
    <member type="way" ref="913458469" role=""/>
    <member type="way" ref="737637236" role=""/>
    <member type="way" ref="913458470" role=""/>
    <member type="way" ref="976786420" role=""/>
    <member type="way" ref="737637235" role=""/>
    <member type="way" ref="138413723" role=""/>
    <member type="way" ref="138413733" role=""/>
    <member type="way" ref="47521278" role=""/>
    <member type="way" ref="1160529456" role=""/>
    <member type="way" ref="737637229" role=""/>
    <member type="way" ref="737637228" role=""/>
    <member type="way" ref="969773630" role=""/>
    <member type="way" ref="969757544" role=""/>
    <member type="way" ref="47521276" role=""/>
    <member type="way" ref="976786484" role=""/>
    <member type="way" ref="47704412" role=""/>
    <member type="way" ref="47704413" role=""/>
    <member type="way" ref="516053069" role=""/>
    <member type="way" ref="376577235" role=""/>
    <member type="way" ref="45774239" role=""/>
    <member type="way" ref="1160529457" role=""/>
    <member type="way" ref="130795577" role=""/>
    <member type="way" ref="1162581681" role=""/>
    <member type="way" ref="47521030" role=""/>
    <member type="way" ref="40606292" role=""/>
    <member type="way" ref="27950675" role=""/>
    <member type="way" ref="1353174965" role=""/>
    <member type="way" ref="1318907467" role=""/>
    <member type="way" ref="1353174966" role=""/>
    <member type="way" ref="49055872" role=""/>
    <member type="way" ref="48491564" role=""/>
    <member type="way" ref="1353193818" role=""/>
    <member type="way" ref="1476961979" role=""/>
    <member type="way" ref="1476961906" role=""/>
    <member type="way" ref="1476961800" role=""/>
    <member type="way" ref="1476961843" role=""/>
    <member type="way" ref="1476961725" role=""/>
    <member type="way" ref="1476960932" role=""/>
    <member type="way" ref="1353193817" role=""/>
    <member type="way" ref="49055865" role=""/>
    <member type="way" ref="1163497943" role=""/>
    <member type="way" ref="139066859" role=""/>
    <member type="way" ref="1207244999" role=""/>
    <member type="way" ref="1207245000" role=""/>
    <member type="way" ref="1524901952" role=""/>
    <member type="way" ref="1524901943" role=""/>
    <member type="way" ref="1357136493" role=""/>
    <member type="way" ref="1524901946" role=""/>
    <member type="way" ref="1524901940" role=""/>
    <member type="way" ref="1524901958" role=""/>
    <member type="way" ref="1524901954" role=""/>
    <member type="way" ref="1357136491" role=""/>
    <member type="way" ref="1163697177" role=""/>
    <member type="way" ref="1524901956" role=""/>
    <tag k="air_conditioning" v="yes"/>
    <tag k="bicycle" v="yes"/>
    <tag k="blind" v="limited"/>
    <tag k="bus_class:length" v="4"/>
    <tag k="charge:all-in-one" v="90 RUB"/>
    <tag k="charge:cards" v="83 RUB"/>
    <tag k="charge:sbp" v="83 RUB"/>
    <tag k="charge:troika" v="75 RUB"/>
    <tag k="charge:troika_qr" v="75 RUB"/>
    <tag k="check_date" v="2026-05-31"/>
    <tag k="colour" v="#ff9ad2"/>
    <tag k="deaf" v="yes"/>
    <tag k="description" v="Маршрут обслуживается электробусами"/>
    <tag k="electric_bus" v="yes"/>
    <tag k="electric_bus:type" v="OC"/>
    <tag k="fee" v="yes"/>
    <tag k="fine:ticketless" v="5000 RUB"/>
    <tag k="from" v="Аэропорт Внуково"/>
    <tag k="name" v="Автобус 126: Аэропорт Внуково → Квантовая улица"/>
    <tag k="network" v="Московский транспорт"/>
    <tag k="operator" v="ГУП «Мосгортранс»"/>
    <tag k="payment:cards" v="yes"/>
    <tag k="payment:cash" v="no"/>
    <tag k="payment:contactless" v="yes"/>
    <tag k="payment:maestro" v="no"/>
    <tag k="payment:mastercard" v="no"/>
    <tag k="payment:mir" v="yes"/>
    <tag k="payment:nfc" v="yes"/>
    <tag k="payment:podorozhnik" v="no"/>
    <tag k="payment:sbp" v="yes"/>
    <tag k="payment:social_cards" v="yes"/>
    <tag k="payment:strelka" v="no"/>
    <tag k="payment:troika" v="yes"/>
    <tag k="payment:visa" v="no"/>
    <tag k="public_transport:version" v="2"/>
    <tag k="ref" v="126"/>
    <tag k="route" v="bus"/>
    <tag k="source" v="Реестр маршрутов города Москвы"/>
    <tag k="source:description" v="https://mosgortrans.ru/electrobus/map/"/>
    <tag k="to" v="Квантовая улица"/>
    <tag k="type" v="route"/>
    <tag k="website" v="https://transport.mos.ru/transport/schedule/route/141508041"/>
    <tag k="wheelchair" v="yes"/>
  </relation>
  <relation id="2673994" version="52" timestamp="2025-12-01T12:07:24Z" changeset="175354803" uid="10504312" user="Jobigutenburg">
    <member type="way" ref="829143441" role="outer"/>
    <member type="way" ref="829113151" role="outer"/>
    <member type="way" ref="829113152" role="outer"/>
    <member type="way" ref="829113149" role="outer"/>
    <member type="way" ref="829113150" role="outer"/>
    <member type="way" ref="247125531" role="outer"/>
    <member type="way" ref="829113165" role="outer"/>
    <member type="way" ref="829113166" role="outer"/>
    <member type="way" ref="828690763" role="outer"/>
    <member type="way" ref="828690764" role="outer"/>
    <member type="way" ref="828690765" role="outer"/>
    <member type="way" ref="829113171" role="outer"/>
    <member type="way" ref="829113167" role="outer"/>
    <member type="way" ref="829113168" role="outer"/>
    <member type="way" ref="829113172" role="outer"/>
    <member type="way" ref="828690766" role="outer"/>
    <member type="way" ref="828690767" role="outer"/>
    <member type="way" ref="828690768" role="outer"/>
    <member type="way" ref="219297996" role="outer"/>
    <member type="way" ref="219297991" role="outer"/>
    <member type="way" ref="435947407" role="outer"/>
    <member type="way" ref="604049228" role="outer"/>
    <member type="way" ref="435947404" role="outer"/>
    <member type="way" ref="1441859689" role="outer"/>
    <member type="way" ref="435947405" role="outer"/>
    <member type="way" ref="1441984235" role="outer"/>
    <member type="way" ref="1441984239" role="outer"/>
    <member type="way" ref="1441984234" role="outer"/>
    <member type="way" ref="1441984238" role="outer"/>
    <member type="way" ref="1441732873" role="outer"/>
    <member type="way" ref="435947413" role="outer"/>
    <member type="way" ref="218676878" role="outer"/>
    <member type="way" ref="219207375" role="outer"/>
    <member type="way" ref="828690771" role="outer"/>
    <member type="way" ref="828690772" role="outer"/>
    <member type="way" ref="219207144" role="outer"/>
    <member type="way" ref="828690774" role="outer"/>
    <member type="way" ref="828690773" role="outer"/>
    <member type="way" ref="221338788" role="outer"/>
    <member type="way" ref="221338782" role="outer"/>
    <member type="way" ref="829190425" role="outer"/>
    <member type="way" ref="829190426" role="outer"/>
    <member type="way" ref="828686319" role="outer"/>
    <member type="way" ref="828690775" role="outer"/>
    <member type="way" ref="828690776" role="outer"/>
    <member type="way" ref="829065830" role="outer"/>
    <member type="way" ref="829065831" role="outer"/>
    <member type="way" ref="828686318" role="outer"/>
    <member type="way" ref="829190423" role="outer"/>
    <member type="way" ref="829190424" role="outer"/>
    <member type="way" ref="829143452" role="outer"/>
    <member type="way" ref="829143453" role="outer"/>
    <member type="way" ref="219245871" role="outer"/>
    <member type="way" ref="828686316" role="outer"/>
    <member type="way" ref="828690777" role="outer"/>
    <member type="way" ref="828690778" role="outer"/>
    <member type="way" ref="828686317" role="outer"/>
    <member type="way" ref="829143442" role="outer"/>
    <member type="way" ref="829143443" role="outer"/>
    <member type="way" ref="828686314" role="outer"/>
    <member type="way" ref="828686307" role="outer"/>
    <member type="way" ref="828686308" role="outer"/>
    <member type="way" ref="828686315" role="outer"/>
    <member type="way" ref="828686311" role="outer"/>
    <member type="way" ref="828686312" role="outer"/>
    <member type="way" ref="48011175" role="outer"/>
    <member type="way" ref="218676832" role="outer"/>
    <tag k="aerodrome" v="international"/>
    <tag k="aerodrome:type" v="public"/>
    <tag k="aeroway" v="aerodrome"/>
    <tag k="contact:phone" v="+7 495 937-55-55"/>
    <tag k="ele" v="209"/>
    <tag k="iata" v="VKO"/>
    <tag k="icao" v="UUWW"/>
    <tag k="int_name" v="Vnukovo International Airport"/>
    <tag k="name" v="Аэропорт Внуково"/>
    <tag k="name:ca" v="Aeroport Internacional de Vnúkovo"/>
    <tag k="name:cs" v="Mezinárodní letiště Vnukovo"/>
    <tag k="name:de" v="Flughafen Wnukowo"/>
    <tag k="name:en" v="Vnukovo International Airport"/>
    <tag k="name:ml" v="വ്നുക്കോവോ അന്താരാഷ്ട്ര വിമാനത്താവളം"/>
    <tag k="name:ru" v="Аэропорт Внуково"/>
    <tag k="name:zh" v="伏努科沃國際機場"/>
    <tag k="official_name" v="Международный аэропорт Внуково имени А. Н. Туполева"/>
    <tag k="operator" v="АО «Международный аэропорт Внуково»"/>
    <tag k="ref" v="VKO"/>
    <tag k="type" v="multipolygon"/>
    <tag k="website" v="https://www.vnukovo.ru/en/"/>
    <tag k="wikidata" v="Q273462"/>
    <tag k="wikipedia" v="en:Vnukovo International Airport"/>
  </relation>
  <relation id="3203382" version="25" timestamp="2023-09-16T23:04:43Z" changeset="141361414" uid="8726248" user="traveleditor">
    <member type="way" ref="169404621" role="outer"/>
    <member type="way" ref="116224661" role="outer"/>
    <member type="way" ref="1128402821" role="outer"/>
    <member type="way" ref="170022521" role="outer"/>
    <member type="way" ref="237763472" role="outer"/>
    <member type="way" ref="237763471" role="outer"/>
    <member type="way" ref="1128402820" role="outer"/>
    <member type="way" ref="123752397" role="outer"/>
    <member type="way" ref="116224655" role="outer"/>
    <member type="way" ref="1125558084" role="outer"/>
    <member type="way" ref="1125558087" role="outer"/>
    <member type="way" ref="1125558089" role="outer"/>
    <member type="way" ref="1125558086" role="outer"/>
    <member type="way" ref="1125558085" role="outer"/>
    <member type="way" ref="116224667" role="outer"/>
    <tag k="addr:country" v="RU"/>
    <tag k="name" v="Марушкино"/>
    <tag k="name:en" v="Marushkino"/>
    <tag k="name:ru" v="Марушкино"/>
    <tag k="place" v="village"/>
    <tag k="population" v="7082"/>
    <tag k="type" v="multipolygon"/>
  </relation>
  <relation id="3619873" version="81" timestamp="2026-02-12T19:46:20Z" changeset="178473203" uid="2055718" user="Bobropiton">
    <member type="node" ref="10809397824" role="stop_entry_only"/>
    <member type="node" ref="10809397825" role="platform_entry_only"/>
    <member type="node" ref="10809397819" role="stop"/>
    <member type="node" ref="3332197507" role="platform"/>
    <member type="node" ref="10809397817" role="stop"/>
    <member type="node" ref="10809397818" role="platform"/>
    <member type="node" ref="10912666871" role="stop"/>
    <member type="node" ref="10912666872" role="platform"/>
    <member type="node" ref="10748848362" role="stop"/>
    <member type="node" ref="830858375" role="platform"/>
    <member type="node" ref="10707555419" role="stop"/>
    <member type="node" ref="1171106149" role="platform"/>
    <member type="node" ref="10707555421" role="stop"/>
    <member type="node" ref="1446472670" role="platform"/>
    <member type="node" ref="10748854323" role="stop"/>
    <member type="node" ref="830867639" role="platform"/>
    <member type="node" ref="10748854349" role="stop"/>
    <member type="node" ref="1446472675" role="platform"/>
    <member type="node" ref="10802232485" role="stop"/>
    <member type="node" ref="1446472705" role="platform"/>
    <member type="node" ref="10802232484" role="stop"/>
    <member type="node" ref="860423460" role="platform"/>
    <member type="node" ref="10802232481" role="stop"/>
    <member type="node" ref="1446510317" role="platform"/>
    <member type="node" ref="10802232480" role="stop"/>
    <member type="node" ref="605585684" role="platform"/>
    <member type="node" ref="10802232477" role="stop"/>
    <member type="node" ref="605585675" role="platform"/>
    <member type="node" ref="10802232475" role="stop"/>
    <member type="node" ref="1890058282" role="platform"/>
    <member type="node" ref="10803305769" role="stop"/>
    <member type="node" ref="1890058298" role="platform"/>
    <member type="node" ref="10803305771" role="stop"/>
    <member type="node" ref="5758822116" role="platform"/>
    <member type="node" ref="10803305774" role="stop"/>
    <member type="node" ref="1890058329" role="platform"/>
    <member type="node" ref="10803305775" role="stop"/>
    <member type="node" ref="1890058332" role="platform"/>
    <member type="node" ref="10803305778" role="stop"/>
    <member type="node" ref="1890058341" role="platform"/>
    <member type="node" ref="10803305781" role="stop"/>
    <member type="node" ref="10201240701" role="platform"/>
    <member type="node" ref="10803305791" role="stop"/>
    <member type="node" ref="976513639" role="platform"/>
    <member type="node" ref="5463802258" role="stop"/>
    <member type="node" ref="1444673840" role="platform"/>
    <member type="node" ref="10803305789" role="stop"/>
    <member type="node" ref="1444673843" role="platform"/>
    <member type="node" ref="5723197081" role="stop"/>
    <member type="node" ref="1444673841" role="platform"/>
    <member type="node" ref="10803305787" role="stop"/>
    <member type="node" ref="5723197057" role="platform"/>
    <member type="node" ref="10803305783" role="stop"/>
    <member type="node" ref="10803305785" role="platform"/>
    <member type="node" ref="945611474" role="stop_exit_only"/>
    <member type="node" ref="10803305782" role="platform_exit_only"/>
    <member type="way" ref="1162293255" role=""/>
    <member type="way" ref="270791676" role=""/>
    <member type="way" ref="270791675" role=""/>
    <member type="way" ref="192404970" role=""/>
    <member type="way" ref="30369890" role=""/>
    <member type="way" ref="753120531" role=""/>
    <member type="way" ref="753120530" role=""/>
    <member type="way" ref="753120529" role=""/>
    <member type="way" ref="1155839241" role=""/>
    <member type="way" ref="1155839236" role=""/>
    <member type="way" ref="30369885" role=""/>
    <member type="way" ref="1211310164" role=""/>
    <member type="way" ref="1211310187" role=""/>
    <member type="way" ref="42948491" role=""/>
    <member type="way" ref="1211320540" role=""/>
    <member type="way" ref="748955124" role=""/>
    <member type="way" ref="1205509236" role=""/>
    <member type="way" ref="1205509237" role=""/>
    <member type="way" ref="257861419" role=""/>
    <member type="way" ref="1155839235" role=""/>
    <member type="way" ref="1155839243" role=""/>
    <member type="way" ref="1155839231" role=""/>
    <member type="way" ref="1155839266" role=""/>
    <member type="way" ref="1155839261" role=""/>
    <member type="way" ref="1167462003" role=""/>
    <member type="way" ref="1155839270" role=""/>
    <member type="way" ref="607114849" role=""/>
    <member type="way" ref="607114842" role=""/>
    <member type="way" ref="42948487" role=""/>
    <member type="way" ref="157467066" role=""/>
    <member type="way" ref="157467062" role=""/>
    <member type="way" ref="42948484" role=""/>
    <member type="way" ref="101432867" role=""/>
    <member type="way" ref="101432854" role=""/>
    <member type="way" ref="42948480" role=""/>
    <member type="way" ref="739627437" role=""/>
    <member type="way" ref="42948488" role=""/>
    <member type="way" ref="72473470" role=""/>
    <member type="way" ref="1163106664" role=""/>
    <member type="way" ref="72473466" role=""/>
    <member type="way" ref="626297170" role=""/>
    <member type="way" ref="156105940" role=""/>
    <member type="way" ref="156105930" role=""/>
    <member type="way" ref="43053923" role=""/>
    <member type="way" ref="131222909" role=""/>
    <member type="way" ref="231670624" role=""/>
    <member type="way" ref="1194032045" role=""/>
    <member type="way" ref="39371280" role=""/>
    <member type="way" ref="128108510" role=""/>
    <member type="way" ref="27056382" role=""/>
    <member type="way" ref="193353265" role=""/>
    <member type="way" ref="1177888378" role=""/>
    <member type="way" ref="1177888381" role=""/>
    <member type="way" ref="1388514407" role=""/>
    <member type="way" ref="607753141" role=""/>
    <member type="way" ref="607386315" role=""/>
    <member type="way" ref="742705897" role=""/>
    <member type="way" ref="527933010" role=""/>
    <member type="way" ref="527933011" role=""/>
    <member type="way" ref="607386312" role=""/>
    <member type="way" ref="861118075" role=""/>
    <member type="way" ref="739627450" role=""/>
    <member type="way" ref="1177888380" role=""/>
    <member type="way" ref="1181158937" role=""/>
    <member type="way" ref="739627442" role=""/>
    <member type="way" ref="1181158939" role=""/>
    <member type="way" ref="1181158938" role=""/>
    <member type="way" ref="567708871" role=""/>
    <member type="way" ref="1115422456" role=""/>
    <member type="way" ref="1204545161" role=""/>
    <member type="way" ref="1181158938" role=""/>
    <member type="way" ref="1181158939" role=""/>
    <member type="way" ref="739627442" role=""/>
    <member type="way" ref="1181158937" role=""/>
    <member type="way" ref="1177888380" role=""/>
    <member type="way" ref="739627446" role=""/>
    <member type="way" ref="270791677" role=""/>
    <member type="way" ref="735179658" role=""/>
    <member type="way" ref="602607404" role=""/>
    <member type="way" ref="1161550034" role=""/>
    <member type="way" ref="1161550036" role=""/>
    <member type="way" ref="1161550035" role=""/>
    <member type="way" ref="735179658" role=""/>
    <member type="way" ref="270791677" role=""/>
    <member type="way" ref="747519733" role=""/>
    <member type="way" ref="969909715" role=""/>
    <member type="way" ref="747519724" role=""/>
    <member type="way" ref="747519734" role=""/>
    <member type="way" ref="747519735" role=""/>
    <member type="way" ref="747519728" role=""/>
    <member type="way" ref="81141240" role=""/>
    <tag k="air_conditioning" v="yes"/>
    <tag k="bicycle" v="yes"/>
    <tag k="blind" v="limited"/>
    <tag k="bus_class:length" v="4;5"/>
    <tag k="charge:all-in-one" v="90 RUB"/>
    <tag k="charge:cards" v="83 RUB"/>
    <tag k="charge:sbp" v="83 RUB"/>
    <tag k="charge:troika" v="75 RUB"/>
    <tag k="charge:troika_qr" v="75 RUB"/>
    <tag k="check_date" v="2023-04-14"/>
    <tag k="colour" v="#ff9ad2"/>
    <tag k="deaf" v="yes"/>
    <tag k="fee" v="yes"/>
    <tag k="fine:ticketless" v="5000 RUB"/>
    <tag k="from" v="Насосная улица"/>
    <tag k="name" v="Автобус 889: Насосная улица =&gt; Улица Ленина"/>
    <tag k="network" v="Московский транспорт"/>
    <tag k="operator" v="ГУП «Мосгортранс»"/>
    <tag k="payment:cards" v="yes"/>
    <tag k="payment:cash" v="no"/>
    <tag k="payment:contactless" v="yes"/>
    <tag k="payment:maestro" v="no"/>
    <tag k="payment:mastercard" v="no"/>
    <tag k="payment:mir" v="yes"/>
    <tag k="payment:nfc" v="yes"/>
    <tag k="payment:podorozhnik" v="no"/>
    <tag k="payment:sbp" v="yes"/>
    <tag k="payment:social_cards" v="yes"/>
    <tag k="payment:strelka" v="no"/>
    <tag k="payment:troika" v="yes"/>
    <tag k="payment:visa" v="no"/>
    <tag k="public_transport:version" v="2"/>
    <tag k="ref" v="889"/>
    <tag k="route" v="bus"/>
    <tag k="source" v="Реестр маршрутов города Москвы"/>
    <tag k="to" v="Улица Ленина"/>
    <tag k="type" v="route"/>
    <tag k="website" v="https://transport.mos.ru/transport/schedule/route/350"/>
    <tag k="wheelchair" v="yes"/>
  </relation>
  <relation id="3619874" version="84" timestamp="2026-02-12T19:46:20Z" changeset="178473203" uid="2055718" user="Bobropiton">
    <member type="node" ref="945611474" role="stop_entry_only"/>
    <member type="node" ref="10803305782" role="platform_entry_only"/>
    <member type="node" ref="10803305784" role="stop"/>
    <member type="node" ref="10803305786" role="platform"/>
    <member type="node" ref="10803305788" role="stop"/>
    <member type="node" ref="5723197052" role="platform"/>
    <member type="node" ref="5723197081" role="stop"/>
    <member type="node" ref="1444673841" role="platform"/>
    <member type="node" ref="10803305790" role="stop"/>
    <member type="node" ref="1444673842" role="platform"/>
    <member type="node" ref="10803305781" role="stop"/>
    <member type="node" ref="10201240701" role="platform"/>
    <member type="node" ref="10803305791" role="stop"/>
    <member type="node" ref="976513639" role="platform"/>
    <member type="node" ref="10943203386" role="stop"/>
    <member type="node" ref="10943203387" role="platform"/>
    <member type="node" ref="10803305777" role="stop"/>
    <member type="node" ref="1890058338" role="platform"/>
    <member type="node" ref="10803305776" role="stop"/>
    <member type="node" ref="1890058335" role="platform"/>
    <member type="node" ref="10803305773" role="stop"/>
    <member type="node" ref="1890058326" role="platform"/>
    <member type="node" ref="10803305772" role="stop"/>
    <member type="node" ref="5758822117" role="platform"/>
    <member type="node" ref="10803305770" role="stop"/>
    <member type="node" ref="1890058296" role="platform"/>
    <member type="node" ref="10802232474" role="stop"/>
    <member type="node" ref="1890058263" role="platform"/>
    <member type="node" ref="10802232476" role="stop"/>
    <member type="node" ref="5912797893" role="platform"/>
    <member type="node" ref="10802232478" role="stop"/>
    <member type="node" ref="605585688" role="platform"/>
    <member type="node" ref="10802232479" role="stop"/>
    <member type="node" ref="605828619" role="platform"/>
    <member type="node" ref="10802232472" role="stop"/>
    <member type="node" ref="3529228264" role="platform"/>
    <member type="node" ref="10802232471" role="stop"/>
    <member type="node" ref="539359321" role="platform"/>
    <member type="node" ref="10802232482" role="stop"/>
    <member type="node" ref="1446510313" role="platform"/>
    <member type="node" ref="10802232483" role="stop"/>
    <member type="node" ref="860423410" role="platform"/>
    <member type="node" ref="10802232486" role="stop"/>
    <member type="node" ref="1446472685" role="platform"/>
    <member type="node" ref="10707555423" role="stop"/>
    <member type="node" ref="1446472678" role="platform"/>
    <member type="node" ref="10707555422" role="stop"/>
    <member type="node" ref="1446472669" role="platform"/>
    <member type="node" ref="10707555420" role="stop"/>
    <member type="node" ref="1446472746" role="platform"/>
    <member type="node" ref="10707555418" role="stop"/>
    <member type="node" ref="1171106154" role="platform"/>
    <member type="node" ref="11172034199" role="stop"/>
    <member type="node" ref="5682854123" role="platform"/>
    <member type="node" ref="2567311563" role="stop"/>
    <member type="node" ref="5888458656" role="platform"/>
    <member type="node" ref="10809397816" role="stop"/>
    <member type="node" ref="5888458657" role="platform"/>
    <member type="node" ref="10809397826" role="stop_exit_only"/>
    <member type="node" ref="10809397827" role="platform_exit_only"/>
    <member type="way" ref="1161550033" role=""/>
    <member type="way" ref="747519734" role=""/>
    <member type="way" ref="747519724" role=""/>
    <member type="way" ref="969909715" role=""/>
    <member type="way" ref="747519733" role=""/>
    <member type="way" ref="270791677" role=""/>
    <member type="way" ref="735179658" role=""/>
    <member type="way" ref="602607404" role=""/>
    <member type="way" ref="1161550034" role=""/>
    <member type="way" ref="1161550036" role=""/>
    <member type="way" ref="1161550035" role=""/>
    <member type="way" ref="735179658" role=""/>
    <member type="way" ref="270791677" role=""/>
    <member type="way" ref="739627446" role=""/>
    <member type="way" ref="1177888380" role=""/>
    <member type="way" ref="1181158937" role=""/>
    <member type="way" ref="739627442" role=""/>
    <member type="way" ref="1181158939" role=""/>
    <member type="way" ref="1181158938" role=""/>
    <member type="way" ref="567708871" role=""/>
    <member type="way" ref="1115422456" role=""/>
    <member type="way" ref="1204545161" role=""/>
    <member type="way" ref="1181158938" role=""/>
    <member type="way" ref="1181158939" role=""/>
    <member type="way" ref="739627442" role=""/>
    <member type="way" ref="1181158937" role=""/>
    <member type="way" ref="1177888380" role=""/>
    <member type="way" ref="739627450" role=""/>
    <member type="way" ref="861118075" role=""/>
    <member type="way" ref="607386312" role=""/>
    <member type="way" ref="527933011" role=""/>
    <member type="way" ref="527933010" role=""/>
    <member type="way" ref="742705897" role=""/>
    <member type="way" ref="607386315" role=""/>
    <member type="way" ref="607753141" role=""/>
    <member type="way" ref="1388514407" role=""/>
    <member type="way" ref="1177888381" role=""/>
    <member type="way" ref="1177888378" role=""/>
    <member type="way" ref="193353265" role=""/>
    <member type="way" ref="193353268" role=""/>
    <member type="way" ref="607386165" role=""/>
    <member type="way" ref="193353270" role=""/>
    <member type="way" ref="136671258" role=""/>
    <member type="way" ref="607386292" role=""/>
    <member type="way" ref="39371281" role=""/>
    <member type="way" ref="607386261" role=""/>
    <member type="way" ref="607723254" role=""/>
    <member type="way" ref="878117175" role=""/>
    <member type="way" ref="607386230" role=""/>
    <member type="way" ref="607723257" role=""/>
    <member type="way" ref="607386237" role=""/>
    <member type="way" ref="49286405" role=""/>
    <member type="way" ref="43053922" role=""/>
    <member type="way" ref="695807799" role=""/>
    <member type="way" ref="25469872" role=""/>
    <member type="way" ref="25469861" role=""/>
    <member type="way" ref="131222908" role=""/>
    <member type="way" ref="1161404201" role=""/>
    <member type="way" ref="1161404202" role=""/>
    <member type="way" ref="131222911" role=""/>
    <member type="way" ref="677152961" role=""/>
    <member type="way" ref="131222910" role=""/>
    <member type="way" ref="131222907" role=""/>
    <member type="way" ref="1161404202" role=""/>
    <member type="way" ref="1161404201" role=""/>
    <member type="way" ref="131222908" role=""/>
    <member type="way" ref="25469861" role=""/>
    <member type="way" ref="25469873" role=""/>
    <member type="way" ref="43053929" role=""/>
    <member type="way" ref="231670623" role=""/>
    <member type="way" ref="156105936" role=""/>
    <member type="way" ref="1167458852" role=""/>
    <member type="way" ref="156105867" role=""/>
    <member type="way" ref="72473469" role=""/>
    <member type="way" ref="128759875" role=""/>
    <member type="way" ref="608703604" role=""/>
    <member type="way" ref="608703603" role=""/>
    <member type="way" ref="128759872" role=""/>
    <member type="way" ref="72473464" role=""/>
    <member type="way" ref="43053934" role=""/>
    <member type="way" ref="25469896" role=""/>
    <member type="way" ref="739627436" role=""/>
    <member type="way" ref="739627438" role=""/>
    <member type="way" ref="43053935" role=""/>
    <member type="way" ref="607114846" role=""/>
    <member type="way" ref="1155839277" role=""/>
    <member type="way" ref="1155839260" role=""/>
    <member type="way" ref="739627431" role=""/>
    <member type="way" ref="1155839278" role=""/>
    <member type="way" ref="1155839258" role=""/>
    <member type="way" ref="1155839259" role=""/>
    <member type="way" ref="1155839254" role=""/>
    <member type="way" ref="1155839264" role=""/>
    <member type="way" ref="1155839255" role=""/>
    <member type="way" ref="1155839256" role=""/>
    <member type="way" ref="1155839263" role=""/>
    <member type="way" ref="1155839233" role=""/>
    <member type="way" ref="1155839232" role=""/>
    <member type="way" ref="1155839265" role=""/>
    <member type="way" ref="1155839246" role=""/>
    <member type="way" ref="1155839234" role=""/>
    <member type="way" ref="1155839242" role=""/>
    <member type="way" ref="1155839245" role=""/>
    <member type="way" ref="30369885" role=""/>
    <member type="way" ref="1211310164" role=""/>
    <member type="way" ref="1211310187" role=""/>
    <member type="way" ref="42948491" role=""/>
    <member type="way" ref="1211320540" role=""/>
    <member type="way" ref="748955124" role=""/>
    <member type="way" ref="1205509236" role=""/>
    <member type="way" ref="1205509237" role=""/>
    <member type="way" ref="257861419" role=""/>
    <member type="way" ref="1155839235" role=""/>
    <member type="way" ref="30369889" role=""/>
    <member type="way" ref="745406335" role=""/>
    <member type="way" ref="745406336" role=""/>
    <member type="way" ref="250249377" role=""/>
    <member type="way" ref="480641177" role=""/>
    <member type="way" ref="1162293255" role=""/>
    <member type="way" ref="30369896" role=""/>
    <tag k="air_conditioning" v="yes"/>
    <tag k="bicycle" v="yes"/>
    <tag k="blind" v="limited"/>
    <tag k="bus_class:length" v="4;5"/>
    <tag k="charge:all-in-one" v="90 RUB"/>
    <tag k="charge:cards" v="83 RUB"/>
    <tag k="charge:sbp" v="83 RUB"/>
    <tag k="charge:troika" v="75 RUB"/>
    <tag k="charge:troika_qr" v="75 RUB"/>
    <tag k="check_date" v="2023-04-14"/>
    <tag k="colour" v="#ff9ad2"/>
    <tag k="deaf" v="yes"/>
    <tag k="fee" v="yes"/>
    <tag k="fine:ticketless" v="5000 RUB"/>
    <tag k="from" v="Улица Ленина"/>
    <tag k="name" v="Автобус 889: Улица Ленина =&gt; Насосная улица"/>
    <tag k="network" v="Московский транспорт"/>
    <tag k="operator" v="ГУП «Мосгортранс»"/>
    <tag k="payment:cards" v="yes"/>
    <tag k="payment:cash" v="no"/>
    <tag k="payment:contactless" v="yes"/>
    <tag k="payment:maestro" v="no"/>
    <tag k="payment:mastercard" v="no"/>
    <tag k="payment:mir" v="yes"/>
    <tag k="payment:nfc" v="yes"/>
    <tag k="payment:podorozhnik" v="no"/>
    <tag k="payment:sbp" v="yes"/>
    <tag k="payment:social_cards" v="yes"/>
    <tag k="payment:strelka" v="no"/>
    <tag k="payment:troika" v="yes"/>
    <tag k="payment:visa" v="no"/>
    <tag k="public_transport:version" v="2"/>
    <tag k="ref" v="889"/>
    <tag k="route" v="bus"/>
    <tag k="source" v="Реестр маршрутов города Москвы"/>
    <tag k="to" v="Насосная улица"/>
    <tag k="type" v="route"/>
    <tag k="website" v="https://transport.mos.ru/transport/schedule/route/350"/>
    <tag k="wheelchair" v="yes"/>
  </relation>
  <relation id="7700601" version="29" timestamp="2026-06-08T10:42:17Z" changeset="183821828" uid="2055718" user="Bobropiton">
    <member type="way" ref="86040514" role="outer"/>
    <member type="way" ref="52014309" role="outer"/>
    <member type="way" ref="86043148" role="outer"/>
    <member type="way" ref="41411854" role="outer"/>
    <member type="way" ref="86961291" role="outer"/>
    <member type="way" ref="86055490" role="outer"/>
    <member type="way" ref="1323909686" role="outer"/>
    <member type="way" ref="127048396" role="outer"/>
    <member type="way" ref="189183923" role="outer"/>
    <member type="way" ref="189183922" role="outer"/>
    <member type="way" ref="127048392" role="outer"/>
    <member type="way" ref="1323934275" role="outer"/>
    <member type="way" ref="127048399" role="outer"/>
    <member type="way" ref="1323900547" role="outer"/>
    <member type="way" ref="977892913" role="outer"/>
    <member type="way" ref="127048524" role="outer"/>
    <member type="way" ref="1323900544" role="outer"/>
    <member type="way" ref="977892912" role="outer"/>
    <member type="way" ref="157098843" role="outer"/>
    <member type="way" ref="157098808" role="outer"/>
    <member type="way" ref="176509253" role="outer"/>
    <member type="way" ref="157098624" role="outer"/>
    <member type="way" ref="157098830" role="outer"/>
    <member type="way" ref="84054766" role="outer"/>
    <member type="way" ref="100429153" role="outer"/>
    <member type="way" ref="84054770" role="outer"/>
    <member type="way" ref="84054765" role="outer"/>
    <member type="way" ref="1180039342" role="outer"/>
    <member type="way" ref="84054772" role="outer"/>
    <member type="way" ref="27730677" role="outer"/>
    <member type="way" ref="498944132" role="outer"/>
    <member type="way" ref="27730676" role="outer"/>
    <member type="way" ref="27395629" role="outer"/>
    <member type="way" ref="84054763" role="outer"/>
    <member type="way" ref="52014306" role="outer"/>
    <member type="way" ref="832378245" role="outer"/>
    <member type="way" ref="160671139" role="outer"/>
    <member type="way" ref="52014313" role="outer"/>
    <member type="way" ref="52014296" role="outer"/>
    <member type="way" ref="1527499873" role="outer"/>
    <member type="way" ref="40015605" role="outer"/>
    <member type="way" ref="156296651" role="outer"/>
    <member type="way" ref="124032934" role="outer"/>
    <member type="way" ref="388731108" role="outer"/>
    <member type="way" ref="188826793" role="outer"/>
    <member type="way" ref="124032321" role="outer"/>
    <member type="way" ref="170022521" role="outer"/>
    <member type="way" ref="388731107" role="outer"/>
    <member type="way" ref="237763470" role="outer"/>
    <member type="way" ref="38218993" role="outer"/>
    <member type="way" ref="127048383" role="outer"/>
    <member type="way" ref="127048389" role="outer"/>
    <member type="way" ref="1323900546" role="outer"/>
    <member type="way" ref="124027421" role="outer"/>
    <member type="way" ref="953300944" role="outer"/>
    <member type="way" ref="953300942" role="outer"/>
    <member type="way" ref="1008229977" role="outer"/>
    <member type="way" ref="1008229976" role="outer"/>
    <member type="way" ref="1246874200" role="outer"/>
    <member type="way" ref="1246874201" role="outer"/>
    <member type="way" ref="127048400" role="outer"/>
    <tag k="boundary" v="religious_administration"/>
    <tag k="denomination" v="russian_orthodox"/>
    <tag k="name" v="Михайловское благочиние"/>
    <tag k="name:ru" v="Михайловское благочиние"/>
    <tag k="name:uk" v="Михайлівське благочиння"/>
    <tag k="religion" v="christian"/>
    <tag k="religious_level" v="8"/>
    <tag k="type" v="boundary"/>
  </relation>
  <relation id="7700603" version="56" timestamp="2026-06-08T10:42:17Z" changeset="183821828" uid="2055718" user="Bobropiton">
    <member type="way" ref="1348028003" role="outer"/>
    <member type="way" ref="188811776" role="outer"/>
    <member type="way" ref="188811784" role="outer"/>
    <member type="way" ref="188811783" role="outer"/>
    <member type="way" ref="188811779" role="outer"/>
    <member type="way" ref="188811785" role="outer"/>
    <member type="way" ref="175150503" role="outer"/>
    <member type="way" ref="40100749" role="outer"/>
    <member type="way" ref="40100753" role="outer"/>
    <member type="way" ref="188811777" role="outer"/>
    <member type="way" ref="184282115" role="outer"/>
    <member type="way" ref="1348028093" role="outer"/>
    <member type="way" ref="1348028063" role="outer"/>
    <member type="way" ref="184282099" role="outer"/>
    <member type="way" ref="1348028064" role="outer"/>
    <member type="way" ref="1348028062" role="outer"/>
    <member type="way" ref="184282113" role="outer"/>
    <member type="way" ref="184282133" role="outer"/>
    <member type="way" ref="114681814" role="outer"/>
    <member type="way" ref="188811781" role="outer"/>
    <member type="way" ref="1413239124" role="outer"/>
    <member type="way" ref="1348028050" role="outer"/>
    <member type="way" ref="1348028044" role="outer"/>
    <member type="way" ref="1348028046" role="outer"/>
    <member type="way" ref="1348028011" role="outer"/>
    <member type="way" ref="131384155" role="outer"/>
    <member type="way" ref="1348027999" role="outer"/>
    <member type="way" ref="157098843" role="outer"/>
    <member type="way" ref="157098808" role="outer"/>
    <member type="way" ref="176509253" role="outer"/>
    <member type="way" ref="157098624" role="outer"/>
    <member type="way" ref="157098830" role="outer"/>
    <member type="way" ref="668462775" role="outer"/>
    <member type="way" ref="668462777" role="outer"/>
    <member type="way" ref="239718535" role="outer"/>
    <member type="way" ref="292185502" role="outer"/>
    <member type="way" ref="1208710383" role="outer"/>
    <member type="way" ref="1311541550" role="outer"/>
    <member type="way" ref="391070261" role="outer"/>
    <member type="way" ref="1311541548" role="outer"/>
    <member type="way" ref="393098152" role="outer"/>
    <member type="way" ref="391070257" role="outer"/>
    <member type="way" ref="1311541555" role="outer"/>
    <member type="way" ref="1311541556" role="outer"/>
    <member type="way" ref="391070258" role="outer"/>
    <member type="way" ref="397858642" role="outer"/>
    <member type="way" ref="397858639" role="outer"/>
    <member type="way" ref="1312004362" role="outer"/>
    <member type="way" ref="206640850" role="outer"/>
    <member type="way" ref="1208710384" role="outer"/>
    <member type="way" ref="206640901" role="outer"/>
    <member type="way" ref="206640833" role="outer"/>
    <member type="way" ref="1285979365" role="outer"/>
    <member type="way" ref="1207729503" role="outer"/>
    <member type="way" ref="499525793" role="outer"/>
    <member type="way" ref="437517462" role="outer"/>
    <member type="way" ref="437517465" role="outer"/>
    <member type="way" ref="1290255343" role="outer"/>
    <member type="way" ref="437517464" role="outer"/>
    <member type="way" ref="437517463" role="outer"/>
    <member type="way" ref="437516413" role="outer"/>
    <member type="way" ref="437516415" role="outer"/>
    <member type="way" ref="206640836" role="outer"/>
    <member type="way" ref="437516418" role="outer"/>
    <member type="way" ref="499525792" role="outer"/>
    <member type="way" ref="1285979363" role="outer"/>
    <member type="way" ref="437516419" role="outer"/>
    <member type="way" ref="437516421" role="outer"/>
    <member type="way" ref="437516414" role="outer"/>
    <member type="way" ref="206640858" role="outer"/>
    <member type="way" ref="495018400" role="outer"/>
    <member type="way" ref="495018399" role="outer"/>
    <member type="way" ref="404786507" role="outer"/>
    <member type="way" ref="404786508" role="outer"/>
    <member type="way" ref="404786495" role="outer"/>
    <member type="way" ref="404786496" role="outer"/>
    <member type="way" ref="404786500" role="outer"/>
    <member type="way" ref="404786503" role="outer"/>
    <member type="way" ref="425015370" role="outer"/>
    <member type="way" ref="404786497" role="outer"/>
    <member type="way" ref="405363361" role="outer"/>
    <member type="way" ref="536766068" role="outer"/>
    <member type="way" ref="582054748" role="outer"/>
    <member type="way" ref="1392445034" role="outer"/>
    <member type="way" ref="405363363" role="outer"/>
    <member type="way" ref="405363360" role="outer"/>
    <member type="way" ref="520929041" role="outer"/>
    <member type="way" ref="485589894" role="outer"/>
    <member type="way" ref="1191880936" role="outer"/>
    <member type="way" ref="1191880940" role="outer"/>
    <member type="way" ref="1191880941" role="outer"/>
    <member type="way" ref="495482870" role="outer"/>
    <member type="way" ref="468523697" role="outer"/>
    <member type="way" ref="468523698" role="outer"/>
    <member type="way" ref="468523690" role="outer"/>
    <member type="way" ref="468523693" role="outer"/>
    <member type="way" ref="468523699" role="outer"/>
    <member type="way" ref="496529830" role="outer"/>
    <member type="way" ref="206640845" role="outer"/>
    <member type="way" ref="496529829" role="outer"/>
    <member type="way" ref="476701836" role="outer"/>
    <member type="way" ref="292082906" role="outer"/>
    <member type="way" ref="476701838" role="outer"/>
    <member type="way" ref="1027684186" role="outer"/>
    <member type="way" ref="520930040" role="outer"/>
    <member type="way" ref="520930435" role="outer"/>
    <member type="way" ref="520930434" role="outer"/>
    <member type="way" ref="252859876" role="outer"/>
    <member type="way" ref="494058123" role="outer"/>
    <member type="way" ref="494058124" role="outer"/>
    <member type="way" ref="633026392" role="outer"/>
    <member type="way" ref="484225953" role="outer"/>
    <member type="way" ref="633026393" role="outer"/>
    <member type="way" ref="484224847" role="outer"/>
    <member type="way" ref="712464795" role="outer"/>
    <member type="way" ref="484224846" role="outer"/>
    <member type="way" ref="292185503" role="outer"/>
    <member type="way" ref="239718534" role="outer"/>
    <member type="way" ref="206640847" role="outer"/>
    <member type="way" ref="206640849" role="outer"/>
    <member type="way" ref="206640844" role="outer"/>
    <member type="way" ref="206640842" role="outer"/>
    <member type="way" ref="157098864" role="outer"/>
    <member type="way" ref="655899957" role="outer"/>
    <member type="way" ref="655902548" role="outer"/>
    <member type="way" ref="655899959" role="outer"/>
    <member type="way" ref="157098731" role="outer"/>
    <member type="way" ref="176510567" role="outer"/>
    <member type="way" ref="157098857" role="outer"/>
    <member type="way" ref="40014414" role="outer"/>
    <member type="way" ref="40014467" role="outer"/>
    <member type="way" ref="40014696" role="outer"/>
    <member type="way" ref="791432743" role="outer"/>
    <member type="way" ref="791432742" role="outer"/>
    <member type="way" ref="157471610" role="outer"/>
    <member type="way" ref="157471611" role="outer"/>
    <member type="way" ref="1171252601" role="outer"/>
    <member type="way" ref="791432741" role="outer"/>
    <member type="way" ref="1171252602" role="outer"/>
    <member type="way" ref="1290440320" role="outer"/>
    <member type="way" ref="51723234" role="outer"/>
    <member type="way" ref="39991331" role="outer"/>
    <member type="way" ref="52014312" role="outer"/>
    <member type="way" ref="1171252598" role="outer"/>
    <member type="way" ref="1213256296" role="outer"/>
    <member type="way" ref="1171252597" role="outer"/>
    <member type="way" ref="40026312" role="outer"/>
    <member type="way" ref="1171252595" role="outer"/>
    <member type="way" ref="1184513278" role="outer"/>
    <member type="way" ref="40026336" role="outer"/>
    <member type="way" ref="84056575" role="outer"/>
    <member type="way" ref="1490993986" role="outer"/>
    <member type="way" ref="1171252593" role="outer"/>
    <member type="way" ref="83946751" role="outer"/>
    <member type="way" ref="52014296" role="outer"/>
    <member type="way" ref="1527499873" role="outer"/>
    <member type="way" ref="40015605" role="outer"/>
    <member type="way" ref="86040514" role="outer"/>
    <member type="way" ref="52014309" role="outer"/>
    <member type="way" ref="86043148" role="outer"/>
    <member type="way" ref="41411854" role="outer"/>
    <member type="way" ref="86961291" role="outer"/>
    <member type="way" ref="86055490" role="outer"/>
    <member type="way" ref="1323909686" role="outer"/>
    <member type="way" ref="127048396" role="outer"/>
    <member type="way" ref="189183923" role="outer"/>
    <member type="way" ref="189183922" role="outer"/>
    <member type="way" ref="127048392" role="outer"/>
    <member type="way" ref="1323934275" role="outer"/>
    <member type="way" ref="127048399" role="outer"/>
    <member type="way" ref="1323900547" role="outer"/>
    <member type="way" ref="977892913" role="outer"/>
    <member type="way" ref="127048524" role="outer"/>
    <member type="way" ref="1323900544" role="outer"/>
    <member type="way" ref="977892912" role="outer"/>
    <member type="way" ref="124032321" role="outer"/>
    <member type="way" ref="188826793" role="outer"/>
    <member type="way" ref="388731108" role="outer"/>
    <member type="way" ref="124032934" role="outer"/>
    <member type="way" ref="156296651" role="outer"/>
    <member type="way" ref="38218993" role="outer"/>
    <member type="way" ref="237763470" role="outer"/>
    <member type="way" ref="388731107" role="outer"/>
    <member type="way" ref="170022521" role="outer"/>
    <member type="way" ref="138406681" role="outer"/>
    <member type="way" ref="176510757" role="outer"/>
    <member type="way" ref="1143886389" role="outer"/>
    <member type="way" ref="206521446" role="outer"/>
    <member type="way" ref="1413239131" role="outer"/>
    <member type="way" ref="1413239133" role="outer"/>
    <member type="way" ref="206521448" role="outer"/>
    <member type="way" ref="189387464" role="outer"/>
    <member type="way" ref="206530305" role="outer"/>
    <member type="way" ref="206530345" role="outer"/>
    <member type="way" ref="449140052" role="outer"/>
    <member type="way" ref="449140058" role="outer"/>
    <member type="way" ref="302239305" role="outer"/>
    <member type="way" ref="399281037" role="outer"/>
    <member type="way" ref="1432979311" role="outer"/>
    <member type="way" ref="1433357776" role="outer"/>
    <member type="way" ref="302239297" role="outer"/>
    <member type="way" ref="1433357660" role="outer"/>
    <member type="way" ref="399281039" role="outer"/>
    <member type="way" ref="476305811" role="outer"/>
    <member type="way" ref="399281042" role="outer"/>
    <member type="way" ref="206530317" role="outer"/>
    <member type="way" ref="188881521" role="outer"/>
    <member type="way" ref="287016288" role="outer"/>
    <member type="way" ref="401484814" role="outer"/>
    <member type="way" ref="188882111" role="outer"/>
    <member type="way" ref="188882106" role="outer"/>
    <member type="way" ref="321815236" role="outer"/>
    <member type="way" ref="170300066" role="outer"/>
    <member type="way" ref="189387461" role="outer"/>
    <member type="way" ref="127048383" role="outer"/>
    <member type="way" ref="127048389" role="outer"/>
    <member type="way" ref="1323900546" role="outer"/>
    <member type="way" ref="124027421" role="outer"/>
    <member type="way" ref="953300944" role="outer"/>
    <member type="way" ref="953300942" role="outer"/>
    <member type="way" ref="1008229977" role="outer"/>
    <member type="way" ref="1008229976" role="outer"/>
    <member type="way" ref="1246874200" role="outer"/>
    <member type="way" ref="1246874201" role="outer"/>
    <member type="way" ref="127048400" role="outer"/>
    <member type="way" ref="206530309" role="outer"/>
    <member type="way" ref="206530336" role="outer"/>
    <member type="relation" ref="7700601" role="subarea"/>
    <member type="relation" ref="7700602" role="subarea"/>
    <member type="way" ref="1434869092" role="outer"/>
    <member type="way" ref="1434869091" role="outer"/>
    <member type="way" ref="1434869090" role="outer"/>
    <member type="way" ref="1434869089" role="outer"/>
    <tag k="boundary" v="religious_administration"/>
    <tag k="denomination" v="russian_orthodox"/>
    <tag k="name" v="Западное викариатство"/>
    <tag k="name:ru" v="Западное викариатство"/>
    <tag k="name:uk" v="Західне вікаріатство"/>
    <tag k="religion" v="christian"/>
    <tag k="religious_level" v="7"/>
    <tag k="type" v="boundary"/>
    <tag k="website" v="https://zapadvikar.ru/"/>
  </relation>
  <relation id="8444204" version="1" timestamp="2018-07-12T12:23:48Z" changeset="60650496" uid="7512949" user="Pasha Rockof">
    <member type="way" ref="193353268" role="from"/>
    <member type="node" ref="2038589768" role="via"/>
    <member type="way" ref="607386162" role="to"/>
    <tag k="restriction" v="no_right_turn"/>
    <tag k="type" v="restriction"/>
  </relation>
  <relation id="8444205" version="1" timestamp="2018-07-12T12:23:48Z" changeset="60650496" uid="7512949" user="Pasha Rockof">
    <member type="way" ref="607386168" role="from"/>
    <member type="node" ref="5756300680" role="via"/>
    <member type="way" ref="607386172" role="to"/>
    <tag k="restriction" v="no_u_turn"/>
    <tag k="type" v="restriction"/>
  </relation>
  <relation id="8444206" version="2" timestamp="2019-03-12T20:44:48Z" changeset="68077613" uid="8912234" user="Quinn Mallory">
    <member type="way" ref="676385886" role="from"/>
    <member type="node" ref="5756300680" role="via"/>
    <member type="way" ref="676385886" role="to"/>
    <tag k="restriction" v="no_u_turn"/>
    <tag k="type" v="restriction"/>
  </relation>
  <relation id="8444207" version="1" timestamp="2018-07-12T12:23:48Z" changeset="60650496" uid="7512949" user="Pasha Rockof">
    <member type="way" ref="39371281" role="from"/>
    <member type="node" ref="5756301086" role="via"/>
    <member type="way" ref="607386215" role="to"/>
    <tag k="restriction" v="no_u_turn"/>
    <tag k="type" v="restriction"/>
  </relation>
  <relation id="8444208" version="1" timestamp="2018-07-12T12:23:48Z" changeset="60650496" uid="7512949" user="Pasha Rockof">
    <member type="way" ref="27056382" role="from"/>
    <member type="node" ref="2038589778" role="via"/>
    <member type="way" ref="607386193" role="to"/>
    <tag k="restriction" v="no_left_turn"/>
    <tag k="type" v="restriction"/>
  </relation>
  <relation id="8444209" version="1" timestamp="2018-07-12T12:23:48Z" changeset="60650496" uid="7512949" user="Pasha Rockof">
    <member type="way" ref="27056382" role="from"/>
    <member type="node" ref="2038589778" role="via"/>
    <member type="way" ref="193353268" role="to"/>
    <tag k="restriction" v="no_u_turn"/>
    <tag k="type" v="restriction"/>
  </relation>
  <relation id="8444210" version="1" timestamp="2018-07-12T12:23:48Z" changeset="60650496" uid="7512949" user="Pasha Rockof">
    <member type="way" ref="193353265" role="from"/>
    <member type="node" ref="2038589778" role="via"/>
    <member type="way" ref="193353265" role="to"/>
    <tag k="restriction" v="no_u_turn"/>
    <tag k="type" v="restriction"/>
  </relation>
  <relation id="8444211" version="1" timestamp="2018-07-12T12:23:48Z" changeset="60650496" uid="7512949" user="Pasha Rockof">
    <member type="way" ref="607386289" role="from"/>
    <member type="node" ref="5756301347" role="via"/>
    <member type="way" ref="607386286" role="to"/>
    <tag k="restriction" v="no_u_turn"/>
    <tag k="type" v="restriction"/>
  </relation>
  <relation id="8444212" version="2" timestamp="2023-08-02T15:09:47Z" changeset="139352516" uid="8912234" user="Quinn Mallory">
    <member type="way" ref="1194032014" role="from"/>
    <member type="node" ref="5756301347" role="via"/>
    <member type="way" ref="1194032014" role="to"/>
    <tag k="restriction" v="no_u_turn"/>
    <tag k="type" v="restriction"/>
  </relation>
  <relation id="8446793" version="1" timestamp="2018-07-13T17:11:23Z" changeset="60694458" uid="7512949" user="Pasha Rockof">
    <member type="way" ref="156105951" role="from"/>
    <member type="node" ref="2038589768" role="via"/>
    <member type="way" ref="607386165" role="to"/>
    <tag k="restriction" v="no_left_turn"/>
    <tag k="type" v="restriction"/>
  </relation>
  <relation id="8709658" version="127" timestamp="2026-02-12T19:46:20Z" changeset="178473203" uid="2055718" user="Bobropiton">
    <member type="node" ref="10807865156" role="stop_entry_only"/>
    <member type="node" ref="5462679044" role="platform_entry_only"/>
    <member type="node" ref="10807865158" role="stop"/>
    <member type="node" ref="5463802245" role="platform"/>
    <member type="node" ref="10803305781" role="stop"/>
    <member type="node" ref="10201240701" role="platform"/>
    <member type="node" ref="10803305791" role="stop"/>
    <member type="node" ref="976513639" role="platform"/>
    <member type="node" ref="10943203386" role="stop"/>
    <member type="node" ref="10943203387" role="platform"/>
    <member type="node" ref="10803305777" role="stop"/>
    <member type="node" ref="1890058338" role="platform"/>
    <member type="node" ref="10803305776" role="stop"/>
    <member type="node" ref="1890058335" role="platform"/>
    <member type="node" ref="10803305773" role="stop"/>
    <member type="node" ref="1890058326" role="platform"/>
    <member type="node" ref="10803305772" role="stop"/>
    <member type="node" ref="5758822117" role="platform"/>
    <member type="node" ref="10803305770" role="stop"/>
    <member type="node" ref="1890058296" role="platform"/>
    <member type="node" ref="10802232474" role="stop"/>
    <member type="node" ref="1890058263" role="platform"/>
    <member type="node" ref="10802232476" role="stop"/>
    <member type="node" ref="5912797893" role="platform"/>
    <member type="node" ref="10802232478" role="stop"/>
    <member type="node" ref="605585688" role="platform"/>
    <member type="node" ref="10802232479" role="stop"/>
    <member type="node" ref="605828619" role="platform"/>
    <member type="node" ref="10802232482" role="stop"/>
    <member type="node" ref="1446510313" role="platform"/>
    <member type="node" ref="10802232483" role="stop"/>
    <member type="node" ref="860423410" role="platform"/>
    <member type="node" ref="10802232486" role="stop"/>
    <member type="node" ref="1446472685" role="platform"/>
    <member type="node" ref="10707555423" role="stop"/>
    <member type="node" ref="1446472678" role="platform"/>
    <member type="node" ref="10707555422" role="stop"/>
    <member type="node" ref="1446472669" role="platform"/>
    <member type="node" ref="10707555420" role="stop"/>
    <member type="node" ref="1446472746" role="platform"/>
    <member type="node" ref="10707555418" role="stop"/>
    <member type="node" ref="1171106154" role="platform"/>
    <member type="node" ref="11172034199" role="stop"/>
    <member type="node" ref="5682854123" role="platform"/>
    <member type="node" ref="10707555418" role="stop"/>
    <member type="node" ref="1171106154" role="platform"/>
    <member type="node" ref="10748848384" role="stop"/>
    <member type="node" ref="1446472713" role="platform"/>
    <member type="node" ref="10789145956" role="stop"/>
    <member type="node" ref="612310418" role="platform"/>
    <member type="node" ref="10789145957" role="stop"/>
    <member type="node" ref="804804218" role="platform"/>
    <member type="node" ref="10789145959" role="stop"/>
    <member type="node" ref="804804212" role="platform"/>
    <member type="node" ref="6557343316" role="stop"/>
    <member type="node" ref="480312987" role="platform"/>
    <member type="node" ref="6557343315" role="stop"/>
    <member type="node" ref="915450537" role="platform"/>
    <member type="node" ref="6557343314" role="stop"/>
    <member type="node" ref="2471132941" role="platform"/>
    <member type="node" ref="12959324732" role="stop"/>
    <member type="node" ref="12959324733" role="platform"/>
    <member type="node" ref="4169258292" role="stop"/>
    <member type="node" ref="6557343312" role="platform"/>
    <member type="node" ref="6557343311" role="stop"/>
    <member type="node" ref="4056044469" role="platform"/>
    <member type="node" ref="6557343310" role="stop"/>
    <member type="node" ref="480313023" role="platform"/>
    <member type="node" ref="12142374429" role="stop"/>
    <member type="node" ref="12142374430" role="platform"/>
    <member type="node" ref="10789235681" role="stop"/>
    <member type="node" ref="10789235682" role="platform"/>
    <member type="node" ref="10789235679" role="stop"/>
    <member type="node" ref="10789235680" role="platform"/>
    <member type="node" ref="11343562738" role="stop"/>
    <member type="node" ref="11343562739" role="platform"/>
    <member type="node" ref="11736295172" role="stop"/>
    <member type="node" ref="11736295175" role="platform"/>
    <member type="node" ref="8669788470" role="stop"/>
    <member type="node" ref="5867925436" role="platform"/>
    <member type="node" ref="10794098243" role="stop"/>
    <member type="node" ref="5867925438" role="platform"/>
    <member type="node" ref="10794098245" role="stop"/>
    <member type="node" ref="5867925440" role="platform"/>
    <member type="node" ref="10794098240" role="stop"/>
    <member type="node" ref="5912798085" role="platform"/>
    <member type="node" ref="10794098239" role="stop"/>
    <member type="node" ref="5869203144" role="platform"/>
    <member type="node" ref="10794098236" role="stop"/>
    <member type="node" ref="5869203138" role="platform"/>
    <member type="node" ref="10807865153" role="stop"/>
    <member type="node" ref="5869203137" role="platform"/>
    <member type="node" ref="10807865155" role="stop"/>
    <member type="node" ref="5869203133" role="platform"/>
    <member type="node" ref="10783303629" role="stop"/>
    <member type="node" ref="5869203131" role="platform"/>
    <member type="node" ref="10784327137" role="stop"/>
    <member type="node" ref="1490614348" role="platform"/>
    <member type="node" ref="10784327140" role="stop"/>
    <member type="node" ref="1490614350" role="platform"/>
    <member type="node" ref="10784327152" role="stop"/>
    <member type="node" ref="1106644190" role="platform"/>
    <member type="node" ref="10784327153" role="stop"/>
    <member type="node" ref="6802277120" role="platform"/>
    <member type="node" ref="10784327156" role="stop"/>
    <member type="node" ref="6802277141" role="platform"/>
    <member type="node" ref="10784327158" role="stop"/>
    <member type="node" ref="6801467177" role="platform"/>
    <member type="node" ref="12401759678" role="stop"/>
    <member type="node" ref="12401759679" role="platform"/>
    <member type="node" ref="10784327159" role="stop"/>
    <member type="node" ref="6801467146" role="platform"/>
    <member type="node" ref="10747869198" role="stop"/>
    <member type="node" ref="1106644200" role="platform"/>
    <member type="node" ref="10712302580" role="stop"/>
    <member type="node" ref="6255047521" role="platform"/>
    <member type="node" ref="10712302579" role="stop"/>
    <member type="node" ref="1106644135" role="platform"/>
    <member type="node" ref="4357838375" role="stop"/>
    <member type="node" ref="1106644159" role="platform"/>
    <member type="node" ref="10712302578" role="stop"/>
    <member type="node" ref="4415172539" role="platform"/>
    <member type="node" ref="10712302576" role="stop"/>
    <member type="node" ref="530513152" role="platform"/>
    <member type="node" ref="5912798088" role="stop_exit_only"/>
    <member type="node" ref="656084161" role="platform_exit_only"/>
    <member type="way" ref="1264572057" role=""/>
    <member type="way" ref="1162116275" role=""/>
    <member type="way" ref="567543634" role=""/>
    <member type="way" ref="759439090" role=""/>
    <member type="way" ref="759439089" role=""/>
    <member type="way" ref="759439088" role=""/>
    <member type="way" ref="567543635" role=""/>
    <member type="way" ref="759439091" role=""/>
    <member type="way" ref="759439092" role=""/>
    <member type="way" ref="759439085" role=""/>
    <member type="way" ref="750212156" role=""/>
    <member type="way" ref="759439087" role=""/>
    <member type="way" ref="759439086" role=""/>
    <member type="way" ref="919164899" role=""/>
    <member type="way" ref="567543636" role=""/>
    <member type="way" ref="919164900" role=""/>
    <member type="way" ref="919164901" role=""/>
    <member type="way" ref="107777711" role=""/>
    <member type="way" ref="919164902" role=""/>
    <member type="way" ref="759439093" role=""/>
    <member type="way" ref="759439094" role=""/>
    <member type="way" ref="759439095" role=""/>
    <member type="way" ref="759439097" role=""/>
    <member type="way" ref="739627445" role=""/>
    <member type="way" ref="1177888380" role=""/>
    <member type="way" ref="1181158937" role=""/>
    <member type="way" ref="739627442" role=""/>
    <member type="way" ref="1181158939" role=""/>
    <member type="way" ref="1181158938" role=""/>
    <member type="way" ref="567708871" role=""/>
    <member type="way" ref="1115422456" role=""/>
    <member type="way" ref="1204545161" role=""/>
    <member type="way" ref="1181158938" role=""/>
    <member type="way" ref="1181158939" role=""/>
    <member type="way" ref="739627442" role=""/>
    <member type="way" ref="1181158937" role=""/>
    <member type="way" ref="1177888380" role=""/>
    <member type="way" ref="739627450" role=""/>
    <member type="way" ref="861118075" role=""/>
    <member type="way" ref="607386312" role=""/>
    <member type="way" ref="527933011" role=""/>
    <member type="way" ref="527933010" role=""/>
    <member type="way" ref="742705897" role=""/>
    <member type="way" ref="607386315" role=""/>
    <member type="way" ref="607753141" role=""/>
    <member type="way" ref="1388514407" role=""/>
    <member type="way" ref="1177888381" role=""/>
    <member type="way" ref="1177888378" role=""/>
    <member type="way" ref="193353265" role=""/>
    <member type="way" ref="193353268" role=""/>
    <member type="way" ref="607386165" role=""/>
    <member type="way" ref="193353270" role=""/>
    <member type="way" ref="136671258" role=""/>
    <member type="way" ref="607386292" role=""/>
    <member type="way" ref="39371281" role=""/>
    <member type="way" ref="607386261" role=""/>
    <member type="way" ref="607723254" role=""/>
    <member type="way" ref="878117175" role=""/>
    <member type="way" ref="607386230" role=""/>
    <member type="way" ref="607723257" role=""/>
    <member type="way" ref="607386237" role=""/>
    <member type="way" ref="49286405" role=""/>
    <member type="way" ref="43053922" role=""/>
    <member type="way" ref="695807799" role=""/>
    <member type="way" ref="43053930" role=""/>
    <member type="way" ref="43053929" role=""/>
    <member type="way" ref="231670623" role=""/>
    <member type="way" ref="156105936" role=""/>
    <member type="way" ref="1167458852" role=""/>
    <member type="way" ref="156105867" role=""/>
    <member type="way" ref="72473469" role=""/>
    <member type="way" ref="128759875" role=""/>
    <member type="way" ref="608703604" role=""/>
    <member type="way" ref="608703603" role=""/>
    <member type="way" ref="128759872" role=""/>
    <member type="way" ref="72473464" role=""/>
    <member type="way" ref="43053934" role=""/>
    <member type="way" ref="25469896" role=""/>
    <member type="way" ref="739627436" role=""/>
    <member type="way" ref="739627438" role=""/>
    <member type="way" ref="43053935" role=""/>
    <member type="way" ref="607114846" role=""/>
    <member type="way" ref="1155839277" role=""/>
    <member type="way" ref="1155839260" role=""/>
    <member type="way" ref="739627431" role=""/>
    <member type="way" ref="1155839278" role=""/>
    <member type="way" ref="1155839258" role=""/>
    <member type="way" ref="1155839259" role=""/>
    <member type="way" ref="1155839254" role=""/>
    <member type="way" ref="1155839264" role=""/>
    <member type="way" ref="1155839255" role=""/>
    <member type="way" ref="1155839256" role=""/>
    <member type="way" ref="1155839263" role=""/>
    <member type="way" ref="1155839233" role=""/>
    <member type="way" ref="1155839232" role=""/>
    <member type="way" ref="1155839265" role=""/>
    <member type="way" ref="1155839246" role=""/>
    <member type="way" ref="1155839234" role=""/>
    <member type="way" ref="1155839242" role=""/>
    <member type="way" ref="1155839245" role=""/>
    <member type="way" ref="30369885" role=""/>
    <member type="way" ref="1211310164" role=""/>
    <member type="way" ref="1211310187" role=""/>
    <member type="way" ref="42948491" role=""/>
    <member type="way" ref="1211320540" role=""/>
    <member type="way" ref="748955124" role=""/>
    <member type="way" ref="1205509236" role=""/>
    <member type="way" ref="1205509237" role=""/>
    <member type="way" ref="257861419" role=""/>
    <member type="way" ref="1155839242" role=""/>
    <member type="way" ref="1155839245" role=""/>
    <member type="way" ref="1155839253" role=""/>
    <member type="way" ref="1155839244" role=""/>
    <member type="way" ref="1155839251" role=""/>
    <member type="way" ref="1155839252" role=""/>
    <member type="way" ref="30371839" role=""/>
    <member type="way" ref="647380024" role=""/>
    <member type="way" ref="647379962" role=""/>
    <member type="way" ref="157467043" role=""/>
    <member type="way" ref="192404944" role=""/>
    <member type="way" ref="30371844" role=""/>
    <member type="way" ref="30371845" role=""/>
    <member type="way" ref="1216344469" role=""/>
    <member type="way" ref="1216344468" role=""/>
    <member type="way" ref="625523472" role=""/>
    <member type="way" ref="451894609" role=""/>
    <member type="way" ref="136184117" role=""/>
    <member type="way" ref="450492810" role=""/>
    <member type="way" ref="626297154" role=""/>
    <member type="way" ref="25495459" role=""/>
    <member type="way" ref="647888710" role=""/>
    <member type="way" ref="176502822" role=""/>
    <member type="way" ref="176502841" role=""/>
    <member type="way" ref="176502811" role=""/>
    <member type="way" ref="28070361" role=""/>
    <member type="way" ref="63522267" role=""/>
    <member type="way" ref="25495479" role=""/>
    <member type="way" ref="1109041355" role=""/>
    <member type="way" ref="969849896" role=""/>
    <member type="way" ref="69022675" role=""/>
    <member type="way" ref="39977187" role=""/>
    <member type="way" ref="63565585" role=""/>
    <member type="way" ref="239308756" role=""/>
    <member type="way" ref="626297167" role=""/>
    <member type="way" ref="570153657" role=""/>
    <member type="way" ref="63102546" role=""/>
    <member type="way" ref="1110037519" role=""/>
    <member type="way" ref="1110037520" role=""/>
    <member type="way" ref="240550190" role=""/>
    <member type="way" ref="176502833" role=""/>
    <member type="way" ref="984016447" role=""/>
    <member type="way" ref="984016446" role=""/>
    <member type="way" ref="63095908" role=""/>
    <member type="way" ref="355346892" role=""/>
    <member type="way" ref="570153042" role=""/>
    <member type="way" ref="289119565" role=""/>
    <member type="way" ref="184451022" role=""/>
    <member type="way" ref="692468390" role=""/>
    <member type="way" ref="63093861" role=""/>
    <member type="way" ref="63522552" role=""/>
    <member type="way" ref="204028853" role=""/>
    <member type="way" ref="204028851" role=""/>
    <member type="way" ref="90154744" role=""/>
    <member type="way" ref="303612171" role=""/>
    <member type="way" ref="239308755" role=""/>
    <member type="way" ref="1267235588" role=""/>
    <member type="way" ref="95408808" role=""/>
    <member type="way" ref="1267235587" role=""/>
    <member type="way" ref="1267235574" role=""/>
    <member type="way" ref="1162116274" role=""/>
    <member type="way" ref="63104246" role=""/>
    <member type="way" ref="935560888" role=""/>
    <member type="way" ref="935560885" role=""/>
    <member type="way" ref="935560891" role=""/>
    <member type="way" ref="438150819" role=""/>
    <member type="way" ref="1052920251" role=""/>
    <member type="way" ref="967556026" role=""/>
    <member type="way" ref="553908121" role=""/>
    <member type="way" ref="289119564" role=""/>
    <member type="way" ref="662133383" role=""/>
    <member type="way" ref="693074120" role=""/>
    <member type="way" ref="798399700" role=""/>
    <member type="way" ref="355346847" role=""/>
    <member type="way" ref="521343578" role=""/>
    <member type="way" ref="553908119" role=""/>
    <member type="way" ref="411798257" role=""/>
    <member type="way" ref="1052654450" role=""/>
    <member type="way" ref="498354516" role=""/>
    <member type="way" ref="1053563383" role=""/>
    <member type="way" ref="1195280648" role=""/>
    <member type="way" ref="498354531" role=""/>
    <member type="way" ref="1195280644" role=""/>
    <member type="way" ref="498354529" role=""/>
    <member type="way" ref="928888720" role=""/>
    <member type="way" ref="441507301" role=""/>
    <member type="way" ref="603709774" role=""/>
    <member type="way" ref="1389931936" role=""/>
    <member type="way" ref="603709776" role=""/>
    <member type="way" ref="1315390875" role=""/>
    <member type="way" ref="136325705" role=""/>
    <member type="way" ref="1316100866" role=""/>
    <member type="way" ref="124069685" role=""/>
    <member type="way" ref="489166311" role=""/>
    <member type="way" ref="45571657" role=""/>
    <member type="way" ref="1077940596" role=""/>
    <member type="way" ref="367865712" role=""/>
    <member type="way" ref="1315390865" role=""/>
    <member type="way" ref="1315390870" role=""/>
    <member type="way" ref="439060021" role=""/>
    <member type="way" ref="752018423" role=""/>
    <member type="way" ref="1159651418" role=""/>
    <member type="way" ref="696950913" role=""/>
    <member type="way" ref="696626896" role=""/>
    <member type="way" ref="1159651417" role=""/>
    <member type="way" ref="1159651415" role=""/>
    <member type="way" ref="1159651414" role=""/>
    <member type="way" ref="1163468148" role=""/>
    <member type="way" ref="1163468146" role=""/>
    <member type="way" ref="1159651413" role=""/>
    <member type="way" ref="1314736837" role=""/>
    <member type="way" ref="1159651412" role=""/>
    <member type="way" ref="1162306416" role=""/>
    <member type="way" ref="696950917" role=""/>
    <member type="way" ref="1163011247" role=""/>
    <member type="way" ref="1159651411" role=""/>
    <member type="way" ref="1155887563" role=""/>
    <member type="way" ref="1155887562" role=""/>
    <member type="way" ref="1155887560" role=""/>
    <member type="way" ref="1159651410" role=""/>
    <member type="way" ref="1155887558" role=""/>
    <member type="way" ref="1155887557" role=""/>
    <member type="way" ref="440155120" role=""/>
    <member type="way" ref="209965926" role=""/>
    <member type="way" ref="367894960" role=""/>
    <member type="way" ref="312070672" role=""/>
    <member type="way" ref="240549433" role=""/>
    <member type="way" ref="1163006758" role=""/>
    <member type="way" ref="376387488" role=""/>
    <member type="way" ref="612174423" role=""/>
    <member type="way" ref="626297160" role=""/>
    <member type="way" ref="374760276" role=""/>
    <member type="way" ref="442753409" role=""/>
    <member type="way" ref="442753408" role=""/>
    <member type="way" ref="440157089" role=""/>
    <member type="way" ref="523905760" role=""/>
    <member type="way" ref="626297163" role=""/>
    <member type="way" ref="523905765" role=""/>
    <member type="way" ref="252705052" role=""/>
    <member type="way" ref="1032025636" role=""/>
    <member type="way" ref="42506972" role=""/>
    <member type="way" ref="140545373" role=""/>
    <member type="way" ref="153685202" role=""/>
    <member type="way" ref="47010205" role=""/>
    <member type="way" ref="360600967" role=""/>
    <member type="way" ref="1174856312" role=""/>
    <member type="way" ref="1174856311" role=""/>
    <member type="way" ref="243271034" role=""/>
    <member type="way" ref="1174856308" role=""/>
    <member type="way" ref="1174856310" role=""/>
    <member type="way" ref="1174856307" role=""/>
    <member type="way" ref="128125363" role=""/>
    <tag k="air_conditioning" v="yes"/>
    <tag k="bicycle" v="yes"/>
    <tag k="blind" v="limited"/>
    <tag k="bus_class:length" v="4"/>
    <tag k="charge:all-in-one" v="90 RUB"/>
    <tag k="charge:cards" v="83 RUB"/>
    <tag k="charge:sbp" v="83 RUB"/>
    <tag k="charge:troika" v="75 RUB"/>
    <tag k="charge:troika_qr" v="75 RUB"/>
    <tag k="check_date" v="2023-04-13"/>
    <tag k="colour" v="#ff9ad2"/>
    <tag k="deaf" v="yes"/>
    <tag k="description" v="Маршрут обслуживается электробусами"/>
    <tag k="electric_bus" v="yes"/>
    <tag k="electric_bus:type" v="OC"/>
    <tag k="fee" v="yes"/>
    <tag k="fine:ticketless" v="5000 RUB"/>
    <tag k="from" v="МЦД Кокошкино"/>
    <tag k="name" v="Автобус 878: МЦД Кокошкино =&gt; Метро «Тёплый Стан»"/>
    <tag k="name:uk" v="Автобус 878: Платформа Кокошкіно =&gt; Метро &quot;Теплий Стан&quot;"/>
    <tag k="network" v="Московский транспорт"/>
    <tag k="operator" v="ГУП «Мосгортранс»"/>
    <tag k="payment:cards" v="yes"/>
    <tag k="payment:cash" v="no"/>
    <tag k="payment:contactless" v="yes"/>
    <tag k="payment:maestro" v="no"/>
    <tag k="payment:mastercard" v="no"/>
    <tag k="payment:mir" v="yes"/>
    <tag k="payment:nfc" v="yes"/>
    <tag k="payment:podorozhnik" v="no"/>
    <tag k="payment:sbp" v="yes"/>
    <tag k="payment:social_cards" v="yes"/>
    <tag k="payment:strelka" v="no"/>
    <tag k="payment:troika" v="yes"/>
    <tag k="payment:visa" v="no"/>
    <tag k="public_transport:version" v="2"/>
    <tag k="ref" v="878"/>
    <tag k="route" v="bus"/>
    <tag k="source" v="Реестр маршрутов города Москвы"/>
    <tag k="source:description" v="https://mosgortrans.ru/electrobus/map/"/>
    <tag k="to" v="Метро «Тёплый Стан»"/>
    <tag k="type" v="route"/>
    <tag k="website" v="https://transport.mos.ru/transport/schedule/route/141502898"/>
    <tag k="wheelchair" v="yes"/>
  </relation>
  <relation id="8709661" version="144" timestamp="2026-02-12T19:46:20Z" changeset="178473203" uid="2055718" user="Bobropiton">
    <member type="node" ref="5019166060" role="stop_entry_only"/>
    <member type="node" ref="313947079" role="platform_entry_only"/>
    <member type="node" ref="10712338011" role="stop"/>
    <member type="node" ref="530513160" role="platform"/>
    <member type="node" ref="1448942145" role="stop"/>
    <member type="node" ref="2201158851" role="platform"/>
    <member type="node" ref="10712338010" role="stop"/>
    <member type="node" ref="1106644151" role="platform"/>
    <member type="node" ref="12462825468" role="stop"/>
    <member type="node" ref="12462825469" role="platform"/>
    <member type="node" ref="10712338009" role="stop"/>
    <member type="node" ref="1106644141" role="platform"/>
    <member type="node" ref="10747869197" role="stop"/>
    <member type="node" ref="1106644209" role="platform"/>
    <member type="node" ref="10784327160" role="stop"/>
    <member type="node" ref="6801467149" role="platform"/>
    <member type="node" ref="10784327157" role="stop"/>
    <member type="node" ref="6802277162" role="platform"/>
    <member type="node" ref="10784327155" role="stop"/>
    <member type="node" ref="6802277138" role="platform"/>
    <member type="node" ref="10784327154" role="stop"/>
    <member type="node" ref="6802277119" role="platform"/>
    <member type="node" ref="12175457414" role="stop"/>
    <member type="node" ref="1106644179" role="platform"/>
    <member type="node" ref="12181767917" role="stop"/>
    <member type="node" ref="1490614349" role="platform"/>
    <member type="node" ref="10784327138" role="stop"/>
    <member type="node" ref="5912798090" role="platform"/>
    <member type="node" ref="10783303630" role="stop"/>
    <member type="node" ref="5869203130" role="platform"/>
    <member type="node" ref="10807865154" role="stop"/>
    <member type="node" ref="5869203132" role="platform"/>
    <member type="node" ref="10807865152" role="stop"/>
    <member type="node" ref="5869203136" role="platform"/>
    <member type="node" ref="10794098237" role="stop"/>
    <member type="node" ref="5869203139" role="platform"/>
    <member type="node" ref="10794098238" role="stop"/>
    <member type="node" ref="5869203145" role="platform"/>
    <member type="node" ref="10794098241" role="stop"/>
    <member type="node" ref="5867841461" role="platform"/>
    <member type="node" ref="10794098244" role="stop"/>
    <member type="node" ref="5867925439" role="platform"/>
    <member type="node" ref="10794098242" role="stop"/>
    <member type="node" ref="5867925437" role="platform"/>
    <member type="node" ref="8669788469" role="stop"/>
    <member type="node" ref="5867925435" role="platform"/>
    <member type="node" ref="11736295173" role="stop"/>
    <member type="node" ref="11736295174" role="platform"/>
    <member type="node" ref="1106336858" role="stop"/>
    <member type="node" ref="6485427362" role="platform"/>
    <member type="node" ref="1106336734" role="stop"/>
    <member type="node" ref="6485427363" role="platform"/>
    <member type="node" ref="2471119339" role="stop"/>
    <member type="node" ref="6485427361" role="platform"/>
    <member type="node" ref="1949339998" role="stop"/>
    <member type="node" ref="6485427360" role="platform"/>
    <member type="node" ref="7553691749" role="stop"/>
    <member type="node" ref="7487644842" role="platform"/>
    <member type="node" ref="7553691748" role="stop"/>
    <member type="node" ref="4056044428" role="platform"/>
    <member type="node" ref="5912798093" role="stop"/>
    <member type="node" ref="1920063073" role="platform"/>
    <member type="node" ref="7553691747" role="stop"/>
    <member type="node" ref="2471132943" role="platform"/>
    <member type="node" ref="7553691746" role="stop"/>
    <member type="node" ref="1868482057" role="platform"/>
    <member type="node" ref="7553691745" role="stop"/>
    <member type="node" ref="2471132940" role="platform"/>
    <member type="node" ref="11405239159" role="stop"/>
    <member type="node" ref="11405239160" role="platform"/>
    <member type="node" ref="10789145960" role="stop"/>
    <member type="node" ref="804804233" role="platform"/>
    <member type="node" ref="10789145958" role="stop"/>
    <member type="node" ref="804804216" role="platform"/>
    <member type="node" ref="10789145955" role="stop"/>
    <member type="node" ref="804804226" role="platform"/>
    <member type="node" ref="10912666871" role="stop"/>
    <member type="node" ref="10912666872" role="platform"/>
    <member type="node" ref="10748848362" role="stop"/>
    <member type="node" ref="830858375" role="platform"/>
    <member type="node" ref="10707555419" role="stop"/>
    <member type="node" ref="1171106149" role="platform"/>
    <member type="node" ref="10707555421" role="stop"/>
    <member type="node" ref="1446472670" role="platform"/>
    <member type="node" ref="10748854323" role="stop"/>
    <member type="node" ref="830867639" role="platform"/>
    <member type="node" ref="10748854349" role="stop"/>
    <member type="node" ref="1446472675" role="platform"/>
    <member type="node" ref="10802232485" role="stop"/>
    <member type="node" ref="1446472705" role="platform"/>
    <member type="node" ref="10802232484" role="stop"/>
    <member type="node" ref="860423460" role="platform"/>
    <member type="node" ref="10802232481" role="stop"/>
    <member type="node" ref="1446510317" role="platform"/>
    <member type="node" ref="10802232480" role="stop"/>
    <member type="node" ref="605585684" role="platform"/>
    <member type="node" ref="10802232477" role="stop"/>
    <member type="node" ref="605585675" role="platform"/>
    <member type="node" ref="10802232475" role="stop"/>
    <member type="node" ref="1890058282" role="platform"/>
    <member type="node" ref="10803305769" role="stop"/>
    <member type="node" ref="1890058298" role="platform"/>
    <member type="node" ref="10803305771" role="stop"/>
    <member type="node" ref="5758822116" role="platform"/>
    <member type="node" ref="10803305774" role="stop"/>
    <member type="node" ref="1890058329" role="platform"/>
    <member type="node" ref="10803305775" role="stop"/>
    <member type="node" ref="1890058332" role="platform"/>
    <member type="node" ref="10803305778" role="stop"/>
    <member type="node" ref="1890058341" role="platform"/>
    <member type="node" ref="10803305781" role="stop"/>
    <member type="node" ref="10201240701" role="platform"/>
    <member type="node" ref="10803305791" role="stop"/>
    <member type="node" ref="976513639" role="platform"/>
    <member type="node" ref="10803305780" role="stop"/>
    <member type="node" ref="5463802256" role="platform"/>
    <member type="node" ref="10807865159" role="stop"/>
    <member type="node" ref="5463802246" role="platform"/>
    <member type="node" ref="10807865157" role="stop_exit_only"/>
    <member type="node" ref="5462679155" role="platform_exit_only"/>
    <member type="way" ref="513466738" role=""/>
    <member type="way" ref="1151524178" role=""/>
    <member type="way" ref="128125364" role=""/>
    <member type="way" ref="47293168" role=""/>
    <member type="way" ref="1095267809" role=""/>
    <member type="way" ref="686182223" role=""/>
    <member type="way" ref="232537183" role=""/>
    <member type="way" ref="1174856318" role=""/>
    <member type="way" ref="31279181" role=""/>
    <member type="way" ref="1174856319" role=""/>
    <member type="way" ref="1174856320" role=""/>
    <member type="way" ref="243271029" role=""/>
    <member type="way" ref="1174856321" role=""/>
    <member type="way" ref="1160172173" role=""/>
    <member type="way" ref="31279182" role=""/>
    <member type="way" ref="647876101" role=""/>
    <member type="way" ref="93848546" role=""/>
    <member type="way" ref="31712004" role=""/>
    <member type="way" ref="355289238" role=""/>
    <member type="way" ref="252705050" role=""/>
    <member type="way" ref="656585477" role=""/>
    <member type="way" ref="699671966" role=""/>
    <member type="way" ref="66437560" role=""/>
    <member type="way" ref="1222938054" role=""/>
    <member type="way" ref="438008347" role=""/>
    <member type="way" ref="610295934" role=""/>
    <member type="way" ref="1429959670" role=""/>
    <member type="way" ref="1421307268" role=""/>
    <member type="way" ref="1421307270" role=""/>
    <member type="way" ref="440976820" role=""/>
    <member type="way" ref="441566665" role=""/>
    <member type="way" ref="442669548" role=""/>
    <member type="way" ref="1158874652" role=""/>
    <member type="way" ref="524725779" role=""/>
    <member type="way" ref="524725777" role=""/>
    <member type="way" ref="524725776" role=""/>
    <member type="way" ref="524725775" role=""/>
    <member type="way" ref="524725774" role=""/>
    <member type="way" ref="376383817" role=""/>
    <member type="way" ref="377820046" role=""/>
    <member type="way" ref="440155116" role=""/>
    <member type="way" ref="1155887551" role=""/>
    <member type="way" ref="1155887573" role=""/>
    <member type="way" ref="1161959700" role=""/>
    <member type="way" ref="1155887570" role=""/>
    <member type="way" ref="1155887574" role=""/>
    <member type="way" ref="1155887566" role=""/>
    <member type="way" ref="1155887567" role=""/>
    <member type="way" ref="1155887568" role=""/>
    <member type="way" ref="1163011246" role=""/>
    <member type="way" ref="725180473" role=""/>
    <member type="way" ref="1167769214" role=""/>
    <member type="way" ref="1162306425" role=""/>
    <member type="way" ref="1314736838" role=""/>
    <member type="way" ref="1163468149" role=""/>
    <member type="way" ref="752018426" role=""/>
    <member type="way" ref="439060023" role=""/>
    <member type="way" ref="444464869" role=""/>
    <member type="way" ref="534311798" role=""/>
    <member type="way" ref="1316100860" role=""/>
    <member type="way" ref="534311799" role=""/>
    <member type="way" ref="1315390867" role=""/>
    <member type="way" ref="1316100871" role=""/>
    <member type="way" ref="1316100862" role=""/>
    <member type="way" ref="1316100861" role=""/>
    <member type="way" ref="677570074" role=""/>
    <member type="way" ref="1316100863" role=""/>
    <member type="way" ref="1316100865" role=""/>
    <member type="way" ref="1316100864" role=""/>
    <member type="way" ref="1315390872" role=""/>
    <member type="way" ref="1315390874" role=""/>
    <member type="way" ref="1315390876" role=""/>
    <member type="way" ref="603709776" role=""/>
    <member type="way" ref="1389931936" role=""/>
    <member type="way" ref="603709774" role=""/>
    <member type="way" ref="441507301" role=""/>
    <member type="way" ref="928888720" role=""/>
    <member type="way" ref="498354525" role=""/>
    <member type="way" ref="1195280643" role=""/>
    <member type="way" ref="498354530" role=""/>
    <member type="way" ref="498354532" role=""/>
    <member type="way" ref="1195280649" role=""/>
    <member type="way" ref="498354527" role=""/>
    <member type="way" ref="411798251" role=""/>
    <member type="way" ref="1053563385" role=""/>
    <member type="way" ref="1052654449" role=""/>
    <member type="way" ref="553908119" role=""/>
    <member type="way" ref="521343578" role=""/>
    <member type="way" ref="355346847" role=""/>
    <member type="way" ref="798399700" role=""/>
    <member type="way" ref="693074120" role=""/>
    <member type="way" ref="662133383" role=""/>
    <member type="way" ref="289119564" role=""/>
    <member type="way" ref="553908121" role=""/>
    <member type="way" ref="967556026" role=""/>
    <member type="way" ref="1052920251" role=""/>
    <member type="way" ref="438150819" role=""/>
    <member type="way" ref="935560891" role=""/>
    <member type="way" ref="935560885" role=""/>
    <member type="way" ref="935560888" role=""/>
    <member type="way" ref="63104246" role=""/>
    <member type="way" ref="1162116274" role=""/>
    <member type="way" ref="1267235573" role=""/>
    <member type="way" ref="1267235587" role=""/>
    <member type="way" ref="95408808" role=""/>
    <member type="way" ref="1267235588" role=""/>
    <member type="way" ref="239308755" role=""/>
    <member type="way" ref="303612171" role=""/>
    <member type="way" ref="90154744" role=""/>
    <member type="way" ref="204028851" role=""/>
    <member type="way" ref="204028853" role=""/>
    <member type="way" ref="63522552" role=""/>
    <member type="way" ref="63093861" role=""/>
    <member type="way" ref="692468387" role=""/>
    <member type="way" ref="692468379" role=""/>
    <member type="way" ref="184451022" role=""/>
    <member type="way" ref="289119565" role=""/>
    <member type="way" ref="570153042" role=""/>
    <member type="way" ref="355346892" role=""/>
    <member type="way" ref="63095908" role=""/>
    <member type="way" ref="984016446" role=""/>
    <member type="way" ref="984016447" role=""/>
    <member type="way" ref="176502833" role=""/>
    <member type="way" ref="240550190" role=""/>
    <member type="way" ref="1110037520" role=""/>
    <member type="way" ref="1110037519" role=""/>
    <member type="way" ref="63102546" role=""/>
    <member type="way" ref="402349847" role=""/>
    <member type="way" ref="239308756" role=""/>
    <member type="way" ref="239314387" role=""/>
    <member type="way" ref="1110031254" role=""/>
    <member type="way" ref="1110031255" role=""/>
    <member type="way" ref="414016069" role=""/>
    <member type="way" ref="25495504" role=""/>
    <member type="way" ref="1109226895" role=""/>
    <member type="way" ref="1109226896" role=""/>
    <member type="way" ref="63565452" role=""/>
    <member type="way" ref="969849894" role=""/>
    <member type="way" ref="69022671" role=""/>
    <member type="way" ref="718422390" role=""/>
    <member type="way" ref="275321621" role=""/>
    <member type="way" ref="303993172" role=""/>
    <member type="way" ref="275321623" role=""/>
    <member type="way" ref="63522267" role=""/>
    <member type="way" ref="28070361" role=""/>
    <member type="way" ref="42401236" role=""/>
    <member type="way" ref="176502820" role=""/>
    <member type="way" ref="437564949" role=""/>
    <member type="way" ref="26974431" role=""/>
    <member type="way" ref="176502831" role=""/>
    <member type="way" ref="176502832" role=""/>
    <member type="way" ref="41271725" role=""/>
    <member type="way" ref="176502838" role=""/>
    <member type="way" ref="647888718" role=""/>
    <member type="way" ref="176502821" role=""/>
    <member type="way" ref="176502812" role=""/>
    <member type="way" ref="734804773" role=""/>
    <member type="way" ref="694649284" role=""/>
    <member type="way" ref="450491148" role=""/>
    <member type="way" ref="647888682" role=""/>
    <member type="way" ref="136184114" role=""/>
    <member type="way" ref="451894612" role=""/>
    <member type="way" ref="625523474" role=""/>
    <member type="way" ref="647627173" role=""/>
    <member type="way" ref="625497422" role=""/>
    <member type="way" ref="625497423" role=""/>
    <member type="way" ref="625523473" role=""/>
    <member type="way" ref="608463107" role=""/>
    <member type="way" ref="30371841" role=""/>
    <member type="way" ref="1216344470" role=""/>
    <member type="way" ref="1216344471" role=""/>
    <member type="way" ref="30371842" role=""/>
    <member type="way" ref="192404968" role=""/>
    <member type="way" ref="749022406" role=""/>
    <member type="way" ref="749022408" role=""/>
    <member type="way" ref="42948492" role=""/>
    <member type="way" ref="749022407" role=""/>
    <member type="way" ref="202064320" role=""/>
    <member type="way" ref="1211310191" role=""/>
    <member type="way" ref="1211310187" role=""/>
    <member type="way" ref="42948491" role=""/>
    <member type="way" ref="1211320540" role=""/>
    <member type="way" ref="748955124" role=""/>
    <member type="way" ref="1205509236" role=""/>
    <member type="way" ref="1205509237" role=""/>
    <member type="way" ref="257861419" role=""/>
    <member type="way" ref="1155839235" role=""/>
    <member type="way" ref="1155839243" role=""/>
    <member type="way" ref="1155839231" role=""/>
    <member type="way" ref="1155839266" role=""/>
    <member type="way" ref="1155839261" role=""/>
    <member type="way" ref="1167462003" role=""/>
    <member type="way" ref="1155839270" role=""/>
    <member type="way" ref="607114849" role=""/>
    <member type="way" ref="607114842" role=""/>
    <member type="way" ref="42948487" role=""/>
    <member type="way" ref="157467066" role=""/>
    <member type="way" ref="157467062" role=""/>
    <member type="way" ref="42948484" role=""/>
    <member type="way" ref="101432867" role=""/>
    <member type="way" ref="101432854" role=""/>
    <member type="way" ref="42948480" role=""/>
    <member type="way" ref="739627437" role=""/>
    <member type="way" ref="42948488" role=""/>
    <member type="way" ref="72473470" role=""/>
    <member type="way" ref="1163106664" role=""/>
    <member type="way" ref="72473466" role=""/>
    <member type="way" ref="626297170" role=""/>
    <member type="way" ref="156105940" role=""/>
    <member type="way" ref="156105930" role=""/>
    <member type="way" ref="43053923" role=""/>
    <member type="way" ref="131222909" role=""/>
    <member type="way" ref="231670624" role=""/>
    <member type="way" ref="1194032045" role=""/>
    <member type="way" ref="39371280" role=""/>
    <member type="way" ref="128108510" role=""/>
    <member type="way" ref="27056382" role=""/>
    <member type="way" ref="193353265" role=""/>
    <member type="way" ref="1177888378" role=""/>
    <member type="way" ref="1177888381" role=""/>
    <member type="way" ref="1388514407" role=""/>
    <member type="way" ref="607753141" role=""/>
    <member type="way" ref="607386315" role=""/>
    <member type="way" ref="742705897" role=""/>
    <member type="way" ref="527933010" role=""/>
    <member type="way" ref="527933011" role=""/>
    <member type="way" ref="607386312" role=""/>
    <member type="way" ref="861118075" role=""/>
    <member type="way" ref="739627450" role=""/>
    <member type="way" ref="1177888380" role=""/>
    <member type="way" ref="1181158937" role=""/>
    <member type="way" ref="739627442" role=""/>
    <member type="way" ref="1181158939" role=""/>
    <member type="way" ref="1181158938" role=""/>
    <member type="way" ref="567708871" role=""/>
    <member type="way" ref="1115422456" role=""/>
    <member type="way" ref="1204545161" role=""/>
    <member type="way" ref="1181158938" role=""/>
    <member type="way" ref="1181158939" role=""/>
    <member type="way" ref="739627442" role=""/>
    <member type="way" ref="1181158937" role=""/>
    <member type="way" ref="1177888380" role=""/>
    <member type="way" ref="739627445" role=""/>
    <member type="way" ref="759439097" role=""/>
    <member type="way" ref="759439095" role=""/>
    <member type="way" ref="759439094" role=""/>
    <member type="way" ref="759439093" role=""/>
    <member type="way" ref="919164902" role=""/>
    <member type="way" ref="107777711" role=""/>
    <member type="way" ref="919164901" role=""/>
    <member type="way" ref="919164900" role=""/>
    <member type="way" ref="567543636" role=""/>
    <member type="way" ref="919164899" role=""/>
    <member type="way" ref="759439086" role=""/>
    <member type="way" ref="759439087" role=""/>
    <member type="way" ref="750212156" role=""/>
    <member type="way" ref="759439085" role=""/>
    <member type="way" ref="759439092" role=""/>
    <member type="way" ref="759439091" role=""/>
    <member type="way" ref="567543635" role=""/>
    <member type="way" ref="759439088" role=""/>
    <member type="way" ref="759439089" role=""/>
    <member type="way" ref="759439090" role=""/>
    <member type="way" ref="567543634" role=""/>
    <member type="way" ref="1162116275" role=""/>
    <tag k="air_conditioning" v="yes"/>
    <tag k="bicycle" v="yes"/>
    <tag k="blind" v="limited"/>
    <tag k="bus_class:length" v="4"/>
    <tag k="charge:all-in-one" v="90 RUB"/>
    <tag k="charge:cards" v="83 RUB"/>
    <tag k="charge:sbp" v="83 RUB"/>
    <tag k="charge:troika" v="75 RUB"/>
    <tag k="charge:troika_qr" v="75 RUB"/>
    <tag k="check_date" v="2023-04-13"/>
    <tag k="colour" v="#ff9ad2"/>
    <tag k="deaf" v="yes"/>
    <tag k="description" v="Маршрут обслуживается электробусами"/>
    <tag k="electric_bus" v="yes"/>
    <tag k="electric_bus:type" v="OC"/>
    <tag k="fee" v="yes"/>
    <tag k="fine:ticketless" v="5000 RUB"/>
    <tag k="from" v="Метро «Тёплый Стан»"/>
    <tag k="name" v="Автобус 878: Метро «Тёплый Стан» =&gt; МЦД Кокошкино"/>
    <tag k="name:uk" v="Автобус 878: Метро &quot;Теплий Стан&quot; =&gt; Платформа Кокошкіно"/>
    <tag k="network" v="Московский транспорт"/>
    <tag k="operator" v="ГУП «Мосгортранс»"/>
    <tag k="payment:cards" v="yes"/>
    <tag k="payment:cash" v="no"/>
    <tag k="payment:contactless" v="yes"/>
    <tag k="payment:maestro" v="no"/>
    <tag k="payment:mastercard" v="no"/>
    <tag k="payment:mir" v="yes"/>
    <tag k="payment:nfc" v="yes"/>
    <tag k="payment:podorozhnik" v="no"/>
    <tag k="payment:sbp" v="yes"/>
    <tag k="payment:social_cards" v="yes"/>
    <tag k="payment:strelka" v="no"/>
    <tag k="payment:troika" v="yes"/>
    <tag k="payment:visa" v="no"/>
    <tag k="public_transport:version" v="2"/>
    <tag k="ref" v="878"/>
    <tag k="route" v="bus"/>
    <tag k="source" v="Реестр маршрутов города Москвы"/>
    <tag k="source:description" v="https://mosgortrans.ru/electrobus/map/"/>
    <tag k="to" v="МЦД Кокошкино"/>
    <tag k="type" v="route"/>
    <tag k="website" v="https://transport.mos.ru/transport/schedule/route/141502898"/>
    <tag k="wheelchair" v="yes"/>
  </relation>
  <relation id="9392126" version="1" timestamp="2019-03-12T20:44:46Z" changeset="68077613" uid="8912234" user="Quinn Mallory">
    <member type="way" ref="676385886" role="from"/>
    <member type="node" ref="1392017391" role="via"/>
    <member type="way" ref="676385886" role="to"/>
    <tag k="restriction" v="no_u_turn"/>
    <tag k="type" v="restriction"/>
  </relation>
  <relation id="9392127" version="1" timestamp="2019-03-12T20:44:46Z" changeset="68077613" uid="8912234" user="Quinn Mallory">
    <member type="way" ref="676385886" role="from"/>
    <member type="node" ref="1392017391" role="via"/>
    <member type="way" ref="125293860" role="to"/>
    <tag k="restriction" v="no_left_turn"/>
    <tag k="type" v="restriction"/>
  </relation>
  <relation id="12006085" version="1" timestamp="2020-12-11T20:16:48Z" changeset="95701647" uid="8912234" user="Quinn Mallory">
    <member type="way" ref="123752429" role="from"/>
    <member type="node" ref="1378982287" role="via"/>
    <member type="way" ref="123752429" role="to"/>
    <tag k="restriction" v="no_u_turn"/>
    <tag k="type" v="restriction"/>
  </relation>
  <relation id="15100970" version="12" timestamp="2023-09-17T00:02:58Z" changeset="141362323" uid="461130" user="Fizzie-DWG">
    <member type="way" ref="1128402822" role="outer"/>
    <member type="way" ref="123752397" role="outer"/>
    <tag k="description" v="Садоводческое некоммерческое товарищество."/>
    <tag k="landuse" v="allotments"/>
    <tag k="name" v="СНТ «Ручеёк»"/>
    <tag k="place" v="neighbourhood"/>
    <tag k="type" v="multipolygon"/>
  </relation>
  <relation id="15708914" version="1" timestamp="2023-04-11T17:21:33Z" changeset="134784077" uid="2055718" user="Bobropiton">
    <member type="node" ref="10802232476" role="stop"/>
    <member type="node" ref="5912797893" role="platform"/>
    <tag k="name" v="СНТ «Ручеёк»"/>
    <tag k="public_transport" v="stop_area"/>
    <tag k="type" v="public_transport"/>
  </relation>
  <relation id="15717145" version="58" timestamp="2026-02-12T19:46:20Z" changeset="178473203" uid="2055718" user="Bobropiton">
    <member type="node" ref="672486332" role="stop_entry_only"/>
    <member type="node" ref="535927208" role="platform_entry_only"/>
    <member type="node" ref="11297634934" role="stop"/>
    <member type="node" ref="11297634935" role="platform"/>
    <member type="node" ref="6557343324" role="stop"/>
    <member type="node" ref="534639412" role="platform"/>
    <member type="node" ref="5766691152" role="stop"/>
    <member type="node" ref="534639409" role="platform"/>
    <member type="node" ref="6557343323" role="stop"/>
    <member type="node" ref="534639404" role="platform"/>
    <member type="node" ref="1736089616" role="stop"/>
    <member type="node" ref="534639402" role="platform"/>
    <member type="node" ref="3761193781" role="stop"/>
    <member type="node" ref="534639398" role="platform"/>
    <member type="node" ref="6557343322" role="stop"/>
    <member type="node" ref="534639395" role="platform"/>
    <member type="node" ref="6557343320" role="stop"/>
    <member type="node" ref="6557343321" role="platform"/>
    <member type="node" ref="3647904031" role="stop"/>
    <member type="node" ref="535927182" role="platform"/>
    <member type="node" ref="5766870256" role="stop"/>
    <member type="node" ref="1415888659" role="platform"/>
    <member type="node" ref="10773357106" role="stop"/>
    <member type="node" ref="718544531" role="platform"/>
    <member type="node" ref="10707555430" role="stop"/>
    <member type="node" ref="7208342263" role="platform"/>
    <member type="node" ref="10743344735" role="stop"/>
    <member type="node" ref="10743344737" role="platform"/>
    <member type="node" ref="10707555425" role="stop"/>
    <member type="node" ref="1728954062" role="platform"/>
    <member type="node" ref="10802232485" role="stop"/>
    <member type="node" ref="1446472705" role="platform"/>
    <member type="node" ref="10802232484" role="stop"/>
    <member type="node" ref="860423460" role="platform"/>
    <member type="node" ref="10802232481" role="stop"/>
    <member type="node" ref="1446510317" role="platform"/>
    <member type="node" ref="10802232480" role="stop"/>
    <member type="node" ref="605585684" role="platform"/>
    <member type="node" ref="10802232477" role="stop"/>
    <member type="node" ref="605585675" role="platform"/>
    <member type="node" ref="10802232475" role="stop"/>
    <member type="node" ref="1890058282" role="platform"/>
    <member type="node" ref="10803305769" role="stop"/>
    <member type="node" ref="1890058298" role="platform"/>
    <member type="node" ref="10803305771" role="stop"/>
    <member type="node" ref="5758822116" role="platform"/>
    <member type="node" ref="10803305774" role="stop"/>
    <member type="node" ref="1890058329" role="platform"/>
    <member type="node" ref="10803305775" role="stop"/>
    <member type="node" ref="1890058332" role="platform"/>
    <member type="node" ref="10803305778" role="stop"/>
    <member type="node" ref="1890058341" role="platform"/>
    <member type="node" ref="10803305781" role="stop"/>
    <member type="node" ref="10201240701" role="platform"/>
    <member type="node" ref="10803305791" role="stop"/>
    <member type="node" ref="976513639" role="platform"/>
    <member type="node" ref="10803305780" role="stop"/>
    <member type="node" ref="5463802256" role="platform"/>
    <member type="node" ref="10807865159" role="stop"/>
    <member type="node" ref="5463802246" role="platform"/>
    <member type="node" ref="10807865157" role="stop_exit_only"/>
    <member type="node" ref="5462679155" role="platform_exit_only"/>
    <member type="way" ref="1342819779" role=""/>
    <member type="way" ref="1342819778" role=""/>
    <member type="way" ref="1342819767" role=""/>
    <member type="way" ref="1342819776" role=""/>
    <member type="way" ref="1160532593" role=""/>
    <member type="way" ref="1182606405" role=""/>
    <member type="way" ref="33196235" role=""/>
    <member type="way" ref="1182606416" role=""/>
    <member type="way" ref="1182587894" role=""/>
    <member type="way" ref="42821961" role=""/>
    <member type="way" ref="1182587895" role=""/>
    <member type="way" ref="128075582" role=""/>
    <member type="way" ref="42835152" role=""/>
    <member type="way" ref="372556288" role=""/>
    <member type="way" ref="372556289" role=""/>
    <member type="way" ref="42727109" role=""/>
    <member type="way" ref="56909487" role=""/>
    <member type="way" ref="1161395930" role=""/>
    <member type="way" ref="39599316" role=""/>
    <member type="way" ref="771156305" role=""/>
    <member type="way" ref="279453701" role=""/>
    <member type="way" ref="284788047" role=""/>
    <member type="way" ref="128047860" role=""/>
    <member type="way" ref="128047868" role=""/>
    <member type="way" ref="41266241" role=""/>
    <member type="way" ref="192639105" role=""/>
    <member type="way" ref="42727105" role=""/>
    <member type="way" ref="42727096" role=""/>
    <member type="way" ref="1320165796" role=""/>
    <member type="way" ref="1320165795" role=""/>
    <member type="way" ref="1320165797" role=""/>
    <member type="way" ref="49155459" role=""/>
    <member type="way" ref="1320165793" role=""/>
    <member type="way" ref="1320165792" role=""/>
    <member type="way" ref="1320165790" role=""/>
    <member type="way" ref="1320165791" role=""/>
    <member type="way" ref="1320165794" role=""/>
    <member type="way" ref="1320169026" role=""/>
    <member type="way" ref="1320169025" role=""/>
    <member type="way" ref="1094049674" role=""/>
    <member type="way" ref="1320169024" role=""/>
    <member type="way" ref="652896055" role=""/>
    <member type="way" ref="156105864" role=""/>
    <member type="way" ref="42948477" role=""/>
    <member type="way" ref="1204435618" role=""/>
    <member type="way" ref="1204435619" role=""/>
    <member type="way" ref="128759864" role=""/>
    <member type="way" ref="172908495" role=""/>
    <member type="way" ref="42948482" role=""/>
    <member type="way" ref="42948488" role=""/>
    <member type="way" ref="72473470" role=""/>
    <member type="way" ref="1163106664" role=""/>
    <member type="way" ref="72473466" role=""/>
    <member type="way" ref="626297170" role=""/>
    <member type="way" ref="156105940" role=""/>
    <member type="way" ref="156105930" role=""/>
    <member type="way" ref="43053923" role=""/>
    <member type="way" ref="131222909" role=""/>
    <member type="way" ref="231670624" role=""/>
    <member type="way" ref="1194032045" role=""/>
    <member type="way" ref="39371280" role=""/>
    <member type="way" ref="128108510" role=""/>
    <member type="way" ref="27056382" role=""/>
    <member type="way" ref="193353265" role=""/>
    <member type="way" ref="1177888378" role=""/>
    <member type="way" ref="1177888381" role=""/>
    <member type="way" ref="1388514407" role=""/>
    <member type="way" ref="607753141" role=""/>
    <member type="way" ref="607386315" role=""/>
    <member type="way" ref="742705897" role=""/>
    <member type="way" ref="527933010" role=""/>
    <member type="way" ref="527933011" role=""/>
    <member type="way" ref="607386312" role=""/>
    <member type="way" ref="861118075" role=""/>
    <member type="way" ref="739627450" role=""/>
    <member type="way" ref="1177888380" role=""/>
    <member type="way" ref="1181158937" role=""/>
    <member type="way" ref="739627442" role=""/>
    <member type="way" ref="1181158939" role=""/>
    <member type="way" ref="1181158938" role=""/>
    <member type="way" ref="567708871" role=""/>
    <member type="way" ref="1115422456" role=""/>
    <member type="way" ref="1204545161" role=""/>
    <member type="way" ref="1181158938" role=""/>
    <member type="way" ref="1181158939" role=""/>
    <member type="way" ref="739627442" role=""/>
    <member type="way" ref="1181158937" role=""/>
    <member type="way" ref="1177888380" role=""/>
    <member type="way" ref="739627445" role=""/>
    <member type="way" ref="759439097" role=""/>
    <member type="way" ref="759439095" role=""/>
    <member type="way" ref="759439094" role=""/>
    <member type="way" ref="759439093" role=""/>
    <member type="way" ref="919164902" role=""/>
    <member type="way" ref="107777711" role=""/>
    <member type="way" ref="919164901" role=""/>
    <member type="way" ref="919164900" role=""/>
    <member type="way" ref="567543636" role=""/>
    <member type="way" ref="919164899" role=""/>
    <member type="way" ref="759439086" role=""/>
    <member type="way" ref="759439087" role=""/>
    <member type="way" ref="750212156" role=""/>
    <member type="way" ref="759439085" role=""/>
    <member type="way" ref="759439092" role=""/>
    <member type="way" ref="759439091" role=""/>
    <member type="way" ref="567543635" role=""/>
    <member type="way" ref="759439088" role=""/>
    <member type="way" ref="759439089" role=""/>
    <member type="way" ref="759439090" role=""/>
    <member type="way" ref="567543634" role=""/>
    <member type="way" ref="1162116275" role=""/>
    <tag k="air_conditioning" v="yes"/>
    <tag k="bicycle" v="yes"/>
    <tag k="blind" v="limited"/>
    <tag k="bus_class:length" v="4;5"/>
    <tag k="charge:all-in-one" v="90 RUB"/>
    <tag k="charge:cards" v="83 RUB"/>
    <tag k="charge:sbp" v="83 RUB"/>
    <tag k="charge:troika" v="75 RUB"/>
    <tag k="charge:troika_qr" v="75 RUB"/>
    <tag k="check_date" v="2023-04-13"/>
    <tag k="colour" v="#ff9ad2"/>
    <tag k="deaf" v="yes"/>
    <tag k="fee" v="yes"/>
    <tag k="fine:ticketless" v="5000 RUB"/>
    <tag k="from" v="МЦД Солнечная"/>
    <tag k="name" v="Автобус 950: МЦД Солнечная =&gt; МЦД Кокошкино"/>
    <tag k="name:uk" v="Автобус 950: Станція Сонячна =&gt; Платформа Кокошкіно"/>
    <tag k="network" v="Московский транспорт"/>
    <tag k="operator" v="ГУП «Мосгортранс»"/>
    <tag k="payment:cards" v="yes"/>
    <tag k="payment:cash" v="no"/>
    <tag k="payment:contactless" v="yes"/>
    <tag k="payment:maestro" v="no"/>
    <tag k="payment:mastercard" v="no"/>
    <tag k="payment:mir" v="yes"/>
    <tag k="payment:nfc" v="yes"/>
    <tag k="payment:podorozhnik" v="no"/>
    <tag k="payment:sbp" v="yes"/>
    <tag k="payment:social_cards" v="yes"/>
    <tag k="payment:strelka" v="no"/>
    <tag k="payment:troika" v="yes"/>
    <tag k="payment:visa" v="no"/>
    <tag k="public_transport:version" v="2"/>
    <tag k="ref" v="950"/>
    <tag k="route" v="bus"/>
    <tag k="source" v="Реестр маршрутов города Москвы"/>
    <tag k="to" v="МЦД Кокошкино"/>
    <tag k="type" v="route"/>
    <tag k="website" v="https://transport.mos.ru/transport/schedule/route/1704"/>
    <tag k="wheelchair" v="yes"/>
  </relation>
  <relation id="15717146" version="55" timestamp="2026-02-12T19:46:20Z" changeset="178473203" uid="2055718" user="Bobropiton">
    <member type="node" ref="10807865156" role="stop_entry_only"/>
    <member type="node" ref="5462679044" role="platform_entry_only"/>
    <member type="node" ref="10807865158" role="stop"/>
    <member type="node" ref="5463802245" role="platform"/>
    <member type="node" ref="10803305781" role="stop"/>
    <member type="node" ref="10201240701" role="platform"/>
    <member type="node" ref="10803305791" role="stop"/>
    <member type="node" ref="976513639" role="platform"/>
    <member type="node" ref="10943203386" role="stop"/>
    <member type="node" ref="10943203387" role="platform"/>
    <member type="node" ref="10803305777" role="stop"/>
    <member type="node" ref="1890058338" role="platform"/>
    <member type="node" ref="10803305776" role="stop"/>
    <member type="node" ref="1890058335" role="platform"/>
    <member type="node" ref="10803305773" role="stop"/>
    <member type="node" ref="1890058326" role="platform"/>
    <member type="node" ref="10803305772" role="stop"/>
    <member type="node" ref="5758822117" role="platform"/>
    <member type="node" ref="10803305770" role="stop"/>
    <member type="node" ref="1890058296" role="platform"/>
    <member type="node" ref="10802232474" role="stop"/>
    <member type="node" ref="1890058263" role="platform"/>
    <member type="node" ref="10802232476" role="stop"/>
    <member type="node" ref="5912797893" role="platform"/>
    <member type="node" ref="10802232478" role="stop"/>
    <member type="node" ref="605585688" role="platform"/>
    <member type="node" ref="10802232479" role="stop"/>
    <member type="node" ref="605828619" role="platform"/>
    <member type="node" ref="10802232482" role="stop"/>
    <member type="node" ref="1446510313" role="platform"/>
    <member type="node" ref="10802232483" role="stop"/>
    <member type="node" ref="860423410" role="platform"/>
    <member type="node" ref="10802232486" role="stop"/>
    <member type="node" ref="1446472685" role="platform"/>
    <member type="node" ref="10707555424" role="stop"/>
    <member type="node" ref="830874317" role="platform"/>
    <member type="node" ref="10743344734" role="stop"/>
    <member type="node" ref="10743344736" role="platform"/>
    <member type="node" ref="10748848358" role="stop"/>
    <member type="node" ref="7208342264" role="platform"/>
    <member type="node" ref="10748848356" role="stop"/>
    <member type="node" ref="10748848357" role="platform"/>
    <member type="node" ref="5766870255" role="stop"/>
    <member type="node" ref="1415888625" role="platform"/>
    <member type="node" ref="10748848355" role="stop"/>
    <member type="node" ref="535927185" role="platform"/>
    <member type="node" ref="6557343303" role="stop"/>
    <member type="node" ref="535927194" role="platform"/>
    <member type="node" ref="6557343301" role="stop"/>
    <member type="node" ref="534639396" role="platform"/>
    <member type="node" ref="6557343299" role="stop"/>
    <member type="node" ref="6557343300" role="platform"/>
    <member type="node" ref="10748848354" role="stop"/>
    <member type="node" ref="534639405" role="platform"/>
    <member type="node" ref="5766691125" role="stop"/>
    <member type="node" ref="534639410" role="platform"/>
    <member type="node" ref="6557343297" role="stop"/>
    <member type="node" ref="1531010736" role="platform"/>
    <member type="node" ref="6557343296" role="stop"/>
    <member type="node" ref="919683601" role="platform"/>
    <member type="node" ref="672486332" role="stop_exit_only"/>
    <member type="node" ref="535927208" role="platform_exit_only"/>
    <member type="way" ref="1264572057" role=""/>
    <member type="way" ref="1162116275" role=""/>
    <member type="way" ref="567543634" role=""/>
    <member type="way" ref="759439090" role=""/>
    <member type="way" ref="759439089" role=""/>
    <member type="way" ref="759439088" role=""/>
    <member type="way" ref="567543635" role=""/>
    <member type="way" ref="759439091" role=""/>
    <member type="way" ref="759439092" role=""/>
    <member type="way" ref="759439085" role=""/>
    <member type="way" ref="750212156" role=""/>
    <member type="way" ref="759439087" role=""/>
    <member type="way" ref="759439086" role=""/>
    <member type="way" ref="919164899" role=""/>
    <member type="way" ref="567543636" role=""/>
    <member type="way" ref="919164900" role=""/>
    <member type="way" ref="919164901" role=""/>
    <member type="way" ref="107777711" role=""/>
    <member type="way" ref="919164902" role=""/>
    <member type="way" ref="759439093" role=""/>
    <member type="way" ref="759439094" role=""/>
    <member type="way" ref="759439095" role=""/>
    <member type="way" ref="759439097" role=""/>
    <member type="way" ref="739627445" role=""/>
    <member type="way" ref="1177888380" role=""/>
    <member type="way" ref="1181158937" role=""/>
    <member type="way" ref="739627442" role=""/>
    <member type="way" ref="1181158939" role=""/>
    <member type="way" ref="1181158938" role=""/>
    <member type="way" ref="567708871" role=""/>
    <member type="way" ref="1115422456" role=""/>
    <member type="way" ref="1204545161" role=""/>
    <member type="way" ref="1181158938" role=""/>
    <member type="way" ref="1181158939" role=""/>
    <member type="way" ref="739627442" role=""/>
    <member type="way" ref="1181158937" role=""/>
    <member type="way" ref="1177888380" role=""/>
    <member type="way" ref="739627450" role=""/>
    <member type="way" ref="861118075" role=""/>
    <member type="way" ref="607386312" role=""/>
    <member type="way" ref="527933011" role=""/>
    <member type="way" ref="527933010" role=""/>
    <member type="way" ref="742705897" role=""/>
    <member type="way" ref="607386315" role=""/>
    <member type="way" ref="607753141" role=""/>
    <member type="way" ref="1388514407" role=""/>
    <member type="way" ref="1177888381" role=""/>
    <member type="way" ref="1177888378" role=""/>
    <member type="way" ref="193353265" role=""/>
    <member type="way" ref="193353268" role=""/>
    <member type="way" ref="607386165" role=""/>
    <member type="way" ref="193353270" role=""/>
    <member type="way" ref="136671258" role=""/>
    <member type="way" ref="607386292" role=""/>
    <member type="way" ref="39371281" role=""/>
    <member type="way" ref="607386261" role=""/>
    <member type="way" ref="607723254" role=""/>
    <member type="way" ref="878117175" role=""/>
    <member type="way" ref="607386230" role=""/>
    <member type="way" ref="607723257" role=""/>
    <member type="way" ref="607386237" role=""/>
    <member type="way" ref="49286405" role=""/>
    <member type="way" ref="43053922" role=""/>
    <member type="way" ref="695807799" role=""/>
    <member type="way" ref="43053930" role=""/>
    <member type="way" ref="43053929" role=""/>
    <member type="way" ref="231670623" role=""/>
    <member type="way" ref="156105936" role=""/>
    <member type="way" ref="1167458852" role=""/>
    <member type="way" ref="156105867" role=""/>
    <member type="way" ref="72473469" role=""/>
    <member type="way" ref="128759875" role=""/>
    <member type="way" ref="608703604" role=""/>
    <member type="way" ref="608703603" role=""/>
    <member type="way" ref="128759872" role=""/>
    <member type="way" ref="72473464" role=""/>
    <member type="way" ref="43053934" role=""/>
    <member type="way" ref="42948489" role=""/>
    <member type="way" ref="42948483" role=""/>
    <member type="way" ref="172908496" role=""/>
    <member type="way" ref="301033302" role=""/>
    <member type="way" ref="128759861" role=""/>
    <member type="way" ref="231671057" role=""/>
    <member type="way" ref="264133215" role=""/>
    <member type="way" ref="1453750652" role=""/>
    <member type="way" ref="1453750651" role=""/>
    <member type="way" ref="239925467" role=""/>
    <member type="way" ref="42948478" role=""/>
    <member type="way" ref="231671054" role=""/>
    <member type="way" ref="1320165789" role=""/>
    <member type="way" ref="1320165788" role=""/>
    <member type="way" ref="49155458" role=""/>
    <member type="way" ref="1320165787" role=""/>
    <member type="way" ref="783619791" role=""/>
    <member type="way" ref="596051746" role=""/>
    <member type="way" ref="192637924" role=""/>
    <member type="way" ref="42727100" role=""/>
    <member type="way" ref="42727102" role=""/>
    <member type="way" ref="1161452817" role=""/>
    <member type="way" ref="355346891" role=""/>
    <member type="way" ref="231671395" role=""/>
    <member type="way" ref="355346882" role=""/>
    <member type="way" ref="231671394" role=""/>
    <member type="way" ref="28071143" role=""/>
    <member type="way" ref="355346890" role=""/>
    <member type="way" ref="42369277" role=""/>
    <member type="way" ref="251278044" role=""/>
    <member type="way" ref="42727090" role=""/>
    <member type="way" ref="355346876" role=""/>
    <member type="way" ref="128075583" role=""/>
    <member type="way" ref="42835155" role=""/>
    <member type="way" ref="291299025" role=""/>
    <member type="way" ref="1182587892" role=""/>
    <member type="way" ref="128115162" role=""/>
    <member type="way" ref="42821963" role=""/>
    <member type="way" ref="1182606416" role=""/>
    <member type="way" ref="33196235" role=""/>
    <member type="way" ref="1182606405" role=""/>
    <member type="way" ref="1160532593" role=""/>
    <member type="way" ref="1342819769" role=""/>
    <member type="way" ref="1342819780" role=""/>
    <member type="way" ref="1342819778" role=""/>
    <member type="way" ref="1342819775" role=""/>
    <tag k="air_conditioning" v="yes"/>
    <tag k="bicycle" v="yes"/>
    <tag k="blind" v="limited"/>
    <tag k="bus_class:length" v="4;5"/>
    <tag k="charge:all-in-one" v="90 RUB"/>
    <tag k="charge:cards" v="83 RUB"/>
    <tag k="charge:sbp" v="83 RUB"/>
    <tag k="charge:troika" v="75 RUB"/>
    <tag k="charge:troika_qr" v="75 RUB"/>
    <tag k="check_date" v="2023-04-13"/>
    <tag k="colour" v="#ff9ad2"/>
    <tag k="deaf" v="yes"/>
    <tag k="fee" v="yes"/>
    <tag k="fine:ticketless" v="5000 RUB"/>
    <tag k="from" v="МЦД Кокошкино"/>
    <tag k="name" v="Автобус 950: МЦД Кокошкино =&gt; МЦД Солнечная"/>
    <tag k="name:uk" v="Автобус 950: Платформа Кокошкіно =&gt; Станція Сонячна"/>
    <tag k="network" v="Московский транспорт"/>
    <tag k="operator" v="ГУП «Мосгортранс»"/>
    <tag k="payment:cards" v="yes"/>
    <tag k="payment:cash" v="no"/>
    <tag k="payment:contactless" v="yes"/>
    <tag k="payment:maestro" v="no"/>
    <tag k="payment:mastercard" v="no"/>
    <tag k="payment:mir" v="yes"/>
    <tag k="payment:nfc" v="yes"/>
    <tag k="payment:podorozhnik" v="no"/>
    <tag k="payment:sbp" v="yes"/>
    <tag k="payment:social_cards" v="yes"/>
    <tag k="payment:strelka" v="no"/>
    <tag k="payment:troika" v="yes"/>
    <tag k="payment:visa" v="no"/>
    <tag k="public_transport:version" v="2"/>
    <tag k="ref" v="950"/>
    <tag k="route" v="bus"/>
    <tag k="source" v="Реестр маршрутов города Москвы"/>
    <tag k="to" v="МЦД Солнечная"/>
    <tag k="type" v="route"/>
    <tag k="website" v="https://transport.mos.ru/transport/schedule/route/1704"/>
    <tag k="wheelchair" v="yes"/>
  </relation>
  <relation id="15717398" version="55" timestamp="2026-02-12T19:46:20Z" changeset="178473203" uid="2055718" user="Bobropiton">
    <member type="node" ref="672486332" role="stop_entry_only"/>
    <member type="node" ref="535927208" role="platform_entry_only"/>
    <member type="node" ref="11297634934" role="stop"/>
    <member type="node" ref="11297634935" role="platform"/>
    <member type="node" ref="6557343324" role="stop"/>
    <member type="node" ref="534639412" role="platform"/>
    <member type="node" ref="5766691152" role="stop"/>
    <member type="node" ref="534639409" role="platform"/>
    <member type="node" ref="6557343323" role="stop"/>
    <member type="node" ref="534639404" role="platform"/>
    <member type="node" ref="1736089616" role="stop"/>
    <member type="node" ref="534639402" role="platform"/>
    <member type="node" ref="3761193781" role="stop"/>
    <member type="node" ref="534639398" role="platform"/>
    <member type="node" ref="6557343322" role="stop"/>
    <member type="node" ref="534639395" role="platform"/>
    <member type="node" ref="6557343320" role="stop"/>
    <member type="node" ref="6557343321" role="platform"/>
    <member type="node" ref="3647904031" role="stop"/>
    <member type="node" ref="535927182" role="platform"/>
    <member type="node" ref="5766870256" role="stop"/>
    <member type="node" ref="1415888659" role="platform"/>
    <member type="node" ref="10773357106" role="stop"/>
    <member type="node" ref="718544531" role="platform"/>
    <member type="node" ref="10707555430" role="stop"/>
    <member type="node" ref="7208342263" role="platform"/>
    <member type="node" ref="10743344735" role="stop"/>
    <member type="node" ref="10743344737" role="platform"/>
    <member type="node" ref="10707555425" role="stop"/>
    <member type="node" ref="1728954062" role="platform"/>
    <member type="node" ref="10802232485" role="stop"/>
    <member type="node" ref="1446472705" role="platform"/>
    <member type="node" ref="10802232484" role="stop"/>
    <member type="node" ref="860423460" role="platform"/>
    <member type="node" ref="10802232481" role="stop"/>
    <member type="node" ref="1446510317" role="platform"/>
    <member type="node" ref="10802232480" role="stop"/>
    <member type="node" ref="605585684" role="platform"/>
    <member type="node" ref="10802232477" role="stop"/>
    <member type="node" ref="605585675" role="platform"/>
    <member type="node" ref="10802232475" role="stop"/>
    <member type="node" ref="1890058282" role="platform"/>
    <member type="node" ref="10803305769" role="stop"/>
    <member type="node" ref="1890058298" role="platform"/>
    <member type="node" ref="10803305771" role="stop"/>
    <member type="node" ref="5758822116" role="platform"/>
    <member type="node" ref="10803305774" role="stop"/>
    <member type="node" ref="1890058329" role="platform"/>
    <member type="node" ref="10803305775" role="stop"/>
    <member type="node" ref="1890058332" role="platform"/>
    <member type="node" ref="10803305778" role="stop"/>
    <member type="node" ref="1890058341" role="platform"/>
    <member type="node" ref="10803305781" role="stop"/>
    <member type="node" ref="10201240701" role="platform"/>
    <member type="node" ref="10803305791" role="stop"/>
    <member type="node" ref="976513639" role="platform"/>
    <member type="node" ref="5463802258" role="stop"/>
    <member type="node" ref="1444673840" role="platform"/>
    <member type="node" ref="10803305789" role="stop"/>
    <member type="node" ref="1444673843" role="platform"/>
    <member type="node" ref="5723197081" role="stop_exit_only"/>
    <member type="node" ref="1444673841" role="platform_exit_only"/>
    <member type="way" ref="1342819779" role=""/>
    <member type="way" ref="1342819778" role=""/>
    <member type="way" ref="1342819767" role=""/>
    <member type="way" ref="1342819776" role=""/>
    <member type="way" ref="1160532593" role=""/>
    <member type="way" ref="1182606405" role=""/>
    <member type="way" ref="33196235" role=""/>
    <member type="way" ref="1182606416" role=""/>
    <member type="way" ref="1182587894" role=""/>
    <member type="way" ref="42821961" role=""/>
    <member type="way" ref="1182587895" role=""/>
    <member type="way" ref="128075582" role=""/>
    <member type="way" ref="42835152" role=""/>
    <member type="way" ref="372556288" role=""/>
    <member type="way" ref="372556289" role=""/>
    <member type="way" ref="42727109" role=""/>
    <member type="way" ref="56909487" role=""/>
    <member type="way" ref="1161395930" role=""/>
    <member type="way" ref="39599316" role=""/>
    <member type="way" ref="771156305" role=""/>
    <member type="way" ref="279453701" role=""/>
    <member type="way" ref="284788047" role=""/>
    <member type="way" ref="128047860" role=""/>
    <member type="way" ref="128047868" role=""/>
    <member type="way" ref="41266241" role=""/>
    <member type="way" ref="192639105" role=""/>
    <member type="way" ref="42727105" role=""/>
    <member type="way" ref="42727096" role=""/>
    <member type="way" ref="1320165796" role=""/>
    <member type="way" ref="1320165795" role=""/>
    <member type="way" ref="1320165797" role=""/>
    <member type="way" ref="49155459" role=""/>
    <member type="way" ref="1320165793" role=""/>
    <member type="way" ref="1320165792" role=""/>
    <member type="way" ref="1320165790" role=""/>
    <member type="way" ref="1320165791" role=""/>
    <member type="way" ref="1320165794" role=""/>
    <member type="way" ref="1320169026" role=""/>
    <member type="way" ref="1320169025" role=""/>
    <member type="way" ref="1094049674" role=""/>
    <member type="way" ref="1320169024" role=""/>
    <member type="way" ref="652896055" role=""/>
    <member type="way" ref="156105864" role=""/>
    <member type="way" ref="42948477" role=""/>
    <member type="way" ref="1204435618" role=""/>
    <member type="way" ref="1204435619" role=""/>
    <member type="way" ref="128759864" role=""/>
    <member type="way" ref="172908495" role=""/>
    <member type="way" ref="42948482" role=""/>
    <member type="way" ref="42948488" role=""/>
    <member type="way" ref="72473470" role=""/>
    <member type="way" ref="1163106664" role=""/>
    <member type="way" ref="72473466" role=""/>
    <member type="way" ref="626297170" role=""/>
    <member type="way" ref="156105940" role=""/>
    <member type="way" ref="156105930" role=""/>
    <member type="way" ref="43053923" role=""/>
    <member type="way" ref="131222909" role=""/>
    <member type="way" ref="231670624" role=""/>
    <member type="way" ref="1194032045" role=""/>
    <member type="way" ref="39371280" role=""/>
    <member type="way" ref="128108510" role=""/>
    <member type="way" ref="27056382" role=""/>
    <member type="way" ref="193353265" role=""/>
    <member type="way" ref="1177888378" role=""/>
    <member type="way" ref="1177888381" role=""/>
    <member type="way" ref="1388514407" role=""/>
    <member type="way" ref="607753141" role=""/>
    <member type="way" ref="607386315" role=""/>
    <member type="way" ref="742705897" role=""/>
    <member type="way" ref="527933010" role=""/>
    <member type="way" ref="527933011" role=""/>
    <member type="way" ref="607386312" role=""/>
    <member type="way" ref="861118075" role=""/>
    <member type="way" ref="739627450" role=""/>
    <member type="way" ref="1177888380" role=""/>
    <member type="way" ref="1181158937" role=""/>
    <member type="way" ref="739627442" role=""/>
    <member type="way" ref="1181158939" role=""/>
    <member type="way" ref="1181158938" role=""/>
    <member type="way" ref="567708871" role=""/>
    <member type="way" ref="1115422456" role=""/>
    <member type="way" ref="1204545161" role=""/>
    <member type="way" ref="1181158938" role=""/>
    <member type="way" ref="1181158939" role=""/>
    <member type="way" ref="739627442" role=""/>
    <member type="way" ref="1181158937" role=""/>
    <member type="way" ref="1177888380" role=""/>
    <member type="way" ref="739627446" role=""/>
    <member type="way" ref="270791677" role=""/>
    <member type="way" ref="735179658" role=""/>
    <member type="way" ref="602607404" role=""/>
    <tag k="air_conditioning" v="yes"/>
    <tag k="bicycle" v="yes"/>
    <tag k="blind" v="limited"/>
    <tag k="bus_class:length" v="4;5"/>
    <tag k="charge:all-in-one" v="90 RUB"/>
    <tag k="charge:cards" v="83 RUB"/>
    <tag k="charge:sbp" v="83 RUB"/>
    <tag k="charge:troika" v="75 RUB"/>
    <tag k="charge:troika_qr" v="75 RUB"/>
    <tag k="check_date" v="2023-04-13"/>
    <tag k="colour" v="#c2e6ff"/>
    <tag k="deaf" v="yes"/>
    <tag k="fee" v="yes"/>
    <tag k="fine:ticketless" v="5000 RUB"/>
    <tag k="from" v="МЦД Солнечная"/>
    <tag k="name" v="Автобус 750: МЦД Солнечная =&gt; Посёлок Толстопальцево"/>
    <tag k="name:uk" v="Автобус 750: Станція Сонячна =&gt; Селище Товстопальцеве"/>
    <tag k="network" v="Московский транспорт"/>
    <tag k="operator" v="ГУП «Мосгортранс»"/>
    <tag k="payment:cards" v="yes"/>
    <tag k="payment:cash" v="no"/>
    <tag k="payment:contactless" v="yes"/>
    <tag k="payment:maestro" v="no"/>
    <tag k="payment:mastercard" v="no"/>
    <tag k="payment:mir" v="yes"/>
    <tag k="payment:nfc" v="yes"/>
    <tag k="payment:podorozhnik" v="no"/>
    <tag k="payment:sbp" v="yes"/>
    <tag k="payment:social_cards" v="yes"/>
    <tag k="payment:strelka" v="no"/>
    <tag k="payment:troika" v="yes"/>
    <tag k="payment:visa" v="no"/>
    <tag k="public_transport:version" v="2"/>
    <tag k="ref" v="750"/>
    <tag k="route" v="bus"/>
    <tag k="source" v="Реестр маршрутов города Москвы"/>
    <tag k="to" v="Посёлок Толстопальцево"/>
    <tag k="type" v="route"/>
    <tag k="website" v="https://transport.mos.ru/transport/schedule/route/532"/>
    <tag k="wheelchair" v="yes"/>
  </relation>
  <relation id="15717399" version="52" timestamp="2026-02-12T19:46:20Z" changeset="178473203" uid="2055718" user="Bobropiton">
    <member type="node" ref="5723197081" role="stop_entry_only"/>
    <member type="node" ref="1444673841" role="platform_entry_only"/>
    <member type="node" ref="10803305790" role="stop"/>
    <member type="node" ref="1444673842" role="platform"/>
    <member type="node" ref="10803305781" role="stop"/>
    <member type="node" ref="10201240701" role="platform"/>
    <member type="node" ref="10803305791" role="stop"/>
    <member type="node" ref="976513639" role="platform"/>
    <member type="node" ref="10943203386" role="stop"/>
    <member type="node" ref="10943203387" role="platform"/>
    <member type="node" ref="10803305777" role="stop"/>
    <member type="node" ref="1890058338" role="platform"/>
    <member type="node" ref="10803305776" role="stop"/>
    <member type="node" ref="1890058335" role="platform"/>
    <member type="node" ref="10803305773" role="stop"/>
    <member type="node" ref="1890058326" role="platform"/>
    <member type="node" ref="10803305772" role="stop"/>
    <member type="node" ref="5758822117" role="platform"/>
    <member type="node" ref="10803305770" role="stop"/>
    <member type="node" ref="1890058296" role="platform"/>
    <member type="node" ref="10802232474" role="stop"/>
    <member type="node" ref="1890058263" role="platform"/>
    <member type="node" ref="10802232476" role="stop"/>
    <member type="node" ref="5912797893" role="platform"/>
    <member type="node" ref="10802232478" role="stop"/>
    <member type="node" ref="605585688" role="platform"/>
    <member type="node" ref="10802232479" role="stop"/>
    <member type="node" ref="605828619" role="platform"/>
    <member type="node" ref="10802232482" role="stop"/>
    <member type="node" ref="1446510313" role="platform"/>
    <member type="node" ref="10802232483" role="stop"/>
    <member type="node" ref="860423410" role="platform"/>
    <member type="node" ref="10802232486" role="stop"/>
    <member type="node" ref="1446472685" role="platform"/>
    <member type="node" ref="10707555424" role="stop"/>
    <member type="node" ref="830874317" role="platform"/>
    <member type="node" ref="10743344734" role="stop"/>
    <member type="node" ref="10743344736" role="platform"/>
    <member type="node" ref="10748848358" role="stop"/>
    <member type="node" ref="7208342264" role="platform"/>
    <member type="node" ref="10748848356" role="stop"/>
    <member type="node" ref="10748848357" role="platform"/>
    <member type="node" ref="5766870255" role="stop"/>
    <member type="node" ref="1415888625" role="platform"/>
    <member type="node" ref="10748848355" role="stop"/>
    <member type="node" ref="535927185" role="platform"/>
    <member type="node" ref="6557343303" role="stop"/>
    <member type="node" ref="535927194" role="platform"/>
    <member type="node" ref="6557343301" role="stop"/>
    <member type="node" ref="534639396" role="platform"/>
    <member type="node" ref="6557343299" role="stop"/>
    <member type="node" ref="6557343300" role="platform"/>
    <member type="node" ref="10748848354" role="stop"/>
    <member type="node" ref="534639405" role="platform"/>
    <member type="node" ref="5766691125" role="stop"/>
    <member type="node" ref="534639410" role="platform"/>
    <member type="node" ref="6557343297" role="stop"/>
    <member type="node" ref="1531010736" role="platform"/>
    <member type="node" ref="6557343296" role="stop"/>
    <member type="node" ref="919683601" role="platform"/>
    <member type="node" ref="672486332" role="stop_exit_only"/>
    <member type="node" ref="535927208" role="platform_exit_only"/>
    <member type="way" ref="1161550034" role=""/>
    <member type="way" ref="1161550036" role=""/>
    <member type="way" ref="1161550035" role=""/>
    <member type="way" ref="735179658" role=""/>
    <member type="way" ref="270791677" role=""/>
    <member type="way" ref="739627446" role=""/>
    <member type="way" ref="1177888380" role=""/>
    <member type="way" ref="1181158937" role=""/>
    <member type="way" ref="739627442" role=""/>
    <member type="way" ref="1181158939" role=""/>
    <member type="way" ref="1181158938" role=""/>
    <member type="way" ref="567708871" role=""/>
    <member type="way" ref="1115422456" role=""/>
    <member type="way" ref="1204545161" role=""/>
    <member type="way" ref="1181158938" role=""/>
    <member type="way" ref="1181158939" role=""/>
    <member type="way" ref="739627442" role=""/>
    <member type="way" ref="1181158937" role=""/>
    <member type="way" ref="1177888380" role=""/>
    <member type="way" ref="739627450" role=""/>
    <member type="way" ref="861118075" role=""/>
    <member type="way" ref="607386312" role=""/>
    <member type="way" ref="527933011" role=""/>
    <member type="way" ref="527933010" role=""/>
    <member type="way" ref="742705897" role=""/>
    <member type="way" ref="607386315" role=""/>
    <member type="way" ref="607753141" role=""/>
    <member type="way" ref="1388514407" role=""/>
    <member type="way" ref="1177888381" role=""/>
    <member type="way" ref="1177888378" role=""/>
    <member type="way" ref="193353265" role=""/>
    <member type="way" ref="193353268" role=""/>
    <member type="way" ref="607386165" role=""/>
    <member type="way" ref="193353270" role=""/>
    <member type="way" ref="136671258" role=""/>
    <member type="way" ref="607386292" role=""/>
    <member type="way" ref="39371281" role=""/>
    <member type="way" ref="607386261" role=""/>
    <member type="way" ref="607723254" role=""/>
    <member type="way" ref="878117175" role=""/>
    <member type="way" ref="607386230" role=""/>
    <member type="way" ref="607723257" role=""/>
    <member type="way" ref="607386237" role=""/>
    <member type="way" ref="49286405" role=""/>
    <member type="way" ref="43053922" role=""/>
    <member type="way" ref="695807799" role=""/>
    <member type="way" ref="43053930" role=""/>
    <member type="way" ref="43053929" role=""/>
    <member type="way" ref="231670623" role=""/>
    <member type="way" ref="156105936" role=""/>
    <member type="way" ref="1167458852" role=""/>
    <member type="way" ref="156105867" role=""/>
    <member type="way" ref="72473469" role=""/>
    <member type="way" ref="128759875" role=""/>
    <member type="way" ref="608703604" role=""/>
    <member type="way" ref="608703603" role=""/>
    <member type="way" ref="128759872" role=""/>
    <member type="way" ref="72473464" role=""/>
    <member type="way" ref="43053934" role=""/>
    <member type="way" ref="42948489" role=""/>
    <member type="way" ref="42948483" role=""/>
    <member type="way" ref="172908496" role=""/>
    <member type="way" ref="301033302" role=""/>
    <member type="way" ref="128759861" role=""/>
    <member type="way" ref="231671057" role=""/>
    <member type="way" ref="264133215" role=""/>
    <member type="way" ref="1453750652" role=""/>
    <member type="way" ref="1453750651" role=""/>
    <member type="way" ref="239925467" role=""/>
    <member type="way" ref="42948478" role=""/>
    <member type="way" ref="231671054" role=""/>
    <member type="way" ref="1320165789" role=""/>
    <member type="way" ref="1320165788" role=""/>
    <member type="way" ref="49155458" role=""/>
    <member type="way" ref="1320165787" role=""/>
    <member type="way" ref="783619791" role=""/>
    <member type="way" ref="596051746" role=""/>
    <member type="way" ref="192637924" role=""/>
    <member type="way" ref="42727100" role=""/>
    <member type="way" ref="42727102" role=""/>
    <member type="way" ref="1161452817" role=""/>
    <member type="way" ref="355346891" role=""/>
    <member type="way" ref="231671395" role=""/>
    <member type="way" ref="355346882" role=""/>
    <member type="way" ref="231671394" role=""/>
    <member type="way" ref="28071143" role=""/>
    <member type="way" ref="355346890" role=""/>
    <member type="way" ref="42369277" role=""/>
    <member type="way" ref="251278044" role=""/>
    <member type="way" ref="42727090" role=""/>
    <member type="way" ref="355346876" role=""/>
    <member type="way" ref="128075583" role=""/>
    <member type="way" ref="42835155" role=""/>
    <member type="way" ref="291299025" role=""/>
    <member type="way" ref="1182587892" role=""/>
    <member type="way" ref="128115162" role=""/>
    <member type="way" ref="42821963" role=""/>
    <member type="way" ref="1182606416" role=""/>
    <member type="way" ref="33196235" role=""/>
    <member type="way" ref="1182606405" role=""/>
    <member type="way" ref="1160532593" role=""/>
    <member type="way" ref="1342819769" role=""/>
    <member type="way" ref="1342819780" role=""/>
    <member type="way" ref="1342819778" role=""/>
    <member type="way" ref="1342819775" role=""/>
    <tag k="air_conditioning" v="yes"/>
    <tag k="bicycle" v="yes"/>
    <tag k="blind" v="limited"/>
    <tag k="bus_class:length" v="4;5"/>
    <tag k="charge:all-in-one" v="90 RUB"/>
    <tag k="charge:cards" v="83 RUB"/>
    <tag k="charge:sbp" v="83 RUB"/>
    <tag k="charge:troika" v="75 RUB"/>
    <tag k="charge:troika_qr" v="75 RUB"/>
    <tag k="check_date" v="2023-04-13"/>
    <tag k="colour" v="#c2e6ff"/>
    <tag k="deaf" v="yes"/>
    <tag k="fee" v="yes"/>
    <tag k="fine:ticketless" v="5000 RUB"/>
    <tag k="from" v="Посёлок Толстопальцево"/>
    <tag k="name" v="Автобус 750: Посёлок Толстопальцево =&gt; МЦД Солнечная"/>
    <tag k="name:uk" v="Автобус 750: Селище Товстопальцеве =&gt; Станція Сонячна"/>
    <tag k="network" v="Московский транспорт"/>
    <tag k="operator" v="ГУП «Мосгортранс»"/>
    <tag k="payment:cards" v="yes"/>
    <tag k="payment:cash" v="no"/>
    <tag k="payment:contactless" v="yes"/>
    <tag k="payment:maestro" v="no"/>
    <tag k="payment:mastercard" v="no"/>
    <tag k="payment:mir" v="yes"/>
    <tag k="payment:nfc" v="yes"/>
    <tag k="payment:podorozhnik" v="no"/>
    <tag k="payment:sbp" v="yes"/>
    <tag k="payment:social_cards" v="yes"/>
    <tag k="payment:strelka" v="no"/>
    <tag k="payment:troika" v="yes"/>
    <tag k="payment:visa" v="no"/>
    <tag k="public_transport:version" v="2"/>
    <tag k="ref" v="750"/>
    <tag k="route" v="bus"/>
    <tag k="source" v="Реестр маршрутов города Москвы"/>
    <tag k="to" v="МЦД Солнечная"/>
    <tag k="type" v="route"/>
    <tag k="website" v="https://transport.mos.ru/transport/schedule/route/532"/>
    <tag k="wheelchair" v="yes"/>
  </relation>
  <relation id="15801056" version="44" timestamp="2025-10-05T21:39:59Z" changeset="172886900" uid="2055718" user="Bobropiton">
    <member type="node" ref="7003973335" role="stop_entry_only"/>
    <member type="node" ref="5868900470" role="platform_entry_only"/>
    <member type="node" ref="10707555430" role="stop"/>
    <member type="node" ref="7208342263" role="platform"/>
    <member type="node" ref="10743344735" role="stop"/>
    <member type="node" ref="10743344737" role="platform"/>
    <member type="node" ref="10707555425" role="stop"/>
    <member type="node" ref="1728954062" role="platform"/>
    <member type="node" ref="10802232485" role="stop"/>
    <member type="node" ref="1446472705" role="platform"/>
    <member type="node" ref="10802232484" role="stop"/>
    <member type="node" ref="860423460" role="platform"/>
    <member type="node" ref="10802232481" role="stop"/>
    <member type="node" ref="1446510317" role="platform"/>
    <member type="node" ref="10802232480" role="stop"/>
    <member type="node" ref="605585684" role="platform"/>
    <member type="node" ref="10802232477" role="stop"/>
    <member type="node" ref="605585675" role="platform"/>
    <member type="node" ref="10802232475" role="stop"/>
    <member type="node" ref="1890058282" role="platform"/>
    <member type="node" ref="10803305769" role="stop"/>
    <member type="node" ref="1890058298" role="platform"/>
    <member type="node" ref="10803305771" role="stop"/>
    <member type="node" ref="5758822116" role="platform"/>
    <member type="node" ref="10803305774" role="stop"/>
    <member type="node" ref="1890058329" role="platform"/>
    <member type="node" ref="10803305775" role="stop"/>
    <member type="node" ref="1890058332" role="platform"/>
    <member type="node" ref="10803305778" role="stop"/>
    <member type="node" ref="1890058341" role="platform"/>
    <member type="node" ref="10803305791" role="stop"/>
    <member type="node" ref="976513639" role="platform"/>
    <member type="node" ref="5463802258" role="stop"/>
    <member type="node" ref="1444673840" role="platform"/>
    <member type="node" ref="10803305789" role="stop"/>
    <member type="node" ref="1444673843" role="platform"/>
    <member type="node" ref="5723197081" role="stop_exit_only"/>
    <member type="node" ref="1444673841" role="platform_exit_only"/>
    <member type="way" ref="1162299707" role=""/>
    <member type="way" ref="1163109837" role=""/>
    <member type="way" ref="621295420" role=""/>
    <member type="way" ref="621295419" role=""/>
    <member type="way" ref="1320165808" role=""/>
    <member type="way" ref="1320165805" role=""/>
    <member type="way" ref="49155459" role=""/>
    <member type="way" ref="1320165793" role=""/>
    <member type="way" ref="1320165792" role=""/>
    <member type="way" ref="1320165790" role=""/>
    <member type="way" ref="1320165791" role=""/>
    <member type="way" ref="1320165794" role=""/>
    <member type="way" ref="1320169026" role=""/>
    <member type="way" ref="1320169025" role=""/>
    <member type="way" ref="1094049674" role=""/>
    <member type="way" ref="1320169024" role=""/>
    <member type="way" ref="652896055" role=""/>
    <member type="way" ref="156105864" role=""/>
    <member type="way" ref="42948477" role=""/>
    <member type="way" ref="1204435618" role=""/>
    <member type="way" ref="1204435619" role=""/>
    <member type="way" ref="128759864" role=""/>
    <member type="way" ref="172908495" role=""/>
    <member type="way" ref="42948482" role=""/>
    <member type="way" ref="42948488" role=""/>
    <member type="way" ref="72473470" role=""/>
    <member type="way" ref="1163106664" role=""/>
    <member type="way" ref="72473466" role=""/>
    <member type="way" ref="626297170" role=""/>
    <member type="way" ref="156105940" role=""/>
    <member type="way" ref="156105930" role=""/>
    <member type="way" ref="43053923" role=""/>
    <member type="way" ref="131222909" role=""/>
    <member type="way" ref="231670624" role=""/>
    <member type="way" ref="1194032045" role=""/>
    <member type="way" ref="39371280" role=""/>
    <member type="way" ref="128108510" role=""/>
    <member type="way" ref="27056382" role=""/>
    <member type="way" ref="193353265" role=""/>
    <member type="way" ref="1177888378" role=""/>
    <member type="way" ref="1177888381" role=""/>
    <member type="way" ref="1388514407" role=""/>
    <member type="way" ref="607753141" role=""/>
    <member type="way" ref="607386315" role=""/>
    <member type="way" ref="742705897" role=""/>
    <member type="way" ref="527933010" role=""/>
    <member type="way" ref="527933011" role=""/>
    <member type="way" ref="607386312" role=""/>
    <member type="way" ref="861118075" role=""/>
    <member type="way" ref="739627450" role=""/>
    <member type="way" ref="1177888380" role=""/>
    <member type="way" ref="1181158937" role=""/>
    <member type="way" ref="739627442" role=""/>
    <member type="way" ref="1181158939" role=""/>
    <member type="way" ref="1181158938" role=""/>
    <member type="way" ref="567708871" role=""/>
    <member type="way" ref="1115422456" role=""/>
    <member type="way" ref="1204545161" role=""/>
    <member type="way" ref="1181158938" role=""/>
    <member type="way" ref="1181158939" role=""/>
    <member type="way" ref="739627442" role=""/>
    <member type="way" ref="1181158937" role=""/>
    <member type="way" ref="1177888380" role=""/>
    <member type="way" ref="739627446" role=""/>
    <member type="way" ref="270791677" role=""/>
    <member type="way" ref="735179658" role=""/>
    <member type="way" ref="602607404" role=""/>
    <tag k="bus_class:length" v="4;5"/>
    <tag k="check_date" v="2023-05-03"/>
    <tag k="colour" v="#c2e6ff"/>
    <tag k="disused:route" v="bus"/>
    <tag k="from" v="Метро «Рассказовка»"/>
    <tag k="name" v="Автобус 750к: Метро «Рассказовка» =&gt; Посёлок Толстопальцево"/>
    <tag k="network" v="Московский транспорт"/>
    <tag k="operator" v="ГУП «Мосгортранс»"/>
    <tag k="payment:cards" v="yes"/>
    <tag k="payment:cash" v="no"/>
    <tag k="payment:contactless" v="yes"/>
    <tag k="payment:troika" v="yes"/>
    <tag k="public_transport:version" v="2"/>
    <tag k="ref" v="750к"/>
    <tag k="source" v="Реестр маршрутов города Москвы"/>
    <tag k="to" v="Посёлок Толстопальцево"/>
    <tag k="type" v="disused:route"/>
    <tag k="website" v="https://transport.mos.ru/transport/schedule/route/141501549"/>
  </relation>
  <relation id="15801057" version="42" timestamp="2025-11-25T21:53:39Z" changeset="175129977" uid="2055718" user="Bobropiton">
    <member type="node" ref="5723197081" role="stop_entry_only"/>
    <member type="node" ref="1444673841" role="platform_entry_only"/>
    <member type="node" ref="10803305790" role="stop"/>
    <member type="node" ref="1444673842" role="platform"/>
    <member type="node" ref="10803305791" role="stop"/>
    <member type="node" ref="976513639" role="platform"/>
    <member type="node" ref="10943203386" role="stop"/>
    <member type="node" ref="10943203387" role="platform"/>
    <member type="node" ref="10803305777" role="stop"/>
    <member type="node" ref="1890058338" role="platform"/>
    <member type="node" ref="10803305776" role="stop"/>
    <member type="node" ref="1890058335" role="platform"/>
    <member type="node" ref="10803305773" role="stop"/>
    <member type="node" ref="1890058326" role="platform"/>
    <member type="node" ref="10803305772" role="stop"/>
    <member type="node" ref="5758822117" role="platform"/>
    <member type="node" ref="10803305770" role="stop"/>
    <member type="node" ref="1890058296" role="platform"/>
    <member type="node" ref="10802232474" role="stop"/>
    <member type="node" ref="1890058263" role="platform"/>
    <member type="node" ref="10802232476" role="stop"/>
    <member type="node" ref="5912797893" role="platform"/>
    <member type="node" ref="10802232478" role="stop"/>
    <member type="node" ref="605585688" role="platform"/>
    <member type="node" ref="10802232479" role="stop"/>
    <member type="node" ref="605828619" role="platform"/>
    <member type="node" ref="10802232482" role="stop"/>
    <member type="node" ref="1446510313" role="platform"/>
    <member type="node" ref="10802232483" role="stop"/>
    <member type="node" ref="860423410" role="platform"/>
    <member type="node" ref="10802232486" role="stop"/>
    <member type="node" ref="1446472685" role="platform"/>
    <member type="node" ref="10707555424" role="stop"/>
    <member type="node" ref="830874317" role="platform"/>
    <member type="node" ref="10743344734" role="stop"/>
    <member type="node" ref="10743344736" role="platform"/>
    <member type="node" ref="10748848358" role="stop"/>
    <member type="node" ref="7208342264" role="platform"/>
    <member type="node" ref="10789327561" role="stop_exit_only"/>
    <member type="node" ref="10789327562" role="platform_exit_only"/>
    <member type="way" ref="1161550034" role=""/>
    <member type="way" ref="1161550036" role=""/>
    <member type="way" ref="1161550035" role=""/>
    <member type="way" ref="735179658" role=""/>
    <member type="way" ref="270791677" role=""/>
    <member type="way" ref="739627446" role=""/>
    <member type="way" ref="1177888380" role=""/>
    <member type="way" ref="1181158937" role=""/>
    <member type="way" ref="739627442" role=""/>
    <member type="way" ref="1181158939" role=""/>
    <member type="way" ref="1181158938" role=""/>
    <member type="way" ref="567708871" role=""/>
    <member type="way" ref="1115422456" role=""/>
    <member type="way" ref="1204545161" role=""/>
    <member type="way" ref="1181158938" role=""/>
    <member type="way" ref="1181158939" role=""/>
    <member type="way" ref="739627442" role=""/>
    <member type="way" ref="1181158937" role=""/>
    <member type="way" ref="1177888380" role=""/>
    <member type="way" ref="739627450" role=""/>
    <member type="way" ref="861118075" role=""/>
    <member type="way" ref="607386312" role=""/>
    <member type="way" ref="527933011" role=""/>
    <member type="way" ref="527933010" role=""/>
    <member type="way" ref="742705897" role=""/>
    <member type="way" ref="607386315" role=""/>
    <member type="way" ref="607753141" role=""/>
    <member type="way" ref="1388514407" role=""/>
    <member type="way" ref="1177888381" role=""/>
    <member type="way" ref="1177888378" role=""/>
    <member type="way" ref="193353265" role=""/>
    <member type="way" ref="193353268" role=""/>
    <member type="way" ref="607386165" role=""/>
    <member type="way" ref="193353270" role=""/>
    <member type="way" ref="136671258" role=""/>
    <member type="way" ref="607386292" role=""/>
    <member type="way" ref="39371281" role=""/>
    <member type="way" ref="607386261" role=""/>
    <member type="way" ref="607723254" role=""/>
    <member type="way" ref="878117175" role=""/>
    <member type="way" ref="607386230" role=""/>
    <member type="way" ref="607723257" role=""/>
    <member type="way" ref="607386237" role=""/>
    <member type="way" ref="49286405" role=""/>
    <member type="way" ref="43053922" role=""/>
    <member type="way" ref="695807799" role=""/>
    <member type="way" ref="43053930" role=""/>
    <member type="way" ref="43053929" role=""/>
    <member type="way" ref="231670623" role=""/>
    <member type="way" ref="156105936" role=""/>
    <member type="way" ref="1167458852" role=""/>
    <member type="way" ref="156105867" role=""/>
    <member type="way" ref="72473469" role=""/>
    <member type="way" ref="128759875" role=""/>
    <member type="way" ref="608703604" role=""/>
    <member type="way" ref="608703603" role=""/>
    <member type="way" ref="128759872" role=""/>
    <member type="way" ref="72473464" role=""/>
    <member type="way" ref="43053934" role=""/>
    <member type="way" ref="42948489" role=""/>
    <member type="way" ref="42948483" role=""/>
    <member type="way" ref="172908496" role=""/>
    <member type="way" ref="301033302" role=""/>
    <member type="way" ref="128759861" role=""/>
    <member type="way" ref="231671057" role=""/>
    <member type="way" ref="264133215" role=""/>
    <member type="way" ref="1453750652" role=""/>
    <member type="way" ref="1453750651" role=""/>
    <member type="way" ref="239925467" role=""/>
    <member type="way" ref="42948478" role=""/>
    <member type="way" ref="231671054" role=""/>
    <member type="way" ref="1320165789" role=""/>
    <member type="way" ref="1320165788" role=""/>
    <member type="way" ref="49155458" role=""/>
    <member type="way" ref="1320165787" role=""/>
    <member type="way" ref="783619791" role=""/>
    <member type="way" ref="596051740" role=""/>
    <member type="way" ref="748955126" role=""/>
    <member type="way" ref="621295419" role=""/>
    <member type="way" ref="621295420" role=""/>
    <member type="way" ref="1163109837" role=""/>
    <tag k="bus_class:length" v="4;5"/>
    <tag k="check_date" v="2023-05-03"/>
    <tag k="colour" v="#c2e6ff"/>
    <tag k="disused:route" v="bus"/>
    <tag k="from" v="Посёлок Толстопальцево"/>
    <tag k="name" v="Автобус 750к: Посёлок Толстопальцево =&gt; Метро «Рассказовка»"/>
    <tag k="network" v="Московский транспорт"/>
    <tag k="operator" v="ГУП «Мосгортранс»"/>
    <tag k="payment:cards" v="yes"/>
    <tag k="payment:cash" v="no"/>
    <tag k="payment:contactless" v="yes"/>
    <tag k="payment:troika" v="yes"/>
    <tag k="public_transport:version" v="2"/>
    <tag k="ref" v="750к"/>
    <tag k="source" v="Реестр маршрутов города Москвы"/>
    <tag k="to" v="Метро «Рассказовка»"/>
    <tag k="type" v="disused:route"/>
    <tag k="website" v="https://transport.mos.ru/transport/schedule/route/141501549"/>
  </relation>
  <relation id="16272003" version="13" timestamp="2026-02-12T19:46:20Z" changeset="178473203" uid="2055718" user="Bobropiton">
    <member type="node" ref="7553691748" role="stop_entry_only"/>
    <member type="node" ref="4056044428" role="platform_entry_only"/>
    <member type="node" ref="5912798093" role="stop"/>
    <member type="node" ref="1920063073" role="platform"/>
    <member type="node" ref="7553691747" role="stop"/>
    <member type="node" ref="2471132943" role="platform"/>
    <member type="node" ref="7553691746" role="stop"/>
    <member type="node" ref="1868482057" role="platform"/>
    <member type="node" ref="7553691745" role="stop"/>
    <member type="node" ref="2471132940" role="platform"/>
    <member type="node" ref="6485918090" role="stop"/>
    <member type="node" ref="480312992" role="platform"/>
    <member type="node" ref="6500875284" role="stop"/>
    <member type="node" ref="480313039" role="platform"/>
    <member type="node" ref="12142374429" role="stop"/>
    <member type="node" ref="12142374430" role="platform"/>
    <member type="node" ref="10789235681" role="stop"/>
    <member type="node" ref="10789235682" role="platform"/>
    <member type="node" ref="10789235679" role="stop"/>
    <member type="node" ref="10789235680" role="platform"/>
    <member type="node" ref="11343562738" role="stop"/>
    <member type="node" ref="11343562739" role="platform"/>
    <member type="node" ref="11736295172" role="stop"/>
    <member type="node" ref="11736295175" role="platform"/>
    <member type="node" ref="10794098224" role="stop"/>
    <member type="node" ref="480313081" role="platform"/>
    <member type="node" ref="10794098226" role="stop"/>
    <member type="node" ref="480313067" role="platform"/>
    <member type="node" ref="10794098228" role="stop"/>
    <member type="node" ref="480313055" role="platform"/>
    <member type="node" ref="10794098230" role="stop"/>
    <member type="node" ref="10794098235" role="platform"/>
    <member type="node" ref="10794098218" role="stop"/>
    <member type="node" ref="480313102" role="platform"/>
    <member type="node" ref="10794098217" role="stop"/>
    <member type="node" ref="9902119474" role="platform"/>
    <member type="node" ref="10809144782" role="stop"/>
    <member type="node" ref="10809144784" role="platform"/>
    <member type="node" ref="10809144780" role="stop"/>
    <member type="node" ref="480304731" role="platform"/>
    <member type="node" ref="10809144776" role="stop"/>
    <member type="node" ref="10809144778" role="platform"/>
    <member type="node" ref="10809144775" role="stop"/>
    <member type="node" ref="828434989" role="platform"/>
    <member type="node" ref="10809144777" role="stop"/>
    <member type="node" ref="10809144779" role="platform"/>
    <member type="node" ref="10809144781" role="stop"/>
    <member type="node" ref="828434984" role="platform"/>
    <member type="node" ref="10809144783" role="stop"/>
    <member type="node" ref="10809144785" role="platform"/>
    <member type="node" ref="10794098214" role="stop"/>
    <member type="node" ref="9902119485" role="platform"/>
    <member type="node" ref="10794098210" role="stop"/>
    <member type="node" ref="10794098212" role="platform"/>
    <member type="node" ref="10794077004" role="stop"/>
    <member type="node" ref="10794098205" role="platform"/>
    <member type="node" ref="10794077000" role="stop"/>
    <member type="node" ref="10794077002" role="platform"/>
    <member type="node" ref="10794077001" role="stop"/>
    <member type="node" ref="10794077003" role="platform"/>
    <member type="node" ref="10794098206" role="stop"/>
    <member type="node" ref="10794098207" role="platform"/>
    <member type="node" ref="10794098208" role="stop"/>
    <member type="node" ref="9844683268" role="platform"/>
    <member type="node" ref="11163038248" role="stop"/>
    <member type="node" ref="10892395606" role="platform"/>
    <member type="node" ref="11163038250" role="stop"/>
    <member type="node" ref="9024779965" role="platform"/>
    <member type="node" ref="11163038251" role="stop"/>
    <member type="node" ref="10892395617" role="platform"/>
    <member type="node" ref="11163038254" role="stop"/>
    <member type="node" ref="10892395615" role="platform"/>
    <member type="node" ref="11163038256" role="stop"/>
    <member type="node" ref="10892395613" role="platform"/>
    <member type="node" ref="11163038259" role="stop"/>
    <member type="node" ref="10892395611" role="platform"/>
    <member type="node" ref="11163038263" role="stop"/>
    <member type="node" ref="10892395608" role="platform"/>
    <member type="node" ref="11163038260" role="stop"/>
    <member type="node" ref="11163038261" role="platform"/>
    <member type="node" ref="10793502201" role="stop"/>
    <member type="node" ref="1489733107" role="platform"/>
    <member type="node" ref="10793502200" role="stop"/>
    <member type="node" ref="1489733110" role="platform"/>
    <member type="node" ref="11163947914" role="stop"/>
    <member type="node" ref="10892370185" role="platform"/>
    <member type="node" ref="10809694272" role="stop"/>
    <member type="node" ref="1499404409" role="platform"/>
    <member type="node" ref="10802232476" role="stop"/>
    <member type="node" ref="5912797893" role="platform"/>
    <member type="node" ref="10802232478" role="stop"/>
    <member type="node" ref="605585688" role="platform"/>
    <member type="node" ref="10802232479" role="stop"/>
    <member type="node" ref="605828619" role="platform"/>
    <member type="node" ref="10802232482" role="stop"/>
    <member type="node" ref="1446510313" role="platform"/>
    <member type="node" ref="10802232483" role="stop"/>
    <member type="node" ref="860423410" role="platform"/>
    <member type="node" ref="10802232486" role="stop"/>
    <member type="node" ref="1446472685" role="platform"/>
    <member type="node" ref="10707555424" role="stop"/>
    <member type="node" ref="830874317" role="platform"/>
    <member type="node" ref="11220112582" role="stop_exit_only"/>
    <member type="node" ref="11220112585" role="platform_exit_only"/>
    <member type="way" ref="176502833" role=""/>
    <member type="way" ref="240550190" role=""/>
    <member type="way" ref="1110037520" role=""/>
    <member type="way" ref="1110037519" role=""/>
    <member type="way" ref="63102546" role=""/>
    <member type="way" ref="402349847" role=""/>
    <member type="way" ref="239308756" role=""/>
    <member type="way" ref="239314387" role=""/>
    <member type="way" ref="1110031254" role=""/>
    <member type="way" ref="1110031255" role=""/>
    <member type="way" ref="414016069" role=""/>
    <member type="way" ref="25495504" role=""/>
    <member type="way" ref="1109226895" role=""/>
    <member type="way" ref="1109226896" role=""/>
    <member type="way" ref="63565452" role=""/>
    <member type="way" ref="969849894" role=""/>
    <member type="way" ref="69022671" role=""/>
    <member type="way" ref="718422390" role=""/>
    <member type="way" ref="93848596" role=""/>
    <member type="way" ref="303580530" role=""/>
    <member type="way" ref="492359328" role=""/>
    <member type="way" ref="355346864" role=""/>
    <member type="way" ref="492359329" role=""/>
    <member type="way" ref="492359344" role=""/>
    <member type="way" ref="372664782" role=""/>
    <member type="way" ref="610613155" role=""/>
    <member type="way" ref="492359345" role=""/>
    <member type="way" ref="492362028" role=""/>
    <member type="way" ref="355346872" role=""/>
    <member type="way" ref="239308757" role=""/>
    <member type="way" ref="355346911" role=""/>
    <member type="way" ref="692468374" role=""/>
    <member type="way" ref="692468379" role=""/>
    <member type="way" ref="692468390" role=""/>
    <member type="way" ref="63093861" role=""/>
    <member type="way" ref="63522552" role=""/>
    <member type="way" ref="204028853" role=""/>
    <member type="way" ref="204028851" role=""/>
    <member type="way" ref="90154744" role=""/>
    <member type="way" ref="303612171" role=""/>
    <member type="way" ref="239308755" role=""/>
    <member type="way" ref="1267235588" role=""/>
    <member type="way" ref="95408808" role=""/>
    <member type="way" ref="1267235587" role=""/>
    <member type="way" ref="1267235574" role=""/>
    <member type="way" ref="1162116274" role=""/>
    <member type="way" ref="63104246" role=""/>
    <member type="way" ref="935560888" role=""/>
    <member type="way" ref="935560885" role=""/>
    <member type="way" ref="1263160218" role=""/>
    <member type="way" ref="626297165" role=""/>
    <member type="way" ref="292244449" role=""/>
    <member type="way" ref="292244450" role=""/>
    <member type="way" ref="1162550936" role=""/>
    <member type="way" ref="821400809" role=""/>
    <member type="way" ref="821400812" role=""/>
    <member type="way" ref="821400811" role=""/>
    <member type="way" ref="292244453" role=""/>
    <member type="way" ref="1053545702" role=""/>
    <member type="way" ref="847284499" role=""/>
    <member type="way" ref="864640418" role=""/>
    <member type="way" ref="970381572" role=""/>
    <member type="way" ref="864642219" role=""/>
    <member type="way" ref="970381573" role=""/>
    <member type="way" ref="39977078" role=""/>
    <member type="way" ref="47704438" role=""/>
    <member type="way" ref="47704409" role=""/>
    <member type="way" ref="244566671" role=""/>
    <member type="way" ref="167957511" role=""/>
    <member type="way" ref="969810294" role=""/>
    <member type="way" ref="69022664" role=""/>
    <member type="way" ref="1162261043" role=""/>
    <member type="way" ref="1352738482" role=""/>
    <member type="way" ref="244566670" role=""/>
    <member type="way" ref="969810294" role=""/>
    <member type="way" ref="167957511" role=""/>
    <member type="way" ref="167957510" role=""/>
    <member type="way" ref="47704409" role=""/>
    <member type="way" ref="47704438" role=""/>
    <member type="way" ref="39977078" role=""/>
    <member type="way" ref="864640417" role=""/>
    <member type="way" ref="1053545707" role=""/>
    <member type="way" ref="1053546029" role=""/>
    <member type="way" ref="864640425" role=""/>
    <member type="way" ref="1204545158" role=""/>
    <member type="way" ref="1053906889" role=""/>
    <member type="way" ref="1160585059" role=""/>
    <member type="way" ref="1160585059" role=""/>
    <member type="way" ref="1160585055" role=""/>
    <member type="way" ref="677575675" role=""/>
    <member type="way" ref="983617592" role=""/>
    <member type="way" ref="1083159698" role=""/>
    <member type="way" ref="1083159697" role=""/>
    <member type="way" ref="734804768" role=""/>
    <member type="way" ref="610323573" role=""/>
    <member type="way" ref="610323574" role=""/>
    <member type="way" ref="25469785" role=""/>
    <member type="way" ref="734804770" role=""/>
    <member type="way" ref="608684962" role=""/>
    <member type="way" ref="646056600" role=""/>
    <member type="way" ref="218676806" role=""/>
    <member type="way" ref="610328721" role=""/>
    <member type="way" ref="156105924" role=""/>
    <member type="way" ref="608563123" role=""/>
    <member type="way" ref="156105944" role=""/>
    <member type="way" ref="49273937" role=""/>
    <member type="way" ref="192640842" role=""/>
    <member type="way" ref="39371274" role=""/>
    <member type="way" ref="676385884" role=""/>
    <member type="way" ref="607386175" role=""/>
    <member type="way" ref="676385886" role=""/>
    <member type="way" ref="607386172" role=""/>
    <member type="way" ref="136671258" role=""/>
    <member type="way" ref="607386292" role=""/>
    <member type="way" ref="39371281" role=""/>
    <member type="way" ref="607386261" role=""/>
    <member type="way" ref="607723254" role=""/>
    <member type="way" ref="878117175" role=""/>
    <member type="way" ref="607386230" role=""/>
    <member type="way" ref="607723257" role=""/>
    <member type="way" ref="607386237" role=""/>
    <member type="way" ref="49286405" role=""/>
    <member type="way" ref="43053922" role=""/>
    <member type="way" ref="695807799" role=""/>
    <member type="way" ref="43053930" role=""/>
    <member type="way" ref="43053929" role=""/>
    <member type="way" ref="231670623" role=""/>
    <member type="way" ref="156105936" role=""/>
    <member type="way" ref="1167458852" role=""/>
    <member type="way" ref="156105867" role=""/>
    <member type="way" ref="72473469" role=""/>
    <member type="way" ref="128759875" role=""/>
    <member type="way" ref="608703604" role=""/>
    <member type="way" ref="608703603" role=""/>
    <member type="way" ref="128759872" role=""/>
    <member type="way" ref="72473464" role=""/>
    <member type="way" ref="43053934" role=""/>
    <member type="way" ref="42948489" role=""/>
    <member type="way" ref="42948483" role=""/>
    <member type="way" ref="172908496" role=""/>
    <member type="way" ref="301033302" role=""/>
    <member type="way" ref="128759861" role=""/>
    <member type="way" ref="231671057" role=""/>
    <member type="way" ref="264133215" role=""/>
    <member type="way" ref="1453750650" role=""/>
    <member type="way" ref="1453750653" role=""/>
    <member type="way" ref="1205550629" role=""/>
    <member type="way" ref="1210989206" role=""/>
    <tag k="air_conditioning" v="yes"/>
    <tag k="bicycle" v="yes"/>
    <tag k="blind" v="limited"/>
    <tag k="bus_class:length" v="4;5"/>
    <tag k="charge:all-in-one" v="90 RUB"/>
    <tag k="charge:cards" v="83 RUB"/>
    <tag k="charge:sbp" v="83 RUB"/>
    <tag k="charge:troika" v="75 RUB"/>
    <tag k="charge:troika_qr" v="75 RUB"/>
    <tag k="check_date" v="2025-11-26"/>
    <tag k="colour" v="#ff9ad2"/>
    <tag k="deaf" v="yes"/>
    <tag k="fee" v="yes"/>
    <tag k="fine:ticketless" v="5000 RUB"/>
    <tag k="from" v="3-й микрорайон Московского"/>
    <tag k="name" v="Автобус с162: 3-й микрорайон Московского =&gt; Метро «Пыхтино»"/>
    <tag k="network" v="Московский транспорт"/>
    <tag k="operator" v="ГУП «Мосгортранс»"/>
    <tag k="payment:cards" v="yes"/>
    <tag k="payment:cash" v="no"/>
    <tag k="payment:contactless" v="yes"/>
    <tag k="payment:maestro" v="no"/>
    <tag k="payment:mastercard" v="no"/>
    <tag k="payment:mir" v="yes"/>
    <tag k="payment:nfc" v="yes"/>
    <tag k="payment:podorozhnik" v="no"/>
    <tag k="payment:sbp" v="yes"/>
    <tag k="payment:social_cards" v="yes"/>
    <tag k="payment:strelka" v="no"/>
    <tag k="payment:troika" v="yes"/>
    <tag k="payment:visa" v="no"/>
    <tag k="public_transport:version" v="2"/>
    <tag k="ref" v="с162"/>
    <tag k="route" v="bus"/>
    <tag k="source" v="Реестр маршрутов города Москвы"/>
    <tag k="to" v="Метро «Пыхтино»"/>
    <tag k="type" v="route"/>
    <tag k="website" v="https://transport.mos.ru/transport/schedule/route/141509174"/>
    <tag k="wheelchair" v="yes"/>
  </relation>
  <relation id="16272004" version="12" timestamp="2026-02-12T19:46:20Z" changeset="178473203" uid="2055718" user="Bobropiton">
    <member type="node" ref="11220112583" role="stop_entry_only"/>
    <member type="node" ref="11220112584" role="platform_entry_only"/>
    <member type="node" ref="10707555425" role="stop"/>
    <member type="node" ref="1728954062" role="platform"/>
    <member type="node" ref="10802232485" role="stop"/>
    <member type="node" ref="1446472705" role="platform"/>
    <member type="node" ref="10802232484" role="stop"/>
    <member type="node" ref="860423460" role="platform"/>
    <member type="node" ref="10802232481" role="stop"/>
    <member type="node" ref="1446510317" role="platform"/>
    <member type="node" ref="10802232480" role="stop"/>
    <member type="node" ref="605585684" role="platform"/>
    <member type="node" ref="10802232477" role="stop"/>
    <member type="node" ref="605585675" role="platform"/>
    <member type="node" ref="10802232473" role="stop"/>
    <member type="node" ref="1499404367" role="platform"/>
    <member type="node" ref="10809694271" role="stop"/>
    <member type="node" ref="1499404413" role="platform"/>
    <member type="node" ref="11163947913" role="stop"/>
    <member type="node" ref="5766244666" role="platform"/>
    <member type="node" ref="11163038262" role="stop"/>
    <member type="node" ref="9023338853" role="platform"/>
    <member type="node" ref="11163038264" role="stop"/>
    <member type="node" ref="10892395609" role="platform"/>
    <member type="node" ref="11163038257" role="stop"/>
    <member type="node" ref="10892395610" role="platform"/>
    <member type="node" ref="11163038258" role="stop"/>
    <member type="node" ref="10892395612" role="platform"/>
    <member type="node" ref="11163038255" role="stop"/>
    <member type="node" ref="10892395614" role="platform"/>
    <member type="node" ref="11163038253" role="stop"/>
    <member type="node" ref="10892395616" role="platform"/>
    <member type="node" ref="11163038252" role="stop"/>
    <member type="node" ref="10892395618" role="platform"/>
    <member type="node" ref="11163038249" role="stop"/>
    <member type="node" ref="10892395619" role="platform"/>
    <member type="node" ref="11163038247" role="stop"/>
    <member type="node" ref="10892395607" role="platform"/>
    <member type="node" ref="10794077004" role="stop"/>
    <member type="node" ref="10794098205" role="platform"/>
    <member type="node" ref="10794077000" role="stop"/>
    <member type="node" ref="10794077002" role="platform"/>
    <member type="node" ref="10794077001" role="stop"/>
    <member type="node" ref="10794077003" role="platform"/>
    <member type="node" ref="10794098206" role="stop"/>
    <member type="node" ref="10794098207" role="platform"/>
    <member type="node" ref="10794098209" role="stop"/>
    <member type="node" ref="9844672855" role="platform"/>
    <member type="node" ref="10794098211" role="stop"/>
    <member type="node" ref="10794098213" role="platform"/>
    <member type="node" ref="10794098215" role="stop"/>
    <member type="node" ref="9902119484" role="platform"/>
    <member type="node" ref="10809144782" role="stop"/>
    <member type="node" ref="10809144784" role="platform"/>
    <member type="node" ref="10809144780" role="stop"/>
    <member type="node" ref="480304731" role="platform"/>
    <member type="node" ref="10809144776" role="stop"/>
    <member type="node" ref="10809144778" role="platform"/>
    <member type="node" ref="10809144775" role="stop"/>
    <member type="node" ref="828434989" role="platform"/>
    <member type="node" ref="10809144777" role="stop"/>
    <member type="node" ref="10809144779" role="platform"/>
    <member type="node" ref="10809144781" role="stop"/>
    <member type="node" ref="828434984" role="platform"/>
    <member type="node" ref="10809144783" role="stop"/>
    <member type="node" ref="10809144785" role="platform"/>
    <member type="node" ref="10794098216" role="stop"/>
    <member type="node" ref="480313124" role="platform"/>
    <member type="node" ref="10794098219" role="stop"/>
    <member type="node" ref="480313094" role="platform"/>
    <member type="node" ref="10794098229" role="stop"/>
    <member type="node" ref="480313116" role="platform"/>
    <member type="node" ref="10794098227" role="stop"/>
    <member type="node" ref="480313062" role="platform"/>
    <member type="node" ref="10794098225" role="stop"/>
    <member type="node" ref="837545818" role="platform"/>
    <member type="node" ref="10794098222" role="stop"/>
    <member type="node" ref="480313075" role="platform"/>
    <member type="node" ref="11736295173" role="stop"/>
    <member type="node" ref="11736295174" role="platform"/>
    <member type="node" ref="1106336858" role="stop"/>
    <member type="node" ref="6485427362" role="platform"/>
    <member type="node" ref="1106336734" role="stop"/>
    <member type="node" ref="6485427363" role="platform"/>
    <member type="node" ref="2471119339" role="stop"/>
    <member type="node" ref="6485427361" role="platform"/>
    <member type="node" ref="1949339998" role="stop"/>
    <member type="node" ref="6485427360" role="platform"/>
    <member type="node" ref="6485809595" role="stop"/>
    <member type="node" ref="3668928451" role="platform"/>
    <member type="node" ref="6485809594" role="stop"/>
    <member type="node" ref="480312989" role="platform"/>
    <member type="node" ref="6557343316" role="stop"/>
    <member type="node" ref="480312987" role="platform"/>
    <member type="node" ref="6557343315" role="stop"/>
    <member type="node" ref="915450537" role="platform"/>
    <member type="node" ref="6557343314" role="stop"/>
    <member type="node" ref="2471132941" role="platform"/>
    <member type="node" ref="12959324732" role="stop"/>
    <member type="node" ref="12959324733" role="platform"/>
    <member type="node" ref="4169258292" role="stop"/>
    <member type="node" ref="6557343312" role="platform"/>
    <member type="node" ref="6557343311" role="stop_exit_only"/>
    <member type="node" ref="4056044469" role="platform_exit_only"/>
    <member type="way" ref="1205550629" role=""/>
    <member type="way" ref="1453750654" role=""/>
    <member type="way" ref="1453750651" role=""/>
    <member type="way" ref="239925467" role=""/>
    <member type="way" ref="42948478" role=""/>
    <member type="way" ref="27045401" role=""/>
    <member type="way" ref="128108508" role=""/>
    <member type="way" ref="27045493" role=""/>
    <member type="way" ref="41274697" role=""/>
    <member type="way" ref="193353271" role=""/>
    <member type="way" ref="42948477" role=""/>
    <member type="way" ref="1204435618" role=""/>
    <member type="way" ref="1204435619" role=""/>
    <member type="way" ref="128759864" role=""/>
    <member type="way" ref="172908495" role=""/>
    <member type="way" ref="42948482" role=""/>
    <member type="way" ref="42948488" role=""/>
    <member type="way" ref="72473470" role=""/>
    <member type="way" ref="1163106664" role=""/>
    <member type="way" ref="72473466" role=""/>
    <member type="way" ref="626297170" role=""/>
    <member type="way" ref="156105940" role=""/>
    <member type="way" ref="156105930" role=""/>
    <member type="way" ref="43053923" role=""/>
    <member type="way" ref="131222909" role=""/>
    <member type="way" ref="231670624" role=""/>
    <member type="way" ref="1194032045" role=""/>
    <member type="way" ref="39371280" role=""/>
    <member type="way" ref="128108510" role=""/>
    <member type="way" ref="43053925" role=""/>
    <member type="way" ref="156105951" role=""/>
    <member type="way" ref="607386162" role=""/>
    <member type="way" ref="607386275" role=""/>
    <member type="way" ref="136674965" role=""/>
    <member type="way" ref="609822415" role=""/>
    <member type="way" ref="49277037" role=""/>
    <member type="way" ref="27056390" role=""/>
    <member type="way" ref="25465362" role=""/>
    <member type="way" ref="40559112" role=""/>
    <member type="way" ref="218676699" role=""/>
    <member type="way" ref="1204545159" role=""/>
    <member type="way" ref="983618201" role=""/>
    <member type="way" ref="1083159698" role=""/>
    <member type="way" ref="983617592" role=""/>
    <member type="way" ref="677575675" role=""/>
    <member type="way" ref="1160585055" role=""/>
    <member type="way" ref="1160585059" role=""/>
    <member type="way" ref="1160585059" role=""/>
    <member type="way" ref="1053906889" role=""/>
    <member type="way" ref="970381571" role=""/>
    <member type="way" ref="1054670027" role=""/>
    <member type="way" ref="1053545701" role=""/>
    <member type="way" ref="970381572" role=""/>
    <member type="way" ref="864642219" role=""/>
    <member type="way" ref="970381573" role=""/>
    <member type="way" ref="39977078" role=""/>
    <member type="way" ref="47704438" role=""/>
    <member type="way" ref="47704409" role=""/>
    <member type="way" ref="244566671" role=""/>
    <member type="way" ref="167957511" role=""/>
    <member type="way" ref="969810294" role=""/>
    <member type="way" ref="69022664" role=""/>
    <member type="way" ref="1162261043" role=""/>
    <member type="way" ref="1352738482" role=""/>
    <member type="way" ref="244566670" role=""/>
    <member type="way" ref="969810294" role=""/>
    <member type="way" ref="167957511" role=""/>
    <member type="way" ref="167957510" role=""/>
    <member type="way" ref="47704409" role=""/>
    <member type="way" ref="47704438" role=""/>
    <member type="way" ref="39977078" role=""/>
    <member type="way" ref="864640417" role=""/>
    <member type="way" ref="1053545707" role=""/>
    <member type="way" ref="968937716" role=""/>
    <member type="way" ref="1053545704" role=""/>
    <member type="way" ref="1054641482" role=""/>
    <member type="way" ref="677575676" role=""/>
    <member type="way" ref="816436556" role=""/>
    <member type="way" ref="1162550929" role=""/>
    <member type="way" ref="1162550930" role=""/>
    <member type="way" ref="1162550936" role=""/>
    <member type="way" ref="292244450" role=""/>
    <member type="way" ref="292244449" role=""/>
    <member type="way" ref="626297165" role=""/>
    <member type="way" ref="1263160218" role=""/>
    <member type="way" ref="935560885" role=""/>
    <member type="way" ref="935560888" role=""/>
    <member type="way" ref="63104246" role=""/>
    <member type="way" ref="1162116274" role=""/>
    <member type="way" ref="1267235573" role=""/>
    <member type="way" ref="1267235587" role=""/>
    <member type="way" ref="95408808" role=""/>
    <member type="way" ref="1267235588" role=""/>
    <member type="way" ref="239308755" role=""/>
    <member type="way" ref="303612171" role=""/>
    <member type="way" ref="90154744" role=""/>
    <member type="way" ref="204028851" role=""/>
    <member type="way" ref="204028853" role=""/>
    <member type="way" ref="63522552" role=""/>
    <member type="way" ref="63093861" role=""/>
    <member type="way" ref="692468383" role=""/>
    <member type="way" ref="355346911" role=""/>
    <member type="way" ref="239308757" role=""/>
    <member type="way" ref="355346872" role=""/>
    <member type="way" ref="492362028" role=""/>
    <member type="way" ref="492359345" role=""/>
    <member type="way" ref="610613155" role=""/>
    <member type="way" ref="372664782" role=""/>
    <member type="way" ref="492359344" role=""/>
    <member type="way" ref="492359329" role=""/>
    <member type="way" ref="355346864" role=""/>
    <member type="way" ref="492359328" role=""/>
    <member type="way" ref="303580530" role=""/>
    <member type="way" ref="93848596" role=""/>
    <member type="way" ref="275321621" role=""/>
    <member type="way" ref="303993172" role=""/>
    <member type="way" ref="275321623" role=""/>
    <member type="way" ref="25495479" role=""/>
    <member type="way" ref="1109041355" role=""/>
    <member type="way" ref="969849896" role=""/>
    <member type="way" ref="69022675" role=""/>
    <member type="way" ref="39977187" role=""/>
    <member type="way" ref="63565585" role=""/>
    <member type="way" ref="239308756" role=""/>
    <member type="way" ref="626297167" role=""/>
    <member type="way" ref="570153657" role=""/>
    <member type="way" ref="63102546" role=""/>
    <member type="way" ref="1110037519" role=""/>
    <member type="way" ref="1110037520" role=""/>
    <member type="way" ref="240550190" role=""/>
    <member type="way" ref="176502833" role=""/>
    <member type="way" ref="984016447" role=""/>
    <tag k="air_conditioning" v="yes"/>
    <tag k="bicycle" v="yes"/>
    <tag k="blind" v="limited"/>
    <tag k="bus_class:length" v="4;5"/>
    <tag k="charge:all-in-one" v="90 RUB"/>
    <tag k="charge:cards" v="83 RUB"/>
    <tag k="charge:sbp" v="83 RUB"/>
    <tag k="charge:troika" v="75 RUB"/>
    <tag k="charge:troika_qr" v="75 RUB"/>
    <tag k="check_date" v="2025-11-26"/>
    <tag k="colour" v="#ff9ad2"/>
    <tag k="deaf" v="yes"/>
    <tag k="fee" v="yes"/>
    <tag k="fine:ticketless" v="5000 RUB"/>
    <tag k="from" v="Метро «Пыхтино»"/>
    <tag k="name" v="Автобус с162: Метро «Пыхтино» =&gt; 3-й микрорайон Московского"/>
    <tag k="network" v="Московский транспорт"/>
    <tag k="operator" v="ГУП «Мосгортранс»"/>
    <tag k="payment:cards" v="yes"/>
    <tag k="payment:cash" v="no"/>
    <tag k="payment:contactless" v="yes"/>
    <tag k="payment:maestro" v="no"/>
    <tag k="payment:mastercard" v="no"/>
    <tag k="payment:mir" v="yes"/>
    <tag k="payment:nfc" v="yes"/>
    <tag k="payment:podorozhnik" v="no"/>
    <tag k="payment:sbp" v="yes"/>
    <tag k="payment:social_cards" v="yes"/>
    <tag k="payment:strelka" v="no"/>
    <tag k="payment:troika" v="yes"/>
    <tag k="payment:visa" v="no"/>
    <tag k="public_transport:version" v="2"/>
    <tag k="ref" v="с162"/>
    <tag k="route" v="bus"/>
    <tag k="source" v="Реестр маршрутов города Москвы"/>
    <tag k="to" v="3-й микрорайон Московского"/>
    <tag k="type" v="route"/>
    <tag k="website" v="https://transport.mos.ru/transport/schedule/route/141509174"/>
    <tag k="wheelchair" v="yes"/>
  </relation>

</osm>
