<?xml version="1.0" encoding="UTF-8"?>
<osm version="0.6" generator="Overpass API 0.7.62.11 87bfad18">
<note>The data included in this document is from www.openstreetmap.org. The data is made available under ODbL.</note>
<meta osm_base="2026-06-26T14:14:14Z"/>

  <node id="302887379" lat="55.9699334" lon="37.1841916" version="8" timestamp="2012-09-23T06:52:56Z" changeset="13215927" uid="241531" user="dik_man"/>
  <node id="302887399" lat="55.9701088" lon="37.1840079" version="6" timestamp="2012-07-24T08:19:17Z" changeset="12461558" uid="241531" user="dik_man"/>
  <node id="314802027" lat="55.9698754" lon="37.1839497" version="6" timestamp="2012-09-23T06:52:54Z" changeset="13215927" uid="241531" user="dik_man"/>
  <node id="314802028" lat="55.9697976" lon="37.1840815" version="3" timestamp="2011-12-26T16:53:47Z" changeset="10208747" uid="241531" user="dik_man"/>
  <node id="314802030" lat="55.9694896" lon="37.1844885" version="3" timestamp="2016-02-18T21:08:46Z" changeset="37297616" uid="109327" user="OverQuantum"/>
  <node id="314802031" lat="55.9692438" lon="37.1847132" version="3" timestamp="2016-02-18T21:08:46Z" changeset="37297616" uid="109327" user="OverQuantum"/>
  <node id="314803987" lat="55.9707408" lon="37.1831386" version="4" timestamp="2026-05-25T10:44:55Z" changeset="183150026" uid="2055718" user="Bobropiton"/>
  <node id="314804001" lat="55.9714643" lon="37.1822327" version="4" timestamp="2012-07-21T07:59:55Z" changeset="12402877" uid="316868" user="LexIgnatov"/>
  <node id="314804011" lat="55.9716503" lon="37.1821936" version="3" timestamp="2012-07-21T07:59:56Z" changeset="12402877" uid="316868" user="LexIgnatov"/>
  <node id="751095791" lat="55.9700556" lon="37.1840502" version="5" timestamp="2012-07-24T08:19:17Z" changeset="12461558" uid="241531" user="dik_man"/>
  <node id="986426930" lat="55.9703734" lon="37.1842935" version="6" timestamp="2014-12-09T11:08:07Z" changeset="27353081" uid="481934" user="iWowik"/>
  <node id="1262051973" lat="55.9705072" lon="37.1842922" version="1" timestamp="2011-04-27T12:36:04Z" changeset="7984489" uid="241531" user="dik_man"/>
  <node id="1262051980" lat="55.9698989" lon="37.1831453" version="2" timestamp="2016-02-18T21:08:41Z" changeset="37297616" uid="109327" user="OverQuantum"/>
  <node id="1262051990" lat="55.9699619" lon="37.1826035" version="2" timestamp="2016-02-18T21:08:41Z" changeset="37297616" uid="109327" user="OverQuantum"/>
  <node id="1262052003" lat="55.9712465" lon="37.1826271" version="1" timestamp="2011-04-27T12:36:05Z" changeset="7984489" uid="241531" user="dik_man"/>
  <node id="1262052005" lat="55.9698629" lon="37.1833760" version="2" timestamp="2016-02-18T21:08:41Z" changeset="37297616" uid="109327" user="OverQuantum"/>
  <node id="1262052008" lat="55.9698568" lon="37.1836979" version="2" timestamp="2016-02-18T21:08:41Z" changeset="37297616" uid="109327" user="OverQuantum"/>
  <node id="1262052011" lat="55.9697968" lon="37.1838642" version="2" timestamp="2016-02-18T21:08:41Z" changeset="37297616" uid="109327" user="OverQuantum"/>
  <node id="1262052014" lat="55.9697878" lon="37.1834726" version="2" timestamp="2016-02-18T21:08:41Z" changeset="37297616" uid="109327" user="OverQuantum"/>
  <node id="1262052042" lat="55.9700130" lon="37.1828020" version="2" timestamp="2016-02-18T21:08:41Z" changeset="37297616" uid="109327" user="OverQuantum"/>
  <node id="1262052046" lat="55.9694036" lon="37.1842611" version="3" timestamp="2018-04-06T13:24:10Z" changeset="57865356" uid="481934" user="iWowik"/>
  <node id="1262052048" lat="55.9706491" lon="37.1837965" version="1" timestamp="2011-04-27T12:36:06Z" changeset="7984489" uid="241531" user="dik_man"/>
  <node id="1262052050" lat="55.9697007" lon="37.1840144" version="2" timestamp="2016-02-18T21:08:41Z" changeset="37297616" uid="109327" user="OverQuantum"/>
  <node id="1262052063" lat="55.9708322" lon="37.1832064" version="1" timestamp="2011-04-27T12:36:06Z" changeset="7984489" uid="241531" user="dik_man"/>
  <node id="1262052066" lat="55.9709433" lon="37.1830401" version="1" timestamp="2011-04-27T12:36:06Z" changeset="7984489" uid="241531" user="dik_man"/>
  <node id="1262052068" lat="55.9707451" lon="37.1833835" version="1" timestamp="2011-04-27T12:36:06Z" changeset="7984489" uid="241531" user="dik_man"/>
  <node id="1262052070" lat="55.9710513" lon="37.1828846" version="1" timestamp="2011-04-27T12:36:06Z" changeset="7984489" uid="241531" user="dik_man"/>
  <node id="1262052072" lat="55.9699799" lon="37.1829254" version="2" timestamp="2016-02-18T21:08:41Z" changeset="37297616" uid="109327" user="OverQuantum"/>
  <node id="1262052073" lat="55.9705947" lon="37.1841229" version="1" timestamp="2011-04-27T12:36:06Z" changeset="7984489" uid="241531" user="dik_man"/>
  <node id="1262052077" lat="55.9698779" lon="37.1832526" version="2" timestamp="2016-02-18T21:08:41Z" changeset="37297616" uid="109327" user="OverQuantum"/>
  <node id="1262052095" lat="55.9705980" lon="37.1839735" version="1" timestamp="2011-04-27T12:36:06Z" changeset="7984489" uid="241531" user="dik_man"/>
  <node id="1262052097" lat="55.9707181" lon="37.1835122" version="1" timestamp="2011-04-27T12:36:07Z" changeset="7984489" uid="241531" user="dik_man"/>
  <node id="1262052098" lat="55.9700100" lon="37.1826196" version="2" timestamp="2016-02-18T21:08:41Z" changeset="37297616" uid="109327" user="OverQuantum"/>
  <node id="1262052099" lat="55.9697037" lon="37.1837032" version="2" timestamp="2016-02-18T21:08:41Z" changeset="37297616" uid="109327" user="OverQuantum"/>
  <node id="1262052100" lat="55.9697638" lon="37.1835798" version="2" timestamp="2016-02-18T21:08:41Z" changeset="37297616" uid="109327" user="OverQuantum"/>
  <node id="1262052101" lat="55.9698749" lon="37.1829629" version="2" timestamp="2016-02-18T21:08:41Z" changeset="37297616" uid="109327" user="OverQuantum"/>
  <node id="1262052103" lat="55.9695747" lon="37.1841592" version="2" timestamp="2016-02-18T21:08:41Z" changeset="37297616" uid="109327" user="OverQuantum"/>
  <node id="1262052120" lat="55.9698358" lon="37.1830970" version="2" timestamp="2016-02-18T21:08:41Z" changeset="37297616" uid="109327" user="OverQuantum"/>
  <node id="1262052123" lat="55.9696347" lon="37.1838481" version="2" timestamp="2016-02-18T21:08:41Z" changeset="37297616" uid="109327" user="OverQuantum"/>
  <node id="1262052128" lat="55.9708284" lon="37.1838899" version="1" timestamp="2011-04-27T12:36:07Z" changeset="7984489" uid="241531" user="dik_man"/>
  <node id="1262052130" lat="55.9698689" lon="37.1835477" version="2" timestamp="2016-02-18T21:08:41Z" changeset="37297616" uid="109327" user="OverQuantum"/>
  <node id="1262052131" lat="55.9698689" lon="37.1836335" version="2" timestamp="2016-02-18T21:08:41Z" changeset="37297616" uid="109327" user="OverQuantum"/>
  <node id="1262052143" lat="55.9698418" lon="37.1826518" version="2" timestamp="2016-02-18T21:08:41Z" changeset="37297616" uid="109327" user="OverQuantum"/>
  <node id="1262052145" lat="55.9710131" lon="37.1836231" version="1" timestamp="2011-04-27T12:36:08Z" changeset="7984489" uid="241531" user="dik_man"/>
  <node id="1262052147" lat="55.9699289" lon="37.1830380" version="2" timestamp="2016-02-18T21:08:41Z" changeset="37297616" uid="109327" user="OverQuantum"/>
  <node id="1262052150" lat="55.9698328" lon="37.1837944" version="2" timestamp="2016-02-18T21:08:41Z" changeset="37297616" uid="109327" user="OverQuantum"/>
  <node id="1262052152" lat="55.9699229" lon="37.1828396" version="2" timestamp="2016-02-18T21:08:41Z" changeset="37297616" uid="109327" user="OverQuantum"/>
  <node id="1262052154" lat="55.9699469" lon="37.1827376" version="2" timestamp="2016-02-18T21:08:41Z" changeset="37297616" uid="109327" user="OverQuantum"/>
  <node id="1262052157" lat="55.9698028" lon="37.1832312" version="2" timestamp="2016-02-18T21:08:41Z" changeset="37297616" uid="109327" user="OverQuantum"/>
  <node id="1262052159" lat="55.9707752" lon="37.1833084" version="1" timestamp="2011-04-27T12:36:08Z" changeset="7984489" uid="241531" user="dik_man"/>
  <node id="1262052168" lat="55.9706971" lon="37.1836517" version="1" timestamp="2011-04-27T12:36:08Z" changeset="7984489" uid="241531" user="dik_man"/>
  <node id="1262052170" lat="55.9697908" lon="37.1833492" version="2" timestamp="2016-02-18T21:08:41Z" changeset="37297616" uid="109327" user="OverQuantum"/>
  <node id="1262052172" lat="55.9700220" lon="37.1826947" version="2" timestamp="2016-02-18T21:08:41Z" changeset="37297616" uid="109327" user="OverQuantum"/>
  <node id="1262052178" lat="55.9705350" lon="37.1841506" version="1" timestamp="2011-04-27T12:36:08Z" changeset="7984489" uid="241531" user="dik_man"/>
  <node id="1262052195" lat="55.9698659" lon="37.1834833" version="2" timestamp="2016-02-18T21:08:41Z" changeset="37297616" uid="109327" user="OverQuantum"/>
  <node id="1562600920" lat="55.9693639" lon="37.1846226" version="2" timestamp="2016-02-18T21:08:41Z" changeset="37297616" uid="109327" user="OverQuantum"/>
  <node id="1562600941" lat="55.9695808" lon="37.1846449" version="1" timestamp="2011-12-26T16:53:43Z" changeset="10208747" uid="241531" user="dik_man"/>
  <node id="1622097869" lat="55.9682474" lon="37.1846625" version="2" timestamp="2018-04-06T13:24:10Z" changeset="57865356" uid="481934" user="iWowik"/>
  <node id="1622097872" lat="55.9684155" lon="37.1845203" version="2" timestamp="2018-04-06T13:24:10Z" changeset="57865356" uid="481934" user="iWowik"/>
  <node id="1622097899" lat="55.9683196" lon="37.1842092" version="1" timestamp="2012-02-07T19:22:23Z" changeset="10615426" uid="241531" user="dik_man"/>
  <node id="1622097904" lat="55.9681365" lon="37.1844828" version="1" timestamp="2012-02-07T19:22:23Z" changeset="10615426" uid="241531" user="dik_man"/>
  <node id="1622097905" lat="55.9682326" lon="37.1845096" version="1" timestamp="2012-02-07T19:22:23Z" changeset="10615426" uid="241531" user="dik_man"/>
  <node id="1622097906" lat="55.9683765" lon="37.1846732" version="2" timestamp="2018-04-06T13:24:10Z" changeset="57865356" uid="481934" user="iWowik"/>
  <node id="1622097911" lat="55.9684486" lon="37.1843755" version="1" timestamp="2012-02-07T19:22:24Z" changeset="10615426" uid="241531" user="dik_man"/>
  <node id="1645673725" lat="55.9720248" lon="37.1817453" version="3" timestamp="2026-05-25T10:44:55Z" changeset="183150026" uid="2055718" user="Bobropiton"/>
  <node id="1645801362" lat="55.9702820" lon="37.1840439" version="2" timestamp="2014-09-22T10:00:38Z" changeset="25599195" uid="910910" user="Snaark"/>
  <node id="1696407673" lat="55.9714702" lon="37.1822139" version="2" timestamp="2018-04-06T12:58:01Z" changeset="57864717" uid="481934" user="iWowik"/>
  <node id="1813720257" lat="55.9703538" lon="37.1808885" version="2" timestamp="2012-07-21T07:59:54Z" changeset="12402877" uid="316868" user="LexIgnatov"/>
  <node id="1813720261" lat="55.9702841" lon="37.1810590" version="2" timestamp="2012-07-21T07:59:55Z" changeset="12402877" uid="316868" user="LexIgnatov"/>
  <node id="1832823307" lat="55.9699436" lon="37.1835027" version="1" timestamp="2012-07-21T07:59:32Z" changeset="12402877" uid="316868" user="LexIgnatov"/>
  <node id="1832823308" lat="55.9699451" lon="37.1833902" version="1" timestamp="2012-07-21T07:59:32Z" changeset="12402877" uid="316868" user="LexIgnatov"/>
  <node id="1832823309" lat="55.9699526" lon="37.1836175" version="1" timestamp="2012-07-21T07:59:32Z" changeset="12402877" uid="316868" user="LexIgnatov"/>
  <node id="1832823310" lat="55.9699606" lon="37.1832788" version="1" timestamp="2012-07-21T07:59:32Z" changeset="12402877" uid="316868" user="LexIgnatov"/>
  <node id="1832823311" lat="55.9699748" lon="37.1837240" version="1" timestamp="2012-07-21T07:59:32Z" changeset="12402877" uid="316868" user="LexIgnatov"/>
  <node id="1832823312" lat="55.9699865" lon="37.1831756" version="1" timestamp="2012-07-21T07:59:32Z" changeset="12402877" uid="316868" user="LexIgnatov"/>
  <node id="1832823315" lat="55.9699976" lon="37.1834969" version="2" timestamp="2021-09-27T06:37:25Z" changeset="111751120" uid="481934" user="iWowik"/>
  <node id="1832823316" lat="55.9699994" lon="37.1834029" version="2" timestamp="2021-09-27T06:37:25Z" changeset="111751120" uid="481934" user="iWowik"/>
  <node id="1832823317" lat="55.9700061" lon="37.1835897" version="2" timestamp="2021-09-27T06:37:25Z" changeset="111751120" uid="481934" user="iWowik"/>
  <node id="1832823318" lat="55.9700094" lon="37.1838188" version="1" timestamp="2012-07-21T07:59:33Z" changeset="12402877" uid="316868" user="LexIgnatov"/>
  <node id="1832823319" lat="55.9700114" lon="37.1833113" version="2" timestamp="2021-09-27T06:37:25Z" changeset="111751120" uid="481934" user="iWowik"/>
  <node id="1832823320" lat="55.9700245" lon="37.1836777" version="2" timestamp="2021-09-27T06:37:25Z" changeset="111751120" uid="481934" user="iWowik"/>
  <node id="1832823321" lat="55.9700241" lon="37.1830822" version="1" timestamp="2012-07-21T07:59:33Z" changeset="12402877" uid="316868" user="LexIgnatov"/>
  <node id="1832823322" lat="55.9700332" lon="37.1832257" version="2" timestamp="2021-09-27T06:37:25Z" changeset="111751120" uid="481934" user="iWowik"/>
  <node id="1832823325" lat="55.9700523" lon="37.1837577" version="2" timestamp="2021-09-27T06:37:25Z" changeset="111751120" uid="481934" user="iWowik"/>
  <node id="1832823327" lat="55.9700534" lon="37.1839019" version="1" timestamp="2012-07-21T07:59:33Z" changeset="12402877" uid="316868" user="LexIgnatov"/>
  <node id="1832823328" lat="55.9700591" lon="37.1829381" version="1" timestamp="2012-07-21T07:59:33Z" changeset="12402877" uid="316868" user="LexIgnatov"/>
  <node id="1832823329" lat="55.9700639" lon="37.1831494" version="2" timestamp="2021-09-27T06:37:25Z" changeset="111751120" uid="481934" user="iWowik"/>
  <node id="1832823330" lat="55.9700693" lon="37.1830077" version="1" timestamp="2012-07-21T07:59:33Z" changeset="12402877" uid="316868" user="LexIgnatov"/>
  <node id="1832823333" lat="55.9700792" lon="37.1828563" version="1" timestamp="2012-07-21T07:59:33Z" changeset="12402877" uid="316868" user="LexIgnatov"/>
  <node id="1832823334" lat="55.9700882" lon="37.1838264" version="2" timestamp="2021-09-27T06:37:25Z" changeset="111751120" uid="481934" user="iWowik"/>
  <node id="1832823335" lat="55.9700893" lon="37.1827974" version="1" timestamp="2012-07-21T07:59:33Z" changeset="12402877" uid="316868" user="LexIgnatov"/>
  <node id="1832823336" lat="55.9700938" lon="37.1827405" version="1" timestamp="2012-07-21T07:59:33Z" changeset="12402877" uid="316868" user="LexIgnatov"/>
  <node id="1832823338" lat="55.9701024" lon="37.1830852" version="2" timestamp="2021-09-27T06:37:25Z" changeset="111751120" uid="481934" user="iWowik"/>
  <node id="1832823339" lat="55.9701059" lon="37.1839652" version="1" timestamp="2012-07-21T07:59:33Z" changeset="12402877" uid="316868" user="LexIgnatov"/>
  <node id="1832823341" lat="55.9701222" lon="37.1829483" version="1" timestamp="2012-07-21T07:59:34Z" changeset="12402877" uid="316868" user="LexIgnatov"/>
  <node id="1832823342" lat="55.9701309" lon="37.1838813" version="2" timestamp="2021-09-27T06:37:25Z" changeset="111751120" uid="481934" user="iWowik"/>
  <node id="1832823343" lat="55.9701471" lon="37.1830356" version="2" timestamp="2021-09-27T06:37:25Z" changeset="111751120" uid="481934" user="iWowik"/>
  <node id="1832823344" lat="55.9701610" lon="37.1840124" version="1" timestamp="2012-07-21T07:59:34Z" changeset="12402877" uid="316868" user="LexIgnatov"/>
  <node id="1832823351" lat="55.9701790" lon="37.1829110" version="1" timestamp="2012-07-21T07:59:34Z" changeset="12402877" uid="316868" user="LexIgnatov"/>
  <node id="1832823352" lat="55.9701788" lon="37.1839202" version="2" timestamp="2021-09-27T06:37:25Z" changeset="111751120" uid="481934" user="iWowik"/>
  <node id="1832823356" lat="55.9701964" lon="37.1830026" version="2" timestamp="2021-09-27T06:37:25Z" changeset="111751120" uid="481934" user="iWowik"/>
  <node id="1832823358" lat="55.9702227" lon="37.1825438" version="1" timestamp="2012-07-21T07:59:34Z" changeset="12402877" uid="316868" user="LexIgnatov"/>
  <node id="1832823359" lat="55.9702229" lon="37.1840395" version="1" timestamp="2012-07-21T07:59:34Z" changeset="12402877" uid="316868" user="LexIgnatov"/>
  <node id="1832823360" lat="55.9702243" lon="37.1826158" version="1" timestamp="2012-07-21T07:59:34Z" changeset="12402877" uid="316868" user="LexIgnatov"/>
  <node id="1832823361" lat="55.9702298" lon="37.1826624" version="1" timestamp="2012-07-21T07:59:34Z" changeset="12402877" uid="316868" user="LexIgnatov"/>
  <node id="1832823362" lat="55.9702301" lon="37.1839417" version="2" timestamp="2021-09-27T06:37:25Z" changeset="111751120" uid="481934" user="iWowik"/>
  <node id="1832823363" lat="55.9702401" lon="37.1827104" version="1" timestamp="2012-07-21T07:59:34Z" changeset="12402877" uid="316868" user="LexIgnatov"/>
  <node id="1832823364" lat="55.9702433" lon="37.1828871" version="1" timestamp="2012-07-21T07:59:34Z" changeset="12402877" uid="316868" user="LexIgnatov"/>
  <node id="1832823365" lat="55.9702483" lon="37.1829875" version="2" timestamp="2021-09-27T06:37:25Z" changeset="111751120" uid="481934" user="iWowik"/>
  <node id="1832823369" lat="55.9702614" lon="37.1827584" version="1" timestamp="2012-07-21T07:59:35Z" changeset="12402877" uid="316868" user="LexIgnatov"/>
  <node id="1832823370" lat="55.9702827" lon="37.1839449" version="2" timestamp="2021-09-27T06:37:25Z" changeset="111751120" uid="481934" user="iWowik"/>
  <node id="1832823372" lat="55.9703394" lon="37.1828673" version="2" timestamp="2021-09-27T06:36:58Z" changeset="111751095" uid="481934" user="iWowik"/>
  <node id="1832823373" lat="55.9703009" lon="37.1829907" version="2" timestamp="2021-09-27T06:37:25Z" changeset="111751120" uid="481934" user="iWowik"/>
  <node id="1832823376" lat="55.9702922" lon="37.1828895" version="2" timestamp="2021-09-27T06:36:58Z" changeset="111751095" uid="481934" user="iWowik"/>
  <node id="1832823382" lat="55.9703346" lon="37.1839297" version="2" timestamp="2021-09-27T06:37:25Z" changeset="111751120" uid="481934" user="iWowik"/>
  <node id="1832823387" lat="55.9703554" lon="37.1840159" version="1" timestamp="2012-07-21T07:59:35Z" changeset="12402877" uid="316868" user="LexIgnatov"/>
  <node id="1832823388" lat="55.9703522" lon="37.1830122" version="2" timestamp="2021-09-27T06:37:25Z" changeset="111751120" uid="481934" user="iWowik"/>
  <node id="1832823396" lat="55.9703395" lon="37.1829063" version="2" timestamp="2021-09-27T06:36:58Z" changeset="111751095" uid="481934" user="iWowik"/>
  <node id="1832823399" lat="55.9703839" lon="37.1838968" version="2" timestamp="2021-09-27T06:37:25Z" changeset="111751120" uid="481934" user="iWowik"/>
  <node id="1832823405" lat="55.9704001" lon="37.1830511" version="2" timestamp="2021-09-27T06:37:25Z" changeset="111751120" uid="481934" user="iWowik"/>
  <node id="1832823411" lat="55.9704095" lon="37.1839782" version="1" timestamp="2012-07-21T07:59:36Z" changeset="12402877" uid="316868" user="LexIgnatov"/>
  <node id="1832823413" lat="55.9703777" lon="37.1829273" version="2" timestamp="2021-09-27T06:36:58Z" changeset="111751095" uid="481934" user="iWowik"/>
  <node id="1832823414" lat="55.9704286" lon="37.1838472" version="2" timestamp="2021-09-27T06:37:25Z" changeset="111751120" uid="481934" user="iWowik"/>
  <node id="1832823422" lat="55.9704428" lon="37.1831060" version="2" timestamp="2021-09-27T06:37:25Z" changeset="111751120" uid="481934" user="iWowik"/>
  <node id="1832823425" lat="55.9704629" lon="37.1839346" version="3" timestamp="2022-08-10T10:02:11Z" changeset="124722709" uid="16739048" user="Guzalia"/>
  <node id="1832823426" lat="55.9704671" lon="37.1837830" version="2" timestamp="2021-09-27T06:37:25Z" changeset="111751120" uid="481934" user="iWowik"/>
  <node id="1832823428" lat="55.9704777" lon="37.1830350" version="1" timestamp="2012-07-21T07:59:37Z" changeset="12402877" uid="316868" user="LexIgnatov"/>
  <node id="1832823429" lat="55.9704787" lon="37.1831747" version="2" timestamp="2021-09-27T06:37:25Z" changeset="111751120" uid="481934" user="iWowik"/>
  <node id="1832823431" lat="55.9704978" lon="37.1837067" version="2" timestamp="2021-09-27T06:37:25Z" changeset="111751120" uid="481934" user="iWowik"/>
  <node id="1832823433" lat="55.9705085" lon="37.1838401" version="1" timestamp="2012-07-21T07:59:37Z" changeset="12402877" uid="316868" user="LexIgnatov"/>
  <node id="1832823434" lat="55.9705064" lon="37.1832546" version="2" timestamp="2021-09-27T06:37:25Z" changeset="111751120" uid="481934" user="iWowik"/>
  <node id="1832823436" lat="55.9705196" lon="37.1836211" version="2" timestamp="2021-09-27T06:37:25Z" changeset="111751120" uid="481934" user="iWowik"/>
  <node id="1832823437" lat="55.9705217" lon="37.1831133" version="1" timestamp="2012-07-21T07:59:37Z" changeset="12402877" uid="316868" user="LexIgnatov"/>
  <node id="1832823438" lat="55.9705249" lon="37.1833427" version="2" timestamp="2021-09-27T06:37:25Z" changeset="111751120" uid="481934" user="iWowik"/>
  <node id="1832823439" lat="55.9705316" lon="37.1835295" version="2" timestamp="2021-09-27T06:37:25Z" changeset="111751120" uid="481934" user="iWowik"/>
  <node id="1832823441" lat="55.9705334" lon="37.1834355" version="2" timestamp="2021-09-27T06:37:25Z" changeset="111751120" uid="481934" user="iWowik"/>
  <node id="1832823443" lat="55.9705429" lon="37.1837501" version="1" timestamp="2012-07-21T07:59:37Z" changeset="12402877" uid="316868" user="LexIgnatov"/>
  <node id="1832823449" lat="55.9705575" lon="37.1832115" version="1" timestamp="2012-07-21T07:59:38Z" changeset="12402877" uid="316868" user="LexIgnatov"/>
  <node id="1832823451" lat="55.9705891" lon="37.1835399" version="2" timestamp="2021-09-27T06:36:58Z" changeset="111751095" uid="481934" user="iWowik"/>
  <node id="1832823452" lat="55.9705751" lon="37.1832901" version="2" timestamp="2021-09-27T06:36:58Z" changeset="111751095" uid="481934" user="iWowik"/>
  <node id="1832823453" lat="55.9705912" lon="37.1834441" version="2" timestamp="2021-09-27T06:36:58Z" changeset="111751095" uid="481934" user="iWowik"/>
  <node id="1832823455" lat="55.9705857" lon="37.1833815" version="2" timestamp="2021-09-27T06:36:58Z" changeset="111751095" uid="481934" user="iWowik"/>
  <node id="1832823458" lat="55.9706145" lon="37.1834658" version="1" timestamp="2012-07-21T07:59:38Z" changeset="12402877" uid="316868" user="LexIgnatov"/>
  <node id="1832823462" lat="55.9706477" lon="37.1833727" version="1" timestamp="2012-07-21T07:59:38Z" changeset="12402877" uid="316868" user="LexIgnatov"/>
  <node id="1832823485" lat="55.9711450" lon="37.1825723" version="1" timestamp="2012-07-21T07:59:39Z" changeset="12402877" uid="316868" user="LexIgnatov"/>
  <node id="1832823486" lat="55.9712349" lon="37.1824423" version="1" timestamp="2012-07-21T07:59:39Z" changeset="12402877" uid="316868" user="LexIgnatov"/>
  <node id="1832823491" lat="55.9712988" lon="37.1823562" version="1" timestamp="2012-07-21T07:59:39Z" changeset="12402877" uid="316868" user="LexIgnatov"/>
  <node id="1832823492" lat="55.9713510" lon="37.1823040" version="1" timestamp="2012-07-21T07:59:39Z" changeset="12402877" uid="316868" user="LexIgnatov"/>
  <node id="1832823494" lat="55.9714055" lon="37.1822616" version="1" timestamp="2012-07-21T07:59:40Z" changeset="12402877" uid="316868" user="LexIgnatov"/>
  <node id="1832823497" lat="55.9715350" lon="37.1822108" version="1" timestamp="2012-07-21T07:59:40Z" changeset="12402877" uid="316868" user="LexIgnatov"/>
  <node id="1832823501" lat="55.9717587" lon="37.1821806" version="1" timestamp="2012-07-21T07:59:40Z" changeset="12402877" uid="316868" user="LexIgnatov"/>
  <node id="1832823505" lat="55.9718874" lon="37.1821764" version="1" timestamp="2012-07-21T07:59:40Z" changeset="12402877" uid="316868" user="LexIgnatov"/>
  <node id="1832823508" lat="55.9719572" lon="37.1821809" version="1" timestamp="2012-07-21T07:59:40Z" changeset="12402877" uid="316868" user="LexIgnatov"/>
  <node id="1836241720" lat="55.9699242" lon="37.1838391" version="1" timestamp="2012-07-24T08:19:16Z" changeset="12461558" uid="241531" user="dik_man"/>
  <node id="1836241728" lat="55.9699469" lon="37.1837565" version="1" timestamp="2012-07-24T08:19:17Z" changeset="12461558" uid="241531" user="dik_man"/>
  <node id="1944403671" lat="55.9692655" lon="37.1816954" version="1" timestamp="2012-10-03T14:26:32Z" changeset="13348350" uid="570066" user="Urtchuk"/>
  <node id="1944403683" lat="55.9693324" lon="37.1816580" version="1" timestamp="2012-10-03T14:26:32Z" changeset="13348350" uid="570066" user="Urtchuk"/>
  <node id="1944403686" lat="55.9694062" lon="37.1816948" version="1" timestamp="2012-10-03T14:26:32Z" changeset="13348350" uid="570066" user="Urtchuk"/>
  <node id="1944403689" lat="55.9694683" lon="37.1816624" version="1" timestamp="2012-10-03T14:26:32Z" changeset="13348350" uid="570066" user="Urtchuk"/>
  <node id="1944403692" lat="55.9695659" lon="37.1816939" version="1" timestamp="2012-10-03T14:26:32Z" changeset="13348350" uid="570066" user="Urtchuk"/>
  <node id="1944403695" lat="55.9695678" lon="37.1820093" version="1" timestamp="2012-10-03T14:26:32Z" changeset="13348350" uid="570066" user="Urtchuk"/>
  <node id="1944403698" lat="55.9695815" lon="37.1819015" version="1" timestamp="2012-10-03T14:26:32Z" changeset="13348350" uid="570066" user="Urtchuk"/>
  <node id="1944403701" lat="55.9696236" lon="37.1816624" version="1" timestamp="2012-10-03T14:26:32Z" changeset="13348350" uid="570066" user="Urtchuk"/>
  <node id="1944403704" lat="55.9697134" lon="37.1818271" version="1" timestamp="2012-10-03T14:26:32Z" changeset="13348350" uid="570066" user="Urtchuk"/>
  <node id="1944403708" lat="55.9697595" lon="37.1820873" version="1" timestamp="2012-10-03T14:26:32Z" changeset="13348350" uid="570066" user="Urtchuk"/>
  <node id="1944403711" lat="55.9697732" lon="37.1819796" version="1" timestamp="2012-10-03T14:26:32Z" changeset="13348350" uid="570066" user="Urtchuk"/>
  <node id="1944403713" lat="55.9697751" lon="37.1817947" version="1" timestamp="2012-10-03T14:26:32Z" changeset="13348350" uid="570066" user="Urtchuk"/>
  <node id="2135834038" lat="55.9713273" lon="37.1825493" version="1" timestamp="2013-01-31T10:56:02Z" changeset="14857709" uid="241531" user="dik_man"/>
  <node id="2135834051" lat="55.9720401" lon="37.1828056" version="2" timestamp="2018-04-06T12:58:02Z" changeset="57864717" uid="481934" user="iWowik"/>
  <node id="2295648093" lat="55.9700931" lon="37.1825235" version="1" timestamp="2013-05-08T09:57:46Z" changeset="16026474" uid="152141" user="greywind"/>
  <node id="2295648106" lat="55.9699276" lon="37.1824619" version="2" timestamp="2016-02-05T21:39:50Z" changeset="37029391" uid="109327" user="OverQuantum"/>
  <node id="2295648109" lat="55.9684968" lon="37.1818219" version="1" timestamp="2013-05-08T09:57:46Z" changeset="16026474" uid="152141" user="greywind"/>
  <node id="2328482466" lat="55.9699664" lon="37.1823437" version="2" timestamp="2016-02-05T21:39:50Z" changeset="37029391" uid="109327" user="OverQuantum"/>
  <node id="2328482467" lat="55.9700366" lon="37.1827703" version="3" timestamp="2020-05-09T17:06:38Z" changeset="84945433" uid="11020037" user="vadizleo"/>
  <node id="2328482468" lat="55.9699259" lon="37.1831480" version="3" timestamp="2023-04-30T23:09:55Z" changeset="135555735" uid="1925053" user="J_Doe"/>
  <node id="2328482469" lat="55.9698841" lon="37.1834064" version="2" timestamp="2023-04-30T23:09:55Z" changeset="135555735" uid="1925053" user="J_Doe"/>
  <node id="2328482470" lat="55.9698881" lon="37.1836990" version="1" timestamp="2013-06-01T20:41:00Z" changeset="16383126" uid="1493091" user="Humanoidd"/>
  <node id="2328482471" lat="55.9697753" lon="37.1839763" version="3" timestamp="2023-04-30T23:09:55Z" changeset="135555735" uid="1925053" user="J_Doe"/>
  <node id="2328482472" lat="55.9693020" lon="37.1845221" version="3" timestamp="2023-04-30T23:09:55Z" changeset="135555735" uid="1925053" user="J_Doe"/>
  <node id="2328482473" lat="55.9690355" lon="37.1846545" version="3" timestamp="2023-04-30T23:09:55Z" changeset="135555735" uid="1925053" user="J_Doe"/>
  <node id="2328482475" lat="55.9683993" lon="37.1847005" version="2" timestamp="2016-02-18T21:08:43Z" changeset="37297616" uid="109327" user="OverQuantum"/>
  <node id="2328482477" lat="55.9703034" lon="37.1826441" version="2" timestamp="2023-06-30T19:21:29Z" changeset="137971390" uid="1925053" user="J_Doe"/>
  <node id="2328482478" lat="55.9705340" lon="37.1828913" version="2" timestamp="2026-05-25T10:44:55Z" changeset="183150026" uid="2055718" user="Bobropiton"/>
  <node id="2328482479" lat="55.9706408" lon="37.1828561" version="3" timestamp="2026-05-25T10:44:55Z" changeset="183150026" uid="2055718" user="Bobropiton"/>
  <node id="2418534557" lat="55.9699723" lon="37.1824781" version="4" timestamp="2020-05-09T17:06:38Z" changeset="84945433" uid="11020037" user="vadizleo">
    <tag k="crossing" v="uncontrolled"/>
    <tag k="highway" v="crossing"/>
  </node>
  <node id="2579035908" lat="55.9684574" lon="37.1847161" version="2" timestamp="2018-04-06T13:24:10Z" changeset="57865356" uid="481934" user="iWowik"/>
  <node id="3090454483" lat="55.9704129" lon="37.1840469" version="1" timestamp="2014-09-22T10:00:38Z" changeset="25599195" uid="910910" user="Snaark"/>
  <node id="3090454484" lat="55.9703872" lon="37.1841431" version="1" timestamp="2014-09-22T10:00:38Z" changeset="25599195" uid="910910" user="Snaark"/>
  <node id="3090454485" lat="55.9703683" lon="37.1846382" version="2" timestamp="2014-12-09T11:14:39Z" changeset="27353081" uid="481934" user="iWowik"/>
  <node id="3090454486" lat="55.9703301" lon="37.1840894" version="1" timestamp="2014-09-22T10:00:38Z" changeset="25599195" uid="910910" user="Snaark"/>
  <node id="3090454489" lat="55.9703566" lon="37.1841555" version="1" timestamp="2014-09-22T10:00:38Z" changeset="25599195" uid="910910" user="Snaark"/>
  <node id="3127352265" lat="55.9684839" lon="37.1842550" version="1" timestamp="2014-10-13T08:44:23Z" changeset="26042747" uid="152141" user="greywind"/>
  <node id="3127352266" lat="55.9686432" lon="37.1837021" version="1" timestamp="2014-10-13T08:44:23Z" changeset="26042747" uid="152141" user="greywind"/>
  <node id="3127352267" lat="55.9687615" lon="37.1832793" version="1" timestamp="2014-10-13T08:44:23Z" changeset="26042747" uid="152141" user="greywind"/>
  <node id="3127352268" lat="55.9688889" lon="37.1829866" version="1" timestamp="2014-10-13T08:44:23Z" changeset="26042747" uid="152141" user="greywind"/>
  <node id="3127352269" lat="55.9690163" lon="37.1828403" version="1" timestamp="2014-10-13T08:44:23Z" changeset="26042747" uid="152141" user="greywind"/>
  <node id="3127352270" lat="55.9694077" lon="37.1826695" version="1" timestamp="2014-10-13T08:44:23Z" changeset="26042747" uid="152141" user="greywind"/>
  <node id="3127352271" lat="55.9699022" lon="37.1824524" version="1" timestamp="2014-10-13T08:44:23Z" changeset="26042747" uid="152141" user="greywind"/>
  <node id="3226297787" lat="55.9702657" lon="37.1845533" version="2" timestamp="2020-05-09T17:06:38Z" changeset="84945433" uid="11020037" user="vadizleo"/>
  <node id="3226297791" lat="55.9703696" lon="37.1845591" version="3" timestamp="2022-04-04T17:00:35Z" changeset="119310596" uid="103003" user="Alexandrcfif">
    <tag k="crossing" v="uncontrolled"/>
    <tag k="crossing:island" v="no"/>
    <tag k="highway" v="crossing"/>
  </node>
  <node id="3226297793" lat="55.9704790" lon="37.1845695" version="2" timestamp="2020-05-09T17:06:38Z" changeset="84945433" uid="11020037" user="vadizleo"/>
  <node id="3878872170" lat="55.9710670" lon="37.1826924" version="2" timestamp="2018-04-06T13:00:04Z" changeset="57864773" uid="481934" user="iWowik"/>
  <node id="3878905411" lat="55.9706355" lon="37.1840844" version="1" timestamp="2015-12-05T20:26:20Z" changeset="35775658" uid="354044" user="tratatam"/>
  <node id="3878905415" lat="55.9710182" lon="37.1837179" version="1" timestamp="2015-12-05T20:26:20Z" changeset="35775658" uid="354044" user="tratatam"/>
  <node id="3878905422" lat="55.9711319" lon="37.1838878" version="1" timestamp="2015-12-05T20:26:20Z" changeset="35775658" uid="354044" user="tratatam"/>
  <node id="3878905424" lat="55.9711583" lon="37.1838753" version="1" timestamp="2015-12-05T20:26:20Z" changeset="35775658" uid="354044" user="tratatam"/>
  <node id="3878905426" lat="55.9711846" lon="37.1838444" version="1" timestamp="2015-12-05T20:26:20Z" changeset="35775658" uid="354044" user="tratatam"/>
  <node id="3878905429" lat="55.9712363" lon="37.1827352" version="1" timestamp="2015-12-05T20:26:21Z" changeset="35775658" uid="354044" user="tratatam"/>
  <node id="3878905430" lat="55.9712709" lon="37.1825759" version="2" timestamp="2018-04-06T12:58:02Z" changeset="57864717" uid="481934" user="iWowik"/>
  <node id="3878905431" lat="55.9712883" lon="37.1825984" version="1" timestamp="2015-12-05T20:26:21Z" changeset="35775658" uid="354044" user="tratatam"/>
  <node id="3878905433" lat="55.9713542" lon="37.1824777" version="1" timestamp="2015-12-05T20:26:21Z" changeset="35775658" uid="354044" user="tratatam"/>
  <node id="3878906171" lat="55.9719228" lon="37.1840378" version="1" timestamp="2015-12-05T20:26:21Z" changeset="35775658" uid="354044" user="tratatam"/>
  <node id="3878906173" lat="55.9719418" lon="37.1840790" version="1" timestamp="2015-12-05T20:26:21Z" changeset="35775658" uid="354044" user="tratatam"/>
  <node id="3878906175" lat="55.9719473" lon="37.1840987" version="1" timestamp="2015-12-05T20:26:21Z" changeset="35775658" uid="354044" user="tratatam"/>
  <node id="3878906183" lat="55.9720519" lon="37.1844169" version="1" timestamp="2015-12-05T20:26:21Z" changeset="35775658" uid="354044" user="tratatam"/>
  <node id="3991196624" lat="55.9699211" lon="37.1823466" version="1" timestamp="2016-02-05T21:39:23Z" changeset="37029391" uid="109327" user="OverQuantum"/>
  <node id="3991196628" lat="55.9700925" lon="37.1823392" version="3" timestamp="2021-01-19T09:57:57Z" changeset="97742068" uid="481934" user="iWowik">
    <tag k="crossing" v="traffic_signals"/>
    <tag k="highway" v="crossing"/>
  </node>
  <node id="3991196634" lat="55.9702219" lon="37.1823346" version="3" timestamp="2021-01-19T09:57:57Z" changeset="97742068" uid="481934" user="iWowik">
    <tag k="crossing" v="traffic_signals"/>
    <tag k="highway" v="crossing"/>
  </node>
  <node id="3991196652" lat="55.9702994" lon="37.1823318" version="2" timestamp="2023-06-30T19:21:29Z" changeset="137971390" uid="1925053" user="J_Doe"/>
  <node id="3995553569" lat="55.9687301" lon="37.1842811" version="1" timestamp="2016-02-08T14:41:07Z" changeset="37075033" uid="481934" user="iWowik"/>
  <node id="3995553570" lat="55.9687533" lon="37.1842102" version="1" timestamp="2016-02-08T14:41:07Z" changeset="37075033" uid="481934" user="iWowik"/>
  <node id="3995553571" lat="55.9687752" lon="37.1843284" version="1" timestamp="2016-02-08T14:41:07Z" changeset="37075033" uid="481934" user="iWowik"/>
  <node id="3995553572" lat="55.9687985" lon="37.1842575" version="1" timestamp="2016-02-08T14:41:07Z" changeset="37075033" uid="481934" user="iWowik"/>
  <node id="3995553757" lat="55.9685255" lon="37.1833144" version="1" timestamp="2016-02-08T14:40:41Z" changeset="37075033" uid="481934" user="iWowik"/>
  <node id="3995553758" lat="55.9685434" lon="37.1832569" version="1" timestamp="2016-02-08T14:40:41Z" changeset="37075033" uid="481934" user="iWowik"/>
  <node id="3995553759" lat="55.9685635" lon="37.1833522" version="1" timestamp="2016-02-08T14:40:41Z" changeset="37075033" uid="481934" user="iWowik"/>
  <node id="3995553760" lat="55.9685815" lon="37.1832947" version="1" timestamp="2016-02-08T14:40:41Z" changeset="37075033" uid="481934" user="iWowik"/>
  <node id="3995553761" lat="55.9687880" lon="37.1836241" version="1" timestamp="2016-02-08T14:40:41Z" changeset="37075033" uid="481934" user="iWowik"/>
  <node id="3995553762" lat="55.9688160" lon="37.1835224" version="1" timestamp="2016-02-08T14:40:41Z" changeset="37075033" uid="481934" user="iWowik"/>
  <node id="3995553763" lat="55.9689255" lon="37.1837452" version="1" timestamp="2016-02-08T14:40:41Z" changeset="37075033" uid="481934" user="iWowik"/>
  <node id="3995553764" lat="55.9689535" lon="37.1836436" version="1" timestamp="2016-02-08T14:40:41Z" changeset="37075033" uid="481934" user="iWowik"/>
  <node id="3995553765" lat="55.9689587" lon="37.1831368" version="1" timestamp="2016-02-08T14:40:41Z" changeset="37075033" uid="481934" user="iWowik"/>
  <node id="3995553766" lat="55.9689868" lon="37.1830352" version="1" timestamp="2016-02-08T14:40:41Z" changeset="37075033" uid="481934" user="iWowik"/>
  <node id="3995553767" lat="55.9690962" lon="37.1832579" version="1" timestamp="2016-02-08T14:40:41Z" changeset="37075033" uid="481934" user="iWowik"/>
  <node id="3995553768" lat="55.9691243" lon="37.1831563" version="1" timestamp="2016-02-08T14:40:41Z" changeset="37075033" uid="481934" user="iWowik"/>
  <node id="3995553769" lat="55.9693099" lon="37.1835050" version="1" timestamp="2016-02-08T14:40:41Z" changeset="37075033" uid="481934" user="iWowik"/>
  <node id="3995553770" lat="55.9693454" lon="37.1833678" version="1" timestamp="2016-02-08T14:40:41Z" changeset="37075033" uid="481934" user="iWowik"/>
  <node id="3995553771" lat="55.9694155" lon="37.1839643" version="1" timestamp="2016-02-08T14:40:41Z" changeset="37075033" uid="481934" user="iWowik"/>
  <node id="3995553772" lat="55.9694464" lon="37.1836177" version="1" timestamp="2016-02-08T14:40:41Z" changeset="37075033" uid="481934" user="iWowik"/>
  <node id="3995553773" lat="55.9694819" lon="37.1834805" version="1" timestamp="2016-02-08T14:40:41Z" changeset="37075033" uid="481934" user="iWowik"/>
  <node id="4013463541" lat="55.9695684" lon="37.1842314" version="2" timestamp="2023-04-30T23:09:55Z" changeset="135555735" uid="1925053" user="J_Doe"/>
  <node id="4101114090" lat="55.9703194" lon="37.1814764" version="26" timestamp="2023-09-17T00:03:31Z" changeset="141362330" uid="461130" user="Fizzie-DWG">
    <tag k="bus" v="yes"/>
    <tag k="highway" v="bus_stop"/>
    <tag k="name" v="Улица Радио"/>
    <tag k="public_transport" v="platform"/>
    <tag k="shelter" v="no"/>
  </node>
  <node id="4215639134" lat="55.9707899" lon="37.1843179" version="1" timestamp="2016-05-30T15:47:15Z" changeset="39667480" uid="481934" user="iWowik"/>
  <node id="5533582362" lat="55.9710515" lon="37.1828628" version="1" timestamp="2018-04-06T12:58:01Z" changeset="57864717" uid="481934" user="iWowik"/>
  <node id="5533582372" lat="55.9718695" lon="37.1822727" version="1" timestamp="2018-04-06T12:58:01Z" changeset="57864717" uid="481934" user="iWowik"/>
  <node id="5533582373" lat="55.9714920" lon="37.1823250" version="1" timestamp="2018-04-06T12:58:01Z" changeset="57864717" uid="481934" user="iWowik"/>
  <node id="5533582374" lat="55.9713562" lon="37.1824577" version="1" timestamp="2018-04-06T12:58:01Z" changeset="57864717" uid="481934" user="iWowik"/>
  <node id="5533582375" lat="55.9712811" lon="37.1825409" version="1" timestamp="2018-04-06T12:58:01Z" changeset="57864717" uid="481934" user="iWowik"/>
  <node id="5533582376" lat="55.9712451" lon="37.1826053" version="1" timestamp="2018-04-06T12:58:01Z" changeset="57864717" uid="481934" user="iWowik"/>
  <node id="5533582377" lat="55.9705871" lon="37.1839701" version="2" timestamp="2020-05-09T17:06:38Z" changeset="84945433" uid="11020037" user="vadizleo"/>
  <node id="5533582378" lat="55.9706890" lon="37.1836446" version="1" timestamp="2018-04-06T12:58:01Z" changeset="57864717" uid="481934" user="iWowik"/>
  <node id="5533582379" lat="55.9707078" lon="37.1835132" version="1" timestamp="2018-04-06T12:58:01Z" changeset="57864717" uid="481934" user="iWowik"/>
  <node id="5533582380" lat="55.9707400" lon="37.1833643" version="1" timestamp="2018-04-06T12:58:01Z" changeset="57864717" uid="481934" user="iWowik"/>
  <node id="5533582381" lat="55.9707700" lon="37.1832879" version="1" timestamp="2018-04-06T12:58:01Z" changeset="57864717" uid="481934" user="iWowik"/>
  <node id="5533582382" lat="55.9709899" lon="37.1829526" version="2" timestamp="2026-05-25T10:44:55Z" changeset="183150026" uid="2055718" user="Bobropiton">
    <tag k="bench" v="yes"/>
    <tag k="bus" v="yes"/>
    <tag k="highway" v="bus_stop"/>
    <tag k="name" v="Улица Радио"/>
    <tag k="public_transport" v="platform"/>
    <tag k="shelter" v="yes"/>
  </node>
  <node id="5533582383" lat="55.9708008" lon="37.1832273" version="2" timestamp="2023-06-30T19:21:29Z" changeset="137971390" uid="1925053" user="J_Doe"/>
  <node id="5533582384" lat="55.9707504" lon="37.1831213" version="4" timestamp="2023-06-30T19:21:29Z" changeset="137971390" uid="1925053" user="J_Doe">
    <tag k="crossing" v="uncontrolled"/>
    <tag k="crossing:island" v="no"/>
    <tag k="highway" v="crossing"/>
    <tag k="tactile_paving" v="no"/>
  </node>
  <node id="5533640493" lat="55.9688179" lon="37.1844453" version="1" timestamp="2018-04-06T13:24:09Z" changeset="57865356" uid="481934" user="iWowik"/>
  <node id="5533640494" lat="55.9689155" lon="37.1845767" version="1" timestamp="2018-04-06T13:24:09Z" changeset="57865356" uid="481934" user="iWowik"/>
  <node id="5533640495" lat="55.9690671" lon="37.1844533" version="1" timestamp="2018-04-06T13:24:09Z" changeset="57865356" uid="481934" user="iWowik"/>
  <node id="5533640496" lat="55.9693013" lon="37.1844882" version="1" timestamp="2018-04-06T13:24:09Z" changeset="57865356" uid="481934" user="iWowik"/>
  <node id="5533660695" lat="55.9716337" lon="37.1810007" version="2" timestamp="2024-10-04T20:01:01Z" changeset="157476281" uid="19744364" user="lakgrial1"/>
  <node id="6818012296" lat="55.9702874" lon="37.1827363" version="2" timestamp="2021-01-19T10:03:17Z" changeset="97742068" uid="481934" user="iWowik"/>
  <node id="7501519409" lat="55.9699557" lon="37.1843085" version="1" timestamp="2020-05-09T16:48:23Z" changeset="84944887" uid="11020037" user="vadizleo"/>
  <node id="7501519410" lat="55.9701023" lon="37.1841368" version="1" timestamp="2020-05-09T16:48:23Z" changeset="84944887" uid="11020037" user="vadizleo"/>
  <node id="7501519411" lat="55.9701954" lon="37.1841510" version="1" timestamp="2020-05-09T16:48:23Z" changeset="84944887" uid="11020037" user="vadizleo"/>
  <node id="7501519412" lat="55.9702548" lon="37.1842465" version="1" timestamp="2020-05-09T16:48:23Z" changeset="84944887" uid="11020037" user="vadizleo"/>
  <node id="7501519434" lat="55.9702671" lon="37.1846991" version="1" timestamp="2020-05-09T16:48:23Z" changeset="84944887" uid="11020037" user="vadizleo"/>
  <node id="7501519435" lat="55.9699927" lon="37.1846884" version="1" timestamp="2020-05-09T16:48:23Z" changeset="84944887" uid="11020037" user="vadizleo"/>
  <node id="7501558292" lat="55.9704977" lon="37.1842313" version="1" timestamp="2020-05-09T17:06:38Z" changeset="84945433" uid="11020037" user="vadizleo"/>
  <node id="7501558293" lat="55.9699764" lon="37.1825507" version="1" timestamp="2020-05-09T17:06:38Z" changeset="84945433" uid="11020037" user="vadizleo"/>
  <node id="7501558294" lat="55.9699907" lon="37.1829611" version="1" timestamp="2020-05-09T17:06:38Z" changeset="84945433" uid="11020037" user="vadizleo"/>
  <node id="7501558295" lat="55.9700298" lon="37.1825958" version="1" timestamp="2020-05-09T17:06:38Z" changeset="84945433" uid="11020037" user="vadizleo"/>
  <node id="7952897873" lat="55.9685783" lon="37.1843478" version="1" timestamp="2020-09-29T00:06:56Z" changeset="91670087" uid="9133906" user="stargunru"/>
  <node id="7952897874" lat="55.9686384" lon="37.1842834" version="1" timestamp="2020-09-29T00:06:56Z" changeset="91670087" uid="9133906" user="stargunru"/>
  <node id="7952897875" lat="55.9688425" lon="37.1843907" version="1" timestamp="2020-09-29T00:06:56Z" changeset="91670087" uid="9133906" user="stargunru"/>
  <node id="7952897878" lat="55.9687134" lon="37.1844336" version="1" timestamp="2020-09-29T00:06:56Z" changeset="91670087" uid="9133906" user="stargunru"/>
  <node id="7952897879" lat="55.9687585" lon="37.1844068" version="1" timestamp="2020-09-29T00:06:56Z" changeset="91670087" uid="9133906" user="stargunru"/>
  <node id="7952897880" lat="55.9690257" lon="37.1844551" version="1" timestamp="2020-09-29T00:06:56Z" changeset="91670087" uid="9133906" user="stargunru"/>
  <node id="7952897881" lat="55.9691247" lon="37.1844443" version="1" timestamp="2020-09-29T00:06:56Z" changeset="91670087" uid="9133906" user="stargunru"/>
  <node id="7952897882" lat="55.9692778" lon="37.1843585" version="1" timestamp="2020-09-29T00:06:56Z" changeset="91670087" uid="9133906" user="stargunru"/>
  <node id="7952897883" lat="55.9693919" lon="37.1842673" version="1" timestamp="2020-09-29T00:06:56Z" changeset="91670087" uid="9133906" user="stargunru"/>
  <node id="7952897884" lat="55.9695600" lon="37.1840688" version="1" timestamp="2020-09-29T00:06:56Z" changeset="91670087" uid="9133906" user="stargunru"/>
  <node id="7952964585" lat="55.9697101" lon="37.1836343" version="1" timestamp="2020-09-29T00:06:56Z" changeset="91670087" uid="9133906" user="stargunru"/>
  <node id="7952964586" lat="55.9698632" lon="37.1832105" version="1" timestamp="2020-09-29T00:06:56Z" changeset="91670087" uid="9133906" user="stargunru"/>
  <node id="7952964587" lat="55.9698663" lon="37.1825882" version="1" timestamp="2020-09-29T00:06:56Z" changeset="91670087" uid="9133906" user="stargunru"/>
  <node id="7952964588" lat="55.9699023" lon="37.1822449" version="1" timestamp="2020-09-29T00:06:56Z" changeset="91670087" uid="9133906" user="stargunru"/>
  <node id="7952964589" lat="55.9699473" lon="37.1820250" version="1" timestamp="2020-09-29T00:06:56Z" changeset="91670087" uid="9133906" user="stargunru"/>
  <node id="7952964590" lat="55.9699263" lon="37.1807643" version="1" timestamp="2020-09-29T00:06:56Z" changeset="91670087" uid="9133906" user="stargunru"/>
  <node id="8331950499" lat="55.9712237" lon="37.1807431" version="3" timestamp="2023-04-11T12:28:40Z" changeset="134771973" uid="1925053" user="J_Doe"/>
  <node id="8331950500" lat="55.9711805" lon="37.1807442" version="3" timestamp="2023-04-11T12:28:40Z" changeset="134771973" uid="1925053" user="J_Doe"/>
  <node id="8331950501" lat="55.9711813" lon="37.1808404" version="3" timestamp="2023-04-11T12:28:40Z" changeset="134771973" uid="1925053" user="J_Doe"/>
  <node id="8331950502" lat="55.9709482" lon="37.1808462" version="3" timestamp="2023-04-11T12:28:40Z" changeset="134771973" uid="1925053" user="J_Doe"/>
  <node id="8337517968" lat="55.9706782" lon="37.1832328" version="1" timestamp="2021-01-19T10:03:17Z" changeset="97742068" uid="481934" user="iWowik"/>
  <node id="8337517969" lat="55.9714412" lon="37.1822546" version="1" timestamp="2021-01-19T10:03:17Z" changeset="97742068" uid="481934" user="iWowik"/>
  <node id="8887840643" lat="55.9708492" lon="37.1814516" version="3" timestamp="2023-04-11T12:28:40Z" changeset="134771973" uid="1925053" user="J_Doe"/>
  <node id="8887840644" lat="55.9708492" lon="37.1816733" version="2" timestamp="2021-11-23T17:15:39Z" changeset="114149087" uid="4514311" user="artem78"/>
  <node id="8887840645" lat="55.9709352" lon="37.1816706" version="2" timestamp="2021-11-23T17:15:39Z" changeset="114149087" uid="4514311" user="artem78"/>
  <node id="8887840646" lat="55.9709356" lon="37.1817117" version="2" timestamp="2021-11-23T17:15:39Z" changeset="114149087" uid="4514311" user="artem78"/>
  <node id="8887840647" lat="55.9712270" lon="37.1817020" version="2" timestamp="2021-11-23T17:15:39Z" changeset="114149087" uid="4514311" user="artem78"/>
  <node id="8887840648" lat="55.9713901" lon="37.1815158" version="3" timestamp="2023-04-11T12:28:40Z" changeset="134771973" uid="1925053" user="J_Doe"/>
  <node id="8887840649" lat="55.9713244" lon="37.1813336" version="3" timestamp="2023-04-11T12:28:40Z" changeset="134771973" uid="1925053" user="J_Doe"/>
  <node id="8887840650" lat="55.9712094" lon="37.1814752" version="2" timestamp="2021-11-23T17:15:39Z" changeset="114149087" uid="4514311" user="artem78"/>
  <node id="8887840651" lat="55.9711464" lon="37.1814771" version="2" timestamp="2021-11-23T17:15:39Z" changeset="114149087" uid="4514311" user="artem78"/>
  <node id="8887840652" lat="55.9711461" lon="37.1814430" version="2" timestamp="2021-11-23T17:15:39Z" changeset="114149087" uid="4514311" user="artem78"/>
  <node id="8887840653" lat="55.9710804" lon="37.1814450" version="2" timestamp="2021-11-23T17:15:39Z" changeset="114149087" uid="4514311" user="artem78"/>
  <node id="8887840654" lat="55.9710807" lon="37.1814765" version="2" timestamp="2021-11-23T17:15:39Z" changeset="114149087" uid="4514311" user="artem78"/>
  <node id="8887840655" lat="55.9710195" lon="37.1814783" version="2" timestamp="2021-11-23T17:15:39Z" changeset="114149087" uid="4514311" user="artem78"/>
  <node id="8887840656" lat="55.9710192" lon="37.1814520" version="2" timestamp="2021-11-23T17:15:39Z" changeset="114149087" uid="4514311" user="artem78"/>
  <node id="9125686452" lat="55.9704212" lon="37.1829687" version="1" timestamp="2021-09-27T06:36:58Z" changeset="111751095" uid="481934" user="iWowik"/>
  <node id="9125686453" lat="55.9705725" lon="37.1836485" version="1" timestamp="2021-09-27T06:36:58Z" changeset="111751095" uid="481934" user="iWowik"/>
  <node id="9152698375" lat="55.9702217" lon="37.1814854" version="10" timestamp="2024-07-30T13:40:34Z" changeset="154607202" uid="564990" user="mavl">
    <tag k="bus" v="yes"/>
    <tag k="name" v="Улица Радио"/>
    <tag k="public_transport" v="stop_position"/>
  </node>
  <node id="9424072754" lat="55.9707168" lon="37.1835762" version="2" timestamp="2022-06-27T21:10:24Z" changeset="122928707" uid="334643" user="Steve_32">
    <tag k="MCC" v="250"/>
    <tag k="MNC" v="01"/>
    <tag k="communication:microwave" v="yes"/>
    <tag k="communication:mobile_phone" v="yes"/>
    <tag k="man_made" v="mast"/>
    <tag k="operator" v="ПАО &quot;МТС&quot;"/>
    <tag k="ref" v="13174"/>
    <tag k="tower:construction" v="freestanding"/>
    <tag k="tower:type" v="communication"/>
  </node>
  <node id="10801478067" lat="55.9683959" lon="37.1837988" version="1" timestamp="2023-04-11T11:26:34Z" changeset="134769346" uid="1925053" user="J_Doe"/>
  <node id="10801478068" lat="55.9681680" lon="37.1835411" version="1" timestamp="2023-04-11T11:26:34Z" changeset="134769346" uid="1925053" user="J_Doe"/>
  <node id="10801591663" lat="55.9709485" lon="37.1814515" version="1" timestamp="2023-04-11T12:28:40Z" changeset="134771973" uid="1925053" user="J_Doe"/>
  <node id="10858983073" lat="55.9698984" lon="37.1832772" version="1" timestamp="2023-04-30T23:09:55Z" changeset="135555735" uid="1925053" user="J_Doe"/>
  <node id="10858983074" lat="55.9698580" lon="37.1838174" version="1" timestamp="2023-04-30T23:09:55Z" changeset="135555735" uid="1925053" user="J_Doe"/>
  <node id="10858983075" lat="55.9698214" lon="37.1839022" version="1" timestamp="2023-04-30T23:09:55Z" changeset="135555735" uid="1925053" user="J_Doe"/>
  <node id="10858983076" lat="55.9694352" lon="37.1843936" version="1" timestamp="2023-04-30T23:09:55Z" changeset="135555735" uid="1925053" user="J_Doe"/>
  <node id="10858983077" lat="55.9691719" lon="37.1846080" version="1" timestamp="2023-04-30T23:09:55Z" changeset="135555735" uid="1925053" user="J_Doe"/>
  <node id="10858983079" lat="55.9701488" lon="37.1841290" version="1" timestamp="2023-04-30T23:09:55Z" changeset="135555735" uid="1925053" user="J_Doe"/>
  <node id="10858983080" lat="55.9702324" lon="37.1841876" version="1" timestamp="2023-04-30T23:09:55Z" changeset="135555735" uid="1925053" user="J_Doe"/>
  <node id="10858983081" lat="55.9702665" lon="37.1843553" version="1" timestamp="2023-04-30T23:09:55Z" changeset="135555735" uid="1925053" user="J_Doe"/>
  <node id="11016647835" lat="55.9707352" lon="37.1822941" version="1" timestamp="2023-06-30T19:21:29Z" changeset="137971390" uid="1925053" user="J_Doe"/>
  <node id="11016647836" lat="55.9709336" lon="37.1822895" version="1" timestamp="2023-06-30T19:21:29Z" changeset="137971390" uid="1925053" user="J_Doe"/>
  <node id="11016647837" lat="55.9709577" lon="37.1822783" version="1" timestamp="2023-06-30T19:21:29Z" changeset="137971390" uid="1925053" user="J_Doe"/>
  <node id="11016647838" lat="55.9709829" lon="37.1822579" version="1" timestamp="2023-06-30T19:21:29Z" changeset="137971390" uid="1925053" user="J_Doe"/>
  <node id="11016647839" lat="55.9716794" lon="37.1813861" version="1" timestamp="2023-06-30T19:21:29Z" changeset="137971390" uid="1925053" user="J_Doe"/>
  <node id="11016647844" lat="55.9703101" lon="37.1826939" version="1" timestamp="2023-06-30T19:21:29Z" changeset="137971390" uid="1925053" user="J_Doe"/>
  <node id="11016647845" lat="55.9703250" lon="37.1827370" version="1" timestamp="2023-06-30T19:21:29Z" changeset="137971390" uid="1925053" user="J_Doe"/>
  <node id="11016655227" lat="55.9707564" lon="37.1822013" version="1" timestamp="2023-06-30T19:22:53Z" changeset="137971438" uid="1925053" user="J_Doe">
    <tag k="amenity" v="waste_disposal"/>
  </node>
  <node id="11019653756" lat="55.9712676" lon="37.1810653" version="1" timestamp="2023-07-02T09:26:19Z" changeset="138015984" uid="19744364" user="lakgrial1"/>
  <node id="11019653757" lat="55.9714247" lon="37.1815315" version="1" timestamp="2023-07-02T09:26:19Z" changeset="138015984" uid="19744364" user="lakgrial1"/>
  <node id="11019653758" lat="55.9711524" lon="37.1819245" version="1" timestamp="2023-07-02T09:26:19Z" changeset="138015984" uid="19744364" user="lakgrial1"/>
  <node id="11019653759" lat="55.9707680" lon="37.1819266" version="1" timestamp="2023-07-02T09:26:19Z" changeset="138015984" uid="19744364" user="lakgrial1"/>
  <node id="11035431627" lat="55.9702971" lon="37.1821414" version="1" timestamp="2023-07-09T10:41:34Z" changeset="138291648" uid="19744364" user="lakgrial1"/>
  <node id="11044488138" lat="55.9695476" lon="37.1824217" version="1" timestamp="2023-07-13T16:44:40Z" changeset="138472023" uid="19744364" user="lakgrial1"/>
  <node id="11044488139" lat="55.9682162" lon="37.1818269" version="1" timestamp="2023-07-13T16:44:40Z" changeset="138472023" uid="19744364" user="lakgrial1"/>
  <node id="11049648868" lat="55.9714539" lon="37.1808773" version="1" timestamp="2023-07-16T16:37:14Z" changeset="138586275" uid="19744364" user="lakgrial1"/>
  <node id="11049648869" lat="55.9712918" lon="37.1810328" version="1" timestamp="2023-07-16T16:37:14Z" changeset="138586275" uid="19744364" user="lakgrial1"/>
  <node id="11049648870" lat="55.9714449" lon="37.1815076" version="1" timestamp="2023-07-16T16:37:14Z" changeset="138586275" uid="19744364" user="lakgrial1"/>
  <node id="11049648871" lat="55.9716146" lon="37.1813333" version="1" timestamp="2023-07-16T16:37:14Z" changeset="138586275" uid="19744364" user="lakgrial1"/>
  <node id="11069632107" lat="55.9703921" lon="37.1808905" version="1" timestamp="2023-07-26T16:09:38Z" changeset="139045318" uid="19744364" user="lakgrial1"/>
  <node id="11069632108" lat="55.9703351" lon="37.1811132" version="1" timestamp="2023-07-26T16:09:38Z" changeset="139045318" uid="19744364" user="lakgrial1"/>
  <node id="11069632109" lat="55.9703411" lon="37.1825991" version="1" timestamp="2023-07-26T16:09:38Z" changeset="139045318" uid="19744364" user="lakgrial1"/>
  <node id="11069632110" lat="55.9705662" lon="37.1828512" version="1" timestamp="2023-07-26T16:09:38Z" changeset="139045318" uid="19744364" user="lakgrial1"/>
  <node id="11069632111" lat="55.9707209" lon="37.1823953" version="1" timestamp="2023-07-26T16:09:38Z" changeset="139045318" uid="19744364" user="lakgrial1"/>
  <node id="11069632165" lat="55.9707631" lon="37.1823962" version="2" timestamp="2024-10-04T20:01:01Z" changeset="157476281" uid="19744364" user="lakgrial1"/>
  <node id="11069632166" lat="55.9709796" lon="37.1823671" version="2" timestamp="2024-10-04T20:01:01Z" changeset="157476281" uid="19744364" user="lakgrial1"/>
  <node id="11069632174" lat="55.9680850" lon="37.1810502" version="1" timestamp="2023-07-26T16:09:38Z" changeset="139045318" uid="19744364" user="lakgrial1"/>
  <node id="11069632175" lat="55.9682767" lon="37.1810370" version="1" timestamp="2023-07-26T16:09:38Z" changeset="139045318" uid="19744364" user="lakgrial1"/>
  <node id="11069632176" lat="55.9684942" lon="37.1811620" version="1" timestamp="2023-07-26T16:09:38Z" changeset="139045318" uid="19744364" user="lakgrial1"/>
  <node id="11069632177" lat="55.9686323" lon="37.1813107" version="1" timestamp="2023-07-26T16:09:38Z" changeset="139045318" uid="19744364" user="lakgrial1"/>
  <node id="11069632178" lat="55.9687155" lon="37.1815439" version="1" timestamp="2023-07-26T16:09:38Z" changeset="139045318" uid="19744364" user="lakgrial1"/>
  <node id="11069632179" lat="55.9687155" lon="37.1817466" version="1" timestamp="2023-07-26T16:09:38Z" changeset="139045318" uid="19744364" user="lakgrial1"/>
  <node id="11069632180" lat="55.9686152" lon="37.1817500" version="1" timestamp="2023-07-26T16:09:38Z" changeset="139045318" uid="19744364" user="lakgrial1"/>
  <node id="11114774730" lat="55.9697726" lon="37.1821359" version="1" timestamp="2023-08-14T17:36:35Z" changeset="139882386" uid="830106" user="literan"/>
  <node id="11114774731" lat="55.9692532" lon="37.1819106" version="1" timestamp="2023-08-14T17:36:35Z" changeset="139882386" uid="830106" user="literan"/>
  <node id="11114774734" lat="55.9698116" lon="37.1819133" version="1" timestamp="2023-08-14T17:36:35Z" changeset="139882386" uid="830106" user="literan"/>
  <node id="11704871827" lat="55.9698026" lon="37.1808376" version="1" timestamp="2024-03-08T19:20:40Z" changeset="148398396" uid="21150209" user="Sergio Pizzar"/>
  <node id="11704871828" lat="55.9698417" lon="37.1814515" version="1" timestamp="2024-03-08T19:20:40Z" changeset="148398396" uid="21150209" user="Sergio Pizzar"/>
  <node id="11704871829" lat="55.9698473" lon="37.1817909" version="1" timestamp="2024-03-08T19:20:40Z" changeset="148398396" uid="21150209" user="Sergio Pizzar"/>
  <node id="11704871830" lat="55.9698585" lon="37.1820654" version="1" timestamp="2024-03-08T19:20:40Z" changeset="148398396" uid="21150209" user="Sergio Pizzar"/>
  <node id="11704871831" lat="55.9698138" lon="37.1821902" version="1" timestamp="2024-03-08T19:20:40Z" changeset="148398396" uid="21150209" user="Sergio Pizzar"/>
  <node id="11704871832" lat="55.9697607" lon="37.1822551" version="1" timestamp="2024-03-08T19:20:40Z" changeset="148398396" uid="21150209" user="Sergio Pizzar"/>
  <node id="11704871833" lat="55.9696813" lon="37.1823533" version="1" timestamp="2024-03-08T19:20:40Z" changeset="148398396" uid="21150209" user="Sergio Pizzar"/>
  <node id="12222975193" lat="55.9717905" lon="37.1813942" version="1" timestamp="2024-10-04T20:01:01Z" changeset="157476281" uid="19744364" user="lakgrial1"/>
  <node id="12222978625" lat="55.9717304" lon="37.1814001" version="1" timestamp="2024-10-04T20:01:01Z" changeset="157476281" uid="19744364" user="lakgrial1"/>
  <node id="12222979138" lat="55.9720476" lon="37.1821879" version="1" timestamp="2024-10-04T20:04:21Z" changeset="157476360" uid="19744364" user="lakgrial1"/>
  <node id="12222979139" lat="55.9720423" lon="37.1822946" version="1" timestamp="2024-10-04T20:04:21Z" changeset="157476360" uid="19744364" user="lakgrial1"/>
  <node id="13875808193" lat="55.9709479" lon="37.1828537" version="1" timestamp="2026-05-25T10:44:55Z" changeset="183150026" uid="2055718" user="Bobropiton">
    <tag k="bus" v="yes"/>
    <tag k="name" v="Улица Радио"/>
    <tag k="public_transport" v="stop_position"/>
  </node>
  <node id="13875808194" lat="55.9710091" lon="37.1825512" version="1" timestamp="2026-05-25T10:44:55Z" changeset="183150026" uid="2055718" user="Bobropiton">
    <tag k="bus" v="yes"/>
    <tag k="name" v="Улица Радио"/>
    <tag k="public_transport" v="stop_position"/>
  </node>
  <node id="13875808195" lat="55.9709590" lon="37.1824327" version="1" timestamp="2026-05-25T10:44:55Z" changeset="183150026" uid="2055718" user="Bobropiton">
    <tag k="bench" v="yes"/>
    <tag k="bus" v="yes"/>
    <tag k="highway" v="bus_stop"/>
    <tag k="name" v="Улица Радио"/>
    <tag k="public_transport" v="platform"/>
    <tag k="shelter" v="yes"/>
  </node>
  <node id="13875881309" lat="55.9719408" lon="37.1811166" version="1" timestamp="2026-05-25T10:44:55Z" changeset="183150026" uid="2055718" user="Bobropiton"/>
  <node id="13875881310" lat="55.9717494" lon="37.1813808" version="1" timestamp="2026-05-25T10:44:55Z" changeset="183150026" uid="2055718" user="Bobropiton"/>
  <node id="13875881311" lat="55.9705869" lon="37.1829070" version="1" timestamp="2026-05-25T10:44:55Z" changeset="183150026" uid="2055718" user="Bobropiton"/>
  <node id="13875881312" lat="55.9719084" lon="37.1820828" version="1" timestamp="2026-05-25T10:44:55Z" changeset="183150026" uid="2055718" user="Bobropiton"/>
  <node id="13875881313" lat="55.9718395" lon="37.1821780" version="1" timestamp="2026-05-25T10:44:55Z" changeset="183150026" uid="2055718" user="Bobropiton"/>
  <node id="13875881314" lat="55.9719603" lon="37.1820112" version="1" timestamp="2026-05-25T10:44:55Z" changeset="183150026" uid="2055718" user="Bobropiton"/>
  <node id="13875881315" lat="55.9719993" lon="37.1819039" version="1" timestamp="2026-05-25T10:44:55Z" changeset="183150026" uid="2055718" user="Bobropiton"/>
  <node id="13875881316" lat="55.9720324" lon="37.1815284" version="1" timestamp="2026-05-25T10:44:55Z" changeset="183150026" uid="2055718" user="Bobropiton"/>
  <node id="13875881317" lat="55.9718065" lon="37.1814492" version="1" timestamp="2026-05-25T10:44:55Z" changeset="183150026" uid="2055718" user="Bobropiton"/>
  <node id="13875881318" lat="55.9705622" lon="37.1830331" version="1" timestamp="2026-05-25T10:44:55Z" changeset="183150026" uid="2055718" user="Bobropiton"/>
  <node id="13875881319" lat="55.9706087" lon="37.1830291" version="1" timestamp="2026-05-25T10:44:55Z" changeset="183150026" uid="2055718" user="Bobropiton"/>
  <node id="13875881320" lat="55.9706918" lon="37.1829794" version="1" timestamp="2026-05-25T10:44:55Z" changeset="183150026" uid="2055718" user="Bobropiton">
    <tag k="crossing" v="uncontrolled"/>
    <tag k="crossing:island" v="no"/>
    <tag k="highway" v="crossing"/>
    <tag k="tactile_paving" v="no"/>
  </node>
  <node id="13875881321" lat="55.9712939" lon="37.1821667" version="1" timestamp="2026-05-25T10:44:55Z" changeset="183150026" uid="2055718" user="Bobropiton"/>
  <node id="13875881322" lat="55.9713937" lon="37.1821158" version="1" timestamp="2026-05-25T10:44:55Z" changeset="183150026" uid="2055718" user="Bobropiton"/>
  <node id="13875881323" lat="55.9716751" lon="37.1820728" version="1" timestamp="2026-05-25T10:44:55Z" changeset="183150026" uid="2055718" user="Bobropiton"/>
  <node id="13875881324" lat="55.9718665" lon="37.1820675" version="1" timestamp="2026-05-25T10:44:55Z" changeset="183150026" uid="2055718" user="Bobropiton"/>
  <node id="13875881325" lat="55.9720241" lon="37.1821251" version="1" timestamp="2026-05-25T10:44:55Z" changeset="183150026" uid="2055718" user="Bobropiton"/>
  <way id="39605169" version="23" timestamp="2023-10-12T09:54:33Z" changeset="142470984" uid="11262659" user="Evgeny Printsev">
    <nd ref="986426930"/>
    <nd ref="3090454484"/>
    <nd ref="3090454483"/>
    <nd ref="1832823425"/>
    <tag k="highway" v="tertiary"/>
    <tag k="lanes" v="2"/>
    <tag k="lit" v="yes"/>
    <tag k="maxspeed" v="RU:urban"/>
    <tag k="oneway" v="yes"/>
    <tag k="surface" v="asphalt"/>
  </way>
  <way id="41802410" version="58" timestamp="2023-09-17T00:03:46Z" changeset="141362335" uid="461130" user="Fizzie-DWG">
    <nd ref="1832823358"/>
    <nd ref="3991196634"/>
    <nd ref="9152698375"/>
    <nd ref="11019653753"/>
    <nd ref="6094954981"/>
    <nd ref="6094954980"/>
    <nd ref="3991196632"/>
    <tag k="highway" v="primary"/>
    <tag k="lanes" v="3"/>
    <tag k="lit" v="yes"/>
    <tag k="maxspeed" v="60"/>
    <tag k="name" v="Георгиевский проспект"/>
    <tag k="omkum:code" v="65301"/>
    <tag k="omkum:old_name" v="Проектируемый проезд N 647"/>
    <tag k="oneway" v="yes"/>
    <tag k="sorting_name" v="Проезд N 657 проезд"/>
    <tag k="surface" v="asphalt"/>
  </way>
  <way id="60358140" version="23" timestamp="2023-04-30T23:09:55Z" changeset="135555735" uid="1925053" user="J_Doe">
    <nd ref="986426930"/>
    <nd ref="3226297791"/>
    <nd ref="3090454485"/>
    <nd ref="3090454487"/>
    <nd ref="1645792212"/>
    <nd ref="10858983082"/>
    <nd ref="474766026"/>
    <nd ref="3995555013"/>
    <nd ref="1606345260"/>
    <nd ref="1951474390"/>
    <nd ref="2038884796"/>
    <tag k="highway" v="tertiary"/>
    <tag k="lanes" v="4"/>
    <tag k="lanes:backward" v="2"/>
    <tag k="lanes:forward" v="2"/>
    <tag k="maxspeed" v="60"/>
    <tag k="name" v="Георгиевский проспект"/>
    <tag k="old_name" v="проезд 65а"/>
    <tag k="oneway" v="no"/>
    <tag k="surface" v="asphalt"/>
  </way>
  <way id="71811621" version="4" timestamp="2018-07-24T21:37:41Z" changeset="61037591" uid="7774118" user="RiverBearings">
    <nd ref="751095791"/>
    <nd ref="302887399"/>
    <nd ref="1832823344"/>
    <tag k="highway" v="primary"/>
    <tag k="lanes" v="3"/>
    <tag k="oneway" v="yes"/>
    <tag k="surface" v="asphalt"/>
  </way>
  <way id="71811790" version="48" timestamp="2025-06-29T16:29:24Z" changeset="168273174" uid="2055718" user="Bobropiton">
    <nd ref="1832823309"/>
    <nd ref="1836241728"/>
    <nd ref="1836241720"/>
    <nd ref="314802027"/>
    <nd ref="314802028"/>
    <nd ref="314802030"/>
    <nd ref="1562600920"/>
    <nd ref="314802031"/>
    <nd ref="1562600942"/>
    <nd ref="1562600909"/>
    <nd ref="10909406279"/>
    <nd ref="5003938698"/>
    <nd ref="3065441301"/>
    <nd ref="5158473195"/>
    <nd ref="390331720"/>
    <tag k="highway" v="primary"/>
    <tag k="lanes" v="3"/>
    <tag k="lit" v="yes"/>
    <tag k="maxspeed" v="60"/>
    <tag k="name" v="Кутузовское шоссе"/>
    <tag k="oneway" v="yes"/>
    <tag k="shoulder" v="no"/>
    <tag k="smoothness" v="excellent"/>
    <tag k="surface" v="asphalt"/>
  </way>
  <way id="110532301" version="6" timestamp="2023-08-25T13:13:24Z" changeset="140372443" uid="11978982" user="mappinglander">
    <nd ref="1262052003"/>
    <nd ref="1262052145"/>
    <nd ref="1262052128"/>
    <nd ref="1262052073"/>
    <nd ref="1262051973"/>
    <nd ref="1262052178"/>
    <nd ref="1262052095"/>
    <nd ref="1262052048"/>
    <nd ref="1262052168"/>
    <nd ref="1262052097"/>
    <nd ref="1262052068"/>
    <nd ref="1262052159"/>
    <nd ref="1262052063"/>
    <nd ref="1262052066"/>
    <nd ref="1262052070"/>
    <nd ref="1262052003"/>
    <tag k="landuse" v="grass"/>
  </way>
  <way id="110532302" version="6" timestamp="2023-08-25T13:13:24Z" changeset="140372443" uid="11978982" user="mappinglander">
    <nd ref="1262052098"/>
    <nd ref="1262052172"/>
    <nd ref="1262052042"/>
    <nd ref="1262052072"/>
    <nd ref="1262052147"/>
    <nd ref="1262051980"/>
    <nd ref="1262052077"/>
    <nd ref="1262052005"/>
    <nd ref="1262052195"/>
    <nd ref="1262052130"/>
    <nd ref="1262052131"/>
    <nd ref="1262052008"/>
    <nd ref="1262052150"/>
    <nd ref="1262052011"/>
    <nd ref="1262052050"/>
    <nd ref="1262052103"/>
    <nd ref="5533640496"/>
    <nd ref="5533640494"/>
    <nd ref="5533640493"/>
    <nd ref="5533640495"/>
    <nd ref="1262052046"/>
    <nd ref="1262052123"/>
    <nd ref="1262052099"/>
    <nd ref="1262052100"/>
    <nd ref="1262052014"/>
    <nd ref="1262052170"/>
    <nd ref="1262052157"/>
    <nd ref="1262052120"/>
    <nd ref="1262052101"/>
    <nd ref="1262052152"/>
    <nd ref="1262052154"/>
    <nd ref="1262052143"/>
    <nd ref="1262051990"/>
    <nd ref="1262052098"/>
    <tag k="landuse" v="grass"/>
  </way>
  <way id="147411147" version="6" timestamp="2023-06-06T08:41:01Z" changeset="137003969" uid="1925053" user="J_Doe">
    <nd ref="1606345260"/>
    <nd ref="9947807832"/>
    <nd ref="1606345261"/>
    <nd ref="1606347027"/>
    <tag k="highway" v="track"/>
  </way>
  <way id="149197687" version="5" timestamp="2023-07-13T16:44:40Z" changeset="138472023" uid="19744364" user="lakgrial1">
    <nd ref="1622097872"/>
    <nd ref="1622097911"/>
    <nd ref="1622097899"/>
    <nd ref="1622097905"/>
    <nd ref="1622097904"/>
    <nd ref="1622097868"/>
    <nd ref="1622097858"/>
    <nd ref="1622097866"/>
    <nd ref="11044488147"/>
    <nd ref="11044488146"/>
    <nd ref="11044488145"/>
    <nd ref="11044488144"/>
    <nd ref="11044488143"/>
    <nd ref="11044488142"/>
    <nd ref="1622097894"/>
    <nd ref="1622097903"/>
    <nd ref="1622097879"/>
    <nd ref="1622097881"/>
    <nd ref="1622097897"/>
    <nd ref="1622097883"/>
    <nd ref="1622097877"/>
    <nd ref="1622097886"/>
    <nd ref="1622097875"/>
    <nd ref="1622097873"/>
    <nd ref="1622097895"/>
    <nd ref="1622097874"/>
    <nd ref="1622097860"/>
    <nd ref="1622097901"/>
    <nd ref="1622097884"/>
    <nd ref="1622097889"/>
    <nd ref="1622097870"/>
    <nd ref="1622097888"/>
    <nd ref="1622097909"/>
    <nd ref="1622097869"/>
    <nd ref="1622097906"/>
    <nd ref="1622097872"/>
    <tag k="natural" v="grassland"/>
  </way>
  <way id="151727793" version="3" timestamp="2026-05-25T10:44:55Z" changeset="183150026" uid="2055718" user="Bobropiton">
    <nd ref="314804016"/>
    <nd ref="13875881325"/>
    <nd ref="13875881312"/>
    <nd ref="13875881324"/>
    <nd ref="13875881323"/>
    <nd ref="13875881322"/>
    <nd ref="13875881321"/>
    <tag k="highway" v="secondary"/>
    <tag k="lanes" v="1"/>
    <tag k="lit" v="yes"/>
    <tag k="maxspeed" v="RU:urban"/>
    <tag k="oneway" v="yes"/>
    <tag k="surface" v="asphalt"/>
  </way>
  <way id="151742821" version="8" timestamp="2023-10-12T09:54:33Z" changeset="142470984" uid="11262659" user="Evgeny Printsev">
    <nd ref="1645801362"/>
    <nd ref="3090454486"/>
    <nd ref="3090454489"/>
    <nd ref="986426930"/>
    <tag k="highway" v="tertiary"/>
    <tag k="lanes" v="2"/>
    <tag k="lit" v="yes"/>
    <tag k="maxspeed" v="RU:urban"/>
    <tag k="oneway" v="yes"/>
    <tag k="surface" v="asphalt"/>
  </way>
  <way id="157422042" version="9" timestamp="2023-07-10T18:53:21Z" changeset="138350004" uid="830106" user="literan">
    <nd ref="1696407682"/>
    <nd ref="1696407676"/>
    <nd ref="1696407670"/>
    <nd ref="1696407663"/>
    <nd ref="1696407645"/>
    <nd ref="1696407643"/>
    <nd ref="1696407624"/>
    <nd ref="1696407627"/>
    <nd ref="1696407631"/>
    <nd ref="1696407651"/>
    <nd ref="1696407655"/>
    <nd ref="3247402670"/>
    <nd ref="1696407666"/>
    <nd ref="4215639134"/>
    <nd ref="5533582362"/>
    <nd ref="1696407673"/>
    <nd ref="1696407680"/>
    <nd ref="5533582361"/>
    <nd ref="1696407689"/>
    <nd ref="1696407691"/>
    <nd ref="1696407693"/>
    <nd ref="1696407686"/>
    <nd ref="1696407682"/>
    <tag k="alt_name" v="деревня Новомалино"/>
    <tag k="name" v="Новомалино"/>
    <tag k="place" v="neighbourhood"/>
  </way>
  <way id="172373795" version="16" timestamp="2026-05-25T10:44:55Z" changeset="183150026" uid="2055718" user="Bobropiton">
    <nd ref="1832823451"/>
    <nd ref="1832823458"/>
    <nd ref="1832823462"/>
    <nd ref="314803987"/>
    <nd ref="5533582384"/>
    <nd ref="13875808193"/>
    <nd ref="3878872170"/>
    <nd ref="1832823485"/>
    <nd ref="1832823486"/>
    <nd ref="1832823491"/>
    <nd ref="1832823492"/>
    <tag k="highway" v="secondary"/>
    <tag k="lanes" v="2"/>
    <tag k="lit" v="yes"/>
    <tag k="maxspeed" v="40"/>
    <tag k="name" v="улица Радио"/>
    <tag k="oneway" v="yes"/>
    <tag k="surface" v="asphalt"/>
  </way>
  <way id="172373800" version="9" timestamp="2023-10-12T09:54:33Z" changeset="142470984" uid="11262659" user="Evgeny Printsev">
    <nd ref="1832823309"/>
    <nd ref="1832823311"/>
    <nd ref="1832823318"/>
    <nd ref="1832823327"/>
    <nd ref="1832823339"/>
    <nd ref="1832823344"/>
    <tag k="highway" v="primary"/>
    <tag k="junction" v="roundabout"/>
    <tag k="lanes" v="2"/>
    <tag k="lit" v="yes"/>
    <tag k="maxspeed" v="RU:urban"/>
    <tag k="oneway" v="yes"/>
    <tag k="surface" v="asphalt"/>
  </way>
  <way id="172373811" version="5" timestamp="2023-08-25T13:13:24Z" changeset="140372443" uid="11978982" user="mappinglander">
    <nd ref="1832823414"/>
    <nd ref="1832823426"/>
    <nd ref="1832823431"/>
    <nd ref="1832823436"/>
    <nd ref="1832823439"/>
    <nd ref="1832823441"/>
    <nd ref="1832823438"/>
    <nd ref="1832823434"/>
    <nd ref="1832823429"/>
    <nd ref="1832823422"/>
    <nd ref="1832823405"/>
    <nd ref="1832823388"/>
    <nd ref="1832823373"/>
    <nd ref="1832823365"/>
    <nd ref="1832823356"/>
    <nd ref="1832823343"/>
    <nd ref="1832823338"/>
    <nd ref="1832823329"/>
    <nd ref="1832823322"/>
    <nd ref="1832823319"/>
    <nd ref="1832823316"/>
    <nd ref="1832823315"/>
    <nd ref="1832823317"/>
    <nd ref="1832823320"/>
    <nd ref="1832823325"/>
    <nd ref="1832823334"/>
    <nd ref="1832823342"/>
    <nd ref="1832823352"/>
    <nd ref="1832823362"/>
    <nd ref="1832823370"/>
    <nd ref="1832823382"/>
    <nd ref="1832823399"/>
    <nd ref="1832823414"/>
    <tag k="landuse" v="grass"/>
  </way>
  <way id="184004130" version="3" timestamp="2023-08-14T17:36:35Z" changeset="139882386" uid="830106" user="literan">
    <nd ref="1944403668"/>
    <nd ref="1944403679"/>
    <nd ref="1944403713"/>
    <nd ref="1944403704"/>
    <nd ref="1944403668"/>
    <tag k="building" v="garages"/>
    <tag k="building:colour" v="grey"/>
    <tag k="building:levels" v="1"/>
    <tag k="building:material" v="plaster"/>
    <tag k="roof:colour" v="grey"/>
    <tag k="roof:material" v="tar_paper"/>
    <tag k="roof:shape" v="flat"/>
  </way>
  <way id="184004131" version="4" timestamp="2023-08-17T12:23:42Z" changeset="140010444" uid="334643" user="Steve_32">
    <nd ref="1944403646"/>
    <nd ref="1944403683"/>
    <nd ref="1944403671"/>
    <nd ref="1944403643"/>
    <nd ref="1944403646"/>
    <tag k="building" v="garages"/>
    <tag k="building:colour" v="grey"/>
    <tag k="building:levels" v="1"/>
    <tag k="building:material" v="plaster"/>
    <tag k="roof:colour" v="grey"/>
    <tag k="roof:material" v="tar_paper"/>
    <tag k="roof:shape" v="flat"/>
  </way>
  <way id="184004132" version="4" timestamp="2023-08-17T12:23:42Z" changeset="140010444" uid="334643" user="Steve_32">
    <nd ref="1944403665"/>
    <nd ref="1944403701"/>
    <nd ref="1944403692"/>
    <nd ref="1944403663"/>
    <nd ref="1944403665"/>
    <tag k="building" v="garages"/>
    <tag k="building:colour" v="grey"/>
    <tag k="building:levels" v="1"/>
    <tag k="building:material" v="plaster"/>
    <tag k="roof:colour" v="grey"/>
    <tag k="roof:material" v="tar_paper"/>
    <tag k="roof:shape" v="flat"/>
  </way>
  <way id="184004133" version="4" timestamp="2024-10-12T18:53:29Z" changeset="157809342" uid="11321493" user="Grass-snake">
    <nd ref="1944403708"/>
    <nd ref="1944403695"/>
    <nd ref="1944403698"/>
    <nd ref="1944403711"/>
    <nd ref="1944403708"/>
    <tag k="addr:housenumber" v="6 с3"/>
    <tag k="addr:street" v="Проектируемый 687-й проезд"/>
    <tag k="building" v="garages"/>
    <tag k="building:colour" v="blue"/>
    <tag k="building:levels" v="1"/>
    <tag k="building:material" v="plaster"/>
    <tag k="roof:colour" v="grey"/>
    <tag k="roof:material" v="tar_paper"/>
    <tag k="roof:shape" v="flat"/>
  </way>
  <way id="184004134" version="4" timestamp="2023-08-17T12:23:42Z" changeset="140010444" uid="334643" user="Steve_32">
    <nd ref="1944403661"/>
    <nd ref="1944403689"/>
    <nd ref="1944403686"/>
    <nd ref="1944403649"/>
    <nd ref="1944403661"/>
    <tag k="building" v="garages"/>
    <tag k="building:colour" v="grey"/>
    <tag k="building:levels" v="1"/>
    <tag k="building:material" v="plaster"/>
    <tag k="roof:colour" v="grey"/>
    <tag k="roof:material" v="tar_paper"/>
    <tag k="roof:shape" v="flat"/>
  </way>
  <way id="196896346" version="5" timestamp="2023-10-12T09:54:33Z" changeset="142470984" uid="11262659" user="Evgeny Printsev">
    <nd ref="1832823312"/>
    <nd ref="1832823310"/>
    <nd ref="1832823308"/>
    <nd ref="1832823307"/>
    <nd ref="1832823309"/>
    <tag k="highway" v="primary"/>
    <tag k="junction" v="roundabout"/>
    <tag k="lanes" v="3"/>
    <tag k="lit" v="yes"/>
    <tag k="maxspeed" v="RU:urban"/>
    <tag k="oneway" v="yes"/>
    <tag k="surface" v="asphalt"/>
  </way>
  <way id="197440492" version="23" timestamp="2023-09-17T00:03:46Z" changeset="141362335" uid="461130" user="Fizzie-DWG">
    <nd ref="3991196625"/>
    <nd ref="3991196628"/>
    <nd ref="2295648093"/>
    <nd ref="1832823336"/>
    <nd ref="1832823335"/>
    <nd ref="1832823333"/>
    <nd ref="1832823328"/>
    <nd ref="1832823312"/>
    <tag k="highway" v="primary"/>
    <tag k="lanes" v="3"/>
    <tag k="lit" v="yes"/>
    <tag k="maxspeed" v="60"/>
    <tag k="name" v="Георгиевский проспект"/>
    <tag k="omkum:code" v="65301"/>
    <tag k="omkum:old_name" v="Проектируемый проезд N 647"/>
    <tag k="oneway" v="yes"/>
    <tag k="sorting_name" v="Проезд N 657 проезд"/>
    <tag k="surface" v="asphalt"/>
  </way>
  <way id="203572947" version="4" timestamp="2024-10-04T20:04:21Z" changeset="157476360" uid="19744364" user="lakgrial1">
    <nd ref="2135834051"/>
    <nd ref="5533582371"/>
    <nd ref="12222979138"/>
    <tag k="highway" v="service"/>
    <tag k="surface" v="asphalt"/>
  </way>
  <way id="220442780" version="7" timestamp="2024-03-08T19:20:40Z" changeset="148398396" uid="21150209" user="Sergio Pizzar">
    <nd ref="1645654913"/>
    <nd ref="2295648111"/>
    <nd ref="2295648102"/>
    <nd ref="5533640491"/>
    <nd ref="2295648099"/>
    <nd ref="2295648109"/>
    <nd ref="11704871833"/>
    <nd ref="3127352271"/>
    <nd ref="2295648106"/>
    <nd ref="2418534557"/>
    <nd ref="2295648093"/>
    <tag k="highway" v="unclassified"/>
    <tag k="surface" v="asphalt"/>
  </way>
  <way id="224019213" version="10" timestamp="2020-05-09T17:06:38Z" changeset="84945433" uid="11020037" user="vadizleo">
    <nd ref="1832823314"/>
    <nd ref="2328482487"/>
    <nd ref="2328482466"/>
    <tag k="foot" v="yes"/>
    <tag k="footway" v="sidewalk"/>
    <tag k="highway" v="footway"/>
    <tag k="lit" v="yes"/>
    <tag k="motor_vehicle" v="no"/>
    <tag k="surface" v="asphalt"/>
  </way>
  <way id="228074720" version="5" timestamp="2023-10-12T09:54:33Z" changeset="142470984" uid="11262659" user="Evgeny Printsev">
    <nd ref="1832823428"/>
    <nd ref="9125686452"/>
    <nd ref="1832823413"/>
    <tag k="highway" v="primary"/>
    <tag k="junction" v="roundabout"/>
    <tag k="lanes" v="3"/>
    <tag k="lit" v="yes"/>
    <tag k="maxspeed" v="RU:urban"/>
    <tag k="oneway" v="yes"/>
    <tag k="surface" v="asphalt"/>
  </way>
  <way id="228074721" version="3" timestamp="2023-10-12T09:54:33Z" changeset="142470984" uid="11262659" user="Evgeny Printsev">
    <nd ref="1832823413"/>
    <nd ref="1832823396"/>
    <nd ref="1832823376"/>
    <nd ref="1832823364"/>
    <nd ref="1832823351"/>
    <nd ref="1832823341"/>
    <nd ref="1832823330"/>
    <nd ref="1832823321"/>
    <nd ref="1832823312"/>
    <tag k="highway" v="primary"/>
    <tag k="junction" v="roundabout"/>
    <tag k="lanes" v="2"/>
    <tag k="lit" v="yes"/>
    <tag k="maxspeed" v="RU:urban"/>
    <tag k="oneway" v="yes"/>
    <tag k="surface" v="asphalt"/>
  </way>
  <way id="251720777" version="7" timestamp="2023-08-25T13:13:24Z" changeset="140372443" uid="11978982" user="mappinglander">
    <nd ref="2579035930"/>
    <nd ref="5003938695"/>
    <nd ref="2579035972"/>
    <nd ref="2579036026"/>
    <nd ref="2579036120"/>
    <nd ref="2579035904"/>
    <nd ref="2579036005"/>
    <nd ref="7501369958"/>
    <nd ref="2579036000"/>
    <nd ref="1622097889"/>
    <nd ref="1622097870"/>
    <nd ref="1622097888"/>
    <nd ref="1622097909"/>
    <nd ref="1622097869"/>
    <nd ref="1622097906"/>
    <nd ref="2579035908"/>
    <nd ref="2579035930"/>
    <tag k="landuse" v="meadow"/>
  </way>
  <way id="260318192" version="8" timestamp="2023-10-12T09:54:33Z" changeset="142470984" uid="11262659" user="Evgeny Printsev">
    <nd ref="1832823425"/>
    <nd ref="1832823433"/>
    <nd ref="1832823443"/>
    <nd ref="9125686453"/>
    <nd ref="1832823451"/>
    <tag k="highway" v="primary"/>
    <tag k="junction" v="roundabout"/>
    <tag k="lanes" v="3"/>
    <tag k="lit" v="yes"/>
    <tag k="maxspeed" v="RU:urban"/>
    <tag k="oneway" v="yes"/>
    <tag k="surface" v="asphalt"/>
  </way>
  <way id="267278815" version="5" timestamp="2023-10-12T09:54:33Z" changeset="142470984" uid="11262659" user="Evgeny Printsev">
    <nd ref="1832823451"/>
    <nd ref="1832823453"/>
    <nd ref="1832823455"/>
    <nd ref="1832823452"/>
    <nd ref="1832823449"/>
    <nd ref="1832823437"/>
    <nd ref="1832823428"/>
    <tag k="highway" v="primary"/>
    <tag k="junction" v="roundabout"/>
    <tag k="lanes" v="2"/>
    <tag k="lit" v="yes"/>
    <tag k="maxspeed" v="RU:urban"/>
    <tag k="oneway" v="yes"/>
    <tag k="surface" v="asphalt"/>
  </way>
  <way id="307542880" version="10" timestamp="2023-08-27T00:37:58Z" changeset="140433249" uid="285369" user="avi32">
    <nd ref="3127352264"/>
    <nd ref="3127352265"/>
    <nd ref="3127352266"/>
    <nd ref="3127352267"/>
    <nd ref="3127352268"/>
    <nd ref="3127352269"/>
    <tag k="highway" v="track"/>
    <tag k="name" v="улица Радио"/>
    <tag k="surface" v="asphalt"/>
  </way>
  <way id="316505782" version="10" timestamp="2026-06-07T21:40:26Z" changeset="183800954" uid="12586263" user="Светлейший">
    <nd ref="3226297787"/>
    <nd ref="7501519434"/>
    <nd ref="3226297788"/>
    <nd ref="7501519433"/>
    <nd ref="3226297790"/>
    <nd ref="4215668929"/>
    <nd ref="3226297794"/>
    <nd ref="11035929577"/>
    <nd ref="5100019134"/>
    <nd ref="3226297796"/>
    <nd ref="5608987408"/>
    <nd ref="11035929578"/>
    <nd ref="3226297799"/>
    <nd ref="3226297798"/>
    <nd ref="13918431460"/>
    <nd ref="3226297797"/>
    <tag k="footway" v="sidewalk"/>
    <tag k="highway" v="footway"/>
    <tag k="surface" v="asphalt"/>
  </way>
  <way id="384581554" version="9" timestamp="2024-10-04T20:01:01Z" changeset="157476281" uid="19744364" user="lakgrial1">
    <nd ref="5533660695"/>
    <nd ref="12222975193"/>
    <nd ref="12222975194"/>
    <nd ref="12222975196"/>
    <nd ref="12222975197"/>
    <nd ref="12222975195"/>
    <nd ref="5533660696"/>
    <nd ref="5533660690"/>
    <nd ref="5533660691"/>
    <nd ref="5533660697"/>
    <nd ref="11035431515"/>
    <nd ref="3878906216"/>
    <nd ref="11035431513"/>
    <nd ref="11035431514"/>
    <nd ref="11035431517"/>
    <nd ref="11035431520"/>
    <nd ref="11035431519"/>
    <nd ref="11035431518"/>
    <nd ref="11035431516"/>
    <nd ref="3878906161"/>
    <nd ref="11069632122"/>
    <nd ref="11035404777"/>
    <nd ref="3878905441"/>
    <nd ref="11035404778"/>
    <nd ref="11035404780"/>
    <nd ref="3878905435"/>
    <nd ref="11112565887"/>
    <nd ref="11035404779"/>
    <nd ref="11112565886"/>
    <nd ref="5533660689"/>
    <nd ref="11112565884"/>
    <nd ref="11112565883"/>
    <nd ref="11112565879"/>
    <nd ref="5533660688"/>
    <nd ref="5533660695"/>
    <tag k="natural" v="wood"/>
  </way>
  <way id="384581555" version="3" timestamp="2023-08-24T20:21:41Z" changeset="140341461" uid="19744364" user="lakgrial1">
    <nd ref="3878906221"/>
    <nd ref="3878906175"/>
    <nd ref="3878905422"/>
    <nd ref="3878905429"/>
    <nd ref="3878905415"/>
    <nd ref="3878905411"/>
    <nd ref="3878905410"/>
    <nd ref="11142277869"/>
    <nd ref="3878905412"/>
    <nd ref="3878905417"/>
    <nd ref="3878905414"/>
    <nd ref="3878905423"/>
    <nd ref="5609002466"/>
    <nd ref="5609002467"/>
    <nd ref="3878905442"/>
    <nd ref="3878905450"/>
    <nd ref="3878905455"/>
    <nd ref="3878905440"/>
    <nd ref="3878905437"/>
    <nd ref="3878905418"/>
    <nd ref="3878905427"/>
    <nd ref="3878906185"/>
    <nd ref="3878906213"/>
    <nd ref="3878906234"/>
    <nd ref="3878906235"/>
    <nd ref="3878906221"/>
    <tag k="natural" v="wood"/>
  </way>
  <way id="384581557" version="1" timestamp="2015-12-05T20:26:24Z" changeset="35775658" uid="354044" user="tratatam">
    <nd ref="3878906191"/>
    <nd ref="3878906227"/>
    <nd ref="3878906226"/>
    <nd ref="3878906225"/>
    <nd ref="3878906171"/>
    <nd ref="3878905426"/>
    <nd ref="3878905431"/>
    <nd ref="2135834038"/>
    <tag k="barrier" v="fence"/>
  </way>
  <way id="384581608" version="1" timestamp="2015-12-05T20:26:27Z" changeset="35775658" uid="354044" user="tratatam">
    <nd ref="3878906243"/>
    <nd ref="3878906183"/>
    <nd ref="3878905413"/>
    <nd ref="3878905419"/>
    <nd ref="3878905450"/>
    <nd ref="3878905455"/>
    <nd ref="3878906243"/>
    <tag k="landuse" v="residential"/>
  </way>
  <way id="384581610" version="1" timestamp="2015-12-05T20:26:27Z" changeset="35775658" uid="354044" user="tratatam">
    <nd ref="3878906230"/>
    <nd ref="3878906192"/>
    <nd ref="3878905433"/>
    <nd ref="3878905430"/>
    <nd ref="3878905424"/>
    <nd ref="3878906173"/>
    <nd ref="3878906232"/>
    <nd ref="3878906230"/>
    <tag k="landuse" v="industrial"/>
  </way>
  <way id="396311617" version="11" timestamp="2026-06-07T22:04:07Z" changeset="183801423" uid="12586263" user="Светлейший">
    <nd ref="3991196647"/>
    <nd ref="5503676964"/>
    <nd ref="1813720245"/>
    <nd ref="10801478094"/>
    <nd ref="10801478095"/>
    <nd ref="1813720253"/>
    <nd ref="1813720197"/>
    <nd ref="11019653760"/>
    <nd ref="1813720257"/>
    <nd ref="1813720261"/>
    <nd ref="11035431627"/>
    <nd ref="3991196652"/>
    <nd ref="2328482477"/>
    <nd ref="11016647844"/>
    <nd ref="11016647845"/>
    <nd ref="2328482478"/>
    <nd ref="13875881311"/>
    <nd ref="2328482479"/>
    <nd ref="13875808195"/>
    <nd ref="13875881310"/>
    <nd ref="13875881309"/>
    <nd ref="13875881308"/>
    <nd ref="13875881307"/>
    <nd ref="13875881306"/>
    <nd ref="13875881305"/>
    <nd ref="13875881304"/>
    <nd ref="13875881303"/>
    <nd ref="13875881302"/>
    <nd ref="13875881301"/>
    <nd ref="13875808200"/>
    <nd ref="13918487784"/>
    <nd ref="13875808179"/>
    <nd ref="13875808199"/>
    <nd ref="13875808198"/>
    <nd ref="13875808197"/>
    <nd ref="1050231546"/>
    <tag k="foot" v="yes"/>
    <tag k="footway" v="sidewalk"/>
    <tag k="highway" v="footway"/>
    <tag k="motorcar" v="no"/>
    <tag k="surface" v="asphalt"/>
  </way>
  <way id="396311621" version="4" timestamp="2024-03-08T19:23:26Z" changeset="148398466" uid="21150209" user="Sergio Pizzar">
    <nd ref="1832823314"/>
    <nd ref="11704858778"/>
    <nd ref="10538053309"/>
    <nd ref="3991196622"/>
    <nd ref="10544325391"/>
    <nd ref="3991196624"/>
    <tag k="footway" v="sidewalk"/>
    <tag k="highway" v="footway"/>
    <tag k="motorcar" v="no"/>
  </way>
  <way id="396311630" version="3" timestamp="2022-08-11T16:50:08Z" changeset="124784573" uid="16739048" user="Guzalia">
    <nd ref="3991196652"/>
    <nd ref="3991196634"/>
    <nd ref="3991196628"/>
    <nd ref="2328482466"/>
    <tag k="crossing" v="uncontrolled"/>
    <tag k="footway" v="crossing"/>
    <tag k="highway" v="footway"/>
    <tag k="motorcar" v="no"/>
    <tag k="surface" v="asphalt"/>
  </way>
  <way id="396727151" version="1" timestamp="2016-02-08T14:40:41Z" changeset="37075033" uid="481934" user="iWowik">
    <nd ref="3995553767"/>
    <nd ref="3995553765"/>
    <nd ref="3995553766"/>
    <nd ref="3995553768"/>
    <nd ref="3995553767"/>
    <tag k="addr:housenumber" v="1"/>
    <tag k="addr:street" v="улица Радиоцентр"/>
    <tag k="building" v="yes"/>
  </way>
  <way id="396727152" version="1" timestamp="2016-02-08T14:40:41Z" changeset="37075033" uid="481934" user="iWowik">
    <nd ref="3995553772"/>
    <nd ref="3995553769"/>
    <nd ref="3995553770"/>
    <nd ref="3995553773"/>
    <nd ref="3995553772"/>
    <tag k="addr:housenumber" v="2"/>
    <tag k="addr:street" v="улица Радиоцентр"/>
    <tag k="building" v="yes"/>
  </way>
  <way id="396727153" version="1" timestamp="2016-02-08T14:40:41Z" changeset="37075033" uid="481934" user="iWowik">
    <nd ref="3995553763"/>
    <nd ref="3995553761"/>
    <nd ref="3995553762"/>
    <nd ref="3995553764"/>
    <nd ref="3995553763"/>
    <tag k="addr:housenumber" v="6"/>
    <tag k="addr:street" v="улица Радиоцентр"/>
    <tag k="building" v="yes"/>
  </way>
  <way id="396727154" version="3" timestamp="2023-01-10T23:26:20Z" changeset="131124943" uid="18210579" user="idave8124">
    <nd ref="3127352269"/>
    <nd ref="3127352270"/>
    <nd ref="3127352271"/>
    <tag k="highway" v="track"/>
    <tag k="surface" v="asphalt"/>
  </way>
  <way id="396727155" version="2" timestamp="2016-02-08T14:43:57Z" changeset="37075033" uid="481934" user="iWowik">
    <nd ref="3995553759"/>
    <nd ref="3995553757"/>
    <nd ref="3995553758"/>
    <nd ref="3995553760"/>
    <nd ref="3995553759"/>
    <tag k="addr:housenumber" v="11 с6"/>
    <tag k="addr:street" v="улица Радио"/>
    <tag k="building" v="yes"/>
  </way>
  <way id="396727156" version="7" timestamp="2023-08-27T00:37:58Z" changeset="140433249" uid="285369" user="avi32">
    <nd ref="3127352267"/>
    <nd ref="3995553771"/>
    <tag k="highway" v="track"/>
    <tag k="name" v="улица Радиоцентр"/>
  </way>
  <way id="396727168" version="1" timestamp="2016-02-08T14:41:07Z" changeset="37075033" uid="481934" user="iWowik">
    <nd ref="3995553571"/>
    <nd ref="3995553569"/>
    <nd ref="3995553570"/>
    <nd ref="3995553572"/>
    <nd ref="3995553571"/>
    <tag k="building" v="yes"/>
  </way>
  <way id="577151486" version="3" timestamp="2026-05-25T10:44:55Z" changeset="183150026" uid="2055718" user="Bobropiton">
    <nd ref="2328482479"/>
    <nd ref="13875881320"/>
    <nd ref="5533582384"/>
    <nd ref="5533582383"/>
    <tag k="footway" v="crossing"/>
    <tag k="highway" v="footway"/>
    <tag k="motorcar" v="no"/>
    <tag k="surface" v="asphalt"/>
  </way>
  <way id="727545688" version="8" timestamp="2023-09-08T20:44:33Z" changeset="141002257" uid="1925053" user="J_Doe">
    <nd ref="8337517964"/>
    <nd ref="6818012298"/>
    <nd ref="8337517965"/>
    <nd ref="8337517966"/>
    <nd ref="8337517967"/>
    <nd ref="6818012297"/>
    <nd ref="6818012296"/>
    <nd ref="8337517968"/>
    <nd ref="8337517969"/>
    <nd ref="6818012295"/>
    <nd ref="1832823516"/>
    <nd ref="1832823521"/>
    <nd ref="303829313"/>
    <nd ref="670288127"/>
    <nd ref="6818012294"/>
    <nd ref="1836236758"/>
    <nd ref="8337517959"/>
    <nd ref="8337517960"/>
    <nd ref="8337517961"/>
    <nd ref="8337517962"/>
    <nd ref="6818012293"/>
    <nd ref="8337517964"/>
    <tag k="addr:city" v="Зеленоград"/>
    <tag k="addr:country" v="RU"/>
    <tag k="addr:region" v="Москва"/>
    <tag k="name" v="19-й микрорайон"/>
    <tag k="place" v="neighbourhood"/>
  </way>
  <way id="801982461" version="2" timestamp="2022-08-11T16:50:08Z" changeset="124784573" uid="16739048" user="Guzalia">
    <nd ref="3226297787"/>
    <nd ref="3226297791"/>
    <nd ref="3226297793"/>
    <tag k="crossing" v="uncontrolled"/>
    <tag k="footway" v="crossing"/>
    <tag k="highway" v="footway"/>
  </way>
  <way id="801982462" version="3" timestamp="2023-04-30T23:09:55Z" changeset="135555735" uid="1925053" user="J_Doe">
    <nd ref="7501519405"/>
    <nd ref="7501519406"/>
    <nd ref="7501519407"/>
    <nd ref="7501519408"/>
    <nd ref="7501519409"/>
    <nd ref="7501519410"/>
    <nd ref="10858983079"/>
    <nd ref="7501519411"/>
    <nd ref="10858983080"/>
    <nd ref="7501519412"/>
    <nd ref="10858983081"/>
    <nd ref="3226297787"/>
    <tag k="footway" v="sidewalk"/>
    <tag k="highway" v="footway"/>
    <tag k="surface" v="asphalt"/>
  </way>
  <way id="801982475" version="1" timestamp="2020-05-09T16:48:23Z" changeset="84944887" uid="11020037" user="vadizleo">
    <nd ref="7501519434"/>
    <nd ref="7501519435"/>
    <nd ref="7501519436"/>
    <tag k="footway" v="sidewalk"/>
    <tag k="highway" v="footway"/>
  </way>
  <way id="801986878" version="1" timestamp="2020-05-09T17:06:38Z" changeset="84945433" uid="11020037" user="vadizleo">
    <nd ref="2328482466"/>
    <nd ref="3991196624"/>
    <tag k="footway" v="sidewalk"/>
    <tag k="highway" v="footway"/>
    <tag k="motorcar" v="no"/>
    <tag k="surface" v="asphalt"/>
  </way>
  <way id="801986879" version="2" timestamp="2023-04-30T23:09:55Z" changeset="135555735" uid="1925053" user="J_Doe">
    <nd ref="7501558293"/>
    <nd ref="7501558295"/>
    <nd ref="2328482467"/>
    <nd ref="7501558294"/>
    <nd ref="2328482468"/>
    <nd ref="10858983073"/>
    <nd ref="2328482469"/>
    <nd ref="2328482470"/>
    <nd ref="10858983074"/>
    <nd ref="10858983075"/>
    <nd ref="2328482471"/>
    <nd ref="4013463541"/>
    <nd ref="10858983076"/>
    <nd ref="2328482472"/>
    <nd ref="10858983077"/>
    <nd ref="2328482473"/>
    <nd ref="2328482474"/>
    <nd ref="3127352264"/>
    <nd ref="2328482475"/>
    <nd ref="4013463513"/>
    <nd ref="5003938697"/>
    <nd ref="7501539768"/>
    <nd ref="7501539771"/>
    <nd ref="2899351929"/>
    <nd ref="7501369958"/>
    <tag k="foot" v="yes"/>
    <tag k="footway" v="sidewalk"/>
    <tag k="highway" v="footway"/>
    <tag k="lit" v="yes"/>
    <tag k="motor_vehicle" v="no"/>
    <tag k="surface" v="asphalt"/>
  </way>
  <way id="801986880" version="2" timestamp="2022-08-11T16:50:08Z" changeset="124784573" uid="16739048" user="Guzalia">
    <nd ref="2328482466"/>
    <nd ref="2418534557"/>
    <nd ref="7501558293"/>
    <tag k="crossing" v="uncontrolled"/>
    <tag k="foot" v="yes"/>
    <tag k="footway" v="crossing"/>
    <tag k="highway" v="footway"/>
    <tag k="lit" v="yes"/>
    <tag k="motor_vehicle" v="no"/>
    <tag k="surface" v="asphalt"/>
  </way>
  <way id="801988539" version="3" timestamp="2024-10-04T20:04:21Z" changeset="157476360" uid="19744364" user="lakgrial1">
    <nd ref="7501572695"/>
    <nd ref="5533582367"/>
    <nd ref="5533582369"/>
    <nd ref="5533582370"/>
    <nd ref="5533582371"/>
    <nd ref="12222979139"/>
    <nd ref="5533582372"/>
    <nd ref="5533582373"/>
    <nd ref="5533582374"/>
    <nd ref="5533582375"/>
    <nd ref="5533582376"/>
    <nd ref="5533582382"/>
    <nd ref="5533582383"/>
    <nd ref="5533582381"/>
    <nd ref="5533582380"/>
    <nd ref="5533582379"/>
    <nd ref="5533582378"/>
    <nd ref="5533582377"/>
    <nd ref="7501558292"/>
    <nd ref="3226297793"/>
    <tag k="highway" v="footway"/>
    <tag k="surface" v="asphalt"/>
  </way>
  <way id="852559426" version="1" timestamp="2020-09-29T00:06:56Z" changeset="91670087" uid="9133906" user="stargunru">
    <nd ref="7952897871"/>
    <nd ref="7952897872"/>
    <nd ref="7952897873"/>
    <nd ref="7952897874"/>
    <nd ref="7952897875"/>
    <tag k="cables" v="6"/>
    <tag k="circuits" v="2"/>
    <tag k="layer" v="-1"/>
    <tag k="location" v="underground"/>
    <tag k="power" v="cable"/>
    <tag k="voltage" v="220000"/>
  </way>
  <way id="852559427" version="1" timestamp="2020-09-29T00:06:56Z" changeset="91670087" uid="9133906" user="stargunru">
    <nd ref="7952897871"/>
    <nd ref="7952897876"/>
    <nd ref="7952897877"/>
    <nd ref="7952897878"/>
    <nd ref="7952897879"/>
    <nd ref="7952897875"/>
    <tag k="cables" v="6"/>
    <tag k="circuits" v="2"/>
    <tag k="layer" v="-1"/>
    <tag k="location" v="underground"/>
    <tag k="power" v="cable"/>
    <tag k="voltage" v="220000"/>
  </way>
  <way id="852559428" version="1" timestamp="2020-09-29T00:06:56Z" changeset="91670087" uid="9133906" user="stargunru">
    <nd ref="7952897875"/>
    <nd ref="7952897880"/>
    <nd ref="7952897881"/>
    <nd ref="7952897882"/>
    <nd ref="7952897883"/>
    <nd ref="7952897884"/>
    <nd ref="7952964585"/>
    <nd ref="7952964586"/>
    <nd ref="7952964587"/>
    <nd ref="7952964588"/>
    <nd ref="7952964589"/>
    <nd ref="7952964590"/>
    <nd ref="7952964591"/>
    <tag k="cables" v="12"/>
    <tag k="circuits" v="4"/>
    <tag k="layer" v="-1"/>
    <tag k="location" v="underground"/>
    <tag k="power" v="cable"/>
    <tag k="voltage" v="220000"/>
  </way>
  <way id="896320557" version="4" timestamp="2024-06-04T14:51:00Z" changeset="152247900" uid="1185631" user="Dmitry2013">
    <nd ref="8331950502"/>
    <nd ref="8331950501"/>
    <nd ref="8331950500"/>
    <nd ref="8331950499"/>
    <nd ref="8331950498"/>
    <nd ref="8331950497"/>
    <nd ref="8331950496"/>
    <nd ref="8331950495"/>
    <nd ref="8331950494"/>
    <nd ref="8331950493"/>
    <nd ref="8331950492"/>
    <nd ref="8331950491"/>
    <nd ref="10801591661"/>
    <nd ref="8331950502"/>
  </way>
  <way id="960757441" version="5" timestamp="2024-06-04T14:51:00Z" changeset="152247900" uid="1185631" user="Dmitry2013">
    <nd ref="8887840643"/>
    <nd ref="8887840644"/>
    <nd ref="8887840645"/>
    <nd ref="8887840646"/>
    <nd ref="8887840647"/>
    <nd ref="8887840648"/>
    <nd ref="8887840649"/>
    <nd ref="8887840650"/>
    <nd ref="8887840651"/>
    <nd ref="8887840652"/>
    <nd ref="8887840653"/>
    <nd ref="8887840654"/>
    <nd ref="8887840655"/>
    <nd ref="8887840656"/>
    <nd ref="10801591663"/>
    <nd ref="8887840643"/>
  </way>
  <way id="1085299758" version="2" timestamp="2023-10-12T09:54:33Z" changeset="142470984" uid="11262659" user="Evgeny Printsev">
    <nd ref="1832823344"/>
    <nd ref="1832823359"/>
    <nd ref="1645801362"/>
    <tag k="highway" v="primary"/>
    <tag k="junction" v="roundabout"/>
    <tag k="lanes" v="3"/>
    <tag k="lit" v="yes"/>
    <tag k="maxspeed" v="RU:urban"/>
    <tag k="oneway" v="yes"/>
    <tag k="surface" v="asphalt"/>
  </way>
  <way id="1085299759" version="2" timestamp="2023-10-12T09:54:33Z" changeset="142470984" uid="11262659" user="Evgeny Printsev">
    <nd ref="1645801362"/>
    <nd ref="1832823387"/>
    <nd ref="1832823411"/>
    <nd ref="1832823425"/>
    <tag k="highway" v="primary"/>
    <tag k="junction" v="roundabout"/>
    <tag k="lanes" v="2"/>
    <tag k="lit" v="yes"/>
    <tag k="maxspeed" v="RU:urban"/>
    <tag k="oneway" v="yes"/>
    <tag k="surface" v="asphalt"/>
  </way>
  <way id="1085299760" version="17" timestamp="2023-09-17T00:03:46Z" changeset="141362335" uid="461130" user="Fizzie-DWG">
    <nd ref="1832823413"/>
    <nd ref="1832823372"/>
    <tag k="highway" v="primary"/>
    <tag k="lanes" v="3"/>
    <tag k="lit" v="yes"/>
    <tag k="maxspeed" v="60"/>
    <tag k="name" v="Георгиевский проспект"/>
    <tag k="omkum:code" v="65301"/>
    <tag k="omkum:old_name" v="Проектируемый проезд N 647"/>
    <tag k="oneway" v="yes"/>
    <tag k="sorting_name" v="Проезд N 657 проезд"/>
    <tag k="surface" v="asphalt"/>
  </way>
  <way id="1085299761" version="17" timestamp="2023-09-17T00:03:46Z" changeset="141362335" uid="461130" user="Fizzie-DWG">
    <nd ref="1832823372"/>
    <nd ref="1832823369"/>
    <nd ref="1832823363"/>
    <nd ref="1832823361"/>
    <nd ref="1832823360"/>
    <nd ref="1832823358"/>
    <tag k="highway" v="primary"/>
    <tag k="lanes" v="2"/>
    <tag k="lit" v="yes"/>
    <tag k="maxspeed" v="60"/>
    <tag k="name" v="Георгиевский проспект"/>
    <tag k="omkum:code" v="65301"/>
    <tag k="omkum:old_name" v="Проектируемый проезд N 647"/>
    <tag k="oneway" v="yes"/>
    <tag k="sorting_name" v="Проезд N 657 проезд"/>
    <tag k="surface" v="asphalt"/>
  </way>
  <way id="1160668104" version="17" timestamp="2023-09-17T00:03:46Z" changeset="141362335" uid="461130" user="Fizzie-DWG">
    <nd ref="4013463543"/>
    <nd ref="1562600908"/>
    <nd ref="1562600941"/>
    <nd ref="302887379"/>
    <nd ref="751095791"/>
    <tag k="highway" v="primary"/>
    <tag k="lanes" v="3"/>
    <tag k="maxspeed" v="60"/>
    <tag k="name" v="Кутузовское шоссе"/>
    <tag k="oneway" v="yes"/>
    <tag k="surface" v="asphalt"/>
  </way>
  <way id="1161320460" version="23" timestamp="2023-09-17T00:04:22Z" changeset="141362347" uid="461130" user="Fizzie-DWG">
    <nd ref="10801478067"/>
    <nd ref="10801478068"/>
    <nd ref="10801478069"/>
    <nd ref="10801478071"/>
    <nd ref="10801478070"/>
    <nd ref="4017110522"/>
    <tag k="name" v="Кутузовский ручей"/>
    <tag k="waterway" v="stream"/>
  </way>
  <way id="1161332410" version="3" timestamp="2024-06-04T14:51:00Z" changeset="152247900" uid="1185631" user="Dmitry2013">
    <nd ref="10801591661"/>
    <nd ref="10801591662"/>
    <nd ref="8887840643"/>
    <nd ref="10801591663"/>
    <nd ref="8331950502"/>
    <nd ref="10801591661"/>
  </way>
  <way id="1186069448" version="1" timestamp="2023-06-30T19:21:29Z" changeset="137971390" uid="1925053" user="J_Doe">
    <nd ref="11016647834"/>
    <nd ref="11016647835"/>
    <nd ref="11016647836"/>
    <nd ref="11016647837"/>
    <nd ref="11016647838"/>
    <nd ref="11016647839"/>
    <tag k="barrier" v="retaining_wall"/>
  </way>
  <way id="1186455177" version="2" timestamp="2023-07-02T12:04:24Z" changeset="138020814" uid="830106" user="literan">
    <nd ref="11019653755"/>
    <nd ref="11019653756"/>
    <nd ref="11019653757"/>
    <nd ref="11019653758"/>
    <nd ref="11019653759"/>
    <nd ref="11019653754"/>
    <tag k="highway" v="service"/>
  </way>
  <way id="1188484310" version="1" timestamp="2023-07-09T17:45:07Z" changeset="138305678" uid="19744364" user="lakgrial1">
    <nd ref="3226297793"/>
    <nd ref="11035929575"/>
    <tag k="highway" v="footway"/>
  </way>
  <way id="1189438174" version="1" timestamp="2023-07-13T16:44:40Z" changeset="138472023" uid="19744364" user="lakgrial1">
    <nd ref="1622097879"/>
    <nd ref="1622097903"/>
    <nd ref="1622097894"/>
    <nd ref="11044488142"/>
    <nd ref="11044488143"/>
    <nd ref="11044488144"/>
    <nd ref="11044488145"/>
    <nd ref="11044488146"/>
    <nd ref="11044488147"/>
    <nd ref="1622097866"/>
    <nd ref="1622097858"/>
    <nd ref="1622097868"/>
    <nd ref="1622097904"/>
    <nd ref="1622097905"/>
    <nd ref="1622097899"/>
    <nd ref="1622097911"/>
    <nd ref="5533640493"/>
    <nd ref="7952897880"/>
    <nd ref="7952897882"/>
    <nd ref="7952897883"/>
    <nd ref="1262052099"/>
    <nd ref="1262052100"/>
    <nd ref="1262052170"/>
    <nd ref="1262052120"/>
    <nd ref="1262052152"/>
    <nd ref="1262052143"/>
    <nd ref="11044488138"/>
    <nd ref="11044488139"/>
    <nd ref="11044488140"/>
    <nd ref="11044488141"/>
    <nd ref="1622097879"/>
    <tag k="natural" v="wood"/>
  </way>
  <way id="1190010846" version="1" timestamp="2023-07-16T16:37:14Z" changeset="138586275" uid="19744364" user="lakgrial1">
    <nd ref="11049648868"/>
    <nd ref="11049648869"/>
    <nd ref="11049648870"/>
    <nd ref="11049648871"/>
    <nd ref="11049648868"/>
    <tag k="leisure" v="playground"/>
  </way>
  <way id="1192455463" version="1" timestamp="2023-07-26T16:09:38Z" changeset="139045318" uid="19744364" user="lakgrial1">
    <nd ref="11069377603"/>
    <nd ref="11069377604"/>
    <nd ref="11069632105"/>
    <nd ref="11069632106"/>
    <nd ref="11069632107"/>
    <nd ref="11069632108"/>
    <nd ref="11069632109"/>
    <nd ref="11069632110"/>
    <nd ref="11069632111"/>
    <nd ref="11069632112"/>
    <nd ref="11069632113"/>
    <nd ref="11069377603"/>
    <tag k="natural" v="grassland"/>
  </way>
  <way id="1192455467" version="1" timestamp="2023-07-26T16:09:38Z" changeset="139045318" uid="19744364" user="lakgrial1">
    <nd ref="11069632170"/>
    <nd ref="11069632171"/>
    <nd ref="11069632172"/>
    <nd ref="11069632173"/>
    <nd ref="11069632174"/>
    <nd ref="11069632175"/>
    <nd ref="11069632176"/>
    <nd ref="11069632177"/>
    <nd ref="11069632178"/>
    <nd ref="11069632179"/>
    <nd ref="11069632180"/>
    <nd ref="11069632181"/>
    <nd ref="11069632182"/>
    <nd ref="11069632183"/>
    <nd ref="11069632184"/>
    <nd ref="11069632185"/>
    <nd ref="11069632170"/>
    <tag k="natural" v="wood"/>
  </way>
  <way id="1197766146" version="3" timestamp="2024-10-04T20:01:01Z" changeset="157476281" uid="19744364" user="lakgrial1">
    <nd ref="11069632120"/>
    <nd ref="11069632119"/>
    <nd ref="11069377603"/>
    <nd ref="11069632113"/>
    <nd ref="11069632112"/>
    <nd ref="11069632111"/>
    <nd ref="11069632165"/>
    <nd ref="11069632166"/>
    <nd ref="12222978625"/>
    <nd ref="5533660688"/>
    <nd ref="11112565879"/>
    <nd ref="11112565883"/>
    <nd ref="11112565884"/>
    <nd ref="5533660689"/>
    <nd ref="11112565886"/>
    <nd ref="11035404779"/>
    <nd ref="11112565887"/>
    <nd ref="3878905435"/>
    <nd ref="11035404780"/>
    <nd ref="11035404778"/>
    <nd ref="3878905441"/>
    <nd ref="11035404777"/>
    <nd ref="11069632121"/>
    <nd ref="11069632120"/>
    <tag k="landuse" v="residential"/>
  </way>
  <way id="1198090592" version="1" timestamp="2023-08-14T17:36:35Z" changeset="139882386" uid="830106" user="literan">
    <nd ref="11114774734"/>
    <nd ref="11114774733"/>
    <nd ref="11114774732"/>
    <nd ref="11114774731"/>
    <nd ref="11114774730"/>
    <nd ref="11114774734"/>
    <tag k="landuse" v="garages"/>
  </way>
  <way id="1259131135" version="1" timestamp="2024-03-08T19:20:40Z" changeset="148398396" uid="21150209" user="Sergio Pizzar">
    <nd ref="11704871818"/>
    <nd ref="11704871819"/>
    <nd ref="11704871820"/>
    <nd ref="11704871821"/>
    <nd ref="11704871822"/>
    <nd ref="11704871823"/>
    <nd ref="11704871824"/>
    <nd ref="11704871825"/>
    <nd ref="11704871826"/>
    <nd ref="11704871827"/>
    <nd ref="11704871828"/>
    <nd ref="11704871829"/>
    <nd ref="11704871830"/>
    <nd ref="11704871831"/>
    <nd ref="11704871832"/>
    <nd ref="11704871833"/>
    <tag k="highway" v="track"/>
  </way>
  <way id="1521281616" version="1" timestamp="2026-05-25T10:44:55Z" changeset="183150026" uid="2055718" user="Bobropiton">
    <nd ref="13875881321"/>
    <nd ref="13875808194"/>
    <nd ref="13875881320"/>
    <nd ref="13875881319"/>
    <nd ref="13875881318"/>
    <nd ref="1832823428"/>
    <tag k="highway" v="secondary"/>
    <tag k="lanes" v="3"/>
    <tag k="lit" v="yes"/>
    <tag k="maxspeed" v="RU:urban"/>
    <tag k="oneway" v="yes"/>
    <tag k="surface" v="asphalt"/>
    <tag k="turn:lanes" v="left;through|through;right|right"/>
  </way>
  <way id="1521281617" version="1" timestamp="2026-05-25T10:44:55Z" changeset="183150026" uid="2055718" user="Bobropiton">
    <nd ref="13875881313"/>
    <nd ref="1832823505"/>
    <nd ref="1832823508"/>
    <nd ref="12222979138"/>
    <nd ref="314804016"/>
    <tag k="highway" v="secondary"/>
    <tag k="lanes" v="2"/>
    <tag k="lit" v="yes"/>
    <tag k="maxspeed" v="40"/>
    <tag k="name" v="улица Радио"/>
    <tag k="oneway" v="yes"/>
    <tag k="surface" v="asphalt"/>
  </way>
  <way id="1521281618" version="1" timestamp="2026-05-25T10:44:55Z" changeset="183150026" uid="2055718" user="Bobropiton">
    <nd ref="1832823492"/>
    <nd ref="1832823494"/>
    <nd ref="314804001"/>
    <nd ref="1832823497"/>
    <nd ref="314804011"/>
    <nd ref="1832823501"/>
    <nd ref="13875881313"/>
    <tag k="highway" v="secondary"/>
    <tag k="lanes" v="3"/>
    <tag k="lanes:psv" v="1"/>
    <tag k="lit" v="yes"/>
    <tag k="maxspeed" v="40"/>
    <tag k="name" v="улица Радио"/>
    <tag k="oneway" v="yes"/>
    <tag k="psv:lanes" v="designated||"/>
    <tag k="surface" v="asphalt"/>
    <tag k="turn:lanes" v="left|through|through"/>
  </way>
  <way id="1521281619" version="1" timestamp="2026-05-25T10:44:55Z" changeset="183150026" uid="2055718" user="Bobropiton">
    <nd ref="994572597"/>
    <nd ref="13875881317"/>
    <nd ref="13875881321"/>
    <tag k="construction" v="tertiary"/>
    <tag k="highway" v="construction"/>
    <tag k="lanes" v="2"/>
    <tag k="lit" v="yes"/>
    <tag k="oneway" v="yes"/>
    <tag k="surface" v="asphalt"/>
  </way>
  <way id="1521281620" version="1" timestamp="2026-05-25T10:44:55Z" changeset="183150026" uid="2055718" user="Bobropiton">
    <nd ref="13875881313"/>
    <nd ref="13875881312"/>
    <nd ref="13875881314"/>
    <nd ref="13875881315"/>
    <nd ref="1645673725"/>
    <tag k="construction" v="tertiary"/>
    <tag k="highway" v="construction"/>
    <tag k="lanes" v="1"/>
    <tag k="lanes:psv" v="1"/>
    <tag k="lit" v="yes"/>
    <tag k="oneway" v="yes"/>
    <tag k="psv:lanes" v="designated"/>
    <tag k="surface" v="asphalt"/>
  </way>
  <way id="1521281622" version="1" timestamp="2026-05-25T10:44:55Z" changeset="183150026" uid="2055718" user="Bobropiton">
    <nd ref="314804016"/>
    <nd ref="1645673727"/>
    <nd ref="1645673725"/>
    <nd ref="13875881316"/>
    <nd ref="1645673729"/>
    <nd ref="994572597"/>
    <tag k="construction" v="tertiary"/>
    <tag k="highway" v="construction"/>
    <tag k="lanes" v="1"/>
    <tag k="lit" v="yes"/>
    <tag k="oneway" v="yes"/>
    <tag k="surface" v="asphalt"/>
  </way>
  <relation id="2090815" version="132" timestamp="2026-05-28T09:35:02Z" changeset="183294862" uid="23926472" user="Максим Баранаускас">
    <member type="node" ref="1342478640" role="stop_entry_only"/>
    <member type="node" ref="1157491863" role="platform_entry_only"/>
    <member type="node" ref="1343664175" role="stop"/>
    <member type="node" ref="1157491862" role="platform"/>
    <member type="node" ref="1346563708" role="stop"/>
    <member type="node" ref="1157491859" role="platform"/>
    <member type="node" ref="1408800925" role="stop"/>
    <member type="node" ref="1158864219" role="platform"/>
    <member type="node" ref="1408800924" role="stop"/>
    <member type="node" ref="1158864218" role="platform"/>
    <member type="node" ref="1417530731" role="stop"/>
    <member type="node" ref="1158869394" role="platform"/>
    <member type="node" ref="7437848554" role="stop"/>
    <member type="node" ref="1338305030" role="platform"/>
    <member type="node" ref="7437848555" role="stop"/>
    <member type="node" ref="1331132507" role="platform"/>
    <member type="node" ref="3729911186" role="stop"/>
    <member type="node" ref="1331052396" role="platform"/>
    <member type="node" ref="7321890894" role="stop"/>
    <member type="node" ref="3753532541" role="platform"/>
    <member type="node" ref="7437848557" role="stop"/>
    <member type="node" ref="2882070878" role="platform"/>
    <member type="node" ref="617193900" role="stop"/>
    <member type="node" ref="1331082735" role="platform"/>
    <member type="node" ref="10795072382" role="stop"/>
    <member type="node" ref="1828600824" role="platform"/>
    <member type="node" ref="10795072393" role="stop"/>
    <member type="node" ref="2727468053" role="platform"/>
    <member type="node" ref="10795072399" role="stop"/>
    <member type="node" ref="2727361084" role="platform"/>
    <member type="node" ref="10795103308" role="stop"/>
    <member type="node" ref="2727361058" role="platform"/>
    <member type="node" ref="10795103310" role="stop"/>
    <member type="node" ref="5929978243" role="platform"/>
    <member type="node" ref="10795103311" role="stop"/>
    <member type="node" ref="1506329969" role="platform"/>
    <member type="node" ref="10795103314" role="stop"/>
    <member type="node" ref="1601968928" role="platform"/>
    <member type="node" ref="10795103315" role="stop"/>
    <member type="node" ref="1941526464" role="platform"/>
    <member type="node" ref="10795103317" role="stop"/>
    <member type="node" ref="1492213208" role="platform"/>
    <member type="node" ref="10795103321" role="stop"/>
    <member type="node" ref="10795103322" role="platform"/>
    <member type="node" ref="10795103324" role="stop"/>
    <member type="node" ref="5622124376" role="platform"/>
    <member type="node" ref="3065441634" role="stop"/>
    <member type="node" ref="3065441635" role="platform"/>
    <member type="node" ref="3065441302" role="stop"/>
    <member type="node" ref="3065441303" role="platform"/>
    <member type="node" ref="9152698375" role="stop"/>
    <member type="node" ref="4101114090" role="platform"/>
    <member type="node" ref="3065441643" role="stop"/>
    <member type="node" ref="2355283418" role="platform"/>
    <member type="node" ref="3065441637" role="stop"/>
    <member type="node" ref="2355283417" role="platform"/>
    <member type="node" ref="3065441646" role="stop"/>
    <member type="node" ref="1603326034" role="platform"/>
    <member type="node" ref="1871643874" role="stop"/>
    <member type="node" ref="1603326536" role="platform"/>
    <member type="node" ref="3065441660" role="stop"/>
    <member type="node" ref="2070020967" role="platform"/>
    <member type="node" ref="3065441300" role="stop"/>
    <member type="node" ref="1035327977" role="platform"/>
    <member type="node" ref="3065441663" role="stop"/>
    <member type="node" ref="1035327201" role="platform"/>
    <member type="node" ref="3065441666" role="stop"/>
    <member type="node" ref="2083663009" role="platform"/>
    <member type="node" ref="3065441294" role="stop"/>
    <member type="node" ref="1843540338" role="platform"/>
    <member type="node" ref="3065441309" role="stop"/>
    <member type="node" ref="2083662994" role="platform"/>
    <member type="node" ref="3065441290" role="stop"/>
    <member type="node" ref="2107221525" role="platform"/>
    <member type="node" ref="3065441678" role="stop_exit_only"/>
    <member type="node" ref="1843591046" role="platform_exit_only"/>
    <member type="way" ref="1160668106" role=""/>
    <member type="way" ref="28909259" role=""/>
    <member type="way" ref="1066171994" role=""/>
    <member type="way" ref="984862106" role=""/>
    <member type="way" ref="100134032" role=""/>
    <member type="way" ref="119996967" role=""/>
    <member type="way" ref="1009064524" role=""/>
    <member type="way" ref="66665847" role=""/>
    <member type="way" ref="23044868" role=""/>
    <member type="way" ref="23019070" role=""/>
    <member type="way" ref="1084075355" role=""/>
    <member type="way" ref="127383142" role=""/>
    <member type="way" ref="1160720735" role=""/>
    <member type="way" ref="1057892461" role=""/>
    <member type="way" ref="46628324" role=""/>
    <member type="way" ref="1057892462" role=""/>
    <member type="way" ref="1124777488" role=""/>
    <member type="way" ref="1124777465" role=""/>
    <member type="way" ref="46628325" role=""/>
    <member type="way" ref="31299868" role=""/>
    <member type="way" ref="23091039" role=""/>
    <member type="way" ref="23091059" role=""/>
    <member type="way" ref="967388267" role=""/>
    <member type="way" ref="31299860" role=""/>
    <member type="way" ref="86398302" role=""/>
    <member type="way" ref="717330542" role=""/>
    <member type="way" ref="156375850" role=""/>
    <member type="way" ref="376380886" role=""/>
    <member type="way" ref="376380841" role=""/>
    <member type="way" ref="376380754" role=""/>
    <member type="way" ref="28057733" role=""/>
    <member type="way" ref="376380753" role=""/>
    <member type="way" ref="376377727" role=""/>
    <member type="way" ref="376377726" role=""/>
    <member type="way" ref="376377927" role=""/>
    <member type="way" ref="376377928" role=""/>
    <member type="way" ref="48593114" role=""/>
    <member type="way" ref="28057716" role=""/>
    <member type="way" ref="28057715" role=""/>
    <member type="way" ref="1343061751" role=""/>
    <member type="way" ref="376668142" role=""/>
    <member type="way" ref="701537902" role=""/>
    <member type="way" ref="507345372" role=""/>
    <member type="way" ref="626030847" role=""/>
    <member type="way" ref="626030846" role=""/>
    <member type="way" ref="641506524" role=""/>
    <member type="way" ref="1342778528" role=""/>
    <member type="way" ref="805511251" role=""/>
    <member type="way" ref="805511250" role=""/>
    <member type="way" ref="27635063" role=""/>
    <member type="way" ref="382642090" role=""/>
    <member type="way" ref="49181709" role=""/>
    <member type="way" ref="49181703" role=""/>
    <member type="way" ref="792713370" role=""/>
    <member type="way" ref="1163371879" role=""/>
    <member type="way" ref="1163371878" role=""/>
    <member type="way" ref="1163371877" role=""/>
    <member type="way" ref="1163371876" role=""/>
    <member type="way" ref="1163371605" role=""/>
    <member type="way" ref="1163371604" role=""/>
    <member type="way" ref="792713369" role=""/>
    <member type="way" ref="1177862242" role=""/>
    <member type="way" ref="1177863158" role=""/>
    <member type="way" ref="382642091" role=""/>
    <member type="way" ref="1163369674" role=""/>
    <member type="way" ref="1177862238" role=""/>
    <member type="way" ref="1177862240" role=""/>
    <member type="way" ref="1177862239" role=""/>
    <member type="way" ref="1163369673" role=""/>
    <member type="way" ref="1521082706" role=""/>
    <member type="way" ref="1163368977" role=""/>
    <member type="way" ref="1163368976" role=""/>
    <member type="way" ref="1177860555" role=""/>
    <member type="way" ref="1177860546" role=""/>
    <member type="way" ref="1177860544" role=""/>
    <member type="way" ref="266310291" role=""/>
    <member type="way" ref="452056254" role=""/>
    <member type="way" ref="251824892" role=""/>
    <member type="way" ref="452056261" role=""/>
    <member type="way" ref="452056289" role=""/>
    <member type="way" ref="969877865" role=""/>
    <member type="way" ref="452056285" role=""/>
    <member type="way" ref="452056264" role=""/>
    <member type="way" ref="452056259" role=""/>
    <member type="way" ref="452056255" role=""/>
    <member type="way" ref="38141488" role=""/>
    <member type="way" ref="648169071" role=""/>
    <member type="way" ref="648169070" role=""/>
    <member type="way" ref="648169059" role=""/>
    <member type="way" ref="648169068" role=""/>
    <member type="way" ref="648169048" role=""/>
    <member type="way" ref="793632946" role=""/>
    <member type="way" ref="793632945" role=""/>
    <member type="way" ref="648169069" role=""/>
    <member type="way" ref="793632944" role=""/>
    <member type="way" ref="172161854" role=""/>
    <member type="way" ref="1190447817" role=""/>
    <member type="way" ref="1190447815" role=""/>
    <member type="way" ref="1190447808" role=""/>
    <member type="way" ref="1190447810" role=""/>
    <member type="way" ref="1190447814" role=""/>
    <member type="way" ref="109572934" role=""/>
    <member type="way" ref="966124808" role=""/>
    <member type="way" ref="443642625" role=""/>
    <member type="way" ref="970456914" role=""/>
    <member type="way" ref="803484318" role=""/>
    <member type="way" ref="531514875" role=""/>
    <member type="way" ref="443642624" role=""/>
    <member type="way" ref="1057388559" role=""/>
    <member type="way" ref="204551154" role=""/>
    <member type="way" ref="787313712" role=""/>
    <member type="way" ref="182162317" role=""/>
    <member type="way" ref="156265320" role=""/>
    <member type="way" ref="628078794" role=""/>
    <member type="way" ref="1340744263" role=""/>
    <member type="way" ref="1463413852" role=""/>
    <member type="way" ref="156265305" role=""/>
    <member type="way" ref="109572932" role=""/>
    <member type="way" ref="628133853" role=""/>
    <member type="way" ref="866780305" role=""/>
    <member type="way" ref="628133935" role=""/>
    <member type="way" ref="1238336837" role=""/>
    <member type="way" ref="109572935" role=""/>
    <member type="way" ref="1238693696" role=""/>
    <member type="way" ref="1238693694" role=""/>
    <member type="way" ref="1238693695" role=""/>
    <member type="way" ref="732392218" role=""/>
    <member type="way" ref="732392220" role=""/>
    <member type="way" ref="732392228" role=""/>
    <member type="way" ref="267278817" role=""/>
    <member type="way" ref="732392235" role=""/>
    <member type="way" ref="513945936" role=""/>
    <member type="way" ref="899211069" role=""/>
    <member type="way" ref="27584119" role=""/>
    <member type="way" ref="71392916" role=""/>
    <member type="way" ref="697520767" role=""/>
    <member type="way" ref="697520765" role=""/>
    <member type="way" ref="698169243" role=""/>
    <member type="way" ref="697520769" role=""/>
    <member type="way" ref="34063113" role=""/>
    <member type="way" ref="267278816" role=""/>
    <member type="way" ref="1085299754" role=""/>
    <member type="way" ref="1373324199" role=""/>
    <member type="way" ref="1085299755" role=""/>
    <member type="way" ref="1410593533" role=""/>
    <member type="way" ref="1085299757" role=""/>
    <member type="way" ref="1085648452" role=""/>
    <member type="way" ref="1085648451" role=""/>
    <member type="way" ref="1161720966" role=""/>
    <member type="way" ref="1085648454" role=""/>
    <member type="way" ref="1085648453" role=""/>
    <member type="way" ref="1085648456" role=""/>
    <member type="way" ref="1085648455" role=""/>
    <member type="way" ref="1085648458" role=""/>
    <member type="way" ref="1085648457" role=""/>
    <member type="way" ref="1085648460" role=""/>
    <member type="way" ref="1085648459" role=""/>
    <member type="way" ref="220447882" role=""/>
    <member type="way" ref="1085648461" role=""/>
    <member type="way" ref="1085299756" role=""/>
    <member type="way" ref="1160668104" role=""/>
    <member type="way" ref="71811621" role=""/>
    <member type="way" ref="1085299758" role=""/>
    <member type="way" ref="1085299759" role=""/>
    <member type="way" ref="260318192" role=""/>
    <member type="way" ref="267278815" role=""/>
    <member type="way" ref="228074720" role=""/>
    <member type="way" ref="1085299760" role=""/>
    <member type="way" ref="1085299761" role=""/>
    <member type="way" ref="41802410" role=""/>
    <member type="way" ref="396311639" role=""/>
    <member type="way" ref="396311640" role=""/>
    <member type="way" ref="172373793" role=""/>
    <member type="way" ref="137260061" role=""/>
    <member type="way" ref="1080987808" role=""/>
    <member type="way" ref="1523980395" role=""/>
    <member type="way" ref="1523983910" role=""/>
    <member type="way" ref="172373813" role=""/>
    <member type="way" ref="172373812" role=""/>
    <member type="way" ref="1084657158" role=""/>
    <member type="way" ref="1084657155" role=""/>
    <member type="way" ref="1085368934" role=""/>
    <member type="way" ref="1084657157" role=""/>
    <member type="way" ref="1084657160" role=""/>
    <member type="way" ref="195435542" role=""/>
    <member type="way" ref="1084657159" role=""/>
    <member type="way" ref="1084657156" role=""/>
    <member type="way" ref="1084657154" role=""/>
    <member type="way" ref="1084657153" role=""/>
    <member type="way" ref="1084660852" role=""/>
    <member type="way" ref="1084657151" role=""/>
    <member type="way" ref="1084660851" role=""/>
    <member type="way" ref="1084657152" role=""/>
    <member type="way" ref="1084657150" role=""/>
    <member type="way" ref="1084657149" role=""/>
    <member type="way" ref="195435543" role=""/>
    <member type="way" ref="1084648786" role=""/>
    <member type="way" ref="1084648787" role=""/>
    <member type="way" ref="1084650525" role=""/>
    <member type="way" ref="1084650526" role=""/>
    <member type="way" ref="1084650528" role=""/>
    <member type="way" ref="1084650527" role=""/>
    <member type="way" ref="1084650529" role=""/>
    <member type="way" ref="1084650530" role=""/>
    <member type="way" ref="195435544" role=""/>
    <member type="way" ref="1084650532" role=""/>
    <member type="way" ref="136029517" role=""/>
    <member type="way" ref="1084650533" role=""/>
    <member type="way" ref="1084650531" role=""/>
    <member type="way" ref="1084650534" role=""/>
    <member type="way" ref="1085789719" role=""/>
    <member type="way" ref="1081514872" role=""/>
    <member type="way" ref="75392230" role=""/>
    <member type="way" ref="1081514871" role=""/>
    <member type="way" ref="1081514870" role=""/>
    <member type="way" ref="1081514867" role=""/>
    <member type="way" ref="1085356795" role=""/>
    <member type="way" ref="173568173" role=""/>
    <member type="way" ref="1085356797" role=""/>
    <member type="way" ref="1160668105" role=""/>
    <tag k="air_conditioning" v="yes"/>
    <tag k="bicycle" v="yes"/>
    <tag k="blind" v="limited"/>
    <tag k="bus_class:length" v="4"/>
    <tag k="charge:all-in-one" v="90 RUB"/>
    <tag k="charge:cards" v="83 RUB"/>
    <tag k="charge:sbp" v="83 RUB"/>
    <tag k="charge:troika" v="75 RUB"/>
    <tag k="charge:troika_qr" v="75 RUB"/>
    <tag k="check_date" v="2023-04-08"/>
    <tag k="colour" v="#ff9ad2"/>
    <tag k="deaf" v="yes"/>
    <tag k="fee" v="yes"/>
    <tag k="fine:ticketless" v="5000 RUB"/>
    <tag k="from" v="Метро «Сходненская»"/>
    <tag k="name" v="Автобус 400к: Метро «Сходненская» =&gt; 14-й микрорайон"/>
    <tag k="name:uk" v="Автобус 400к: Метро «Східненська» =&gt; 14-й мікрорайон"/>
    <tag k="network" v="Московский транспорт"/>
    <tag k="operator" v="ГУП «Мосгортранс»"/>
    <tag k="payment:cards" v="yes"/>
    <tag k="payment:cash" v="no"/>
    <tag k="payment:contactless" v="yes"/>
    <tag k="payment:maestro" v="no"/>
    <tag k="payment:mastercard" v="no"/>
    <tag k="payment:mir" v="yes"/>
    <tag k="payment:nfc" v="yes"/>
    <tag k="payment:podorozhnik" v="no"/>
    <tag k="payment:sbp" v="yes"/>
    <tag k="payment:social_cards" v="yes"/>
    <tag k="payment:strelka" v="no"/>
    <tag k="payment:troika" v="yes"/>
    <tag k="payment:visa" v="no"/>
    <tag k="public_transport:version" v="2"/>
    <tag k="ref" v="400к"/>
    <tag k="route" v="bus"/>
    <tag k="source" v="Реестр смежных маршрутов города Москвы"/>
    <tag k="to" v="14-й микрорайон"/>
    <tag k="type" v="route"/>
    <tag k="website" v="https://transport.mos.ru/transport/schedule/route/141502424"/>
    <tag k="wheelchair" v="yes"/>
  </relation>
  <relation id="2630110" version="79" timestamp="2026-05-25T10:44:55Z" changeset="183150026" uid="2055718" user="Bobropiton">
    <member type="node" ref="3065441310" role="stop_entry_only"/>
    <member type="node" ref="1845028373" role="platform_entry_only"/>
    <member type="node" ref="3065441312" role="stop"/>
    <member type="node" ref="2107221538" role="platform"/>
    <member type="node" ref="3065441647" role="stop"/>
    <member type="node" ref="2107221557" role="platform"/>
    <member type="node" ref="3065441314" role="stop"/>
    <member type="node" ref="2107221543" role="platform"/>
    <member type="node" ref="3065441298" role="stop"/>
    <member type="node" ref="2107221532" role="platform"/>
    <member type="node" ref="3065441671" role="stop"/>
    <member type="node" ref="1709733475" role="platform"/>
    <member type="node" ref="12228303654" role="stop"/>
    <member type="node" ref="2081552015" role="platform"/>
    <member type="node" ref="3065160721" role="stop"/>
    <member type="node" ref="2356382141" role="platform"/>
    <member type="node" ref="9152698375" role="stop"/>
    <member type="node" ref="4101114090" role="platform"/>
    <member type="node" ref="12961481196" role="stop_exit_only"/>
    <member type="node" ref="12961481197" role="platform_exit_only"/>
    <member type="way" ref="1085348571" role=""/>
    <member type="way" ref="1085348572" role=""/>
    <member type="way" ref="1085348574" role=""/>
    <member type="way" ref="1085348573" role=""/>
    <member type="way" ref="77739038" role=""/>
    <member type="way" ref="1085348576" role=""/>
    <member type="way" ref="1085348577" role=""/>
    <member type="way" ref="1085348578" role=""/>
    <member type="way" ref="1085348575" role=""/>
    <member type="way" ref="148505666" role=""/>
    <member type="way" ref="1085343725" role=""/>
    <member type="way" ref="1085343724" role=""/>
    <member type="way" ref="1085343723" role=""/>
    <member type="way" ref="1085343722" role=""/>
    <member type="way" ref="1085343720" role=""/>
    <member type="way" ref="1085343721" role=""/>
    <member type="way" ref="1085343719" role=""/>
    <member type="way" ref="1085343718" role=""/>
    <member type="way" ref="1085343717" role=""/>
    <member type="way" ref="1085343716" role=""/>
    <member type="way" ref="1085343714" role=""/>
    <member type="way" ref="1085343715" role=""/>
    <member type="way" ref="1085343713" role=""/>
    <member type="way" ref="148505667" role=""/>
    <member type="way" ref="136059557" role=""/>
    <member type="way" ref="1085321302" role=""/>
    <member type="way" ref="123760451" role=""/>
    <member type="way" ref="1085321301" role=""/>
    <member type="way" ref="1085320156" role=""/>
    <member type="way" ref="1085320157" role=""/>
    <member type="way" ref="1085320155" role=""/>
    <member type="way" ref="1085320154" role=""/>
    <member type="way" ref="1228942837" role=""/>
    <member type="way" ref="898407694" role=""/>
    <member type="way" ref="1323247234" role=""/>
    <member type="way" ref="75393603" role=""/>
    <member type="way" ref="898407693" role=""/>
    <member type="way" ref="195431351" role=""/>
    <member type="way" ref="1085308971" role=""/>
    <member type="way" ref="1085315776" role=""/>
    <member type="way" ref="75391311" role=""/>
    <member type="way" ref="1085315775" role=""/>
    <member type="way" ref="1085315773" role=""/>
    <member type="way" ref="1085315774" role=""/>
    <member type="way" ref="1085315772" role=""/>
    <member type="way" ref="1085315771" role=""/>
    <member type="way" ref="1085315770" role=""/>
    <member type="way" ref="1085315769" role=""/>
    <member type="way" ref="1085315767" role=""/>
    <member type="way" ref="1085315766" role=""/>
    <member type="way" ref="1085315763" role=""/>
    <member type="way" ref="1085315762" role=""/>
    <member type="way" ref="1085308972" role=""/>
    <member type="way" ref="1085308969" role=""/>
    <member type="way" ref="1085308970" role=""/>
    <member type="way" ref="172761181" role=""/>
    <member type="way" ref="197085010" role=""/>
    <member type="way" ref="1085652583" role=""/>
    <member type="way" ref="707958288" role=""/>
    <member type="way" ref="197085008" role=""/>
    <member type="way" ref="537397579" role=""/>
    <member type="way" ref="537397580" role=""/>
    <member type="way" ref="28642043" role=""/>
    <member type="way" ref="1521281621" role=""/>
    <member type="way" ref="151727793" role=""/>
    <member type="way" ref="1521281616" role=""/>
    <member type="way" ref="228074720" role=""/>
    <member type="way" ref="1085299760" role=""/>
    <member type="way" ref="1085299761" role=""/>
    <member type="way" ref="41802410" role=""/>
    <member type="way" ref="396311639" role=""/>
    <member type="way" ref="396311640" role=""/>
    <member type="way" ref="28112936" role=""/>
    <member type="way" ref="1410593551" role=""/>
    <tag k="air_conditioning" v="yes"/>
    <tag k="bicycle" v="yes"/>
    <tag k="blind" v="limited"/>
    <tag k="bus_class:length" v="4;5"/>
    <tag k="charge:all-in-one" v="90 RUB"/>
    <tag k="charge:cards" v="83 RUB"/>
    <tag k="charge:sbp" v="83 RUB"/>
    <tag k="charge:troika" v="75 RUB"/>
    <tag k="charge:troika_qr" v="75 RUB"/>
    <tag k="check_date" v="2023-04-12"/>
    <tag k="colour" v="#c2e6ff"/>
    <tag k="deaf" v="yes"/>
    <tag k="fee" v="yes"/>
    <tag k="fine:ticketless" v="5000 RUB"/>
    <tag k="from" v="Корпус 1420"/>
    <tag k="name" v="Автобус 16: Корпус 1420 =&gt; Зелёный Парк"/>
    <tag k="network" v="Московский транспорт"/>
    <tag k="opening_hours" v="04:50-00:45"/>
    <tag k="operator" v="ГУП «Мосгортранс»"/>
    <tag k="payment:cards" v="yes"/>
    <tag k="payment:cash" v="no"/>
    <tag k="payment:contactless" v="yes"/>
    <tag k="payment:maestro" v="no"/>
    <tag k="payment:mastercard" v="no"/>
    <tag k="payment:mir" v="yes"/>
    <tag k="payment:nfc" v="yes"/>
    <tag k="payment:podorozhnik" v="no"/>
    <tag k="payment:sbp" v="yes"/>
    <tag k="payment:social_cards" v="yes"/>
    <tag k="payment:strelka" v="no"/>
    <tag k="payment:troika" v="yes"/>
    <tag k="payment:visa" v="no"/>
    <tag k="public_transport:version" v="2"/>
    <tag k="ref" v="16"/>
    <tag k="route" v="bus"/>
    <tag k="source" v="Реестр маршрутов города Москвы"/>
    <tag k="to" v="Зелёный Парк"/>
    <tag k="type" v="route"/>
    <tag k="website" v="https://transport.mos.ru/transport/schedule/route/141503178"/>
    <tag k="wheelchair" v="yes"/>
  </relation>
  <relation id="2630111" version="79" timestamp="2026-05-25T10:44:55Z" changeset="183150026" uid="2055718" user="Bobropiton">
    <member type="node" ref="12961481196" role="stop_entry_only"/>
    <member type="node" ref="12961481197" role="platform_entry_only"/>
    <member type="node" ref="3065441634" role="stop"/>
    <member type="node" ref="3065441635" role="platform"/>
    <member type="node" ref="3065441302" role="stop"/>
    <member type="node" ref="3065441303" role="platform"/>
    <member type="node" ref="13875808193" role="stop"/>
    <member type="node" ref="5533582382" role="platform"/>
    <member type="node" ref="3065160722" role="stop"/>
    <member type="node" ref="2356382147" role="platform"/>
    <member type="node" ref="3065160710" role="stop"/>
    <member type="node" ref="2081552017" role="platform"/>
    <member type="node" ref="3065441672" role="stop"/>
    <member type="node" ref="1709733474" role="platform"/>
    <member type="node" ref="3065441297" role="stop"/>
    <member type="node" ref="1844933945" role="platform"/>
    <member type="node" ref="3065441315" role="stop"/>
    <member type="node" ref="1787498891" role="platform"/>
    <member type="node" ref="3065441648" role="stop"/>
    <member type="node" ref="1787498926" role="platform"/>
    <member type="node" ref="3065441313" role="stop"/>
    <member type="node" ref="1787498911" role="platform"/>
    <member type="node" ref="3065441311" role="stop_exit_only"/>
    <member type="node" ref="1845028375" role="platform_exit_only"/>
    <member type="way" ref="1410593550" role=""/>
    <member type="way" ref="1410593549" role=""/>
    <member type="way" ref="1410593552" role=""/>
    <member type="way" ref="801966473" role=""/>
    <member type="way" ref="1410593534" role=""/>
    <member type="way" ref="1410593533" role=""/>
    <member type="way" ref="1085299757" role=""/>
    <member type="way" ref="1085648452" role=""/>
    <member type="way" ref="1085648451" role=""/>
    <member type="way" ref="1161720966" role=""/>
    <member type="way" ref="1085648454" role=""/>
    <member type="way" ref="1085648453" role=""/>
    <member type="way" ref="1085648456" role=""/>
    <member type="way" ref="1085648455" role=""/>
    <member type="way" ref="1085648458" role=""/>
    <member type="way" ref="1085648457" role=""/>
    <member type="way" ref="1085648460" role=""/>
    <member type="way" ref="1085648459" role=""/>
    <member type="way" ref="220447882" role=""/>
    <member type="way" ref="1085648461" role=""/>
    <member type="way" ref="1085299756" role=""/>
    <member type="way" ref="1160668104" role=""/>
    <member type="way" ref="71811621" role=""/>
    <member type="way" ref="1085299758" role=""/>
    <member type="way" ref="1085299759" role=""/>
    <member type="way" ref="260318192" role=""/>
    <member type="way" ref="172373795" role=""/>
    <member type="way" ref="1521281618" role=""/>
    <member type="way" ref="1521281617" role=""/>
    <member type="way" ref="1521281621" role=""/>
    <member type="way" ref="28642043" role=""/>
    <member type="way" ref="537397580" role=""/>
    <member type="way" ref="537397579" role=""/>
    <member type="way" ref="172761160" role=""/>
    <member type="way" ref="267278814" role=""/>
    <member type="way" ref="211109817" role=""/>
    <member type="way" ref="228075684" role=""/>
    <member type="way" ref="27664960" role=""/>
    <member type="way" ref="172761158" role=""/>
    <member type="way" ref="537397097" role=""/>
    <member type="way" ref="1085308970" role=""/>
    <member type="way" ref="1085308969" role=""/>
    <member type="way" ref="1085308972" role=""/>
    <member type="way" ref="1085315762" role=""/>
    <member type="way" ref="1085315763" role=""/>
    <member type="way" ref="1085315766" role=""/>
    <member type="way" ref="1085315767" role=""/>
    <member type="way" ref="1085315769" role=""/>
    <member type="way" ref="1085315770" role=""/>
    <member type="way" ref="1085315771" role=""/>
    <member type="way" ref="1085315772" role=""/>
    <member type="way" ref="1085315774" role=""/>
    <member type="way" ref="1085315773" role=""/>
    <member type="way" ref="1085315775" role=""/>
    <member type="way" ref="75391311" role=""/>
    <member type="way" ref="1085315776" role=""/>
    <member type="way" ref="1085308971" role=""/>
    <member type="way" ref="75391316" role=""/>
    <member type="way" ref="84832579" role=""/>
    <member type="way" ref="1180154074" role=""/>
    <member type="way" ref="1323247239" role=""/>
    <member type="way" ref="1323247212" role=""/>
    <member type="way" ref="1323247213" role=""/>
    <member type="way" ref="1323247214" role=""/>
    <member type="way" ref="1228942840" role=""/>
    <member type="way" ref="1323247216" role=""/>
    <member type="way" ref="898407692" role=""/>
    <member type="way" ref="1228942838" role=""/>
    <member type="way" ref="1083593547" role=""/>
    <member type="way" ref="1323247215" role=""/>
    <member type="way" ref="282755389" role=""/>
    <member type="way" ref="136059558" role=""/>
    <member type="way" ref="1085344666" role=""/>
    <member type="way" ref="1085344667" role=""/>
    <member type="way" ref="1085344668" role=""/>
    <member type="way" ref="1085344669" role=""/>
    <member type="way" ref="1085344670" role=""/>
    <member type="way" ref="1085344671" role=""/>
    <member type="way" ref="1085344672" role=""/>
    <member type="way" ref="1085344673" role=""/>
    <member type="way" ref="1085344675" role=""/>
    <member type="way" ref="1085344674" role=""/>
    <member type="way" ref="1085344676" role=""/>
    <member type="way" ref="1085344677" role=""/>
    <member type="way" ref="169468274" role=""/>
    <member type="way" ref="96695163" role=""/>
    <member type="way" ref="1161720968" role=""/>
    <tag k="air_conditioning" v="yes"/>
    <tag k="bicycle" v="yes"/>
    <tag k="blind" v="limited"/>
    <tag k="bus_class:length" v="4;5"/>
    <tag k="charge:all-in-one" v="90 RUB"/>
    <tag k="charge:cards" v="83 RUB"/>
    <tag k="charge:sbp" v="83 RUB"/>
    <tag k="charge:troika" v="75 RUB"/>
    <tag k="charge:troika_qr" v="75 RUB"/>
    <tag k="check_date" v="2023-04-12"/>
    <tag k="colour" v="#c2e6ff"/>
    <tag k="deaf" v="yes"/>
    <tag k="fee" v="yes"/>
    <tag k="fine:ticketless" v="5000 RUB"/>
    <tag k="from" v="Зелёный Парк"/>
    <tag k="name" v="Автобус 16: Зелёный Парк =&gt; Корпус 1420"/>
    <tag k="network" v="Московский транспорт"/>
    <tag k="opening_hours" v="04:50-00:45"/>
    <tag k="operator" v="ГУП «Мосгортранс»"/>
    <tag k="payment:cards" v="yes"/>
    <tag k="payment:cash" v="no"/>
    <tag k="payment:contactless" v="yes"/>
    <tag k="payment:maestro" v="no"/>
    <tag k="payment:mastercard" v="no"/>
    <tag k="payment:mir" v="yes"/>
    <tag k="payment:nfc" v="yes"/>
    <tag k="payment:podorozhnik" v="no"/>
    <tag k="payment:sbp" v="yes"/>
    <tag k="payment:social_cards" v="yes"/>
    <tag k="payment:strelka" v="no"/>
    <tag k="payment:troika" v="yes"/>
    <tag k="payment:visa" v="no"/>
    <tag k="public_transport:version" v="2"/>
    <tag k="ref" v="16"/>
    <tag k="route" v="bus"/>
    <tag k="source" v="Реестр маршрутов города Москвы"/>
    <tag k="to" v="Корпус 1420"/>
    <tag k="type" v="route"/>
    <tag k="website" v="https://transport.mos.ru/transport/schedule/route/141503178"/>
    <tag k="wheelchair" v="yes"/>
  </relation>
  <relation id="2645293" version="165" timestamp="2026-06-22T14:44:32Z" changeset="184435641" uid="23926472" user="Максим Баранаускас">
    <member type="node" ref="3065441677" role="stop_entry_only"/>
    <member type="node" ref="1843591039" role="platform_entry_only"/>
    <member type="node" ref="3065441289" role="stop"/>
    <member type="node" ref="2107221519" role="platform"/>
    <member type="node" ref="3065441308" role="stop"/>
    <member type="node" ref="2083662993" role="platform"/>
    <member type="node" ref="3065441293" role="stop"/>
    <member type="node" ref="914273565" role="platform"/>
    <member type="node" ref="3065441665" role="stop"/>
    <member type="node" ref="2083663005" role="platform"/>
    <member type="node" ref="3065441664" role="stop"/>
    <member type="node" ref="1035326983" role="platform"/>
    <member type="node" ref="3065441299" role="stop"/>
    <member type="node" ref="2070020985" role="platform"/>
    <member type="node" ref="3065441317" role="stop"/>
    <member type="node" ref="2070020979" role="platform"/>
    <member type="node" ref="3065441326" role="stop"/>
    <member type="node" ref="877617414" role="platform"/>
    <member type="node" ref="3065441327" role="stop"/>
    <member type="node" ref="2071861188" role="platform"/>
    <member type="node" ref="3065441645" role="stop"/>
    <member type="node" ref="1603326026" role="platform"/>
    <member type="node" ref="3065441636" role="stop"/>
    <member type="node" ref="2355283416" role="platform"/>
    <member type="node" ref="11697075421" role="stop"/>
    <member type="node" ref="11697075420" role="platform"/>
    <member type="node" ref="3065441301" role="stop"/>
    <member type="node" ref="3059761577" role="platform"/>
    <member type="node" ref="3065441633" role="stop"/>
    <member type="node" ref="3054267635" role="platform"/>
    <member type="node" ref="10795103325" role="stop"/>
    <member type="node" ref="5622128988" role="platform"/>
    <member type="node" ref="10795103320" role="stop"/>
    <member type="node" ref="10795103323" role="platform"/>
    <member type="node" ref="10795103318" role="stop"/>
    <member type="node" ref="2727361064" role="platform"/>
    <member type="node" ref="10795103316" role="stop"/>
    <member type="node" ref="2727361070" role="platform"/>
    <member type="node" ref="10795103313" role="stop"/>
    <member type="node" ref="1601968925" role="platform"/>
    <member type="node" ref="10795103312" role="stop"/>
    <member type="node" ref="1506329966" role="platform"/>
    <member type="node" ref="10795103309" role="stop"/>
    <member type="node" ref="5929978242" role="platform"/>
    <member type="node" ref="10795103307" role="stop"/>
    <member type="node" ref="2727361054" role="platform"/>
    <member type="node" ref="10795072400" role="stop"/>
    <member type="node" ref="2727361088" role="platform"/>
    <member type="node" ref="10795072397" role="stop"/>
    <member type="node" ref="2727468055" role="platform"/>
    <member type="node" ref="10795072394" role="stop"/>
    <member type="node" ref="2727468054" role="platform"/>
    <member type="node" ref="10795072380" role="stop"/>
    <member type="node" ref="2985093122" role="platform"/>
    <member type="node" ref="617193901" role="stop"/>
    <member type="node" ref="1338207582" role="platform"/>
    <member type="node" ref="2085712601" role="stop"/>
    <member type="node" ref="1331033668" role="platform"/>
    <member type="node" ref="1417530733" role="stop"/>
    <member type="node" ref="1159036662" role="platform"/>
    <member type="node" ref="10795072379" role="stop"/>
    <member type="node" ref="5530483442" role="platform"/>
    <member type="node" ref="7321890944" role="stop"/>
    <member type="node" ref="1159036661" role="platform"/>
    <member type="node" ref="1417530732" role="stop"/>
    <member type="node" ref="1158878831" role="platform"/>
    <member type="node" ref="248639722" role="stop"/>
    <member type="node" ref="1158878810" role="platform"/>
    <member type="node" ref="1405224078" role="stop"/>
    <member type="node" ref="1158878836" role="platform"/>
    <member type="node" ref="1341952488" role="stop"/>
    <member type="node" ref="1157577656" role="platform"/>
    <member type="node" ref="1341952509" role="stop_exit_only"/>
    <member type="node" ref="1157577662" role="platform_exit_only"/>
    <member type="way" ref="1081514868" role=""/>
    <member type="way" ref="1081514869" role=""/>
    <member type="way" ref="173568174" role=""/>
    <member type="way" ref="1531438228" role=""/>
    <member type="way" ref="1088915078" role=""/>
    <member type="way" ref="77809141" role=""/>
    <member type="way" ref="70214414" role=""/>
    <member type="way" ref="1084622370" role=""/>
    <member type="way" ref="197085024" role=""/>
    <member type="way" ref="1084622371" role=""/>
    <member type="way" ref="1084622372" role=""/>
    <member type="way" ref="1084622373" role=""/>
    <member type="way" ref="1084626180" role=""/>
    <member type="way" ref="1084626181" role=""/>
    <member type="way" ref="1084627760" role=""/>
    <member type="way" ref="1084627759" role=""/>
    <member type="way" ref="1084627762" role=""/>
    <member type="way" ref="1084627761" role=""/>
    <member type="way" ref="1084627764" role=""/>
    <member type="way" ref="1084627763" role=""/>
    <member type="way" ref="136029032" role=""/>
    <member type="way" ref="1085359567" role=""/>
    <member type="way" ref="1085359566" role=""/>
    <member type="way" ref="1084657149" role=""/>
    <member type="way" ref="1084657150" role=""/>
    <member type="way" ref="1084657152" role=""/>
    <member type="way" ref="1084660851" role=""/>
    <member type="way" ref="1084657151" role=""/>
    <member type="way" ref="1084660852" role=""/>
    <member type="way" ref="1084657153" role=""/>
    <member type="way" ref="1084657154" role=""/>
    <member type="way" ref="1084657156" role=""/>
    <member type="way" ref="1084657159" role=""/>
    <member type="way" ref="195435542" role=""/>
    <member type="way" ref="1084657160" role=""/>
    <member type="way" ref="1084657157" role=""/>
    <member type="way" ref="1085368934" role=""/>
    <member type="way" ref="1084657155" role=""/>
    <member type="way" ref="1084657158" role=""/>
    <member type="way" ref="172373812" role=""/>
    <member type="way" ref="172373813" role=""/>
    <member type="way" ref="1523983910" role=""/>
    <member type="way" ref="1523980395" role=""/>
    <member type="way" ref="70216022" role=""/>
    <member type="way" ref="139975572" role=""/>
    <member type="way" ref="1080987807" role=""/>
    <member type="way" ref="396311642" role=""/>
    <member type="way" ref="396311641" role=""/>
    <member type="way" ref="197440492" role=""/>
    <member type="way" ref="196896346" role=""/>
    <member type="way" ref="71811790" role=""/>
    <member type="way" ref="1410593535" role=""/>
    <member type="way" ref="1410593536" role=""/>
    <member type="way" ref="1161720967" role=""/>
    <member type="way" ref="291211380" role=""/>
    <member type="way" ref="698169244" role=""/>
    <member type="way" ref="697520768" role=""/>
    <member type="way" ref="697520764" role=""/>
    <member type="way" ref="1290197717" role=""/>
    <member type="way" ref="697520766" role=""/>
    <member type="way" ref="71392952" role=""/>
    <member type="way" ref="204897613" role=""/>
    <member type="way" ref="899211069" role=""/>
    <member type="way" ref="513945936" role=""/>
    <member type="way" ref="732392235" role=""/>
    <member type="way" ref="267278817" role=""/>
    <member type="way" ref="732392228" role=""/>
    <member type="way" ref="732392220" role=""/>
    <member type="way" ref="732392218" role=""/>
    <member type="way" ref="1238693695" role=""/>
    <member type="way" ref="1238693694" role=""/>
    <member type="way" ref="1238693696" role=""/>
    <member type="way" ref="109572935" role=""/>
    <member type="way" ref="1238336837" role=""/>
    <member type="way" ref="628133935" role=""/>
    <member type="way" ref="866780305" role=""/>
    <member type="way" ref="628133853" role=""/>
    <member type="way" ref="109572932" role=""/>
    <member type="way" ref="156265305" role=""/>
    <member type="way" ref="1463413854" role=""/>
    <member type="way" ref="109572933" role=""/>
    <member type="way" ref="1463413853" role=""/>
    <member type="way" ref="628078794" role=""/>
    <member type="way" ref="156265320" role=""/>
    <member type="way" ref="182162317" role=""/>
    <member type="way" ref="787313712" role=""/>
    <member type="way" ref="204551154" role=""/>
    <member type="way" ref="1057388559" role=""/>
    <member type="way" ref="443642624" role=""/>
    <member type="way" ref="531514875" role=""/>
    <member type="way" ref="803484318" role=""/>
    <member type="way" ref="970456914" role=""/>
    <member type="way" ref="443642625" role=""/>
    <member type="way" ref="966124808" role=""/>
    <member type="way" ref="109572934" role=""/>
    <member type="way" ref="1190447814" role=""/>
    <member type="way" ref="1190447810" role=""/>
    <member type="way" ref="1190447808" role=""/>
    <member type="way" ref="1190447815" role=""/>
    <member type="way" ref="1190447817" role=""/>
    <member type="way" ref="172161854" role=""/>
    <member type="way" ref="793632944" role=""/>
    <member type="way" ref="648169069" role=""/>
    <member type="way" ref="793632945" role=""/>
    <member type="way" ref="793632946" role=""/>
    <member type="way" ref="171893333" role=""/>
    <member type="way" ref="171893846" role=""/>
    <member type="way" ref="648169064" role=""/>
    <member type="way" ref="452056281" role=""/>
    <member type="way" ref="452056253" role=""/>
    <member type="way" ref="648169072" role=""/>
    <member type="way" ref="1007662680" role=""/>
    <member type="way" ref="531514876" role=""/>
    <member type="way" ref="969877867" role=""/>
    <member type="way" ref="452056275" role=""/>
    <member type="way" ref="452056267" role=""/>
    <member type="way" ref="452056256" role=""/>
    <member type="way" ref="48593101" role=""/>
    <member type="way" ref="1177860559" role=""/>
    <member type="way" ref="452056271" role=""/>
    <member type="way" ref="1065287786" role=""/>
    <member type="way" ref="251824891" role=""/>
    <member type="way" ref="1177860556" role=""/>
    <member type="way" ref="1177860555" role=""/>
    <member type="way" ref="1163368976" role=""/>
    <member type="way" ref="1163368977" role=""/>
    <member type="way" ref="1521082706" role=""/>
    <member type="way" ref="1163369673" role=""/>
    <member type="way" ref="1177862239" role=""/>
    <member type="way" ref="1177862240" role=""/>
    <member type="way" ref="1177862238" role=""/>
    <member type="way" ref="1163369674" role=""/>
    <member type="way" ref="382642091" role=""/>
    <member type="way" ref="1177863158" role=""/>
    <member type="way" ref="1177862242" role=""/>
    <member type="way" ref="792713369" role=""/>
    <member type="way" ref="1163371604" role=""/>
    <member type="way" ref="1163371605" role=""/>
    <member type="way" ref="1163371876" role=""/>
    <member type="way" ref="1163371877" role=""/>
    <member type="way" ref="1163371878" role=""/>
    <member type="way" ref="1163371879" role=""/>
    <member type="way" ref="792713370" role=""/>
    <member type="way" ref="49181703" role=""/>
    <member type="way" ref="49181709" role=""/>
    <member type="way" ref="382642090" role=""/>
    <member type="way" ref="27635063" role=""/>
    <member type="way" ref="805511250" role=""/>
    <member type="way" ref="805511251" role=""/>
    <member type="way" ref="1342778528" role=""/>
    <member type="way" ref="641506524" role=""/>
    <member type="way" ref="626030846" role=""/>
    <member type="way" ref="626030847" role=""/>
    <member type="way" ref="507345372" role=""/>
    <member type="way" ref="701537902" role=""/>
    <member type="way" ref="376668142" role=""/>
    <member type="way" ref="1343061751" role=""/>
    <member type="way" ref="28057715" role=""/>
    <member type="way" ref="28057716" role=""/>
    <member type="way" ref="48593114" role=""/>
    <member type="way" ref="376377928" role=""/>
    <member type="way" ref="376377927" role=""/>
    <member type="way" ref="376377726" role=""/>
    <member type="way" ref="376377727" role=""/>
    <member type="way" ref="376380753" role=""/>
    <member type="way" ref="28057733" role=""/>
    <member type="way" ref="376380754" role=""/>
    <member type="way" ref="376380841" role=""/>
    <member type="way" ref="376380886" role=""/>
    <member type="way" ref="156375850" role=""/>
    <member type="way" ref="86403291" role=""/>
    <member type="way" ref="86398298" role=""/>
    <member type="way" ref="31299858" role=""/>
    <member type="way" ref="31299859" role=""/>
    <member type="way" ref="46628325" role=""/>
    <member type="way" ref="1124777465" role=""/>
    <member type="way" ref="1124777488" role=""/>
    <member type="way" ref="1057892462" role=""/>
    <member type="way" ref="46628324" role=""/>
    <member type="way" ref="1057892461" role=""/>
    <member type="way" ref="1160720735" role=""/>
    <member type="way" ref="127383142" role=""/>
    <member type="way" ref="1084075355" role=""/>
    <member type="way" ref="23019070" role=""/>
    <member type="way" ref="23044868" role=""/>
    <member type="way" ref="66665847" role=""/>
    <member type="way" ref="1009064524" role=""/>
    <member type="way" ref="119996967" role=""/>
    <member type="way" ref="100134032" role=""/>
    <member type="way" ref="984862106" role=""/>
    <member type="way" ref="1066162031" role=""/>
    <member type="way" ref="1066162030" role=""/>
    <member type="way" ref="1086167600" role=""/>
    <member type="way" ref="1066171995" role=""/>
    <member type="way" ref="1086167599" role=""/>
    <member type="way" ref="49258739" role=""/>
    <member type="way" ref="1086167598" role=""/>
    <member type="way" ref="1066171993" role=""/>
    <member type="way" ref="23055805" role=""/>
    <tag k="air_conditioning" v="yes"/>
    <tag k="bicycle" v="yes"/>
    <tag k="blind" v="limited"/>
    <tag k="bus_class:length" v="4"/>
    <tag k="charge:all-in-one" v="90 RUB"/>
    <tag k="charge:cards" v="83 RUB"/>
    <tag k="charge:sbp" v="83 RUB"/>
    <tag k="charge:troika" v="75 RUB"/>
    <tag k="charge:troika_qr" v="75 RUB"/>
    <tag k="check_date" v="2023-04-08"/>
    <tag k="colour" v="#ff9ad2"/>
    <tag k="deaf" v="yes"/>
    <tag k="fee" v="yes"/>
    <tag k="fine:ticketless" v="5000 RUB"/>
    <tag k="from" v="14-й микрорайон"/>
    <tag k="name" v="Автобус 400к: 14-й микрорайон =&gt; Метро «Сходненская»"/>
    <tag k="name:uk" v="Автобус 400к: 14-й мікрорайон =&gt; Метро «Східненська»"/>
    <tag k="network" v="Московский транспорт"/>
    <tag k="operator" v="ГУП «Мосгортранс»"/>
    <tag k="payment:cards" v="yes"/>
    <tag k="payment:cash" v="no"/>
    <tag k="payment:contactless" v="yes"/>
    <tag k="payment:maestro" v="no"/>
    <tag k="payment:mastercard" v="no"/>
    <tag k="payment:mir" v="yes"/>
    <tag k="payment:nfc" v="yes"/>
    <tag k="payment:podorozhnik" v="no"/>
    <tag k="payment:sbp" v="yes"/>
    <tag k="payment:social_cards" v="yes"/>
    <tag k="payment:strelka" v="no"/>
    <tag k="payment:troika" v="yes"/>
    <tag k="payment:visa" v="no"/>
    <tag k="public_transport:version" v="2"/>
    <tag k="ref" v="400к"/>
    <tag k="route" v="bus"/>
    <tag k="source" v="Реестр смежных маршрутов города Москвы"/>
    <tag k="to" v="Метро «Сходненская»"/>
    <tag k="type" v="route"/>
    <tag k="website" v="https://transport.mos.ru/transport/schedule/route/141502424"/>
    <tag k="wheelchair" v="yes"/>
  </relation>
  <relation id="2651035" version="96" timestamp="2026-05-28T09:35:02Z" changeset="183294862" uid="23926472" user="Максим Баранаускас">
    <member type="node" ref="3065160697" role="stop_entry_only"/>
    <member type="node" ref="1113106514" role="platform_entry_only"/>
    <member type="node" ref="3065160659" role="stop"/>
    <member type="node" ref="2355283410" role="platform"/>
    <member type="node" ref="3065160662" role="stop"/>
    <member type="node" ref="2355283412" role="platform"/>
    <member type="node" ref="3064849238" role="stop"/>
    <member type="node" ref="1857829735" role="platform"/>
    <member type="node" ref="3064837828" role="stop"/>
    <member type="node" ref="612120051" role="platform"/>
    <member type="node" ref="3064837830" role="stop"/>
    <member type="node" ref="1848905785" role="platform"/>
    <member type="node" ref="3064837832" role="stop"/>
    <member type="node" ref="1848905786" role="platform"/>
    <member type="node" ref="3064837827" role="stop"/>
    <member type="node" ref="1848905783" role="platform"/>
    <member type="node" ref="3064849234" role="stop"/>
    <member type="node" ref="1848905788" role="platform"/>
    <member type="node" ref="3064849236" role="stop"/>
    <member type="node" ref="612109247" role="platform"/>
    <member type="node" ref="593348848" role="stop"/>
    <member type="node" ref="1847370217" role="platform"/>
    <member type="node" ref="1538113426" role="stop"/>
    <member type="node" ref="619786800" role="platform"/>
    <member type="node" ref="3064849237" role="stop"/>
    <member type="node" ref="449783765" role="platform"/>
    <member type="node" ref="9152698375" role="stop"/>
    <member type="node" ref="4101114090" role="platform"/>
    <member type="node" ref="3065441643" role="stop"/>
    <member type="node" ref="2355283418" role="platform"/>
    <member type="node" ref="3065441637" role="stop"/>
    <member type="node" ref="2355283417" role="platform"/>
    <member type="node" ref="3065441646" role="stop"/>
    <member type="node" ref="1603326034" role="platform"/>
    <member type="node" ref="1871643874" role="stop"/>
    <member type="node" ref="1603326536" role="platform"/>
    <member type="node" ref="3065441659" role="stop"/>
    <member type="node" ref="2081525575" role="platform"/>
    <member type="node" ref="3065441656" role="stop"/>
    <member type="node" ref="2081525574" role="platform"/>
    <member type="node" ref="3065441642" role="stop"/>
    <member type="node" ref="1479054904" role="platform"/>
    <member type="node" ref="3065441320" role="stop"/>
    <member type="node" ref="2081525565" role="platform"/>
    <member type="node" ref="3065441324" role="stop"/>
    <member type="node" ref="2081525569" role="platform"/>
    <member type="node" ref="9183492892" role="stop"/>
    <member type="node" ref="6765990553" role="platform"/>
    <member type="node" ref="9183492894" role="stop"/>
    <member type="node" ref="9183492889" role="platform"/>
    <member type="node" ref="9183492901" role="stop"/>
    <member type="node" ref="9183492885" role="platform"/>
    <member type="node" ref="10797046985" role="stop"/>
    <member type="node" ref="10797046986" role="platform"/>
    <member type="way" ref="1161686855" role=""/>
    <member type="way" ref="172774900" role=""/>
    <member type="way" ref="1085565085" role=""/>
    <member type="way" ref="1085565084" role=""/>
    <member type="way" ref="1085565080" role=""/>
    <member type="way" ref="1085565083" role=""/>
    <member type="way" ref="1085565081" role=""/>
    <member type="way" ref="1085565082" role=""/>
    <member type="way" ref="172774904" role=""/>
    <member type="way" ref="176975858" role=""/>
    <member type="way" ref="122500003" role=""/>
    <member type="way" ref="1085107361" role=""/>
    <member type="way" ref="197440502" role=""/>
    <member type="way" ref="137188542" role=""/>
    <member type="way" ref="137188541" role=""/>
    <member type="way" ref="38133960" role=""/>
    <member type="way" ref="23379608" role=""/>
    <member type="way" ref="510667012" role=""/>
    <member type="way" ref="175139737" role=""/>
    <member type="way" ref="144967534" role=""/>
    <member type="way" ref="144967535" role=""/>
    <member type="way" ref="1085106112" role=""/>
    <member type="way" ref="1085106113" role=""/>
    <member type="way" ref="134935518" role=""/>
    <member type="way" ref="137089208" role=""/>
    <member type="way" ref="1161716276" role=""/>
    <member type="way" ref="537392379" role=""/>
    <member type="way" ref="1161716275" role=""/>
    <member type="way" ref="27892961" role=""/>
    <member type="way" ref="195728434" role=""/>
    <member type="way" ref="140698304" role=""/>
    <member type="way" ref="94711929" role=""/>
    <member type="way" ref="1085579263" role=""/>
    <member type="way" ref="1085579262" role=""/>
    <member type="way" ref="172893470" role=""/>
    <member type="way" ref="1085579264" role=""/>
    <member type="way" ref="1085579265" role=""/>
    <member type="way" ref="1085596576" role=""/>
    <member type="way" ref="1085596575" role=""/>
    <member type="way" ref="137120848" role=""/>
    <member type="way" ref="1160874652" role=""/>
    <member type="way" ref="1085596578" role=""/>
    <member type="way" ref="1085596577" role=""/>
    <member type="way" ref="1085601387" role=""/>
    <member type="way" ref="1085596579" role=""/>
    <member type="way" ref="1085601386" role=""/>
    <member type="way" ref="137338550" role=""/>
    <member type="way" ref="1084679407" role=""/>
    <member type="way" ref="1084679406" role=""/>
    <member type="way" ref="1084679409" role=""/>
    <member type="way" ref="137338548" role=""/>
    <member type="way" ref="1084679408" role=""/>
    <member type="way" ref="134935517" role=""/>
    <member type="way" ref="1084681759" role=""/>
    <member type="way" ref="36375729" role=""/>
    <member type="way" ref="1084681760" role=""/>
    <member type="way" ref="282669899" role=""/>
    <member type="way" ref="179839105" role=""/>
    <member type="way" ref="36375750" role=""/>
    <member type="way" ref="36375751" role=""/>
    <member type="way" ref="290703414" role=""/>
    <member type="way" ref="173994033" role=""/>
    <member type="way" ref="195728431" role=""/>
    <member type="way" ref="53272351" role=""/>
    <member type="way" ref="53272342" role=""/>
    <member type="way" ref="109560673" role=""/>
    <member type="way" ref="109589242" role=""/>
    <member type="way" ref="109589241" role=""/>
    <member type="way" ref="1085833502" role=""/>
    <member type="way" ref="1085833501" role=""/>
    <member type="way" ref="53272348" role=""/>
    <member type="way" ref="1085375279" role=""/>
    <member type="way" ref="53272345" role=""/>
    <member type="way" ref="1085375280" role=""/>
    <member type="way" ref="195728377" role=""/>
    <member type="way" ref="195728393" role=""/>
    <member type="way" ref="226762780" role=""/>
    <member type="way" ref="195728390" role=""/>
    <member type="way" ref="23382620" role=""/>
    <member type="way" ref="229139656" role=""/>
    <member type="way" ref="197851346" role=""/>
    <member type="way" ref="118613638" role=""/>
    <member type="way" ref="703021086" role=""/>
    <member type="way" ref="703021089" role=""/>
    <member type="way" ref="172761147" role=""/>
    <member type="way" ref="537397096" role=""/>
    <member type="way" ref="197085010" role=""/>
    <member type="way" ref="1085652583" role=""/>
    <member type="way" ref="707958288" role=""/>
    <member type="way" ref="197085008" role=""/>
    <member type="way" ref="537397579" role=""/>
    <member type="way" ref="537397580" role=""/>
    <member type="way" ref="28642043" role=""/>
    <member type="way" ref="1521281621" role=""/>
    <member type="way" ref="151727793" role=""/>
    <member type="way" ref="1521281616" role=""/>
    <member type="way" ref="228074720" role=""/>
    <member type="way" ref="1085299760" role=""/>
    <member type="way" ref="1085299761" role=""/>
    <member type="way" ref="41802410" role=""/>
    <member type="way" ref="396311639" role=""/>
    <member type="way" ref="396311640" role=""/>
    <member type="way" ref="172373793" role=""/>
    <member type="way" ref="137260061" role=""/>
    <member type="way" ref="1080987808" role=""/>
    <member type="way" ref="1523980395" role=""/>
    <member type="way" ref="1523983910" role=""/>
    <member type="way" ref="172373813" role=""/>
    <member type="way" ref="172373812" role=""/>
    <member type="way" ref="195435539" role=""/>
    <member type="way" ref="1517047096" role=""/>
    <member type="way" ref="136029699" role=""/>
    <member type="way" ref="136032299" role=""/>
    <member type="way" ref="197098941" role=""/>
    <member type="way" ref="1233500606" role=""/>
    <member type="way" ref="34063119" role=""/>
    <member type="way" ref="1161686858" role=""/>
    <member type="way" ref="83527240" role=""/>
    <member type="way" ref="1233500612" role=""/>
    <member type="way" ref="1168192910" role=""/>
    <member type="way" ref="137260076" role=""/>
    <member type="way" ref="601716631" role=""/>
    <member type="way" ref="1160862751" role=""/>
    <tag k="air_conditioning" v="yes"/>
    <tag k="bicycle" v="yes"/>
    <tag k="blind" v="limited"/>
    <tag k="bus_class:length" v="4;5"/>
    <tag k="charge:all-in-one" v="90 RUB"/>
    <tag k="charge:cards" v="83 RUB"/>
    <tag k="charge:sbp" v="83 RUB"/>
    <tag k="charge:troika" v="75 RUB"/>
    <tag k="charge:troika_qr" v="75 RUB"/>
    <tag k="check_date" v="2023-04-12"/>
    <tag k="colour" v="#c2e6ff"/>
    <tag k="deaf" v="yes"/>
    <tag k="fee" v="yes"/>
    <tag k="fine:ticketless" v="5000 RUB"/>
    <tag k="from" v="Северная"/>
    <tag k="name" v="Автобус 32: Северная =&gt; 17-й микрорайон"/>
    <tag k="network" v="Московский транспорт"/>
    <tag k="opening_hours" v="05:40-00:30"/>
    <tag k="operator" v="ГУП «Мосгортранс»"/>
    <tag k="payment:cards" v="yes"/>
    <tag k="payment:cash" v="no"/>
    <tag k="payment:contactless" v="yes"/>
    <tag k="payment:maestro" v="no"/>
    <tag k="payment:mastercard" v="no"/>
    <tag k="payment:mir" v="yes"/>
    <tag k="payment:nfc" v="yes"/>
    <tag k="payment:podorozhnik" v="no"/>
    <tag k="payment:sbp" v="yes"/>
    <tag k="payment:social_cards" v="yes"/>
    <tag k="payment:strelka" v="no"/>
    <tag k="payment:troika" v="yes"/>
    <tag k="payment:visa" v="no"/>
    <tag k="public_transport:version" v="2"/>
    <tag k="ref" v="32"/>
    <tag k="route" v="bus"/>
    <tag k="source" v="Реестр маршрутов города Москвы"/>
    <tag k="to" v="17-й микрорайон"/>
    <tag k="type" v="route"/>
    <tag k="website" v="https://transport.mos.ru/transport/schedule/route/141501519"/>
    <tag k="wheelchair" v="yes"/>
  </relation>
  <relation id="3587204" version="150" timestamp="2026-05-25T10:44:55Z" changeset="183150026" uid="2055718" user="Bobropiton">
    <member type="node" ref="7321890914" role="stop_entry_only"/>
    <member type="node" ref="7321890913" role="platform_entry_only"/>
    <member type="node" ref="7321890933" role="stop"/>
    <member type="node" ref="1166377380" role="platform"/>
    <member type="node" ref="7321890949" role="stop"/>
    <member type="node" ref="1166461018" role="platform"/>
    <member type="node" ref="7321890937" role="stop"/>
    <member type="node" ref="1338252425" role="platform"/>
    <member type="node" ref="7321890941" role="stop"/>
    <member type="node" ref="1331101900" role="platform"/>
    <member type="node" ref="7437848557" role="stop"/>
    <member type="node" ref="2882070878" role="platform"/>
    <member type="node" ref="617193900" role="stop"/>
    <member type="node" ref="1331082735" role="platform"/>
    <member type="node" ref="10795072382" role="stop"/>
    <member type="node" ref="1828600824" role="platform"/>
    <member type="node" ref="10795072384" role="stop"/>
    <member type="node" ref="1828595455" role="platform"/>
    <member type="node" ref="10795072393" role="stop"/>
    <member type="node" ref="2727468053" role="platform"/>
    <member type="node" ref="10795072399" role="stop"/>
    <member type="node" ref="2727361084" role="platform"/>
    <member type="node" ref="10795072402" role="stop"/>
    <member type="node" ref="2727361079" role="platform"/>
    <member type="node" ref="10795103308" role="stop"/>
    <member type="node" ref="2727361058" role="platform"/>
    <member type="node" ref="10795103310" role="stop"/>
    <member type="node" ref="5929978243" role="platform"/>
    <member type="node" ref="10795103311" role="stop"/>
    <member type="node" ref="1506329969" role="platform"/>
    <member type="node" ref="10795103314" role="stop"/>
    <member type="node" ref="1601968928" role="platform"/>
    <member type="node" ref="10795103315" role="stop"/>
    <member type="node" ref="1941526464" role="platform"/>
    <member type="node" ref="10795103317" role="stop"/>
    <member type="node" ref="1492213208" role="platform"/>
    <member type="node" ref="10795103321" role="stop"/>
    <member type="node" ref="10795103322" role="platform"/>
    <member type="node" ref="10795103324" role="stop"/>
    <member type="node" ref="5622124376" role="platform"/>
    <member type="node" ref="3065441634" role="stop"/>
    <member type="node" ref="3065441635" role="platform"/>
    <member type="node" ref="3065441302" role="stop"/>
    <member type="node" ref="3065441303" role="platform"/>
    <member type="node" ref="13875808193" role="stop"/>
    <member type="node" ref="5533582382" role="platform"/>
    <member type="node" ref="3065160722" role="stop"/>
    <member type="node" ref="2356382147" role="platform"/>
    <member type="node" ref="3065160711" role="stop"/>
    <member type="node" ref="2081552018" role="platform"/>
    <member type="node" ref="3065441672" role="stop"/>
    <member type="node" ref="1709733474" role="platform"/>
    <member type="node" ref="3065441296" role="stop"/>
    <member type="node" ref="449792687" role="platform"/>
    <member type="node" ref="3065441664" role="stop"/>
    <member type="node" ref="1035326983" role="platform"/>
    <member type="node" ref="3065441299" role="stop"/>
    <member type="node" ref="2070020985" role="platform"/>
    <member type="node" ref="3065441317" role="stop"/>
    <member type="node" ref="2070020979" role="platform"/>
    <member type="node" ref="3065441659" role="stop"/>
    <member type="node" ref="2081525575" role="platform"/>
    <member type="node" ref="3065441656" role="stop"/>
    <member type="node" ref="2081525574" role="platform"/>
    <member type="node" ref="3065441642" role="stop"/>
    <member type="node" ref="1479054904" role="platform"/>
    <member type="node" ref="1492856564" role="stop"/>
    <member type="node" ref="2081525578" role="platform"/>
    <member type="node" ref="3065441320" role="stop"/>
    <member type="node" ref="2081525565" role="platform"/>
    <member type="node" ref="10797046982" role="stop"/>
    <member type="node" ref="10797046983" role="platform"/>
    <member type="node" ref="10797046987" role="stop_exit_only"/>
    <member type="node" ref="10797046988" role="platform_exit_only"/>
    <member type="way" ref="1168154002" role=""/>
    <member type="way" ref="1160724577" role=""/>
    <member type="way" ref="196510371" role=""/>
    <member type="way" ref="227938809" role=""/>
    <member type="way" ref="227938810" role=""/>
    <member type="way" ref="379800450" role=""/>
    <member type="way" ref="819033331" role=""/>
    <member type="way" ref="627102521" role=""/>
    <member type="way" ref="1176278950" role=""/>
    <member type="way" ref="1176278968" role=""/>
    <member type="way" ref="206106473" role=""/>
    <member type="way" ref="27641909" role=""/>
    <member type="way" ref="617887004" role=""/>
    <member type="way" ref="627102518" role=""/>
    <member type="way" ref="972370926" role=""/>
    <member type="way" ref="888402804" role=""/>
    <member type="way" ref="88318175" role=""/>
    <member type="way" ref="86400921" role=""/>
    <member type="way" ref="1176278947" role=""/>
    <member type="way" ref="874541117" role=""/>
    <member type="way" ref="1176278946" role=""/>
    <member type="way" ref="23116255" role=""/>
    <member type="way" ref="1176278944" role=""/>
    <member type="way" ref="160074243" role=""/>
    <member type="way" ref="1160867673" role=""/>
    <member type="way" ref="160074241" role=""/>
    <member type="way" ref="86398278" role=""/>
    <member type="way" ref="430094884" role=""/>
    <member type="way" ref="48593106" role=""/>
    <member type="way" ref="48598478" role=""/>
    <member type="way" ref="827357885" role=""/>
    <member type="way" ref="260318194" role=""/>
    <member type="way" ref="1337205744" role=""/>
    <member type="way" ref="1177860561" role=""/>
    <member type="way" ref="100267275" role=""/>
    <member type="way" ref="1177860557" role=""/>
    <member type="way" ref="1177860544" role=""/>
    <member type="way" ref="266310291" role=""/>
    <member type="way" ref="452056254" role=""/>
    <member type="way" ref="251824892" role=""/>
    <member type="way" ref="452056261" role=""/>
    <member type="way" ref="452056289" role=""/>
    <member type="way" ref="969877865" role=""/>
    <member type="way" ref="452056285" role=""/>
    <member type="way" ref="452056264" role=""/>
    <member type="way" ref="452056259" role=""/>
    <member type="way" ref="452056255" role=""/>
    <member type="way" ref="38141488" role=""/>
    <member type="way" ref="648169071" role=""/>
    <member type="way" ref="648169070" role=""/>
    <member type="way" ref="648169059" role=""/>
    <member type="way" ref="648169068" role=""/>
    <member type="way" ref="648169048" role=""/>
    <member type="way" ref="793632946" role=""/>
    <member type="way" ref="793632945" role=""/>
    <member type="way" ref="648169069" role=""/>
    <member type="way" ref="793632944" role=""/>
    <member type="way" ref="172161854" role=""/>
    <member type="way" ref="1190447817" role=""/>
    <member type="way" ref="1190447815" role=""/>
    <member type="way" ref="1190447808" role=""/>
    <member type="way" ref="1190447810" role=""/>
    <member type="way" ref="1190447814" role=""/>
    <member type="way" ref="109572934" role=""/>
    <member type="way" ref="966124808" role=""/>
    <member type="way" ref="443642625" role=""/>
    <member type="way" ref="970456914" role=""/>
    <member type="way" ref="803484318" role=""/>
    <member type="way" ref="531514875" role=""/>
    <member type="way" ref="443642624" role=""/>
    <member type="way" ref="1057388559" role=""/>
    <member type="way" ref="204551154" role=""/>
    <member type="way" ref="787313712" role=""/>
    <member type="way" ref="182162317" role=""/>
    <member type="way" ref="156265320" role=""/>
    <member type="way" ref="628078794" role=""/>
    <member type="way" ref="1340744263" role=""/>
    <member type="way" ref="1463413852" role=""/>
    <member type="way" ref="156265305" role=""/>
    <member type="way" ref="109572932" role=""/>
    <member type="way" ref="628133853" role=""/>
    <member type="way" ref="866780305" role=""/>
    <member type="way" ref="628133935" role=""/>
    <member type="way" ref="1238336837" role=""/>
    <member type="way" ref="109572935" role=""/>
    <member type="way" ref="1238693696" role=""/>
    <member type="way" ref="1238693694" role=""/>
    <member type="way" ref="1238693695" role=""/>
    <member type="way" ref="732392218" role=""/>
    <member type="way" ref="732392220" role=""/>
    <member type="way" ref="732392228" role=""/>
    <member type="way" ref="267278817" role=""/>
    <member type="way" ref="732392235" role=""/>
    <member type="way" ref="513945936" role=""/>
    <member type="way" ref="899211069" role=""/>
    <member type="way" ref="27584119" role=""/>
    <member type="way" ref="71392916" role=""/>
    <member type="way" ref="697520767" role=""/>
    <member type="way" ref="697520765" role=""/>
    <member type="way" ref="698169243" role=""/>
    <member type="way" ref="697520769" role=""/>
    <member type="way" ref="34063113" role=""/>
    <member type="way" ref="267278816" role=""/>
    <member type="way" ref="1085299754" role=""/>
    <member type="way" ref="1373324199" role=""/>
    <member type="way" ref="1085299755" role=""/>
    <member type="way" ref="1410593533" role=""/>
    <member type="way" ref="1085299757" role=""/>
    <member type="way" ref="1085648452" role=""/>
    <member type="way" ref="1085648451" role=""/>
    <member type="way" ref="1161720966" role=""/>
    <member type="way" ref="1085648454" role=""/>
    <member type="way" ref="1085648453" role=""/>
    <member type="way" ref="1085648456" role=""/>
    <member type="way" ref="1085648455" role=""/>
    <member type="way" ref="1085648458" role=""/>
    <member type="way" ref="1085648457" role=""/>
    <member type="way" ref="1085648460" role=""/>
    <member type="way" ref="1085648459" role=""/>
    <member type="way" ref="220447882" role=""/>
    <member type="way" ref="1085648461" role=""/>
    <member type="way" ref="1085299756" role=""/>
    <member type="way" ref="1160668104" role=""/>
    <member type="way" ref="71811621" role=""/>
    <member type="way" ref="1085299758" role=""/>
    <member type="way" ref="1085299759" role=""/>
    <member type="way" ref="260318192" role=""/>
    <member type="way" ref="172373795" role=""/>
    <member type="way" ref="1521281618" role=""/>
    <member type="way" ref="1521281617" role=""/>
    <member type="way" ref="1521281621" role=""/>
    <member type="way" ref="28642043" role=""/>
    <member type="way" ref="537397580" role=""/>
    <member type="way" ref="537397579" role=""/>
    <member type="way" ref="172761160" role=""/>
    <member type="way" ref="267278814" role=""/>
    <member type="way" ref="211109817" role=""/>
    <member type="way" ref="228075684" role=""/>
    <member type="way" ref="27664960" role=""/>
    <member type="way" ref="172761158" role=""/>
    <member type="way" ref="537397097" role=""/>
    <member type="way" ref="1085308970" role=""/>
    <member type="way" ref="1085308969" role=""/>
    <member type="way" ref="1085308972" role=""/>
    <member type="way" ref="1085315762" role=""/>
    <member type="way" ref="1085315763" role=""/>
    <member type="way" ref="1085315766" role=""/>
    <member type="way" ref="1085315767" role=""/>
    <member type="way" ref="1085315769" role=""/>
    <member type="way" ref="1085315770" role=""/>
    <member type="way" ref="1085315771" role=""/>
    <member type="way" ref="1085315772" role=""/>
    <member type="way" ref="1085315774" role=""/>
    <member type="way" ref="1085315773" role=""/>
    <member type="way" ref="1085315775" role=""/>
    <member type="way" ref="75391311" role=""/>
    <member type="way" ref="1085315776" role=""/>
    <member type="way" ref="1085308971" role=""/>
    <member type="way" ref="75391316" role=""/>
    <member type="way" ref="84832579" role=""/>
    <member type="way" ref="1180154074" role=""/>
    <member type="way" ref="1323247239" role=""/>
    <member type="way" ref="1323247212" role=""/>
    <member type="way" ref="1323247213" role=""/>
    <member type="way" ref="1323247214" role=""/>
    <member type="way" ref="1228942840" role=""/>
    <member type="way" ref="1323247216" role=""/>
    <member type="way" ref="898407692" role=""/>
    <member type="way" ref="1228942838" role=""/>
    <member type="way" ref="1083593547" role=""/>
    <member type="way" ref="1323247215" role=""/>
    <member type="way" ref="282755389" role=""/>
    <member type="way" ref="136059558" role=""/>
    <member type="way" ref="1085774199" role=""/>
    <member type="way" ref="1085774200" role=""/>
    <member type="way" ref="70214565" role=""/>
    <member type="way" ref="195435543" role=""/>
    <member type="way" ref="1084657149" role=""/>
    <member type="way" ref="1084657150" role=""/>
    <member type="way" ref="1084657152" role=""/>
    <member type="way" ref="1084660851" role=""/>
    <member type="way" ref="1084657151" role=""/>
    <member type="way" ref="1084660852" role=""/>
    <member type="way" ref="1084657153" role=""/>
    <member type="way" ref="1084657154" role=""/>
    <member type="way" ref="1084657156" role=""/>
    <member type="way" ref="1084657159" role=""/>
    <member type="way" ref="195435542" role=""/>
    <member type="way" ref="1084657160" role=""/>
    <member type="way" ref="1084657157" role=""/>
    <member type="way" ref="1085368934" role=""/>
    <member type="way" ref="1084657155" role=""/>
    <member type="way" ref="1084657158" role=""/>
    <member type="way" ref="195435539" role=""/>
    <member type="way" ref="1517047096" role=""/>
    <member type="way" ref="136029699" role=""/>
    <member type="way" ref="136032299" role=""/>
    <member type="way" ref="197098941" role=""/>
    <member type="way" ref="1233500606" role=""/>
    <member type="way" ref="34063119" role=""/>
    <member type="way" ref="626364214" role=""/>
    <member type="way" ref="601716632" role=""/>
    <tag k="air_conditioning" v="yes"/>
    <tag k="bicycle" v="yes"/>
    <tag k="blind" v="limited"/>
    <tag k="bus_class:length" v="4"/>
    <tag k="charge:all-in-one" v="90 RUB"/>
    <tag k="charge:cards" v="83 RUB"/>
    <tag k="charge:sbp" v="83 RUB"/>
    <tag k="charge:troika" v="75 RUB"/>
    <tag k="charge:troika_qr" v="75 RUB"/>
    <tag k="check_date" v="2023-04-09"/>
    <tag k="colour" v="#c2e6ff"/>
    <tag k="deaf" v="yes"/>
    <tag k="fee" v="yes"/>
    <tag k="fine:ticketless" v="5000 RUB"/>
    <tag k="from" v="Метро «Тушинская»"/>
    <tag k="name" v="Автобус 400т: Метро «Тушинская» =&gt; 17-й микрорайон"/>
    <tag k="name:uk" v="Автобус 400т: Метро &quot;Тушинська&quot; =&gt; 17-й мікрорайон"/>
    <tag k="network" v="Московский транспорт"/>
    <tag k="operator" v="ГУП «Мосгортранс»"/>
    <tag k="payment:cards" v="yes"/>
    <tag k="payment:cash" v="no"/>
    <tag k="payment:contactless" v="yes"/>
    <tag k="payment:maestro" v="no"/>
    <tag k="payment:mastercard" v="no"/>
    <tag k="payment:mir" v="yes"/>
    <tag k="payment:nfc" v="yes"/>
    <tag k="payment:podorozhnik" v="no"/>
    <tag k="payment:sbp" v="yes"/>
    <tag k="payment:social_cards" v="yes"/>
    <tag k="payment:strelka" v="no"/>
    <tag k="payment:troika" v="yes"/>
    <tag k="payment:visa" v="no"/>
    <tag k="public_transport:version" v="2"/>
    <tag k="ref" v="400т"/>
    <tag k="route" v="bus"/>
    <tag k="source" v="Реестр смежных маршрутов города Москвы"/>
    <tag k="to" v="17-й микрорайон"/>
    <tag k="type" v="route"/>
    <tag k="website" v="https://transport.mos.ru/transport/schedule/route/738"/>
    <tag k="wheelchair" v="yes"/>
  </relation>
  <relation id="3867208" version="162" timestamp="2026-05-25T10:44:55Z" changeset="183150026" uid="2055718" user="Bobropiton">
    <member type="node" ref="10797046985" role="stop_entry_only"/>
    <member type="node" ref="10797046986" role="platform_entry_only"/>
    <member type="node" ref="10797046984" role="stop"/>
    <member type="node" ref="9232972377" role="platform"/>
    <member type="node" ref="3065441680" role="stop"/>
    <member type="node" ref="777941680" role="platform"/>
    <member type="node" ref="3065441321" role="stop"/>
    <member type="node" ref="2081525566" role="platform"/>
    <member type="node" ref="3065441641" role="stop"/>
    <member type="node" ref="2081525572" role="platform"/>
    <member type="node" ref="3065441655" role="stop"/>
    <member type="node" ref="2081525573" role="platform"/>
    <member type="node" ref="3065441660" role="stop"/>
    <member type="node" ref="2070020967" role="platform"/>
    <member type="node" ref="3065441300" role="stop"/>
    <member type="node" ref="1035327977" role="platform"/>
    <member type="node" ref="3065441663" role="stop"/>
    <member type="node" ref="1035327201" role="platform"/>
    <member type="node" ref="3065441295" role="stop"/>
    <member type="node" ref="1035327502" role="platform"/>
    <member type="node" ref="3065441671" role="stop"/>
    <member type="node" ref="1709733475" role="platform"/>
    <member type="node" ref="12228303654" role="stop"/>
    <member type="node" ref="2081552015" role="platform"/>
    <member type="node" ref="3065160721" role="stop"/>
    <member type="node" ref="2356382141" role="platform"/>
    <member type="node" ref="13875808194" role="stop"/>
    <member type="node" ref="13875808195" role="platform"/>
    <member type="node" ref="3065441301" role="stop"/>
    <member type="node" ref="3059761577" role="platform"/>
    <member type="node" ref="3065441633" role="stop"/>
    <member type="node" ref="3054267635" role="platform"/>
    <member type="node" ref="10795103325" role="stop"/>
    <member type="node" ref="5622128988" role="platform"/>
    <member type="node" ref="10795103320" role="stop"/>
    <member type="node" ref="10795103323" role="platform"/>
    <member type="node" ref="10795103318" role="stop"/>
    <member type="node" ref="2727361064" role="platform"/>
    <member type="node" ref="10795103316" role="stop"/>
    <member type="node" ref="2727361070" role="platform"/>
    <member type="node" ref="10795103313" role="stop"/>
    <member type="node" ref="1601968925" role="platform"/>
    <member type="node" ref="10795103312" role="stop"/>
    <member type="node" ref="1506329966" role="platform"/>
    <member type="node" ref="10795103309" role="stop"/>
    <member type="node" ref="5929978242" role="platform"/>
    <member type="node" ref="10795103307" role="stop"/>
    <member type="node" ref="2727361054" role="platform"/>
    <member type="node" ref="10795072401" role="stop"/>
    <member type="node" ref="2727361074" role="platform"/>
    <member type="node" ref="10795072400" role="stop"/>
    <member type="node" ref="2727361088" role="platform"/>
    <member type="node" ref="10795072397" role="stop"/>
    <member type="node" ref="2727468055" role="platform"/>
    <member type="node" ref="10795072394" role="stop"/>
    <member type="node" ref="2727468054" role="platform"/>
    <member type="node" ref="10795072383" role="stop"/>
    <member type="node" ref="2727361061" role="platform"/>
    <member type="node" ref="10795072380" role="stop"/>
    <member type="node" ref="2985093122" role="platform"/>
    <member type="node" ref="617193901" role="stop"/>
    <member type="node" ref="1338207582" role="platform"/>
    <member type="node" ref="7437848556" role="stop"/>
    <member type="node" ref="1331082751" role="platform"/>
    <member type="node" ref="7321890942" role="stop"/>
    <member type="node" ref="1331101913" role="platform"/>
    <member type="node" ref="7321890938" role="stop"/>
    <member type="node" ref="1338252398" role="platform"/>
    <member type="node" ref="7321890948" role="stop"/>
    <member type="node" ref="1166461022" role="platform"/>
    <member type="node" ref="5919991122" role="stop"/>
    <member type="node" ref="1166377383" role="platform"/>
    <member type="node" ref="10863785947" role="stop_exit_only"/>
    <member type="node" ref="10863785948" role="platform_exit_only"/>
    <member type="way" ref="1233500609" role=""/>
    <member type="way" ref="1233500608" role=""/>
    <member type="way" ref="430623311" role=""/>
    <member type="way" ref="1233500611" role=""/>
    <member type="way" ref="601716633" role=""/>
    <member type="way" ref="197098939" role=""/>
    <member type="way" ref="1161686857" role=""/>
    <member type="way" ref="1161686856" role=""/>
    <member type="way" ref="27584120" role=""/>
    <member type="way" ref="197098940" role=""/>
    <member type="way" ref="1233500607" role=""/>
    <member type="way" ref="75396462" role=""/>
    <member type="way" ref="1290838148" role=""/>
    <member type="way" ref="172373812" role=""/>
    <member type="way" ref="1084657158" role=""/>
    <member type="way" ref="1084657155" role=""/>
    <member type="way" ref="1085368934" role=""/>
    <member type="way" ref="1084657157" role=""/>
    <member type="way" ref="1084657160" role=""/>
    <member type="way" ref="195435542" role=""/>
    <member type="way" ref="1084657159" role=""/>
    <member type="way" ref="1084657156" role=""/>
    <member type="way" ref="1084657154" role=""/>
    <member type="way" ref="1084657153" role=""/>
    <member type="way" ref="1084660852" role=""/>
    <member type="way" ref="1084657151" role=""/>
    <member type="way" ref="1084660851" role=""/>
    <member type="way" ref="1084657152" role=""/>
    <member type="way" ref="1084657150" role=""/>
    <member type="way" ref="1084657149" role=""/>
    <member type="way" ref="195435546" role=""/>
    <member type="way" ref="75391986" role=""/>
    <member type="way" ref="1085321302" role=""/>
    <member type="way" ref="123760451" role=""/>
    <member type="way" ref="1085321301" role=""/>
    <member type="way" ref="1085320156" role=""/>
    <member type="way" ref="1085320157" role=""/>
    <member type="way" ref="1085320155" role=""/>
    <member type="way" ref="1085320154" role=""/>
    <member type="way" ref="1228942837" role=""/>
    <member type="way" ref="898407694" role=""/>
    <member type="way" ref="1323247234" role=""/>
    <member type="way" ref="75393603" role=""/>
    <member type="way" ref="898407693" role=""/>
    <member type="way" ref="195431351" role=""/>
    <member type="way" ref="1085308971" role=""/>
    <member type="way" ref="1085315776" role=""/>
    <member type="way" ref="75391311" role=""/>
    <member type="way" ref="1085315775" role=""/>
    <member type="way" ref="1085315773" role=""/>
    <member type="way" ref="1085315774" role=""/>
    <member type="way" ref="1085315772" role=""/>
    <member type="way" ref="1085315771" role=""/>
    <member type="way" ref="1085315770" role=""/>
    <member type="way" ref="1085315769" role=""/>
    <member type="way" ref="1085315767" role=""/>
    <member type="way" ref="1085315766" role=""/>
    <member type="way" ref="1085315763" role=""/>
    <member type="way" ref="1085315762" role=""/>
    <member type="way" ref="1085308972" role=""/>
    <member type="way" ref="1085308969" role=""/>
    <member type="way" ref="1085308970" role=""/>
    <member type="way" ref="172761181" role=""/>
    <member type="way" ref="197085010" role=""/>
    <member type="way" ref="1085652583" role=""/>
    <member type="way" ref="707958288" role=""/>
    <member type="way" ref="197085008" role=""/>
    <member type="way" ref="537397579" role=""/>
    <member type="way" ref="537397580" role=""/>
    <member type="way" ref="28642043" role=""/>
    <member type="way" ref="1521281621" role=""/>
    <member type="way" ref="151727793" role=""/>
    <member type="way" ref="1521281616" role=""/>
    <member type="way" ref="228074720" role=""/>
    <member type="way" ref="228074721" role=""/>
    <member type="way" ref="196896346" role=""/>
    <member type="way" ref="71811790" role=""/>
    <member type="way" ref="1410593535" role=""/>
    <member type="way" ref="1410593536" role=""/>
    <member type="way" ref="1161720967" role=""/>
    <member type="way" ref="291211380" role=""/>
    <member type="way" ref="698169244" role=""/>
    <member type="way" ref="697520768" role=""/>
    <member type="way" ref="697520764" role=""/>
    <member type="way" ref="1290197717" role=""/>
    <member type="way" ref="697520766" role=""/>
    <member type="way" ref="71392952" role=""/>
    <member type="way" ref="204897613" role=""/>
    <member type="way" ref="899211069" role=""/>
    <member type="way" ref="513945936" role=""/>
    <member type="way" ref="732392235" role=""/>
    <member type="way" ref="267278817" role=""/>
    <member type="way" ref="732392228" role=""/>
    <member type="way" ref="732392220" role=""/>
    <member type="way" ref="732392218" role=""/>
    <member type="way" ref="1238693695" role=""/>
    <member type="way" ref="1238693694" role=""/>
    <member type="way" ref="1238693696" role=""/>
    <member type="way" ref="109572935" role=""/>
    <member type="way" ref="1238336837" role=""/>
    <member type="way" ref="628133935" role=""/>
    <member type="way" ref="866780305" role=""/>
    <member type="way" ref="628133853" role=""/>
    <member type="way" ref="109572932" role=""/>
    <member type="way" ref="156265305" role=""/>
    <member type="way" ref="1463413854" role=""/>
    <member type="way" ref="109572933" role=""/>
    <member type="way" ref="1463413853" role=""/>
    <member type="way" ref="628078794" role=""/>
    <member type="way" ref="156265320" role=""/>
    <member type="way" ref="182162317" role=""/>
    <member type="way" ref="787313712" role=""/>
    <member type="way" ref="204551154" role=""/>
    <member type="way" ref="1057388559" role=""/>
    <member type="way" ref="443642624" role=""/>
    <member type="way" ref="531514875" role=""/>
    <member type="way" ref="803484318" role=""/>
    <member type="way" ref="970456914" role=""/>
    <member type="way" ref="443642625" role=""/>
    <member type="way" ref="966124808" role=""/>
    <member type="way" ref="109572934" role=""/>
    <member type="way" ref="1190447814" role=""/>
    <member type="way" ref="1190447810" role=""/>
    <member type="way" ref="1190447808" role=""/>
    <member type="way" ref="1190447815" role=""/>
    <member type="way" ref="1190447817" role=""/>
    <member type="way" ref="172161854" role=""/>
    <member type="way" ref="793632944" role=""/>
    <member type="way" ref="648169069" role=""/>
    <member type="way" ref="793632945" role=""/>
    <member type="way" ref="793632946" role=""/>
    <member type="way" ref="171893333" role=""/>
    <member type="way" ref="171893846" role=""/>
    <member type="way" ref="648169064" role=""/>
    <member type="way" ref="452056281" role=""/>
    <member type="way" ref="452056253" role=""/>
    <member type="way" ref="648169072" role=""/>
    <member type="way" ref="1007662680" role=""/>
    <member type="way" ref="531514876" role=""/>
    <member type="way" ref="969877867" role=""/>
    <member type="way" ref="452056275" role=""/>
    <member type="way" ref="452056267" role=""/>
    <member type="way" ref="452056256" role=""/>
    <member type="way" ref="48593101" role=""/>
    <member type="way" ref="1177860559" role=""/>
    <member type="way" ref="452056271" role=""/>
    <member type="way" ref="1065287786" role=""/>
    <member type="way" ref="251824891" role=""/>
    <member type="way" ref="1177860556" role=""/>
    <member type="way" ref="266310297" role=""/>
    <member type="way" ref="250497514" role=""/>
    <member type="way" ref="28057714" role=""/>
    <member type="way" ref="376268727" role=""/>
    <member type="way" ref="196896350" role=""/>
    <member type="way" ref="1124777861" role=""/>
    <member type="way" ref="100267307" role=""/>
    <member type="way" ref="827357884" role=""/>
    <member type="way" ref="48553327" role=""/>
    <member type="way" ref="31266027" role=""/>
    <member type="way" ref="86398265" role=""/>
    <member type="way" ref="86398269" role=""/>
    <member type="way" ref="31266032" role=""/>
    <member type="way" ref="160074239" role=""/>
    <member type="way" ref="31266030" role=""/>
    <member type="way" ref="873416621" role=""/>
    <member type="way" ref="124101005" role=""/>
    <member type="way" ref="873416622" role=""/>
    <member type="way" ref="123395571" role=""/>
    <member type="way" ref="737793431" role=""/>
    <member type="way" ref="483121142" role=""/>
    <member type="way" ref="435436001" role=""/>
    <member type="way" ref="894260411" role=""/>
    <member type="way" ref="100971147" role=""/>
    <member type="way" ref="888402803" role=""/>
    <member type="way" ref="972370927" role=""/>
    <member type="way" ref="88318174" role=""/>
    <member type="way" ref="627102519" role=""/>
    <member type="way" ref="627102520" role=""/>
    <member type="way" ref="23160798" role=""/>
    <member type="way" ref="160074192" role=""/>
    <member type="way" ref="372753021" role=""/>
    <member type="way" ref="1176278966" role=""/>
    <member type="way" ref="1176278967" role=""/>
    <member type="way" ref="1160858073" role=""/>
    <member type="way" ref="914026449" role=""/>
    <member type="way" ref="160074202" role=""/>
    <member type="way" ref="985176507" role=""/>
    <member type="way" ref="1168154005" role=""/>
    <member type="way" ref="160074296" role=""/>
    <tag k="air_conditioning" v="yes"/>
    <tag k="bicycle" v="yes"/>
    <tag k="blind" v="limited"/>
    <tag k="bus_class:length" v="4"/>
    <tag k="charge:all-in-one" v="90 RUB"/>
    <tag k="charge:cards" v="83 RUB"/>
    <tag k="charge:sbp" v="83 RUB"/>
    <tag k="charge:troika" v="75 RUB"/>
    <tag k="charge:troika_qr" v="75 RUB"/>
    <tag k="check_date" v="2023-04-09"/>
    <tag k="colour" v="#c2e6ff"/>
    <tag k="deaf" v="yes"/>
    <tag k="fee" v="yes"/>
    <tag k="fine:ticketless" v="5000 RUB"/>
    <tag k="from" v="17-й микрорайон"/>
    <tag k="name" v="Автобус 400т: 17-й микрорайон =&gt; Метро «Тушинская»"/>
    <tag k="network" v="Московский транспорт"/>
    <tag k="operator" v="ГУП «Мосгортранс»"/>
    <tag k="payment:cards" v="yes"/>
    <tag k="payment:cash" v="no"/>
    <tag k="payment:contactless" v="yes"/>
    <tag k="payment:maestro" v="no"/>
    <tag k="payment:mastercard" v="no"/>
    <tag k="payment:mir" v="yes"/>
    <tag k="payment:nfc" v="yes"/>
    <tag k="payment:podorozhnik" v="no"/>
    <tag k="payment:sbp" v="yes"/>
    <tag k="payment:social_cards" v="yes"/>
    <tag k="payment:strelka" v="no"/>
    <tag k="payment:troika" v="yes"/>
    <tag k="payment:visa" v="no"/>
    <tag k="public_transport:version" v="2"/>
    <tag k="ref" v="400т"/>
    <tag k="route" v="bus"/>
    <tag k="source" v="Реестр смежных маршрутов города Москвы"/>
    <tag k="to" v="Метро «Тушинская»"/>
    <tag k="type" v="route"/>
    <tag k="website" v="https://transport.mos.ru/transport/schedule/route/738"/>
    <tag k="wheelchair" v="yes"/>
  </relation>
  <relation id="4062799" version="3" timestamp="2021-09-27T06:34:47Z" changeset="111751007" uid="481934" user="iWowik">
    <member type="way" ref="151742821" role="from"/>
    <member type="node" ref="986426930" role="via"/>
    <member type="way" ref="60358140" role="to"/>
    <tag k="restriction" v="only_straight_on"/>
    <tag k="type" v="restriction"/>
  </relation>
  <relation id="4258502" version="1" timestamp="2014-12-08T08:15:00Z" changeset="27328396" uid="481934" user="iWowik">
    <member type="way" ref="193384729" role="from"/>
    <member type="node" ref="2038884796" role="via"/>
    <member type="way" ref="60358140" role="to"/>
    <tag k="restriction" v="only_right_turn"/>
    <tag k="type" v="restriction"/>
  </relation>
  <relation id="11685025" version="22" timestamp="2023-09-16T23:04:43Z" changeset="141361414" uid="8726248" user="traveleditor">
    <member type="way" ref="293742985" role="line"/>
    <member type="way" ref="175580221" role="endpoint"/>
    <member type="way" ref="852559423" role="line"/>
    <member type="way" ref="852559425" role="line"/>
    <member type="way" ref="852559427" role="line"/>
    <member type="way" ref="852559428" role="line"/>
    <member type="way" ref="852559429" role="line"/>
    <member type="way" ref="852559431" role="line"/>
    <member type="way" ref="852559432" role="line"/>
    <member type="way" ref="852559434" role="line"/>
    <member type="way" ref="852559436" role="line"/>
    <member type="way" ref="852559437" role="line"/>
    <member type="way" ref="852559439" role="line"/>
    <member type="way" ref="852559440" role="line"/>
    <member type="way" ref="852559441" role="line"/>
    <member type="way" ref="852559443" role="line"/>
    <member type="way" ref="852559444" role="line"/>
    <member type="way" ref="852559446" role="line"/>
    <member type="way" ref="852559451" role="line"/>
    <member type="way" ref="852559447" role="line"/>
    <member type="way" ref="852559452" role="line"/>
    <member type="way" ref="852559453" role="line"/>
    <member type="way" ref="56072063" role="endpoint"/>
    <member type="relation" ref="11683811" role=""/>
    <tag k="circuits" v="2"/>
    <tag k="name" v="Омега - Сигма 1,2"/>
    <tag k="power" v="circuit"/>
    <tag k="type" v="power"/>
    <tag k="voltage" v="220000"/>
  </relation>
  <relation id="11685026" version="23" timestamp="2023-09-16T23:31:19Z" changeset="141361898" uid="8726248" user="traveleditor">
    <member type="way" ref="852559454" role="line"/>
    <member type="way" ref="852559452" role="line"/>
    <member type="way" ref="852559451" role="line"/>
    <member type="way" ref="852559450" role="line"/>
    <member type="way" ref="852559449" role="line"/>
    <member type="way" ref="852559448" role="line"/>
    <member type="way" ref="56072063" role="endpoint"/>
    <member type="way" ref="852559445" role="line"/>
    <member type="way" ref="852559443" role="line"/>
    <member type="way" ref="852559442" role="line"/>
    <member type="way" ref="852559440" role="line"/>
    <member type="way" ref="852559438" role="line"/>
    <member type="way" ref="852559437" role="line"/>
    <member type="way" ref="852559435" role="line"/>
    <member type="way" ref="852559434" role="line"/>
    <member type="way" ref="852559433" role="line"/>
    <member type="way" ref="852559431" role="line"/>
    <member type="way" ref="852559430" role="line"/>
    <member type="way" ref="852559428" role="line"/>
    <member type="way" ref="852559426" role="line"/>
    <member type="way" ref="852559425" role="line"/>
    <member type="way" ref="852559424" role="line"/>
    <member type="way" ref="322975390" role="line"/>
    <member type="way" ref="322975393" role="line"/>
    <member type="way" ref="322975406" role="line"/>
    <member type="way" ref="315257715" role="line"/>
    <member type="way" ref="322975336" role="line"/>
    <member type="way" ref="322975389" role="line"/>
    <member type="way" ref="90307679" role="endpoint"/>
    <member type="relation" ref="11683811" role=""/>
    <tag k="circuits" v="2"/>
    <tag k="name" v="Сигма - Радищево 1,2"/>
    <tag k="power" v="circuit"/>
    <tag k="type" v="power"/>
    <tag k="voltage" v="220000"/>
  </relation>
  <relation id="13266407" version="1" timestamp="2021-09-27T06:36:58Z" changeset="111751095" uid="481934" user="iWowik">
    <member type="way" ref="60358140" role="from"/>
    <member type="node" ref="986426930" role="via"/>
    <member type="way" ref="39605169" role="to"/>
    <tag k="restriction" v="only_straight_on"/>
    <tag k="type" v="restriction"/>
  </relation>
  <relation id="13297834" version="15" timestamp="2023-09-16T23:04:43Z" changeset="141361414" uid="8726248" user="traveleditor">
    <member type="node" ref="4101114090" role="platform"/>
    <member type="node" ref="9152698375" role="stop"/>
    <tag k="name" v="Улица Радио"/>
    <tag k="public_transport" v="stop_area"/>
    <tag k="type" v="public_transport"/>
  </relation>
  <relation id="15793124" version="38" timestamp="2026-05-25T10:44:55Z" changeset="183150026" uid="2055718" user="Bobropiton">
    <member type="node" ref="12715695421" role="stop"/>
    <member type="node" ref="12715695423" role="platform"/>
    <member type="node" ref="12715695422" role="stop"/>
    <member type="node" ref="12715695424" role="platform"/>
    <member type="node" ref="3065441634" role="stop"/>
    <member type="node" ref="3065441635" role="platform"/>
    <member type="node" ref="3065441302" role="stop"/>
    <member type="node" ref="3065441303" role="platform"/>
    <member type="node" ref="13875808193" role="stop"/>
    <member type="node" ref="5533582382" role="platform"/>
    <member type="node" ref="674042489" role="stop"/>
    <member type="node" ref="877207127" role="platform"/>
    <member type="node" ref="1538113425" role="stop"/>
    <member type="node" ref="1847370223" role="platform"/>
    <member type="node" ref="3064837829" role="stop"/>
    <member type="node" ref="449783758" role="platform"/>
    <member type="node" ref="593337671" role="stop"/>
    <member type="node" ref="449774550" role="platform"/>
    <member type="node" ref="3064849235" role="stop"/>
    <member type="node" ref="1848905792" role="platform"/>
    <member type="node" ref="1848905784" role="stop"/>
    <member type="way" ref="137378438" role="platform"/>
    <member type="node" ref="3064849233" role="stop"/>
    <member type="node" ref="1848905787" role="platform"/>
    <member type="node" ref="1856369314" role="stop"/>
    <member type="node" ref="1507135073" role="platform"/>
    <member type="node" ref="3064849239" role="stop"/>
    <member type="node" ref="1857829740" role="platform"/>
    <member type="node" ref="3065160663" role="stop"/>
    <member type="node" ref="2355283413" role="platform"/>
    <member type="node" ref="3065160660" role="stop"/>
    <member type="node" ref="2355283411" role="platform"/>
    <member type="node" ref="1999938342" role="stop_exit_only"/>
    <member type="node" ref="1113106506" role="platform_exit_only"/>
    <member type="way" ref="1161720967" role=""/>
    <member type="way" ref="34063116" role=""/>
    <member type="way" ref="34063113" role=""/>
    <member type="way" ref="267278816" role=""/>
    <member type="way" ref="1085299754" role=""/>
    <member type="way" ref="1373324199" role=""/>
    <member type="way" ref="1085299755" role=""/>
    <member type="way" ref="1410593533" role=""/>
    <member type="way" ref="1085299757" role=""/>
    <member type="way" ref="1085648452" role=""/>
    <member type="way" ref="1085648451" role=""/>
    <member type="way" ref="1161720966" role=""/>
    <member type="way" ref="1085648454" role=""/>
    <member type="way" ref="1085648453" role=""/>
    <member type="way" ref="1085648456" role=""/>
    <member type="way" ref="1085648455" role=""/>
    <member type="way" ref="1085648458" role=""/>
    <member type="way" ref="1085648457" role=""/>
    <member type="way" ref="1085648460" role=""/>
    <member type="way" ref="1085648459" role=""/>
    <member type="way" ref="220447882" role=""/>
    <member type="way" ref="1085648461" role=""/>
    <member type="way" ref="1085299756" role=""/>
    <member type="way" ref="1160668104" role=""/>
    <member type="way" ref="71811621" role=""/>
    <member type="way" ref="1085299758" role=""/>
    <member type="way" ref="1085299759" role=""/>
    <member type="way" ref="260318192" role=""/>
    <member type="way" ref="172373795" role=""/>
    <member type="way" ref="1521281618" role=""/>
    <member type="way" ref="1521281617" role=""/>
    <member type="way" ref="1521281621" role=""/>
    <member type="way" ref="28642043" role=""/>
    <member type="way" ref="537397580" role=""/>
    <member type="way" ref="537397579" role=""/>
    <member type="way" ref="172761160" role=""/>
    <member type="way" ref="267278814" role=""/>
    <member type="way" ref="211109817" role=""/>
    <member type="way" ref="228075684" role=""/>
    <member type="way" ref="27664960" role=""/>
    <member type="way" ref="197085016" role=""/>
    <member type="way" ref="703021085" role=""/>
    <member type="way" ref="172761161" role=""/>
    <member type="way" ref="23382517" role=""/>
    <member type="way" ref="197851347" role=""/>
    <member type="way" ref="195728386" role=""/>
    <member type="way" ref="53272346" role=""/>
    <member type="way" ref="226758304" role=""/>
    <member type="way" ref="53272343" role=""/>
    <member type="way" ref="110024000" role=""/>
    <member type="way" ref="172614917" role=""/>
    <member type="way" ref="52275612" role=""/>
    <member type="way" ref="53272349" role=""/>
    <member type="way" ref="135435232" role=""/>
    <member type="way" ref="886286676" role=""/>
    <member type="way" ref="206003074" role=""/>
    <member type="way" ref="172614915" role=""/>
    <member type="way" ref="886286678" role=""/>
    <member type="way" ref="48181046" role=""/>
    <member type="way" ref="290703410" role=""/>
    <member type="way" ref="135435526" role=""/>
    <member type="way" ref="172673629" role=""/>
    <member type="way" ref="179839104" role=""/>
    <member type="way" ref="135435528" role=""/>
    <member type="way" ref="195728423" role=""/>
    <member type="way" ref="82810540" role=""/>
    <member type="way" ref="177582305" role=""/>
    <member type="way" ref="1084678106" role=""/>
    <member type="way" ref="1085600093" role=""/>
    <member type="way" ref="1084678105" role=""/>
    <member type="way" ref="137190426" role=""/>
    <member type="way" ref="148326499" role=""/>
    <member type="way" ref="409535804" role=""/>
    <member type="way" ref="195728438" role=""/>
    <member type="way" ref="195728427" role=""/>
    <member type="way" ref="172893476" role=""/>
    <member type="way" ref="1161716275" role=""/>
    <member type="way" ref="537392379" role=""/>
    <member type="way" ref="1161716276" role=""/>
    <member type="way" ref="137089208" role=""/>
    <member type="way" ref="134935518" role=""/>
    <member type="way" ref="1085106113" role=""/>
    <member type="way" ref="1085106112" role=""/>
    <member type="way" ref="144967535" role=""/>
    <member type="way" ref="144967534" role=""/>
    <member type="way" ref="175139737" role=""/>
    <member type="way" ref="510667012" role=""/>
    <member type="way" ref="23379608" role=""/>
    <member type="way" ref="38133960" role=""/>
    <member type="way" ref="137188541" role=""/>
    <member type="way" ref="137188542" role=""/>
    <member type="way" ref="109984963" role=""/>
    <member type="way" ref="1085560397" role=""/>
    <member type="way" ref="176975861" role=""/>
    <member type="way" ref="1085565082" role=""/>
    <member type="way" ref="1085565081" role=""/>
    <member type="way" ref="1085565083" role=""/>
    <member type="way" ref="1085565080" role=""/>
    <member type="way" ref="1085565084" role=""/>
    <member type="way" ref="1085565085" role=""/>
    <member type="way" ref="172774900" role=""/>
    <member type="way" ref="1073519916" role=""/>
    <tag k="air_conditioning" v="yes"/>
    <tag k="bicycle" v="yes"/>
    <tag k="blind" v="limited"/>
    <tag k="bus_class:length" v="4;5"/>
    <tag k="charge:all-in-one" v="90 RUB"/>
    <tag k="charge:cards" v="83 RUB"/>
    <tag k="charge:sbp" v="83 RUB"/>
    <tag k="charge:troika" v="75 RUB"/>
    <tag k="charge:troika_qr" v="75 RUB"/>
    <tag k="check_date" v="2023-04-12"/>
    <tag k="colour" v="#ff9ad2"/>
    <tag k="deaf" v="yes"/>
    <tag k="fee" v="yes"/>
    <tag k="fine:ticketless" v="5000 RUB"/>
    <tag k="from" v="Середниковская улица"/>
    <tag k="name" v="Автобус 32к: Середниковская улица =&gt; Северная"/>
    <tag k="network" v="Московский транспорт"/>
    <tag k="operator" v="ГУП «Мосгортранс»"/>
    <tag k="payment:cards" v="yes"/>
    <tag k="payment:cash" v="no"/>
    <tag k="payment:contactless" v="yes"/>
    <tag k="payment:maestro" v="no"/>
    <tag k="payment:mastercard" v="no"/>
    <tag k="payment:mir" v="yes"/>
    <tag k="payment:nfc" v="yes"/>
    <tag k="payment:podorozhnik" v="no"/>
    <tag k="payment:sbp" v="yes"/>
    <tag k="payment:social_cards" v="yes"/>
    <tag k="payment:strelka" v="no"/>
    <tag k="payment:troika" v="yes"/>
    <tag k="payment:visa" v="no"/>
    <tag k="public_transport:version" v="2"/>
    <tag k="ref" v="32к"/>
    <tag k="route" v="bus"/>
    <tag k="source" v="Реестр маршрутов города Москвы"/>
    <tag k="to" v="Северная"/>
    <tag k="type" v="route"/>
    <tag k="website" v="https://transport.mos.ru/transport/schedule/route/141503207"/>
    <tag k="wheelchair" v="yes"/>
  </relation>
  <relation id="15793125" version="38" timestamp="2026-05-25T10:44:55Z" changeset="183150026" uid="2055718" user="Bobropiton">
    <member type="node" ref="3065160697" role="stop_entry_only"/>
    <member type="node" ref="1113106514" role="platform_entry_only"/>
    <member type="node" ref="3065160659" role="stop"/>
    <member type="node" ref="2355283410" role="platform"/>
    <member type="node" ref="3065160662" role="stop"/>
    <member type="node" ref="2355283412" role="platform"/>
    <member type="node" ref="3064849238" role="stop"/>
    <member type="node" ref="1857829735" role="platform"/>
    <member type="node" ref="3064837828" role="stop"/>
    <member type="node" ref="612120051" role="platform"/>
    <member type="node" ref="3064837830" role="stop"/>
    <member type="node" ref="1848905785" role="platform"/>
    <member type="node" ref="3064837832" role="stop"/>
    <member type="node" ref="1848905786" role="platform"/>
    <member type="node" ref="3064837827" role="stop"/>
    <member type="node" ref="1848905783" role="platform"/>
    <member type="node" ref="3064849234" role="stop"/>
    <member type="node" ref="1848905788" role="platform"/>
    <member type="node" ref="3064849236" role="stop"/>
    <member type="node" ref="612109247" role="platform"/>
    <member type="node" ref="593348848" role="stop"/>
    <member type="node" ref="1847370217" role="platform"/>
    <member type="node" ref="1538113426" role="stop"/>
    <member type="node" ref="619786800" role="platform"/>
    <member type="node" ref="3064849237" role="stop"/>
    <member type="node" ref="449783765" role="platform"/>
    <member type="node" ref="13875808194" role="stop"/>
    <member type="node" ref="13875808195" role="platform"/>
    <member type="node" ref="3065441301" role="stop"/>
    <member type="node" ref="3059761577" role="platform"/>
    <member type="node" ref="3065441633" role="stop"/>
    <member type="node" ref="3054267635" role="platform"/>
    <member type="node" ref="12715695421" role="stop"/>
    <member type="node" ref="12715695423" role="platform"/>
    <member type="way" ref="1161686855" role=""/>
    <member type="way" ref="172774900" role=""/>
    <member type="way" ref="1085565085" role=""/>
    <member type="way" ref="1085565084" role=""/>
    <member type="way" ref="1085565080" role=""/>
    <member type="way" ref="1085565083" role=""/>
    <member type="way" ref="1085565081" role=""/>
    <member type="way" ref="1085565082" role=""/>
    <member type="way" ref="172774904" role=""/>
    <member type="way" ref="176975858" role=""/>
    <member type="way" ref="122500003" role=""/>
    <member type="way" ref="1085107361" role=""/>
    <member type="way" ref="197440502" role=""/>
    <member type="way" ref="137188542" role=""/>
    <member type="way" ref="137188541" role=""/>
    <member type="way" ref="38133960" role=""/>
    <member type="way" ref="23379608" role=""/>
    <member type="way" ref="510667012" role=""/>
    <member type="way" ref="175139737" role=""/>
    <member type="way" ref="144967534" role=""/>
    <member type="way" ref="144967535" role=""/>
    <member type="way" ref="1085106112" role=""/>
    <member type="way" ref="1085106113" role=""/>
    <member type="way" ref="134935518" role=""/>
    <member type="way" ref="137089208" role=""/>
    <member type="way" ref="1161716276" role=""/>
    <member type="way" ref="537392379" role=""/>
    <member type="way" ref="1161716275" role=""/>
    <member type="way" ref="27892961" role=""/>
    <member type="way" ref="195728434" role=""/>
    <member type="way" ref="140698304" role=""/>
    <member type="way" ref="94711929" role=""/>
    <member type="way" ref="1085579263" role=""/>
    <member type="way" ref="1085579262" role=""/>
    <member type="way" ref="172893470" role=""/>
    <member type="way" ref="1085579264" role=""/>
    <member type="way" ref="1085579265" role=""/>
    <member type="way" ref="1085596576" role=""/>
    <member type="way" ref="1085596575" role=""/>
    <member type="way" ref="137120848" role=""/>
    <member type="way" ref="1160874652" role=""/>
    <member type="way" ref="1085596578" role=""/>
    <member type="way" ref="1085596577" role=""/>
    <member type="way" ref="1085601387" role=""/>
    <member type="way" ref="1085596579" role=""/>
    <member type="way" ref="1085601386" role=""/>
    <member type="way" ref="137338550" role=""/>
    <member type="way" ref="1084679407" role=""/>
    <member type="way" ref="1084679406" role=""/>
    <member type="way" ref="1084679409" role=""/>
    <member type="way" ref="137338548" role=""/>
    <member type="way" ref="1084679408" role=""/>
    <member type="way" ref="134935517" role=""/>
    <member type="way" ref="1084681759" role=""/>
    <member type="way" ref="36375729" role=""/>
    <member type="way" ref="1084681760" role=""/>
    <member type="way" ref="282669899" role=""/>
    <member type="way" ref="179839105" role=""/>
    <member type="way" ref="36375750" role=""/>
    <member type="way" ref="36375751" role=""/>
    <member type="way" ref="290703414" role=""/>
    <member type="way" ref="173994033" role=""/>
    <member type="way" ref="195728431" role=""/>
    <member type="way" ref="53272351" role=""/>
    <member type="way" ref="53272342" role=""/>
    <member type="way" ref="109560673" role=""/>
    <member type="way" ref="109589242" role=""/>
    <member type="way" ref="109589241" role=""/>
    <member type="way" ref="1085833502" role=""/>
    <member type="way" ref="1085833501" role=""/>
    <member type="way" ref="53272348" role=""/>
    <member type="way" ref="1085375279" role=""/>
    <member type="way" ref="53272345" role=""/>
    <member type="way" ref="1085375280" role=""/>
    <member type="way" ref="195728377" role=""/>
    <member type="way" ref="195728393" role=""/>
    <member type="way" ref="226762780" role=""/>
    <member type="way" ref="195728390" role=""/>
    <member type="way" ref="23382620" role=""/>
    <member type="way" ref="229139656" role=""/>
    <member type="way" ref="197851346" role=""/>
    <member type="way" ref="118613638" role=""/>
    <member type="way" ref="703021086" role=""/>
    <member type="way" ref="703021089" role=""/>
    <member type="way" ref="172761147" role=""/>
    <member type="way" ref="537397096" role=""/>
    <member type="way" ref="197085010" role=""/>
    <member type="way" ref="1085652583" role=""/>
    <member type="way" ref="707958288" role=""/>
    <member type="way" ref="197085008" role=""/>
    <member type="way" ref="537397579" role=""/>
    <member type="way" ref="537397580" role=""/>
    <member type="way" ref="28642043" role=""/>
    <member type="way" ref="1521281621" role=""/>
    <member type="way" ref="151727793" role=""/>
    <member type="way" ref="1521281616" role=""/>
    <member type="way" ref="228074720" role=""/>
    <member type="way" ref="228074721" role=""/>
    <member type="way" ref="196896346" role=""/>
    <member type="way" ref="71811790" role=""/>
    <member type="way" ref="1410593535" role=""/>
    <member type="way" ref="1410593536" role=""/>
    <tag k="air_conditioning" v="yes"/>
    <tag k="bicycle" v="yes"/>
    <tag k="blind" v="limited"/>
    <tag k="bus_class:length" v="4;5"/>
    <tag k="charge:all-in-one" v="90 RUB"/>
    <tag k="charge:cards" v="83 RUB"/>
    <tag k="charge:sbp" v="83 RUB"/>
    <tag k="charge:troika" v="75 RUB"/>
    <tag k="charge:troika_qr" v="75 RUB"/>
    <tag k="check_date" v="2023-04-12"/>
    <tag k="colour" v="#ff9ad2"/>
    <tag k="deaf" v="yes"/>
    <tag k="fee" v="yes"/>
    <tag k="fine:ticketless" v="5000 RUB"/>
    <tag k="from" v="Северная"/>
    <tag k="name" v="Автобус 32к: Северная =&gt; Середниковская улица"/>
    <tag k="network" v="Московский транспорт"/>
    <tag k="operator" v="ГУП «Мосгортранс»"/>
    <tag k="payment:cards" v="yes"/>
    <tag k="payment:cash" v="no"/>
    <tag k="payment:contactless" v="yes"/>
    <tag k="payment:maestro" v="no"/>
    <tag k="payment:mastercard" v="no"/>
    <tag k="payment:mir" v="yes"/>
    <tag k="payment:nfc" v="yes"/>
    <tag k="payment:podorozhnik" v="no"/>
    <tag k="payment:sbp" v="yes"/>
    <tag k="payment:social_cards" v="yes"/>
    <tag k="payment:strelka" v="no"/>
    <tag k="payment:troika" v="yes"/>
    <tag k="payment:visa" v="no"/>
    <tag k="public_transport:version" v="2"/>
    <tag k="ref" v="32к"/>
    <tag k="route" v="bus"/>
    <tag k="source" v="Реестр маршрутов города Москвы"/>
    <tag k="to" v="Середниковская улица"/>
    <tag k="type" v="route"/>
    <tag k="website" v="https://transport.mos.ru/transport/schedule/route/141503207"/>
    <tag k="wheelchair" v="yes"/>
  </relation>
  <relation id="17675759" version="1" timestamp="2024-06-04T14:51:00Z" changeset="152247900" uid="1185631" user="Dmitry2013">
    <member type="way" ref="960757441" role="outer"/>
    <member type="way" ref="1161332410" role="outer"/>
    <member type="way" ref="896320557" role="outer"/>
    <tag k="addr:city" v="Зеленоград"/>
    <tag k="addr:housenumber" v="к1936"/>
    <tag k="building" v="apartments"/>
    <tag k="building:colour" v="grey;yellow;brown"/>
    <tag k="building:flats" v="240"/>
    <tag k="building:levels" v="17"/>
    <tag k="building:material" v="porcelain_stoneware"/>
    <tag k="construction" v="apartments"/>
    <tag k="height" v="45"/>
    <tag k="roof:colour" v="grey"/>
    <tag k="roof:material" v="tar_paper"/>
    <tag k="roof:shape" v="flat"/>
    <tag k="start_date" v="2022"/>
    <tag k="type" v="multipolygon"/>
  </relation>
  <relation id="20740777" version="1" timestamp="2026-05-25T10:44:55Z" changeset="183150026" uid="2055718" user="Bobropiton">
    <member type="node" ref="13875808193" role="stop"/>
    <member type="node" ref="5533582382" role="platform"/>
    <tag k="name" v="Улица Радио"/>
    <tag k="public_transport" v="stop_area"/>
    <tag k="type" v="public_transport"/>
  </relation>
  <relation id="20740778" version="1" timestamp="2026-05-25T10:44:55Z" changeset="183150026" uid="2055718" user="Bobropiton">
    <member type="node" ref="13875808194" role="stop"/>
    <member type="node" ref="13875808195" role="platform"/>
    <tag k="name" v="Улица Радио"/>
    <tag k="public_transport" v="stop_area"/>
    <tag k="type" v="public_transport"/>
  </relation>

</osm>
