<?xml version="1.0" encoding="UTF-8"?>
<osm version="0.6" generator="Overpass API 0.7.62.11 87bfad18">
<note>The data included in this document is from www.openstreetmap.org. The data is made available under ODbL.</note>
<meta osm_base="2026-06-12T12:14:17Z"/>

  <node id="492419012" lat="55.5155131" lon="37.3470474" version="4" timestamp="2022-03-30T12:05:08Z" changeset="119113682" uid="12947635" user="Руслан Т"/>
  <node id="492419015" lat="55.5156776" lon="37.3472919" version="4" timestamp="2022-03-30T12:05:08Z" changeset="119113682" uid="12947635" user="Руслан Т"/>
  <node id="492419017" lat="55.5155763" lon="37.3475058" version="4" timestamp="2022-03-29T13:26:02Z" changeset="119070367" uid="12947635" user="Руслан Т"/>
  <node id="492419020" lat="55.5154479" lon="37.3477767" version="4" timestamp="2022-03-29T13:26:02Z" changeset="119070367" uid="12947635" user="Руслан Т"/>
  <node id="492419021" lat="55.5145517" lon="37.3496674" version="3" timestamp="2022-03-29T13:26:02Z" changeset="119070367" uid="12947635" user="Руслан Т"/>
  <node id="606967182" lat="55.5155317" lon="37.3475407" version="3" timestamp="2022-03-29T13:26:02Z" changeset="119070367" uid="12947635" user="Руслан Т"/>
  <node id="606967183" lat="55.5155227" lon="37.3472019" version="3" timestamp="2022-03-29T13:26:02Z" changeset="119070367" uid="12947635" user="Руслан Т"/>
  <node id="606967185" lat="55.5145446" lon="37.3496159" version="3" timestamp="2022-03-29T13:26:02Z" changeset="119070367" uid="12947635" user="Руслан Т"/>
  <node id="1483867505" lat="55.5139483" lon="37.3472953" version="1" timestamp="2011-10-28T18:25:22Z" changeset="9678830" uid="29320" user="Komяpa"/>
  <node id="1483867507" lat="55.5139885" lon="37.3478092" version="1" timestamp="2011-10-28T18:25:22Z" changeset="9678830" uid="29320" user="Komяpa"/>
  <node id="1483867508" lat="55.5139935" lon="37.3482787" version="1" timestamp="2011-10-28T18:25:22Z" changeset="9678830" uid="29320" user="Komяpa"/>
  <node id="1483867511" lat="55.5141190" lon="37.3479982" version="1" timestamp="2011-10-28T18:25:22Z" changeset="9678830" uid="29320" user="Komяpa"/>
  <node id="1483867512" lat="55.5141339" lon="37.3474961" version="1" timestamp="2011-10-28T18:25:23Z" changeset="9678830" uid="29320" user="Komяpa"/>
  <node id="1483867514" lat="55.5142428" lon="37.3481069" version="2" timestamp="2020-12-01T19:42:29Z" changeset="95113528" uid="8912234" user="Quinn Mallory"/>
  <node id="1483867515" lat="55.5142202" lon="37.3468401" version="1" timestamp="2011-10-28T18:25:23Z" changeset="9678830" uid="29320" user="Komяpa"/>
  <node id="1483867517" lat="55.5142543" lon="37.3493330" version="1" timestamp="2011-10-28T18:25:23Z" changeset="9678830" uid="29320" user="Komяpa"/>
  <node id="1483867518" lat="55.5142644" lon="37.3476851" version="1" timestamp="2011-10-28T18:25:23Z" changeset="9678830" uid="29320" user="Komяpa"/>
  <node id="1483867519" lat="55.5143100" lon="37.3492132" version="1" timestamp="2011-10-28T18:25:23Z" changeset="9678830" uid="29320" user="Komяpa"/>
  <node id="1483867520" lat="55.5143582" lon="37.3478583" version="2" timestamp="2020-12-01T19:42:29Z" changeset="95113528" uid="8912234" user="Quinn Mallory"/>
  <node id="1483867521" lat="55.5144044" lon="37.3495504" version="1" timestamp="2011-10-28T18:25:23Z" changeset="9678830" uid="29320" user="Komяpa"/>
  <node id="1483867522" lat="55.5144450" lon="37.3463561" version="1" timestamp="2011-10-28T18:25:23Z" changeset="9678830" uid="29320" user="Komяpa"/>
  <node id="1483867523" lat="55.5144600" lon="37.3494305" version="1" timestamp="2011-10-28T18:25:23Z" changeset="9678830" uid="29320" user="Komяpa"/>
  <node id="1483867524" lat="55.5146590" lon="37.3487100" version="2" timestamp="2020-12-01T19:42:29Z" changeset="95113528" uid="8912234" user="Quinn Mallory"/>
  <node id="1483867525" lat="55.5147745" lon="37.3484613" version="2" timestamp="2020-12-01T19:42:29Z" changeset="95113528" uid="8912234" user="Quinn Mallory"/>
  <node id="1483867526" lat="55.5151131" lon="37.3481336" version="1" timestamp="2011-10-28T18:25:23Z" changeset="9678830" uid="29320" user="Komяpa"/>
  <node id="1483867527" lat="55.5153379" lon="37.3476497" version="1" timestamp="2011-10-28T18:25:24Z" changeset="9678830" uid="29320" user="Komяpa"/>
  <node id="2479836213" lat="55.5174407" lon="37.3496407" version="5" timestamp="2022-03-30T14:01:44Z" changeset="119118215" uid="12947635" user="Руслан Т"/>
  <node id="2479836215" lat="55.5174402" lon="37.3494299" version="5" timestamp="2022-03-30T14:01:44Z" changeset="119118215" uid="12947635" user="Руслан Т"/>
  <node id="2479836243" lat="55.5164195" lon="37.3496148" version="4" timestamp="2022-03-30T14:01:44Z" changeset="119118215" uid="12947635" user="Руслан Т"/>
  <node id="2479836244" lat="55.5165024" lon="37.3495573" version="4" timestamp="2022-03-30T14:01:44Z" changeset="119118215" uid="12947635" user="Руслан Т"/>
  <node id="2479836246" lat="55.5165021" lon="37.3494696" version="4" timestamp="2022-03-30T14:01:44Z" changeset="119118215" uid="12947635" user="Руслан Т"/>
  <node id="2479836248" lat="55.5172183" lon="37.3494317" version="4" timestamp="2022-03-30T14:01:44Z" changeset="119118215" uid="12947635" user="Руслан Т"/>
  <node id="2479836249" lat="55.5172189" lon="37.3496426" version="4" timestamp="2022-03-30T14:01:44Z" changeset="119118215" uid="12947635" user="Руслан Т"/>
  <node id="2479836251" lat="55.5165287" lon="37.3496484" version="4" timestamp="2022-03-30T14:01:44Z" changeset="119118215" uid="12947635" user="Руслан Т"/>
  <node id="2479836268" lat="55.5156853" lon="37.3473034" version="6" timestamp="2022-03-30T12:05:08Z" changeset="119113682" uid="12947635" user="Руслан Т"/>
  <node id="2508146444" lat="55.5149655" lon="37.3497108" version="4" timestamp="2022-03-30T14:01:44Z" changeset="119118215" uid="12947635" user="Руслан Т">
    <tag k="highway" v="traffic_signals"/>
    <tag k="traffic_signals" v="traffic_lights"/>
  </node>
  <node id="2508146449" lat="55.5151988" lon="37.3493909" version="4" timestamp="2022-03-30T14:01:44Z" changeset="119118215" uid="12947635" user="Руслан Т"/>
  <node id="2508146455" lat="55.5156638" lon="37.3489553" version="4" timestamp="2022-03-30T14:01:44Z" changeset="119118215" uid="12947635" user="Руслан Т"/>
  <node id="2508146456" lat="55.5159461" lon="37.3486016" version="5" timestamp="2022-04-11T09:41:10Z" changeset="119569779" uid="12947635" user="Руслан Т"/>
  <node id="2508146458" lat="55.5160261" lon="37.3488920" version="5" timestamp="2022-04-11T09:41:10Z" changeset="119569779" uid="12947635" user="Руслан Т"/>
  <node id="2508146460" lat="55.5160298" lon="37.3482278" version="5" timestamp="2022-04-11T09:41:10Z" changeset="119569779" uid="12947635" user="Руслан Т"/>
  <node id="2508146462" lat="55.5161333" lon="37.3489974" version="5" timestamp="2022-04-11T09:41:10Z" changeset="119569779" uid="12947635" user="Руслан Т"/>
  <node id="2508146466" lat="55.5162561" lon="37.3490021" version="5" timestamp="2022-04-11T09:41:10Z" changeset="119569779" uid="12947635" user="Руслан Т"/>
  <node id="2508146468" lat="55.5163658" lon="37.3489049" version="5" timestamp="2022-04-11T09:41:10Z" changeset="119569779" uid="12947635" user="Руслан Т"/>
  <node id="2508146470" lat="55.5164110" lon="37.3483103" version="5" timestamp="2022-04-11T09:41:10Z" changeset="119569779" uid="12947635" user="Руслан Т"/>
  <node id="2508150572" lat="55.5159589" lon="37.3487090" version="4" timestamp="2022-04-11T09:41:10Z" changeset="119569779" uid="12947635" user="Руслан Т"/>
  <node id="2508150573" lat="55.5159802" lon="37.3483349" version="4" timestamp="2022-04-11T09:41:10Z" changeset="119569779" uid="12947635" user="Руслан Т"/>
  <node id="2508150574" lat="55.5160761" lon="37.3489563" version="4" timestamp="2022-04-11T09:41:10Z" changeset="119569779" uid="12947635" user="Руслан Т"/>
  <node id="2508150575" lat="55.5161297" lon="37.3481302" version="4" timestamp="2022-04-11T09:41:10Z" changeset="119569779" uid="12947635" user="Руслан Т"/>
  <node id="2508150576" lat="55.5161945" lon="37.3490130" version="4" timestamp="2022-04-11T09:41:10Z" changeset="119569779" uid="12947635" user="Руслан Т"/>
  <node id="2508150577" lat="55.5163384" lon="37.3481848" version="4" timestamp="2022-04-11T09:41:10Z" changeset="119569779" uid="12947635" user="Руслан Т"/>
  <node id="2508150578" lat="55.5163143" lon="37.3489653" version="4" timestamp="2022-04-11T09:41:10Z" changeset="119569779" uid="12947635" user="Руслан Т"/>
  <node id="2508150579" lat="55.5163783" lon="37.3482411" version="4" timestamp="2022-04-11T09:41:10Z" changeset="119569779" uid="12947635" user="Руслан Т"/>
  <node id="2508150580" lat="55.5164075" lon="37.3488243" version="4" timestamp="2022-04-11T09:41:10Z" changeset="119569779" uid="12947635" user="Руслан Т"/>
  <node id="2508150581" lat="55.5164353" lon="37.3483897" version="4" timestamp="2022-04-11T09:41:10Z" changeset="119569779" uid="12947635" user="Руслан Т"/>
  <node id="2548035194" lat="55.5164631" lon="37.3496145" version="3" timestamp="2022-03-30T14:01:44Z" changeset="119118215" uid="12947635" user="Руслан Т"/>
  <node id="2579250882" lat="55.5161045" lon="37.3498088" version="3" timestamp="2022-03-30T14:01:44Z" changeset="119118215" uid="12947635" user="Руслан Т"/>
  <node id="2579250892" lat="55.5162466" lon="37.3494796" version="3" timestamp="2022-03-30T14:01:44Z" changeset="119118215" uid="12947635" user="Руслан Т"/>
  <node id="2579250906" lat="55.5164428" lon="37.3492102" version="4" timestamp="2022-03-30T14:01:44Z" changeset="119118215" uid="12947635" user="Руслан Т"/>
  <node id="2926691066" lat="55.5149949" lon="37.3496621" version="4" timestamp="2022-03-30T14:01:44Z" changeset="119118215" uid="12947635" user="Руслан Т"/>
  <node id="2926691072" lat="55.5159052" lon="37.3476299" version="2" timestamp="2022-03-30T12:05:08Z" changeset="119113682" uid="12947635" user="Руслан Т"/>
  <node id="2956193099" lat="55.5160307" lon="37.3485805" version="4" timestamp="2022-04-11T09:41:10Z" changeset="119569779" uid="12947635" user="Руслан Т"/>
  <node id="2956193100" lat="55.5160386" lon="37.3484805" version="4" timestamp="2022-04-11T09:41:10Z" changeset="119569779" uid="12947635" user="Руслан Т"/>
  <node id="2956193101" lat="55.5160417" lon="37.3486796" version="4" timestamp="2022-04-11T09:41:10Z" changeset="119569779" uid="12947635" user="Руслан Т"/>
  <node id="2956193102" lat="55.5160644" lon="37.3483904" version="4" timestamp="2022-04-11T09:41:10Z" changeset="119569779" uid="12947635" user="Руслан Т"/>
  <node id="2956193103" lat="55.5160702" lon="37.3487671" version="4" timestamp="2022-04-11T09:41:10Z" changeset="119569779" uid="12947635" user="Руслан Т"/>
  <node id="2956193104" lat="55.5161055" lon="37.3483200" version="4" timestamp="2022-04-11T09:41:10Z" changeset="119569779" uid="12947635" user="Руслан Т"/>
  <node id="2956193105" lat="55.5161133" lon="37.3488335" version="4" timestamp="2022-04-11T09:41:10Z" changeset="119569779" uid="12947635" user="Руслан Т"/>
  <node id="2956193107" lat="55.5161572" lon="37.3482769" version="4" timestamp="2022-04-11T09:41:10Z" changeset="119569779" uid="12947635" user="Руслан Т"/>
  <node id="2956193108" lat="55.5162437" lon="37.3481194" version="5" timestamp="2022-04-11T09:41:10Z" changeset="119569779" uid="12947635" user="Руслан Т"/>
  <node id="2956193110" lat="55.5162234" lon="37.3488772" version="4" timestamp="2022-04-11T09:41:10Z" changeset="119569779" uid="12947635" user="Руслан Т"/>
  <node id="2956193111" lat="55.5162140" lon="37.3482658" version="4" timestamp="2022-04-11T09:41:10Z" changeset="119569779" uid="12947635" user="Руслан Т"/>
  <node id="2956193112" lat="55.5162784" lon="37.3488498" version="4" timestamp="2022-04-11T09:41:10Z" changeset="119569779" uid="12947635" user="Руслан Т"/>
  <node id="2956193113" lat="55.5163185" lon="37.3483409" version="4" timestamp="2022-04-11T09:41:10Z" changeset="119569779" uid="12947635" user="Руслан Т"/>
  <node id="2956193114" lat="55.5163255" lon="37.3487922" version="4" timestamp="2022-04-11T09:41:10Z" changeset="119569779" uid="12947635" user="Руслан Т"/>
  <node id="2956193115" lat="55.5163549" lon="37.3484189" version="4" timestamp="2022-04-11T09:41:10Z" changeset="119569779" uid="12947635" user="Руслан Т"/>
  <node id="2956193117" lat="55.5163593" lon="37.3487109" version="4" timestamp="2022-04-11T09:41:10Z" changeset="119569779" uid="12947635" user="Руслан Т"/>
  <node id="2956193118" lat="55.5163749" lon="37.3485135" version="4" timestamp="2022-04-11T09:41:10Z" changeset="119569779" uid="12947635" user="Руслан Т"/>
  <node id="2956193119" lat="55.5163764" lon="37.3486145" version="4" timestamp="2022-04-11T09:41:10Z" changeset="119569779" uid="12947635" user="Руслан Т"/>
  <node id="2956193124" lat="55.5168103" lon="37.3498753" version="3" timestamp="2022-03-30T14:01:44Z" changeset="119118215" uid="12947635" user="Руслан Т"/>
  <node id="2956193130" lat="55.5173332" lon="37.3486869" version="8" timestamp="2022-03-30T14:01:44Z" changeset="119118215" uid="12947635" user="Руслан Т"/>
  <node id="2956193131" lat="55.5173311" lon="37.3477007" version="4" timestamp="2022-03-30T10:52:25Z" changeset="119110521" uid="12947635" user="Руслан Т"/>
  <node id="2956193233" lat="55.5173364" lon="37.3498667" version="4" timestamp="2022-03-30T14:01:44Z" changeset="119118215" uid="12947635" user="Руслан Т"/>
  <node id="2956193238" lat="55.5174264" lon="37.3478643" version="3" timestamp="2022-03-30T10:29:56Z" changeset="119109648" uid="12947635" user="Руслан Т"/>
  <node id="2956193239" lat="55.5174154" lon="37.3480697" version="3" timestamp="2022-03-30T10:29:56Z" changeset="119109648" uid="12947635" user="Руслан Т"/>
  <node id="2956193240" lat="55.5174362" lon="37.3478596" version="3" timestamp="2022-03-30T10:29:56Z" changeset="119109648" uid="12947635" user="Руслан Т"/>
  <node id="2956193242" lat="55.5174435" lon="37.3480695" version="3" timestamp="2022-03-30T10:29:56Z" changeset="119109648" uid="12947635" user="Руслан Т"/>
  <node id="2956193243" lat="55.5174435" lon="37.3480679" version="3" timestamp="2022-03-30T10:29:56Z" changeset="119109648" uid="12947635" user="Руслан Т"/>
  <node id="2956193251" lat="55.5175251" lon="37.3478589" version="4" timestamp="2022-04-11T10:49:14Z" changeset="119572831" uid="12947635" user="Руслан Т">
    <tag k="entrance" v="staircase"/>
    <tag k="ref" v="6"/>
  </node>
  <node id="2956193252" lat="55.5176275" lon="37.3480664" version="3" timestamp="2022-03-30T10:29:56Z" changeset="119109648" uid="12947635" user="Руслан Т"/>
  <node id="4433419325" lat="55.5173325" lon="37.3482317" version="4" timestamp="2022-03-30T10:52:25Z" changeset="119110521" uid="12947635" user="Руслан Т"/>
  <node id="4456349905" lat="55.5168909" lon="37.3461999" version="3" timestamp="2022-03-30T14:01:44Z" changeset="119118215" uid="12947635" user="Руслан Т"/>
  <node id="4456349918" lat="55.5178233" lon="37.3461920" version="3" timestamp="2022-03-30T14:01:44Z" changeset="119118215" uid="12947635" user="Руслан Т"/>
  <node id="4843922685" lat="55.5148102" lon="37.3498770" version="3" timestamp="2022-03-30T14:01:44Z" changeset="119118215" uid="12947635" user="Руслан Т"/>
  <node id="4878036553" lat="55.5156113" lon="37.3474319" version="2" timestamp="2022-03-29T13:26:02Z" changeset="119070367" uid="12947635" user="Руслан Т">
    <tag k="barrier" v="block"/>
  </node>
  <node id="4887630940" lat="55.5156825" lon="37.3465265" version="3" timestamp="2019-03-27T12:29:57Z" changeset="68584674" uid="3674775" user="mosstreet">
    <tag k="description" v="Шиномонтаж"/>
    <tag k="service" v="tyres"/>
    <tag k="shop" v="car_repair"/>
  </node>
  <node id="4887642703" lat="55.5178929" lon="37.3480076" version="25" timestamp="2023-09-17T22:34:53Z" changeset="141400216" uid="149719" user="Bloodmage">
    <tag k="name" v="Продуктовый рай"/>
    <tag k="shop" v="convenience"/>
  </node>
  <node id="4887642705" lat="55.5178321" lon="37.3480103" version="2" timestamp="2017-05-31T11:26:19Z" changeset="49132479" uid="363136" user="neo-plan">
    <tag k="shop" v="gift"/>
  </node>
  <node id="4887642706" lat="55.5175163" lon="37.3480130" version="3" timestamp="2025-09-09T07:27:18Z" changeset="171669775" uid="12100948" user="kate_rocketdata">
    <tag k="amenity" v="pharmacy"/>
    <tag k="contact:email" v="info@farmlend.ru"/>
    <tag k="contact:phone" v="+7 347 2600393;+7 800 5500393"/>
    <tag k="contact:website" v="https://farmlend.ru"/>
    <tag k="healthcare" v="pharmacy"/>
    <tag k="name" v="Фармленд"/>
    <tag k="opening_hours" v="Mo-Fr 08:00-23:00; Sa-Su 09:00-22:00"/>
  </node>
  <node id="4887642707" lat="55.5175861" lon="37.3480130" version="2" timestamp="2019-01-24T04:09:12Z" changeset="66588123" uid="1624486" user="thetornado76">
    <tag k="shop" v="optician"/>
  </node>
  <node id="4887642708" lat="55.5177714" lon="37.3480130" version="1" timestamp="2017-05-31T11:25:01Z" changeset="49132479" uid="363136" user="neo-plan">
    <tag k="shop" v="florist"/>
  </node>
  <node id="4887642710" lat="55.5176454" lon="37.3480184" version="25" timestamp="2023-09-17T22:34:53Z" changeset="141400216" uid="149719" user="Bloodmage">
    <tag k="name" v="Строймаркет"/>
    <tag k="shop" v="doityourself"/>
  </node>
  <node id="4887642711" lat="55.5176985" lon="37.3480157" version="1" timestamp="2017-05-31T11:25:01Z" changeset="49132479" uid="363136" user="neo-plan">
    <tag k="shop" v="stationery"/>
  </node>
  <node id="4887645098" lat="55.5178154" lon="37.3494346" version="1" timestamp="2017-05-31T11:26:19Z" changeset="49132479" uid="363136" user="neo-plan">
    <tag k="shop" v="hairdresser"/>
  </node>
  <node id="4887645101" lat="55.5176940" lon="37.3494346" version="25" timestamp="2023-09-17T22:34:53Z" changeset="141400216" uid="149719" user="Bloodmage">
    <tag k="name" v="Разливное пиво"/>
    <tag k="shop" v="alcohol"/>
  </node>
  <node id="4887648294" lat="55.5162590" lon="37.3472968" version="30" timestamp="2023-09-17T22:47:20Z" changeset="141400391" uid="149719" user="Bloodmage">
    <tag k="amenity" v="bank"/>
    <tag k="branch" v="Московский банк"/>
    <tag k="brand:wikidata" v="Q205012"/>
    <tag k="brand:wikipedia" v="ru:Сбербанк России"/>
    <tag k="contact:facebook" v="https://www.facebook.com/sberbank"/>
    <tag k="contact:instagram" v="https://www.instagram.com/sberbank/"/>
    <tag k="contact:ok" v="https://ok.ru/sberbank"/>
    <tag k="contact:phone" v="+7 495 5005550"/>
    <tag k="contact:twitter" v="https://twitter.com/sberbank/"/>
    <tag k="contact:vk" v="https://vk.com/sberbank"/>
    <tag k="contact:website" v="https://www.sberbank.ru"/>
    <tag k="contact:youtube" v="https://www.youtube.com/sberbank"/>
    <tag k="name" v="Сбербанк"/>
    <tag k="name:en" v="Sberbank"/>
    <tag k="opening_hours" v="Mo-Fr 09:00-19:00; Sa 09:00-16:30"/>
    <tag k="operator" v="ПАО Сбербанк"/>
    <tag k="operator:wikidata" v="Q205012"/>
    <tag k="operator:wikipedia" v="ru:Сбербанк России"/>
    <tag k="ref" v="9038/01876"/>
    <tag k="wheelchair" v="yes"/>
  </node>
  <node id="4887648295" lat="55.5163592" lon="37.3474578" version="26" timestamp="2023-09-17T22:34:53Z" changeset="141400216" uid="149719" user="Bloodmage">
    <tag k="name" v="Пекарня"/>
    <tag k="shop" v="bakery"/>
  </node>
  <node id="4887648296" lat="55.5164169" lon="37.3475489" version="26" timestamp="2023-09-17T22:34:53Z" changeset="141400216" uid="149719" user="Bloodmage">
    <tag k="name" v="Минимаркет"/>
    <tag k="shop" v="convenience"/>
  </node>
  <node id="4887648297" lat="55.5161405" lon="37.3472056" version="2" timestamp="2022-04-11T09:41:10Z" changeset="119569779" uid="12947635" user="Руслан Т">
    <tag k="amenity" v="bicycle_parking"/>
  </node>
  <node id="4887648298" lat="55.5163136" lon="37.3473773" version="24" timestamp="2023-09-17T22:47:20Z" changeset="141400391" uid="149719" user="Bloodmage">
    <tag k="amenity" v="fast_food"/>
    <tag k="name" v="Пельменная"/>
  </node>
  <node id="4887648299" lat="55.5162013" lon="37.3472003" version="25" timestamp="2025-01-29T07:50:40Z" changeset="161885960" uid="12100948" user="kate_rocketdata">
    <tag k="amenity" v="pharmacy"/>
    <tag k="contact:phone" v="+7 499 6536277"/>
    <tag k="contact:website" v="https://gorzdrav.org"/>
    <tag k="healthcare" v="pharmacy"/>
    <tag k="name" v="Горздрав"/>
    <tag k="opening_hours" v="24/7"/>
  </node>
  <node id="4887648300" lat="55.5161344" lon="37.3470983" version="27" timestamp="2023-09-17T22:43:35Z" changeset="141400340" uid="149719" user="Bloodmage">
    <tag k="name" v="Пятёрочка"/>
    <tag k="shop" v="supermarket"/>
  </node>
  <node id="4897326902" lat="55.5170357" lon="37.3488554" version="27" timestamp="2023-09-17T00:03:31Z" changeset="141362330" uid="461130" user="Fizzie-DWG">
    <tag k="bus" v="yes"/>
    <tag k="highway" v="bus_stop"/>
    <tag k="name" v="Нововатутинский проспект, 8"/>
    <tag k="public_transport" v="platform"/>
  </node>
  <node id="4897329091" lat="55.5158528" lon="37.3475525" version="3" timestamp="2022-04-11T10:28:04Z" changeset="119571895" uid="12947635" user="Руслан Т">
    <tag k="crossing" v="uncontrolled"/>
    <tag k="highway" v="crossing"/>
  </node>
  <node id="6359893459" lat="55.5156040" lon="37.3489983" version="5" timestamp="2022-04-11T13:04:08Z" changeset="119578833" uid="12947635" user="Руслан Т">
    <tag k="crossing" v="uncontrolled"/>
    <tag k="highway" v="crossing"/>
  </node>
  <node id="6359893460" lat="55.5150555" lon="37.3495768" version="6" timestamp="2022-04-11T13:04:08Z" changeset="119578833" uid="12947635" user="Руслан Т">
    <tag k="crossing" v="uncontrolled"/>
    <tag k="highway" v="crossing"/>
  </node>
  <node id="6362224352" lat="55.5172002" lon="37.3478296" version="2" timestamp="2022-03-30T10:52:25Z" changeset="119110521" uid="12947635" user="Руслан Т"/>
  <node id="6362224353" lat="55.5172009" lon="37.3480979" version="2" timestamp="2022-03-30T10:52:25Z" changeset="119110521" uid="12947635" user="Руслан Т"/>
  <node id="6362224354" lat="55.5168177" lon="37.3481010" version="2" timestamp="2022-03-30T10:52:25Z" changeset="119110521" uid="12947635" user="Руслан Т"/>
  <node id="6362224355" lat="55.5168170" lon="37.3478328" version="2" timestamp="2022-03-30T10:52:25Z" changeset="119110521" uid="12947635" user="Руслан Т"/>
  <node id="6362227430" lat="55.5167756" lon="37.3477450" version="3" timestamp="2022-03-30T10:52:25Z" changeset="119110521" uid="12947635" user="Руслан Т"/>
  <node id="6362227431" lat="55.5160687" lon="37.3466917" version="3" timestamp="2022-03-30T10:52:25Z" changeset="119110521" uid="12947635" user="Руслан Т"/>
  <node id="6362227432" lat="55.5159654" lon="37.3469078" version="3" timestamp="2022-03-30T10:52:25Z" changeset="119110521" uid="12947635" user="Руслан Т"/>
  <node id="6362227433" lat="55.5166723" lon="37.3479611" version="3" timestamp="2022-03-30T10:52:25Z" changeset="119110521" uid="12947635" user="Руслан Т"/>
  <node id="6362250280" lat="55.5164011" lon="37.3471869" version="3" timestamp="2022-04-11T10:49:14Z" changeset="119572831" uid="12947635" user="Руслан Т">
    <tag k="entrance" v="staircase"/>
    <tag k="ref" v="3"/>
  </node>
  <node id="6364187599" lat="55.5161119" lon="37.3465376" version="2" timestamp="2022-03-30T10:52:25Z" changeset="119110521" uid="12947635" user="Руслан Т"/>
  <node id="6364187600" lat="55.5169076" lon="37.3476929" version="3" timestamp="2022-03-30T12:05:08Z" changeset="119113682" uid="12947635" user="Руслан Т"/>
  <node id="6364187601" lat="55.5173448" lon="37.3462997" version="3" timestamp="2022-03-30T14:01:44Z" changeset="119118215" uid="12947635" user="Руслан Т"/>
  <node id="6364187602" lat="55.5173438" lon="37.3464037" version="2" timestamp="2022-03-30T14:01:44Z" changeset="119118215" uid="12947635" user="Руслан Т"/>
  <node id="6364187603" lat="55.5172403" lon="37.3466972" version="2" timestamp="2022-03-30T14:01:44Z" changeset="119118215" uid="12947635" user="Руслан Т"/>
  <node id="6364187604" lat="55.5172386" lon="37.3477015" version="2" timestamp="2022-03-30T10:52:25Z" changeset="119110521" uid="12947635" user="Руслан Т"/>
  <node id="6364187612" lat="55.5167172" lon="37.3467564" version="2" timestamp="2022-03-30T10:29:56Z" changeset="119109648" uid="12947635" user="Руслан Т"/>
  <node id="6364187617" lat="55.5168294" lon="37.3462561" version="3" timestamp="2022-03-30T14:01:44Z" changeset="119118215" uid="12947635" user="Руслан Т"/>
  <node id="6364187641" lat="55.5173619" lon="37.3476214" version="3" timestamp="2022-03-30T10:52:25Z" changeset="119110521" uid="12947635" user="Руслан Т"/>
  <node id="6364187642" lat="55.5173332" lon="37.3484627" version="3" timestamp="2022-03-30T10:52:25Z" changeset="119110521" uid="12947635" user="Руслан Т"/>
  <node id="6364187644" lat="55.5173345" lon="37.3491832" version="5" timestamp="2022-03-30T14:01:44Z" changeset="119118215" uid="12947635" user="Руслан Т"/>
  <node id="6364700648" lat="55.5160548" lon="37.3461081" version="3" timestamp="2022-03-30T10:52:25Z" changeset="119110521" uid="12947635" user="Руслан Т"/>
  <node id="6364700649" lat="55.5155603" lon="37.3471176" version="4" timestamp="2022-03-30T12:05:08Z" changeset="119113682" uid="12947635" user="Руслан Т"/>
  <node id="6364700650" lat="55.5162416" lon="37.3463863" version="2" timestamp="2022-03-30T10:52:25Z" changeset="119110521" uid="12947635" user="Руслан Т"/>
  <node id="6364700651" lat="55.5162700" lon="37.3464105" version="2" timestamp="2022-03-30T10:52:25Z" changeset="119110521" uid="12947635" user="Руслан Т"/>
  <node id="6364700652" lat="55.5163570" lon="37.3464594" version="2" timestamp="2022-03-30T10:52:25Z" changeset="119110521" uid="12947635" user="Руслан Т"/>
  <node id="6364700653" lat="55.5164244" lon="37.3465020" version="2" timestamp="2022-03-30T10:52:25Z" changeset="119110521" uid="12947635" user="Руслан Т"/>
  <node id="6364700654" lat="55.5166805" lon="37.3468597" version="2" timestamp="2022-03-30T10:52:25Z" changeset="119110521" uid="12947635" user="Руслан Т"/>
  <node id="6364700655" lat="55.5167314" lon="37.3468276" version="2" timestamp="2022-03-30T10:52:25Z" changeset="119110521" uid="12947635" user="Руслан Т"/>
  <node id="6364700656" lat="55.5167579" lon="37.3468247" version="2" timestamp="2022-03-30T10:52:25Z" changeset="119110521" uid="12947635" user="Руслан Т"/>
  <node id="6364700657" lat="55.5172363" lon="37.3468208" version="2" timestamp="2022-03-30T10:52:25Z" changeset="119110521" uid="12947635" user="Руслан Т"/>
  <node id="6913414996" lat="55.5145181" lon="37.3458919" version="2" timestamp="2022-03-29T13:26:02Z" changeset="119070367" uid="12947635" user="Руслан Т"/>
  <node id="6921830627" lat="55.5159514" lon="37.3484636" version="3" timestamp="2022-04-11T09:41:10Z" changeset="119569779" uid="12947635" user="Руслан Т"/>
  <node id="6921830628" lat="55.5159861" lon="37.3488078" version="3" timestamp="2022-04-11T09:41:10Z" changeset="119569779" uid="12947635" user="Руслан Т"/>
  <node id="6921830629" lat="55.5162698" lon="37.3482880" version="3" timestamp="2022-04-11T09:41:10Z" changeset="119569779" uid="12947635" user="Руслан Т"/>
  <node id="6921830630" lat="55.5161663" lon="37.3488716" version="3" timestamp="2022-04-11T09:41:10Z" changeset="119569779" uid="12947635" user="Руслан Т"/>
  <node id="6921830641" lat="55.5167142" lon="37.3486970" version="8" timestamp="2022-04-11T10:28:04Z" changeset="119571895" uid="12947635" user="Руслан Т">
    <tag k="crossing" v="uncontrolled"/>
    <tag k="highway" v="crossing"/>
  </node>
  <node id="6921830642" lat="55.5164545" lon="37.3485373" version="3" timestamp="2022-04-11T09:41:10Z" changeset="119569779" uid="12947635" user="Руслан Т"/>
  <node id="6924294493" lat="55.5150401" lon="37.3495964" version="3" timestamp="2022-03-30T14:01:44Z" changeset="119118215" uid="12947635" user="Руслан Т"/>
  <node id="6924294521" lat="55.5173340" lon="37.3488870" version="5" timestamp="2022-04-11T14:31:33Z" changeset="119582230" uid="12947635" user="Руслан Т">
    <tag k="crossing" v="uncontrolled"/>
    <tag k="highway" v="crossing"/>
  </node>
  <node id="6924294522" lat="55.5167148" lon="37.3488922" version="3" timestamp="2022-04-11T10:28:04Z" changeset="119571895" uid="12947635" user="Руслан Т"/>
  <node id="6924294523" lat="55.5166221" lon="37.3489010" version="2" timestamp="2022-03-30T14:01:44Z" changeset="119118215" uid="12947635" user="Руслан Т"/>
  <node id="6924294524" lat="55.5165536" lon="37.3489297" version="2" timestamp="2022-03-30T14:01:44Z" changeset="119118215" uid="12947635" user="Руслан Т"/>
  <node id="6924294525" lat="55.5164629" lon="37.3489976" version="2" timestamp="2022-03-30T14:01:44Z" changeset="119118215" uid="12947635" user="Руслан Т"/>
  <node id="6924294538" lat="55.5161918" lon="37.3491646" version="2" timestamp="2022-03-30T14:01:44Z" changeset="119118215" uid="12947635" user="Руслан Т"/>
  <node id="6924294539" lat="55.5161751" lon="37.3492195" version="2" timestamp="2022-03-30T14:01:44Z" changeset="119118215" uid="12947635" user="Руслан Т"/>
  <node id="6924294540" lat="55.5163998" lon="37.3490790" version="2" timestamp="2022-03-30T14:01:44Z" changeset="119118215" uid="12947635" user="Руслан Т"/>
  <node id="6924294541" lat="55.5163461" lon="37.3491240" version="2" timestamp="2022-03-30T14:01:44Z" changeset="119118215" uid="12947635" user="Руслан Т"/>
  <node id="6924294542" lat="55.5162711" lon="37.3491587" version="2" timestamp="2022-03-30T14:01:44Z" changeset="119118215" uid="12947635" user="Руслан Т"/>
  <node id="6924294543" lat="55.5162978" lon="37.3493623" version="2" timestamp="2022-03-30T14:01:44Z" changeset="119118215" uid="12947635" user="Руслан Т"/>
  <node id="7205762718" lat="55.5178589" lon="37.3462953" version="2" timestamp="2022-03-30T10:29:56Z" changeset="119109648" uid="12947635" user="Руслан Т"/>
  <node id="7205762724" lat="55.5172361" lon="37.3467520" version="2" timestamp="2022-03-30T10:52:25Z" changeset="119110521" uid="12947635" user="Руслан Т">
    <tag k="barrier" v="gate"/>
  </node>
  <node id="7311827082" lat="55.5162929" lon="37.3481437" version="3" timestamp="2022-04-11T09:41:10Z" changeset="119569779" uid="12947635" user="Руслан Т"/>
  <node id="8110604660" lat="55.5150789" lon="37.3490548" version="2" timestamp="2022-04-11T13:04:08Z" changeset="119578833" uid="12947635" user="Руслан Т"/>
  <node id="8110604661" lat="55.5151320" lon="37.3491380" version="2" timestamp="2022-04-11T13:04:08Z" changeset="119578833" uid="12947635" user="Руслан Т"/>
  <node id="8110604662" lat="55.5153494" lon="37.3489044" version="2" timestamp="2022-04-11T13:04:08Z" changeset="119578833" uid="12947635" user="Руслан Т"/>
  <node id="8110604663" lat="55.5151941" lon="37.3488106" version="2" timestamp="2022-04-11T13:04:08Z" changeset="119578833" uid="12947635" user="Руслан Т"/>
  <node id="8185120460" lat="55.5140668" lon="37.3467161" version="1" timestamp="2020-12-01T19:42:29Z" changeset="95113528" uid="8912234" user="Quinn Mallory"/>
  <node id="8185120461" lat="55.5140529" lon="37.3467808" version="1" timestamp="2020-12-01T19:42:29Z" changeset="95113528" uid="8912234" user="Quinn Mallory"/>
  <node id="8185120462" lat="55.5140563" lon="37.3468856" version="1" timestamp="2020-12-01T19:42:29Z" changeset="95113528" uid="8912234" user="Quinn Mallory"/>
  <node id="8185120463" lat="55.5141035" lon="37.3470982" version="1" timestamp="2020-12-01T19:42:29Z" changeset="95113528" uid="8912234" user="Quinn Mallory"/>
  <node id="8185120464" lat="55.5140947" lon="37.3472152" version="1" timestamp="2020-12-01T19:42:29Z" changeset="95113528" uid="8912234" user="Quinn Mallory"/>
  <node id="8185120465" lat="55.5140441" lon="37.3474094" version="1" timestamp="2020-12-01T19:42:29Z" changeset="95113528" uid="8912234" user="Quinn Mallory"/>
  <node id="8185120471" lat="55.5139376" lon="37.3468686" version="1" timestamp="2020-12-01T19:42:29Z" changeset="95113528" uid="8912234" user="Quinn Mallory"/>
  <node id="8185120472" lat="55.5140816" lon="37.3471014" version="1" timestamp="2020-12-01T19:42:29Z" changeset="95113528" uid="8912234" user="Quinn Mallory"/>
  <node id="8185120473" lat="55.5140424" lon="37.3471769" version="1" timestamp="2020-12-01T19:42:29Z" changeset="95113528" uid="8912234" user="Quinn Mallory"/>
  <node id="8185120475" lat="55.5150385" lon="37.3481396" version="1" timestamp="2020-12-01T19:42:29Z" changeset="95113528" uid="8912234" user="Quinn Mallory"/>
  <node id="8185120476" lat="55.5150873" lon="37.3482227" version="1" timestamp="2020-12-01T19:42:29Z" changeset="95113528" uid="8912234" user="Quinn Mallory"/>
  <node id="8185120477" lat="55.5151013" lon="37.3482967" version="1" timestamp="2020-12-01T19:42:29Z" changeset="95113528" uid="8912234" user="Quinn Mallory"/>
  <node id="8185120478" lat="55.5151013" lon="37.3483768" version="1" timestamp="2020-12-01T19:42:29Z" changeset="95113528" uid="8912234" user="Quinn Mallory"/>
  <node id="8185120479" lat="55.5150908" lon="37.3484323" version="1" timestamp="2020-12-01T19:42:29Z" changeset="95113528" uid="8912234" user="Quinn Mallory"/>
  <node id="8185120480" lat="55.5149216" lon="37.3487681" version="1" timestamp="2020-12-01T19:42:29Z" changeset="95113528" uid="8912234" user="Quinn Mallory"/>
  <node id="8185120481" lat="55.5148954" lon="37.3487743" version="1" timestamp="2020-12-01T19:42:29Z" changeset="95113528" uid="8912234" user="Quinn Mallory"/>
  <node id="8185120482" lat="55.5148745" lon="37.3487619" version="1" timestamp="2020-12-01T19:42:29Z" changeset="95113528" uid="8912234" user="Quinn Mallory"/>
  <node id="8185120483" lat="55.5147576" lon="37.3486110" version="1" timestamp="2020-12-01T19:42:29Z" changeset="95113528" uid="8912234" user="Quinn Mallory"/>
  <node id="8578247474" lat="55.5171595" lon="37.3468431" version="2" timestamp="2022-03-30T10:52:25Z" changeset="119110521" uid="12947635" user="Руслан Т"/>
  <node id="8578247475" lat="55.5171602" lon="37.3471251" version="2" timestamp="2022-03-30T10:52:25Z" changeset="119110521" uid="12947635" user="Руслан Т"/>
  <node id="8578247476" lat="55.5168666" lon="37.3471276" version="3" timestamp="2022-04-11T10:28:04Z" changeset="119571895" uid="12947635" user="Руслан Т"/>
  <node id="8578247477" lat="55.5168659" lon="37.3468456" version="3" timestamp="2022-04-11T10:28:04Z" changeset="119571895" uid="12947635" user="Руслан Т"/>
  <node id="8578247478" lat="55.5175864" lon="37.3468592" version="3" timestamp="2022-04-11T10:28:04Z" changeset="119571895" uid="12947635" user="Руслан Т"/>
  <node id="8578247479" lat="55.5175872" lon="37.3471472" version="3" timestamp="2022-04-11T10:28:04Z" changeset="119571895" uid="12947635" user="Руслан Т"/>
  <node id="8578247480" lat="55.5173275" lon="37.3471493" version="3" timestamp="2022-04-11T10:28:04Z" changeset="119571895" uid="12947635" user="Руслан Т"/>
  <node id="8578247481" lat="55.5173268" lon="37.3468613" version="3" timestamp="2022-04-11T10:28:04Z" changeset="119571895" uid="12947635" user="Руслан Т"/>
  <node id="8941208806" lat="55.5151400" lon="37.3496965" version="2" timestamp="2022-03-30T12:05:08Z" changeset="119113682" uid="12947635" user="Руслан Т"/>
  <node id="8941208807" lat="55.5154324" lon="37.3493645" version="2" timestamp="2022-03-30T12:05:08Z" changeset="119113682" uid="12947635" user="Руслан Т"/>
  <node id="8941208808" lat="55.5156542" lon="37.3491548" version="1" timestamp="2021-07-22T10:47:46Z" changeset="108421999" uid="11486755" user="Lord_VM"/>
  <node id="8941208809" lat="55.5157302" lon="37.3491019" version="1" timestamp="2021-07-22T10:47:46Z" changeset="108421999" uid="11486755" user="Lord_VM"/>
  <node id="8941208810" lat="55.5158245" lon="37.3490450" version="1" timestamp="2021-07-22T10:47:46Z" changeset="108421999" uid="11486755" user="Lord_VM"/>
  <node id="8941208811" lat="55.5158749" lon="37.3490170" version="2" timestamp="2022-03-30T12:05:08Z" changeset="119113682" uid="12947635" user="Руслан Т"/>
  <node id="8941208812" lat="55.5160838" lon="37.3495821" version="2" timestamp="2022-03-30T12:05:08Z" changeset="119113682" uid="12947635" user="Руслан Т"/>
  <node id="9620949962" lat="55.5149564" lon="37.3462194" version="2" timestamp="2022-03-30T12:05:08Z" changeset="119113682" uid="12947635" user="Руслан Т"/>
  <node id="9620994221" lat="55.5149621" lon="37.3461235" version="1" timestamp="2022-03-29T13:26:02Z" changeset="119070367" uid="12947635" user="Руслан Т"/>
  <node id="9620994223" lat="55.5157359" lon="37.3473091" version="1" timestamp="2022-03-29T13:26:02Z" changeset="119070367" uid="12947635" user="Руслан Т"/>
  <node id="9623540142" lat="55.5174204" lon="37.3478728" version="1" timestamp="2022-03-30T10:29:56Z" changeset="119109648" uid="12947635" user="Руслан Т"/>
  <node id="9623540143" lat="55.5174152" lon="37.3478911" version="1" timestamp="2022-03-30T10:29:56Z" changeset="119109648" uid="12947635" user="Руслан Т"/>
  <node id="9623591056" lat="55.5164910" lon="37.3465613" version="1" timestamp="2022-03-30T10:52:25Z" changeset="119110521" uid="12947635" user="Руслан Т"/>
  <node id="9623591057" lat="55.5165207" lon="37.3466377" version="1" timestamp="2022-03-30T10:52:25Z" changeset="119110521" uid="12947635" user="Руслан Т"/>
  <node id="9623591058" lat="55.5165425" lon="37.3467219" version="1" timestamp="2022-03-30T10:52:25Z" changeset="119110521" uid="12947635" user="Руслан Т"/>
  <node id="9623591059" lat="55.5165558" lon="37.3468115" version="1" timestamp="2022-03-30T10:52:25Z" changeset="119110521" uid="12947635" user="Руслан Т"/>
  <node id="9623591060" lat="55.5165603" lon="37.3469038" version="1" timestamp="2022-03-30T10:52:25Z" changeset="119110521" uid="12947635" user="Руслан Т"/>
  <node id="9623591061" lat="55.5162118" lon="37.3464144" version="1" timestamp="2022-03-30T10:52:25Z" changeset="119110521" uid="12947635" user="Руслан Т"/>
  <node id="9623591062" lat="55.5162223" lon="37.3463636" version="1" timestamp="2022-03-30T10:52:25Z" changeset="119110521" uid="12947635" user="Руслан Т"/>
  <node id="9623591063" lat="55.5161953" lon="37.3464803" version="1" timestamp="2022-03-30T10:52:25Z" changeset="119110521" uid="12947635" user="Руслан Т"/>
  <node id="9623591064" lat="55.5161626" lon="37.3465804" version="1" timestamp="2022-03-30T10:52:25Z" changeset="119110521" uid="12947635" user="Руслан Т"/>
  <node id="9623591065" lat="55.5167083" lon="37.3468373" version="1" timestamp="2022-03-30T10:52:25Z" changeset="119110521" uid="12947635" user="Руслан Т"/>
  <node id="9623591066" lat="55.5165564" lon="37.3469976" version="1" timestamp="2022-03-30T10:52:25Z" changeset="119110521" uid="12947635" user="Руслан Т"/>
  <node id="9623591067" lat="55.5166166" lon="37.3469235" version="1" timestamp="2022-03-30T10:52:25Z" changeset="119110521" uid="12947635" user="Руслан Т"/>
  <node id="9623591068" lat="55.5164955" lon="37.3470900" version="1" timestamp="2022-03-30T10:52:25Z" changeset="119110521" uid="12947635" user="Руслан Т"/>
  <node id="9623591069" lat="55.5163152" lon="37.3464311" version="1" timestamp="2022-03-30T10:52:25Z" changeset="119110521" uid="12947635" user="Руслан Т"/>
  <node id="9623591070" lat="55.5166329" lon="37.3467611" version="1" timestamp="2022-03-30T10:52:25Z" changeset="119110521" uid="12947635" user="Руслан Т"/>
  <node id="9623591071" lat="55.5165772" lon="37.3466689" version="1" timestamp="2022-03-30T10:52:25Z" changeset="119110521" uid="12947635" user="Руслан Т"/>
  <node id="9623591072" lat="55.5165192" lon="37.3465913" version="1" timestamp="2022-03-30T10:52:25Z" changeset="119110521" uid="12947635" user="Руслан Т"/>
  <node id="9623591073" lat="55.5167161" lon="37.3480949" version="1" timestamp="2022-03-30T10:52:25Z" changeset="119110521" uid="12947635" user="Руслан Т"/>
  <node id="9623591074" lat="55.5166972" lon="37.3481313" version="1" timestamp="2022-03-30T10:52:25Z" changeset="119110521" uid="12947635" user="Руслан Т"/>
  <node id="9623591075" lat="55.5167427" lon="37.3480152" version="1" timestamp="2022-03-30T10:52:25Z" changeset="119110521" uid="12947635" user="Руслан Т"/>
  <node id="9623591076" lat="55.5168592" lon="37.3476476" version="2" timestamp="2022-03-30T12:05:08Z" changeset="119113682" uid="12947635" user="Руслан Т"/>
  <node id="9623591077" lat="55.5167295" lon="37.3480608" version="1" timestamp="2022-03-30T10:52:25Z" changeset="119110521" uid="12947635" user="Руслан Т"/>
  <node id="9623591078" lat="55.5165816" lon="37.3483601" version="1" timestamp="2022-03-30T10:52:25Z" changeset="119110521" uid="12947635" user="Руслан Т"/>
  <node id="9623591079" lat="55.5174600" lon="37.3486854" version="4" timestamp="2022-04-11T09:41:10Z" changeset="119569779" uid="12947635" user="Руслан Т">
    <tag k="crossing" v="uncontrolled"/>
    <tag k="highway" v="crossing"/>
  </node>
  <node id="9623591080" lat="55.5174615" lon="37.3488860" version="2" timestamp="2022-03-30T14:01:44Z" changeset="119118215" uid="12947635" user="Руслан Т"/>
  <node id="9623591081" lat="55.5174584" lon="37.3484614" version="2" timestamp="2022-03-30T14:01:44Z" changeset="119118215" uid="12947635" user="Руслан Т"/>
  <node id="9623594856" lat="55.5173427" lon="37.3476485" version="1" timestamp="2022-03-30T10:52:25Z" changeset="119110521" uid="12947635" user="Руслан Т"/>
  <node id="9623594857" lat="55.5173843" lon="37.3476120" version="1" timestamp="2022-03-30T10:52:25Z" changeset="119110521" uid="12947635" user="Руслан Т"/>
  <node id="9623594858" lat="55.5166498" lon="37.3484470" version="1" timestamp="2022-03-30T10:52:25Z" changeset="119110521" uid="12947635" user="Руслан Т"/>
  <node id="9623594859" lat="55.5166238" lon="37.3484224" version="1" timestamp="2022-03-30T10:52:25Z" changeset="119110521" uid="12947635" user="Руслан Т"/>
  <node id="9623594860" lat="55.5165974" lon="37.3483837" version="1" timestamp="2022-03-30T10:52:25Z" changeset="119110521" uid="12947635" user="Руслан Т"/>
  <node id="9623594861" lat="55.5167136" lon="37.3484691" version="3" timestamp="2022-04-11T10:28:04Z" changeset="119571895" uid="12947635" user="Руслан Т"/>
  <node id="9623594862" lat="55.5166707" lon="37.3484597" version="1" timestamp="2022-03-30T10:52:25Z" changeset="119110521" uid="12947635" user="Руслан Т"/>
  <node id="9623594863" lat="55.5157633" lon="37.3471431" version="1" timestamp="2022-03-30T10:52:25Z" changeset="119110521" uid="12947635" user="Руслан Т"/>
  <node id="9623594864" lat="55.5168735" lon="37.3476656" version="2" timestamp="2022-03-30T12:05:08Z" changeset="119113682" uid="12947635" user="Руслан Т"/>
  <node id="9623594865" lat="55.5169530" lon="37.3477036" version="2" timestamp="2022-03-30T12:05:08Z" changeset="119113682" uid="12947635" user="Руслан Т"/>
  <node id="9623594866" lat="55.5168432" lon="37.3476211" version="2" timestamp="2022-03-30T12:05:08Z" changeset="119113682" uid="12947635" user="Руслан Т"/>
  <node id="9623594867" lat="55.5167002" lon="37.3482266" version="1" timestamp="2022-03-30T10:52:25Z" changeset="119110521" uid="12947635" user="Руслан Т"/>
  <node id="9623594868" lat="55.5167264" lon="37.3482358" version="1" timestamp="2022-03-30T10:52:25Z" changeset="119110521" uid="12947635" user="Руслан Т"/>
  <node id="9623594869" lat="55.5166641" lon="37.3481968" version="1" timestamp="2022-03-30T10:52:25Z" changeset="119110521" uid="12947635" user="Руслан Т"/>
  <node id="9623594870" lat="55.5166839" lon="37.3482159" version="1" timestamp="2022-03-30T10:52:25Z" changeset="119110521" uid="12947635" user="Руслан Т"/>
  <node id="9623594871" lat="55.5158533" lon="37.3469592" version="1" timestamp="2022-03-30T10:52:25Z" changeset="119110521" uid="12947635" user="Руслан Т"/>
  <node id="9623594872" lat="55.5160765" lon="37.3465429" version="1" timestamp="2022-03-30T10:52:25Z" changeset="119110521" uid="12947635" user="Руслан Т"/>
  <node id="9623594873" lat="55.5161495" lon="37.3465603" version="1" timestamp="2022-03-30T10:52:25Z" changeset="119110521" uid="12947635" user="Руслан Т"/>
  <node id="9623594874" lat="55.5160370" lon="37.3465840" version="1" timestamp="2022-03-30T10:52:25Z" changeset="119110521" uid="12947635" user="Руслан Т"/>
  <node id="9623734861" lat="55.5177693" lon="37.3472460" version="1" timestamp="2022-03-30T12:05:08Z" changeset="119113682" uid="12947635" user="Руслан Т"/>
  <node id="9623734862" lat="55.5174719" lon="37.3472170" version="1" timestamp="2022-03-30T12:05:08Z" changeset="119113682" uid="12947635" user="Руслан Т"/>
  <node id="9623734863" lat="55.5174906" lon="37.3471995" version="1" timestamp="2022-03-30T12:05:08Z" changeset="119113682" uid="12947635" user="Руслан Т"/>
  <node id="9623734864" lat="55.5175737" lon="37.3471656" version="1" timestamp="2022-03-30T12:05:08Z" changeset="119113682" uid="12947635" user="Руслан Т"/>
  <node id="9623734865" lat="55.5176590" lon="37.3471708" version="1" timestamp="2022-03-30T12:05:08Z" changeset="119113682" uid="12947635" user="Руслан Т"/>
  <node id="9623734866" lat="55.5177407" lon="37.3472146" version="1" timestamp="2022-03-30T12:05:08Z" changeset="119113682" uid="12947635" user="Руслан Т"/>
  <node id="9623734867" lat="55.5179134" lon="37.3471036" version="1" timestamp="2022-03-30T12:05:08Z" changeset="119113682" uid="12947635" user="Руслан Т"/>
  <node id="9623734869" lat="55.5178939" lon="37.3471217" version="1" timestamp="2022-03-30T12:05:08Z" changeset="119113682" uid="12947635" user="Руслан Т"/>
  <node id="9623734870" lat="55.5177009" lon="37.3473143" version="1" timestamp="2022-03-30T12:05:08Z" changeset="119113682" uid="12947635" user="Руслан Т"/>
  <node id="9623734871" lat="55.5177454" lon="37.3476090" version="1" timestamp="2022-03-30T12:05:08Z" changeset="119113682" uid="12947635" user="Руслан Т"/>
  <node id="9623734872" lat="55.5175444" lon="37.3472943" version="1" timestamp="2022-03-30T12:05:08Z" changeset="119113682" uid="12947635" user="Руслан Т"/>
  <node id="9623734873" lat="55.5175300" lon="37.3476108" version="1" timestamp="2022-03-30T12:05:08Z" changeset="119113682" uid="12947635" user="Руслан Т"/>
  <node id="9623734874" lat="55.5175844" lon="37.3473373" version="1" timestamp="2022-03-30T12:05:08Z" changeset="119113682" uid="12947635" user="Руслан Т"/>
  <node id="9623734875" lat="55.5176162" lon="37.3473546" version="1" timestamp="2022-03-30T12:05:08Z" changeset="119113682" uid="12947635" user="Руслан Т"/>
  <node id="9623734876" lat="55.5175702" lon="37.3473220" version="1" timestamp="2022-03-30T12:05:08Z" changeset="119113682" uid="12947635" user="Руслан Т"/>
  <node id="9623734877" lat="55.5176591" lon="37.3473524" version="1" timestamp="2022-03-30T12:05:08Z" changeset="119113682" uid="12947635" user="Руслан Т"/>
  <node id="9623734878" lat="55.5176824" lon="37.3473327" version="1" timestamp="2022-03-30T12:05:08Z" changeset="119113682" uid="12947635" user="Руслан Т"/>
  <node id="9623734879" lat="55.5176462" lon="37.3473547" version="1" timestamp="2022-03-30T12:05:08Z" changeset="119113682" uid="12947635" user="Руслан Т"/>
  <node id="9623734880" lat="55.5176690" lon="37.3473468" version="1" timestamp="2022-03-30T12:05:08Z" changeset="119113682" uid="12947635" user="Руслан Т"/>
  <node id="9623734881" lat="55.5174351" lon="37.3471918" version="1" timestamp="2022-03-30T12:05:08Z" changeset="119113682" uid="12947635" user="Руслан Т"/>
  <node id="9623734882" lat="55.5174750" lon="37.3472197" version="1" timestamp="2022-03-30T12:05:08Z" changeset="119113682" uid="12947635" user="Руслан Т"/>
  <node id="9623734883" lat="55.5174108" lon="37.3471866" version="1" timestamp="2022-03-30T12:05:08Z" changeset="119113682" uid="12947635" user="Руслан Т"/>
  <node id="9623734884" lat="55.5175254" lon="37.3472739" version="1" timestamp="2022-03-30T12:05:08Z" changeset="119113682" uid="12947635" user="Руслан Т"/>
  <node id="9623734885" lat="55.5174560" lon="37.3472030" version="1" timestamp="2022-03-30T12:05:08Z" changeset="119113682" uid="12947635" user="Руслан Т"/>
  <node id="9623734886" lat="55.5176011" lon="37.3473490" version="1" timestamp="2022-03-30T12:05:08Z" changeset="119113682" uid="12947635" user="Руслан Т"/>
  <node id="9623734889" lat="55.5157906" lon="37.3488185" version="1" timestamp="2022-03-30T12:05:08Z" changeset="119113682" uid="12947635" user="Руслан Т"/>
  <node id="9623734890" lat="55.5158668" lon="37.3487189" version="1" timestamp="2022-03-30T12:05:08Z" changeset="119113682" uid="12947635" user="Руслан Т"/>
  <node id="9623734891" lat="55.5165053" lon="37.3487647" version="1" timestamp="2022-03-30T12:05:08Z" changeset="119113682" uid="12947635" user="Руслан Т"/>
  <node id="9623734892" lat="55.5165985" lon="37.3487246" version="1" timestamp="2022-03-30T12:05:08Z" changeset="119113682" uid="12947635" user="Руслан Т"/>
  <node id="9623734893" lat="55.5160088" lon="37.3480159" version="1" timestamp="2022-03-30T12:05:08Z" changeset="119113682" uid="12947635" user="Руслан Т"/>
  <node id="9623734894" lat="55.5164449" lon="37.3486879" version="2" timestamp="2022-04-11T09:41:10Z" changeset="119569779" uid="12947635" user="Руслан Т"/>
  <node id="9623734896" lat="55.5160099" lon="37.3493877" version="1" timestamp="2022-03-30T12:05:08Z" changeset="119113682" uid="12947635" user="Руслан Т"/>
  <node id="9623734897" lat="55.5159765" lon="37.3493448" version="1" timestamp="2022-03-30T12:05:08Z" changeset="119113682" uid="12947635" user="Руслан Т"/>
  <node id="9623734898" lat="55.5153988" lon="37.3491733" version="2" timestamp="2022-03-30T14:01:44Z" changeset="119118215" uid="12947635" user="Руслан Т"/>
  <node id="9623734899" lat="55.5159669" lon="37.3478146" version="1" timestamp="2022-03-30T12:05:08Z" changeset="119113682" uid="12947635" user="Руслан Т"/>
  <node id="9623734900" lat="55.5173002" lon="37.3471874" version="1" timestamp="2022-03-30T12:05:08Z" changeset="119113682" uid="12947635" user="Руслан Т"/>
  <node id="9623734901" lat="55.5172972" lon="37.3470025" version="1" timestamp="2022-03-30T12:05:08Z" changeset="119113682" uid="12947635" user="Руслан Т"/>
  <node id="9623734902" lat="55.5172904" lon="37.3469813" version="1" timestamp="2022-03-30T12:05:08Z" changeset="119113682" uid="12947635" user="Руслан Т"/>
  <node id="9623734903" lat="55.5172674" lon="37.3469523" version="1" timestamp="2022-03-30T12:05:08Z" changeset="119113682" uid="12947635" user="Руслан Т"/>
  <node id="9623734904" lat="55.5172996" lon="37.3470499" version="1" timestamp="2022-03-30T12:05:08Z" changeset="119113682" uid="12947635" user="Руслан Т"/>
  <node id="9623734905" lat="55.5172366" lon="37.3469528" version="1" timestamp="2022-03-30T12:05:08Z" changeset="119113682" uid="12947635" user="Руслан Т"/>
  <node id="9623734906" lat="55.5172804" lon="37.3469641" version="1" timestamp="2022-03-30T12:05:08Z" changeset="119113682" uid="12947635" user="Руслан Т"/>
  <node id="9623734907" lat="55.5173022" lon="37.3477010" version="1" timestamp="2022-03-30T12:05:08Z" changeset="119113682" uid="12947635" user="Руслан Т"/>
  <node id="9623734908" lat="55.5167338" lon="37.3470916" version="1" timestamp="2022-03-30T12:05:08Z" changeset="119113682" uid="12947635" user="Руслан Т"/>
  <node id="9623734909" lat="55.5167310" lon="37.3472173" version="1" timestamp="2022-03-30T12:05:08Z" changeset="119113682" uid="12947635" user="Руслан Т"/>
  <node id="9623734910" lat="55.5167336" lon="37.3471507" version="1" timestamp="2022-03-30T12:05:08Z" changeset="119113682" uid="12947635" user="Руслан Т"/>
  <node id="9623734911" lat="55.5167279" lon="37.3470221" version="1" timestamp="2022-03-30T12:05:08Z" changeset="119113682" uid="12947635" user="Руслан Т"/>
  <node id="9623734912" lat="55.5167194" lon="37.3469727" version="1" timestamp="2022-03-30T12:05:08Z" changeset="119113682" uid="12947635" user="Руслан Т"/>
  <node id="9623734913" lat="55.5167091" lon="37.3469309" version="1" timestamp="2022-03-30T12:05:08Z" changeset="119113682" uid="12947635" user="Руслан Т"/>
  <node id="9623734914" lat="55.5168016" lon="37.3472849" version="1" timestamp="2022-03-30T12:05:08Z" changeset="119113682" uid="12947635" user="Руслан Т"/>
  <node id="9623734915" lat="55.5167749" lon="37.3472674" version="1" timestamp="2022-03-30T12:05:08Z" changeset="119113682" uid="12947635" user="Руслан Т"/>
  <node id="9623734916" lat="55.5168291" lon="37.3472962" version="1" timestamp="2022-03-30T12:05:08Z" changeset="119113682" uid="12947635" user="Руслан Т"/>
  <node id="9623752717" lat="55.5167450" lon="37.3472391" version="1" timestamp="2022-03-30T12:05:08Z" changeset="119113682" uid="12947635" user="Руслан Т"/>
  <node id="9623752718" lat="55.5165753" lon="37.3469744" version="1" timestamp="2022-03-30T12:05:08Z" changeset="119113682" uid="12947635" user="Руслан Т"/>
  <node id="9623752719" lat="55.5172373" lon="37.3471879" version="1" timestamp="2022-03-30T12:05:08Z" changeset="119113682" uid="12947635" user="Руслан Т"/>
  <node id="9623752720" lat="55.5170820" lon="37.3471892" version="1" timestamp="2022-03-30T12:05:08Z" changeset="119113682" uid="12947635" user="Руслан Т"/>
  <node id="9623752721" lat="55.5168649" lon="37.3473017" version="1" timestamp="2022-03-30T12:05:08Z" changeset="119113682" uid="12947635" user="Руслан Т"/>
  <node id="9623964701" lat="55.5176834" lon="37.3498638" version="1" timestamp="2022-03-30T14:01:44Z" changeset="119118215" uid="12947635" user="Руслан Т"/>
  <node id="9623964702" lat="55.5163236" lon="37.3493274" version="1" timestamp="2022-03-30T14:01:44Z" changeset="119118215" uid="12947635" user="Руслан Т"/>
  <node id="9623964704" lat="55.5169841" lon="37.3491862" version="1" timestamp="2022-03-30T14:01:44Z" changeset="119118215" uid="12947635" user="Руслан Т"/>
  <node id="9623964705" lat="55.5169833" lon="37.3488900" version="1" timestamp="2022-03-30T14:01:44Z" changeset="119118215" uid="12947635" user="Руслан Т"/>
  <node id="9623964706" lat="55.5173068" lon="37.3491835" version="1" timestamp="2022-03-30T14:01:44Z" changeset="119118215" uid="12947635" user="Руслан Т"/>
  <node id="9623964707" lat="55.5171458" lon="37.3488886" version="1" timestamp="2022-03-30T14:01:44Z" changeset="119118215" uid="12947635" user="Руслан Т"/>
  <node id="9623964708" lat="55.5174637" lon="37.3491824" version="1" timestamp="2022-03-30T14:01:44Z" changeset="119118215" uid="12947635" user="Руслан Т"/>
  <node id="9623989040" lat="55.5162767" lon="37.3494106" version="1" timestamp="2022-03-30T14:01:44Z" changeset="119118215" uid="12947635" user="Руслан Т"/>
  <node id="9623989051" lat="55.5168543" lon="37.3498708" version="1" timestamp="2022-03-30T14:01:44Z" changeset="119118215" uid="12947635" user="Руслан Т"/>
  <node id="9623989061" lat="55.5163693" lon="37.3492653" version="1" timestamp="2022-03-30T14:01:44Z" changeset="119118215" uid="12947635" user="Руслан Т"/>
  <node id="9623989062" lat="55.5164989" lon="37.3491904" version="1" timestamp="2022-03-30T14:01:44Z" changeset="119118215" uid="12947635" user="Руслан Т"/>
  <node id="9623989083" lat="55.5165241" lon="37.3494694" version="1" timestamp="2022-03-30T14:01:44Z" changeset="119118215" uid="12947635" user="Руслан Т"/>
  <node id="9623989084" lat="55.5165240" lon="37.3494376" version="1" timestamp="2022-03-30T14:01:44Z" changeset="119118215" uid="12947635" user="Руслан Т"/>
  <node id="9623989142" lat="55.5163253" lon="37.3460511" version="1" timestamp="2022-03-30T14:01:44Z" changeset="119118215" uid="12947635" user="Руслан Т"/>
  <node id="9623989143" lat="55.5164126" lon="37.3458820" version="1" timestamp="2022-03-30T14:01:44Z" changeset="119118215" uid="12947635" user="Руслан Т"/>
  <node id="9623989144" lat="55.5165708" lon="37.3461371" version="1" timestamp="2022-03-30T14:01:44Z" changeset="119118215" uid="12947635" user="Руслан Т"/>
  <node id="9623989145" lat="55.5164835" lon="37.3463062" version="1" timestamp="2022-03-30T14:01:44Z" changeset="119118215" uid="12947635" user="Руслан Т"/>
  <node id="9623989155" lat="55.5172379" lon="37.3467083" version="1" timestamp="2022-03-30T14:01:44Z" changeset="119118215" uid="12947635" user="Руслан Т"/>
  <node id="9623989156" lat="55.5172361" lon="37.3467263" version="1" timestamp="2022-03-30T14:01:44Z" changeset="119118215" uid="12947635" user="Руслан Т"/>
  <node id="9623989157" lat="55.5172451" lon="37.3466825" version="1" timestamp="2022-03-30T14:01:44Z" changeset="119118215" uid="12947635" user="Руслан Т"/>
  <node id="9623989158" lat="55.5173405" lon="37.3464214" version="1" timestamp="2022-03-30T14:01:44Z" changeset="119118215" uid="12947635" user="Руслан Т"/>
  <node id="9623989159" lat="55.5173450" lon="37.3463863" version="1" timestamp="2022-03-30T14:01:44Z" changeset="119118215" uid="12947635" user="Руслан Т"/>
  <node id="9623989160" lat="55.5173337" lon="37.3464412" version="1" timestamp="2022-03-30T14:01:44Z" changeset="119118215" uid="12947635" user="Руслан Т"/>
  <node id="9623989161" lat="55.5168510" lon="37.3462911" version="1" timestamp="2022-03-30T14:01:44Z" changeset="119118215" uid="12947635" user="Руслан Т"/>
  <node id="9623989162" lat="55.5168204" lon="37.3461825" version="1" timestamp="2022-03-30T14:01:44Z" changeset="119118215" uid="12947635" user="Руслан Т"/>
  <node id="9623989163" lat="55.5168816" lon="37.3463037" version="1" timestamp="2022-03-30T14:01:44Z" changeset="119118215" uid="12947635" user="Руслан Т"/>
  <node id="9623989185" lat="55.5167521" lon="37.3465140" version="1" timestamp="2022-03-30T14:01:44Z" changeset="119118215" uid="12947635" user="Руслан Т"/>
  <node id="9623989186" lat="55.5165791" lon="37.3465155" version="1" timestamp="2022-03-30T14:01:44Z" changeset="119118215" uid="12947635" user="Руслан Т"/>
  <node id="9623989187" lat="55.5165776" lon="37.3459485" version="1" timestamp="2022-03-30T14:01:44Z" changeset="119118215" uid="12947635" user="Руслан Т"/>
  <node id="9623989188" lat="55.5167506" lon="37.3459470" version="1" timestamp="2022-03-30T14:01:44Z" changeset="119118215" uid="12947635" user="Руслан Т"/>
  <node id="9624306075" lat="55.5151895" lon="37.3492643" version="1" timestamp="2022-03-30T16:36:36Z" changeset="119124265" uid="12947635" user="Руслан Т"/>
  <node id="9624306076" lat="55.5153072" lon="37.3491334" version="1" timestamp="2022-03-30T16:36:36Z" changeset="119124265" uid="12947635" user="Руслан Т"/>
  <node id="9624306086" lat="55.5159569" lon="37.3482750" version="2" timestamp="2022-04-11T09:41:10Z" changeset="119569779" uid="12947635" user="Руслан Т"/>
  <node id="9624306087" lat="55.5159307" lon="37.3478716" version="2" timestamp="2022-04-11T09:41:10Z" changeset="119569779" uid="12947635" user="Руслан Т"/>
  <node id="9624306088" lat="55.5158713" lon="37.3476803" version="2" timestamp="2022-04-11T09:41:10Z" changeset="119569779" uid="12947635" user="Руслан Т"/>
  <node id="9624306089" lat="55.5156859" lon="37.3474115" version="2" timestamp="2022-04-11T09:41:10Z" changeset="119569779" uid="12947635" user="Руслан Т"/>
  <node id="9624306090" lat="55.5157454" lon="37.3474978" version="2" timestamp="2022-04-11T09:41:10Z" changeset="119569779" uid="12947635" user="Руслан Т"/>
  <node id="9624306091" lat="55.5159627" lon="37.3481363" version="2" timestamp="2022-04-11T09:41:10Z" changeset="119569779" uid="12947635" user="Руслан Т"/>
  <node id="9624306092" lat="55.5159275" lon="37.3484477" version="2" timestamp="2022-04-11T09:41:10Z" changeset="119569779" uid="12947635" user="Руслан Т"/>
  <node id="9624306093" lat="55.5158111" lon="37.3487171" version="2" timestamp="2022-04-11T09:41:10Z" changeset="119569779" uid="12947635" user="Руслан Т"/>
  <node id="9624306094" lat="55.5155102" lon="37.3489409" version="1" timestamp="2022-03-30T16:36:36Z" changeset="119124265" uid="12947635" user="Руслан Т"/>
  <node id="9624306095" lat="55.5150353" lon="37.3494606" version="1" timestamp="2022-03-30T16:36:36Z" changeset="119124265" uid="12947635" user="Руслан Т"/>
  <node id="9624306113" lat="55.5156654" lon="37.3472011" version="1" timestamp="2022-03-30T16:36:36Z" changeset="119124265" uid="12947635" user="Руслан Т"/>
  <node id="9624306115" lat="55.5158348" lon="37.3468731" version="1" timestamp="2022-03-30T16:36:36Z" changeset="119124265" uid="12947635" user="Руслан Т"/>
  <node id="9624306116" lat="55.5157846" lon="37.3467921" version="1" timestamp="2022-03-30T16:36:36Z" changeset="119124265" uid="12947635" user="Руслан Т"/>
  <node id="9624311217" lat="55.5162185" lon="37.3459525" version="1" timestamp="2022-03-30T16:36:36Z" changeset="119124265" uid="12947635" user="Руслан Т"/>
  <node id="9658000004" lat="55.5163386" lon="37.3464482" version="1" timestamp="2022-04-11T09:41:10Z" changeset="119569779" uid="12947635" user="Руслан Т"/>
  <node id="9658000005" lat="55.5161119" lon="37.3461955" version="1" timestamp="2022-04-11T09:41:10Z" changeset="119569779" uid="12947635" user="Руслан Т"/>
  <node id="9658000006" lat="55.5163326" lon="37.3463880" version="1" timestamp="2022-04-11T09:41:10Z" changeset="119569779" uid="12947635" user="Руслан Т"/>
  <node id="9658000007" lat="55.5161798" lon="37.3461755" version="1" timestamp="2022-04-11T09:41:10Z" changeset="119569779" uid="12947635" user="Руслан Т"/>
  <node id="9658000008" lat="55.5161453" lon="37.3461792" version="1" timestamp="2022-04-11T09:41:10Z" changeset="119569779" uid="12947635" user="Руслан Т"/>
  <node id="9658000009" lat="55.5163197" lon="37.3463314" version="1" timestamp="2022-04-11T09:41:10Z" changeset="119569779" uid="12947635" user="Руслан Т"/>
  <node id="9658000010" lat="55.5163004" lon="37.3462807" version="1" timestamp="2022-04-11T09:41:10Z" changeset="119569779" uid="12947635" user="Руслан Т"/>
  <node id="9658000011" lat="55.5162756" lon="37.3462382" version="1" timestamp="2022-04-11T09:41:10Z" changeset="119569779" uid="12947635" user="Руслан Т"/>
  <node id="9658000012" lat="55.5162464" lon="37.3462056" version="1" timestamp="2022-04-11T09:41:10Z" changeset="119569779" uid="12947635" user="Руслан Т"/>
  <node id="9658000013" lat="55.5162140" lon="37.3461844" version="1" timestamp="2022-04-11T09:41:10Z" changeset="119569779" uid="12947635" user="Руслан Т"/>
  <node id="9658000014" lat="55.5166886" lon="37.3484636" version="1" timestamp="2022-04-11T09:41:10Z" changeset="119569779" uid="12947635" user="Руслан Т"/>
  <node id="9658000015" lat="55.5166356" lon="37.3482531" version="1" timestamp="2022-04-11T09:41:10Z" changeset="119569779" uid="12947635" user="Руслан Т"/>
  <node id="9658000016" lat="55.5158848" lon="37.3485789" version="1" timestamp="2022-04-11T09:41:10Z" changeset="119569779" uid="12947635" user="Руслан Т"/>
  <node id="9658048917" lat="55.5159532" lon="37.3479966" version="1" timestamp="2022-04-11T09:41:10Z" changeset="119569779" uid="12947635" user="Руслан Т"/>
  <node id="9658048918" lat="55.5164881" lon="37.3470100" version="1" timestamp="2022-04-11T09:41:10Z" changeset="119569779" uid="12947635" user="Руслан Т"/>
  <node id="9658048919" lat="55.5162006" lon="37.3465817" version="1" timestamp="2022-04-11T09:41:10Z" changeset="119569779" uid="12947635" user="Руслан Т"/>
  <node id="9658048920" lat="55.5162258" lon="37.3465291" version="1" timestamp="2022-04-11T09:41:10Z" changeset="119569779" uid="12947635" user="Руслан Т"/>
  <node id="9658048921" lat="55.5165132" lon="37.3469574" version="1" timestamp="2022-04-11T09:41:10Z" changeset="119569779" uid="12947635" user="Руслан Т"/>
  <node id="9658048922" lat="55.5167963" lon="37.3474694" version="1" timestamp="2022-04-11T09:41:10Z" changeset="119569779" uid="12947635" user="Руслан Т"/>
  <node id="9658048923" lat="55.5165439" lon="37.3470932" version="1" timestamp="2022-04-11T09:41:10Z" changeset="119569779" uid="12947635" user="Руслан Т"/>
  <node id="9658048924" lat="55.5165690" lon="37.3470406" version="1" timestamp="2022-04-11T09:41:10Z" changeset="119569779" uid="12947635" user="Руслан Т"/>
  <node id="9658048925" lat="55.5168215" lon="37.3474167" version="1" timestamp="2022-04-11T09:41:10Z" changeset="119569779" uid="12947635" user="Руслан Т"/>
  <node id="9658048926" lat="55.5170554" lon="37.3475682" version="1" timestamp="2022-04-11T09:41:10Z" changeset="119569779" uid="12947635" user="Руслан Т"/>
  <node id="9658048927" lat="55.5169236" lon="37.3475693" version="1" timestamp="2022-04-11T09:41:10Z" changeset="119569779" uid="12947635" user="Руслан Т"/>
  <node id="9658048928" lat="55.5169234" lon="37.3475004" version="1" timestamp="2022-04-11T09:41:10Z" changeset="119569779" uid="12947635" user="Руслан Т"/>
  <node id="9658048929" lat="55.5170552" lon="37.3474993" version="1" timestamp="2022-04-11T09:41:10Z" changeset="119569779" uid="12947635" user="Руслан Т"/>
  <node id="9658048930" lat="55.5175019" lon="37.3475767" version="1" timestamp="2022-04-11T09:41:10Z" changeset="119569779" uid="12947635" user="Руслан Т"/>
  <node id="9658048931" lat="55.5173282" lon="37.3475781" version="1" timestamp="2022-04-11T09:41:10Z" changeset="119569779" uid="12947635" user="Руслан Т"/>
  <node id="9658048932" lat="55.5173280" lon="37.3475091" version="1" timestamp="2022-04-11T09:41:10Z" changeset="119569779" uid="12947635" user="Руслан Т"/>
  <node id="9658048933" lat="55.5175017" lon="37.3475077" version="1" timestamp="2022-04-11T09:41:10Z" changeset="119569779" uid="12947635" user="Руслан Т"/>
  <node id="9658048934" lat="55.5177054" lon="37.3475750" version="1" timestamp="2022-04-11T09:41:10Z" changeset="119569779" uid="12947635" user="Руслан Т"/>
  <node id="9658048935" lat="55.5175559" lon="37.3475763" version="1" timestamp="2022-04-11T09:41:10Z" changeset="119569779" uid="12947635" user="Руслан Т"/>
  <node id="9658048936" lat="55.5175557" lon="37.3475073" version="1" timestamp="2022-04-11T09:41:10Z" changeset="119569779" uid="12947635" user="Руслан Т"/>
  <node id="9658048937" lat="55.5177052" lon="37.3475061" version="1" timestamp="2022-04-11T09:41:10Z" changeset="119569779" uid="12947635" user="Руслан Т"/>
  <node id="9658048938" lat="55.5178943" lon="37.3475735" version="1" timestamp="2022-04-11T09:41:10Z" changeset="119569779" uid="12947635" user="Руслан Т"/>
  <node id="9658048939" lat="55.5177624" lon="37.3475746" version="1" timestamp="2022-04-11T09:41:10Z" changeset="119569779" uid="12947635" user="Руслан Т"/>
  <node id="9658048940" lat="55.5177623" lon="37.3475056" version="1" timestamp="2022-04-11T09:41:10Z" changeset="119569779" uid="12947635" user="Руслан Т"/>
  <node id="9658048941" lat="55.5178941" lon="37.3475045" version="1" timestamp="2022-04-11T09:41:10Z" changeset="119569779" uid="12947635" user="Руслан Т"/>
  <node id="9658048958" lat="55.5160686" lon="37.3463671" version="1" timestamp="2022-04-11T09:41:10Z" changeset="119569779" uid="12947635" user="Руслан Т"/>
  <node id="9658048959" lat="55.5158883" lon="37.3467354" version="1" timestamp="2022-04-11T09:41:10Z" changeset="119569779" uid="12947635" user="Руслан Т"/>
  <node id="9658048960" lat="55.5158587" lon="37.3466902" version="1" timestamp="2022-04-11T09:41:10Z" changeset="119569779" uid="12947635" user="Руслан Т"/>
  <node id="9658048961" lat="55.5160390" lon="37.3463219" version="1" timestamp="2022-04-11T09:41:10Z" changeset="119569779" uid="12947635" user="Руслан Т"/>
  <node id="9658048962" lat="55.5159437" lon="37.3471927" version="1" timestamp="2022-04-11T09:41:10Z" changeset="119569779" uid="12947635" user="Руслан Т"/>
  <node id="9658048963" lat="55.5166316" lon="37.3482178" version="1" timestamp="2022-04-11T09:41:10Z" changeset="119569779" uid="12947635" user="Руслан Т"/>
  <node id="9658048964" lat="55.5166064" lon="37.3482706" version="1" timestamp="2022-04-11T09:41:10Z" changeset="119569779" uid="12947635" user="Руслан Т"/>
  <node id="9658048965" lat="55.5159184" lon="37.3472456" version="1" timestamp="2022-04-11T09:41:10Z" changeset="119569779" uid="12947635" user="Руслан Т"/>
  <node id="9658048966" lat="55.5167706" lon="37.3483402" version="1" timestamp="2022-04-11T09:41:10Z" changeset="119569779" uid="12947635" user="Руслан Т"/>
  <node id="9658048967" lat="55.5171922" lon="37.3483366" version="1" timestamp="2022-04-11T09:41:10Z" changeset="119569779" uid="12947635" user="Руслан Т"/>
  <node id="9658048968" lat="55.5171924" lon="37.3484039" version="1" timestamp="2022-04-11T09:41:10Z" changeset="119569779" uid="12947635" user="Руслан Т"/>
  <node id="9658048969" lat="55.5167708" lon="37.3484074" version="1" timestamp="2022-04-11T09:41:10Z" changeset="119569779" uid="12947635" user="Руслан Т"/>
  <node id="9658048970" lat="55.5175125" lon="37.3482967" version="1" timestamp="2022-04-11T09:41:10Z" changeset="119569779" uid="12947635" user="Руслан Т"/>
  <node id="9658048973" lat="55.5175127" lon="37.3483659" version="1" timestamp="2022-04-11T09:41:10Z" changeset="119569779" uid="12947635" user="Руслан Т"/>
  <node id="9658048974" lat="55.5159046" lon="37.3472323" version="1" timestamp="2022-04-11T09:41:10Z" changeset="119569779" uid="12947635" user="Руслан Т"/>
  <node id="9658048975" lat="55.5159132" lon="37.3472044" version="1" timestamp="2022-04-11T09:41:10Z" changeset="119569779" uid="12947635" user="Руслан Т"/>
  <node id="9658048976" lat="55.5159013" lon="37.3472515" version="1" timestamp="2022-04-11T09:41:10Z" changeset="119569779" uid="12947635" user="Руслан Т"/>
  <node id="9658048977" lat="55.5159085" lon="37.3472176" version="1" timestamp="2022-04-11T09:41:10Z" changeset="119569779" uid="12947635" user="Руслан Т"/>
  <node id="9658048978" lat="55.5158931" lon="37.3473362" version="1" timestamp="2022-04-11T09:41:10Z" changeset="119569779" uid="12947635" user="Руслан Т"/>
  <node id="9658048979" lat="55.5159557" lon="37.3471154" version="1" timestamp="2022-04-11T09:41:10Z" changeset="119569779" uid="12947635" user="Руслан Т"/>
  <node id="9658125701" lat="55.5173571" lon="37.3461960" version="1" timestamp="2022-04-11T10:28:04Z" changeset="119571895" uid="12947635" user="Руслан Т">
    <tag k="entrance" v="main"/>
  </node>
  <node id="9658152335" lat="55.5157955" lon="37.3476726" version="2" timestamp="2022-04-11T13:04:08Z" changeset="119578833" uid="12947635" user="Руслан Т"/>
  <node id="9658152336" lat="55.5177276" lon="37.3473103" version="1" timestamp="2022-04-11T10:28:04Z" changeset="119571895" uid="12947635" user="Руслан Т"/>
  <node id="9658152337" lat="55.5177279" lon="37.3474281" version="1" timestamp="2022-04-11T10:28:04Z" changeset="119571895" uid="12947635" user="Руслан Т"/>
  <node id="9658152338" lat="55.5178344" lon="37.3474272" version="1" timestamp="2022-04-11T10:28:04Z" changeset="119571895" uid="12947635" user="Руслан Т"/>
  <node id="9658152339" lat="55.5178338" lon="37.3472017" version="1" timestamp="2022-04-11T10:28:04Z" changeset="119571895" uid="12947635" user="Руслан Т"/>
  <node id="9658152340" lat="55.5178090" lon="37.3471603" version="1" timestamp="2022-04-11T10:28:04Z" changeset="119571895" uid="12947635" user="Руслан Т"/>
  <node id="9658152341" lat="55.5177843" lon="37.3471781" version="1" timestamp="2022-04-11T10:28:04Z" changeset="119571895" uid="12947635" user="Руслан Т"/>
  <node id="9658152342" lat="55.5177582" lon="37.3471878" version="1" timestamp="2022-04-11T10:28:04Z" changeset="119571895" uid="12947635" user="Руслан Т"/>
  <node id="9658152343" lat="55.5177315" lon="37.3471891" version="1" timestamp="2022-04-11T10:28:04Z" changeset="119571895" uid="12947635" user="Руслан Т"/>
  <node id="9658152344" lat="55.5177051" lon="37.3471818" version="1" timestamp="2022-04-11T10:28:04Z" changeset="119571895" uid="12947635" user="Руслан Т"/>
  <node id="9658152345" lat="55.5176799" lon="37.3471663" version="1" timestamp="2022-04-11T10:28:04Z" changeset="119571895" uid="12947635" user="Руслан Т"/>
  <node id="9658152346" lat="55.5176567" lon="37.3471466" version="1" timestamp="2022-04-11T10:28:04Z" changeset="119571895" uid="12947635" user="Руслан Т"/>
  <node id="9658152347" lat="55.5178321" lon="37.3471350" version="1" timestamp="2022-04-11T10:28:04Z" changeset="119571895" uid="12947635" user="Руслан Т"/>
  <node id="9658152348" lat="55.5178313" lon="37.3468572" version="1" timestamp="2022-04-11T10:28:04Z" changeset="119571895" uid="12947635" user="Руслан Т"/>
  <node id="9658152349" lat="55.5175071" lon="37.3472823" version="1" timestamp="2022-04-11T10:28:04Z" changeset="119571895" uid="12947635" user="Руслан Т"/>
  <node id="9658152350" lat="55.5174797" lon="37.3472484" version="1" timestamp="2022-04-11T10:28:04Z" changeset="119571895" uid="12947635" user="Руслан Т"/>
  <node id="9658152351" lat="55.5174460" lon="37.3472201" version="1" timestamp="2022-04-11T10:28:04Z" changeset="119571895" uid="12947635" user="Руслан Т"/>
  <node id="9658152352" lat="55.5174145" lon="37.3472043" version="1" timestamp="2022-04-11T10:28:04Z" changeset="119571895" uid="12947635" user="Руслан Т"/>
  <node id="9658152353" lat="55.5175286" lon="37.3473185" version="1" timestamp="2022-04-11T10:28:04Z" changeset="119571895" uid="12947635" user="Руслан Т"/>
  <node id="9658152354" lat="55.5175290" lon="37.3474308" version="1" timestamp="2022-04-11T10:28:04Z" changeset="119571895" uid="12947635" user="Руслан Т"/>
  <node id="9658152355" lat="55.5173158" lon="37.3474326" version="1" timestamp="2022-04-11T10:28:04Z" changeset="119571895" uid="12947635" user="Руслан Т"/>
  <node id="9658152356" lat="55.5173152" lon="37.3472044" version="1" timestamp="2022-04-11T10:28:04Z" changeset="119571895" uid="12947635" user="Руслан Т"/>
  <node id="9658152357" lat="55.5168957" lon="37.3474027" version="1" timestamp="2022-04-11T10:28:04Z" changeset="119571895" uid="12947635" user="Руслан Т"/>
  <node id="9658152358" lat="55.5168964" lon="37.3473804" version="1" timestamp="2022-04-11T10:28:04Z" changeset="119571895" uid="12947635" user="Руслан Т"/>
  <node id="9658152359" lat="55.5169023" lon="37.3473592" version="1" timestamp="2022-04-11T10:28:04Z" changeset="119571895" uid="12947635" user="Руслан Т"/>
  <node id="9658152360" lat="55.5171319" lon="37.3473047" version="1" timestamp="2022-04-11T10:28:04Z" changeset="119571895" uid="12947635" user="Руслан Т"/>
  <node id="9658152361" lat="55.5171320" lon="37.3472908" version="1" timestamp="2022-04-11T10:28:04Z" changeset="119571895" uid="12947635" user="Руслан Т"/>
  <node id="9658152362" lat="55.5171238" lon="37.3472655" version="1" timestamp="2022-04-11T10:28:04Z" changeset="119571895" uid="12947635" user="Руслан Т"/>
  <node id="9658152363" lat="55.5169145" lon="37.3473422" version="1" timestamp="2022-04-11T10:28:04Z" changeset="119571895" uid="12947635" user="Руслан Т"/>
  <node id="9658152364" lat="55.5169613" lon="37.3473056" version="1" timestamp="2022-04-11T10:28:04Z" changeset="119571895" uid="12947635" user="Руслан Т"/>
  <node id="9658152365" lat="55.5170103" lon="37.3472793" version="1" timestamp="2022-04-11T10:28:04Z" changeset="119571895" uid="12947635" user="Руслан Т"/>
  <node id="9658152366" lat="55.5170606" lon="37.3472629" version="1" timestamp="2022-04-11T10:28:04Z" changeset="119571895" uid="12947635" user="Руслан Т"/>
  <node id="9658152367" lat="55.5171117" lon="37.3472564" version="1" timestamp="2022-04-11T10:28:04Z" changeset="119571895" uid="12947635" user="Руслан Т"/>
  <node id="9658152368" lat="55.5168990" lon="37.3474210" version="1" timestamp="2022-04-11T10:28:04Z" changeset="119571895" uid="12947635" user="Руслан Т"/>
  <node id="9658152369" lat="55.5169484" lon="37.3474362" version="1" timestamp="2022-04-11T10:28:04Z" changeset="119571895" uid="12947635" user="Руслан Т"/>
  <node id="9658152370" lat="55.5169985" lon="37.3474329" version="1" timestamp="2022-04-11T10:28:04Z" changeset="119571895" uid="12947635" user="Руслан Т"/>
  <node id="9658152371" lat="55.5170471" lon="37.3474113" version="1" timestamp="2022-04-11T10:28:04Z" changeset="119571895" uid="12947635" user="Руслан Т"/>
  <node id="9658152372" lat="55.5170921" lon="37.3473724" version="1" timestamp="2022-04-11T10:28:04Z" changeset="119571895" uid="12947635" user="Руслан Т"/>
  <node id="9658152373" lat="55.5171292" lon="37.3473179" version="1" timestamp="2022-04-11T10:28:04Z" changeset="119571895" uid="12947635" user="Руслан Т"/>
  <node id="9658152374" lat="55.5171295" lon="37.3472777" version="1" timestamp="2022-04-11T10:28:04Z" changeset="119571895" uid="12947635" user="Руслан Т"/>
  <node id="9658152375" lat="55.5167628" lon="37.3468464" version="1" timestamp="2022-04-11T10:28:04Z" changeset="119571895" uid="12947635" user="Руслан Т"/>
  <node id="9658152376" lat="55.5167635" lon="37.3471284" version="1" timestamp="2022-04-11T10:28:04Z" changeset="119571895" uid="12947635" user="Руслан Т"/>
  <node id="9658152377" lat="55.5165126" lon="37.3468255" version="1" timestamp="2022-04-11T10:28:04Z" changeset="119571895" uid="12947635" user="Руслан Т"/>
  <node id="9658152378" lat="55.5164968" lon="37.3468682" version="1" timestamp="2022-04-11T10:28:04Z" changeset="119571895" uid="12947635" user="Руслан Т"/>
  <node id="9658152379" lat="55.5165071" lon="37.3468481" version="1" timestamp="2022-04-11T10:28:04Z" changeset="119571895" uid="12947635" user="Руслан Т"/>
  <node id="9658152380" lat="55.5164782" lon="37.3468838" version="1" timestamp="2022-04-11T10:28:04Z" changeset="119571895" uid="12947635" user="Руслан Т"/>
  <node id="9658152381" lat="55.5163145" lon="37.3466400" version="1" timestamp="2022-04-11T10:28:04Z" changeset="119571895" uid="12947635" user="Руслан Т"/>
  <node id="9658152382" lat="55.5163259" lon="37.3465962" version="1" timestamp="2022-04-11T10:28:04Z" changeset="119571895" uid="12947635" user="Руслан Т"/>
  <node id="9658152383" lat="55.5163138" lon="37.3465811" version="1" timestamp="2022-04-11T10:28:04Z" changeset="119571895" uid="12947635" user="Руслан Т"/>
  <node id="9658152384" lat="55.5163086" lon="37.3465565" version="1" timestamp="2022-04-11T10:28:04Z" changeset="119571895" uid="12947635" user="Руслан Т"/>
  <node id="9658152385" lat="55.5163121" lon="37.3465310" version="1" timestamp="2022-04-11T10:28:04Z" changeset="119571895" uid="12947635" user="Руслан Т"/>
  <node id="9658152386" lat="55.5163231" lon="37.3465134" version="1" timestamp="2022-04-11T10:28:04Z" changeset="119571895" uid="12947635" user="Руслан Т"/>
  <node id="9658152387" lat="55.5163378" lon="37.3465098" version="1" timestamp="2022-04-11T10:28:04Z" changeset="119571895" uid="12947635" user="Руслан Т"/>
  <node id="9658152388" lat="55.5163511" lon="37.3465215" version="1" timestamp="2022-04-11T10:28:04Z" changeset="119571895" uid="12947635" user="Руслан Т"/>
  <node id="9658152389" lat="55.5165140" lon="37.3468021" version="1" timestamp="2022-04-11T10:28:04Z" changeset="119571895" uid="12947635" user="Руслан Т"/>
  <node id="9658152390" lat="55.5165054" lon="37.3467357" version="1" timestamp="2022-04-11T10:28:04Z" changeset="119571895" uid="12947635" user="Руслан Т"/>
  <node id="9658152391" lat="55.5164883" lon="37.3466747" version="1" timestamp="2022-04-11T10:28:04Z" changeset="119571895" uid="12947635" user="Руслан Т"/>
  <node id="9658152392" lat="55.5164636" lon="37.3466225" version="1" timestamp="2022-04-11T10:28:04Z" changeset="119571895" uid="12947635" user="Руслан Т"/>
  <node id="9658152393" lat="55.5164327" lon="37.3465819" version="1" timestamp="2022-04-11T10:28:04Z" changeset="119571895" uid="12947635" user="Руслан Т"/>
  <node id="9658152394" lat="55.5163972" lon="37.3465553" version="1" timestamp="2022-04-11T10:28:04Z" changeset="119571895" uid="12947635" user="Руслан Т"/>
  <node id="9658152395" lat="55.5163584" lon="37.3465443" version="1" timestamp="2022-04-11T10:28:04Z" changeset="119571895" uid="12947635" user="Руслан Т"/>
  <node id="9658152396" lat="55.5162193" lon="37.3463407" version="1" timestamp="2022-04-11T10:28:04Z" changeset="119571895" uid="12947635" user="Руслан Т"/>
  <node id="9658152397" lat="55.5161594" lon="37.3462419" version="1" timestamp="2022-04-11T10:28:04Z" changeset="119571895" uid="12947635" user="Руслан Т"/>
  <node id="9658152398" lat="55.5161771" lon="37.3462789" version="1" timestamp="2022-04-11T10:28:04Z" changeset="119571895" uid="12947635" user="Руслан Т"/>
  <node id="9658152399" lat="55.5161972" lon="37.3463120" version="1" timestamp="2022-04-11T10:28:04Z" changeset="119571895" uid="12947635" user="Руслан Т"/>
  <node id="9658152400" lat="55.5162432" lon="37.3463645" version="1" timestamp="2022-04-11T10:28:04Z" changeset="119571895" uid="12947635" user="Руслан Т"/>
  <node id="9658152401" lat="55.5162686" lon="37.3463831" version="1" timestamp="2022-04-11T10:28:04Z" changeset="119571895" uid="12947635" user="Руслан Т"/>
  <node id="9658152402" lat="55.5162950" lon="37.3463962" version="1" timestamp="2022-04-11T10:28:04Z" changeset="119571895" uid="12947635" user="Руслан Т"/>
  <node id="9658152403" lat="55.5163219" lon="37.3464038" version="1" timestamp="2022-04-11T10:28:04Z" changeset="119571895" uid="12947635" user="Руслан Т"/>
  <node id="9658152404" lat="55.5163117" lon="37.3463474" version="1" timestamp="2022-04-11T10:28:04Z" changeset="119571895" uid="12947635" user="Руслан Т"/>
  <node id="9658152405" lat="55.5162944" lon="37.3462965" version="1" timestamp="2022-04-11T10:28:04Z" changeset="119571895" uid="12947635" user="Руслан Т"/>
  <node id="9658152406" lat="55.5162711" lon="37.3462540" version="1" timestamp="2022-04-11T10:28:04Z" changeset="119571895" uid="12947635" user="Руслан Т"/>
  <node id="9658152407" lat="55.5162428" lon="37.3462219" version="1" timestamp="2022-04-11T10:28:04Z" changeset="119571895" uid="12947635" user="Руслан Т"/>
  <node id="9658152408" lat="55.5162112" lon="37.3462021" version="1" timestamp="2022-04-11T10:28:04Z" changeset="119571895" uid="12947635" user="Руслан Т"/>
  <node id="9658152409" lat="55.5161779" lon="37.3461954" version="1" timestamp="2022-04-11T10:28:04Z" changeset="119571895" uid="12947635" user="Руслан Т"/>
  <node id="9658152410" lat="55.5161445" lon="37.3462024" version="1" timestamp="2022-04-11T10:28:04Z" changeset="119571895" uid="12947635" user="Руслан Т"/>
  <node id="9658152411" lat="55.5172051" lon="37.3484640" version="1" timestamp="2022-04-11T10:28:04Z" changeset="119571895" uid="12947635" user="Руслан Т"/>
  <node id="9658152412" lat="55.5172043" lon="37.3482326" version="1" timestamp="2022-04-11T10:28:04Z" changeset="119571895" uid="12947635" user="Руслан Т"/>
  <node id="9658152413" lat="55.5167598" lon="37.3482356" version="1" timestamp="2022-04-11T10:28:04Z" changeset="119571895" uid="12947635" user="Руслан Т"/>
  <node id="9658152414" lat="55.5167604" lon="37.3484686" version="1" timestamp="2022-04-11T10:28:04Z" changeset="119571895" uid="12947635" user="Руслан Т"/>
  <node id="9658152415" lat="55.5159298" lon="37.3473908" version="1" timestamp="2022-04-11T10:28:04Z" changeset="119571895" uid="12947635" user="Руслан Т"/>
  <node id="9658152416" lat="55.5163206" lon="37.3476725" version="1" timestamp="2022-04-11T10:28:04Z" changeset="119571895" uid="12947635" user="Руслан Т"/>
  <node id="9658152417" lat="55.5162370" lon="37.3478477" version="1" timestamp="2022-04-11T10:28:04Z" changeset="119571895" uid="12947635" user="Руслан Т"/>
  <node id="9658152670" lat="55.5161294" lon="37.3467821" version="1" timestamp="2022-04-11T10:49:14Z" changeset="119572831" uid="12947635" user="Руслан Т">
    <tag k="entrance" v="staircase"/>
    <tag k="ref" v="5"/>
  </node>
  <node id="9658152671" lat="55.5162627" lon="37.3469807" version="1" timestamp="2022-04-11T10:49:14Z" changeset="119572831" uid="12947635" user="Руслан Т">
    <tag k="entrance" v="staircase"/>
    <tag k="ref" v="4"/>
  </node>
  <node id="9658152672" lat="55.5166984" lon="37.3476300" version="1" timestamp="2022-04-11T10:49:14Z" changeset="119572831" uid="12947635" user="Руслан Т">
    <tag k="entrance" v="staircase"/>
    <tag k="ref" v="1"/>
  </node>
  <node id="9658152673" lat="55.5165441" lon="37.3474000" version="1" timestamp="2022-04-11T10:49:14Z" changeset="119572831" uid="12947635" user="Руслан Т">
    <tag k="entrance" v="staircase"/>
    <tag k="ref" v="2"/>
  </node>
  <node id="9658152674" lat="55.5160868" lon="37.3470887" version="1" timestamp="2022-04-11T10:49:14Z" changeset="119572831" uid="12947635" user="Руслан Т"/>
  <node id="9658152675" lat="55.5161901" lon="37.3468725" version="1" timestamp="2022-04-11T10:49:14Z" changeset="119572831" uid="12947635" user="Руслан Т"/>
  <node id="9658152676" lat="55.5162320" lon="37.3473050" version="1" timestamp="2022-04-11T10:49:14Z" changeset="119572831" uid="12947635" user="Руслан Т"/>
  <node id="9658152677" lat="55.5163352" lon="37.3470888" version="1" timestamp="2022-04-11T10:49:14Z" changeset="119572831" uid="12947635" user="Руслан Т"/>
  <node id="9658152678" lat="55.5163637" lon="37.3475012" version="1" timestamp="2022-04-11T10:49:14Z" changeset="119572831" uid="12947635" user="Руслан Т"/>
  <node id="9658152679" lat="55.5164669" lon="37.3472851" version="1" timestamp="2022-04-11T10:49:14Z" changeset="119572831" uid="12947635" user="Руслан Т"/>
  <node id="9658152680" lat="55.5169128" lon="37.3478320" version="1" timestamp="2022-04-11T10:49:14Z" changeset="119572831" uid="12947635" user="Руслан Т">
    <tag k="entrance" v="staircase"/>
    <tag k="ref" v="2"/>
  </node>
  <node id="9658152681" lat="55.5171044" lon="37.3478304" version="1" timestamp="2022-04-11T10:49:14Z" changeset="119572831" uid="12947635" user="Руслан Т">
    <tag k="entrance" v="staircase"/>
    <tag k="ref" v="1"/>
  </node>
  <node id="9658152685" lat="55.5178805" lon="37.3478560" version="1" timestamp="2022-04-11T10:49:14Z" changeset="119572831" uid="12947635" user="Руслан Т">
    <tag k="entrance" v="staircase"/>
    <tag k="ref" v="4"/>
  </node>
  <node id="9658152686" lat="55.5177028" lon="37.3478575" version="1" timestamp="2022-04-11T10:49:14Z" changeset="119572831" uid="12947635" user="Руслан Т">
    <tag k="entrance" v="staircase"/>
    <tag k="ref" v="5"/>
  </node>
  <node id="9658248585" lat="55.5174785" lon="37.3490600" version="1" timestamp="2022-04-11T11:18:59Z" changeset="119574104" uid="12947635" user="Руслан Т"/>
  <node id="9658248588" lat="55.5174786" lon="37.3491272" version="1" timestamp="2022-04-11T11:18:59Z" changeset="119574104" uid="12947635" user="Руслан Т"/>
  <node id="9658248589" lat="55.5173692" lon="37.3490609" version="1" timestamp="2022-04-11T11:18:59Z" changeset="119574104" uid="12947635" user="Руслан Т"/>
  <node id="9658248590" lat="55.5174451" lon="37.3490603" version="1" timestamp="2022-04-11T11:18:59Z" changeset="119574104" uid="12947635" user="Руслан Т"/>
  <node id="9658248591" lat="55.5174453" lon="37.3491275" version="1" timestamp="2022-04-11T11:18:59Z" changeset="119574104" uid="12947635" user="Руслан Т"/>
  <node id="9658248592" lat="55.5173694" lon="37.3491282" version="1" timestamp="2022-04-11T11:18:59Z" changeset="119574104" uid="12947635" user="Руслан Т"/>
  <node id="9658248593" lat="55.5164786" lon="37.3491409" version="1" timestamp="2022-04-11T11:18:59Z" changeset="119574104" uid="12947635" user="Руслан Т"/>
  <node id="9658248594" lat="55.5161467" lon="37.3495886" version="1" timestamp="2022-04-11T11:18:59Z" changeset="119574104" uid="12947635" user="Руслан Т"/>
  <node id="9658248595" lat="55.5161720" lon="37.3495244" version="1" timestamp="2022-04-11T11:18:59Z" changeset="119574104" uid="12947635" user="Руслан Т"/>
  <node id="9658248596" lat="55.5161997" lon="37.3494635" version="1" timestamp="2022-04-11T11:18:59Z" changeset="119574104" uid="12947635" user="Руслан Т"/>
  <node id="9658248597" lat="55.5162299" lon="37.3494064" version="1" timestamp="2022-04-11T11:18:59Z" changeset="119574104" uid="12947635" user="Руслан Т"/>
  <node id="9658248598" lat="55.5162623" lon="37.3493533" version="1" timestamp="2022-04-11T11:18:59Z" changeset="119574104" uid="12947635" user="Руслан Т"/>
  <node id="9658248599" lat="55.5162969" lon="37.3493044" version="1" timestamp="2022-04-11T11:18:59Z" changeset="119574104" uid="12947635" user="Руслан Т"/>
  <node id="9658248600" lat="55.5163333" lon="37.3492601" version="1" timestamp="2022-04-11T11:18:59Z" changeset="119574104" uid="12947635" user="Руслан Т"/>
  <node id="9658248601" lat="55.5163714" lon="37.3492204" version="1" timestamp="2022-04-11T11:18:59Z" changeset="119574104" uid="12947635" user="Руслан Т"/>
  <node id="9658248602" lat="55.5164111" lon="37.3491858" version="1" timestamp="2022-04-11T11:18:59Z" changeset="119574104" uid="12947635" user="Руслан Т"/>
  <node id="9658248603" lat="55.5164520" lon="37.3491563" version="1" timestamp="2022-04-11T11:18:59Z" changeset="119574104" uid="12947635" user="Руслан Т"/>
  <node id="9658248604" lat="55.5161338" lon="37.3496296" version="1" timestamp="2022-04-11T11:18:59Z" changeset="119574104" uid="12947635" user="Руслан Т"/>
  <node id="9658248605" lat="55.5161265" lon="37.3495308" version="1" timestamp="2022-04-11T11:18:59Z" changeset="119574104" uid="12947635" user="Руслан Т"/>
  <node id="9658248606" lat="55.5161517" lon="37.3494666" version="1" timestamp="2022-04-11T11:18:59Z" changeset="119574104" uid="12947635" user="Руслан Т"/>
  <node id="9658248607" lat="55.5161030" lon="37.3495967" version="1" timestamp="2022-04-11T11:18:59Z" changeset="119574104" uid="12947635" user="Руслан Т"/>
  <node id="9658248608" lat="55.5161795" lon="37.3494057" version="1" timestamp="2022-04-11T11:18:59Z" changeset="119574104" uid="12947635" user="Руслан Т"/>
  <node id="9658248609" lat="55.5162097" lon="37.3493486" version="1" timestamp="2022-04-11T11:18:59Z" changeset="119574104" uid="12947635" user="Руслан Т"/>
  <node id="9658248610" lat="55.5162421" lon="37.3492955" version="1" timestamp="2022-04-11T11:18:59Z" changeset="119574104" uid="12947635" user="Руслан Т"/>
  <node id="9658248611" lat="55.5162766" lon="37.3492466" version="1" timestamp="2022-04-11T11:18:59Z" changeset="119574104" uid="12947635" user="Руслан Т"/>
  <node id="9658248612" lat="55.5163131" lon="37.3492022" version="1" timestamp="2022-04-11T11:18:59Z" changeset="119574104" uid="12947635" user="Руслан Т"/>
  <node id="9658248613" lat="55.5163512" lon="37.3491626" version="1" timestamp="2022-04-11T11:18:59Z" changeset="119574104" uid="12947635" user="Руслан Т"/>
  <node id="9658248614" lat="55.5163908" lon="37.3491280" version="1" timestamp="2022-04-11T11:18:59Z" changeset="119574104" uid="12947635" user="Руслан Т"/>
  <node id="9658248615" lat="55.5164318" lon="37.3490985" version="1" timestamp="2022-04-11T11:18:59Z" changeset="119574104" uid="12947635" user="Руслан Т"/>
  <node id="9658248616" lat="55.5164739" lon="37.3490740" version="1" timestamp="2022-04-11T11:18:59Z" changeset="119574104" uid="12947635" user="Руслан Т"/>
  <node id="9658269519" lat="55.5169543" lon="37.3490646" version="1" timestamp="2022-04-11T11:18:59Z" changeset="119574104" uid="12947635" user="Руслан Т"/>
  <node id="9658269520" lat="55.5169547" lon="37.3491317" version="1" timestamp="2022-04-11T11:18:59Z" changeset="119574104" uid="12947635" user="Руслан Т"/>
  <node id="9658269521" lat="55.5169992" lon="37.3490640" version="1" timestamp="2022-04-11T11:18:59Z" changeset="119574104" uid="12947635" user="Руслан Т"/>
  <node id="9658269522" lat="55.5172113" lon="37.3490623" version="1" timestamp="2022-04-11T11:18:59Z" changeset="119574104" uid="12947635" user="Руслан Т"/>
  <node id="9658269523" lat="55.5172114" lon="37.3491295" version="1" timestamp="2022-04-11T11:18:59Z" changeset="119574104" uid="12947635" user="Руслан Т"/>
  <node id="9658269524" lat="55.5169994" lon="37.3491313" version="1" timestamp="2022-04-11T11:18:59Z" changeset="119574104" uid="12947635" user="Руслан Т"/>
  <node id="9658499961" lat="55.5149809" lon="37.3494329" version="1" timestamp="2022-04-11T13:04:08Z" changeset="119578833" uid="12947635" user="Руслан Т"/>
  <node id="9658499962" lat="55.5149873" lon="37.3494509" version="1" timestamp="2022-04-11T13:04:08Z" changeset="119578833" uid="12947635" user="Руслан Т"/>
  <node id="9658499963" lat="55.5149856" lon="37.3494058" version="1" timestamp="2022-04-11T13:04:08Z" changeset="119578833" uid="12947635" user="Руслан Т"/>
  <node id="9658499964" lat="55.5153501" lon="37.3489721" version="1" timestamp="2022-04-11T13:04:08Z" changeset="119578833" uid="12947635" user="Руслан Т"/>
  <node id="9658499965" lat="55.5157821" lon="37.3486291" version="1" timestamp="2022-04-11T13:04:08Z" changeset="119578833" uid="12947635" user="Руслан Т"/>
  <node id="9658499966" lat="55.5155594" lon="37.3488047" version="1" timestamp="2022-04-11T13:04:08Z" changeset="119578833" uid="12947635" user="Руслан Т"/>
  <node id="9658499967" lat="55.5156339" lon="37.3487498" version="1" timestamp="2022-04-11T13:04:08Z" changeset="119578833" uid="12947635" user="Руслан Т"/>
  <node id="9658499968" lat="55.5154262" lon="37.3489028" version="1" timestamp="2022-04-11T13:04:08Z" changeset="119578833" uid="12947635" user="Руслан Т"/>
  <node id="9658499969" lat="55.5152853" lon="37.3490363" version="1" timestamp="2022-04-11T13:04:08Z" changeset="119578833" uid="12947635" user="Руслан Т"/>
  <node id="9658499970" lat="55.5150855" lon="37.3492678" version="1" timestamp="2022-04-11T13:04:08Z" changeset="119578833" uid="12947635" user="Руслан Т"/>
  <node id="9658499971" lat="55.5149812" lon="37.3494187" version="1" timestamp="2022-04-11T13:04:08Z" changeset="119578833" uid="12947635" user="Руслан Т"/>
  <node id="9658499972" lat="55.5159091" lon="37.3480509" version="1" timestamp="2022-04-11T13:04:08Z" changeset="119578833" uid="12947635" user="Руслан Т"/>
  <node id="9658499973" lat="55.5157128" lon="37.3486944" version="1" timestamp="2022-04-11T13:04:08Z" changeset="119578833" uid="12947635" user="Руслан Т"/>
  <node id="9658499974" lat="55.5158212" lon="37.3485666" version="1" timestamp="2022-04-11T13:04:08Z" changeset="119578833" uid="12947635" user="Руслан Т"/>
  <node id="9658499975" lat="55.5158462" lon="37.3485101" version="1" timestamp="2022-04-11T13:04:08Z" changeset="119578833" uid="12947635" user="Руслан Т"/>
  <node id="9658499976" lat="55.5159146" lon="37.3482296" version="1" timestamp="2022-04-11T13:04:08Z" changeset="119578833" uid="12947635" user="Руслан Т"/>
  <node id="9658499977" lat="55.5159151" lon="37.3481201" version="1" timestamp="2022-04-11T13:04:08Z" changeset="119578833" uid="12947635" user="Руслан Т"/>
  <node id="9658499978" lat="55.5158998" lon="37.3479961" version="1" timestamp="2022-04-11T13:04:08Z" changeset="119578833" uid="12947635" user="Руслан Т"/>
  <node id="9658499979" lat="55.5158663" lon="37.3478652" version="1" timestamp="2022-04-11T13:04:08Z" changeset="119578833" uid="12947635" user="Руслан Т"/>
  <node id="9658499980" lat="55.5158218" lon="37.3477338" version="1" timestamp="2022-04-11T13:04:08Z" changeset="119578833" uid="12947635" user="Руслан Т"/>
  <node id="9658499981" lat="55.5157745" lon="37.3476238" version="1" timestamp="2022-04-11T13:04:08Z" changeset="119578833" uid="12947635" user="Руслан Т"/>
  <node id="9658499982" lat="55.5157221" lon="37.3475256" version="1" timestamp="2022-04-11T13:04:08Z" changeset="119578833" uid="12947635" user="Руслан Т"/>
  <node id="9658499983" lat="55.5156313" lon="37.3473897" version="1" timestamp="2022-04-11T13:04:08Z" changeset="119578833" uid="12947635" user="Руслан Т"/>
  <node id="9658666687" lat="55.5168379" lon="37.3498725" version="1" timestamp="2022-04-11T14:31:33Z" changeset="119582230" uid="12947635" user="Руслан Т"/>
  <node id="9658666701" lat="55.5177897" lon="37.3496378" version="1" timestamp="2022-04-11T14:31:33Z" changeset="119582230" uid="12947635" user="Руслан Т">
    <tag k="entrance" v="staircase"/>
    <tag k="ref" v="2"/>
  </node>
  <node id="9658666702" lat="55.5175570" lon="37.3496397" version="1" timestamp="2022-04-11T14:31:33Z" changeset="119582230" uid="12947635" user="Руслан Т">
    <tag k="entrance" v="staircase"/>
    <tag k="ref" v="1"/>
  </node>
  <node id="9658791205" lat="55.5165292" lon="37.3498290" version="1" timestamp="2022-04-11T15:25:12Z" changeset="119584584" uid="12947635" user="Руслан Т">
    <tag k="entrance" v="staircase"/>
    <tag k="ref" v="4"/>
  </node>
  <node id="9658791206" lat="55.5166437" lon="37.3496474" version="1" timestamp="2022-04-11T15:25:12Z" changeset="119584584" uid="12947635" user="Руслан Т">
    <tag k="entrance" v="staircase"/>
    <tag k="ref" v="3"/>
  </node>
  <node id="9658791207" lat="55.5168738" lon="37.3496455" version="1" timestamp="2022-04-11T15:25:12Z" changeset="119584584" uid="12947635" user="Руслан Т">
    <tag k="entrance" v="staircase"/>
    <tag k="ref" v="2"/>
  </node>
  <node id="9658791208" lat="55.5171039" lon="37.3496436" version="1" timestamp="2022-04-11T15:25:12Z" changeset="119584584" uid="12947635" user="Руслан Т">
    <tag k="entrance" v="staircase"/>
    <tag k="ref" v="1"/>
  </node>
  <node id="9899545746" lat="55.5164518" lon="37.3475933" version="1" timestamp="2022-07-20T10:33:24Z" changeset="123844721" uid="12100948" user="kate_rocketdata">
    <tag k="contact:email" v="info@seafood-shop.ru"/>
    <tag k="contact:phone" v="+7 495 7443953;+7 925 0030053"/>
    <tag k="contact:website" v="https://seafood-shop.ru/"/>
    <tag k="name" v="Икорный"/>
    <tag k="opening_hours" v="Mo-Su 09:00-21:00"/>
    <tag k="shop" v="seafood"/>
  </node>
  <node id="10809738251" lat="55.5170348" lon="37.3486918" version="3" timestamp="2024-07-30T13:29:10Z" changeset="154606705" uid="564990" user="mavl">
    <tag k="bus" v="yes"/>
    <tag k="name" v="Нововатутинский проспект, 8"/>
    <tag k="public_transport" v="stop_position"/>
  </node>
  <node id="10809738253" lat="55.5152314" lon="37.3466284" version="3" timestamp="2024-07-30T13:27:42Z" changeset="154606643" uid="564990" user="mavl">
    <tag k="bus" v="yes"/>
    <tag k="name" v="Микрорайон «Центральный»"/>
    <tag k="public_transport" v="stop_position"/>
  </node>
  <node id="10809738254" lat="55.5151959" lon="37.3467028" version="1" timestamp="2023-04-14T02:23:17Z" changeset="134883481" uid="2055718" user="Bobropiton">
    <tag k="bus" v="yes"/>
    <tag k="highway" v="bus_stop"/>
    <tag k="name" v="Микрорайон «Центральный»"/>
    <tag k="public_transport" v="platform"/>
  </node>
  <node id="10844172572" lat="55.5165850" lon="37.3495420" version="4" timestamp="2023-12-04T13:57:53Z" changeset="144755848" uid="12100948" user="kate_rocketdata">
    <tag k="brand" v="Ozon"/>
    <tag k="brand:wikidata" v="Q2365235"/>
    <tag k="brand:wikipedia" v="ru:Ozon.ru"/>
    <tag k="contact:facebook" v="https://www.facebook.com/ozon.ru"/>
    <tag k="contact:instagram" v="https://www.instagram.com/ozonru"/>
    <tag k="contact:phone" v="+7 495 2321000"/>
    <tag k="contact:twitter" v="https://twitter.com/Ozon_ru"/>
    <tag k="contact:vk" v="https://vk.com/ozon"/>
    <tag k="contact:website" v="https://www.ozon.ru/"/>
    <tag k="name" v="Ozon"/>
    <tag k="opening_hours" v="Mo-Su 09:00-21:00"/>
    <tag k="shop" v="outpost"/>
  </node>
  <node id="11694663049" lat="55.5159272" lon="37.3494469" version="1" timestamp="2024-03-05T17:59:11Z" changeset="148262135" uid="3325011" user="SlavaValiev"/>
  <node id="11694663050" lat="55.5158443" lon="37.3491623" version="1" timestamp="2024-03-05T17:59:11Z" changeset="148262135" uid="3325011" user="SlavaValiev"/>
  <node id="11694663051" lat="55.5155781" lon="37.3493496" version="1" timestamp="2024-03-05T17:59:11Z" changeset="148262135" uid="3325011" user="SlavaValiev"/>
  <node id="11694663052" lat="55.5154406" lon="37.3494874" version="1" timestamp="2024-03-05T17:59:11Z" changeset="148262135" uid="3325011" user="SlavaValiev"/>
  <node id="11993551159" lat="55.5153378" lon="37.3463264" version="1" timestamp="2024-06-20T10:12:17Z" changeset="152935772" uid="3236199" user="42RUS"/>
  <node id="12012247432" lat="55.5158329" lon="37.3494440" version="3" timestamp="2024-12-26T09:12:48Z" changeset="160628271" uid="12100948" user="kate_rocketdata">
    <tag k="amenity" v="fast_food"/>
    <tag k="brand" v="One Price Coffee"/>
    <tag k="brand:wikidata" v="Q108215010"/>
    <tag k="contact:email" v="b2b@onepricecoffee.com"/>
    <tag k="contact:phone" v="+7 495 0153150"/>
    <tag k="contact:website" v="https://onepricecoffee.com"/>
    <tag k="cuisine" v="coffee_shop"/>
    <tag k="name" v="One Price Coffee"/>
    <tag k="opening_hours" v="Mo-Su 09:00-22:00"/>
    <tag k="takeaway" v="yes"/>
  </node>
  <node id="13003854120" lat="55.5156515" lon="37.3496908" version="1" timestamp="2025-07-16T08:35:06Z" changeset="169001057" uid="12100948" user="kate_rocketdata">
    <tag k="contact:phone" v="+7 800 7707999"/>
    <tag k="contact:website" v="https://www.dns-shop.ru"/>
    <tag k="name" v="DNS"/>
    <tag k="opening_hours" v="Mo-Su 10:00-22:00"/>
    <tag k="shop" v="electronics"/>
  </node>
  <way id="47704429" version="23" timestamp="2025-11-22T17:16:02Z" changeset="174998029" uid="22440403" user="Ozon OSM4">
    <nd ref="606967159"/>
    <nd ref="8642567259"/>
    <nd ref="606967160"/>
    <nd ref="8642567258"/>
    <nd ref="9620994220"/>
    <nd ref="606967184"/>
    <nd ref="606967185"/>
    <nd ref="606967182"/>
    <nd ref="606967183"/>
    <nd ref="6913414996"/>
    <nd ref="606967179"/>
    <nd ref="606967180"/>
    <nd ref="606967181"/>
    <nd ref="606967173"/>
    <nd ref="606967174"/>
    <nd ref="9620949956"/>
    <nd ref="9620949957"/>
    <nd ref="606967175"/>
    <nd ref="606967176"/>
    <nd ref="606967177"/>
    <nd ref="606967178"/>
    <nd ref="606967168"/>
    <nd ref="9620949958"/>
    <nd ref="9620949959"/>
    <nd ref="6364654080"/>
    <nd ref="6364654082"/>
    <nd ref="9620949960"/>
    <nd ref="9620949961"/>
    <nd ref="6364654079"/>
    <nd ref="606967169"/>
    <nd ref="606967170"/>
    <nd ref="606967171"/>
    <nd ref="606967165"/>
    <nd ref="13324526775"/>
    <nd ref="13324526772"/>
    <nd ref="606967166"/>
    <nd ref="606967163"/>
    <nd ref="606967164"/>
    <nd ref="606967161"/>
    <nd ref="606967162"/>
    <nd ref="450268747"/>
    <nd ref="450268768"/>
    <nd ref="450268773"/>
    <nd ref="450268757"/>
    <nd ref="606967136"/>
    <nd ref="450268763"/>
    <nd ref="450268794"/>
    <nd ref="450268800"/>
    <nd ref="450268781"/>
    <nd ref="450268787"/>
    <nd ref="450268535"/>
    <nd ref="606967131"/>
    <nd ref="11757135560"/>
    <nd ref="606967132"/>
    <nd ref="6924346754"/>
    <nd ref="606967133"/>
    <nd ref="606967134"/>
    <nd ref="606967135"/>
    <nd ref="1483881811"/>
    <nd ref="606967137"/>
    <nd ref="1489700552"/>
    <nd ref="12182878053"/>
    <nd ref="12182878054"/>
    <nd ref="1489700551"/>
    <nd ref="12182878055"/>
    <nd ref="1489700550"/>
    <nd ref="606967138"/>
    <nd ref="1489700548"/>
    <nd ref="12182878056"/>
    <nd ref="1489700547"/>
    <nd ref="1489700546"/>
    <nd ref="1489700545"/>
    <nd ref="1489700544"/>
    <nd ref="1489700543"/>
    <nd ref="12182878062"/>
    <nd ref="606967139"/>
    <nd ref="606967140"/>
    <nd ref="10155028734"/>
    <tag k="barrier" v="wall"/>
  </way>
  <way id="48655585" version="27" timestamp="2024-06-21T22:13:41Z" changeset="153010454" uid="2055718" user="Bobropiton">
    <nd ref="11993577582"/>
    <nd ref="10860679583"/>
    <nd ref="9620949973"/>
    <nd ref="492418984"/>
    <nd ref="492418987"/>
    <nd ref="9620949972"/>
    <nd ref="9620949971"/>
    <nd ref="492418989"/>
    <nd ref="9620949969"/>
    <nd ref="9620949970"/>
    <nd ref="492418991"/>
    <nd ref="492418993"/>
    <nd ref="9620949966"/>
    <nd ref="9620949968"/>
    <nd ref="9620949967"/>
    <nd ref="492418996"/>
    <nd ref="6364654081"/>
    <nd ref="2219259747"/>
    <nd ref="9620949965"/>
    <nd ref="2219259748"/>
    <nd ref="9620949964"/>
    <nd ref="492419002"/>
    <nd ref="492419005"/>
    <nd ref="492419006"/>
    <nd ref="492419008"/>
    <nd ref="2219259744"/>
    <nd ref="2219259745"/>
    <nd ref="9620949963"/>
    <nd ref="492419011"/>
    <nd ref="4843922686"/>
    <nd ref="9620949962"/>
    <nd ref="10809738253"/>
    <nd ref="492419012"/>
    <tag k="highway" v="tertiary"/>
    <tag k="lanes" v="2"/>
    <tag k="lit" v="no"/>
    <tag k="maxspeed" v="60"/>
    <tag k="name" v="Чароитовая улица"/>
    <tag k="name:ru" v="Чароитовая улица"/>
    <tag k="oneway" v="yes"/>
    <tag k="surface" v="asphalt"/>
  </way>
  <way id="135078922" version="3" timestamp="2024-03-25T05:25:13Z" changeset="149113837" uid="19933077" user="Dimon4ik91">
    <nd ref="1483867505"/>
    <nd ref="1483867450"/>
    <nd ref="1483867407"/>
    <nd ref="1483867498"/>
    <nd ref="1483867505"/>
    <tag k="addr:housenumber" v="5с51"/>
    <tag k="addr:street" v="Чароитовая улица"/>
    <tag k="building" v="yes"/>
    <tag k="height" v="8"/>
  </way>
  <way id="135078936" version="1" timestamp="2011-10-28T18:25:41Z" changeset="9678830" uid="29320" user="Komяpa">
    <nd ref="1483867508"/>
    <nd ref="1483867495"/>
    <nd ref="1483867478"/>
    <nd ref="1483867503"/>
    <nd ref="1483867508"/>
    <tag k="building" v="yes"/>
  </way>
  <way id="135078949" version="1" timestamp="2011-10-28T18:25:42Z" changeset="9678830" uid="29320" user="Komяpa">
    <nd ref="1483867523"/>
    <nd ref="1483867521"/>
    <nd ref="1483867517"/>
    <nd ref="1483867519"/>
    <nd ref="1483867523"/>
    <tag k="building" v="yes"/>
  </way>
  <way id="135079130" version="3" timestamp="2025-10-19T09:07:18Z" changeset="173480885" uid="22458389" user="Ozon OSM6">
    <nd ref="1483867522"/>
    <nd ref="1483867527"/>
    <nd ref="1483867526"/>
    <nd ref="1483867515"/>
    <nd ref="1483867522"/>
    <tag k="addr:housenumber" v="5"/>
    <tag k="addr:street" v="Чароитовая улица"/>
    <tag k="building" v="yes"/>
    <tag k="height" v="10"/>
  </way>
  <way id="135079146" version="2" timestamp="2020-12-01T19:42:29Z" changeset="95113528" uid="8912234" user="Quinn Mallory">
    <nd ref="1483867525"/>
    <nd ref="1483867524"/>
    <nd ref="1483867514"/>
    <nd ref="1483867520"/>
    <nd ref="1483867525"/>
    <tag k="building" v="yes"/>
    <tag k="height" v="8"/>
  </way>
  <way id="135079165" version="1" timestamp="2011-10-28T18:26:09Z" changeset="9678830" uid="29320" user="Komяpa">
    <nd ref="1483867518"/>
    <nd ref="1483867511"/>
    <nd ref="1483867507"/>
    <nd ref="1483867512"/>
    <nd ref="1483867518"/>
    <tag k="building" v="yes"/>
  </way>
  <way id="240239872" version="9" timestamp="2024-04-02T14:56:14Z" changeset="149485577" uid="1185631" user="Dmitry2013">
    <nd ref="2548035204"/>
    <nd ref="2548035205"/>
    <nd ref="2548035208"/>
    <nd ref="2479836218"/>
    <nd ref="2479836220"/>
    <nd ref="9658666703"/>
    <nd ref="9658666704"/>
    <nd ref="2479836221"/>
    <nd ref="9658666700"/>
    <nd ref="9658666701"/>
    <nd ref="9658666702"/>
    <nd ref="2479836213"/>
    <nd ref="2479836215"/>
    <nd ref="2479836217"/>
    <nd ref="2548035200"/>
    <nd ref="9623989086"/>
    <nd ref="9623989085"/>
    <nd ref="2548035204"/>
    <tag k="addr:city" v="Москва"/>
    <tag k="addr:housenumber" v="10"/>
    <tag k="addr:postcode" v="108836"/>
    <tag k="addr:street" v="Нововатутинский проспект"/>
    <tag k="addr:subdistrict" v="поселение Десёновское"/>
    <tag k="building" v="apartments"/>
    <tag k="building:flats" v="384"/>
    <tag k="building:levels" v="17"/>
    <tag k="start_date" v="2013"/>
  </way>
  <way id="240239875" version="8" timestamp="2024-04-02T14:56:14Z" changeset="149485577" uid="1185631" user="Dmitry2013">
    <nd ref="2479836241"/>
    <nd ref="2479836243"/>
    <nd ref="2548035194"/>
    <nd ref="2479836244"/>
    <nd ref="2479836246"/>
    <nd ref="9623989083"/>
    <nd ref="9623989084"/>
    <nd ref="2479836248"/>
    <nd ref="2479836249"/>
    <nd ref="9658791208"/>
    <nd ref="9658791207"/>
    <nd ref="9658791206"/>
    <nd ref="2479836251"/>
    <nd ref="9658791205"/>
    <nd ref="2479836253"/>
    <nd ref="2479836241"/>
    <tag k="addr:city" v="Москва"/>
    <tag k="addr:housenumber" v="8"/>
    <tag k="addr:postcode" v="108836"/>
    <tag k="addr:street" v="Нововатутинский проспект"/>
    <tag k="addr:subdistrict" v="поселение Десёновское"/>
    <tag k="building" v="apartments"/>
    <tag k="building:flats" v="220"/>
    <tag k="building:levels" v="12"/>
    <tag k="start_date" v="2013"/>
  </way>
  <way id="240239877" version="8" timestamp="2023-04-16T13:24:52Z" changeset="134975084" uid="2055718" user="Bobropiton">
    <nd ref="492419015"/>
    <nd ref="2479836268"/>
    <nd ref="4897329091"/>
    <nd ref="2926691072"/>
    <tag k="highway" v="tertiary"/>
    <tag k="lanes" v="2"/>
    <tag k="lit" v="yes"/>
    <tag k="surface" v="asphalt"/>
  </way>
  <way id="243396959" version="8" timestamp="2023-04-16T13:24:52Z" changeset="134975084" uid="2055718" user="Bobropiton">
    <nd ref="2508146455"/>
    <nd ref="2508146458"/>
    <tag k="highway" v="tertiary"/>
    <tag k="lanes" v="2"/>
    <tag k="lit" v="yes"/>
    <tag k="maxspeed" v="60"/>
    <tag k="oneway" v="yes"/>
    <tag k="surface" v="asphalt"/>
  </way>
  <way id="243396960" version="19" timestamp="2023-04-16T13:24:52Z" changeset="134975084" uid="2055718" user="Bobropiton">
    <nd ref="2508150580"/>
    <nd ref="9623734891"/>
    <nd ref="9623734892"/>
    <nd ref="6921830641"/>
    <tag k="highway" v="tertiary"/>
    <tag k="lanes" v="2"/>
    <tag k="lit" v="yes"/>
    <tag k="maxspeed" v="60"/>
    <tag k="name" v="Нововатутинский проспект"/>
    <tag k="oneway" v="yes"/>
    <tag k="surface" v="asphalt"/>
  </way>
  <way id="243396963" version="15" timestamp="2023-04-16T13:24:52Z" changeset="134975084" uid="2055718" user="Bobropiton">
    <nd ref="2508150581"/>
    <nd ref="2508146470"/>
    <nd ref="2508150579"/>
    <nd ref="2508150577"/>
    <nd ref="7311827082"/>
    <nd ref="2956193108"/>
    <nd ref="2508150575"/>
    <nd ref="2508146460"/>
    <nd ref="2508150573"/>
    <nd ref="6921830627"/>
    <nd ref="2508146456"/>
    <nd ref="2508150572"/>
    <nd ref="6921830628"/>
    <nd ref="2508146458"/>
    <nd ref="2508150574"/>
    <nd ref="2508146462"/>
    <nd ref="2508150576"/>
    <nd ref="2508146466"/>
    <nd ref="2508150578"/>
    <nd ref="2508146468"/>
    <nd ref="2508150580"/>
    <nd ref="9623734894"/>
    <nd ref="6921830642"/>
    <nd ref="2508150581"/>
    <tag k="highway" v="tertiary"/>
    <tag k="junction" v="roundabout"/>
    <tag k="lanes" v="2"/>
    <tag k="lit" v="yes"/>
    <tag k="maxspeed" v="60"/>
    <tag k="oneway" v="yes"/>
    <tag k="surface" v="asphalt"/>
  </way>
  <way id="251742952" version="3" timestamp="2022-04-11T11:18:59Z" changeset="119574104" uid="12947635" user="Руслан Т">
    <nd ref="2579250882"/>
    <nd ref="9623964703"/>
    <nd ref="2579250909"/>
    <tag k="highway" v="service"/>
    <tag k="living_street" v="yes"/>
    <tag k="surface" v="asphalt"/>
  </way>
  <way id="289119555" version="12" timestamp="2023-08-27T00:37:58Z" changeset="140433249" uid="285369" user="avi32">
    <nd ref="492419020"/>
    <nd ref="492419021"/>
    <nd ref="10816266128"/>
    <tag k="access" v="no"/>
    <tag k="highway" v="service"/>
    <tag k="lit" v="no"/>
    <tag k="name" v="Чароитовая улица"/>
    <tag k="name:ru" v="Чароитовая улица"/>
    <tag k="surface" v="asphalt"/>
  </way>
  <way id="289119556" version="6" timestamp="2023-04-16T13:24:52Z" changeset="134975084" uid="2055718" user="Bobropiton">
    <nd ref="2926691072"/>
    <nd ref="9623734899"/>
    <nd ref="9623734893"/>
    <nd ref="2508146460"/>
    <tag k="highway" v="tertiary"/>
    <tag k="lanes" v="2"/>
    <tag k="lit" v="yes"/>
    <tag k="maxspeed" v="60"/>
    <tag k="oneway" v="yes"/>
    <tag k="surface" v="asphalt"/>
  </way>
  <way id="289119557" version="6" timestamp="2023-04-16T13:24:52Z" changeset="134975084" uid="2055718" user="Bobropiton">
    <nd ref="2508146456"/>
    <nd ref="9623734890"/>
    <nd ref="9623734889"/>
    <nd ref="2508146455"/>
    <tag k="highway" v="tertiary"/>
    <tag k="lanes" v="2"/>
    <tag k="lit" v="yes"/>
    <tag k="maxspeed" v="60"/>
    <tag k="oneway" v="yes"/>
    <tag k="surface" v="asphalt"/>
  </way>
  <way id="289119558" version="7" timestamp="2023-04-16T13:24:52Z" changeset="134975084" uid="2055718" user="Bobropiton">
    <nd ref="2956193108"/>
    <nd ref="2926691072"/>
    <tag k="highway" v="tertiary"/>
    <tag k="lanes" v="1"/>
    <tag k="lit" v="yes"/>
    <tag k="maxspeed" v="60"/>
    <tag k="oneway" v="yes"/>
    <tag k="surface" v="asphalt"/>
  </way>
  <way id="291298087" version="12" timestamp="2023-08-27T00:37:58Z" changeset="140433249" uid="285369" user="avi32">
    <nd ref="492419015"/>
    <nd ref="9658499983"/>
    <nd ref="4878036553"/>
    <nd ref="492419017"/>
    <nd ref="492419020"/>
    <tag k="access" v="no"/>
    <tag k="highway" v="service"/>
    <tag k="lit" v="no"/>
    <tag k="name" v="Чароитовая улица"/>
    <tag k="name:ru" v="Чароитовая улица"/>
    <tag k="surface" v="asphalt"/>
  </way>
  <way id="292099610" version="8" timestamp="2024-04-02T14:59:55Z" changeset="149485774" uid="1185631" user="Dmitry2013">
    <nd ref="2956193243"/>
    <nd ref="2956193242"/>
    <nd ref="2956193239"/>
    <nd ref="9623540143"/>
    <nd ref="9623540142"/>
    <nd ref="2956193238"/>
    <nd ref="2956193240"/>
    <nd ref="2956193251"/>
    <nd ref="9658152686"/>
    <nd ref="9658152685"/>
    <nd ref="9658152684"/>
    <nd ref="2956193268"/>
    <nd ref="2956193269"/>
    <nd ref="2956193272"/>
    <nd ref="2956193273"/>
    <nd ref="9658152683"/>
    <nd ref="9658152682"/>
    <nd ref="2956193270"/>
    <nd ref="2956193271"/>
    <nd ref="9623540144"/>
    <nd ref="2956193259"/>
    <nd ref="2956193258"/>
    <nd ref="2956193252"/>
    <nd ref="2956193243"/>
    <tag k="addr:city" v="Москва"/>
    <tag k="addr:housenumber" v="9"/>
    <tag k="addr:postcode" v="108836"/>
    <tag k="addr:street" v="Нововатутинский проспект"/>
    <tag k="addr:subdistrict" v="поселение Десёновское"/>
    <tag k="building" v="apartments"/>
    <tag k="building:flats" v="384"/>
    <tag k="building:levels" v="17"/>
    <tag k="start_date" v="2014"/>
  </way>
  <way id="292099613" version="6" timestamp="2023-08-25T13:13:24Z" changeset="140372443" uid="11978982" user="mappinglander">
    <nd ref="6921830630"/>
    <nd ref="2956193110"/>
    <nd ref="2956193112"/>
    <nd ref="2956193114"/>
    <nd ref="2956193117"/>
    <nd ref="2956193119"/>
    <nd ref="2956193118"/>
    <nd ref="2956193115"/>
    <nd ref="2956193113"/>
    <nd ref="6921830629"/>
    <nd ref="2956193111"/>
    <nd ref="2956193107"/>
    <nd ref="2956193104"/>
    <nd ref="2956193102"/>
    <nd ref="2956193100"/>
    <nd ref="2956193099"/>
    <nd ref="2956193101"/>
    <nd ref="2956193103"/>
    <nd ref="2956193105"/>
    <nd ref="6921830630"/>
    <tag k="landuse" v="grass"/>
  </way>
  <way id="292204477" version="7" timestamp="2022-04-11T14:31:33Z" changeset="119582230" uid="12947635" user="Руслан Т">
    <nd ref="2956193097"/>
    <nd ref="9623989056"/>
    <nd ref="9623989042"/>
    <nd ref="9623989043"/>
    <nd ref="9623989041"/>
    <nd ref="9623989094"/>
    <nd ref="9623989057"/>
    <nd ref="9623989059"/>
    <nd ref="9623989058"/>
    <nd ref="9623989093"/>
    <nd ref="9623989060"/>
    <nd ref="2579250909"/>
    <nd ref="6921830640"/>
    <nd ref="9623989053"/>
    <nd ref="9623989055"/>
    <nd ref="9623989054"/>
    <nd ref="2579250911"/>
    <nd ref="9623989052"/>
    <nd ref="9623989050"/>
    <nd ref="2956193124"/>
    <nd ref="9658666687"/>
    <nd ref="9623989051"/>
    <nd ref="2956193233"/>
    <nd ref="9623964701"/>
    <nd ref="9623989049"/>
    <nd ref="9623989047"/>
    <nd ref="2579250949"/>
    <nd ref="9623989048"/>
    <nd ref="2956193280"/>
    <nd ref="2579250952"/>
    <tag k="highway" v="service"/>
    <tag k="living_street" v="yes"/>
    <tag k="surface" v="asphalt"/>
  </way>
  <way id="448641588" version="6" timestamp="2022-04-11T10:28:04Z" changeset="119571895" uid="12947635" user="Руслан Т">
    <nd ref="6921830637"/>
    <nd ref="4456349919"/>
    <nd ref="4456349918"/>
    <nd ref="9658125701"/>
    <nd ref="4456349905"/>
    <nd ref="4456349907"/>
    <nd ref="6921830639"/>
  </way>
  <way id="679432504" version="3" timestamp="2024-04-02T14:59:55Z" changeset="149485774" uid="1185631" user="Dmitry2013">
    <nd ref="6362224352"/>
    <nd ref="6362224353"/>
    <nd ref="6362224354"/>
    <nd ref="6362224355"/>
    <nd ref="9658152680"/>
    <nd ref="9658152681"/>
    <nd ref="6362224352"/>
    <tag k="addr:city" v="Москва"/>
    <tag k="addr:housenumber" v="7"/>
    <tag k="addr:postcode" v="108836"/>
    <tag k="addr:street" v="Нововатутинский проспект"/>
    <tag k="addr:subdistrict" v="поселение Десёновское"/>
    <tag k="building" v="apartments"/>
    <tag k="building:flats" v="128"/>
    <tag k="building:levels" v="17"/>
    <tag k="start_date" v="2015"/>
  </way>
  <way id="679432847" version="4" timestamp="2022-04-11T10:49:14Z" changeset="119572831" uid="12947635" user="Руслан Т">
    <nd ref="9658152675"/>
    <nd ref="9658152670"/>
    <nd ref="6362227431"/>
    <nd ref="6362227432"/>
    <nd ref="9658152674"/>
  </way>
  <way id="679654898" version="6" timestamp="2022-04-11T10:28:04Z" changeset="119571895" uid="12947635" user="Руслан Т">
    <nd ref="6364187601"/>
    <nd ref="9623989159"/>
    <nd ref="6364187602"/>
    <nd ref="9623989158"/>
    <nd ref="9623989160"/>
    <nd ref="9623989157"/>
    <nd ref="6364187603"/>
    <nd ref="9623989155"/>
    <nd ref="9623989156"/>
    <nd ref="7205762724"/>
    <tag k="highway" v="footway"/>
    <tag k="surface" v="paving_stones"/>
  </way>
  <way id="679654899" version="6" timestamp="2022-04-11T10:28:04Z" changeset="119571895" uid="12947635" user="Руслан Т">
    <nd ref="9624311217"/>
    <nd ref="6364187612"/>
    <nd ref="7205762724"/>
    <nd ref="6364187613"/>
    <nd ref="7205762717"/>
    <nd ref="7205762716"/>
    <nd ref="6364187614"/>
    <nd ref="7205762715"/>
    <nd ref="9624311218"/>
    <tag k="barrier" v="fence"/>
  </way>
  <way id="679654904" version="6" timestamp="2023-04-14T02:23:17Z" changeset="134883481" uid="2055718" user="Bobropiton">
    <nd ref="6364187624"/>
    <nd ref="6364187636"/>
    <nd ref="9623591084"/>
    <nd ref="9623591082"/>
    <nd ref="6364187625"/>
    <nd ref="4433419325"/>
    <nd ref="9658152412"/>
    <nd ref="9658152413"/>
    <nd ref="9623594868"/>
    <nd ref="9623594867"/>
    <nd ref="9623594870"/>
    <nd ref="9623594869"/>
    <nd ref="9658152416"/>
    <nd ref="9658048979"/>
    <nd ref="9623594871"/>
    <tag k="highway" v="service"/>
    <tag k="living_street" v="yes"/>
    <tag k="surface" v="asphalt"/>
  </way>
  <way id="679654910" version="4" timestamp="2022-04-11T09:41:10Z" changeset="119569779" uid="12947635" user="Руслан Т">
    <nd ref="6364187636"/>
    <nd ref="9623594853"/>
    <nd ref="6364187637"/>
    <nd ref="9623594852"/>
    <nd ref="9623594851"/>
    <nd ref="6364187638"/>
    <nd ref="9623734888"/>
    <nd ref="6364187639"/>
    <nd ref="6364187640"/>
    <nd ref="9623594854"/>
    <nd ref="9623594855"/>
    <nd ref="9623734871"/>
    <nd ref="9623734873"/>
    <nd ref="9623594857"/>
    <nd ref="6364187641"/>
    <nd ref="9623594856"/>
    <nd ref="2956193131"/>
    <nd ref="4433419325"/>
    <nd ref="6364187642"/>
    <nd ref="2956193130"/>
    <tag k="highway" v="service"/>
    <tag k="living_street" v="yes"/>
    <tag k="surface" v="asphalt"/>
  </way>
  <way id="679654912" version="3" timestamp="2022-04-11T11:18:59Z" changeset="119574104" uid="12947635" user="Руслан Т">
    <nd ref="2956193130"/>
    <nd ref="6924294521"/>
    <nd ref="6364187644"/>
    <tag k="highway" v="service"/>
    <tag k="living_street" v="yes"/>
    <tag k="surface" v="asphalt"/>
  </way>
  <way id="679733026" version="4" timestamp="2022-04-11T10:28:04Z" changeset="119571895" uid="12947635" user="Руслан Т">
    <nd ref="9623594849"/>
    <nd ref="9623594846"/>
    <nd ref="9623594850"/>
    <nd ref="9623594845"/>
    <nd ref="9623594844"/>
    <nd ref="9623594847"/>
    <nd ref="9623594842"/>
    <nd ref="9623594843"/>
    <nd ref="9623594841"/>
    <nd ref="9623594835"/>
    <nd ref="9623594848"/>
    <nd ref="9623594834"/>
    <nd ref="9623594840"/>
    <nd ref="9623594839"/>
    <nd ref="9623594838"/>
    <nd ref="9623594837"/>
    <nd ref="9623594836"/>
    <nd ref="9623540149"/>
    <nd ref="6364187799"/>
    <nd ref="9623591095"/>
    <nd ref="6364187800"/>
    <nd ref="6364656506"/>
    <nd ref="9623591085"/>
    <nd ref="9623591083"/>
    <nd ref="6364656507"/>
    <nd ref="6364187633"/>
    <nd ref="9623591081"/>
    <nd ref="6364187642"/>
    <nd ref="9658152411"/>
    <nd ref="9658152414"/>
    <nd ref="9623594861"/>
    <nd ref="9658000014"/>
    <nd ref="9623594862"/>
    <nd ref="9623594858"/>
    <nd ref="9623594859"/>
    <nd ref="9623594860"/>
    <nd ref="9623591078"/>
    <nd ref="9658152417"/>
    <nd ref="9658152415"/>
    <nd ref="9658048978"/>
    <nd ref="9623594863"/>
    <tag k="footway" v="sidewalk"/>
    <tag k="highway" v="footway"/>
    <tag k="surface" v="asphalt"/>
  </way>
  <way id="679738171" version="3" timestamp="2022-04-11T09:41:10Z" changeset="119569779" uid="12947635" user="Руслан Т">
    <nd ref="6364700653"/>
    <nd ref="9623591056"/>
    <nd ref="9623591072"/>
    <nd ref="9623591071"/>
    <nd ref="9623591070"/>
    <nd ref="6364700654"/>
    <nd ref="9623591065"/>
    <nd ref="6364700655"/>
    <nd ref="6364700656"/>
    <nd ref="6364700657"/>
    <tag k="highway" v="footway"/>
    <tag k="surface" v="paving_stones"/>
  </way>
  <way id="739276999" version="5" timestamp="2023-04-16T13:24:52Z" changeset="134975084" uid="2055718" user="Bobropiton">
    <nd ref="6921830641"/>
    <nd ref="2508150581"/>
    <tag k="highway" v="tertiary"/>
    <tag k="lanes" v="2"/>
    <tag k="lit" v="yes"/>
    <tag k="maxspeed" v="60"/>
    <tag k="name" v="Нововатутинский проспект"/>
    <tag k="oneway" v="yes"/>
    <tag k="surface" v="asphalt"/>
  </way>
  <way id="739518226" version="9" timestamp="2022-04-11T16:58:22Z" changeset="119588082" uid="12947635" user="Руслан Т">
    <nd ref="6924294538"/>
    <nd ref="6924294542"/>
    <nd ref="6924294541"/>
    <nd ref="6924294540"/>
    <nd ref="6924294525"/>
    <nd ref="6924294524"/>
    <nd ref="6924294523"/>
    <nd ref="6924294522"/>
    <nd ref="9623964705"/>
    <nd ref="9623964707"/>
    <nd ref="6924294521"/>
    <nd ref="9623591080"/>
    <nd ref="9623964710"/>
    <nd ref="6364187629"/>
    <nd ref="9621286000"/>
    <nd ref="6364187631"/>
    <nd ref="9623964684"/>
    <nd ref="7304140421"/>
    <nd ref="9623964682"/>
    <nd ref="7304140429"/>
    <nd ref="9624249349"/>
    <nd ref="6924294520"/>
    <nd ref="9629222170"/>
    <nd ref="9623964674"/>
    <nd ref="9623964675"/>
    <nd ref="9623964673"/>
    <nd ref="9623964672"/>
    <nd ref="9623964676"/>
    <nd ref="9623964677"/>
    <nd ref="9659037348"/>
    <nd ref="9623964671"/>
    <nd ref="9659037346"/>
    <nd ref="9623964678"/>
    <nd ref="9659037326"/>
    <nd ref="9623964679"/>
    <nd ref="9659037343"/>
    <nd ref="6359896406"/>
    <nd ref="6359896405"/>
    <nd ref="6359896404"/>
    <nd ref="9658603380"/>
    <nd ref="6359896403"/>
    <nd ref="9658603382"/>
    <nd ref="6359896402"/>
    <nd ref="9658603387"/>
    <nd ref="6359896401"/>
    <nd ref="6359896400"/>
    <nd ref="9621101616"/>
    <nd ref="9621101613"/>
    <nd ref="9621101614"/>
    <nd ref="6359893477"/>
    <nd ref="6359896399"/>
    <nd ref="9624311254"/>
    <nd ref="9658603389"/>
    <nd ref="6359896398"/>
    <nd ref="9624311255"/>
    <nd ref="9658603397"/>
    <nd ref="6359896397"/>
    <nd ref="6359896396"/>
    <nd ref="6359896447"/>
    <nd ref="6359896395"/>
    <nd ref="6359896421"/>
    <nd ref="6359896394"/>
    <nd ref="9624311249"/>
    <nd ref="6359896393"/>
    <nd ref="6359896424"/>
    <nd ref="6359896392"/>
    <nd ref="9658499922"/>
    <nd ref="9658464216"/>
    <nd ref="6359896428"/>
    <nd ref="9658499921"/>
    <nd ref="6359896430"/>
    <tag k="footway" v="sidewalk"/>
    <tag k="highway" v="footway"/>
    <tag k="surface" v="asphalt"/>
  </way>
  <way id="771862928" version="4" timestamp="2022-04-11T10:28:04Z" changeset="119571895" uid="12947635" user="Руслан Т">
    <nd ref="7205762718"/>
    <nd ref="9623989150"/>
    <nd ref="7205762719"/>
    <nd ref="9623989149"/>
    <nd ref="9623989151"/>
    <nd ref="9623989153"/>
    <nd ref="9623989152"/>
    <nd ref="7205762720"/>
    <nd ref="9623989154"/>
    <nd ref="6364187616"/>
    <nd ref="9623989147"/>
    <nd ref="7205762722"/>
    <nd ref="9623989146"/>
    <nd ref="9623989148"/>
    <nd ref="7205762723"/>
    <tag k="highway" v="service"/>
    <tag k="surface" v="asphalt"/>
  </way>
  <way id="870664648" version="1" timestamp="2020-11-12T07:38:30Z" changeset="93975548" uid="11486755" user="Lord_VM">
    <nd ref="8110604660"/>
    <nd ref="8110604661"/>
    <nd ref="8110604662"/>
    <nd ref="8110604663"/>
    <nd ref="8110604660"/>
    <tag k="leisure" v="dog_park"/>
  </way>
  <way id="879916852" version="2" timestamp="2024-04-30T10:37:07Z" changeset="150700572" uid="6411134" user="Mikola Sankin">
    <nd ref="606967179"/>
    <nd ref="8185120460"/>
    <nd ref="8185120461"/>
    <nd ref="8185120462"/>
    <nd ref="8185120463"/>
    <nd ref="8185120464"/>
    <nd ref="8185120465"/>
    <nd ref="8185120466"/>
    <nd ref="8185120467"/>
    <nd ref="8185120468"/>
    <nd ref="8185120469"/>
    <nd ref="8185120470"/>
    <tag k="access" v="private"/>
    <tag k="highway" v="service"/>
    <tag k="maxspeed" v="20"/>
    <tag k="surface" v="asphalt"/>
  </way>
  <way id="879916853" version="1" timestamp="2020-12-01T19:42:29Z" changeset="95113528" uid="8912234" user="Quinn Mallory">
    <nd ref="8185120471"/>
    <nd ref="8185120472"/>
    <nd ref="8185120473"/>
    <nd ref="8185120474"/>
    <nd ref="8185120471"/>
    <tag k="access" v="private"/>
    <tag k="amenity" v="parking"/>
    <tag k="parking" v="surface"/>
  </way>
  <way id="879916854" version="2" timestamp="2024-04-30T10:37:07Z" changeset="150700572" uid="6411134" user="Mikola Sankin">
    <nd ref="8185120460"/>
    <nd ref="8185120475"/>
    <nd ref="8185120476"/>
    <nd ref="8185120477"/>
    <nd ref="8185120478"/>
    <nd ref="8185120479"/>
    <nd ref="8185120480"/>
    <nd ref="8185120481"/>
    <nd ref="8185120482"/>
    <nd ref="8185120483"/>
    <tag k="access" v="private"/>
    <tag k="highway" v="service"/>
    <tag k="maxspeed" v="20"/>
    <tag k="surface" v="asphalt"/>
  </way>
  <way id="879916858" version="3" timestamp="2023-04-16T13:24:52Z" changeset="134975084" uid="2055718" user="Bobropiton">
    <nd ref="2508146444"/>
    <nd ref="4843922685"/>
    <nd ref="9623989137"/>
    <nd ref="4843922687"/>
    <nd ref="4843922684"/>
    <nd ref="492419024"/>
    <tag k="highway" v="tertiary"/>
    <tag k="lanes" v="2"/>
    <tag k="lit" v="yes"/>
    <tag k="maxspeed" v="40"/>
    <tag k="surface" v="asphalt"/>
  </way>
  <way id="879916859" version="2" timestamp="2023-04-16T13:24:52Z" changeset="134975084" uid="2055718" user="Bobropiton">
    <nd ref="2508146455"/>
    <nd ref="6359893459"/>
    <nd ref="9623734898"/>
    <nd ref="2508146449"/>
    <nd ref="6359893460"/>
    <nd ref="6924294493"/>
    <nd ref="2926691066"/>
    <nd ref="2508146444"/>
    <tag k="highway" v="tertiary"/>
    <tag k="lanes" v="4"/>
    <tag k="lit" v="yes"/>
    <tag k="maxspeed" v="40"/>
    <tag k="surface" v="asphalt"/>
  </way>
  <way id="924106653" version="2" timestamp="2022-04-11T10:28:04Z" changeset="119571895" uid="12947635" user="Руслан Т">
    <nd ref="8578247477"/>
    <nd ref="8578247474"/>
    <nd ref="8578247475"/>
    <nd ref="8578247476"/>
  </way>
  <way id="924106654" version="2" timestamp="2022-04-11T10:28:04Z" changeset="119571895" uid="12947635" user="Руслан Т">
    <nd ref="8578247479"/>
    <nd ref="8578247480"/>
    <nd ref="8578247481"/>
    <nd ref="8578247478"/>
  </way>
  <way id="966433054" version="3" timestamp="2022-04-11T11:18:59Z" changeset="119574104" uid="12947635" user="Руслан Т">
    <nd ref="9623989040"/>
    <nd ref="6924294539"/>
    <nd ref="6924294538"/>
    <tag k="highway" v="footway"/>
    <tag k="surface" v="asphalt"/>
  </way>
  <way id="966433056" version="2" timestamp="2022-03-30T14:01:44Z" changeset="119118215" uid="12947635" user="Руслан Т">
    <nd ref="6359893461"/>
    <nd ref="9623989039"/>
    <nd ref="2508146444"/>
    <tag k="highway" v="residential"/>
  </way>
  <way id="966433057" version="5" timestamp="2022-04-11T13:04:08Z" changeset="119578833" uid="12947635" user="Руслан Т">
    <nd ref="8941208798"/>
    <nd ref="8941208799"/>
    <nd ref="8941208800"/>
    <nd ref="8941208801"/>
    <nd ref="9623734895"/>
    <nd ref="8941208802"/>
    <nd ref="8941208803"/>
    <nd ref="8941208804"/>
    <nd ref="9623989136"/>
    <nd ref="8941208805"/>
    <nd ref="8941208806"/>
    <nd ref="8941208807"/>
    <nd ref="8941208808"/>
    <nd ref="8941208809"/>
    <nd ref="8941208810"/>
    <nd ref="8941208811"/>
    <nd ref="9623734897"/>
    <nd ref="9623734896"/>
    <nd ref="8941208812"/>
    <nd ref="6543522234"/>
    <tag k="barrier" v="fence"/>
  </way>
  <way id="1046181053" version="3" timestamp="2024-06-20T10:12:17Z" changeset="152935772" uid="3236199" user="42RUS">
    <nd ref="1507262180"/>
    <nd ref="11993551136"/>
    <nd ref="9620994234"/>
    <nd ref="9620994233"/>
    <nd ref="9620994232"/>
    <nd ref="9620949943"/>
    <nd ref="9620949942"/>
    <nd ref="9620949941"/>
    <nd ref="9620994231"/>
    <nd ref="9620994230"/>
    <nd ref="9620994229"/>
    <nd ref="9620949955"/>
    <nd ref="9620994228"/>
    <nd ref="9620949954"/>
    <nd ref="9620994227"/>
    <nd ref="9620994226"/>
    <nd ref="9620949953"/>
    <nd ref="9620994225"/>
    <nd ref="9620949952"/>
    <nd ref="9620994224"/>
    <nd ref="9620994222"/>
    <nd ref="9620994221"/>
    <nd ref="9624306113"/>
  </way>
  <way id="1046470470" version="4" timestamp="2022-04-11T10:28:04Z" changeset="119571895" uid="12947635" user="Руслан Т">
    <nd ref="6364187601"/>
    <nd ref="9623989163"/>
    <nd ref="9623989161"/>
    <nd ref="6364187617"/>
    <nd ref="9623989162"/>
    <nd ref="7205762727"/>
    <nd ref="9623734853"/>
    <nd ref="7205762723"/>
    <tag k="highway" v="service"/>
    <tag k="surface" v="asphalt"/>
  </way>
  <way id="1046476185" version="2" timestamp="2022-04-11T09:41:10Z" changeset="119569779" uid="12947635" user="Руслан Т">
    <nd ref="9623591066"/>
    <nd ref="9623591060"/>
    <nd ref="9623591059"/>
    <nd ref="9623591058"/>
    <nd ref="9623591057"/>
    <nd ref="9623591056"/>
    <tag k="highway" v="footway"/>
    <tag k="surface" v="paving_stones"/>
  </way>
  <way id="1046476186" version="2" timestamp="2022-04-11T09:41:10Z" changeset="119569779" uid="12947635" user="Руслан Т">
    <nd ref="9623591064"/>
    <nd ref="9623591063"/>
    <nd ref="9623591061"/>
    <nd ref="9623591062"/>
    <tag k="highway" v="footway"/>
    <tag k="surface" v="paving_stones"/>
  </way>
  <way id="1046476187" version="3" timestamp="2022-04-11T09:41:10Z" changeset="119569779" uid="12947635" user="Руслан Т">
    <nd ref="7205762724"/>
    <nd ref="6364700657"/>
    <nd ref="9623734905"/>
    <nd ref="9623752719"/>
    <nd ref="6364187604"/>
    <tag k="highway" v="footway"/>
    <tag k="surface" v="paving_stones"/>
  </way>
  <way id="1046476188" version="3" timestamp="2022-04-11T09:41:10Z" changeset="119569779" uid="12947635" user="Руслан Т">
    <nd ref="9623734909"/>
    <nd ref="9623734910"/>
    <nd ref="9623734908"/>
    <nd ref="9623734911"/>
    <nd ref="9623734912"/>
    <nd ref="9623734913"/>
    <nd ref="6364700654"/>
    <nd ref="9623591067"/>
    <nd ref="9623752718"/>
    <nd ref="9623591066"/>
    <nd ref="9623591068"/>
    <tag k="highway" v="footway"/>
    <tag k="surface" v="paving_stones"/>
  </way>
  <way id="1046476189" version="2" timestamp="2022-04-11T09:41:10Z" changeset="119569779" uid="12947635" user="Руслан Т">
    <nd ref="6364700650"/>
    <nd ref="6364700651"/>
    <nd ref="9623591069"/>
    <nd ref="9658000004"/>
    <nd ref="6364700652"/>
    <nd ref="6364700653"/>
    <tag k="highway" v="footway"/>
    <tag k="surface" v="paving_stones"/>
  </way>
  <way id="1046476190" version="2" timestamp="2022-04-11T09:41:10Z" changeset="119569779" uid="12947635" user="Руслан Т">
    <nd ref="6364700648"/>
    <nd ref="9658000005"/>
    <nd ref="9623591062"/>
    <nd ref="6364700650"/>
    <tag k="highway" v="footway"/>
    <tag k="surface" v="paving_stones"/>
  </way>
  <way id="1046476191" version="2" timestamp="2022-04-11T09:41:10Z" changeset="119569779" uid="12947635" user="Руслан Т">
    <nd ref="9623591078"/>
    <nd ref="9658000015"/>
    <nd ref="9623594869"/>
    <nd ref="9623591074"/>
    <nd ref="9623591073"/>
    <nd ref="9623591077"/>
    <nd ref="9623591075"/>
    <nd ref="9623591076"/>
    <tag k="highway" v="footway"/>
    <tag k="surface" v="paving_stones"/>
  </way>
  <way id="1046476192" version="3" timestamp="2022-04-11T10:28:04Z" changeset="119571895" uid="12947635" user="Руслан Т">
    <nd ref="9623591081"/>
    <nd ref="9623591079"/>
    <nd ref="9623591080"/>
    <tag k="highway" v="footway"/>
    <tag k="surface" v="asphalt"/>
  </way>
  <way id="1046476201" version="3" timestamp="2022-04-11T09:41:10Z" changeset="119569779" uid="12947635" user="Руслан Т">
    <nd ref="2479836268"/>
    <nd ref="9623594863"/>
    <nd ref="9623594871"/>
    <nd ref="9623594874"/>
    <nd ref="9623594872"/>
    <nd ref="6364187599"/>
    <nd ref="9623594873"/>
    <nd ref="9623591064"/>
    <nd ref="9623591068"/>
    <nd ref="9623594866"/>
    <nd ref="9623591076"/>
    <nd ref="9623594864"/>
    <nd ref="6364187600"/>
    <nd ref="9623594865"/>
    <nd ref="6364187604"/>
    <nd ref="9623734907"/>
    <nd ref="2956193131"/>
    <tag k="highway" v="service"/>
    <tag k="living_street" v="yes"/>
    <tag k="surface" v="asphalt"/>
  </way>
  <way id="1046497545" version="2" timestamp="2022-04-11T09:41:10Z" changeset="119569779" uid="12947635" user="Руслан Т">
    <nd ref="9623734861"/>
    <nd ref="9623734866"/>
    <nd ref="9623734865"/>
    <nd ref="9623734864"/>
    <nd ref="9623734863"/>
    <nd ref="9623734862"/>
    <tag k="highway" v="footway"/>
    <tag k="surface" v="paving_stones"/>
  </way>
  <way id="1046497546" version="2" timestamp="2022-04-11T09:41:10Z" changeset="119569779" uid="12947635" user="Руслан Т">
    <nd ref="9623734871"/>
    <nd ref="9623734870"/>
    <tag k="highway" v="footway"/>
    <tag k="surface" v="paving_stones"/>
  </way>
  <way id="1046497547" version="2" timestamp="2022-04-11T09:41:10Z" changeset="119569779" uid="12947635" user="Руслан Т">
    <nd ref="9623734873"/>
    <nd ref="9623734872"/>
    <tag k="highway" v="footway"/>
    <tag k="surface" v="paving_stones"/>
  </way>
  <way id="1046497548" version="2" timestamp="2022-04-11T09:41:10Z" changeset="119569779" uid="12947635" user="Руслан Т">
    <nd ref="9623734907"/>
    <nd ref="9623734900"/>
    <nd ref="9623734904"/>
    <nd ref="9623734901"/>
    <nd ref="9623734902"/>
    <nd ref="9623734906"/>
    <nd ref="9623734903"/>
    <nd ref="9623734905"/>
    <tag k="highway" v="footway"/>
    <tag k="surface" v="paving_stones"/>
  </way>
  <way id="1046497550" version="2" timestamp="2022-04-11T09:41:10Z" changeset="119569779" uid="12947635" user="Руслан Т">
    <nd ref="9623734888"/>
    <nd ref="9623734868"/>
    <nd ref="9623734887"/>
    <nd ref="9623734867"/>
    <nd ref="9623734869"/>
    <nd ref="9623734861"/>
    <nd ref="9623734870"/>
    <nd ref="9623734878"/>
    <nd ref="9623734880"/>
    <nd ref="9623734877"/>
    <nd ref="9623734879"/>
    <nd ref="9623734875"/>
    <nd ref="9623734886"/>
    <nd ref="9623734874"/>
    <nd ref="9623734876"/>
    <nd ref="9623734872"/>
    <nd ref="9623734884"/>
    <nd ref="9623734882"/>
    <nd ref="9623734862"/>
    <nd ref="9623734885"/>
    <nd ref="9623734881"/>
    <nd ref="9623734883"/>
    <nd ref="9623734900"/>
    <nd ref="9623752719"/>
    <nd ref="9623752720"/>
    <nd ref="9623752721"/>
    <nd ref="9623734916"/>
    <nd ref="9623734914"/>
    <nd ref="9623734915"/>
    <nd ref="9623752717"/>
    <nd ref="9623734909"/>
    <nd ref="9623752718"/>
    <tag k="highway" v="footway"/>
    <tag k="surface" v="paving_stones"/>
  </way>
  <way id="1046497551" version="2" timestamp="2022-04-11T09:41:10Z" changeset="119569779" uid="12947635" user="Руслан Т">
    <nd ref="9623752721"/>
    <nd ref="9623591076"/>
    <tag k="highway" v="footway"/>
    <tag k="surface" v="paving_stones"/>
  </way>
  <way id="1046528296" version="2" timestamp="2022-04-11T15:25:12Z" changeset="119584584" uid="12947635" user="Руслан Т">
    <nd ref="9623964701"/>
    <nd ref="9623964700"/>
    <tag k="highway" v="footway"/>
    <tag k="surface" v="paving_stones"/>
  </way>
  <way id="1046528297" version="2" timestamp="2022-04-11T15:25:12Z" changeset="119584584" uid="12947635" user="Руслан Т">
    <nd ref="9623964703"/>
    <nd ref="9623964702"/>
    <tag k="highway" v="footway"/>
    <tag k="surface" v="paving_stones"/>
  </way>
  <way id="1046528298" version="2" timestamp="2022-04-11T15:25:12Z" changeset="119584584" uid="12947635" user="Руслан Т">
    <nd ref="9623964705"/>
    <nd ref="9623964704"/>
    <tag k="highway" v="footway"/>
    <tag k="surface" v="paving_stones"/>
  </way>
  <way id="1046528299" version="2" timestamp="2022-04-11T15:25:12Z" changeset="119584584" uid="12947635" user="Руслан Т">
    <nd ref="9623964707"/>
    <nd ref="9623964706"/>
    <tag k="highway" v="footway"/>
    <tag k="surface" v="paving_stones"/>
  </way>
  <way id="1046528302" version="2" timestamp="2022-04-11T10:28:04Z" changeset="119571895" uid="12947635" user="Руслан Т">
    <nd ref="6924294522"/>
    <nd ref="6921830641"/>
    <nd ref="9623594861"/>
    <tag k="highway" v="footway"/>
    <tag k="surface" v="asphalt"/>
  </way>
  <way id="1046528324" version="2" timestamp="2022-04-11T11:18:59Z" changeset="119574104" uid="12947635" user="Руслан Т">
    <nd ref="2579250969"/>
    <nd ref="9623964683"/>
    <nd ref="9623989070"/>
    <nd ref="9623989068"/>
    <nd ref="2579250970"/>
    <nd ref="9623989067"/>
    <nd ref="9623989069"/>
    <nd ref="9623989071"/>
    <nd ref="9623964709"/>
    <nd ref="9623964708"/>
    <nd ref="6364187644"/>
    <nd ref="9623964706"/>
    <nd ref="9623964704"/>
    <nd ref="9623989062"/>
    <nd ref="2579250906"/>
    <nd ref="9623989061"/>
    <nd ref="9623964702"/>
    <nd ref="6924294543"/>
    <nd ref="9623989040"/>
    <nd ref="2579250892"/>
    <nd ref="2579250882"/>
    <nd ref="2579250878"/>
    <tag k="highway" v="service"/>
    <tag k="living_street" v="yes"/>
    <tag k="surface" v="asphalt"/>
  </way>
  <way id="1046528329" version="1" timestamp="2022-03-30T14:01:44Z" changeset="119118215" uid="12947635" user="Руслан Т">
    <nd ref="9623989145"/>
    <nd ref="9623989144"/>
    <nd ref="9623989143"/>
    <nd ref="9623989142"/>
    <nd ref="9623989145"/>
    <tag k="leisure" v="pitch"/>
    <tag k="sport" v="tennis"/>
  </way>
  <way id="1046528331" version="1" timestamp="2022-03-30T14:01:44Z" changeset="119118215" uid="12947635" user="Руслан Т">
    <nd ref="9623989188"/>
    <nd ref="9623989187"/>
    <nd ref="9623989186"/>
    <nd ref="9623989185"/>
    <nd ref="9623989188"/>
    <tag k="leisure" v="pitch"/>
    <tag k="sport" v="volleyball"/>
  </way>
  <way id="1046568179" version="3" timestamp="2025-01-24T15:10:32Z" changeset="161716375" uid="9465790" user="ZinaidaZ">
    <nd ref="6364187608"/>
    <nd ref="6364187609"/>
    <nd ref="6364187610"/>
    <nd ref="6364187611"/>
    <nd ref="9624311217"/>
    <tag k="barrier" v="fence"/>
  </way>
  <way id="1046568180" version="1" timestamp="2022-03-30T16:36:36Z" changeset="119124265" uid="12947635" user="Руслан Т">
    <nd ref="9624306089"/>
    <nd ref="9620994219"/>
    <nd ref="9620994218"/>
    <nd ref="9620994217"/>
    <nd ref="9620950016"/>
    <nd ref="9620950015"/>
    <nd ref="9620950014"/>
    <nd ref="9620950013"/>
    <nd ref="9620950011"/>
  </way>
  <way id="1046568181" version="1" timestamp="2022-03-30T16:36:36Z" changeset="119124265" uid="12947635" user="Руслан Т">
    <nd ref="9624306113"/>
    <nd ref="9620994223"/>
    <nd ref="9624306089"/>
  </way>
  <way id="1046568184" version="1" timestamp="2022-03-30T16:36:36Z" changeset="119124265" uid="12947635" user="Руслан Т">
    <nd ref="9624311217"/>
    <nd ref="9624306116"/>
    <nd ref="9624306115"/>
    <nd ref="9624306113"/>
  </way>
  <way id="1046568186" version="5" timestamp="2022-11-02T20:27:36Z" changeset="128409446" uid="12947635" user="Руслан Т">
    <nd ref="9624306089"/>
    <nd ref="9624306090"/>
    <nd ref="9624306088"/>
    <nd ref="9624306087"/>
    <nd ref="9658048917"/>
    <nd ref="9624306091"/>
    <nd ref="9624306086"/>
    <nd ref="9624306092"/>
    <nd ref="9658000016"/>
    <nd ref="9624306093"/>
    <nd ref="9624306094"/>
    <nd ref="9624306076"/>
    <nd ref="9624306075"/>
    <nd ref="9624306095"/>
    <nd ref="9624306096"/>
    <nd ref="9624306097"/>
    <nd ref="9624306098"/>
    <nd ref="9624306099"/>
    <nd ref="9624306077"/>
    <nd ref="9624306100"/>
    <nd ref="9624306101"/>
    <nd ref="9624306102"/>
    <nd ref="9624306103"/>
    <nd ref="9624306079"/>
    <nd ref="9624306078"/>
    <nd ref="9624306104"/>
    <nd ref="9624306105"/>
    <nd ref="9624306106"/>
    <nd ref="9624306107"/>
    <nd ref="9624306080"/>
    <nd ref="9624306108"/>
    <nd ref="9624306109"/>
    <nd ref="9624306081"/>
    <nd ref="9624306110"/>
    <nd ref="9624306111"/>
    <nd ref="9624306085"/>
    <nd ref="9624306082"/>
    <nd ref="9624306083"/>
    <nd ref="9624306112"/>
    <nd ref="9624306084"/>
    <nd ref="9624311229"/>
    <nd ref="9624306114"/>
    <nd ref="9624311233"/>
    <nd ref="9624311236"/>
    <nd ref="9624311234"/>
    <nd ref="9181974538"/>
    <nd ref="10017645105"/>
    <nd ref="10152470956"/>
    <nd ref="10152470957"/>
    <nd ref="10152470949"/>
    <nd ref="10152470950"/>
    <nd ref="10152470948"/>
    <nd ref="10152470951"/>
    <nd ref="10152470952"/>
    <nd ref="10152470953"/>
  </way>
  <way id="1050981865" version="1" timestamp="2022-04-11T09:41:10Z" changeset="119569779" uid="12947635" user="Руслан Т">
    <nd ref="9658000005"/>
    <nd ref="9658000008"/>
    <nd ref="9658000007"/>
    <nd ref="9658000013"/>
    <nd ref="9658000012"/>
    <nd ref="9658000011"/>
    <nd ref="9658000010"/>
    <nd ref="9658000009"/>
    <nd ref="9658000006"/>
    <nd ref="9658000004"/>
    <tag k="highway" v="footway"/>
    <tag k="surface" v="paving_stones"/>
  </way>
  <way id="1050981866" version="1" timestamp="2022-04-11T09:41:10Z" changeset="119569779" uid="12947635" user="Руслан Т">
    <nd ref="9658000015"/>
    <nd ref="9658000014"/>
    <tag k="highway" v="footway"/>
    <tag k="surface" v="paving_stones"/>
  </way>
  <way id="1050981867" version="1" timestamp="2022-04-11T09:41:10Z" changeset="119569779" uid="12947635" user="Руслан Т">
    <nd ref="9658048921"/>
    <nd ref="9658048920"/>
    <nd ref="9658048919"/>
    <nd ref="9658048918"/>
    <nd ref="9658048921"/>
    <tag k="amenity" v="parking"/>
    <tag k="parking" v="street_side"/>
  </way>
  <way id="1050981868" version="1" timestamp="2022-04-11T09:41:10Z" changeset="119569779" uid="12947635" user="Руслан Т">
    <nd ref="9658048925"/>
    <nd ref="9658048924"/>
    <nd ref="9658048923"/>
    <nd ref="9658048922"/>
    <nd ref="9658048925"/>
    <tag k="amenity" v="parking"/>
    <tag k="parking" v="street_side"/>
  </way>
  <way id="1050981869" version="1" timestamp="2022-04-11T09:41:10Z" changeset="119569779" uid="12947635" user="Руслан Т">
    <nd ref="9658048929"/>
    <nd ref="9658048928"/>
    <nd ref="9658048927"/>
    <nd ref="9658048926"/>
    <nd ref="9658048929"/>
    <tag k="amenity" v="parking"/>
    <tag k="parking" v="street_side"/>
  </way>
  <way id="1050981870" version="1" timestamp="2022-04-11T09:41:10Z" changeset="119569779" uid="12947635" user="Руслан Т">
    <nd ref="9658048933"/>
    <nd ref="9658048932"/>
    <nd ref="9658048931"/>
    <nd ref="9658048930"/>
    <nd ref="9658048933"/>
    <tag k="amenity" v="parking"/>
    <tag k="parking" v="street_side"/>
  </way>
  <way id="1050981871" version="1" timestamp="2022-04-11T09:41:10Z" changeset="119569779" uid="12947635" user="Руслан Т">
    <nd ref="9658048937"/>
    <nd ref="9658048936"/>
    <nd ref="9658048935"/>
    <nd ref="9658048934"/>
    <nd ref="9658048937"/>
    <tag k="amenity" v="parking"/>
    <tag k="parking" v="street_side"/>
  </way>
  <way id="1050981872" version="1" timestamp="2022-04-11T09:41:10Z" changeset="119569779" uid="12947635" user="Руслан Т">
    <nd ref="9658048941"/>
    <nd ref="9658048940"/>
    <nd ref="9658048939"/>
    <nd ref="9658048938"/>
    <nd ref="9658048941"/>
    <tag k="amenity" v="parking"/>
    <tag k="parking" v="street_side"/>
  </way>
  <way id="1050981877" version="1" timestamp="2022-04-11T09:41:10Z" changeset="119569779" uid="12947635" user="Руслан Т">
    <nd ref="9658048961"/>
    <nd ref="9658048960"/>
    <nd ref="9658048959"/>
    <nd ref="9658048958"/>
    <nd ref="9658048961"/>
    <tag k="amenity" v="parking"/>
    <tag k="parking" v="street_side"/>
  </way>
  <way id="1050981878" version="1" timestamp="2022-04-11T09:41:10Z" changeset="119569779" uid="12947635" user="Руслан Т">
    <nd ref="9658048965"/>
    <nd ref="9658048964"/>
    <nd ref="9658048963"/>
    <nd ref="9658048962"/>
    <nd ref="9658048965"/>
    <tag k="amenity" v="parking"/>
    <tag k="parking" v="street_side"/>
  </way>
  <way id="1050981879" version="1" timestamp="2022-04-11T09:41:10Z" changeset="119569779" uid="12947635" user="Руслан Т">
    <nd ref="9658048969"/>
    <nd ref="9658048968"/>
    <nd ref="9658048967"/>
    <nd ref="9658048966"/>
    <nd ref="9658048969"/>
    <tag k="amenity" v="parking"/>
    <tag k="parking" v="street_side"/>
  </way>
  <way id="1050981880" version="1" timestamp="2022-04-11T09:41:10Z" changeset="119569779" uid="12947635" user="Руслан Т">
    <nd ref="9658048973"/>
    <nd ref="9658048972"/>
    <nd ref="9658048971"/>
    <nd ref="9658048970"/>
    <nd ref="9658048973"/>
    <tag k="amenity" v="parking"/>
    <tag k="parking" v="street_side"/>
  </way>
  <way id="1050981881" version="1" timestamp="2022-04-11T09:41:10Z" changeset="119569779" uid="12947635" user="Руслан Т">
    <nd ref="9658048979"/>
    <nd ref="9658048975"/>
    <nd ref="9658048977"/>
    <nd ref="9658048974"/>
    <nd ref="9658048976"/>
    <nd ref="9658048978"/>
    <tag k="highway" v="footway"/>
    <tag k="surface" v="paving_stones"/>
  </way>
  <way id="1050981882" version="2" timestamp="2022-04-11T10:28:04Z" changeset="119571895" uid="12947635" user="Руслан Т">
    <nd ref="7205762717"/>
    <nd ref="7205762718"/>
    <nd ref="6364187601"/>
    <tag k="highway" v="service"/>
    <tag k="surface" v="asphalt"/>
  </way>
  <way id="1050992325" version="2" timestamp="2022-04-11T15:25:12Z" changeset="119584584" uid="12947635" user="Руслан Т">
    <nd ref="9623591080"/>
    <nd ref="9623964708"/>
    <tag k="highway" v="footway"/>
    <tag k="surface" v="paving_stones"/>
  </way>
  <way id="1050992327" version="1" timestamp="2022-04-11T10:28:04Z" changeset="119571895" uid="12947635" user="Руслан Т">
    <nd ref="9658152336"/>
    <nd ref="9658152339"/>
    <nd ref="9658152338"/>
    <nd ref="9658152337"/>
    <nd ref="9658152336"/>
    <tag k="leisure" v="playground"/>
  </way>
  <way id="1050992328" version="1" timestamp="2022-04-11T10:28:04Z" changeset="119571895" uid="12947635" user="Руслан Т">
    <nd ref="8578247478"/>
    <nd ref="8578247479"/>
  </way>
  <way id="1050992329" version="1" timestamp="2022-04-11T10:28:04Z" changeset="119571895" uid="12947635" user="Руслан Т">
    <nd ref="8578247479"/>
    <nd ref="9658152346"/>
    <nd ref="9658152345"/>
    <nd ref="9658152344"/>
    <nd ref="9658152343"/>
    <nd ref="9658152342"/>
    <nd ref="9658152341"/>
    <nd ref="9658152340"/>
    <nd ref="9658152347"/>
    <nd ref="9658152348"/>
    <nd ref="8578247478"/>
  </way>
  <way id="1050992330" version="1" timestamp="2022-04-11T10:28:04Z" changeset="119571895" uid="12947635" user="Руслан Т">
    <nd ref="9658152353"/>
    <nd ref="9658152349"/>
    <nd ref="9658152350"/>
    <nd ref="9658152351"/>
    <nd ref="9658152352"/>
    <nd ref="9658152356"/>
    <nd ref="9658152355"/>
    <nd ref="9658152354"/>
    <nd ref="9658152353"/>
    <tag k="leisure" v="playground"/>
  </way>
  <way id="1050992331" version="1" timestamp="2022-04-11T10:28:04Z" changeset="119571895" uid="12947635" user="Руслан Т">
    <nd ref="9658152373"/>
    <nd ref="9658152372"/>
    <nd ref="9658152371"/>
    <nd ref="9658152370"/>
    <nd ref="9658152369"/>
    <nd ref="9658152368"/>
    <nd ref="9658152357"/>
    <nd ref="9658152358"/>
    <nd ref="9658152359"/>
    <nd ref="9658152363"/>
    <nd ref="9658152364"/>
    <nd ref="9658152365"/>
    <nd ref="9658152366"/>
    <nd ref="9658152367"/>
    <nd ref="9658152362"/>
    <nd ref="9658152374"/>
    <nd ref="9658152361"/>
    <nd ref="9658152360"/>
    <nd ref="9658152373"/>
    <tag k="leisure" v="playground"/>
  </way>
  <way id="1050992332" version="1" timestamp="2022-04-11T10:28:04Z" changeset="119571895" uid="12947635" user="Руслан Т">
    <nd ref="8578247476"/>
    <nd ref="8578247477"/>
  </way>
  <way id="1050992333" version="1" timestamp="2022-04-11T10:28:04Z" changeset="119571895" uid="12947635" user="Руслан Т">
    <nd ref="8578247477"/>
    <nd ref="9658152375"/>
    <nd ref="9658152376"/>
    <nd ref="8578247476"/>
  </way>
  <way id="1050992334" version="1" timestamp="2022-04-11T10:28:04Z" changeset="119571895" uid="12947635" user="Руслан Т">
    <nd ref="9658152395"/>
    <nd ref="9658152394"/>
    <nd ref="9658152393"/>
    <nd ref="9658152392"/>
    <nd ref="9658152391"/>
    <nd ref="9658152390"/>
    <nd ref="9658152389"/>
    <nd ref="9658152377"/>
    <nd ref="9658152379"/>
    <nd ref="9658152378"/>
    <nd ref="9658152380"/>
    <nd ref="9658152381"/>
    <nd ref="9658152382"/>
    <nd ref="9658152383"/>
    <nd ref="9658152384"/>
    <nd ref="9658152385"/>
    <nd ref="9658152386"/>
    <nd ref="9658152387"/>
    <nd ref="9658152388"/>
    <nd ref="9658152395"/>
    <tag k="leisure" v="playground"/>
  </way>
  <way id="1050992335" version="1" timestamp="2022-04-11T10:28:04Z" changeset="119571895" uid="12947635" user="Руслан Т">
    <nd ref="9658152403"/>
    <nd ref="9658152402"/>
    <nd ref="9658152401"/>
    <nd ref="9658152400"/>
    <nd ref="9658152396"/>
    <nd ref="9658152399"/>
    <nd ref="9658152398"/>
    <nd ref="9658152397"/>
    <nd ref="9658152410"/>
    <nd ref="9658152409"/>
    <nd ref="9658152408"/>
    <nd ref="9658152407"/>
    <nd ref="9658152406"/>
    <nd ref="9658152405"/>
    <nd ref="9658152404"/>
    <nd ref="9658152403"/>
    <tag k="leisure" v="playground"/>
  </way>
  <way id="1050992337" version="1" timestamp="2022-04-11T10:28:04Z" changeset="119571895" uid="12947635" user="Руслан Т">
    <nd ref="9658152412"/>
    <nd ref="9658152411"/>
    <tag k="highway" v="footway"/>
    <tag k="surface" v="paving_stones"/>
  </way>
  <way id="1050992338" version="1" timestamp="2022-04-11T10:28:04Z" changeset="119571895" uid="12947635" user="Руслан Т">
    <nd ref="9658152414"/>
    <nd ref="9658152413"/>
    <tag k="highway" v="footway"/>
    <tag k="surface" v="paving_stones"/>
  </way>
  <way id="1050992339" version="2" timestamp="2022-04-11T13:04:08Z" changeset="119578833" uid="12947635" user="Руслан Т">
    <nd ref="9658152415"/>
    <nd ref="4897329091"/>
    <nd ref="9658152335"/>
    <tag k="highway" v="footway"/>
    <tag k="surface" v="asphalt"/>
  </way>
  <way id="1050992340" version="1" timestamp="2022-04-11T10:28:04Z" changeset="119571895" uid="12947635" user="Руслан Т">
    <nd ref="9658152417"/>
    <nd ref="9658152416"/>
    <tag k="highway" v="footway"/>
    <tag k="surface" v="paving_stones"/>
  </way>
  <way id="1050998039" version="1" timestamp="2022-04-11T10:49:14Z" changeset="119572831" uid="12947635" user="Руслан Т">
    <nd ref="9658152677"/>
    <nd ref="9658152671"/>
    <nd ref="9658152675"/>
  </way>
  <way id="1050998040" version="1" timestamp="2022-04-11T10:49:14Z" changeset="119572831" uid="12947635" user="Руслан Т">
    <nd ref="9658152676"/>
    <nd ref="9658152678"/>
  </way>
  <way id="1050998041" version="1" timestamp="2022-04-11T10:49:14Z" changeset="119572831" uid="12947635" user="Руслан Т">
    <nd ref="9658152674"/>
    <nd ref="9658152676"/>
  </way>
  <way id="1050998042" version="1" timestamp="2022-04-11T10:49:14Z" changeset="119572831" uid="12947635" user="Руслан Т">
    <nd ref="9658152679"/>
    <nd ref="6362250280"/>
    <nd ref="9658152677"/>
  </way>
  <way id="1050998043" version="1" timestamp="2022-04-11T10:49:14Z" changeset="119572831" uid="12947635" user="Руслан Т">
    <nd ref="9658152678"/>
    <nd ref="6362227433"/>
    <nd ref="6362227430"/>
    <nd ref="9658152672"/>
    <nd ref="9658152673"/>
    <nd ref="9658152679"/>
  </way>
  <way id="1050998044" version="1" timestamp="2022-04-11T10:49:14Z" changeset="119572831" uid="12947635" user="Руслан Т">
    <nd ref="9658152675"/>
    <nd ref="9658152674"/>
  </way>
  <way id="1050998045" version="1" timestamp="2022-04-11T10:49:14Z" changeset="119572831" uid="12947635" user="Руслан Т">
    <nd ref="9658152677"/>
    <nd ref="9658152676"/>
  </way>
  <way id="1050998046" version="1" timestamp="2022-04-11T10:49:14Z" changeset="119572831" uid="12947635" user="Руслан Т">
    <nd ref="9658152679"/>
    <nd ref="9658152678"/>
  </way>
  <way id="1051003723" version="1" timestamp="2022-04-11T11:18:59Z" changeset="119574104" uid="12947635" user="Руслан Т">
    <nd ref="9658248588"/>
    <nd ref="9658248587"/>
    <nd ref="9658248586"/>
    <nd ref="9658248585"/>
    <nd ref="9658248588"/>
    <tag k="amenity" v="parking"/>
    <tag k="parking" v="street_side"/>
  </way>
  <way id="1051003724" version="1" timestamp="2022-04-11T11:18:59Z" changeset="119574104" uid="12947635" user="Руслан Т">
    <nd ref="9658248592"/>
    <nd ref="9658248591"/>
    <nd ref="9658248590"/>
    <nd ref="9658248589"/>
    <nd ref="9658248592"/>
    <tag k="amenity" v="parking"/>
    <tag k="parking" v="street_side"/>
  </way>
  <way id="1051003725" version="1" timestamp="2022-04-11T11:18:59Z" changeset="119574104" uid="12947635" user="Руслан Т">
    <nd ref="9658248607"/>
    <nd ref="9658269517"/>
    <nd ref="9658269518"/>
    <nd ref="9658248604"/>
    <nd ref="9658248594"/>
    <nd ref="9658248595"/>
    <nd ref="9658248596"/>
    <nd ref="9658248597"/>
    <nd ref="9658248598"/>
    <nd ref="9658248599"/>
    <nd ref="9658248600"/>
    <nd ref="9658248601"/>
    <nd ref="9658248602"/>
    <nd ref="9658248603"/>
    <nd ref="9658248593"/>
    <nd ref="9658269520"/>
    <nd ref="9658269519"/>
    <nd ref="9658248616"/>
    <nd ref="9658248615"/>
    <nd ref="9658248614"/>
    <nd ref="9658248613"/>
    <nd ref="9658248612"/>
    <nd ref="9658248611"/>
    <nd ref="9658248610"/>
    <nd ref="9658248609"/>
    <nd ref="9658248608"/>
    <nd ref="9658248606"/>
    <nd ref="9658248605"/>
    <nd ref="9658248607"/>
    <tag k="amenity" v="parking"/>
    <tag k="parking" v="street_side"/>
  </way>
  <way id="1051003726" version="1" timestamp="2022-04-11T11:18:59Z" changeset="119574104" uid="12947635" user="Руслан Т">
    <nd ref="9658269524"/>
    <nd ref="9658269523"/>
    <nd ref="9658269522"/>
    <nd ref="9658269521"/>
    <nd ref="9658269524"/>
    <tag k="amenity" v="parking"/>
    <tag k="parking" v="street_side"/>
  </way>
  <way id="1051026770" version="1" timestamp="2022-04-11T13:04:08Z" changeset="119578833" uid="12947635" user="Руслан Т">
    <nd ref="9658499962"/>
    <nd ref="6359893460"/>
    <tag k="highway" v="footway"/>
    <tag k="surface" v="asphalt"/>
  </way>
  <way id="1051026771" version="1" timestamp="2022-04-11T13:04:08Z" changeset="119578833" uid="12947635" user="Руслан Т">
    <nd ref="9658499983"/>
    <nd ref="9658499982"/>
    <nd ref="9658499981"/>
    <nd ref="9658152335"/>
    <nd ref="9658499980"/>
    <nd ref="9658499979"/>
    <nd ref="9658499978"/>
    <nd ref="9658499972"/>
    <nd ref="9658499977"/>
    <nd ref="9658499976"/>
    <nd ref="9658499975"/>
    <nd ref="9658499974"/>
    <nd ref="9658499965"/>
    <nd ref="9658499973"/>
    <nd ref="9658499967"/>
    <nd ref="9658499966"/>
    <nd ref="9658499968"/>
    <nd ref="9658499964"/>
    <nd ref="9658499969"/>
    <nd ref="9658499970"/>
    <nd ref="9658499963"/>
    <nd ref="9658499971"/>
    <nd ref="9658499961"/>
    <nd ref="9658499962"/>
    <tag k="footway" v="sidewalk"/>
    <tag k="highway" v="footway"/>
    <tag k="surface" v="asphalt"/>
  </way>
  <way id="1051026772" version="1" timestamp="2022-04-11T13:04:08Z" changeset="119578833" uid="12947635" user="Руслан Т">
    <nd ref="9658499966"/>
    <nd ref="6359893459"/>
    <tag k="highway" v="footway"/>
    <tag k="surface" v="asphalt"/>
  </way>
  <way id="1051046140" version="1" timestamp="2022-04-11T14:31:33Z" changeset="119582230" uid="12947635" user="Руслан Т">
    <nd ref="8578247494"/>
    <nd ref="2956193234"/>
    <nd ref="6924294578"/>
    <nd ref="2956193233"/>
    <nd ref="6364187644"/>
    <tag k="highway" v="service"/>
    <tag k="living_street" v="yes"/>
    <tag k="surface" v="asphalt"/>
  </way>
  <way id="1051046143" version="1" timestamp="2022-04-11T14:31:33Z" changeset="119582230" uid="12947635" user="Руслан Т">
    <nd ref="9658666686"/>
    <nd ref="9658666685"/>
    <nd ref="9658666687"/>
    <tag k="highway" v="footway"/>
    <tag k="surface" v="asphalt"/>
  </way>
  <way id="1257918975" version="1" timestamp="2024-03-05T17:59:11Z" changeset="148262135" uid="3325011" user="SlavaValiev">
    <nd ref="11694663045"/>
    <nd ref="11694663046"/>
    <nd ref="11694663047"/>
    <nd ref="11694663048"/>
    <nd ref="11694663049"/>
    <nd ref="11694663050"/>
    <nd ref="11694663051"/>
    <nd ref="11694663052"/>
    <nd ref="11694663053"/>
    <nd ref="11694663045"/>
    <tag k="addr:housenumber" v="6"/>
    <tag k="addr:street" v="Нововатутинский проспект"/>
    <tag k="building" v="retail"/>
    <tag k="building:levels" v="3"/>
    <tag k="name" v="Лайнер"/>
  </way>
  <way id="1293830408" version="5" timestamp="2025-01-24T13:18:43Z" changeset="161712170" uid="9465790" user="ZinaidaZ">
    <nd ref="492419012"/>
    <nd ref="11993551159"/>
    <nd ref="11993560169"/>
    <nd ref="10809738252"/>
    <nd ref="11993551165"/>
    <nd ref="11993551158"/>
    <nd ref="12529290041"/>
    <nd ref="11993551167"/>
    <nd ref="12529277315"/>
    <nd ref="12288192154"/>
    <nd ref="11993551157"/>
    <nd ref="11993551160"/>
    <nd ref="11993551162"/>
    <nd ref="11993560170"/>
    <nd ref="11993551161"/>
    <nd ref="11993551164"/>
    <nd ref="12529290048"/>
    <nd ref="11993551163"/>
    <nd ref="11993551142"/>
    <tag k="highway" v="tertiary"/>
    <tag k="name" v="5-я Нововатутинская улица"/>
    <tag k="oneway" v="yes"/>
  </way>
  <way id="1294854145" version="1" timestamp="2024-06-21T22:13:41Z" changeset="153010454" uid="2055718" user="Bobropiton">
    <nd ref="492419012"/>
    <nd ref="6364700649"/>
    <nd ref="492419015"/>
    <tag k="highway" v="tertiary"/>
    <tag k="lanes" v="2"/>
    <tag k="lit" v="no"/>
    <tag k="maxspeed" v="60"/>
    <tag k="name" v="Чароитовая улица"/>
    <tag k="name:ru" v="Чароитовая улица"/>
    <tag k="surface" v="asphalt"/>
  </way>
  <way id="1328157789" version="1" timestamp="2024-10-25T14:02:57Z" changeset="158339415" uid="830106" user="literan">
    <nd ref="9623989178"/>
    <nd ref="6364187598"/>
    <nd ref="6364700646"/>
    <nd ref="9623989180"/>
    <nd ref="9623989179"/>
    <nd ref="6364700647"/>
    <nd ref="6364700648"/>
    <nd ref="6364700649"/>
    <tag k="construction" v="service"/>
    <tag k="highway" v="service"/>
  </way>
  <way id="1334364549" version="1" timestamp="2024-11-15T22:30:14Z" changeset="159189396" uid="2055718" user="Bobropiton">
    <nd ref="6921830641"/>
    <nd ref="10809738251"/>
    <nd ref="2956193130"/>
    <nd ref="9623591079"/>
    <nd ref="10809738250"/>
    <tag k="highway" v="tertiary"/>
    <tag k="lanes" v="4"/>
    <tag k="lit" v="yes"/>
    <tag k="name" v="Нововатутинский проспект"/>
    <tag k="name:ru" v="Нововатутинский проспект"/>
    <tag k="surface" v="asphalt"/>
  </way>
  <relation id="3227893" version="115" timestamp="2026-02-12T19:46:20Z" changeset="178473203" uid="2055718" user="Bobropiton">
    <member type="node" ref="9129021243" role="stop_entry_only"/>
    <member type="node" ref="9129021242" role="platform_entry_only"/>
    <member type="node" ref="10789292002" role="stop"/>
    <member type="node" ref="9098593830" role="platform"/>
    <member type="node" ref="10789338905" role="stop"/>
    <member type="node" ref="9098593824" role="platform"/>
    <member type="node" ref="10789338907" role="stop"/>
    <member type="node" ref="9098593828" role="platform"/>
    <member type="node" ref="10134903237" role="stop"/>
    <member type="node" ref="9098545016" role="platform"/>
    <member type="node" ref="7553691742" role="stop"/>
    <member type="node" ref="7553691743" role="platform"/>
    <member type="node" ref="6557343316" role="stop"/>
    <member type="node" ref="480312987" role="platform"/>
    <member type="node" ref="6557343315" role="stop"/>
    <member type="node" ref="915450537" role="platform"/>
    <member type="node" ref="6557343314" role="stop"/>
    <member type="node" ref="2471132941" role="platform"/>
    <member type="node" ref="12959324732" role="stop"/>
    <member type="node" ref="12959324733" role="platform"/>
    <member type="node" ref="4169258292" role="stop"/>
    <member type="node" ref="6557343312" role="platform"/>
    <member type="node" ref="6557343311" role="stop"/>
    <member type="node" ref="4056044469" role="platform"/>
    <member type="node" ref="8669788328" role="stop"/>
    <member type="node" ref="480313018" role="platform"/>
    <member type="node" ref="8669788411" role="stop"/>
    <member type="node" ref="5912797981" role="platform"/>
    <member type="node" ref="10794098224" role="stop"/>
    <member type="node" ref="480313081" role="platform"/>
    <member type="node" ref="10794098226" role="stop"/>
    <member type="node" ref="480313067" role="platform"/>
    <member type="node" ref="10794098228" role="stop"/>
    <member type="node" ref="480313055" role="platform"/>
    <member type="node" ref="10794098230" role="stop"/>
    <member type="node" ref="10794098235" role="platform"/>
    <member type="node" ref="10794098218" role="stop"/>
    <member type="node" ref="480313102" role="platform"/>
    <member type="node" ref="10794098217" role="stop"/>
    <member type="node" ref="9902119474" role="platform"/>
    <member type="node" ref="10808059011" role="stop"/>
    <member type="node" ref="10808059013" role="platform"/>
    <member type="node" ref="10808059014" role="stop"/>
    <member type="node" ref="9844655803" role="platform"/>
    <member type="node" ref="10808059016" role="stop"/>
    <member type="node" ref="837545840" role="platform"/>
    <member type="node" ref="10808059019" role="stop"/>
    <member type="node" ref="10808059021" role="platform"/>
    <member type="node" ref="10808059023" role="stop"/>
    <member type="node" ref="10808059025" role="platform"/>
    <member type="node" ref="10808059027" role="stop"/>
    <member type="node" ref="10808059028" role="platform"/>
    <member type="node" ref="10808059033" role="stop"/>
    <member type="node" ref="480177241" role="platform"/>
    <member type="node" ref="10808059009" role="stop"/>
    <member type="node" ref="480177232" role="platform"/>
    <member type="node" ref="10808059006" role="stop"/>
    <member type="node" ref="480177265" role="platform"/>
    <member type="node" ref="10808021301" role="stop"/>
    <member type="node" ref="480177262" role="platform"/>
    <member type="node" ref="11552598887" role="stop"/>
    <member type="node" ref="9967768632" role="platform"/>
    <member type="node" ref="11552598884" role="stop"/>
    <member type="node" ref="6364701388" role="platform"/>
    <member type="node" ref="10809738250" role="stop"/>
    <member type="node" ref="4897326899" role="platform"/>
    <member type="node" ref="10808021293" role="stop"/>
    <member type="node" ref="10808021294" role="platform"/>
    <member type="node" ref="10808021295" role="stop"/>
    <member type="node" ref="837545845" role="platform"/>
    <member type="node" ref="1489855876" role="stop"/>
    <member type="node" ref="837545860" role="platform"/>
    <member type="node" ref="6360266672" role="stop"/>
    <member type="node" ref="480251784" role="platform"/>
    <member type="node" ref="10808021271" role="stop"/>
    <member type="node" ref="480251871" role="platform"/>
    <member type="node" ref="10808021269" role="stop"/>
    <member type="node" ref="837545881" role="platform"/>
    <member type="node" ref="10808021265" role="stop"/>
    <member type="node" ref="6506513657" role="platform"/>
    <member type="node" ref="10808021261" role="stop"/>
    <member type="node" ref="605056368" role="platform"/>
    <member type="node" ref="10808021257" role="stop"/>
    <member type="node" ref="837545893" role="platform"/>
    <member type="node" ref="10809818209" role="stop"/>
    <member type="node" ref="837545891" role="platform"/>
    <member type="node" ref="10809818207" role="stop"/>
    <member type="node" ref="518639864" role="platform"/>
    <member type="node" ref="10809810097" role="stop"/>
    <member type="node" ref="538158905" role="platform"/>
    <member type="node" ref="10809810098" role="stop"/>
    <member type="node" ref="538158968" role="platform"/>
    <member type="node" ref="10809810100" role="stop"/>
    <member type="node" ref="1578737174" role="platform"/>
    <member type="node" ref="10809810093" role="stop"/>
    <member type="node" ref="10809810095" role="platform"/>
    <member type="node" ref="10809810090" role="stop"/>
    <member type="node" ref="538158972" role="platform"/>
    <member type="node" ref="10809810089" role="stop"/>
    <member type="node" ref="518639905" role="platform"/>
    <member type="node" ref="10809810086" role="stop"/>
    <member type="node" ref="544075376" role="platform"/>
    <member type="node" ref="10809810085" role="stop"/>
    <member type="node" ref="538159077" role="platform"/>
    <member type="node" ref="10809810076" role="stop"/>
    <member type="node" ref="10809810081" role="platform"/>
    <member type="node" ref="10809810074" role="stop"/>
    <member type="node" ref="5745017421" role="platform"/>
    <member type="node" ref="10809810072" role="stop"/>
    <member type="node" ref="2484610894" role="platform"/>
    <member type="node" ref="10809810073" role="stop"/>
    <member type="node" ref="544085554" role="platform"/>
    <member type="node" ref="12520831066" role="stop"/>
    <member type="node" ref="12520831067" role="platform"/>
    <member type="node" ref="10812242550" role="stop"/>
    <member type="node" ref="10812242551" role="platform"/>
    <member type="node" ref="10793520584" role="stop_exit_only"/>
    <member type="node" ref="10793520585" role="platform_exit_only"/>
    <member type="way" ref="984021699" role=""/>
    <member type="way" ref="699115619" role=""/>
    <member type="way" ref="699115626" role=""/>
    <member type="way" ref="983987407" role=""/>
    <member type="way" ref="973121555" role=""/>
    <member type="way" ref="983987403" role=""/>
    <member type="way" ref="983987404" role=""/>
    <member type="way" ref="549087644" role=""/>
    <member type="way" ref="1104951234" role=""/>
    <member type="way" ref="1107362041" role=""/>
    <member type="way" ref="1107362038" role=""/>
    <member type="way" ref="1107362040" role=""/>
    <member type="way" ref="1107362042" role=""/>
    <member type="way" ref="1107362043" role=""/>
    <member type="way" ref="1107362044" role=""/>
    <member type="way" ref="1107364347" role=""/>
    <member type="way" ref="1107364349" role=""/>
    <member type="way" ref="1107364350" role=""/>
    <member type="way" ref="1107364351" role=""/>
    <member type="way" ref="1107364352" role=""/>
    <member type="way" ref="495439390" role=""/>
    <member type="way" ref="1107364353" role=""/>
    <member type="way" ref="1107662174" role=""/>
    <member type="way" ref="1107662175" role=""/>
    <member type="way" ref="1107662749" role=""/>
    <member type="way" ref="667788290" role=""/>
    <member type="way" ref="1107671847" role=""/>
    <member type="way" ref="1107671848" role=""/>
    <member type="way" ref="1107671849" role=""/>
    <member type="way" ref="303993177" role=""/>
    <member type="way" ref="1317294045" role=""/>
    <member type="way" ref="549087643" role=""/>
    <member type="way" ref="1317294040" role=""/>
    <member type="way" ref="822434393" role=""/>
    <member type="way" ref="822434392" role=""/>
    <member type="way" ref="807974877" role=""/>
    <member type="way" ref="822137606" role=""/>
    <member type="way" ref="1109029962" role=""/>
    <member type="way" ref="1317294049" role=""/>
    <member type="way" ref="1317294048" role=""/>
    <member type="way" ref="1317294047" role=""/>
    <member type="way" ref="303993176" role=""/>
    <member type="way" ref="1109031562" role=""/>
    <member type="way" ref="1109031563" role=""/>
    <member type="way" ref="1109031564" role=""/>
    <member type="way" ref="1109031561" role=""/>
    <member type="way" ref="1109032858" role=""/>
    <member type="way" ref="275321623" role=""/>
    <member type="way" ref="25495479" role=""/>
    <member type="way" ref="1109041355" role=""/>
    <member type="way" ref="969849896" role=""/>
    <member type="way" ref="69022675" role=""/>
    <member type="way" ref="39977187" role=""/>
    <member type="way" ref="63565585" role=""/>
    <member type="way" ref="239308756" role=""/>
    <member type="way" ref="626297167" role=""/>
    <member type="way" ref="570153657" role=""/>
    <member type="way" ref="63102546" role=""/>
    <member type="way" ref="1110037519" role=""/>
    <member type="way" ref="1110037520" role=""/>
    <member type="way" ref="240550190" role=""/>
    <member type="way" ref="176502833" role=""/>
    <member type="way" ref="984016447" role=""/>
    <member type="way" ref="984016446" role=""/>
    <member type="way" ref="63095908" role=""/>
    <member type="way" ref="626297166" role=""/>
    <member type="way" ref="935560886" role=""/>
    <member type="way" ref="935560885" role=""/>
    <member type="way" ref="1263160218" role=""/>
    <member type="way" ref="626297165" role=""/>
    <member type="way" ref="292244449" role=""/>
    <member type="way" ref="292244450" role=""/>
    <member type="way" ref="1162550936" role=""/>
    <member type="way" ref="821400809" role=""/>
    <member type="way" ref="821400812" role=""/>
    <member type="way" ref="821400811" role=""/>
    <member type="way" ref="292244453" role=""/>
    <member type="way" ref="1053545702" role=""/>
    <member type="way" ref="864640425" role=""/>
    <member type="way" ref="1053546029" role=""/>
    <member type="way" ref="864640416" role=""/>
    <member type="way" ref="1073750095" role=""/>
    <member type="way" ref="816787499" role=""/>
    <member type="way" ref="816787498" role=""/>
    <member type="way" ref="99315307" role=""/>
    <member type="way" ref="1292112449" role=""/>
    <member type="way" ref="677575677" role=""/>
    <member type="way" ref="816787497" role=""/>
    <member type="way" ref="1292112450" role=""/>
    <member type="way" ref="1292112452" role=""/>
    <member type="way" ref="23973807" role=""/>
    <member type="way" ref="39514580" role=""/>
    <member type="way" ref="93848572" role=""/>
    <member type="way" ref="93848569" role=""/>
    <member type="way" ref="292243573" role=""/>
    <member type="way" ref="39514592" role=""/>
    <member type="way" ref="40083203" role=""/>
    <member type="way" ref="292243572" role=""/>
    <member type="way" ref="984001654" role=""/>
    <member type="way" ref="122521860" role=""/>
    <member type="way" ref="612354090" role=""/>
    <member type="way" ref="1162550933" role=""/>
    <member type="way" ref="47457538" role=""/>
    <member type="way" ref="717125699" role=""/>
    <member type="way" ref="717125703" role=""/>
    <member type="way" ref="679189908" role=""/>
    <member type="way" ref="1046197197" role=""/>
    <member type="way" ref="1163024462" role=""/>
    <member type="way" ref="243396961" role=""/>
    <member type="way" ref="679579561" role=""/>
    <member type="way" ref="679579556" role=""/>
    <member type="way" ref="679579558" role=""/>
    <member type="way" ref="1162320080" role=""/>
    <member type="way" ref="739518217" role=""/>
    <member type="way" ref="1334364549" role=""/>
    <member type="way" ref="739276999" role=""/>
    <member type="way" ref="243396963" role=""/>
    <member type="way" ref="289119557" role=""/>
    <member type="way" ref="879916859" role=""/>
    <member type="way" ref="879916858" role=""/>
    <member type="way" ref="492368083" role=""/>
    <member type="way" ref="1110116273" role=""/>
    <member type="way" ref="291298085" role=""/>
    <member type="way" ref="1393142810" role=""/>
    <member type="way" ref="240940895" role=""/>
    <member type="way" ref="432932615" role=""/>
    <member type="way" ref="547036723" role=""/>
    <member type="way" ref="700863292" role=""/>
    <member type="way" ref="514750929" role=""/>
    <member type="way" ref="620293601" role=""/>
    <member type="way" ref="1162327689" role=""/>
    <member type="way" ref="172083021" role=""/>
    <member type="way" ref="647890312" role=""/>
    <member type="way" ref="1092803964" role=""/>
    <member type="way" ref="600878208" role=""/>
    <member type="way" ref="45770180" role=""/>
    <member type="way" ref="610285454" role=""/>
    <member type="way" ref="47521028" role=""/>
    <member type="way" ref="610285455" role=""/>
    <member type="way" ref="48416388" role=""/>
    <member type="way" ref="1092803963" role=""/>
    <member type="way" ref="48416389" role=""/>
    <member type="way" ref="542071130" role=""/>
    <member type="way" ref="48416386" role=""/>
    <member type="way" ref="172083017" role=""/>
    <member type="way" ref="27950901" role=""/>
    <member type="way" ref="27945831" role=""/>
    <member type="way" ref="1163613385" role=""/>
    <member type="way" ref="1163613384" role=""/>
    <member type="way" ref="671916957" role=""/>
    <member type="way" ref="1353174964" role=""/>
    <member type="way" ref="1163613390" role=""/>
    <member type="way" ref="47521029" role=""/>
    <member type="way" ref="49055865" role=""/>
    <member type="way" ref="1353193817" role=""/>
    <member type="way" ref="1476960932" role=""/>
    <member type="way" ref="1476961725" role=""/>
    <member type="way" ref="1476961843" role=""/>
    <member type="way" ref="1476961800" role=""/>
    <member type="way" ref="1476961906" role=""/>
    <member type="way" ref="1476961979" role=""/>
    <member type="way" ref="1353193818" role=""/>
    <member type="way" ref="48491564" role=""/>
    <member type="way" ref="49055872" role=""/>
    <member type="way" ref="1353174966" role=""/>
    <member type="way" ref="49055871" role=""/>
    <member type="way" ref="27950594" role=""/>
    <member type="way" ref="83524117" role=""/>
    <member type="way" ref="229331272" role=""/>
    <member type="way" ref="27945815" role=""/>
    <member type="way" ref="1162327691" role=""/>
    <member type="way" ref="28042527" role=""/>
    <member type="way" ref="229332736" role=""/>
    <member type="way" ref="376687914" role=""/>
    <member type="way" ref="1162327690" role=""/>
    <member type="way" ref="83524117" role=""/>
    <member type="way" ref="27950594" role=""/>
    <member type="way" ref="49055871" role=""/>
    <member type="way" ref="1318907467" role=""/>
    <member type="way" ref="1353174965" role=""/>
    <member type="way" ref="27950675" role=""/>
    <member type="way" ref="40606292" role=""/>
    <member type="way" ref="47521030" role=""/>
    <member type="way" ref="1162581681" role=""/>
    <member type="way" ref="39516376" role=""/>
    <tag k="air_conditioning" v="yes"/>
    <tag k="bicycle" v="yes"/>
    <tag k="blind" v="limited"/>
    <tag k="bus_class:length" v="4"/>
    <tag k="charge:all-in-one" v="90 RUB"/>
    <tag k="charge:cards" v="83 RUB"/>
    <tag k="charge:sbp" v="83 RUB"/>
    <tag k="charge:troika" v="75 RUB"/>
    <tag k="charge:troika_qr" v="75 RUB"/>
    <tag k="check_date" v="2023-04-14"/>
    <tag k="colour" v="#ff9ad2"/>
    <tag k="deaf" v="yes"/>
    <tag k="description" v="Маршрут обслуживается электробусами"/>
    <tag k="electric_bus" v="yes"/>
    <tag k="electric_bus:type" v="OC"/>
    <tag k="fee" v="yes"/>
    <tag k="fine:ticketless" v="5000 RUB"/>
    <tag k="from" v="Метро «Филатов луг»"/>
    <tag k="name" v="Автобус с156: Метро «Филатов луг» =&gt; Троицк (микрорайон «В»)"/>
    <tag k="network" v="Московский транспорт"/>
    <tag k="operator" v="ГУП «Мосгортранс»"/>
    <tag k="payment:cards" v="yes"/>
    <tag k="payment:cash" v="no"/>
    <tag k="payment:contactless" v="yes"/>
    <tag k="payment:maestro" v="no"/>
    <tag k="payment:mastercard" v="no"/>
    <tag k="payment:mir" v="yes"/>
    <tag k="payment:nfc" v="yes"/>
    <tag k="payment:podorozhnik" v="no"/>
    <tag k="payment:sbp" v="yes"/>
    <tag k="payment:social_cards" v="yes"/>
    <tag k="payment:strelka" v="no"/>
    <tag k="payment:troika" v="yes"/>
    <tag k="payment:visa" v="no"/>
    <tag k="public_transport:version" v="2"/>
    <tag k="ref" v="с156"/>
    <tag k="route" v="bus"/>
    <tag k="source" v="Реестр маршрутов города Москвы"/>
    <tag k="source:description" v="https://mosgortrans.ru/electrobus/map/"/>
    <tag k="to" v="Троицк (микрорайон «В»)"/>
    <tag k="type" v="route"/>
    <tag k="website" v="https://transport.mos.ru/transport/schedule/route/141503975"/>
    <tag k="wheelchair" v="yes"/>
  </relation>
  <relation id="3227894" version="124" timestamp="2026-02-12T19:46:20Z" changeset="178473203" uid="2055718" user="Bobropiton">
    <member type="node" ref="10812242546" role="stop_entry_only"/>
    <member type="node" ref="10812242547" role="platform_entry_only"/>
    <member type="node" ref="10812242548" role="stop"/>
    <member type="node" ref="10812242549" role="platform"/>
    <member type="node" ref="12520831064" role="stop"/>
    <member type="node" ref="12520831065" role="platform"/>
    <member type="node" ref="10809810074" role="stop"/>
    <member type="node" ref="5745017421" role="platform"/>
    <member type="node" ref="10809810072" role="stop"/>
    <member type="node" ref="2484610894" role="platform"/>
    <member type="node" ref="10809810073" role="stop"/>
    <member type="node" ref="544085554" role="platform"/>
    <member type="node" ref="10809810075" role="stop"/>
    <member type="node" ref="10809810077" role="platform"/>
    <member type="node" ref="10809810082" role="stop"/>
    <member type="node" ref="10809810083" role="platform"/>
    <member type="node" ref="10809810084" role="stop"/>
    <member type="node" ref="544079505" role="platform"/>
    <member type="node" ref="10809810087" role="stop"/>
    <member type="node" ref="544075107" role="platform"/>
    <member type="node" ref="10809810088" role="stop"/>
    <member type="node" ref="518639902" role="platform"/>
    <member type="node" ref="10809810091" role="stop"/>
    <member type="node" ref="538158973" role="platform"/>
    <member type="node" ref="10809810092" role="stop"/>
    <member type="node" ref="10809810094" role="platform"/>
    <member type="node" ref="10809810101" role="stop"/>
    <member type="node" ref="1578737175" role="platform"/>
    <member type="node" ref="10809810099" role="stop"/>
    <member type="node" ref="538158971" role="platform"/>
    <member type="node" ref="10809810096" role="stop"/>
    <member type="node" ref="538158939" role="platform"/>
    <member type="node" ref="10809818208" role="stop"/>
    <member type="node" ref="518639878" role="platform"/>
    <member type="node" ref="10809818205" role="stop"/>
    <member type="node" ref="837545890" role="platform"/>
    <member type="node" ref="9498015454" role="stop"/>
    <member type="node" ref="837545892" role="platform"/>
    <member type="node" ref="10808021258" role="stop"/>
    <member type="node" ref="837545868" role="platform"/>
    <member type="node" ref="10808021262" role="stop"/>
    <member type="node" ref="605056373" role="platform"/>
    <member type="node" ref="10808021266" role="stop"/>
    <member type="node" ref="6506513658" role="platform"/>
    <member type="node" ref="10808021270" role="stop"/>
    <member type="node" ref="837545883" role="platform"/>
    <member type="node" ref="10808021272" role="stop"/>
    <member type="node" ref="6555532853" role="platform"/>
    <member type="node" ref="6360266679" role="stop"/>
    <member type="node" ref="4318594809" role="platform"/>
    <member type="node" ref="5028284444" role="stop"/>
    <member type="node" ref="837545861" role="platform"/>
    <member type="node" ref="10808021296" role="stop"/>
    <member type="node" ref="837545863" role="platform"/>
    <member type="node" ref="10808021297" role="stop"/>
    <member type="node" ref="5966308987" role="platform"/>
    <member type="node" ref="10808021292" role="stop"/>
    <member type="node" ref="6364701387" role="platform"/>
    <member type="node" ref="10809738251" role="stop"/>
    <member type="node" ref="4897326902" role="platform"/>
    <member type="node" ref="10809738249" role="stop"/>
    <member type="node" ref="2956193294" role="platform"/>
    <member type="node" ref="11552598885" role="stop"/>
    <member type="node" ref="10892402351" role="platform"/>
    <member type="node" ref="11552598886" role="stop"/>
    <member type="node" ref="9967768633" role="platform"/>
    <member type="node" ref="10808021300" role="stop"/>
    <member type="node" ref="480177259" role="platform"/>
    <member type="node" ref="10808059007" role="stop"/>
    <member type="node" ref="10808059008" role="platform"/>
    <member type="node" ref="10808059010" role="stop"/>
    <member type="node" ref="480177235" role="platform"/>
    <member type="node" ref="10808059032" role="stop"/>
    <member type="node" ref="480177238" role="platform"/>
    <member type="node" ref="10808059031" role="stop"/>
    <member type="node" ref="1494585925" role="platform"/>
    <member type="node" ref="10808059030" role="stop"/>
    <member type="node" ref="1117490305" role="platform"/>
    <member type="node" ref="10808059034" role="stop"/>
    <member type="node" ref="1106615111" role="platform"/>
    <member type="node" ref="11978432743" role="stop"/>
    <member type="node" ref="11978432744" role="platform"/>
    <member type="node" ref="10808059026" role="stop"/>
    <member type="node" ref="10808059029" role="platform"/>
    <member type="node" ref="10808059022" role="stop"/>
    <member type="node" ref="10808059024" role="platform"/>
    <member type="node" ref="10808059018" role="stop"/>
    <member type="node" ref="10808059020" role="platform"/>
    <member type="node" ref="10808059017" role="stop"/>
    <member type="node" ref="2471258813" role="platform"/>
    <member type="node" ref="10808059015" role="stop"/>
    <member type="node" ref="9844655797" role="platform"/>
    <member type="node" ref="10808059012" role="stop"/>
    <member type="node" ref="9995572266" role="platform"/>
    <member type="node" ref="10794098216" role="stop"/>
    <member type="node" ref="480313124" role="platform"/>
    <member type="node" ref="10794098219" role="stop"/>
    <member type="node" ref="480313094" role="platform"/>
    <member type="node" ref="10794098229" role="stop"/>
    <member type="node" ref="480313116" role="platform"/>
    <member type="node" ref="10794098227" role="stop"/>
    <member type="node" ref="480313062" role="platform"/>
    <member type="node" ref="10794098225" role="stop"/>
    <member type="node" ref="837545818" role="platform"/>
    <member type="node" ref="10794098222" role="stop"/>
    <member type="node" ref="480313075" role="platform"/>
    <member type="node" ref="8669788410" role="stop"/>
    <member type="node" ref="5912798091" role="platform"/>
    <member type="node" ref="8669788327" role="stop"/>
    <member type="node" ref="480313010" role="platform"/>
    <member type="node" ref="7553691748" role="stop"/>
    <member type="node" ref="4056044428" role="platform"/>
    <member type="node" ref="5912798093" role="stop"/>
    <member type="node" ref="1920063073" role="platform"/>
    <member type="node" ref="7553691747" role="stop"/>
    <member type="node" ref="2471132943" role="platform"/>
    <member type="node" ref="7553691746" role="stop"/>
    <member type="node" ref="1868482057" role="platform"/>
    <member type="node" ref="7553691745" role="stop"/>
    <member type="node" ref="2471132940" role="platform"/>
    <member type="node" ref="10147488188" role="stop"/>
    <member type="node" ref="6252784620" role="platform"/>
    <member type="node" ref="6252784617" role="stop"/>
    <member type="node" ref="6252784619" role="platform"/>
    <member type="node" ref="9098236166" role="stop"/>
    <member type="node" ref="9098236167" role="platform"/>
    <member type="node" ref="10789338906" role="stop"/>
    <member type="node" ref="9098593825" role="platform"/>
    <member type="node" ref="10789292004" role="stop"/>
    <member type="node" ref="9098593819" role="platform"/>
    <member type="node" ref="10789292003" role="stop"/>
    <member type="node" ref="9098593829" role="platform"/>
    <member type="node" ref="9129021243" role="stop_exit_only"/>
    <member type="node" ref="9129021242" role="platform_exit_only"/>
    <member type="way" ref="47521030" role=""/>
    <member type="way" ref="40606292" role=""/>
    <member type="way" ref="27950675" role=""/>
    <member type="way" ref="1353174965" role=""/>
    <member type="way" ref="1318907467" role=""/>
    <member type="way" ref="49055871" role=""/>
    <member type="way" ref="27950594" role=""/>
    <member type="way" ref="83524117" role=""/>
    <member type="way" ref="229331272" role=""/>
    <member type="way" ref="27945815" role=""/>
    <member type="way" ref="1162327691" role=""/>
    <member type="way" ref="28042527" role=""/>
    <member type="way" ref="229332736" role=""/>
    <member type="way" ref="376687914" role=""/>
    <member type="way" ref="1162327690" role=""/>
    <member type="way" ref="83524117" role=""/>
    <member type="way" ref="27950594" role=""/>
    <member type="way" ref="49055871" role=""/>
    <member type="way" ref="1353174966" role=""/>
    <member type="way" ref="49055872" role=""/>
    <member type="way" ref="48491564" role=""/>
    <member type="way" ref="1353193818" role=""/>
    <member type="way" ref="1476961979" role=""/>
    <member type="way" ref="1476961906" role=""/>
    <member type="way" ref="1476961800" role=""/>
    <member type="way" ref="1476961843" role=""/>
    <member type="way" ref="1476961725" role=""/>
    <member type="way" ref="1476960932" role=""/>
    <member type="way" ref="1353193817" role=""/>
    <member type="way" ref="49055865" role=""/>
    <member type="way" ref="47521029" role=""/>
    <member type="way" ref="671916959" role=""/>
    <member type="way" ref="1353174958" role=""/>
    <member type="way" ref="1353174959" role=""/>
    <member type="way" ref="1353174960" role=""/>
    <member type="way" ref="1353174961" role=""/>
    <member type="way" ref="1353174962" role=""/>
    <member type="way" ref="1163613388" role=""/>
    <member type="way" ref="1163613384" role=""/>
    <member type="way" ref="1163613385" role=""/>
    <member type="way" ref="27945831" role=""/>
    <member type="way" ref="27950901" role=""/>
    <member type="way" ref="610897240" role=""/>
    <member type="way" ref="541951533" role=""/>
    <member type="way" ref="541951534" role=""/>
    <member type="way" ref="1163495668" role=""/>
    <member type="way" ref="541747581" role=""/>
    <member type="way" ref="722151457" role=""/>
    <member type="way" ref="1163495672" role=""/>
    <member type="way" ref="722151458" role=""/>
    <member type="way" ref="722151465" role=""/>
    <member type="way" ref="612908902" role=""/>
    <member type="way" ref="1092803963" role=""/>
    <member type="way" ref="48416388" role=""/>
    <member type="way" ref="610285455" role=""/>
    <member type="way" ref="47521028" role=""/>
    <member type="way" ref="610285454" role=""/>
    <member type="way" ref="45770180" role=""/>
    <member type="way" ref="600878208" role=""/>
    <member type="way" ref="541749840" role=""/>
    <member type="way" ref="600878203" role=""/>
    <member type="way" ref="1163495660" role=""/>
    <member type="way" ref="541749842" role=""/>
    <member type="way" ref="600878204" role=""/>
    <member type="way" ref="600878207" role=""/>
    <member type="way" ref="514750931" role=""/>
    <member type="way" ref="514750932" role=""/>
    <member type="way" ref="1162849703" role=""/>
    <member type="way" ref="547036722" role=""/>
    <member type="way" ref="609051288" role=""/>
    <member type="way" ref="514750933" role=""/>
    <member type="way" ref="1162550934" role=""/>
    <member type="way" ref="679196246" role=""/>
    <member type="way" ref="1162550932" role=""/>
    <member type="way" ref="1162550933" role=""/>
    <member type="way" ref="47457538" role=""/>
    <member type="way" ref="717125700" role=""/>
    <member type="way" ref="609051286" role=""/>
    <member type="way" ref="609051287" role=""/>
    <member type="way" ref="492368083" role=""/>
    <member type="way" ref="879916858" role=""/>
    <member type="way" ref="879916859" role=""/>
    <member type="way" ref="243396959" role=""/>
    <member type="way" ref="243396963" role=""/>
    <member type="way" ref="243396960" role=""/>
    <member type="way" ref="1334364549" role=""/>
    <member type="way" ref="739518217" role=""/>
    <member type="way" ref="1162320080" role=""/>
    <member type="way" ref="679579559" role=""/>
    <member type="way" ref="679579556" role=""/>
    <member type="way" ref="1163024463" role=""/>
    <member type="way" ref="243396961" role=""/>
    <member type="way" ref="1163024462" role=""/>
    <member type="way" ref="1046197197" role=""/>
    <member type="way" ref="679189908" role=""/>
    <member type="way" ref="717125703" role=""/>
    <member type="way" ref="717125699" role=""/>
    <member type="way" ref="717125701" role=""/>
    <member type="way" ref="1162550934" role=""/>
    <member type="way" ref="679196246" role=""/>
    <member type="way" ref="541682422" role=""/>
    <member type="way" ref="122521860" role=""/>
    <member type="way" ref="984001654" role=""/>
    <member type="way" ref="292243572" role=""/>
    <member type="way" ref="40083203" role=""/>
    <member type="way" ref="39514592" role=""/>
    <member type="way" ref="292243573" role=""/>
    <member type="way" ref="93848569" role=""/>
    <member type="way" ref="93848572" role=""/>
    <member type="way" ref="23973812" role=""/>
    <member type="way" ref="239330462" role=""/>
    <member type="way" ref="239330460" role=""/>
    <member type="way" ref="541518491" role=""/>
    <member type="way" ref="541334132" role=""/>
    <member type="way" ref="541518490" role=""/>
    <member type="way" ref="553904343" role=""/>
    <member type="way" ref="1167769215" role=""/>
    <member type="way" ref="1292112464" role=""/>
    <member type="way" ref="462031977" role=""/>
    <member type="way" ref="1292112465" role=""/>
    <member type="way" ref="607816245" role=""/>
    <member type="way" ref="607816243" role=""/>
    <member type="way" ref="48803781" role=""/>
    <member type="way" ref="155879858" role=""/>
    <member type="way" ref="1292112454" role=""/>
    <member type="way" ref="1292112453" role=""/>
    <member type="way" ref="53585407" role=""/>
    <member type="way" ref="608467183" role=""/>
    <member type="way" ref="816787496" role=""/>
    <member type="way" ref="1292112451" role=""/>
    <member type="way" ref="677575677" role=""/>
    <member type="way" ref="1292112449" role=""/>
    <member type="way" ref="99315307" role=""/>
    <member type="way" ref="816787498" role=""/>
    <member type="way" ref="816787499" role=""/>
    <member type="way" ref="1073750095" role=""/>
    <member type="way" ref="864640422" role=""/>
    <member type="way" ref="884628000" role=""/>
    <member type="way" ref="1054641482" role=""/>
    <member type="way" ref="677575676" role=""/>
    <member type="way" ref="816436556" role=""/>
    <member type="way" ref="1162550929" role=""/>
    <member type="way" ref="1162550930" role=""/>
    <member type="way" ref="1162550936" role=""/>
    <member type="way" ref="292244450" role=""/>
    <member type="way" ref="292244449" role=""/>
    <member type="way" ref="626297165" role=""/>
    <member type="way" ref="1263160218" role=""/>
    <member type="way" ref="935560885" role=""/>
    <member type="way" ref="935560886" role=""/>
    <member type="way" ref="626297166" role=""/>
    <member type="way" ref="63095908" role=""/>
    <member type="way" ref="984016446" role=""/>
    <member type="way" ref="984016447" role=""/>
    <member type="way" ref="176502833" role=""/>
    <member type="way" ref="240550190" role=""/>
    <member type="way" ref="1110037520" role=""/>
    <member type="way" ref="1110037519" role=""/>
    <member type="way" ref="63102546" role=""/>
    <member type="way" ref="402349847" role=""/>
    <member type="way" ref="239308756" role=""/>
    <member type="way" ref="239314387" role=""/>
    <member type="way" ref="1110031254" role=""/>
    <member type="way" ref="1110031255" role=""/>
    <member type="way" ref="414016069" role=""/>
    <member type="way" ref="25495504" role=""/>
    <member type="way" ref="1109226895" role=""/>
    <member type="way" ref="1109226896" role=""/>
    <member type="way" ref="63565452" role=""/>
    <member type="way" ref="969849894" role=""/>
    <member type="way" ref="69022671" role=""/>
    <member type="way" ref="718422390" role=""/>
    <member type="way" ref="275321621" role=""/>
    <member type="way" ref="303993174" role=""/>
    <member type="way" ref="303993182" role=""/>
    <member type="way" ref="1109035248" role=""/>
    <member type="way" ref="738601268" role=""/>
    <member type="way" ref="1317294044" role=""/>
    <member type="way" ref="303993177" role=""/>
    <member type="way" ref="1107671849" role=""/>
    <member type="way" ref="1107671848" role=""/>
    <member type="way" ref="1107671847" role=""/>
    <member type="way" ref="667788290" role=""/>
    <member type="way" ref="1107662749" role=""/>
    <member type="way" ref="1107662175" role=""/>
    <member type="way" ref="1107662174" role=""/>
    <member type="way" ref="1107364353" role=""/>
    <member type="way" ref="495439390" role=""/>
    <member type="way" ref="1107364352" role=""/>
    <member type="way" ref="1107364351" role=""/>
    <member type="way" ref="1107364350" role=""/>
    <member type="way" ref="1107364349" role=""/>
    <member type="way" ref="1107364347" role=""/>
    <member type="way" ref="1107362044" role=""/>
    <member type="way" ref="1107362043" role=""/>
    <member type="way" ref="1107362042" role=""/>
    <member type="way" ref="1107362040" role=""/>
    <member type="way" ref="1107362038" role=""/>
    <member type="way" ref="1107362041" role=""/>
    <member type="way" ref="1104951234" role=""/>
    <member type="way" ref="549087644" role=""/>
    <member type="way" ref="983987404" role=""/>
    <member type="way" ref="973121557" role=""/>
    <member type="way" ref="983987405" role=""/>
    <member type="way" ref="699115626" role=""/>
    <member type="way" ref="699115619" role=""/>
    <member type="way" ref="987649920" role=""/>
    <tag k="air_conditioning" v="yes"/>
    <tag k="bicycle" v="yes"/>
    <tag k="blind" v="limited"/>
    <tag k="bus_class:length" v="4"/>
    <tag k="charge:all-in-one" v="90 RUB"/>
    <tag k="charge:cards" v="83 RUB"/>
    <tag k="charge:sbp" v="83 RUB"/>
    <tag k="charge:troika" v="75 RUB"/>
    <tag k="charge:troika_qr" v="75 RUB"/>
    <tag k="check_date" v="2023-04-14"/>
    <tag k="colour" v="#ff9ad2"/>
    <tag k="deaf" v="yes"/>
    <tag k="description" v="Маршрут обслуживается электробусами"/>
    <tag k="electric_bus" v="yes"/>
    <tag k="electric_bus:type" v="OC"/>
    <tag k="fee" v="yes"/>
    <tag k="fine:ticketless" v="5000 RUB"/>
    <tag k="from" v="Троицк (микрорайон «В»)"/>
    <tag k="name" v="Автобус с156: Троицк (микрорайон «В») =&gt; Метро «Филатов луг»"/>
    <tag k="network" v="Московский транспорт"/>
    <tag k="operator" v="ГУП «Мосгортранс»"/>
    <tag k="payment:cards" v="yes"/>
    <tag k="payment:cash" v="no"/>
    <tag k="payment:contactless" v="yes"/>
    <tag k="payment:maestro" v="no"/>
    <tag k="payment:mastercard" v="no"/>
    <tag k="payment:mir" v="yes"/>
    <tag k="payment:nfc" v="yes"/>
    <tag k="payment:podorozhnik" v="no"/>
    <tag k="payment:sbp" v="yes"/>
    <tag k="payment:social_cards" v="yes"/>
    <tag k="payment:strelka" v="no"/>
    <tag k="payment:troika" v="yes"/>
    <tag k="payment:visa" v="no"/>
    <tag k="public_transport:version" v="2"/>
    <tag k="ref" v="с156"/>
    <tag k="route" v="bus"/>
    <tag k="source" v="Реестр маршрутов города Москвы"/>
    <tag k="source:description" v="https://mosgortrans.ru/electrobus/map/"/>
    <tag k="to" v="Метро «Филатов луг»"/>
    <tag k="type" v="route"/>
    <tag k="website" v="https://transport.mos.ru/transport/schedule/route/141503975"/>
    <tag k="wheelchair" v="yes"/>
  </relation>
  <relation id="3251266" version="82" timestamp="2026-05-26T14:01:24Z" changeset="183210436" uid="23926472" user="Максим Баранаускас">
    <member type="node" ref="10793520583" role="stop_entry_only"/>
    <member type="node" ref="473397682" role="platform_entry_only"/>
    <member type="node" ref="10808021255" role="stop"/>
    <member type="node" ref="844617499" role="platform"/>
    <member type="node" ref="10808021259" role="stop"/>
    <member type="node" ref="2471258811" role="platform"/>
    <member type="node" ref="10808021261" role="stop"/>
    <member type="node" ref="605056368" role="platform"/>
    <member type="node" ref="10808021257" role="stop"/>
    <member type="node" ref="837545893" role="platform"/>
    <member type="node" ref="10809818211" role="stop"/>
    <member type="node" ref="8294200463" role="platform"/>
    <member type="node" ref="10814900241" role="stop"/>
    <member type="node" ref="8294200435" role="platform"/>
    <member type="node" ref="10814900243" role="stop"/>
    <member type="node" ref="8294196601" role="platform"/>
    <member type="node" ref="10814900246" role="stop"/>
    <member type="node" ref="8294196596" role="platform"/>
    <member type="node" ref="10814900262" role="stop"/>
    <member type="node" ref="8294196561" role="platform"/>
    <member type="node" ref="10814900254" role="stop"/>
    <member type="node" ref="10814900259" role="platform"/>
    <member type="node" ref="10814900256" role="stop"/>
    <member type="node" ref="10814900257" role="platform"/>
    <member type="node" ref="10814900255" role="stop"/>
    <member type="node" ref="10814900258" role="platform"/>
    <member type="node" ref="10814900253" role="stop"/>
    <member type="node" ref="10814900260" role="platform"/>
    <member type="node" ref="10814900261" role="stop"/>
    <member type="node" ref="8294196560" role="platform"/>
    <member type="node" ref="10814900264" role="stop"/>
    <member type="node" ref="2377937618" role="platform"/>
    <member type="node" ref="10814900251" role="stop"/>
    <member type="node" ref="3465460017" role="platform"/>
    <member type="node" ref="10814900247" role="stop"/>
    <member type="node" ref="10814900250" role="platform"/>
    <member type="node" ref="10808021285" role="stop"/>
    <member type="node" ref="2486253045" role="platform"/>
    <member type="node" ref="10808021288" role="stop"/>
    <member type="node" ref="10808021290" role="platform"/>
    <member type="node" ref="10808021296" role="stop"/>
    <member type="node" ref="837545863" role="platform"/>
    <member type="node" ref="10808021297" role="stop"/>
    <member type="node" ref="5966308987" role="platform"/>
    <member type="node" ref="10808021298" role="stop"/>
    <member type="node" ref="6924294544" role="platform"/>
    <member type="node" ref="10808021292" role="stop"/>
    <member type="node" ref="6364701387" role="platform"/>
    <member type="node" ref="10809738251" role="stop"/>
    <member type="node" ref="4897326902" role="platform"/>
    <member type="node" ref="10809738249" role="stop"/>
    <member type="node" ref="2956193294" role="platform"/>
    <member type="way" ref="45774239" role=""/>
    <member type="way" ref="1160529460" role=""/>
    <member type="way" ref="1370365064" role=""/>
    <member type="way" ref="1370365063" role=""/>
    <member type="way" ref="1167451621" role=""/>
    <member type="way" ref="1207244996" role=""/>
    <member type="way" ref="27950684" role=""/>
    <member type="way" ref="502708480" role=""/>
    <member type="way" ref="1163497944" role=""/>
    <member type="way" ref="40421173" role=""/>
    <member type="way" ref="968744060" role=""/>
    <member type="way" ref="610285453" role=""/>
    <member type="way" ref="47521028" role=""/>
    <member type="way" ref="610285455" role=""/>
    <member type="way" ref="48416388" role=""/>
    <member type="way" ref="1092803963" role=""/>
    <member type="way" ref="612908902" role=""/>
    <member type="way" ref="722151465" role=""/>
    <member type="way" ref="1163495673" role=""/>
    <member type="way" ref="1163495674" role=""/>
    <member type="way" ref="1207207251" role=""/>
    <member type="way" ref="968922020" role=""/>
    <member type="way" ref="892392882" role=""/>
    <member type="way" ref="722151464" role=""/>
    <member type="way" ref="936775139" role=""/>
    <member type="way" ref="936775140" role=""/>
    <member type="way" ref="936775092" role=""/>
    <member type="way" ref="739157414" role=""/>
    <member type="way" ref="1162849707" role=""/>
    <member type="way" ref="48792297" role=""/>
    <member type="way" ref="956402884" role=""/>
    <member type="way" ref="1162849709" role=""/>
    <member type="way" ref="48792297" role=""/>
    <member type="way" ref="739157415" role=""/>
    <member type="way" ref="1522718404" role=""/>
    <member type="way" ref="1162849706" role=""/>
    <member type="way" ref="1162849705" role=""/>
    <member type="way" ref="1390252570" role=""/>
    <member type="way" ref="1390252571" role=""/>
    <member type="way" ref="159523933" role=""/>
    <member type="way" ref="159523933" role=""/>
    <member type="way" ref="1390252571" role=""/>
    <member type="way" ref="1390252570" role=""/>
    <member type="way" ref="1162849705" role=""/>
    <member type="way" ref="1162849706" role=""/>
    <member type="way" ref="1388625957" role=""/>
    <member type="way" ref="1388625956" role=""/>
    <member type="way" ref="1388625955" role=""/>
    <member type="way" ref="1388626952" role=""/>
    <member type="way" ref="1388626951" role=""/>
    <member type="way" ref="159494154" role=""/>
    <member type="way" ref="292240091" role=""/>
    <member type="way" ref="1388626950" role=""/>
    <member type="way" ref="46517754" role=""/>
    <member type="way" ref="591908656" role=""/>
    <member type="way" ref="1162849703" role=""/>
    <member type="way" ref="547036722" role=""/>
    <member type="way" ref="609051288" role=""/>
    <member type="way" ref="514750933" role=""/>
    <member type="way" ref="1162550934" role=""/>
    <member type="way" ref="679196246" role=""/>
    <member type="way" ref="1162550932" role=""/>
    <member type="way" ref="1162550933" role=""/>
    <member type="way" ref="47457538" role=""/>
    <member type="way" ref="717125700" role=""/>
    <member type="way" ref="609051286" role=""/>
    <member type="way" ref="609051287" role=""/>
    <member type="way" ref="492368083" role=""/>
    <member type="way" ref="879916858" role=""/>
    <member type="way" ref="879916859" role=""/>
    <member type="way" ref="243396959" role=""/>
    <member type="way" ref="243396963" role=""/>
    <member type="way" ref="243396960" role=""/>
    <member type="way" ref="1334364549" role=""/>
    <member type="way" ref="739518217" role=""/>
    <tag k="air_conditioning" v="yes"/>
    <tag k="bicycle" v="yes"/>
    <tag k="blind" v="limited"/>
    <tag k="bus_class:length" v="4"/>
    <tag k="charge:all-in-one" v="90 RUB"/>
    <tag k="charge:cards" v="83 RUB"/>
    <tag k="charge:sbp" v="83 RUB"/>
    <tag k="charge:troika" v="75 RUB"/>
    <tag k="charge:troika_qr" v="75 RUB"/>
    <tag k="check_date" v="2023-04-15"/>
    <tag k="colour" v="#ff9ad2"/>
    <tag k="deaf" v="yes"/>
    <tag k="description" v="Маршрут обслуживается электробусами"/>
    <tag k="electric_bus" v="yes"/>
    <tag k="electric_bus:type" v="OC"/>
    <tag k="fee" v="yes"/>
    <tag k="fine:ticketless" v="5000 RUB"/>
    <tag k="from" v="Троицк (микрорайон «В»)"/>
    <tag k="name" v="Автобус с973: Троицк (микрорайон «В») =&gt; Нововатутинский проспект"/>
    <tag k="network" v="Московский транспорт"/>
    <tag k="operator" v="ГУП «Мосгортранс»"/>
    <tag k="payment:cards" v="yes"/>
    <tag k="payment:cash" v="no"/>
    <tag k="payment:contactless" v="yes"/>
    <tag k="payment:maestro" v="no"/>
    <tag k="payment:mastercard" v="no"/>
    <tag k="payment:mir" v="yes"/>
    <tag k="payment:nfc" v="yes"/>
    <tag k="payment:podorozhnik" v="no"/>
    <tag k="payment:sbp" v="yes"/>
    <tag k="payment:social_cards" v="yes"/>
    <tag k="payment:strelka" v="no"/>
    <tag k="payment:troika" v="yes"/>
    <tag k="payment:visa" v="no"/>
    <tag k="public_transport:version" v="2"/>
    <tag k="ref" v="с973"/>
    <tag k="route" v="bus"/>
    <tag k="source" v="Реестр маршрутов города Москвы"/>
    <tag k="source:description" v="https://mosgortrans.ru/electrobus/map/"/>
    <tag k="to" v="Нововатутинский проспект"/>
    <tag k="type" v="route"/>
    <tag k="website" v="https://transport.mos.ru/transport/schedule/route/141503979"/>
    <tag k="wheelchair" v="yes"/>
  </relation>
  <relation id="3251267" version="83" timestamp="2026-05-26T14:01:24Z" changeset="183210436" uid="23926472" user="Максим Баранаускас">
    <member type="node" ref="10809738249" role="stop"/>
    <member type="node" ref="2956193294" role="platform"/>
    <member type="node" ref="10809738250" role="stop"/>
    <member type="node" ref="4897326899" role="platform"/>
    <member type="node" ref="10808021293" role="stop"/>
    <member type="node" ref="10808021294" role="platform"/>
    <member type="node" ref="10808021295" role="stop"/>
    <member type="node" ref="837545845" role="platform"/>
    <member type="node" ref="1489855876" role="stop"/>
    <member type="node" ref="837545860" role="platform"/>
    <member type="node" ref="6360266672" role="stop"/>
    <member type="node" ref="480251784" role="platform"/>
    <member type="node" ref="10808021271" role="stop"/>
    <member type="node" ref="480251871" role="platform"/>
    <member type="node" ref="10808021272" role="stop"/>
    <member type="node" ref="6555532853" role="platform"/>
    <member type="node" ref="6360266679" role="stop"/>
    <member type="node" ref="4318594809" role="platform"/>
    <member type="node" ref="5028284444" role="stop"/>
    <member type="node" ref="837545861" role="platform"/>
    <member type="node" ref="10808021291" role="stop"/>
    <member type="node" ref="3465453424" role="platform"/>
    <member type="node" ref="10808021287" role="stop"/>
    <member type="node" ref="10808021289" role="platform"/>
    <member type="node" ref="10808021286" role="stop"/>
    <member type="node" ref="1163539371" role="platform"/>
    <member type="node" ref="10814900248" role="stop"/>
    <member type="node" ref="10814900249" role="platform"/>
    <member type="node" ref="10814900252" role="stop"/>
    <member type="node" ref="2486253049" role="platform"/>
    <member type="node" ref="10814900264" role="stop"/>
    <member type="node" ref="2377937618" role="platform"/>
    <member type="node" ref="10814900262" role="stop"/>
    <member type="node" ref="8294196561" role="platform"/>
    <member type="node" ref="10814900254" role="stop"/>
    <member type="node" ref="10814900259" role="platform"/>
    <member type="node" ref="10814900256" role="stop"/>
    <member type="node" ref="10814900257" role="platform"/>
    <member type="node" ref="10814900255" role="stop"/>
    <member type="node" ref="10814900258" role="platform"/>
    <member type="node" ref="10814900253" role="stop"/>
    <member type="node" ref="10814900260" role="platform"/>
    <member type="node" ref="10814900261" role="stop"/>
    <member type="node" ref="8294196560" role="platform"/>
    <member type="node" ref="10814900263" role="stop"/>
    <member type="node" ref="8291847594" role="platform"/>
    <member type="node" ref="10814900245" role="stop"/>
    <member type="node" ref="8291855047" role="platform"/>
    <member type="node" ref="10814900244" role="stop"/>
    <member type="node" ref="8294196600" role="platform"/>
    <member type="node" ref="10814900242" role="stop"/>
    <member type="node" ref="8294200434" role="platform"/>
    <member type="node" ref="10809818210" role="stop"/>
    <member type="node" ref="8294200439" role="platform"/>
    <member type="node" ref="10808021258" role="stop"/>
    <member type="node" ref="837545868" role="platform"/>
    <member type="node" ref="10808021262" role="stop"/>
    <member type="node" ref="605056373" role="platform"/>
    <member type="node" ref="10808021260" role="stop"/>
    <member type="node" ref="2471258812" role="platform"/>
    <member type="node" ref="10808021256" role="stop"/>
    <member type="node" ref="844617495" role="platform"/>
    <member type="node" ref="10808021254" role="stop"/>
    <member type="node" ref="844617500" role="platform"/>
    <member type="node" ref="10793520584" role="stop_exit_only"/>
    <member type="node" ref="10793520585" role="platform_exit_only"/>
    <member type="way" ref="1162320080" role=""/>
    <member type="way" ref="679579559" role=""/>
    <member type="way" ref="679579556" role=""/>
    <member type="way" ref="679579558" role=""/>
    <member type="way" ref="1162320080" role=""/>
    <member type="way" ref="739518217" role=""/>
    <member type="way" ref="1334364549" role=""/>
    <member type="way" ref="739276999" role=""/>
    <member type="way" ref="243396963" role=""/>
    <member type="way" ref="289119557" role=""/>
    <member type="way" ref="879916859" role=""/>
    <member type="way" ref="879916858" role=""/>
    <member type="way" ref="492368083" role=""/>
    <member type="way" ref="1110116273" role=""/>
    <member type="way" ref="291298085" role=""/>
    <member type="way" ref="1393142810" role=""/>
    <member type="way" ref="240940895" role=""/>
    <member type="way" ref="432932615" role=""/>
    <member type="way" ref="547036723" role=""/>
    <member type="way" ref="700863292" role=""/>
    <member type="way" ref="514750929" role=""/>
    <member type="way" ref="620293601" role=""/>
    <member type="way" ref="1162327689" role=""/>
    <member type="way" ref="172083021" role=""/>
    <member type="way" ref="647890312" role=""/>
    <member type="way" ref="1092803964" role=""/>
    <member type="way" ref="541749840" role=""/>
    <member type="way" ref="600878203" role=""/>
    <member type="way" ref="1163495660" role=""/>
    <member type="way" ref="541749842" role=""/>
    <member type="way" ref="600878204" role=""/>
    <member type="way" ref="600878207" role=""/>
    <member type="way" ref="514750931" role=""/>
    <member type="way" ref="609281387" role=""/>
    <member type="way" ref="46517754" role=""/>
    <member type="way" ref="1388626950" role=""/>
    <member type="way" ref="292240091" role=""/>
    <member type="way" ref="159494154" role=""/>
    <member type="way" ref="1388626951" role=""/>
    <member type="way" ref="1388626952" role=""/>
    <member type="way" ref="1388625955" role=""/>
    <member type="way" ref="1388625956" role=""/>
    <member type="way" ref="1388625957" role=""/>
    <member type="way" ref="1162849706" role=""/>
    <member type="way" ref="1162849705" role=""/>
    <member type="way" ref="1390252570" role=""/>
    <member type="way" ref="1390252571" role=""/>
    <member type="way" ref="159523933" role=""/>
    <member type="way" ref="159523933" role=""/>
    <member type="way" ref="1390252571" role=""/>
    <member type="way" ref="1390252570" role=""/>
    <member type="way" ref="1162849705" role=""/>
    <member type="way" ref="739157414" role=""/>
    <member type="way" ref="1162849707" role=""/>
    <member type="way" ref="48792297" role=""/>
    <member type="way" ref="956402884" role=""/>
    <member type="way" ref="1162849709" role=""/>
    <member type="way" ref="48792297" role=""/>
    <member type="way" ref="739157415" role=""/>
    <member type="way" ref="1522718404" role=""/>
    <member type="way" ref="936775138" role=""/>
    <member type="way" ref="936775137" role=""/>
    <member type="way" ref="936775148" role=""/>
    <member type="way" ref="936775147" role=""/>
    <member type="way" ref="629959827" role=""/>
    <member type="way" ref="1207207248" role=""/>
    <member type="way" ref="1207207250" role=""/>
    <member type="way" ref="1163495671" role=""/>
    <member type="way" ref="1207207249" role=""/>
    <member type="way" ref="1163495675" role=""/>
    <member type="way" ref="722151465" role=""/>
    <member type="way" ref="612908902" role=""/>
    <member type="way" ref="1092803963" role=""/>
    <member type="way" ref="48416388" role=""/>
    <member type="way" ref="610285455" role=""/>
    <member type="way" ref="47521028" role=""/>
    <member type="way" ref="610285453" role=""/>
    <member type="way" ref="968744060" role=""/>
    <member type="way" ref="40421173" role=""/>
    <member type="way" ref="1163497944" role=""/>
    <member type="way" ref="502708480" role=""/>
    <member type="way" ref="27950684" role=""/>
    <member type="way" ref="1207244996" role=""/>
    <member type="way" ref="1167451621" role=""/>
    <member type="way" ref="1370365062" role=""/>
    <member type="way" ref="1087036952" role=""/>
    <member type="way" ref="1370365065" role=""/>
    <member type="way" ref="1160529460" role=""/>
    <member type="way" ref="45774239" role=""/>
    <member type="way" ref="1160529457" role=""/>
    <member type="way" ref="130795577" role=""/>
    <member type="way" ref="39516376" role=""/>
    <tag k="air_conditioning" v="yes"/>
    <tag k="bicycle" v="yes"/>
    <tag k="blind" v="limited"/>
    <tag k="bus_class:length" v="4"/>
    <tag k="charge:all-in-one" v="90 RUB"/>
    <tag k="charge:cards" v="83 RUB"/>
    <tag k="charge:sbp" v="83 RUB"/>
    <tag k="charge:troika" v="75 RUB"/>
    <tag k="charge:troika_qr" v="75 RUB"/>
    <tag k="check_date" v="2023-04-15"/>
    <tag k="colour" v="#ff9ad2"/>
    <tag k="deaf" v="yes"/>
    <tag k="description" v="Маршрут обслуживается электробусами"/>
    <tag k="electric_bus" v="yes"/>
    <tag k="electric_bus:type" v="OC"/>
    <tag k="fee" v="yes"/>
    <tag k="fine:ticketless" v="5000 RUB"/>
    <tag k="from" v="Нововатутинский проспект"/>
    <tag k="name" v="Автобус с973: Нововатутинский проспект =&gt; Троицк (микрорайон «В»)"/>
    <tag k="network" v="Московский транспорт"/>
    <tag k="operator" v="ГУП «Мосгортранс»"/>
    <tag k="payment:cards" v="yes"/>
    <tag k="payment:cash" v="no"/>
    <tag k="payment:contactless" v="yes"/>
    <tag k="payment:maestro" v="no"/>
    <tag k="payment:mastercard" v="no"/>
    <tag k="payment:mir" v="yes"/>
    <tag k="payment:nfc" v="yes"/>
    <tag k="payment:podorozhnik" v="no"/>
    <tag k="payment:sbp" v="yes"/>
    <tag k="payment:social_cards" v="yes"/>
    <tag k="payment:strelka" v="no"/>
    <tag k="payment:troika" v="yes"/>
    <tag k="payment:visa" v="no"/>
    <tag k="public_transport:version" v="2"/>
    <tag k="ref" v="с973"/>
    <tag k="route" v="bus"/>
    <tag k="source" v="Реестр маршрутов города Москвы"/>
    <tag k="source:description" v="https://mosgortrans.ru/electrobus/map/"/>
    <tag k="to" v="Троицк (микрорайон «В»)"/>
    <tag k="type" v="route"/>
    <tag k="website" v="https://transport.mos.ru/transport/schedule/route/141503979"/>
    <tag k="wheelchair" v="yes"/>
  </relation>
  <relation id="3868168" version="125" timestamp="2026-02-12T19:46:20Z" changeset="178473203" uid="2055718" user="Bobropiton">
    <member type="node" ref="10749581150" role="stop_entry_only"/>
    <member type="node" ref="10749581151" role="platform_entry_only"/>
    <member type="node" ref="10712338011" role="stop"/>
    <member type="node" ref="530513160" role="platform"/>
    <member type="node" ref="1448942145" role="stop"/>
    <member type="node" ref="2201158851" role="platform"/>
    <member type="node" ref="12462825468" role="stop"/>
    <member type="node" ref="12462825469" role="platform"/>
    <member type="node" ref="10808059049" role="stop"/>
    <member type="node" ref="10808059052" role="platform"/>
    <member type="node" ref="10808059055" role="stop"/>
    <member type="node" ref="4960183527" role="platform"/>
    <member type="node" ref="10808059042" role="stop"/>
    <member type="node" ref="4960183537" role="platform"/>
    <member type="node" ref="10808059035" role="stop"/>
    <member type="node" ref="1106615113" role="platform"/>
    <member type="node" ref="10808059031" role="stop"/>
    <member type="node" ref="1494585925" role="platform"/>
    <member type="node" ref="10808059005" role="stop"/>
    <member type="node" ref="1494585911" role="platform"/>
    <member type="node" ref="10808021303" role="stop"/>
    <member type="node" ref="480177255" role="platform"/>
    <member type="node" ref="10808021298" role="stop"/>
    <member type="node" ref="6924294544" role="platform"/>
    <member type="node" ref="10808021292" role="stop"/>
    <member type="node" ref="6364701387" role="platform"/>
    <member type="node" ref="10809738251" role="stop"/>
    <member type="node" ref="4897326902" role="platform"/>
    <member type="node" ref="10809738249" role="stop"/>
    <member type="node" ref="2956193294" role="platform"/>
    <member type="way" ref="1163484883" role=""/>
    <member type="way" ref="1161953060" role=""/>
    <member type="way" ref="1155915723" role=""/>
    <member type="way" ref="52304757" role=""/>
    <member type="way" ref="237665155" role=""/>
    <member type="way" ref="1174856318" role=""/>
    <member type="way" ref="31279181" role=""/>
    <member type="way" ref="1174856319" role=""/>
    <member type="way" ref="1174856320" role=""/>
    <member type="way" ref="243271029" role=""/>
    <member type="way" ref="1174856321" role=""/>
    <member type="way" ref="1160172173" role=""/>
    <member type="way" ref="31279182" role=""/>
    <member type="way" ref="647876101" role=""/>
    <member type="way" ref="93848546" role=""/>
    <member type="way" ref="31712004" role=""/>
    <member type="way" ref="355289238" role=""/>
    <member type="way" ref="252705050" role=""/>
    <member type="way" ref="656585477" role=""/>
    <member type="way" ref="699671966" role=""/>
    <member type="way" ref="66437560" role=""/>
    <member type="way" ref="1222938054" role=""/>
    <member type="way" ref="438008347" role=""/>
    <member type="way" ref="610295934" role=""/>
    <member type="way" ref="1429959670" role=""/>
    <member type="way" ref="1421307268" role=""/>
    <member type="way" ref="1421307270" role=""/>
    <member type="way" ref="440976820" role=""/>
    <member type="way" ref="441566751" role=""/>
    <member type="way" ref="374760275" role=""/>
    <member type="way" ref="1158874653" role=""/>
    <member type="way" ref="377671637" role=""/>
    <member type="way" ref="442619608" role=""/>
    <member type="way" ref="442619612" role=""/>
    <member type="way" ref="442619606" role=""/>
    <member type="way" ref="442605590" role=""/>
    <member type="way" ref="1163006767" role=""/>
    <member type="way" ref="1162306414" role=""/>
    <member type="way" ref="442605588" role=""/>
    <member type="way" ref="438015593" role=""/>
    <member type="way" ref="1162307935" role=""/>
    <member type="way" ref="287055810" role=""/>
    <member type="way" ref="287055809" role=""/>
    <member type="way" ref="287053204" role=""/>
    <member type="way" ref="444462280" role=""/>
    <member type="way" ref="444703700" role=""/>
    <member type="way" ref="444462269" role=""/>
    <member type="way" ref="251861118" role=""/>
    <member type="way" ref="432932614" role=""/>
    <member type="way" ref="47497320" role=""/>
    <member type="way" ref="40048861" role=""/>
    <member type="way" ref="155879705" role=""/>
    <member type="way" ref="155879704" role=""/>
    <member type="way" ref="499959648" role=""/>
    <member type="way" ref="499962727" role=""/>
    <member type="way" ref="1292112454" role=""/>
    <member type="way" ref="1292112453" role=""/>
    <member type="way" ref="53585407" role=""/>
    <member type="way" ref="95436231" role=""/>
    <member type="way" ref="93848575" role=""/>
    <member type="way" ref="239330460" role=""/>
    <member type="way" ref="553904342" role=""/>
    <member type="way" ref="155879694" role=""/>
    <member type="way" ref="30023783" role=""/>
    <member type="way" ref="547036720" role=""/>
    <member type="way" ref="612354090" role=""/>
    <member type="way" ref="1162550933" role=""/>
    <member type="way" ref="47457538" role=""/>
    <member type="way" ref="717125700" role=""/>
    <member type="way" ref="609051286" role=""/>
    <member type="way" ref="609051287" role=""/>
    <member type="way" ref="492368083" role=""/>
    <member type="way" ref="879916858" role=""/>
    <member type="way" ref="879916859" role=""/>
    <member type="way" ref="243396959" role=""/>
    <member type="way" ref="243396963" role=""/>
    <member type="way" ref="243396960" role=""/>
    <member type="way" ref="1334364549" role=""/>
    <member type="way" ref="739518217" role=""/>
    <tag k="air_conditioning" v="yes"/>
    <tag k="bicycle" v="yes"/>
    <tag k="blind" v="limited"/>
    <tag k="bus_class:length" v="4;5"/>
    <tag k="charge:all-in-one" v="90 RUB"/>
    <tag k="charge:cards" v="83 RUB"/>
    <tag k="charge:sbp" v="83 RUB"/>
    <tag k="charge:troika" v="75 RUB"/>
    <tag k="charge:troika_qr" v="75 RUB"/>
    <tag k="check_date" v="2023-04-14"/>
    <tag k="colour" v="#f43e88"/>
    <tag k="colour_1" v="green"/>
    <tag k="deaf" v="yes"/>
    <tag k="fee" v="yes"/>
    <tag k="fine:ticketless" v="5000 RUB"/>
    <tag k="from" v="Метро «Тёплый Стан»"/>
    <tag k="name" v="Автобус е151: Метро «Тёплый Стан» =&gt; Нововатутинский проспект"/>
    <tag k="network" v="Московский транспорт"/>
    <tag k="operator" v="ГУП «Мосгортранс»"/>
    <tag k="payment:cards" v="yes"/>
    <tag k="payment:cash" v="no"/>
    <tag k="payment:contactless" v="yes"/>
    <tag k="payment:maestro" v="no"/>
    <tag k="payment:mastercard" v="no"/>
    <tag k="payment:mir" v="yes"/>
    <tag k="payment:nfc" v="yes"/>
    <tag k="payment:podorozhnik" v="no"/>
    <tag k="payment:sbp" v="yes"/>
    <tag k="payment:social_cards" v="yes"/>
    <tag k="payment:strelka" v="no"/>
    <tag k="payment:troika" v="yes"/>
    <tag k="payment:visa" v="no"/>
    <tag k="public_transport:version" v="2"/>
    <tag k="ref" v="е151"/>
    <tag k="route" v="bus"/>
    <tag k="source" v="Реестр маршрутов города Москвы"/>
    <tag k="to" v="Нововатутинский проспект"/>
    <tag k="type" v="route"/>
    <tag k="website" v="https://transport.mos.ru/transport/schedule/route/141503971"/>
    <tag k="wheelchair" v="yes"/>
  </relation>
  <relation id="11969237" version="1" timestamp="2020-12-01T19:42:29Z" changeset="95113528" uid="8912234" user="Quinn Mallory">
    <member type="way" ref="243396960" role="from"/>
    <member type="node" ref="6921830641" role="via"/>
    <member type="way" ref="739276999" role="to"/>
    <tag k="restriction" v="no_left_turn"/>
    <tag k="type" v="restriction"/>
  </relation>
  <relation id="11969238" version="1" timestamp="2020-12-01T19:42:29Z" changeset="95113528" uid="8912234" user="Quinn Mallory">
    <member type="way" ref="289119558" role="from"/>
    <member type="node" ref="2926691072" role="via"/>
    <member type="way" ref="289119556" role="to"/>
    <tag k="restriction" v="no_left_turn"/>
    <tag k="type" v="restriction"/>
  </relation>
  <relation id="11969239" version="1" timestamp="2020-12-01T19:42:29Z" changeset="95113528" uid="8912234" user="Quinn Mallory">
    <member type="way" ref="240239877" role="from"/>
    <member type="node" ref="2926691072" role="via"/>
    <member type="way" ref="240239877" role="to"/>
    <tag k="restriction" v="no_u_turn"/>
    <tag k="type" v="restriction"/>
  </relation>
  <relation id="11969240" version="2" timestamp="2024-11-15T22:30:14Z" changeset="159189396" uid="2055718" user="Bobropiton">
    <member type="node" ref="6921830641" role="via"/>
    <member type="way" ref="1334364549" role="from"/>
    <member type="way" ref="1334364549" role="to"/>
    <tag k="restriction" v="no_u_turn"/>
    <tag k="type" v="restriction"/>
  </relation>
  <relation id="11969241" version="1" timestamp="2020-12-01T19:42:29Z" changeset="95113528" uid="8912234" user="Quinn Mallory">
    <member type="way" ref="289119557" role="from"/>
    <member type="node" ref="2508146455" role="via"/>
    <member type="way" ref="243396959" role="to"/>
    <tag k="restriction" v="no_left_turn"/>
    <tag k="type" v="restriction"/>
  </relation>
  <relation id="11969242" version="2" timestamp="2023-04-16T13:24:52Z" changeset="134975084" uid="2055718" user="Bobropiton">
    <member type="way" ref="879916859" role="from"/>
    <member type="node" ref="2508146455" role="via"/>
    <member type="way" ref="879916859" role="to"/>
    <tag k="restriction" v="no_u_turn"/>
    <tag k="type" v="restriction"/>
  </relation>
  <relation id="11969243" version="3" timestamp="2023-04-16T13:24:52Z" changeset="134975084" uid="2055718" user="Bobropiton">
    <member type="way" ref="879916858" role="from"/>
    <member type="node" ref="2508146444" role="via"/>
    <member type="way" ref="966433056" role="to"/>
    <tag k="restriction" v="no_right_turn"/>
    <tag k="type" v="restriction"/>
  </relation>
  <relation id="11969244" version="2" timestamp="2023-04-16T13:24:52Z" changeset="134975084" uid="2055718" user="Bobropiton">
    <member type="way" ref="879916858" role="from"/>
    <member type="node" ref="2508146444" role="via"/>
    <member type="way" ref="879916858" role="to"/>
    <tag k="restriction" v="no_u_turn"/>
    <tag k="type" v="restriction"/>
  </relation>
  <relation id="12619408" version="29" timestamp="2024-05-02T08:24:08Z" changeset="150781997" uid="6411134" user="Mikola Sankin">
    <member type="way" ref="936634411" role="outer"/>
    <member type="way" ref="936634413" role="outer"/>
    <member type="way" ref="1110047071" role="outer"/>
    <member type="way" ref="47704429" role="outer"/>
    <tag k="access" v="private"/>
    <tag k="landuse" v="residential"/>
    <tag k="name" v="Ватутинки оздоровительный комплекс УДП РФ"/>
    <tag k="name:ru" v="Ватутинки оздоровительный комплекс УДП РФ"/>
    <tag k="type" v="multipolygon"/>
  </relation>
  <relation id="13982746" version="19" timestamp="2024-10-25T14:02:57Z" changeset="158339415" uid="830106" user="literan">
    <member type="way" ref="137387104" role="outer"/>
    <member type="way" ref="137388914" role="outer"/>
    <member type="way" ref="1328157781" role="outer"/>
    <member type="way" ref="1046181053" role="outer"/>
    <member type="way" ref="1046568181" role="outer"/>
    <member type="way" ref="1046568180" role="outer"/>
    <member type="way" ref="1046181048" role="outer"/>
    <member type="way" ref="1046181047" role="outer"/>
    <member type="way" ref="875430879" role="outer"/>
    <member type="way" ref="1046181045" role="outer"/>
    <member type="way" ref="1046181044" role="outer"/>
    <member type="way" ref="1046181041" role="outer"/>
    <member type="way" ref="1109753402" role="outer"/>
    <member type="way" ref="1046181043" role="outer"/>
    <member type="way" ref="1178160758" role="outer"/>
    <member type="way" ref="1109753401" role="outer"/>
    <member type="way" ref="137388832" role="outer"/>
    <tag k="name" v="Новые Ватутинки «Центральный»"/>
    <tag k="place" v="quarter"/>
    <tag k="type" v="multipolygon"/>
    <tag k="website" v="https://vatutinki.ru/"/>
  </relation>
  <relation id="13985524" version="2" timestamp="2022-03-30T14:01:44Z" changeset="119118215" uid="12947635" user="Руслан Т">
    <member type="way" ref="448641586" role="outer"/>
    <member type="way" ref="1046528327" role="outer"/>
    <member type="way" ref="448641588" role="outer"/>
    <member type="way" ref="1046470463" role="outer"/>
    <tag k="building:levels" v="4"/>
    <tag k="building:part" v="yes"/>
    <tag k="type" v="multipolygon"/>
  </relation>
  <relation id="13985525" version="3" timestamp="2022-04-11T10:28:04Z" changeset="119571895" uid="12947635" user="Руслан Т">
    <member type="way" ref="448641588" role="outer"/>
    <member type="way" ref="1046528326" role="outer"/>
    <member type="way" ref="448641586" role="outer"/>
    <member type="way" ref="1046528325" role="outer"/>
    <tag k="addr:city" v="Москва"/>
    <tag k="addr:housenumber" v="13 к3"/>
    <tag k="addr:postcode" v="108836"/>
    <tag k="addr:street" v="3-я Нововатутинская улица"/>
    <tag k="addr:subdistrict" v="поселение Десёновское"/>
    <tag k="building" v="school"/>
    <tag k="building:levels" v="4"/>
    <tag k="type" v="multipolygon"/>
  </relation>
  <relation id="13986647" version="7" timestamp="2025-01-24T15:10:32Z" changeset="161716375" uid="9465790" user="ZinaidaZ">
    <member type="way" ref="1178160758" role="outer"/>
    <member type="way" ref="1046181043" role="outer"/>
    <member type="way" ref="1046568186" role="outer"/>
    <member type="way" ref="1046568181" role="outer"/>
    <member type="way" ref="1046568184" role="outer"/>
    <member type="way" ref="1046568179" role="outer"/>
    <member type="way" ref="993833771" role="outer"/>
    <member type="way" ref="1047104655" role="outer"/>
    <member type="way" ref="1047104656" role="outer"/>
    <member type="way" ref="1047104658" role="outer"/>
    <member type="way" ref="1047262209" role="outer"/>
    <member type="way" ref="1046568187" role="outer"/>
    <member type="way" ref="1353967523" role="outer"/>
    <tag k="landuse" v="residential"/>
    <tag k="residential" v="urban"/>
    <tag k="type" v="multipolygon"/>
  </relation>
  <relation id="13986648" version="50" timestamp="2025-01-24T15:10:32Z" changeset="161716375" uid="9465790" user="ZinaidaZ">
    <member type="way" ref="679654899" role="outer"/>
    <member type="way" ref="1353967531" role="outer"/>
    <member type="way" ref="1353967530" role="outer"/>
    <member type="way" ref="1353967522" role="outer"/>
    <member type="way" ref="1046568179" role="outer"/>
    <tag k="amenity" v="school"/>
    <tag k="name" v="Школа № 1392. Корпус школьного образования №2"/>
    <tag k="official_name" v="Государственное бюджетное общеобразовательное учреждение города Москвы «Школа № 1392 имени Д.В. Рябинкина». Корпус школьного образования №2"/>
    <tag k="ownership" v="state"/>
    <tag k="phone" v="+7 495 7464513"/>
    <tag k="type" v="multipolygon"/>
    <tag k="website" v="https://schtn1392.mskobr.ru/"/>
  </relation>
  <relation id="14028267" version="1" timestamp="2022-04-11T10:28:04Z" changeset="119571895" uid="12947635" user="Руслан Т">
    <member type="way" ref="1050992329" role="outer"/>
    <member type="way" ref="1050992328" role="outer"/>
    <tag k="leisure" v="fitness_station"/>
    <tag k="sport" v="fitness"/>
    <tag k="type" v="multipolygon"/>
  </relation>
  <relation id="14028268" version="1" timestamp="2022-04-11T10:28:04Z" changeset="119571895" uid="12947635" user="Руслан Т">
    <member type="way" ref="1050992328" role="outer"/>
    <member type="way" ref="924106654" role="outer"/>
    <tag k="leisure" v="pitch"/>
    <tag k="sport" v="soccer"/>
    <tag k="type" v="multipolygon"/>
  </relation>
  <relation id="14028269" version="1" timestamp="2022-04-11T10:28:04Z" changeset="119571895" uid="12947635" user="Руслан Т">
    <member type="way" ref="1050992332" role="outer"/>
    <member type="way" ref="1050992333" role="outer"/>
    <tag k="leisure" v="fitness_station"/>
    <tag k="sport" v="fitness"/>
    <tag k="type" v="multipolygon"/>
  </relation>
  <relation id="14028270" version="1" timestamp="2022-04-11T10:28:04Z" changeset="119571895" uid="12947635" user="Руслан Т">
    <member type="way" ref="924106653" role="outer"/>
    <member type="way" ref="1050992332" role="outer"/>
    <tag k="leisure" v="pitch"/>
    <tag k="sport" v="soccer;basketball"/>
    <tag k="type" v="multipolygon"/>
  </relation>
  <relation id="14028319" version="1" timestamp="2022-04-11T10:49:14Z" changeset="119572831" uid="12947635" user="Руслан Т">
    <member type="way" ref="679432847" role="outer"/>
    <member type="way" ref="1050998044" role="outer"/>
    <tag k="building:levels" v="12"/>
    <tag k="building:part" v="yes"/>
    <tag k="type" v="multipolygon"/>
  </relation>
  <relation id="14028320" version="1" timestamp="2022-04-11T10:49:14Z" changeset="119572831" uid="12947635" user="Руслан Т">
    <member type="way" ref="1050998041" role="outer"/>
    <member type="way" ref="1050998044" role="outer"/>
    <member type="way" ref="1050998039" role="outer"/>
    <member type="way" ref="1050998045" role="outer"/>
    <tag k="building:levels" v="14"/>
    <tag k="building:part" v="yes"/>
    <tag k="type" v="multipolygon"/>
  </relation>
  <relation id="14028321" version="1" timestamp="2022-04-11T10:49:14Z" changeset="119572831" uid="12947635" user="Руслан Т">
    <member type="way" ref="1050998040" role="outer"/>
    <member type="way" ref="1050998045" role="outer"/>
    <member type="way" ref="1050998042" role="outer"/>
    <member type="way" ref="1050998046" role="outer"/>
    <tag k="building:levels" v="16"/>
    <tag k="building:part" v="yes"/>
    <tag k="type" v="multipolygon"/>
  </relation>
  <relation id="14028322" version="1" timestamp="2022-04-11T10:49:14Z" changeset="119572831" uid="12947635" user="Руслан Т">
    <member type="way" ref="1050998046" role="outer"/>
    <member type="way" ref="1050998043" role="outer"/>
    <tag k="building:levels" v="17"/>
    <tag k="building:part" v="yes"/>
    <tag k="type" v="multipolygon"/>
  </relation>
  <relation id="14028323" version="2" timestamp="2024-04-02T14:59:55Z" changeset="149485774" uid="1185631" user="Dmitry2013">
    <member type="way" ref="1050998043" role="outer"/>
    <member type="way" ref="1050998042" role="outer"/>
    <member type="way" ref="1050998039" role="outer"/>
    <member type="way" ref="679432847" role="outer"/>
    <member type="way" ref="1050998041" role="outer"/>
    <member type="way" ref="1050998040" role="outer"/>
    <tag k="addr:city" v="Москва"/>
    <tag k="addr:housenumber" v="9"/>
    <tag k="addr:postcode" v="108836"/>
    <tag k="addr:street" v="5-я Нововатутинская улица"/>
    <tag k="addr:subdistrict" v="поселение Десёновское"/>
    <tag k="building" v="apartments"/>
    <tag k="building:flats" v="284"/>
    <tag k="building:levels" v="17"/>
    <tag k="start_date" v="2015"/>
    <tag k="type" v="multipolygon"/>
  </relation>
  <relation id="15717836" version="1" timestamp="2023-04-14T02:23:17Z" changeset="134883481" uid="2055718" user="Bobropiton">
    <member type="node" ref="10809738251" role="stop"/>
    <member type="node" ref="4897326902" role="platform"/>
    <tag k="name" v="Нововатутинский проспект, 8"/>
    <tag k="public_transport" v="stop_area"/>
    <tag k="type" v="public_transport"/>
  </relation>
  <relation id="15717838" version="1" timestamp="2023-04-14T02:23:17Z" changeset="134883481" uid="2055718" user="Bobropiton">
    <member type="node" ref="10809738253" role="stop"/>
    <member type="node" ref="10809738254" role="platform"/>
    <tag k="name" v="Микрорайон «Центральный»"/>
    <tag k="public_transport" v="stop_area"/>
    <tag k="type" v="public_transport"/>
  </relation>
  <relation id="15741822" version="40" timestamp="2026-02-12T19:46:20Z" changeset="178473203" uid="2055718" user="Bobropiton">
    <member type="node" ref="10820524643" role="stop"/>
    <member type="node" ref="10820524647" role="platform"/>
    <member type="node" ref="10808021258" role="stop"/>
    <member type="node" ref="837545868" role="platform"/>
    <member type="node" ref="10808021262" role="stop"/>
    <member type="node" ref="605056373" role="platform"/>
    <member type="node" ref="10808021266" role="stop"/>
    <member type="node" ref="6506513658" role="platform"/>
    <member type="node" ref="10808021270" role="stop"/>
    <member type="node" ref="837545883" role="platform"/>
    <member type="node" ref="10822922889" role="stop"/>
    <member type="node" ref="10822922890" role="platform"/>
    <member type="node" ref="10808021273" role="stop"/>
    <member type="node" ref="10808021274" role="platform"/>
    <member type="node" ref="10808021272" role="stop"/>
    <member type="node" ref="6555532853" role="platform"/>
    <member type="node" ref="6360266679" role="stop"/>
    <member type="node" ref="4318594809" role="platform"/>
    <member type="node" ref="5028284444" role="stop"/>
    <member type="node" ref="837545861" role="platform"/>
    <member type="node" ref="10808021296" role="stop"/>
    <member type="node" ref="837545863" role="platform"/>
    <member type="node" ref="10808021297" role="stop"/>
    <member type="node" ref="5966308987" role="platform"/>
    <member type="node" ref="10808021298" role="stop"/>
    <member type="node" ref="6924294544" role="platform"/>
    <member type="node" ref="10808021292" role="stop"/>
    <member type="node" ref="6364701387" role="platform"/>
    <member type="node" ref="10809738251" role="stop"/>
    <member type="node" ref="4897326902" role="platform"/>
    <member type="node" ref="10809738249" role="stop_exit_only"/>
    <member type="node" ref="2956193294" role="platform_exit_only"/>
    <member type="way" ref="1163492871" role=""/>
    <member type="way" ref="1083159699" role=""/>
    <member type="way" ref="1207207141" role=""/>
    <member type="way" ref="1163492869" role=""/>
    <member type="way" ref="1207207250" role=""/>
    <member type="way" ref="1163495671" role=""/>
    <member type="way" ref="1207207249" role=""/>
    <member type="way" ref="1163495675" role=""/>
    <member type="way" ref="722151465" role=""/>
    <member type="way" ref="612908902" role=""/>
    <member type="way" ref="1092803963" role=""/>
    <member type="way" ref="48416388" role=""/>
    <member type="way" ref="610285455" role=""/>
    <member type="way" ref="47521028" role=""/>
    <member type="way" ref="610285454" role=""/>
    <member type="way" ref="45770180" role=""/>
    <member type="way" ref="600878208" role=""/>
    <member type="way" ref="1092803964" role=""/>
    <member type="way" ref="647890312" role=""/>
    <member type="way" ref="549014873" role=""/>
    <member type="way" ref="39973883" role=""/>
    <member type="way" ref="1163795918" role=""/>
    <member type="way" ref="1163744343" role=""/>
    <member type="way" ref="1163744346" role=""/>
    <member type="way" ref="1163744344" role=""/>
    <member type="way" ref="1163795918" role=""/>
    <member type="way" ref="39973883" role=""/>
    <member type="way" ref="549014873" role=""/>
    <member type="way" ref="647890312" role=""/>
    <member type="way" ref="1092803964" role=""/>
    <member type="way" ref="541749840" role=""/>
    <member type="way" ref="600878203" role=""/>
    <member type="way" ref="1163495660" role=""/>
    <member type="way" ref="541749842" role=""/>
    <member type="way" ref="600878204" role=""/>
    <member type="way" ref="600878207" role=""/>
    <member type="way" ref="514750931" role=""/>
    <member type="way" ref="514750932" role=""/>
    <member type="way" ref="1162849703" role=""/>
    <member type="way" ref="547036722" role=""/>
    <member type="way" ref="609051288" role=""/>
    <member type="way" ref="514750933" role=""/>
    <member type="way" ref="1162550934" role=""/>
    <member type="way" ref="679196246" role=""/>
    <member type="way" ref="1162550932" role=""/>
    <member type="way" ref="1162550933" role=""/>
    <member type="way" ref="47457538" role=""/>
    <member type="way" ref="717125700" role=""/>
    <member type="way" ref="609051286" role=""/>
    <member type="way" ref="609051287" role=""/>
    <member type="way" ref="492368083" role=""/>
    <member type="way" ref="879916858" role=""/>
    <member type="way" ref="879916859" role=""/>
    <member type="way" ref="243396959" role=""/>
    <member type="way" ref="243396963" role=""/>
    <member type="way" ref="243396960" role=""/>
    <member type="way" ref="1334364549" role=""/>
    <member type="way" ref="739518217" role=""/>
    <tag k="air_conditioning" v="yes"/>
    <tag k="bicycle" v="yes"/>
    <tag k="blind" v="limited"/>
    <tag k="bus_class:length" v="4"/>
    <tag k="charge:all-in-one" v="90 RUB"/>
    <tag k="charge:cards" v="83 RUB"/>
    <tag k="charge:sbp" v="83 RUB"/>
    <tag k="charge:troika" v="75 RUB"/>
    <tag k="charge:troika_qr" v="75 RUB"/>
    <tag k="check_date" v="2023-04-18"/>
    <tag k="colour" v="#ff9ad2"/>
    <tag k="deaf" v="yes"/>
    <tag k="fee" v="yes"/>
    <tag k="fine:ticketless" v="5000 RUB"/>
    <tag k="from" v="Кварцевая улица"/>
    <tag k="name" v="Автобус с118: Кварцевая улица =&gt; Нововатутинский проспект"/>
    <tag k="network" v="Московский транспорт"/>
    <tag k="operator" v="ГУП «Мосгортранс»"/>
    <tag k="payment:cards" v="yes"/>
    <tag k="payment:cash" v="no"/>
    <tag k="payment:contactless" v="yes"/>
    <tag k="payment:maestro" v="no"/>
    <tag k="payment:mastercard" v="no"/>
    <tag k="payment:mir" v="yes"/>
    <tag k="payment:nfc" v="yes"/>
    <tag k="payment:podorozhnik" v="no"/>
    <tag k="payment:sbp" v="yes"/>
    <tag k="payment:social_cards" v="yes"/>
    <tag k="payment:strelka" v="no"/>
    <tag k="payment:troika" v="yes"/>
    <tag k="payment:visa" v="no"/>
    <tag k="public_transport:version" v="2"/>
    <tag k="ref" v="с118"/>
    <tag k="route" v="bus"/>
    <tag k="source" v="Реестр маршрутов города Москвы"/>
    <tag k="to" v="Нововатутинский проспект"/>
    <tag k="type" v="route"/>
    <tag k="website" v="https://transport.mos.ru/transport/schedule/route/141503974"/>
    <tag k="wheelchair" v="yes"/>
  </relation>
  <relation id="15741824" version="41" timestamp="2026-02-12T19:46:20Z" changeset="178473203" uid="2055718" user="Bobropiton">
    <member type="node" ref="10809738249" role="stop_entry_only"/>
    <member type="node" ref="2956193294" role="platform_entry_only"/>
    <member type="node" ref="10809738250" role="stop"/>
    <member type="node" ref="4897326899" role="platform"/>
    <member type="node" ref="10808021293" role="stop"/>
    <member type="node" ref="10808021294" role="platform"/>
    <member type="node" ref="10808021295" role="stop"/>
    <member type="node" ref="837545845" role="platform"/>
    <member type="node" ref="1489855876" role="stop"/>
    <member type="node" ref="837545860" role="platform"/>
    <member type="node" ref="10808021281" role="stop"/>
    <member type="node" ref="10808021282" role="platform"/>
    <member type="node" ref="10808021275" role="stop"/>
    <member type="node" ref="10808021276" role="platform"/>
    <member type="node" ref="10822922889" role="stop"/>
    <member type="node" ref="10822922890" role="platform"/>
    <member type="node" ref="10808021273" role="stop"/>
    <member type="node" ref="10808021274" role="platform"/>
    <member type="node" ref="10808021271" role="stop"/>
    <member type="node" ref="480251871" role="platform"/>
    <member type="node" ref="10808021269" role="stop"/>
    <member type="node" ref="837545881" role="platform"/>
    <member type="node" ref="10808021265" role="stop"/>
    <member type="node" ref="6506513657" role="platform"/>
    <member type="node" ref="10808021261" role="stop"/>
    <member type="node" ref="605056368" role="platform"/>
    <member type="node" ref="10808021257" role="stop"/>
    <member type="node" ref="837545893" role="platform"/>
    <member type="node" ref="10820524645" role="stop"/>
    <member type="node" ref="10820524649" role="platform"/>
    <member type="node" ref="10820524643" role="stop"/>
    <member type="node" ref="10820524647" role="platform"/>
    <member type="way" ref="1162320080" role=""/>
    <member type="way" ref="679579559" role=""/>
    <member type="way" ref="679579556" role=""/>
    <member type="way" ref="679579558" role=""/>
    <member type="way" ref="1162320080" role=""/>
    <member type="way" ref="739518217" role=""/>
    <member type="way" ref="1334364549" role=""/>
    <member type="way" ref="739276999" role=""/>
    <member type="way" ref="243396963" role=""/>
    <member type="way" ref="289119557" role=""/>
    <member type="way" ref="879916859" role=""/>
    <member type="way" ref="879916858" role=""/>
    <member type="way" ref="492368083" role=""/>
    <member type="way" ref="1110116273" role=""/>
    <member type="way" ref="291298085" role=""/>
    <member type="way" ref="1393142810" role=""/>
    <member type="way" ref="240940895" role=""/>
    <member type="way" ref="432932615" role=""/>
    <member type="way" ref="547036723" role=""/>
    <member type="way" ref="700863292" role=""/>
    <member type="way" ref="514750929" role=""/>
    <member type="way" ref="39973667" role=""/>
    <member type="way" ref="39973697" role=""/>
    <member type="way" ref="39973883" role=""/>
    <member type="way" ref="1163795918" role=""/>
    <member type="way" ref="1163744343" role=""/>
    <member type="way" ref="1163744346" role=""/>
    <member type="way" ref="1163744344" role=""/>
    <member type="way" ref="1163795918" role=""/>
    <member type="way" ref="39973883" role=""/>
    <member type="way" ref="549014873" role=""/>
    <member type="way" ref="647890312" role=""/>
    <member type="way" ref="1092803964" role=""/>
    <member type="way" ref="600878208" role=""/>
    <member type="way" ref="45770180" role=""/>
    <member type="way" ref="610285454" role=""/>
    <member type="way" ref="47521028" role=""/>
    <member type="way" ref="610285455" role=""/>
    <member type="way" ref="48416388" role=""/>
    <member type="way" ref="1092803963" role=""/>
    <member type="way" ref="612908902" role=""/>
    <member type="way" ref="722151465" role=""/>
    <member type="way" ref="1163495673" role=""/>
    <member type="way" ref="1163495674" role=""/>
    <member type="way" ref="1207207251" role=""/>
    <member type="way" ref="1163495669" role=""/>
    <member type="way" ref="1163492869" role=""/>
    <member type="way" ref="1207207141" role=""/>
    <member type="way" ref="1085615622" role=""/>
    <member type="way" ref="1207207245" role=""/>
    <member type="way" ref="1163744342" role=""/>
    <tag k="air_conditioning" v="yes"/>
    <tag k="bicycle" v="yes"/>
    <tag k="blind" v="limited"/>
    <tag k="bus_class:length" v="4"/>
    <tag k="charge:all-in-one" v="90 RUB"/>
    <tag k="charge:cards" v="83 RUB"/>
    <tag k="charge:sbp" v="83 RUB"/>
    <tag k="charge:troika" v="75 RUB"/>
    <tag k="charge:troika_qr" v="75 RUB"/>
    <tag k="check_date" v="2023-04-18"/>
    <tag k="colour" v="#ff9ad2"/>
    <tag k="deaf" v="yes"/>
    <tag k="fee" v="yes"/>
    <tag k="fine:ticketless" v="5000 RUB"/>
    <tag k="from" v="Нововатутинский проспект"/>
    <tag k="name" v="Автобус с118: Нововатутинский проспект =&gt; Кварцевая улица"/>
    <tag k="network" v="Московский транспорт"/>
    <tag k="operator" v="ГУП «Мосгортранс»"/>
    <tag k="payment:cards" v="yes"/>
    <tag k="payment:cash" v="no"/>
    <tag k="payment:contactless" v="yes"/>
    <tag k="payment:maestro" v="no"/>
    <tag k="payment:mastercard" v="no"/>
    <tag k="payment:mir" v="yes"/>
    <tag k="payment:nfc" v="yes"/>
    <tag k="payment:podorozhnik" v="no"/>
    <tag k="payment:sbp" v="yes"/>
    <tag k="payment:social_cards" v="yes"/>
    <tag k="payment:strelka" v="no"/>
    <tag k="payment:troika" v="yes"/>
    <tag k="payment:visa" v="no"/>
    <tag k="public_transport:version" v="2"/>
    <tag k="ref" v="с118"/>
    <tag k="route" v="bus"/>
    <tag k="source" v="Реестр маршрутов города Москвы"/>
    <tag k="to" v="Кварцевая улица"/>
    <tag k="type" v="route"/>
    <tag k="website" v="https://transport.mos.ru/transport/schedule/route/141503974"/>
    <tag k="wheelchair" v="yes"/>
  </relation>
  <relation id="15795231" version="51" timestamp="2026-02-12T19:46:20Z" changeset="178473203" uid="2055718" user="Bobropiton">
    <member type="node" ref="10809694241" role="stop_entry_only"/>
    <member type="node" ref="1486254217" role="platform_entry_only"/>
    <member type="node" ref="10809694247" role="stop"/>
    <member type="node" ref="8294352853" role="platform"/>
    <member type="node" ref="10809694249" role="stop"/>
    <member type="node" ref="8294352873" role="platform"/>
    <member type="node" ref="10793520513" role="stop"/>
    <member type="node" ref="5140714397" role="platform"/>
    <member type="node" ref="10793520515" role="stop"/>
    <member type="node" ref="5140714399" role="platform"/>
    <member type="node" ref="10793520517" role="stop"/>
    <member type="node" ref="5140714401" role="platform"/>
    <member type="node" ref="10793520519" role="stop"/>
    <member type="node" ref="1489733039" role="platform"/>
    <member type="node" ref="10793520520" role="stop"/>
    <member type="node" ref="5140714403" role="platform"/>
    <member type="node" ref="10793520522" role="stop"/>
    <member type="node" ref="1489733036" role="platform"/>
    <member type="node" ref="10793520525" role="stop"/>
    <member type="node" ref="5140714405" role="platform"/>
    <member type="node" ref="10793520526" role="stop"/>
    <member type="node" ref="1489732995" role="platform"/>
    <member type="node" ref="11229605786" role="stop"/>
    <member type="node" ref="11229605787" role="platform"/>
    <member type="node" ref="10793520543" role="stop"/>
    <member type="node" ref="10793520544" role="platform"/>
    <member type="node" ref="10793520528" role="stop"/>
    <member type="node" ref="1489732462" role="platform"/>
    <member type="node" ref="10793520530" role="stop"/>
    <member type="node" ref="1489732075" role="platform"/>
    <member type="node" ref="10793520533" role="stop"/>
    <member type="node" ref="605067883" role="platform"/>
    <member type="node" ref="10793520534" role="stop"/>
    <member type="node" ref="1489743201" role="platform"/>
    <member type="node" ref="10793520537" role="stop"/>
    <member type="node" ref="10793520539" role="platform"/>
    <member type="node" ref="10793520557" role="stop"/>
    <member type="node" ref="5139015560" role="platform"/>
    <member type="node" ref="10793520558" role="stop"/>
    <member type="node" ref="1489743195" role="platform"/>
    <member type="node" ref="10793520561" role="stop"/>
    <member type="node" ref="5140714407" role="platform"/>
    <member type="node" ref="10793520562" role="stop"/>
    <member type="node" ref="1489743188" role="platform"/>
    <member type="node" ref="10793520565" role="stop"/>
    <member type="node" ref="1489743153" role="platform"/>
    <member type="node" ref="10793520566" role="stop"/>
    <member type="node" ref="5139015558" role="platform"/>
    <member type="node" ref="10793520568" role="stop"/>
    <member type="node" ref="10793520569" role="platform"/>
    <member type="node" ref="10860679505" role="stop"/>
    <member type="node" ref="10860679509" role="platform"/>
    <member type="node" ref="492418836" role="stop"/>
    <member type="node" ref="10860679513" role="platform"/>
    <member type="node" ref="10860679522" role="stop"/>
    <member type="node" ref="10860679550" role="platform"/>
    <member type="node" ref="10860679552" role="stop"/>
    <member type="node" ref="10860679553" role="platform"/>
    <member type="node" ref="2219259762" role="stop"/>
    <member type="node" ref="10860679556" role="platform"/>
    <member type="node" ref="10860679559" role="stop"/>
    <member type="node" ref="10860679560" role="platform"/>
    <member type="node" ref="10860679562" role="stop"/>
    <member type="node" ref="10860679571" role="platform"/>
    <member type="node" ref="10860679574" role="stop"/>
    <member type="node" ref="10860679576" role="platform"/>
    <member type="node" ref="10860679577" role="stop"/>
    <member type="node" ref="10860679579" role="platform"/>
    <member type="node" ref="10860679583" role="stop"/>
    <member type="node" ref="10860679584" role="platform"/>
    <member type="node" ref="10809738253" role="stop"/>
    <member type="node" ref="10809738254" role="platform"/>
    <member type="node" ref="10809738251" role="stop"/>
    <member type="node" ref="4897326902" role="platform"/>
    <member type="node" ref="10809738249" role="stop"/>
    <member type="node" ref="2956193294" role="platform"/>
    <member type="node" ref="11552598885" role="stop"/>
    <member type="node" ref="10892402351" role="platform"/>
    <member type="node" ref="11552598886" role="stop"/>
    <member type="node" ref="9967768633" role="platform"/>
    <member type="node" ref="10808021300" role="stop"/>
    <member type="node" ref="480177259" role="platform"/>
    <member type="node" ref="10808059007" role="stop"/>
    <member type="node" ref="10808059008" role="platform"/>
    <member type="node" ref="10808059010" role="stop"/>
    <member type="node" ref="480177235" role="platform"/>
    <member type="node" ref="10808059032" role="stop"/>
    <member type="node" ref="480177238" role="platform"/>
    <member type="node" ref="10808021304" role="stop"/>
    <member type="node" ref="1494585913" role="platform"/>
    <member type="node" ref="10808059030" role="stop"/>
    <member type="node" ref="1117490305" role="platform"/>
    <member type="node" ref="10808059034" role="stop"/>
    <member type="node" ref="1106615111" role="platform"/>
    <member type="node" ref="10808059036" role="stop"/>
    <member type="node" ref="6358763836" role="platform"/>
    <member type="node" ref="10783303628" role="stop"/>
    <member type="node" ref="1106615123" role="platform"/>
    <member type="node" ref="10784327137" role="stop"/>
    <member type="node" ref="1490614348" role="platform"/>
    <member type="node" ref="10784327140" role="stop"/>
    <member type="node" ref="1490614350" role="platform"/>
    <member type="node" ref="10784327152" role="stop"/>
    <member type="node" ref="1106644190" role="platform"/>
    <member type="node" ref="10784327153" role="stop"/>
    <member type="node" ref="6802277120" role="platform"/>
    <member type="node" ref="10784327156" role="stop"/>
    <member type="node" ref="6802277141" role="platform"/>
    <member type="node" ref="10784327158" role="stop"/>
    <member type="node" ref="6801467177" role="platform"/>
    <member type="node" ref="12401759678" role="stop"/>
    <member type="node" ref="12401759679" role="platform"/>
    <member type="node" ref="10784327159" role="stop_exit_only"/>
    <member type="node" ref="6801467146" role="platform_exit_only"/>
    <member type="way" ref="959698218" role=""/>
    <member type="way" ref="1162306428" role=""/>
    <member type="way" ref="1162306426" role=""/>
    <member type="way" ref="135322735" role=""/>
    <member type="way" ref="135322736" role=""/>
    <member type="way" ref="512015203" role=""/>
    <member type="way" ref="512015205" role=""/>
    <member type="way" ref="512015215" role=""/>
    <member type="way" ref="512015181" role=""/>
    <member type="way" ref="657826996" role=""/>
    <member type="way" ref="977012604" role=""/>
    <member type="way" ref="977012585" role=""/>
    <member type="way" ref="977012588" role=""/>
    <member type="way" ref="977012617" role=""/>
    <member type="way" ref="135322738" role=""/>
    <member type="way" ref="976971119" role=""/>
    <member type="way" ref="913458469" role=""/>
    <member type="way" ref="737637236" role=""/>
    <member type="way" ref="913458470" role=""/>
    <member type="way" ref="976786420" role=""/>
    <member type="way" ref="737637235" role=""/>
    <member type="way" ref="138413723" role=""/>
    <member type="way" ref="138413733" role=""/>
    <member type="way" ref="47521278" role=""/>
    <member type="way" ref="1160529456" role=""/>
    <member type="way" ref="737637229" role=""/>
    <member type="way" ref="737637228" role=""/>
    <member type="way" ref="969773630" role=""/>
    <member type="way" ref="969757544" role=""/>
    <member type="way" ref="47521276" role=""/>
    <member type="way" ref="976786484" role=""/>
    <member type="way" ref="39946246" role=""/>
    <member type="way" ref="39946250" role=""/>
    <member type="way" ref="549014874" role=""/>
    <member type="way" ref="516067361" role=""/>
    <member type="way" ref="39317738" role=""/>
    <member type="way" ref="40564090" role=""/>
    <member type="way" ref="879916851" role=""/>
    <member type="way" ref="40564095" role=""/>
    <member type="way" ref="40564096" role=""/>
    <member type="way" ref="292240090" role=""/>
    <member type="way" ref="879916849" role=""/>
    <member type="way" ref="48655582" role=""/>
    <member type="way" ref="879916848" role=""/>
    <member type="way" ref="1293830407" role=""/>
    <member type="way" ref="48655585" role=""/>
    <member type="way" ref="1294854145" role=""/>
    <member type="way" ref="240239877" role=""/>
    <member type="way" ref="289119556" role=""/>
    <member type="way" ref="243396963" role=""/>
    <member type="way" ref="243396960" role=""/>
    <member type="way" ref="1334364549" role=""/>
    <member type="way" ref="739518217" role=""/>
    <member type="way" ref="1162320080" role=""/>
    <member type="way" ref="679579559" role=""/>
    <member type="way" ref="679579556" role=""/>
    <member type="way" ref="1163024463" role=""/>
    <member type="way" ref="243396961" role=""/>
    <member type="way" ref="1163024462" role=""/>
    <member type="way" ref="1046197197" role=""/>
    <member type="way" ref="679189908" role=""/>
    <member type="way" ref="717125703" role=""/>
    <member type="way" ref="717125699" role=""/>
    <member type="way" ref="717125701" role=""/>
    <member type="way" ref="1162550934" role=""/>
    <member type="way" ref="679196246" role=""/>
    <member type="way" ref="541682422" role=""/>
    <member type="way" ref="122521860" role=""/>
    <member type="way" ref="984001654" role=""/>
    <member type="way" ref="292243572" role=""/>
    <member type="way" ref="40083203" role=""/>
    <member type="way" ref="39514592" role=""/>
    <member type="way" ref="292243573" role=""/>
    <member type="way" ref="93848569" role=""/>
    <member type="way" ref="93848572" role=""/>
    <member type="way" ref="23973812" role=""/>
    <member type="way" ref="239330462" role=""/>
    <member type="way" ref="239330460" role=""/>
    <member type="way" ref="541518491" role=""/>
    <member type="way" ref="541334132" role=""/>
    <member type="way" ref="541518490" role=""/>
    <member type="way" ref="553904343" role=""/>
    <member type="way" ref="1167769215" role=""/>
    <member type="way" ref="1292112464" role=""/>
    <member type="way" ref="462031977" role=""/>
    <member type="way" ref="1292112465" role=""/>
    <member type="way" ref="499959652" role=""/>
    <member type="way" ref="499959651" role=""/>
    <member type="way" ref="499959650" role=""/>
    <member type="way" ref="462031976" role=""/>
    <member type="way" ref="439132288" role=""/>
    <member type="way" ref="1195286651" role=""/>
    <member type="way" ref="1195286650" role=""/>
    <member type="way" ref="439132289" role=""/>
    <member type="way" ref="442456032" role=""/>
    <member type="way" ref="1195286652" role=""/>
    <member type="way" ref="442456031" role=""/>
    <member type="way" ref="1195280642" role=""/>
    <member type="way" ref="1316100870" role=""/>
    <member type="way" ref="1316100869" role=""/>
    <member type="way" ref="439132294" role=""/>
    <member type="way" ref="1389931938" role=""/>
    <member type="way" ref="1316100867" role=""/>
    <member type="way" ref="136325705" role=""/>
    <member type="way" ref="1316100866" role=""/>
    <member type="way" ref="124069685" role=""/>
    <member type="way" ref="489166311" role=""/>
    <member type="way" ref="45571657" role=""/>
    <member type="way" ref="1077940596" role=""/>
    <member type="way" ref="367865712" role=""/>
    <member type="way" ref="1315390865" role=""/>
    <member type="way" ref="1315390870" role=""/>
    <member type="way" ref="439060021" role=""/>
    <member type="way" ref="752018423" role=""/>
    <member type="way" ref="1159651418" role=""/>
    <member type="way" ref="696950913" role=""/>
    <member type="way" ref="696626896" role=""/>
    <member type="way" ref="1159651417" role=""/>
    <member type="way" ref="1159651415" role=""/>
    <member type="way" ref="1159651414" role=""/>
    <member type="way" ref="1163468148" role=""/>
    <member type="way" ref="1163468146" role=""/>
    <member type="way" ref="1159651413" role=""/>
    <member type="way" ref="1314736837" role=""/>
    <member type="way" ref="1159651412" role=""/>
    <member type="way" ref="1162306416" role=""/>
    <member type="way" ref="696950917" role=""/>
    <tag k="air_conditioning" v="yes"/>
    <tag k="bicycle" v="yes"/>
    <tag k="blind" v="limited"/>
    <tag k="bus_class:length" v="2"/>
    <tag k="charge:all-in-one" v="90 RUB"/>
    <tag k="charge:cards" v="83 RUB"/>
    <tag k="charge:sbp" v="83 RUB"/>
    <tag k="charge:troika" v="75 RUB"/>
    <tag k="charge:troika_qr" v="75 RUB"/>
    <tag k="check_date" v="2023-04-19"/>
    <tag k="colour" v="#ff9ad2"/>
    <tag k="deaf" v="yes"/>
    <tag k="fee" v="yes"/>
    <tag k="fine:ticketless" v="5000 RUB"/>
    <tag k="from" v="Первомайское"/>
    <tag k="name" v="Автобус с122: Первомайское =&gt; Сосенское"/>
    <tag k="network" v="Московский транспорт"/>
    <tag k="operator" v="ООО «ГорТакси»"/>
    <tag k="payment:cards" v="yes"/>
    <tag k="payment:cash" v="no"/>
    <tag k="payment:contactless" v="yes"/>
    <tag k="payment:maestro" v="no"/>
    <tag k="payment:mastercard" v="no"/>
    <tag k="payment:mir" v="yes"/>
    <tag k="payment:nfc" v="yes"/>
    <tag k="payment:podorozhnik" v="no"/>
    <tag k="payment:sbp" v="yes"/>
    <tag k="payment:social_cards" v="yes"/>
    <tag k="payment:strelka" v="no"/>
    <tag k="payment:troika" v="yes"/>
    <tag k="payment:visa" v="no"/>
    <tag k="public_transport:version" v="2"/>
    <tag k="ref" v="с122"/>
    <tag k="route" v="bus"/>
    <tag k="source" v="Реестр маршрутов города Москвы"/>
    <tag k="to" v="Сосенское"/>
    <tag k="type" v="route"/>
    <tag k="website" v="https://transport.mos.ru/transport/schedule/route/141503809"/>
    <tag k="wheelchair" v="yes"/>
  </relation>
  <relation id="15795232" version="47" timestamp="2026-02-12T19:46:20Z" changeset="178473203" uid="2055718" user="Bobropiton">
    <member type="node" ref="10784327160" role="stop_entry_only"/>
    <member type="node" ref="6801467149" role="platform_entry_only"/>
    <member type="node" ref="10784327157" role="stop"/>
    <member type="node" ref="6802277162" role="platform"/>
    <member type="node" ref="10784327155" role="stop"/>
    <member type="node" ref="6802277138" role="platform"/>
    <member type="node" ref="10784327154" role="stop"/>
    <member type="node" ref="6802277119" role="platform"/>
    <member type="node" ref="12175457414" role="stop"/>
    <member type="node" ref="1106644179" role="platform"/>
    <member type="node" ref="12181767917" role="stop"/>
    <member type="node" ref="1490614349" role="platform"/>
    <member type="node" ref="10784327138" role="stop"/>
    <member type="node" ref="5912798090" role="platform"/>
    <member type="node" ref="1390547324" role="stop"/>
    <member type="node" ref="1106615118" role="platform"/>
    <member type="node" ref="10808059037" role="stop"/>
    <member type="node" ref="6358763837" role="platform"/>
    <member type="node" ref="10808059035" role="stop"/>
    <member type="node" ref="1106615113" role="platform"/>
    <member type="node" ref="10808059033" role="stop"/>
    <member type="node" ref="480177241" role="platform"/>
    <member type="node" ref="10808059009" role="stop"/>
    <member type="node" ref="480177232" role="platform"/>
    <member type="node" ref="10808059006" role="stop"/>
    <member type="node" ref="480177265" role="platform"/>
    <member type="node" ref="10808021301" role="stop"/>
    <member type="node" ref="480177262" role="platform"/>
    <member type="node" ref="11552598887" role="stop"/>
    <member type="node" ref="9967768632" role="platform"/>
    <member type="node" ref="11552598884" role="stop"/>
    <member type="node" ref="6364701388" role="platform"/>
    <member type="node" ref="10809738250" role="stop"/>
    <member type="node" ref="4897326899" role="platform"/>
    <member type="node" ref="10809738252" role="stop"/>
    <member type="node" ref="10809738255" role="platform"/>
    <member type="node" ref="10860679581" role="stop"/>
    <member type="node" ref="10860679582" role="platform"/>
    <member type="node" ref="10860679578" role="stop"/>
    <member type="node" ref="10860679580" role="platform"/>
    <member type="node" ref="10860679573" role="stop"/>
    <member type="node" ref="10860679575" role="platform"/>
    <member type="node" ref="10860679563" role="stop"/>
    <member type="node" ref="10860679572" role="platform"/>
    <member type="node" ref="10860679558" role="stop"/>
    <member type="node" ref="10860679561" role="platform"/>
    <member type="node" ref="492418776" role="stop"/>
    <member type="node" ref="10860679557" role="platform"/>
    <member type="node" ref="10860679551" role="stop"/>
    <member type="node" ref="10860679554" role="platform"/>
    <member type="node" ref="10860679521" role="stop"/>
    <member type="node" ref="10860679549" role="platform"/>
    <member type="node" ref="10860679511" role="stop"/>
    <member type="node" ref="10860679512" role="platform"/>
    <member type="node" ref="10860669204" role="stop"/>
    <member type="node" ref="10860679510" role="platform"/>
    <member type="node" ref="10793520570" role="stop"/>
    <member type="node" ref="10793520571" role="platform"/>
    <member type="node" ref="10793520567" role="stop"/>
    <member type="node" ref="5139015557" role="platform"/>
    <member type="node" ref="10793520564" role="stop"/>
    <member type="node" ref="1489743154" role="platform"/>
    <member type="node" ref="10793520563" role="stop"/>
    <member type="node" ref="1489743193" role="platform"/>
    <member type="node" ref="10793520560" role="stop"/>
    <member type="node" ref="5140714406" role="platform"/>
    <member type="node" ref="10793520559" role="stop"/>
    <member type="node" ref="1489743194" role="platform"/>
    <member type="node" ref="10793520556" role="stop"/>
    <member type="node" ref="5139015559" role="platform"/>
    <member type="node" ref="10793520538" role="stop"/>
    <member type="node" ref="1489743200" role="platform"/>
    <member type="node" ref="10793520535" role="stop"/>
    <member type="node" ref="1489743203" role="platform"/>
    <member type="node" ref="10793520532" role="stop"/>
    <member type="node" ref="605067889" role="platform"/>
    <member type="node" ref="10793520531" role="stop"/>
    <member type="node" ref="1489732081" role="platform"/>
    <member type="node" ref="10793520529" role="stop"/>
    <member type="node" ref="1489732458" role="platform"/>
    <member type="node" ref="10793520545" role="stop"/>
    <member type="node" ref="1489732805" role="platform"/>
    <member type="node" ref="10793520546" role="stop"/>
    <member type="node" ref="5139015561" role="platform"/>
    <member type="node" ref="10793520527" role="stop"/>
    <member type="node" ref="1489733001" role="platform"/>
    <member type="node" ref="10793520524" role="stop"/>
    <member type="node" ref="5140714404" role="platform"/>
    <member type="node" ref="10793520523" role="stop"/>
    <member type="node" ref="1489733032" role="platform"/>
    <member type="node" ref="10793520521" role="stop"/>
    <member type="node" ref="5140714402" role="platform"/>
    <member type="node" ref="10793520518" role="stop"/>
    <member type="node" ref="1489733042" role="platform"/>
    <member type="node" ref="10793520516" role="stop"/>
    <member type="node" ref="5140714400" role="platform"/>
    <member type="node" ref="10793520514" role="stop"/>
    <member type="node" ref="5140714398" role="platform"/>
    <member type="node" ref="10793520511" role="stop"/>
    <member type="node" ref="5140714396" role="platform"/>
    <member type="node" ref="10809694250" role="stop"/>
    <member type="node" ref="9041215214" role="platform"/>
    <member type="node" ref="10809694248" role="stop"/>
    <member type="node" ref="10295084441" role="platform"/>
    <member type="node" ref="10809694241" role="stop_exit_only"/>
    <member type="node" ref="1486254217" role="platform_exit_only"/>
    <member type="way" ref="725180473" role=""/>
    <member type="way" ref="1167769214" role=""/>
    <member type="way" ref="1162306425" role=""/>
    <member type="way" ref="1314736838" role=""/>
    <member type="way" ref="1163468149" role=""/>
    <member type="way" ref="752018426" role=""/>
    <member type="way" ref="439060023" role=""/>
    <member type="way" ref="444464869" role=""/>
    <member type="way" ref="534311798" role=""/>
    <member type="way" ref="1316100860" role=""/>
    <member type="way" ref="534311799" role=""/>
    <member type="way" ref="1315390867" role=""/>
    <member type="way" ref="1316100871" role=""/>
    <member type="way" ref="1316100862" role=""/>
    <member type="way" ref="1316100861" role=""/>
    <member type="way" ref="677570074" role=""/>
    <member type="way" ref="1316100863" role=""/>
    <member type="way" ref="1316100865" role=""/>
    <member type="way" ref="1316100864" role=""/>
    <member type="way" ref="1315390872" role=""/>
    <member type="way" ref="1315390874" role=""/>
    <member type="way" ref="1315390876" role=""/>
    <member type="way" ref="1315390871" role=""/>
    <member type="way" ref="1316100868" role=""/>
    <member type="way" ref="1389931937" role=""/>
    <member type="way" ref="172083013" role=""/>
    <member type="way" ref="251861117" role=""/>
    <member type="way" ref="444462270" role=""/>
    <member type="way" ref="47497320" role=""/>
    <member type="way" ref="40048861" role=""/>
    <member type="way" ref="155879705" role=""/>
    <member type="way" ref="155879704" role=""/>
    <member type="way" ref="499959648" role=""/>
    <member type="way" ref="499962727" role=""/>
    <member type="way" ref="1292112454" role=""/>
    <member type="way" ref="1292112453" role=""/>
    <member type="way" ref="53585407" role=""/>
    <member type="way" ref="608467183" role=""/>
    <member type="way" ref="1162550931" role=""/>
    <member type="way" ref="23973807" role=""/>
    <member type="way" ref="39514580" role=""/>
    <member type="way" ref="93848572" role=""/>
    <member type="way" ref="93848569" role=""/>
    <member type="way" ref="292243573" role=""/>
    <member type="way" ref="39514592" role=""/>
    <member type="way" ref="40083203" role=""/>
    <member type="way" ref="292243572" role=""/>
    <member type="way" ref="984001654" role=""/>
    <member type="way" ref="122521860" role=""/>
    <member type="way" ref="612354090" role=""/>
    <member type="way" ref="1162550933" role=""/>
    <member type="way" ref="47457538" role=""/>
    <member type="way" ref="717125699" role=""/>
    <member type="way" ref="717125703" role=""/>
    <member type="way" ref="679189908" role=""/>
    <member type="way" ref="1046197197" role=""/>
    <member type="way" ref="1163024462" role=""/>
    <member type="way" ref="243396961" role=""/>
    <member type="way" ref="679579561" role=""/>
    <member type="way" ref="679579556" role=""/>
    <member type="way" ref="679579558" role=""/>
    <member type="way" ref="1162320080" role=""/>
    <member type="way" ref="739518217" role=""/>
    <member type="way" ref="1334364549" role=""/>
    <member type="way" ref="739276999" role=""/>
    <member type="way" ref="243396963" role=""/>
    <member type="way" ref="289119558" role=""/>
    <member type="way" ref="240239877" role=""/>
    <member type="way" ref="1294854145" role=""/>
    <member type="way" ref="1293830408" role=""/>
    <member type="way" ref="1293830407" role=""/>
    <member type="way" ref="879916848" role=""/>
    <member type="way" ref="48655582" role=""/>
    <member type="way" ref="879916849" role=""/>
    <member type="way" ref="292240090" role=""/>
    <member type="way" ref="40564096" role=""/>
    <member type="way" ref="40564095" role=""/>
    <member type="way" ref="879916851" role=""/>
    <member type="way" ref="40564090" role=""/>
    <member type="way" ref="39317738" role=""/>
    <member type="way" ref="516067361" role=""/>
    <member type="way" ref="549014874" role=""/>
    <member type="way" ref="39946250" role=""/>
    <member type="way" ref="39946246" role=""/>
    <member type="way" ref="976786484" role=""/>
    <member type="way" ref="47521276" role=""/>
    <member type="way" ref="969757544" role=""/>
    <member type="way" ref="969773630" role=""/>
    <member type="way" ref="737637228" role=""/>
    <member type="way" ref="737637229" role=""/>
    <member type="way" ref="1160529456" role=""/>
    <member type="way" ref="47521278" role=""/>
    <member type="way" ref="138413733" role=""/>
    <member type="way" ref="138413723" role=""/>
    <member type="way" ref="737637235" role=""/>
    <member type="way" ref="976786420" role=""/>
    <member type="way" ref="913458470" role=""/>
    <member type="way" ref="737637236" role=""/>
    <member type="way" ref="913458469" role=""/>
    <member type="way" ref="976971119" role=""/>
    <member type="way" ref="135322738" role=""/>
    <member type="way" ref="977012617" role=""/>
    <member type="way" ref="977012588" role=""/>
    <member type="way" ref="977012585" role=""/>
    <member type="way" ref="977012604" role=""/>
    <member type="way" ref="657826996" role=""/>
    <member type="way" ref="737637237" role=""/>
    <member type="way" ref="717264158" role=""/>
    <member type="way" ref="717264156" role=""/>
    <member type="way" ref="977012575" role=""/>
    <member type="way" ref="512015198" role=""/>
    <member type="way" ref="512015205" role=""/>
    <member type="way" ref="512015203" role=""/>
    <member type="way" ref="135322736" role=""/>
    <member type="way" ref="135322735" role=""/>
    <member type="way" ref="1162306426" role=""/>
    <member type="way" ref="1162306428" role=""/>
    <member type="way" ref="959698216" role=""/>
    <member type="way" ref="1162306427" role=""/>
    <tag k="air_conditioning" v="yes"/>
    <tag k="bicycle" v="yes"/>
    <tag k="blind" v="limited"/>
    <tag k="bus_class:length" v="2"/>
    <tag k="charge:all-in-one" v="90 RUB"/>
    <tag k="charge:cards" v="83 RUB"/>
    <tag k="charge:sbp" v="83 RUB"/>
    <tag k="charge:troika" v="75 RUB"/>
    <tag k="charge:troika_qr" v="75 RUB"/>
    <tag k="check_date" v="2023-05-01"/>
    <tag k="colour" v="#ff9ad2"/>
    <tag k="deaf" v="yes"/>
    <tag k="fee" v="yes"/>
    <tag k="fine:ticketless" v="5000 RUB"/>
    <tag k="from" v="Сосенское"/>
    <tag k="name" v="Автобус с122: Сосенское =&gt; Первомайское"/>
    <tag k="network" v="Московский транспорт"/>
    <tag k="operator" v="ООО «ГорТакси»"/>
    <tag k="payment:cards" v="yes"/>
    <tag k="payment:cash" v="no"/>
    <tag k="payment:contactless" v="yes"/>
    <tag k="payment:maestro" v="no"/>
    <tag k="payment:mastercard" v="no"/>
    <tag k="payment:mir" v="yes"/>
    <tag k="payment:nfc" v="yes"/>
    <tag k="payment:podorozhnik" v="no"/>
    <tag k="payment:sbp" v="yes"/>
    <tag k="payment:social_cards" v="yes"/>
    <tag k="payment:strelka" v="no"/>
    <tag k="payment:troika" v="yes"/>
    <tag k="payment:visa" v="no"/>
    <tag k="public_transport:version" v="2"/>
    <tag k="ref" v="с122"/>
    <tag k="route" v="bus"/>
    <tag k="source" v="Реестр маршрутов города Москвы"/>
    <tag k="to" v="Первомайское"/>
    <tag k="type" v="route"/>
    <tag k="website" v="https://transport.mos.ru/transport/schedule/route/141503809"/>
    <tag k="wheelchair" v="yes"/>
  </relation>
  <relation id="18292234" version="6" timestamp="2026-02-12T19:46:20Z" changeset="178473203" uid="2055718" user="Bobropiton">
    <member type="node" ref="10809738250" role="stop"/>
    <member type="node" ref="4897326899" role="platform"/>
    <member type="node" ref="10809738252" role="stop"/>
    <member type="node" ref="10809738255" role="platform"/>
    <member type="node" ref="12344874691" role="stop"/>
    <member type="node" ref="12344874693" role="platform"/>
    <member type="node" ref="12344874687" role="stop"/>
    <member type="node" ref="12344874689" role="platform"/>
    <member type="node" ref="11552598885" role="stop"/>
    <member type="node" ref="10892402351" role="platform"/>
    <member type="node" ref="11552598886" role="stop"/>
    <member type="node" ref="9967768633" role="platform"/>
    <member type="node" ref="10808021299" role="stop"/>
    <member type="node" ref="6359963690" role="platform"/>
    <member type="node" ref="10808021302" role="stop"/>
    <member type="node" ref="480177251" role="platform"/>
    <member type="node" ref="10808021304" role="stop"/>
    <member type="node" ref="1494585913" role="platform"/>
    <member type="node" ref="10808059030" role="stop"/>
    <member type="node" ref="1117490305" role="platform"/>
    <member type="node" ref="10808059034" role="stop"/>
    <member type="node" ref="1106615111" role="platform"/>
    <member type="node" ref="10783303628" role="stop"/>
    <member type="node" ref="1106615123" role="platform"/>
    <member type="node" ref="10784327137" role="stop"/>
    <member type="node" ref="1490614348" role="platform"/>
    <member type="node" ref="10784327140" role="stop"/>
    <member type="node" ref="1490614350" role="platform"/>
    <member type="node" ref="10784327152" role="stop"/>
    <member type="node" ref="1106644190" role="platform"/>
    <member type="node" ref="10784327153" role="stop"/>
    <member type="node" ref="6802277120" role="platform"/>
    <member type="node" ref="10784327156" role="stop"/>
    <member type="node" ref="6802277141" role="platform"/>
    <member type="node" ref="10784327158" role="stop"/>
    <member type="node" ref="6801467177" role="platform"/>
    <member type="node" ref="12401759678" role="stop"/>
    <member type="node" ref="12401759679" role="platform"/>
    <member type="node" ref="10784327159" role="stop_exit_only"/>
    <member type="node" ref="6801467146" role="platform_exit_only"/>
    <member type="way" ref="1334364549" role=""/>
    <member type="way" ref="739276999" role=""/>
    <member type="way" ref="243396963" role=""/>
    <member type="way" ref="289119558" role=""/>
    <member type="way" ref="240239877" role=""/>
    <member type="way" ref="1294854145" role=""/>
    <member type="way" ref="1293830408" role=""/>
    <member type="way" ref="1293830407" role=""/>
    <member type="way" ref="1328157792" role=""/>
    <member type="way" ref="679738168" role=""/>
    <member type="way" ref="679738167" role=""/>
    <member type="way" ref="1046222737" role=""/>
    <member type="way" ref="1334364548" role=""/>
    <member type="way" ref="679579556" role=""/>
    <member type="way" ref="1163024463" role=""/>
    <member type="way" ref="243396961" role=""/>
    <member type="way" ref="1163024462" role=""/>
    <member type="way" ref="1046197197" role=""/>
    <member type="way" ref="679189908" role=""/>
    <member type="way" ref="717125703" role=""/>
    <member type="way" ref="717125699" role=""/>
    <member type="way" ref="717125701" role=""/>
    <member type="way" ref="1162550934" role=""/>
    <member type="way" ref="717125702" role=""/>
    <member type="way" ref="514750934" role=""/>
    <member type="way" ref="547036721" role=""/>
    <member type="way" ref="514750935" role=""/>
    <member type="way" ref="514750936" role=""/>
    <member type="way" ref="553904343" role=""/>
    <member type="way" ref="1167769215" role=""/>
    <member type="way" ref="1292112464" role=""/>
    <member type="way" ref="462031977" role=""/>
    <member type="way" ref="1292112465" role=""/>
    <member type="way" ref="499959652" role=""/>
    <member type="way" ref="499959651" role=""/>
    <member type="way" ref="499959650" role=""/>
    <member type="way" ref="462031976" role=""/>
    <member type="way" ref="439132288" role=""/>
    <member type="way" ref="1195286651" role=""/>
    <member type="way" ref="1195286650" role=""/>
    <member type="way" ref="439132289" role=""/>
    <member type="way" ref="442456032" role=""/>
    <member type="way" ref="1195286652" role=""/>
    <member type="way" ref="442456031" role=""/>
    <member type="way" ref="1195280642" role=""/>
    <member type="way" ref="1316100870" role=""/>
    <member type="way" ref="1316100869" role=""/>
    <member type="way" ref="439132294" role=""/>
    <member type="way" ref="1389931938" role=""/>
    <member type="way" ref="1316100867" role=""/>
    <member type="way" ref="136325705" role=""/>
    <member type="way" ref="1316100866" role=""/>
    <member type="way" ref="124069685" role=""/>
    <member type="way" ref="489166311" role=""/>
    <member type="way" ref="45571657" role=""/>
    <member type="way" ref="1077940596" role=""/>
    <member type="way" ref="367865712" role=""/>
    <member type="way" ref="1315390865" role=""/>
    <member type="way" ref="1315390870" role=""/>
    <member type="way" ref="439060021" role=""/>
    <member type="way" ref="752018423" role=""/>
    <member type="way" ref="1159651418" role=""/>
    <member type="way" ref="696950913" role=""/>
    <member type="way" ref="696626896" role=""/>
    <member type="way" ref="1159651417" role=""/>
    <member type="way" ref="1159651415" role=""/>
    <member type="way" ref="1159651414" role=""/>
    <member type="way" ref="1163468148" role=""/>
    <member type="way" ref="1163468146" role=""/>
    <member type="way" ref="1159651413" role=""/>
    <member type="way" ref="1314736837" role=""/>
    <member type="way" ref="1159651412" role=""/>
    <member type="way" ref="1162306416" role=""/>
    <member type="way" ref="696950917" role=""/>
    <tag k="air_conditioning" v="yes"/>
    <tag k="bicycle" v="yes"/>
    <tag k="blind" v="limited"/>
    <tag k="bus_class:length" v="4"/>
    <tag k="charge:all-in-one" v="90 RUB"/>
    <tag k="charge:cards" v="83 RUB"/>
    <tag k="charge:sbp" v="83 RUB"/>
    <tag k="charge:troika" v="75 RUB"/>
    <tag k="charge:troika_qr" v="75 RUB"/>
    <tag k="check_date" v="2025-09-15"/>
    <tag k="colour" v="#c2e6ff"/>
    <tag k="deaf" v="yes"/>
    <tag k="fee" v="yes"/>
    <tag k="fine:ticketless" v="5000 RUB"/>
    <tag k="from" v="Нововатутинский проспект"/>
    <tag k="name" v="Автобус 102: Нововатутинский проспект =&gt; Сосенское"/>
    <tag k="network" v="Московский транспорт"/>
    <tag k="operator" v="ООО «Таксомоторный парк № 20»"/>
    <tag k="payment:cards" v="yes"/>
    <tag k="payment:cash" v="no"/>
    <tag k="payment:contactless" v="yes"/>
    <tag k="payment:maestro" v="no"/>
    <tag k="payment:mastercard" v="no"/>
    <tag k="payment:mir" v="yes"/>
    <tag k="payment:nfc" v="yes"/>
    <tag k="payment:podorozhnik" v="no"/>
    <tag k="payment:sbp" v="yes"/>
    <tag k="payment:social_cards" v="yes"/>
    <tag k="payment:strelka" v="no"/>
    <tag k="payment:troika" v="yes"/>
    <tag k="payment:visa" v="no"/>
    <tag k="public_transport:version" v="2"/>
    <tag k="ref" v="102"/>
    <tag k="route" v="bus"/>
    <tag k="source" v="Реестр маршрутов города Москвы"/>
    <tag k="to" v="Сосенское"/>
    <tag k="type" v="route"/>
    <tag k="website" v="https://transport.mos.ru/transport/schedule/route/141503864"/>
    <tag k="wheelchair" v="yes"/>
  </relation>

</osm>
