<?xml version="1.0" encoding="UTF-8"?>
<osm version="0.6" generator="Overpass API 0.7.62.11 87bfad18">
<note>The data included in this document is from www.openstreetmap.org. The data is made available under ODbL.</note>
<meta osm_base="2026-06-26T14:04:05Z"/>

  <node id="306826942" lat="55.4847871" lon="37.3062917" version="20" timestamp="2016-01-14T08:21:35Z" changeset="36565302" uid="22528" user="saintman"/>
  <node id="306828822" lat="55.4859437" lon="37.3058250" version="23" timestamp="2019-03-04T09:14:05Z" changeset="67759470" uid="2853561" user="Владимир К"/>
  <node id="306828824" lat="55.4841878" lon="37.3063054" version="21" timestamp="2020-01-13T23:59:15Z" changeset="79536914" uid="9202957" user="BigPastaDinner"/>
  <node id="306828827" lat="55.4841484" lon="37.3062318" version="10" timestamp="2020-01-13T23:59:15Z" changeset="79536914" uid="9202957" user="BigPastaDinner"/>
  <node id="306828828" lat="55.4839465" lon="37.3051907" version="13" timestamp="2010-01-29T16:45:51Z" changeset="3744542" uid="97421" user="vespex"/>
  <node id="306828829" lat="55.4838120" lon="37.3047427" version="11" timestamp="2010-01-18T09:52:10Z" changeset="3648768" uid="97421" user="vespex">
    <tag k="traffic_calming" v="hump"/>
  </node>
  <node id="306993155" lat="55.4840800" lon="37.3070195" version="7" timestamp="2016-01-14T08:21:35Z" changeset="36565302" uid="22528" user="saintman"/>
  <node id="306993157" lat="55.4838121" lon="37.3074590" version="5" timestamp="2016-01-14T08:21:35Z" changeset="36565302" uid="22528" user="saintman"/>
  <node id="307925424" lat="55.4856011" lon="37.3048346" version="6" timestamp="2015-10-24T14:54:55Z" changeset="34842187" uid="2809125" user="teddyfox78"/>
  <node id="307925425" lat="55.4857415" lon="37.3058999" version="7" timestamp="2015-10-24T14:54:55Z" changeset="34842187" uid="2809125" user="teddyfox78"/>
  <node id="473398074" lat="55.4860115" lon="37.3042526" version="52" timestamp="2023-09-17T22:55:32Z" changeset="141400514" uid="149719" user="Bloodmage">
    <tag k="amenity" v="post_office"/>
    <tag k="brand" v="Почта России"/>
    <tag k="brand:wikidata" v="Q1502763"/>
    <tag k="brand:wikipedia" v="ru:Почта России"/>
    <tag k="contact:phone" v="+7 495 8510360"/>
    <tag k="contact:website" v="https://www.pochta.ru"/>
    <tag k="name" v="Троицк 108841"/>
    <tag k="opening_hours" v="Mo-Fr 08:00-21:00; Sa-Su 09:00-20:00"/>
    <tag k="operator" v="АО «Почта России»"/>
    <tag k="ref" v="108841"/>
  </node>
  <node id="474952898" lat="55.4861208" lon="37.3067904" version="4" timestamp="2020-01-13T23:59:15Z" changeset="79536914" uid="9202957" user="BigPastaDinner"/>
  <node id="474952899" lat="55.4865141" lon="37.3078964" version="2" timestamp="2010-01-06T17:51:52Z" changeset="3555723" uid="97421" user="vespex"/>
  <node id="474957392" lat="55.4849844" lon="37.3043288" version="5" timestamp="2019-09-16T09:16:01Z" changeset="74520287" uid="10031919" user="Trutt"/>
  <node id="474957393" lat="55.4846350" lon="37.3044783" version="5" timestamp="2019-09-16T09:16:01Z" changeset="74520287" uid="10031919" user="Trutt"/>
  <node id="482261509" lat="55.4860551" lon="37.3049045" version="4" timestamp="2010-12-19T17:20:29Z" changeset="6708265" uid="97421" user="vespex"/>
  <node id="482261510" lat="55.4861418" lon="37.3055970" version="4" timestamp="2010-12-19T17:20:27Z" changeset="6708265" uid="97421" user="vespex"/>
  <node id="482261511" lat="55.4862652" lon="37.3055488" version="4" timestamp="2010-12-19T17:20:18Z" changeset="6708265" uid="97421" user="vespex"/>
  <node id="482261513" lat="55.4862839" lon="37.3056983" version="4" timestamp="2010-12-19T17:20:23Z" changeset="6708265" uid="97421" user="vespex"/>
  <node id="482261515" lat="55.4867140" lon="37.3055294" version="5" timestamp="2019-07-07T13:19:40Z" changeset="71982122" uid="1747708" user="Alexander Prokofyev"/>
  <node id="482261516" lat="55.4864277" lon="37.3050640" version="4" timestamp="2010-12-19T17:20:25Z" changeset="6708265" uid="97421" user="vespex"/>
  <node id="482261518" lat="55.4866900" lon="37.3049616" version="4" timestamp="2010-12-19T17:20:28Z" changeset="6708265" uid="97421" user="vespex"/>
  <node id="482261519" lat="55.4867600" lon="37.3055061" version="5" timestamp="2019-07-07T13:19:40Z" changeset="71982122" uid="1747708" user="Alexander Prokofyev"/>
  <node id="482261520" lat="55.4869047" lon="37.3054517" version="5" timestamp="2019-07-07T13:19:40Z" changeset="71982122" uid="1747708" user="Alexander Prokofyev"/>
  <node id="482261522" lat="55.4867999" lon="37.3046138" version="4" timestamp="2010-12-19T17:20:23Z" changeset="6708265" uid="97421" user="vespex"/>
  <node id="482261653" lat="55.4858976" lon="37.3040193" version="3" timestamp="2009-11-10T17:22:03Z" changeset="3083564" uid="79836" user="Hind"/>
  <node id="482261655" lat="55.4859307" lon="37.3042954" version="2" timestamp="2009-11-10T17:22:04Z" changeset="3083564" uid="79836" user="Hind"/>
  <node id="482261657" lat="55.4861501" lon="37.3042136" version="2" timestamp="2009-11-10T17:22:04Z" changeset="3083564" uid="79836" user="Hind"/>
  <node id="482261658" lat="55.4861287" lon="37.3040350" version="2" timestamp="2009-11-10T17:22:03Z" changeset="3083564" uid="79836" user="Hind"/>
  <node id="482264318" lat="55.4870463" lon="37.3063498" version="3" timestamp="2024-03-06T07:34:36Z" changeset="148279383" uid="8923706" user="Elizen"/>
  <node id="482264319" lat="55.4870526" lon="37.3065972" version="3" timestamp="2024-03-06T07:34:36Z" changeset="148279383" uid="8923706" user="Elizen"/>
  <node id="482264321" lat="55.4873847" lon="37.3065709" version="3" timestamp="2024-03-06T07:34:36Z" changeset="148279383" uid="8923706" user="Elizen"/>
  <node id="482264322" lat="55.4873802" lon="37.3063933" version="3" timestamp="2024-03-06T07:34:36Z" changeset="148279383" uid="8923706" user="Elizen"/>
  <node id="482264323" lat="55.4874407" lon="37.3063885" version="3" timestamp="2024-03-06T07:34:36Z" changeset="148279383" uid="8923706" user="Elizen"/>
  <node id="482264325" lat="55.4874360" lon="37.3062055" version="3" timestamp="2024-03-06T07:34:36Z" changeset="148279383" uid="8923706" user="Elizen"/>
  <node id="482264326" lat="55.4872013" lon="37.3062241" version="3" timestamp="2024-03-06T07:34:36Z" changeset="148279383" uid="8923706" user="Elizen"/>
  <node id="482264327" lat="55.4872042" lon="37.3063373" version="3" timestamp="2024-03-06T07:34:36Z" changeset="148279383" uid="8923706" user="Elizen"/>
  <node id="482264423" lat="55.4866445" lon="37.3068498" version="3" timestamp="2014-06-13T23:19:29Z" changeset="22918202" uid="2121206" user="weeg3"/>
  <node id="482264426" lat="55.4866602" lon="37.3067681" version="3" timestamp="2014-06-13T23:19:29Z" changeset="22918202" uid="2121206" user="weeg3"/>
  <node id="482264427" lat="55.4869449" lon="37.3066565" version="3" timestamp="2014-06-13T23:19:29Z" changeset="22918202" uid="2121206" user="weeg3"/>
  <node id="482264431" lat="55.4869805" lon="37.3069440" version="3" timestamp="2014-06-13T23:19:29Z" changeset="22918202" uid="2121206" user="weeg3"/>
  <node id="482264528" lat="55.4862216" lon="37.3065060" version="2" timestamp="2009-11-10T17:22:05Z" changeset="3083564" uid="79836" user="Hind"/>
  <node id="482264530" lat="55.4862431" lon="37.3067039" version="2" timestamp="2009-11-10T17:22:05Z" changeset="3083564" uid="79836" user="Hind"/>
  <node id="482264531" lat="55.4865711" lon="37.3065930" version="2" timestamp="2009-11-10T17:22:10Z" changeset="3083564" uid="79836" user="Hind"/>
  <node id="482264532" lat="55.4865553" lon="37.3064479" version="2" timestamp="2009-11-10T17:22:10Z" changeset="3083564" uid="79836" user="Hind"/>
  <node id="482264535" lat="55.4866352" lon="37.3064209" version="2" timestamp="2009-11-10T17:22:10Z" changeset="3083564" uid="79836" user="Hind"/>
  <node id="482264536" lat="55.4866169" lon="37.3062527" version="2" timestamp="2009-11-10T17:22:10Z" changeset="3083564" uid="79836" user="Hind"/>
  <node id="482264537" lat="55.4863601" lon="37.3063396" version="2" timestamp="2009-11-10T17:22:05Z" changeset="3083564" uid="79836" user="Hind"/>
  <node id="482264538" lat="55.4863726" lon="37.3064549" version="2" timestamp="2009-11-10T17:22:05Z" changeset="3083564" uid="79836" user="Hind"/>
  <node id="482264605" lat="55.4867630" lon="37.3041778" version="2" timestamp="2009-11-10T17:22:10Z" changeset="3083564" uid="79836" user="Hind"/>
  <node id="482264609" lat="55.4869064" lon="37.3041838" version="2" timestamp="2009-11-10T17:22:09Z" changeset="3083564" uid="79836" user="Hind"/>
  <node id="482265401" lat="55.4871461" lon="37.3045026" version="4" timestamp="2024-03-06T07:34:36Z" changeset="148279383" uid="8923706" user="Elizen"/>
  <node id="482265405" lat="55.4872825" lon="37.3057066" version="4" timestamp="2024-03-06T07:34:36Z" changeset="148279383" uid="8923706" user="Elizen"/>
  <node id="482265407" lat="55.4874149" lon="37.3056599" version="4" timestamp="2024-03-06T07:34:36Z" changeset="148279383" uid="8923706" user="Elizen"/>
  <node id="482265408" lat="55.4872784" lon="37.3044559" version="4" timestamp="2024-03-06T07:34:36Z" changeset="148279383" uid="8923706" user="Elizen"/>
  <node id="504916154" lat="55.4837067" lon="37.3048483" version="2" timestamp="2010-01-29T16:09:08Z" changeset="3744287" uid="97421" user="vespex"/>
  <node id="504916155" lat="55.4838448" lon="37.3052938" version="3" timestamp="2016-01-14T09:10:24Z" changeset="36565905" uid="22528" user="saintman"/>
  <node id="504916156" lat="55.4839902" lon="37.3065552" version="6" timestamp="2020-01-13T23:59:15Z" changeset="79536914" uid="9202957" user="BigPastaDinner"/>
  <node id="538159079" lat="55.4859246" lon="37.3051837" version="27" timestamp="2025-01-21T15:28:03Z" changeset="161604848" uid="2055718" user="Bobropiton">
    <tag k="bus" v="yes"/>
    <tag k="highway" v="bus_stop"/>
    <tag k="name" v="Троицк (Академическая площадь)"/>
    <tag k="public_transport" v="platform"/>
  </node>
  <node id="544085554" lat="55.4836936" lon="37.3041348" version="28" timestamp="2023-09-17T00:03:31Z" changeset="141362330" uid="461130" user="Fizzie-DWG">
    <tag k="bus" v="yes"/>
    <tag k="highway" v="bus_stop"/>
    <tag k="name" v="Октябрьский проспект, 18"/>
    <tag k="public_transport" v="platform"/>
  </node>
  <node id="560475797" lat="55.4841160" lon="37.3061012" version="2" timestamp="2020-01-13T23:59:15Z" changeset="79536914" uid="9202957" user="BigPastaDinner"/>
  <node id="582875698" lat="55.4866343" lon="37.3046821" version="44" timestamp="2023-09-17T22:47:20Z" changeset="141400391" uid="149719" user="Bloodmage">
    <tag k="amenity" v="pharmacy"/>
    <tag k="brand" v="Горздрав"/>
    <tag k="contact:email" v="info@gor-zdrav.ru"/>
    <tag k="contact:facebook" v="https://www.facebook.com/AptekaGorzdrav"/>
    <tag k="contact:instagram" v="https://www.instagram.com/gorzdrav"/>
    <tag k="contact:ok" v="https://ok.ru/group/57486617870381"/>
    <tag k="contact:phone" v="+7 499 6536277"/>
    <tag k="contact:vk" v="https://vk.com/gorzdrav"/>
    <tag k="contact:website" v="https://gorzdrav.org"/>
    <tag k="healthcare" v="pharmacy"/>
    <tag k="name" v="Горздрав"/>
    <tag k="opening_hours" v="Mo-Su 08:00-22:00"/>
  </node>
  <node id="583572103" lat="55.4835910" lon="37.3048464" version="1" timestamp="2009-12-09T14:03:29Z" changeset="3333857" uid="97421" user="vespex"/>
  <node id="595525058" lat="55.4843500" lon="37.3048833" version="6" timestamp="2016-01-14T09:10:23Z" changeset="36565905" uid="22528" user="saintman"/>
  <node id="595525061" lat="55.4854674" lon="37.3048314" version="6" timestamp="2016-01-14T09:10:23Z" changeset="36565905" uid="22528" user="saintman"/>
  <node id="595525069" lat="55.4852745" lon="37.3045836" version="6" timestamp="2016-01-14T09:10:24Z" changeset="36565905" uid="22528" user="saintman"/>
  <node id="595525071" lat="55.4844804" lon="37.3046483" version="7" timestamp="2023-01-13T11:22:38Z" changeset="131225233" uid="830106" user="literan"/>
  <node id="598526012" lat="55.4859656" lon="37.3060433" version="6" timestamp="2020-01-13T23:59:15Z" changeset="79536914" uid="9202957" user="BigPastaDinner"/>
  <node id="598526019" lat="55.4869872" lon="37.3040662" version="1" timestamp="2009-12-23T12:12:29Z" changeset="3434048" uid="97421" user="vespex"/>
  <node id="598526041" lat="55.4869309" lon="37.3054555" version="3" timestamp="2016-01-14T09:10:22Z" changeset="36565905" uid="22528" user="saintman"/>
  <node id="598526043" lat="55.4868572" lon="37.3048963" version="2" timestamp="2014-06-13T19:18:28Z" changeset="22915012" uid="2121206" user="weeg3"/>
  <node id="598526045" lat="55.4874446" lon="37.3046597" version="4" timestamp="2020-01-13T23:59:15Z" changeset="79536914" uid="9202957" user="BigPastaDinner"/>
  <node id="598526047" lat="55.4866119" lon="37.3058022" version="4" timestamp="2020-01-13T23:59:15Z" changeset="79536914" uid="9202957" user="BigPastaDinner"/>
  <node id="598526049" lat="55.4866722" lon="37.3060191" version="5" timestamp="2020-01-13T23:59:15Z" changeset="79536914" uid="9202957" user="BigPastaDinner"/>
  <node id="598526052" lat="55.4870040" lon="37.3059187" version="3" timestamp="2020-01-13T23:59:15Z" changeset="79536914" uid="9202957" user="BigPastaDinner"/>
  <node id="598526054" lat="55.4870156" lon="37.3061431" version="3" timestamp="2020-01-13T23:59:15Z" changeset="79536914" uid="9202957" user="BigPastaDinner"/>
  <node id="598526055" lat="55.4869270" lon="37.3055575" version="3" timestamp="2016-01-14T09:10:24Z" changeset="36565905" uid="22528" user="saintman"/>
  <node id="598526057" lat="55.4867067" lon="37.3062157" version="2" timestamp="2010-01-06T17:51:52Z" changeset="3555723" uid="97421" user="vespex"/>
  <node id="598526059" lat="55.4866071" lon="37.3066317" version="2" timestamp="2014-06-14T22:28:18Z" changeset="22935135" uid="2121206" user="weeg3"/>
  <node id="598526063" lat="55.4875515" lon="37.3061138" version="3" timestamp="2020-01-13T23:59:15Z" changeset="79536914" uid="9202957" user="BigPastaDinner"/>
  <node id="598526067" lat="55.4875679" lon="37.3056781" version="4" timestamp="2020-01-13T23:59:15Z" changeset="79536914" uid="9202957" user="BigPastaDinner"/>
  <node id="598526068" lat="55.4872141" lon="37.3058276" version="4" timestamp="2020-01-13T23:59:15Z" changeset="79536914" uid="9202957" user="BigPastaDinner"/>
  <node id="598526087" lat="55.4871546" lon="37.3071459" version="3" timestamp="2020-01-13T23:59:15Z" changeset="79536914" uid="9202957" user="BigPastaDinner"/>
  <node id="599914540" lat="55.4840164" lon="37.3051900" version="5" timestamp="2016-01-14T09:20:37Z" changeset="36565905" uid="22528" user="saintman"/>
  <node id="599914542" lat="55.4847260" lon="37.3062314" version="6" timestamp="2016-01-14T09:20:37Z" changeset="36565905" uid="22528" user="saintman"/>
  <node id="599916142" lat="55.4844950" lon="37.3078599" version="2" timestamp="2010-01-06T00:57:48Z" changeset="3550443" uid="97421" user="vespex"/>
  <node id="602480734" lat="55.4842440" lon="37.3063545" version="4" timestamp="2020-01-13T23:59:15Z" changeset="79536914" uid="9202957" user="BigPastaDinner"/>
  <node id="602480735" lat="55.4841131" lon="37.3065143" version="4" timestamp="2020-01-13T23:59:15Z" changeset="79536914" uid="9202957" user="BigPastaDinner"/>
  <node id="602480737" lat="55.4841650" lon="37.3067214" version="4" timestamp="2020-01-13T23:59:15Z" changeset="79536914" uid="9202957" user="BigPastaDinner"/>
  <node id="602480738" lat="55.4843170" lon="37.3063666" version="3" timestamp="2020-01-13T23:59:15Z" changeset="79536914" uid="9202957" user="BigPastaDinner"/>
  <node id="602480739" lat="55.4848644" lon="37.3064605" version="4" timestamp="2020-01-13T23:59:15Z" changeset="79536914" uid="9202957" user="BigPastaDinner">
    <tag k="highway" v="crossing"/>
  </node>
  <node id="602480740" lat="55.4853450" lon="37.3063467" version="1" timestamp="2010-01-01T11:31:41Z" changeset="3506639" uid="97421" user="vespex"/>
  <node id="602480741" lat="55.4854062" lon="37.3062968" version="1" timestamp="2010-01-01T11:31:41Z" changeset="3506639" uid="97421" user="vespex"/>
  <node id="602480742" lat="55.4854486" lon="37.3062344" version="1" timestamp="2010-01-01T11:31:41Z" changeset="3506639" uid="97421" user="vespex"/>
  <node id="602480743" lat="55.4857430" lon="37.3060183" version="1" timestamp="2010-01-01T11:31:41Z" changeset="3506639" uid="97421" user="vespex"/>
  <node id="604989333" lat="55.4854792" lon="37.3062496" version="2" timestamp="2025-11-17T20:02:16Z" changeset="174789040" uid="21851289" user="Ozon OSM1"/>
  <node id="604989338" lat="55.4854535" lon="37.3062937" version="3" timestamp="2025-11-17T20:02:16Z" changeset="174789040" uid="21851289" user="Ozon OSM1"/>
  <node id="604989340" lat="55.4858012" lon="37.3060066" version="2" timestamp="2025-11-17T20:02:16Z" changeset="174789040" uid="21851289" user="Ozon OSM1"/>
  <node id="604989341" lat="55.4860352" lon="37.3067209" version="2" timestamp="2025-11-17T20:02:16Z" changeset="174789040" uid="21851289" user="Ozon OSM1"/>
  <node id="604989342" lat="55.4859334" lon="37.3063488" version="2" timestamp="2025-11-17T20:02:16Z" changeset="174789040" uid="21851289" user="Ozon OSM1"/>
  <node id="604989343" lat="55.4858783" lon="37.3060188" version="3" timestamp="2025-11-17T20:02:16Z" changeset="174789040" uid="21851289" user="Ozon OSM1">
    <tag k="barrier" v="entrance"/>
  </node>
  <node id="604989345" lat="55.4856479" lon="37.3068559" version="2" timestamp="2020-04-12T14:36:50Z" changeset="83429600" uid="2121206" user="weeg3"/>
  <node id="604989348" lat="55.4857106" lon="37.3071115" version="2" timestamp="2025-11-17T20:02:16Z" changeset="174789040" uid="21851289" user="Ozon OSM1"/>
  <node id="604989350" lat="55.4859298" lon="37.3069175" version="2" timestamp="2025-11-17T20:02:16Z" changeset="174789040" uid="21851289" user="Ozon OSM1"/>
  <node id="605204197" lat="55.4856253" lon="37.3061436" version="2" timestamp="2025-11-17T20:02:16Z" changeset="174789040" uid="21851289" user="Ozon OSM1">
    <tag k="barrier" v="entrance"/>
  </node>
  <node id="605204250" lat="55.4875099" lon="37.3045803" version="4" timestamp="2020-04-13T10:32:09Z" changeset="83469754" uid="2121206" user="weeg3"/>
  <node id="605204253" lat="55.4873411" lon="37.3040420" version="4" timestamp="2020-04-13T10:32:09Z" changeset="83469754" uid="2121206" user="weeg3"/>
  <node id="606267618" lat="55.4858123" lon="37.3046426" version="4" timestamp="2019-03-04T09:14:05Z" changeset="67759470" uid="2853561" user="Владимир К"/>
  <node id="606267629" lat="55.4859474" lon="37.3048529" version="1" timestamp="2010-01-06T00:57:41Z" changeset="3550443" uid="97421" user="vespex"/>
  <node id="606267631" lat="55.4863118" lon="37.3045062" version="2" timestamp="2016-01-14T09:10:21Z" changeset="36565905" uid="22528" user="saintman"/>
  <node id="606267633" lat="55.4859209" lon="37.3046493" version="2" timestamp="2016-01-14T09:10:21Z" changeset="36565905" uid="22528" user="saintman"/>
  <node id="606267638" lat="55.4861224" lon="37.3059711" version="4" timestamp="2020-01-13T23:59:15Z" changeset="79536914" uid="9202957" user="BigPastaDinner"/>
  <node id="606267640" lat="55.4859845" lon="37.3062156" version="3" timestamp="2020-01-13T23:59:15Z" changeset="79536914" uid="9202957" user="BigPastaDinner"/>
  <node id="606267642" lat="55.4860392" lon="37.3063954" version="37" timestamp="2023-09-17T22:34:53Z" changeset="141400216" uid="149719" user="Bloodmage">
    <tag k="name" v="Мороженое"/>
    <tag k="shop" v="ice_cream"/>
  </node>
  <node id="606267651" lat="55.4848302" lon="37.3074681" version="2" timestamp="2020-04-13T10:20:40Z" changeset="83468890" uid="2121206" user="weeg3"/>
  <node id="606267652" lat="55.4842862" lon="37.3074977" version="1" timestamp="2010-01-06T00:57:42Z" changeset="3550443" uid="97421" user="vespex"/>
  <node id="606267678" lat="55.4873166" lon="37.3040361" version="2" timestamp="2014-06-13T19:15:45Z" changeset="22914965" uid="2121206" user="weeg3"/>
  <node id="606267703" lat="55.4871588" lon="37.3044248" version="3" timestamp="2014-06-14T19:07:34Z" changeset="22931313" uid="2121206" user="weeg3"/>
  <node id="606267704" lat="55.4873241" lon="37.3043275" version="2" timestamp="2010-01-06T17:51:52Z" changeset="3555723" uid="97421" user="vespex"/>
  <node id="606967076" lat="55.4865968" lon="37.3059936" version="3" timestamp="2020-01-13T23:59:15Z" changeset="79536914" uid="9202957" user="BigPastaDinner"/>
  <node id="606967077" lat="55.4870821" lon="37.3068955" version="1" timestamp="2010-01-06T17:51:39Z" changeset="3555723" uid="97421" user="vespex"/>
  <node id="616115552" lat="55.4851813" lon="37.3066207" version="2" timestamp="2014-06-14T22:27:21Z" changeset="22935119" uid="2121206" user="weeg3"/>
  <node id="616115554" lat="55.4850867" lon="37.3067260" version="2" timestamp="2014-06-14T22:27:21Z" changeset="22935119" uid="2121206" user="weeg3"/>
  <node id="616115556" lat="55.4851607" lon="37.3061380" version="1" timestamp="2010-01-18T09:43:37Z" changeset="3648710" uid="97421" user="vespex"/>
  <node id="616115558" lat="55.4852192" lon="37.3062875" version="2" timestamp="2014-06-14T22:27:21Z" changeset="22935119" uid="2121206" user="weeg3"/>
  <node id="616115562" lat="55.4862156" lon="37.3075194" version="2" timestamp="2014-06-14T22:27:21Z" changeset="22935119" uid="2121206" user="weeg3"/>
  <node id="616115565" lat="55.4862985" lon="37.3077514" version="2" timestamp="2014-06-14T22:27:21Z" changeset="22935119" uid="2121206" user="weeg3"/>
  <node id="616115569" lat="55.4857560" lon="37.3077630" version="3" timestamp="2020-01-13T23:59:15Z" changeset="79536914" uid="9202957" user="BigPastaDinner"/>
  <node id="616115572" lat="55.4862997" lon="37.3072659" version="3" timestamp="2020-01-13T23:59:15Z" changeset="79536914" uid="9202957" user="BigPastaDinner"/>
  <node id="622424392" lat="55.4838788" lon="37.3045850" version="4" timestamp="2016-01-14T09:20:38Z" changeset="36565905" uid="22528" user="saintman"/>
  <node id="622424393" lat="55.4846375" lon="37.3046428" version="3" timestamp="2016-01-14T09:10:24Z" changeset="36565905" uid="22528" user="saintman"/>
  <node id="844617476" lat="55.4865252" lon="37.3072044" version="49" timestamp="2023-09-17T22:47:20Z" changeset="141400391" uid="149719" user="Bloodmage">
    <tag k="amenity" v="bank"/>
    <tag k="branch" v="Московский банк"/>
    <tag k="contact:facebook" v="https://www.facebook.com/sberbank"/>
    <tag k="contact:instagram" v="https://www.instagram.com/sberbank/"/>
    <tag k="contact:ok" v="https://ok.ru/sberbank"/>
    <tag k="contact:phone" v="+7 495 8510627"/>
    <tag k="contact:twitter" v="https://twitter.com/sberbank/"/>
    <tag k="contact:vk" v="https://vk.com/sberbank"/>
    <tag k="contact:website" v="https://www.sberbank.ru"/>
    <tag k="contact:youtube" v="https://www.youtube.com/sberbank"/>
    <tag k="name" v="Сбербанк"/>
    <tag k="name:en" v="Sberbank"/>
    <tag k="opening_hours" v="Mo-Fr 09:30-18:30; Sa 09:00-14:00"/>
    <tag k="operator" v="ПАО Сбербанк"/>
    <tag k="operator:wikidata" v="Q205012"/>
    <tag k="operator:wikipedia" v="ru:Сбербанк России"/>
    <tag k="ref" v="9038/01810"/>
    <tag k="wheelchair" v="yes"/>
  </node>
  <node id="958509242" lat="55.4848825" lon="37.3074925" version="2" timestamp="2020-01-13T23:59:15Z" changeset="79536914" uid="9202957" user="BigPastaDinner"/>
  <node id="958509248" lat="55.4847138" lon="37.3070987" version="3" timestamp="2020-01-13T23:59:15Z" changeset="79536914" uid="9202957" user="BigPastaDinner"/>
  <node id="958509251" lat="55.4844866" lon="37.3072429" version="3" timestamp="2020-01-13T23:59:15Z" changeset="79536914" uid="9202957" user="BigPastaDinner"/>
  <node id="958509254" lat="55.4844034" lon="37.3072492" version="3" timestamp="2020-01-13T23:59:15Z" changeset="79536914" uid="9202957" user="BigPastaDinner"/>
  <node id="958509256" lat="55.4842670" lon="37.3071713" version="3" timestamp="2020-01-13T23:59:15Z" changeset="79536914" uid="9202957" user="BigPastaDinner"/>
  <node id="958509263" lat="55.4841880" lon="37.3069500" version="1" timestamp="2010-10-20T18:42:46Z" changeset="6118787" uid="48711" user="gogast"/>
  <node id="958509279" lat="55.4836610" lon="37.3040949" version="2" timestamp="2016-01-14T09:10:22Z" changeset="36565905" uid="22528" user="saintman"/>
  <node id="1010854717" lat="55.4858285" lon="37.3047409" version="4" timestamp="2019-03-04T09:14:05Z" changeset="67759470" uid="2853561" user="Владимир К"/>
  <node id="1646976632" lat="55.4873005" lon="37.3069851" version="2" timestamp="2025-06-23T19:11:47Z" changeset="168018096" uid="10059160" user="YOT-TAK-YOT"/>
  <node id="1657736902" lat="55.4854287" lon="37.3045262" version="3" timestamp="2016-01-14T09:10:23Z" changeset="36565905" uid="22528" user="saintman"/>
  <node id="2241751087" lat="55.4846910" lon="37.3077018" version="1" timestamp="2013-04-01T10:37:36Z" changeset="15565384" uid="1307037" user="Sasha85"/>
  <node id="2241751130" lat="55.4842637" lon="37.3079234" version="1" timestamp="2013-04-01T10:37:37Z" changeset="15565384" uid="1307037" user="Sasha85"/>
  <node id="2241751158" lat="55.4841557" lon="37.3078986" version="1" timestamp="2013-04-01T10:37:37Z" changeset="15565384" uid="1307037" user="Sasha85"/>
  <node id="2241751167" lat="55.4844554" lon="37.3075362" version="1" timestamp="2013-04-01T10:37:37Z" changeset="15565384" uid="1307037" user="Sasha85"/>
  <node id="2241751190" lat="55.4847306" lon="37.3074630" version="1" timestamp="2013-04-01T10:37:38Z" changeset="15565384" uid="1307037" user="Sasha85"/>
  <node id="2241751266" lat="55.4841924" lon="37.3080021" version="1" timestamp="2013-04-01T10:37:39Z" changeset="15565384" uid="1307037" user="Sasha85"/>
  <node id="2241751272" lat="55.4846429" lon="37.3072125" version="1" timestamp="2013-04-01T10:37:39Z" changeset="15565384" uid="1307037" user="Sasha85"/>
  <node id="2241751287" lat="55.4848854" lon="37.3079516" version="1" timestamp="2013-04-01T10:37:39Z" changeset="15565384" uid="1307037" user="Sasha85"/>
  <node id="2241751329" lat="55.4844945" lon="37.3073744" version="1" timestamp="2013-04-01T10:37:39Z" changeset="15565384" uid="1307037" user="Sasha85"/>
  <node id="2241751354" lat="55.4840464" lon="37.3079677" version="1" timestamp="2013-04-01T10:37:40Z" changeset="15565384" uid="1307037" user="Sasha85"/>
  <node id="2241751375" lat="55.4848301" lon="37.3077463" version="1" timestamp="2013-04-01T10:37:40Z" changeset="15565384" uid="1307037" user="Sasha85"/>
  <node id="2241751401" lat="55.4847382" lon="37.3078425" version="1" timestamp="2013-04-01T10:37:41Z" changeset="15565384" uid="1307037" user="Sasha85"/>
  <node id="2241751412" lat="55.4845244" lon="37.3077170" version="1" timestamp="2013-04-01T10:37:41Z" changeset="15565384" uid="1307037" user="Sasha85"/>
  <node id="2241751426" lat="55.4844573" lon="37.3077966" version="1" timestamp="2013-04-01T10:37:41Z" changeset="15565384" uid="1307037" user="Sasha85"/>
  <node id="2241751440" lat="55.4842270" lon="37.3078199" version="1" timestamp="2013-04-01T10:37:41Z" changeset="15565384" uid="1307037" user="Sasha85"/>
  <node id="2241751442" lat="55.4843884" lon="37.3076158" version="1" timestamp="2013-04-01T10:37:41Z" changeset="15565384" uid="1307037" user="Sasha85"/>
  <node id="2241751446" lat="55.4847829" lon="37.3076056" version="1" timestamp="2013-04-01T10:37:41Z" changeset="15565384" uid="1307037" user="Sasha85"/>
  <node id="2241751471" lat="55.4845822" lon="37.3076249" version="1" timestamp="2013-04-01T10:37:42Z" changeset="15565384" uid="1307037" user="Sasha85"/>
  <node id="2241780285" lat="55.4869738" lon="37.3076441" version="1" timestamp="2013-04-01T10:48:43Z" changeset="15565384" uid="1307037" user="Sasha85"/>
  <node id="2241780293" lat="55.4873595" lon="37.3078090" version="1" timestamp="2013-04-01T10:48:43Z" changeset="15565384" uid="1307037" user="Sasha85"/>
  <node id="2241780297" lat="55.4867810" lon="37.3079215" version="1" timestamp="2013-04-01T10:48:43Z" changeset="15565384" uid="1307037" user="Sasha85"/>
  <node id="2241780313" lat="55.4873956" lon="37.3079201" version="1" timestamp="2013-04-01T10:48:43Z" changeset="15565384" uid="1307037" user="Sasha85"/>
  <node id="2241780347" lat="55.4868858" lon="37.3077439" version="1" timestamp="2013-04-01T10:48:44Z" changeset="15565384" uid="1307037" user="Sasha85"/>
  <node id="2241780381" lat="55.4870129" lon="37.3077517" version="1" timestamp="2013-04-01T10:48:44Z" changeset="15565384" uid="1307037" user="Sasha85"/>
  <node id="2241780400" lat="55.4872447" lon="37.3079250" version="1" timestamp="2013-04-01T10:48:44Z" changeset="15565384" uid="1307037" user="Sasha85"/>
  <node id="2241780406" lat="55.4869250" lon="37.3078514" version="1" timestamp="2013-04-01T10:48:45Z" changeset="15565384" uid="1307037" user="Sasha85"/>
  <node id="2241826924" lat="55.4875543" lon="37.3074584" version="1" timestamp="2013-04-01T11:06:58Z" changeset="15565384" uid="1307037" user="Sasha85"/>
  <node id="2379443003" lat="55.4857147" lon="37.3047878" version="2" timestamp="2021-03-09T18:42:50Z" changeset="100728345" uid="830106" user="literan"/>
  <node id="2379443004" lat="55.4858454" lon="37.3058660" version="1" timestamp="2013-07-09T19:31:10Z" changeset="16891159" uid="74089" user="Zergus"/>
  <node id="2379740650" lat="55.4856452" lon="37.3044625" version="2" timestamp="2016-01-14T09:10:21Z" changeset="36565905" uid="22528" user="saintman"/>
  <node id="2379740651" lat="55.4857674" lon="37.3044028" version="3" timestamp="2019-03-04T09:14:05Z" changeset="67759470" uid="2853561" user="Владимир К"/>
  <node id="2484610894" lat="55.4851454" lon="37.3057022" version="25" timestamp="2025-01-21T15:28:03Z" changeset="161604848" uid="2055718" user="Bobropiton">
    <tag k="bus" v="yes"/>
    <tag k="highway" v="bus_stop"/>
    <tag k="name" v="Троицк (Академическая площадь)"/>
    <tag k="public_transport" v="platform"/>
  </node>
  <node id="2914870134" lat="55.4841773" lon="37.3062280" version="3" timestamp="2016-01-14T09:20:38Z" changeset="36565905" uid="22528" user="saintman"/>
  <node id="2914870135" lat="55.4844222" lon="37.3050796" version="2" timestamp="2016-01-14T09:10:22Z" changeset="36565905" uid="22528" user="saintman"/>
  <node id="2914870136" lat="55.4845237" lon="37.3051574" version="2" timestamp="2016-01-14T09:10:22Z" changeset="36565905" uid="22528" user="saintman"/>
  <node id="2914870137" lat="55.4846256" lon="37.3051219" version="2" timestamp="2016-01-14T09:10:22Z" changeset="36565905" uid="22528" user="saintman"/>
  <node id="2914870138" lat="55.4846418" lon="37.3052343" version="2" timestamp="2016-01-14T09:10:22Z" changeset="36565905" uid="22528" user="saintman"/>
  <node id="2914880375" lat="55.4847841" lon="37.3071388" version="1" timestamp="2014-06-13T19:13:15Z" changeset="22914925" uid="2121206" user="weeg3"/>
  <node id="2914880376" lat="55.4849078" lon="37.3069964" version="1" timestamp="2014-06-13T19:13:15Z" changeset="22914925" uid="2121206" user="weeg3"/>
  <node id="2914890993" lat="55.4871414" lon="37.3040103" version="1" timestamp="2014-06-13T19:15:45Z" changeset="22914965" uid="2121206" user="weeg3"/>
  <node id="2914890996" lat="55.4872416" lon="37.3040324" version="1" timestamp="2014-06-13T19:15:45Z" changeset="22914965" uid="2121206" user="weeg3"/>
  <node id="2914895635" lat="55.4868416" lon="37.3057030" version="2" timestamp="2016-01-14T09:10:22Z" changeset="36565905" uid="22528" user="saintman"/>
  <node id="2914895636" lat="55.4868832" lon="37.3050483" version="1" timestamp="2014-06-13T19:18:27Z" changeset="22915012" uid="2121206" user="weeg3"/>
  <node id="2914895637" lat="55.4868981" lon="37.3051913" version="1" timestamp="2014-06-13T19:18:27Z" changeset="22915012" uid="2121206" user="weeg3"/>
  <node id="2914895638" lat="55.4869033" lon="37.3052128" version="1" timestamp="2014-06-13T19:18:27Z" changeset="22915012" uid="2121206" user="weeg3"/>
  <node id="2914895639" lat="55.4869594" lon="37.3050193" version="1" timestamp="2014-06-13T19:18:27Z" changeset="22915012" uid="2121206" user="weeg3"/>
  <node id="2914895640" lat="55.4869795" lon="37.3051838" version="1" timestamp="2014-06-13T19:18:27Z" changeset="22915012" uid="2121206" user="weeg3"/>
  <node id="2914911563" lat="55.4864917" lon="37.3041167" version="1" timestamp="2014-06-13T19:23:26Z" changeset="22915098" uid="2121206" user="weeg3"/>
  <node id="2914911564" lat="55.4865046" lon="37.3042288" version="1" timestamp="2014-06-13T19:23:26Z" changeset="22915098" uid="2121206" user="weeg3"/>
  <node id="2914911565" lat="55.4865865" lon="37.3040828" version="1" timestamp="2014-06-13T19:23:26Z" changeset="22915098" uid="2121206" user="weeg3"/>
  <node id="2914911566" lat="55.4865994" lon="37.3041948" version="1" timestamp="2014-06-13T19:23:26Z" changeset="22915098" uid="2121206" user="weeg3"/>
  <node id="2914926798" lat="55.4869158" lon="37.3056211" version="1" timestamp="2014-06-13T19:28:20Z" changeset="22915186" uid="2121206" user="weeg3"/>
  <node id="2914926799" lat="55.4869468" lon="37.3059298" version="1" timestamp="2014-06-13T19:28:20Z" changeset="22915186" uid="2121206" user="weeg3"/>
  <node id="2914926800" lat="55.4869882" lon="37.3046029" version="2" timestamp="2014-06-14T19:07:33Z" changeset="22931313" uid="2121206" user="weeg3"/>
  <node id="2914927201" lat="55.4869801" lon="37.3054961" version="1" timestamp="2014-06-13T19:28:21Z" changeset="22915186" uid="2121206" user="weeg3"/>
  <node id="2914927202" lat="55.4870607" lon="37.3045796" version="2" timestamp="2014-06-14T19:07:33Z" changeset="22931313" uid="2121206" user="weeg3"/>
  <node id="2914927203" lat="55.4870575" lon="37.3054726" version="1" timestamp="2014-06-13T19:28:21Z" changeset="22915186" uid="2121206" user="weeg3"/>
  <node id="2914927204" lat="55.4871062" lon="37.3058516" version="1" timestamp="2014-06-13T19:28:21Z" changeset="22915186" uid="2121206" user="weeg3"/>
  <node id="2914927205" lat="55.4871119" lon="37.3058029" version="2" timestamp="2014-06-14T19:07:33Z" changeset="22931313" uid="2121206" user="weeg3"/>
  <node id="2914927206" lat="55.4871845" lon="37.3057796" version="2" timestamp="2014-06-14T19:07:33Z" changeset="22931313" uid="2121206" user="weeg3"/>
  <node id="2915124966" lat="55.4847279" lon="37.3043856" version="3" timestamp="2019-06-10T23:43:25Z" changeset="71121259" uid="10031919" user="Trutt"/>
  <node id="2915124968" lat="55.4849271" lon="37.3042939" version="3" timestamp="2019-06-10T23:43:25Z" changeset="71121259" uid="10031919" user="Trutt"/>
  <node id="2915158471" lat="55.4858317" lon="37.3072473" version="1" timestamp="2014-06-13T22:43:44Z" changeset="22917829" uid="2121206" user="weeg3"/>
  <node id="2915158472" lat="55.4858951" lon="37.3074450" version="1" timestamp="2014-06-13T22:43:44Z" changeset="22917829" uid="2121206" user="weeg3"/>
  <node id="2915158473" lat="55.4859832" lon="37.3070961" version="1" timestamp="2014-06-13T22:43:44Z" changeset="22917829" uid="2121206" user="weeg3"/>
  <node id="2915158474" lat="55.4860466" lon="37.3072938" version="1" timestamp="2014-06-13T22:43:44Z" changeset="22917829" uid="2121206" user="weeg3"/>
  <node id="2915170486" lat="55.4857873" lon="37.3045517" version="3" timestamp="2019-03-04T09:14:05Z" changeset="67759470" uid="2853561" user="Владимир К">
    <tag k="highway" v="crossing"/>
  </node>
  <node id="2915170487" lat="55.4874654" lon="37.3067823" version="4" timestamp="2021-05-31T08:37:39Z" changeset="105608393" uid="2121206" user="weeg3">
    <tag k="crossing" v="uncontrolled"/>
    <tag k="crossing:island" v="no"/>
    <tag k="highway" v="crossing"/>
    <tag k="tactile_paving" v="no"/>
  </node>
  <node id="2915211524" lat="55.4863495" lon="37.3068591" version="1" timestamp="2014-06-13T23:19:28Z" changeset="22918202" uid="2121206" user="weeg3"/>
  <node id="2915211525" lat="55.4863942" lon="37.3072059" version="1" timestamp="2014-06-13T23:19:28Z" changeset="22918202" uid="2121206" user="weeg3"/>
  <node id="2915211526" lat="55.4864684" lon="37.3071835" version="1" timestamp="2014-06-13T23:19:28Z" changeset="22918202" uid="2121206" user="weeg3"/>
  <node id="2915211527" lat="55.4864971" lon="37.3074320" version="1" timestamp="2014-06-13T23:19:28Z" changeset="22918202" uid="2121206" user="weeg3"/>
  <node id="2915211528" lat="55.4865662" lon="37.3067892" version="1" timestamp="2014-06-13T23:19:28Z" changeset="22918202" uid="2121206" user="weeg3"/>
  <node id="2915211529" lat="55.4866286" lon="37.3073353" version="1" timestamp="2014-06-13T23:19:28Z" changeset="22918202" uid="2121206" user="weeg3"/>
  <node id="2915211530" lat="55.4866328" lon="37.3073695" version="1" timestamp="2014-06-13T23:19:28Z" changeset="22918202" uid="2121206" user="weeg3"/>
  <node id="2915211531" lat="55.4866352" lon="37.3067197" version="1" timestamp="2014-06-13T23:19:29Z" changeset="22918202" uid="2121206" user="weeg3"/>
  <node id="2915211532" lat="55.4866671" lon="37.3068369" version="1" timestamp="2014-06-13T23:19:29Z" changeset="22918202" uid="2121206" user="weeg3"/>
  <node id="2915211533" lat="55.4866885" lon="37.3072684" version="1" timestamp="2014-06-13T23:19:29Z" changeset="22918202" uid="2121206" user="weeg3"/>
  <node id="2915211534" lat="55.4866969" lon="37.3073175" version="1" timestamp="2014-06-13T23:19:29Z" changeset="22918202" uid="2121206" user="weeg3"/>
  <node id="2915211535" lat="55.4867939" lon="37.3070719" version="1" timestamp="2014-06-13T23:19:29Z" changeset="22918202" uid="2121206" user="weeg3"/>
  <node id="2915211536" lat="55.4868099" lon="37.3071567" version="1" timestamp="2014-06-13T23:19:29Z" changeset="22918202" uid="2121206" user="weeg3"/>
  <node id="2915211537" lat="55.4869861" lon="37.3069975" version="1" timestamp="2014-06-13T23:19:29Z" changeset="22918202" uid="2121206" user="weeg3"/>
  <node id="2915376910" lat="55.4855617" lon="37.3059795" version="1" timestamp="2014-06-14T03:29:00Z" changeset="22919777" uid="2121206" user="weeg3">
    <tag k="highway" v="crossing"/>
  </node>
  <node id="2916315908" lat="55.4866806" lon="37.3043243" version="1" timestamp="2014-06-14T19:07:31Z" changeset="22931313" uid="2121206" user="weeg3"/>
  <node id="2916315909" lat="55.4866834" lon="37.3045928" version="1" timestamp="2014-06-14T19:07:31Z" changeset="22931313" uid="2121206" user="weeg3"/>
  <node id="2916315911" lat="55.4870647" lon="37.3044580" version="1" timestamp="2014-06-14T19:07:31Z" changeset="22931313" uid="2121206" user="weeg3"/>
  <node id="2916315912" lat="55.4870843" lon="37.3042317" version="1" timestamp="2014-06-14T19:07:31Z" changeset="22931313" uid="2121206" user="weeg3"/>
  <node id="2916315913" lat="55.4875576" lon="37.3047063" version="1" timestamp="2014-06-14T19:07:31Z" changeset="22931313" uid="2121206" user="weeg3"/>
  <node id="2916552152" lat="55.4867285" lon="37.3064474" version="1" timestamp="2014-06-14T22:21:02Z" changeset="22935043" uid="2121206" user="weeg3"/>
  <node id="2916552153" lat="55.4867665" lon="37.3071228" version="33" timestamp="2023-09-17T22:47:20Z" changeset="141400391" uid="149719" user="Bloodmage">
    <tag k="amenity" v="library"/>
    <tag k="name" v="Троицкая библиотека №1 им. Михайловых"/>
    <tag k="opening_hours" v="Sa 10:00-18:00; Tu-Fr 11:00-19:00"/>
  </node>
  <node id="2916555486" lat="55.4849372" lon="37.3064274" version="1" timestamp="2014-06-14T22:27:20Z" changeset="22935119" uid="2121206" user="weeg3"/>
  <node id="2916555487" lat="55.4849908" lon="37.3064462" version="1" timestamp="2014-06-14T22:27:20Z" changeset="22935119" uid="2121206" user="weeg3"/>
  <node id="2916555488" lat="55.4850338" lon="37.3066174" version="1" timestamp="2014-06-14T22:27:20Z" changeset="22935119" uid="2121206" user="weeg3"/>
  <node id="2916555489" lat="55.4851880" lon="37.3063564" version="1" timestamp="2014-06-14T22:27:20Z" changeset="22935119" uid="2121206" user="weeg3"/>
  <node id="2916555490" lat="55.4852262" lon="37.3064911" version="1" timestamp="2014-06-14T22:27:20Z" changeset="22935119" uid="2121206" user="weeg3"/>
  <node id="2916555494" lat="55.4864494" lon="37.3077011" version="2" timestamp="2020-01-13T23:59:15Z" changeset="79536914" uid="9202957" user="BigPastaDinner"/>
  <node id="2916563662" lat="55.4861765" lon="37.3069385" version="3" timestamp="2020-01-13T23:59:15Z" changeset="79536914" uid="9202957" user="BigPastaDinner"/>
  <node id="3800837176" lat="55.4856553" lon="37.3052522" version="1" timestamp="2015-10-24T14:54:53Z" changeset="34842187" uid="2809125" user="teddyfox78"/>
  <node id="3800837177" lat="55.4856613" lon="37.3054575" version="1" timestamp="2015-10-24T14:54:53Z" changeset="34842187" uid="2809125" user="teddyfox78"/>
  <node id="3800837178" lat="55.4856218" lon="37.3056407" version="1" timestamp="2015-10-24T14:54:53Z" changeset="34842187" uid="2809125" user="teddyfox78"/>
  <node id="3800837179" lat="55.4855527" lon="37.3057586" version="1" timestamp="2015-10-24T14:54:53Z" changeset="34842187" uid="2809125" user="teddyfox78"/>
  <node id="3800837180" lat="55.4850436" lon="37.3059415" version="1" timestamp="2015-10-24T14:54:53Z" changeset="34842187" uid="2809125" user="teddyfox78"/>
  <node id="3800837181" lat="55.4849353" lon="37.3060350" version="1" timestamp="2015-10-24T14:54:53Z" changeset="34842187" uid="2809125" user="teddyfox78"/>
  <node id="3945365378" lat="55.4838159" lon="37.3066131" version="2" timestamp="2020-01-13T23:59:15Z" changeset="79536914" uid="9202957" user="BigPastaDinner"/>
  <node id="3945365379" lat="55.4839317" lon="37.3067915" version="2" timestamp="2020-01-13T23:59:15Z" changeset="79536914" uid="9202957" user="BigPastaDinner"/>
  <node id="3945435456" lat="55.4849744" lon="37.3042652" version="1" timestamp="2016-01-14T09:10:19Z" changeset="36565905" uid="22528" user="saintman"/>
  <node id="3945435457" lat="55.4852641" lon="37.3045022" version="1" timestamp="2016-01-14T09:10:19Z" changeset="36565905" uid="22528" user="saintman"/>
  <node id="3945435458" lat="55.4843040" lon="37.3053842" version="1" timestamp="2016-01-14T09:10:19Z" changeset="36565905" uid="22528" user="saintman"/>
  <node id="3945435459" lat="55.4850837" lon="37.3042255" version="1" timestamp="2016-01-14T09:10:19Z" changeset="36565905" uid="22528" user="saintman"/>
  <node id="3945435462" lat="55.4846262" lon="37.3057517" version="38" timestamp="2026-03-09T07:41:28Z" changeset="179566686" uid="12100948" user="kate_rocketdata">
    <tag k="amenity" v="pharmacy"/>
    <tag k="contact:phone" v="+7 499 6536277"/>
    <tag k="contact:website" v="https://gorzdrav.org"/>
    <tag k="healthcare" v="pharmacy"/>
    <tag k="name" v="Горздрав"/>
    <tag k="opening_hours" v="Mo-Su 08:00-22:00"/>
  </node>
  <node id="3945435463" lat="55.4844864" lon="37.3052930" version="1" timestamp="2016-01-14T09:10:19Z" changeset="36565905" uid="22528" user="saintman"/>
  <node id="3945435464" lat="55.4842858" lon="37.3049363" version="1" timestamp="2016-01-14T09:10:19Z" changeset="36565905" uid="22528" user="saintman"/>
  <node id="3945435466" lat="55.4841262" lon="37.3051455" version="1" timestamp="2016-01-14T09:10:19Z" changeset="36565905" uid="22528" user="saintman"/>
  <node id="3945435467" lat="55.4844180" lon="37.3061003" version="1" timestamp="2016-01-14T09:10:19Z" changeset="36565905" uid="22528" user="saintman"/>
  <node id="3945435468" lat="55.4846201" lon="37.3058750" version="1" timestamp="2016-01-14T09:10:19Z" changeset="36565905" uid="22528" user="saintman"/>
  <node id="3945435469" lat="55.4842645" lon="37.3050677" version="1" timestamp="2016-01-14T09:10:20Z" changeset="36565905" uid="22528" user="saintman"/>
  <node id="3945435470" lat="55.4846232" lon="37.3057973" version="1" timestamp="2016-01-14T09:10:20Z" changeset="36565905" uid="22528" user="saintman"/>
  <node id="3945435473" lat="55.4842766" lon="37.3054244" version="1" timestamp="2016-01-14T09:10:20Z" changeset="36565905" uid="22528" user="saintman"/>
  <node id="3945435474" lat="55.4844985" lon="37.3054218" version="1" timestamp="2016-01-14T09:10:20Z" changeset="36565905" uid="22528" user="saintman"/>
  <node id="3945435476" lat="55.4858359" lon="37.3058264" version="1" timestamp="2016-01-14T09:10:20Z" changeset="36565905" uid="22528" user="saintman"/>
  <node id="3945435477" lat="55.4839833" lon="37.3047646" version="1" timestamp="2016-01-14T09:10:20Z" changeset="36565905" uid="22528" user="saintman"/>
  <node id="3945435478" lat="55.4845283" lon="37.3055222" version="1" timestamp="2016-01-14T09:10:20Z" changeset="36565905" uid="22528" user="saintman"/>
  <node id="3945435479" lat="55.4846034" lon="37.3058187" version="1" timestamp="2016-01-14T09:10:20Z" changeset="36565905" uid="22528" user="saintman"/>
  <node id="3945435480" lat="55.4857828" lon="37.3048156" version="1" timestamp="2016-01-14T09:10:20Z" changeset="36565905" uid="22528" user="saintman"/>
  <node id="3945435481" lat="55.4846277" lon="37.3059233" version="1" timestamp="2016-01-14T09:10:20Z" changeset="36565905" uid="22528" user="saintman"/>
  <node id="3945435483" lat="55.4841809" lon="37.3050757" version="1" timestamp="2016-01-14T09:10:20Z" changeset="36565905" uid="22528" user="saintman"/>
  <node id="3945435484" lat="55.4854168" lon="37.3044458" version="1" timestamp="2016-01-14T09:10:20Z" changeset="36565905" uid="22528" user="saintman"/>
  <node id="3945435485" lat="55.4843739" lon="37.3054030" version="1" timestamp="2016-01-14T09:10:20Z" changeset="36565905" uid="22528" user="saintman"/>
  <node id="3945435486" lat="55.4845912" lon="37.3060762" version="1" timestamp="2016-01-14T09:10:20Z" changeset="36565905" uid="22528" user="saintman"/>
  <node id="3945435489" lat="55.4844788" lon="37.3061325" version="1" timestamp="2016-01-14T09:10:20Z" changeset="36565905" uid="22528" user="saintman"/>
  <node id="3945435490" lat="55.4860330" lon="37.3065571" version="1" timestamp="2016-01-14T09:10:20Z" changeset="36565905" uid="22528" user="saintman"/>
  <node id="3945435491" lat="55.4857196" lon="37.3043927" version="1" timestamp="2016-01-14T09:10:20Z" changeset="36565905" uid="22528" user="saintman"/>
  <node id="3945435492" lat="55.4846186" lon="37.3059984" version="1" timestamp="2016-01-14T09:10:20Z" changeset="36565905" uid="22528" user="saintman"/>
  <node id="3945435493" lat="55.4859028" lon="37.3058026" version="1" timestamp="2016-01-14T09:10:20Z" changeset="36565905" uid="22528" user="saintman"/>
  <node id="3945435494" lat="55.4845396" lon="37.3061272" version="1" timestamp="2016-01-14T09:10:20Z" changeset="36565905" uid="22528" user="saintman"/>
  <node id="3945435496" lat="55.4843891" lon="37.3054593" version="1" timestamp="2016-01-14T09:10:20Z" changeset="36565905" uid="22528" user="saintman"/>
  <node id="3945435497" lat="55.4845625" lon="37.3056044" version="1" timestamp="2016-01-14T09:10:20Z" changeset="36565905" uid="22528" user="saintman"/>
  <node id="3945435498" lat="55.4843724" lon="37.3051508" version="1" timestamp="2016-01-14T09:10:20Z" changeset="36565905" uid="22528" user="saintman"/>
  <node id="3945435499" lat="55.4857163" lon="37.3048402" version="1" timestamp="2016-01-14T09:10:20Z" changeset="36565905" uid="22528" user="saintman"/>
  <node id="3945435500" lat="55.4845928" lon="37.3048412" version="1" timestamp="2016-01-14T09:10:20Z" changeset="36565905" uid="22528" user="saintman"/>
  <node id="3945435501" lat="55.4843663" lon="37.3060279" version="1" timestamp="2016-01-14T09:10:20Z" changeset="36565905" uid="22528" user="saintman"/>
  <node id="3945435502" lat="55.4845935" lon="37.3057109" version="1" timestamp="2016-01-14T09:10:20Z" changeset="36565905" uid="22528" user="saintman"/>
  <node id="3945435503" lat="55.4841231" lon="37.3051723" version="1" timestamp="2016-01-14T09:10:20Z" changeset="36565905" uid="22528" user="saintman"/>
  <node id="3945435504" lat="55.4839772" lon="37.3047592" version="1" timestamp="2016-01-14T09:10:20Z" changeset="36565905" uid="22528" user="saintman"/>
  <node id="3945435505" lat="55.4855008" lon="37.3044828" version="1" timestamp="2016-01-14T09:10:20Z" changeset="36565905" uid="22528" user="saintman"/>
  <node id="3945435506" lat="55.4841546" lon="37.3065005" version="2" timestamp="2020-01-13T23:59:15Z" changeset="79536914" uid="9202957" user="BigPastaDinner"/>
  <node id="3945435508" lat="55.4842964" lon="37.3055505" version="1" timestamp="2016-01-14T09:10:20Z" changeset="36565905" uid="22528" user="saintman"/>
  <node id="3945435509" lat="55.4846186" lon="37.3057248" version="1" timestamp="2016-01-14T09:10:20Z" changeset="36565905" uid="22528" user="saintman"/>
  <node id="3945435510" lat="55.4838222" lon="37.3041236" version="1" timestamp="2016-01-14T09:10:20Z" changeset="36565905" uid="22528" user="saintman"/>
  <node id="3945435511" lat="55.4843374" lon="37.3053735" version="1" timestamp="2016-01-14T09:10:20Z" changeset="36565905" uid="22528" user="saintman"/>
  <node id="3945435512" lat="55.4856359" lon="37.3048728" version="1" timestamp="2016-01-14T09:10:20Z" changeset="36565905" uid="22528" user="saintman"/>
  <node id="3945435513" lat="55.4845035" lon="37.3054821" version="1" timestamp="2016-01-14T09:10:20Z" changeset="36565905" uid="22528" user="saintman"/>
  <node id="3945435514" lat="55.4846855" lon="37.3053037" version="1" timestamp="2016-01-14T09:10:20Z" changeset="36565905" uid="22528" user="saintman"/>
  <node id="3945435516" lat="55.4851719" lon="37.3044493" version="1" timestamp="2016-01-14T09:10:20Z" changeset="36565905" uid="22528" user="saintman"/>
  <node id="3945435517" lat="55.4857554" lon="37.3058590" version="1" timestamp="2016-01-14T09:10:20Z" changeset="36565905" uid="22528" user="saintman"/>
  <node id="3945435519" lat="55.4843314" lon="37.3059233" version="1" timestamp="2016-01-14T09:10:20Z" changeset="36565905" uid="22528" user="saintman"/>
  <node id="3945435520" lat="55.4842721" lon="37.3054995" version="1" timestamp="2016-01-14T09:10:20Z" changeset="36565905" uid="22528" user="saintman"/>
  <node id="3945435521" lat="55.4855435" lon="37.3049550" version="2" timestamp="2019-06-11T00:01:09Z" changeset="71121437" uid="10031919" user="Trutt"/>
  <node id="3945435523" lat="55.4853926" lon="37.3049493" version="1" timestamp="2016-01-14T09:10:20Z" changeset="36565905" uid="22528" user="saintman"/>
  <node id="3945443636" lat="55.4854423" lon="37.3044830" version="1" timestamp="2016-01-14T09:20:37Z" changeset="36565905" uid="22528" user="saintman"/>
  <node id="3945443637" lat="55.4843255" lon="37.3053459" version="2" timestamp="2019-06-11T00:01:09Z" changeset="71121437" uid="10031919" user="Trutt"/>
  <node id="3945443638" lat="55.4845148" lon="37.3063348" version="1" timestamp="2016-01-14T09:20:37Z" changeset="36565905" uid="22528" user="saintman"/>
  <node id="3945443639" lat="55.4842763" lon="37.3051146" version="2" timestamp="2019-06-11T00:01:09Z" changeset="71121437" uid="10031919" user="Trutt"/>
  <node id="3945443640" lat="55.4842225" lon="37.3062996" version="1" timestamp="2016-01-14T09:20:37Z" changeset="36565905" uid="22528" user="saintman"/>
  <node id="3945443641" lat="55.4841760" lon="37.3053047" version="1" timestamp="2016-01-14T09:20:37Z" changeset="36565905" uid="22528" user="saintman"/>
  <node id="3945443642" lat="55.4840023" lon="37.3054207" version="2" timestamp="2020-01-13T23:59:15Z" changeset="79536914" uid="9202957" user="BigPastaDinner"/>
  <node id="3945443643" lat="55.4841870" lon="37.3061057" version="1" timestamp="2016-01-14T09:20:37Z" changeset="36565905" uid="22528" user="saintman"/>
  <node id="3945443644" lat="55.4841573" lon="37.3053762" version="1" timestamp="2016-01-14T09:20:37Z" changeset="36565905" uid="22528" user="saintman"/>
  <node id="3945443645" lat="55.4843298" lon="37.3060521" version="1" timestamp="2016-01-14T09:20:37Z" changeset="36565905" uid="22528" user="saintman"/>
  <node id="3945443646" lat="55.4840624" lon="37.3052420" version="1" timestamp="2016-01-14T09:20:37Z" changeset="36565905" uid="22528" user="saintman"/>
  <node id="3945443647" lat="55.4842432" lon="37.3060118" version="1" timestamp="2016-01-14T09:20:37Z" changeset="36565905" uid="22528" user="saintman"/>
  <node id="3945443648" lat="55.4842523" lon="37.3053922" version="1" timestamp="2016-01-14T09:20:37Z" changeset="36565905" uid="22528" user="saintman"/>
  <node id="3945443649" lat="55.4852660" lon="37.3045527" version="1" timestamp="2016-01-14T09:20:37Z" changeset="36565905" uid="22528" user="saintman"/>
  <node id="3945443650" lat="55.4843121" lon="37.3063424" version="1" timestamp="2016-01-14T09:20:37Z" changeset="36565905" uid="22528" user="saintman"/>
  <node id="4053625799" lat="55.4862495" lon="37.3053263" version="34" timestamp="2023-09-17T22:43:35Z" changeset="141400340" uid="149719" user="Bloodmage">
    <tag k="alt_name" v="Пятерочка"/>
    <tag k="name" v="Пятёрочка"/>
    <tag k="opening_hours" v="24/7"/>
    <tag k="shop" v="supermarket"/>
    <tag k="website" v="http://e5.ru/"/>
  </node>
  <node id="4053625800" lat="55.4860105" lon="37.3052915" version="1" timestamp="2016-03-10T21:05:46Z" changeset="37745840" uid="1737245" user="KooLru"/>
  <node id="4053625801" lat="55.4860600" lon="37.3052722" version="1" timestamp="2016-03-10T21:05:46Z" changeset="37745840" uid="1737245" user="KooLru"/>
  <node id="4053625802" lat="55.4860992" lon="37.3052569" version="1" timestamp="2016-03-10T21:05:46Z" changeset="37745840" uid="1737245" user="KooLru">
    <tag k="entrance" v="main"/>
  </node>
  <node id="4053625803" lat="55.4861235" lon="37.3051221" version="1" timestamp="2016-03-10T21:05:46Z" changeset="37745840" uid="1737245" user="KooLru"/>
  <node id="4053625804" lat="55.4861385" lon="37.3052416" version="1" timestamp="2016-03-10T21:05:46Z" changeset="37745840" uid="1737245" user="KooLru"/>
  <node id="4053625805" lat="55.4861754" lon="37.3055366" version="1" timestamp="2016-03-10T21:05:46Z" changeset="37745840" uid="1737245" user="KooLru"/>
  <node id="4936011899" lat="55.4862439" lon="37.3050176" version="25" timestamp="2026-05-13T02:34:48Z" changeset="182579226" uid="9451067" user="b-jazz-bot">
    <tag k="amenity" v="bank"/>
    <tag k="atm" v="yes"/>
    <tag k="name" v="Геобанк"/>
    <tag k="opening_hours" v="10:00-20:00"/>
    <tag k="phone" v="+7 800 3339919"/>
    <tag k="website" v="https://www.geobank.ru/"/>
  </node>
  <node id="4936018487" lat="55.4843944" lon="37.3058480" version="26" timestamp="2023-09-17T22:47:20Z" changeset="141400391" uid="149719" user="Bloodmage">
    <tag k="amenity" v="bank"/>
    <tag k="atm" v="yes"/>
    <tag k="brand:wikidata" v="Q4304175"/>
    <tag k="brand:wikipedia" v="ru:Московский кредитный банк"/>
    <tag k="contact:email" v="info@mkb.ru"/>
    <tag k="contact:facebook" v="https://www.facebook.com/mkb.ru"/>
    <tag k="contact:instagram" v="https://www.instagram.com/bankmkb/"/>
    <tag k="contact:phone" v="+7 495 7774888;+7 495 7974242;+7 800 1004888;+7 800 7755152"/>
    <tag k="contact:twitter" v="https://twitter.com/bankmkb"/>
    <tag k="contact:vk" v="https://vk.com/bankmkb"/>
    <tag k="contact:website" v="https://mkb.ru/"/>
    <tag k="name" v="Московский кредитный банк"/>
    <tag k="name:en" v="Credit Bank of Moscow"/>
    <tag k="opening_hours" v="Mo-Fr 11:00-19:00"/>
    <tag k="operator" v="Московский Кредитный Банк"/>
  </node>
  <node id="4936056759" lat="55.4853454" lon="37.3041395" version="23" timestamp="2023-09-17T22:47:20Z" changeset="141400391" uid="149719" user="Bloodmage">
    <tag k="amenity" v="bank"/>
    <tag k="atm" v="yes"/>
    <tag k="name" v="Транскапиталбанк"/>
    <tag k="opening_hours" v="Tu-Fr 10:00-18:45; Sa 10:00-17:45"/>
    <tag k="phone" v="+7 4967 406899"/>
    <tag k="website" v="https://www.tkbbank.ru"/>
  </node>
  <node id="5065869202" lat="55.4848325" lon="37.3050460" version="24" timestamp="2023-09-17T22:47:20Z" changeset="141400391" uid="149719" user="Bloodmage">
    <tag k="amenity" v="clinic"/>
    <tag k="name" v="Андреевские больницы"/>
    <tag k="website" v="https://www.nebolit.ru/"/>
  </node>
  <node id="5065869203" lat="55.4852188" lon="37.3049632" version="23" timestamp="2023-09-17T22:47:20Z" changeset="141400391" uid="149719" user="Bloodmage">
    <tag k="amenity" v="pharmacy"/>
    <tag k="name" v="Димфарм"/>
    <tag k="opening_hours" v="24/7"/>
  </node>
  <node id="5077713481" lat="55.4843511" lon="37.3047293" version="27" timestamp="2023-09-17T22:55:32Z" changeset="141400514" uid="149719" user="Bloodmage">
    <tag k="amenity" v="cafe"/>
    <tag k="name" v="Пластилинка"/>
  </node>
  <node id="5745017421" lat="55.4836320" lon="37.3045830" version="25" timestamp="2023-09-17T00:03:31Z" changeset="141362330" uid="461130" user="Fizzie-DWG">
    <tag k="bus" v="yes"/>
    <tag k="highway" v="bus_stop"/>
    <tag k="name" v="Октябрьский проспект, 18"/>
    <tag k="public_transport" v="platform"/>
  </node>
  <node id="6315680178" lat="55.4857538" lon="37.3055148" version="1" timestamp="2019-03-04T09:14:05Z" changeset="67759470" uid="2853561" user="Владимир К">
    <tag k="name" v="Академическая площадь"/>
    <tag k="place" v="square"/>
  </node>
  <node id="6315680179" lat="55.4858784" lon="37.3050830" version="1" timestamp="2019-03-04T09:14:05Z" changeset="67759470" uid="2853561" user="Владимир К"/>
  <node id="6506423453" lat="55.4844016" lon="37.3057329" version="1" timestamp="2019-05-28T15:12:14Z" changeset="70700742" uid="1747708" user="Alexander Prokofyev">
    <tag k="brand" v="Детский мир"/>
    <tag k="brand:en" v="Detskiy Mir"/>
    <tag k="brand:wikidata" v="Q16643324"/>
    <tag k="brand:wikipedia" v="en:Detsky Mir"/>
    <tag k="name" v="Детский мир"/>
    <tag k="name:en" v="Detskiy Mir"/>
    <tag k="shop" v="toys"/>
  </node>
  <node id="6506423454" lat="55.4844905" lon="37.3057490" version="29" timestamp="2023-10-30T13:38:26Z" changeset="143366820" uid="12100948" user="kate_rocketdata">
    <tag k="brand" v="Дикси"/>
    <tag k="brand:en" v="Dixy"/>
    <tag k="brand:wikidata" v="Q4161561"/>
    <tag k="brand:wikipedia" v="ru:Дикси (сеть магазинов)"/>
    <tag k="contact:email" v="info@dixy.ru"/>
    <tag k="contact:phone" v="+7 800 1011001"/>
    <tag k="contact:website" v="https://dixy.ru"/>
    <tag k="name" v="Дикси"/>
    <tag k="opening_hours" v="24/7"/>
    <tag k="shop" v="supermarket"/>
  </node>
  <node id="6506423455" lat="55.4844214" lon="37.3055532" version="1" timestamp="2019-05-28T15:12:14Z" changeset="70700742" uid="1747708" user="Alexander Prokofyev">
    <tag k="name" v="Инком"/>
    <tag k="office" v="estate_agent"/>
  </node>
  <node id="6506423456" lat="55.4844989" lon="37.3055720" version="2" timestamp="2021-07-19T09:07:39Z" changeset="108235736" uid="397326" user="trolleway">
    <tag k="name" v="Ситилинк"/>
    <tag k="shop" v="outpost"/>
  </node>
  <node id="6506423457" lat="55.4845627" lon="37.3056846" version="1" timestamp="2019-05-28T15:12:14Z" changeset="70700742" uid="1747708" user="Alexander Prokofyev">
    <tag k="name" v="Комиссионный"/>
    <tag k="shop" v="second_hand"/>
  </node>
  <node id="6506423458" lat="55.4846327" lon="37.3053009" version="1" timestamp="2019-05-28T15:12:14Z" changeset="70700742" uid="1747708" user="Alexander Prokofyev"/>
  <node id="6506423459" lat="55.4846081" lon="37.3051280" version="1" timestamp="2019-05-28T15:12:14Z" changeset="70700742" uid="1747708" user="Alexander Prokofyev"/>
  <node id="6538478673" lat="55.4849638" lon="37.3051917" version="1" timestamp="2019-06-11T00:01:09Z" changeset="71121437" uid="10031919" user="Trutt"/>
  <node id="6538478674" lat="55.4856135" lon="37.3049303" version="1" timestamp="2019-06-11T00:01:09Z" changeset="71121437" uid="10031919" user="Trutt"/>
  <node id="6538478675" lat="55.4842936" lon="37.3052169" version="2" timestamp="2022-12-19T10:04:54Z" changeset="130241397" uid="17982572" user="Andreyka!"/>
  <node id="6538478676" lat="55.4842174" lon="37.3046922" version="1" timestamp="2019-06-11T00:01:09Z" changeset="71121437" uid="10031919" user="Trutt"/>
  <node id="6538480389" lat="55.4850934" lon="37.3054992" version="2" timestamp="2021-03-09T18:42:50Z" changeset="100728345" uid="830106" user="literan">
    <tag k="amenity" v="fountain"/>
    <tag k="name" v="Фонтан на Академической площади"/>
  </node>
  <node id="6538482445" lat="55.4847082" lon="37.3041651" version="1" timestamp="2019-06-10T23:43:25Z" changeset="71121259" uid="10031919" user="Trutt"/>
  <node id="6538482446" lat="55.4846932" lon="37.3041633" version="1" timestamp="2019-06-10T23:43:25Z" changeset="71121259" uid="10031919" user="Trutt"/>
  <node id="6594513792" lat="55.4846679" lon="37.3073576" version="1" timestamp="2019-07-07T13:33:43Z" changeset="71982472" uid="1747708" user="Alexander Prokofyev">
    <tag k="shop" v="car_parts"/>
  </node>
  <node id="6594513793" lat="55.4845904" lon="37.3073362" version="1" timestamp="2019-07-07T13:33:43Z" changeset="71982472" uid="1747708" user="Alexander Prokofyev">
    <tag k="amenity" v="driving_school"/>
    <tag k="name" v="Клаксон"/>
  </node>
  <node id="6594513797" lat="55.4836814" lon="37.3047862" version="1" timestamp="2019-07-07T13:33:43Z" changeset="71982472" uid="1747708" user="Alexander Prokofyev"/>
  <node id="6594526080" lat="55.4873199" lon="37.3064922" version="36" timestamp="2023-11-15T21:25:16Z" changeset="144069505" uid="149719" user="Bloodmage">
    <tag k="amenity" v="school"/>
    <tag k="name" v="Байтик"/>
  </node>
  <node id="6594526081" lat="55.4867576" lon="37.3046763" version="1" timestamp="2019-07-07T13:19:40Z" changeset="71982122" uid="1747708" user="Alexander Prokofyev">
    <tag k="craft" v="shoemaker"/>
    <tag k="name" v="Дом быта"/>
  </node>
  <node id="6594526082" lat="55.4867911" lon="37.3048211" version="1" timestamp="2019-07-07T13:19:40Z" changeset="71982122" uid="1747708" user="Alexander Prokofyev">
    <tag k="shop" v="hairdresser"/>
  </node>
  <node id="6594526083" lat="55.4864713" lon="37.3054201" version="1" timestamp="2019-07-07T13:19:40Z" changeset="71982122" uid="1747708" user="Alexander Prokofyev"/>
  <node id="6594526084" lat="55.4866868" lon="37.3053289" version="1" timestamp="2019-07-07T13:19:40Z" changeset="71982122" uid="1747708" user="Alexander Prokofyev"/>
  <node id="6594535885" lat="55.4866755" lon="37.3054425" version="29" timestamp="2023-09-17T22:42:45Z" changeset="141400332" uid="149719" user="Bloodmage">
    <tag k="leisure" v="pitch"/>
    <tag k="name" v="7 луза"/>
    <tag k="sport" v="billiards"/>
  </node>
  <node id="6594535886" lat="55.4865494" lon="37.3054881" version="1" timestamp="2019-07-07T13:19:40Z" changeset="71982122" uid="1747708" user="Alexander Prokofyev">
    <tag k="name" v="Мясницкий ряд"/>
    <tag k="shop" v="butcher"/>
  </node>
  <node id="6594535887" lat="55.4864992" lon="37.3055203" version="1" timestamp="2019-07-07T13:19:40Z" changeset="71982122" uid="1747708" user="Alexander Prokofyev">
    <tag k="amenity" v="restaurant"/>
    <tag k="cuisine" v="georgian"/>
    <tag k="name" v="Старый кувшин"/>
  </node>
  <node id="6594535888" lat="55.4866117" lon="37.3054694" version="1" timestamp="2019-07-07T13:19:40Z" changeset="71982122" uid="1747708" user="Alexander Prokofyev">
    <tag k="name" v="Хрюк-му"/>
    <tag k="shop" v="butcher"/>
  </node>
  <node id="6594535889" lat="55.4863822" lon="37.3068856" version="1" timestamp="2019-07-07T13:19:40Z" changeset="71982122" uid="1747708" user="Alexander Prokofyev">
    <tag k="amenity" v="pharmacy"/>
    <tag k="dispensing" v="yes"/>
    <tag k="healthcare" v="pharmacy"/>
  </node>
  <node id="6594535890" lat="55.4864491" lon="37.3070036" version="1" timestamp="2019-07-07T13:19:40Z" changeset="71982122" uid="1747708" user="Alexander Prokofyev">
    <tag k="name" v="Новый мебельный"/>
    <tag k="shop" v="furniture"/>
  </node>
  <node id="6594535891" lat="55.4864111" lon="37.3071350" version="1" timestamp="2019-07-07T13:19:40Z" changeset="71982122" uid="1747708" user="Alexander Prokofyev">
    <tag k="shop" v="beauty"/>
  </node>
  <node id="6594535892" lat="55.4865296" lon="37.3073710" version="1" timestamp="2019-07-07T13:19:40Z" changeset="71982122" uid="1747708" user="Alexander Prokofyev">
    <tag k="leisure" v="fitness_centre"/>
    <tag k="sport" v="yoga"/>
  </node>
  <node id="6594535893" lat="55.4866086" lon="37.3073469" version="28" timestamp="2023-09-17T22:55:32Z" changeset="141400514" uid="149719" user="Bloodmage">
    <tag k="amenity" v="cafe"/>
    <tag k="cuisine" v="japanese"/>
    <tag k="name" v="Кико"/>
    <tag k="opening_hours" v="Mo-Th 12:00-24:00, Fr,Sa 12:00-02:00, Su 12:00-24:00"/>
  </node>
  <node id="6594535894" lat="55.4866177" lon="37.3072557" version="29" timestamp="2023-09-17T22:42:45Z" changeset="141400332" uid="149719" user="Bloodmage">
    <tag k="leisure" v="sports_centre"/>
    <tag k="name" v="Профессионал"/>
    <tag k="sport" v="judo"/>
  </node>
  <node id="6594535895" lat="55.4866755" lon="37.3072664" version="1" timestamp="2019-07-07T13:19:40Z" changeset="71982122" uid="1747708" user="Alexander Prokofyev">
    <tag k="amenity" v="fast_food"/>
    <tag k="brand" v="Папа Джонс"/>
    <tag k="brand:en" v="Papa John's"/>
    <tag k="brand:ru" v="Папа Джонс"/>
    <tag k="brand:wikidata" v="Q2759586"/>
    <tag k="brand:wikipedia" v="ru:Papa John’s"/>
    <tag k="cuisine" v="pizza"/>
    <tag k="name" v="Папа Джонс"/>
    <tag k="name:en" v="Papa John's"/>
    <tag k="name:ru" v="Папа Джонс"/>
    <tag k="takeaway" v="yes"/>
  </node>
  <node id="6782368821" lat="55.4845591" lon="37.3040908" version="2" timestamp="2019-09-16T09:16:01Z" changeset="74520287" uid="10031919" user="Trutt"/>
  <node id="6798760939" lat="55.4846041" lon="37.3040728" version="1" timestamp="2019-09-16T09:16:01Z" changeset="74520287" uid="10031919" user="Trutt"/>
  <node id="7129579483" lat="55.4875416" lon="37.3060673" version="1" timestamp="2020-01-13T23:59:15Z" changeset="79536914" uid="9202957" user="BigPastaDinner"/>
  <node id="7129579484" lat="55.4875452" lon="37.3060194" version="1" timestamp="2020-01-13T23:59:15Z" changeset="79536914" uid="9202957" user="BigPastaDinner"/>
  <node id="7129602889" lat="55.4842454" lon="37.3071447" version="1" timestamp="2020-01-13T23:59:15Z" changeset="79536914" uid="9202957" user="BigPastaDinner"/>
  <node id="7129602890" lat="55.4842295" lon="37.3071080" version="1" timestamp="2020-01-13T23:59:15Z" changeset="79536914" uid="9202957" user="BigPastaDinner"/>
  <node id="7129602891" lat="55.4844483" lon="37.3072556" version="1" timestamp="2020-01-13T23:59:15Z" changeset="79536914" uid="9202957" user="BigPastaDinner"/>
  <node id="7129602892" lat="55.4846906" lon="37.3070797" version="1" timestamp="2020-01-13T23:59:15Z" changeset="79536914" uid="9202957" user="BigPastaDinner"/>
  <node id="7129602893" lat="55.4846663" lon="37.3070885" version="1" timestamp="2020-01-13T23:59:15Z" changeset="79536914" uid="9202957" user="BigPastaDinner"/>
  <node id="7129602894" lat="55.4857922" lon="37.3077893" version="1" timestamp="2020-01-13T23:59:15Z" changeset="79536914" uid="9202957" user="BigPastaDinner"/>
  <node id="7129602895" lat="55.4858300" lon="37.3077770" version="1" timestamp="2020-01-13T23:59:15Z" changeset="79536914" uid="9202957" user="BigPastaDinner"/>
  <node id="7393840933" lat="55.4869546" lon="37.3067348" version="1" timestamp="2020-04-12T02:13:25Z" changeset="83415210" uid="2121206" user="weeg3">
    <tag k="camera:direction" v="28"/>
    <tag k="camera:mount" v="wall"/>
    <tag k="camera:type" v="fixed"/>
    <tag k="man_made" v="surveillance"/>
    <tag k="surveillance" v="public"/>
    <tag k="surveillance:type" v="camera"/>
  </node>
  <node id="7393840934" lat="55.4874372" lon="37.3062519" version="2" timestamp="2024-03-06T07:34:36Z" changeset="148279383" uid="8923706" user="Elizen">
    <tag k="camera:direction" v="30"/>
    <tag k="camera:mount" v="wall"/>
    <tag k="camera:type" v="fixed"/>
    <tag k="man_made" v="surveillance"/>
    <tag k="surveillance" v="public"/>
    <tag k="surveillance:type" v="camera"/>
  </node>
  <node id="7395136655" lat="55.4854088" lon="37.3064884" version="1" timestamp="2020-04-12T14:36:50Z" changeset="83429600" uid="2121206" user="weeg3"/>
  <node id="7395136656" lat="55.4854831" lon="37.3064140" version="1" timestamp="2020-04-12T14:36:50Z" changeset="83429600" uid="2121206" user="weeg3"/>
  <node id="7395136657" lat="55.4855353" lon="37.3065765" version="1" timestamp="2020-04-12T14:36:50Z" changeset="83429600" uid="2121206" user="weeg3"/>
  <node id="7395136658" lat="55.4854610" lon="37.3066509" version="1" timestamp="2020-04-12T14:36:50Z" changeset="83429600" uid="2121206" user="weeg3"/>
  <node id="7395136659" lat="55.4854706" lon="37.3066659" version="1" timestamp="2020-04-12T14:36:50Z" changeset="83429600" uid="2121206" user="weeg3"/>
  <node id="7395136660" lat="55.4855408" lon="37.3065924" version="1" timestamp="2020-04-12T14:36:50Z" changeset="83429600" uid="2121206" user="weeg3"/>
  <node id="7395136661" lat="55.4855874" lon="37.3067311" version="1" timestamp="2020-04-12T14:36:50Z" changeset="83429600" uid="2121206" user="weeg3"/>
  <node id="7395136662" lat="55.4855172" lon="37.3068045" version="1" timestamp="2020-04-12T14:36:50Z" changeset="83429600" uid="2121206" user="weeg3"/>
  <node id="7395136663" lat="55.4851879" lon="37.3067027" version="2" timestamp="2020-04-12T15:22:18Z" changeset="83430884" uid="2121206" user="weeg3">
    <tag k="camera:direction" v="334"/>
    <tag k="camera:mount" v="wall"/>
    <tag k="camera:type" v="fixed"/>
    <tag k="man_made" v="surveillance"/>
    <tag k="surveillance" v="public"/>
    <tag k="surveillance:type" v="camera"/>
  </node>
  <node id="7395136664" lat="55.4861700" lon="37.3075986" version="2" timestamp="2020-04-12T15:22:18Z" changeset="83430884" uid="2121206" user="weeg3">
    <tag k="camera:direction" v="307"/>
    <tag k="camera:mount" v="wall"/>
    <tag k="camera:type" v="fixed"/>
    <tag k="man_made" v="surveillance"/>
    <tag k="surveillance" v="public"/>
    <tag k="surveillance:type" v="camera"/>
  </node>
  <node id="7395143362" lat="55.4853899" lon="37.3043278" version="1" timestamp="2020-04-12T14:30:58Z" changeset="83429432" uid="2121206" user="weeg3">
    <tag k="camera:direction" v="17"/>
    <tag k="camera:mount" v="wall"/>
    <tag k="camera:type" v="fixed"/>
    <tag k="contact:webcam" v="https://data.mos.ru/opendata/1498/data/map?versionNumber=2&amp;releaseNumber=16&amp;globalid=932999017"/>
    <tag k="man_made" v="surveillance"/>
    <tag k="surveillance" v="public"/>
    <tag k="surveillance:type" v="camera"/>
  </node>
  <node id="7395143363" lat="55.4852298" lon="37.3040914" version="1" timestamp="2020-04-12T14:30:58Z" changeset="83429432" uid="2121206" user="weeg3">
    <tag k="camera:direction" v="152"/>
    <tag k="camera:mount" v="wall"/>
    <tag k="camera:type" v="fixed"/>
    <tag k="man_made" v="surveillance"/>
    <tag k="surveillance" v="public"/>
    <tag k="surveillance:type" v="camera"/>
  </node>
  <node id="7395195127" lat="55.4863689" lon="37.3066614" version="1" timestamp="2020-04-12T14:51:52Z" changeset="83430033" uid="2121206" user="weeg3">
    <tag k="camera:direction" v="100"/>
    <tag k="camera:mount" v="wall"/>
    <tag k="camera:type" v="fixed"/>
    <tag k="man_made" v="surveillance"/>
    <tag k="surveillance" v="public"/>
    <tag k="surveillance:type" v="camera"/>
  </node>
  <node id="7397591996" lat="55.4837048" lon="37.3055551" version="1" timestamp="2020-04-13T10:20:40Z" changeset="83468890" uid="2121206" user="weeg3"/>
  <node id="7397591997" lat="55.4837959" lon="37.3063210" version="1" timestamp="2020-04-13T10:20:40Z" changeset="83468890" uid="2121206" user="weeg3"/>
  <node id="7397591998" lat="55.4837636" lon="37.3063330" version="1" timestamp="2020-04-13T10:20:40Z" changeset="83468890" uid="2121206" user="weeg3"/>
  <node id="7397591999" lat="55.4837932" lon="37.3065818" version="1" timestamp="2020-04-13T10:20:40Z" changeset="83468890" uid="2121206" user="weeg3"/>
  <node id="7397592001" lat="55.4836378" lon="37.3064163" version="1" timestamp="2020-04-13T10:20:40Z" changeset="83468890" uid="2121206" user="weeg3"/>
  <node id="7397631550" lat="55.4874201" lon="37.3043113" version="1" timestamp="2020-04-13T10:32:09Z" changeset="83469754" uid="2121206" user="weeg3">
    <tag k="barrier" v="gate"/>
  </node>
  <node id="7402778768" lat="55.4873041" lon="37.3046827" version="2" timestamp="2024-03-06T07:34:36Z" changeset="148279383" uid="8923706" user="Elizen">
    <tag k="entrance" v="yes"/>
  </node>
  <node id="7402778769" lat="55.4873454" lon="37.3050466" version="2" timestamp="2024-03-06T07:34:36Z" changeset="148279383" uid="8923706" user="Elizen">
    <tag k="entrance" v="yes"/>
  </node>
  <node id="7402778770" lat="55.4873907" lon="37.3054464" version="2" timestamp="2024-03-06T07:34:36Z" changeset="148279383" uid="8923706" user="Elizen">
    <tag k="entrance" v="yes"/>
  </node>
  <node id="7402778771" lat="55.4873219" lon="37.3062145" version="2" timestamp="2024-03-06T07:34:36Z" changeset="148279383" uid="8923706" user="Elizen">
    <tag k="entrance" v="yes"/>
  </node>
  <node id="7402778772" lat="55.4868189" lon="37.3067059" version="1" timestamp="2020-04-14T17:10:45Z" changeset="83547182" uid="2121206" user="weeg3">
    <tag k="entrance" v="yes"/>
  </node>
  <node id="7402778776" lat="55.4853943" lon="37.3042562" version="2" timestamp="2020-07-05T16:01:00Z" changeset="87559149" uid="1747708" user="Alexander Prokofyev">
    <tag k="entrance" v="yes"/>
    <tag k="ref" v="4"/>
  </node>
  <node id="7574156885" lat="55.4845999" lon="37.3074563" version="2" timestamp="2021-02-06T15:43:20Z" changeset="98818759" uid="519501" user="parukhin">
    <tag k="addr:housenumber" v="18"/>
    <tag k="addr:street" v="Садовая улица"/>
    <tag k="amenity" v="dentist"/>
    <tag k="name" v="Медицинский центр"/>
    <tag k="phone" v="+7 926 2530002"/>
  </node>
  <node id="7685211355" lat="55.4854006" lon="37.3043672" version="1" timestamp="2020-07-05T16:01:00Z" changeset="87559149" uid="1747708" user="Alexander Prokofyev">
    <tag k="shop" v="fishing"/>
  </node>
  <node id="7685211356" lat="55.4853798" lon="37.3041964" version="1" timestamp="2020-07-05T16:01:00Z" changeset="87559149" uid="1747708" user="Alexander Prokofyev">
    <tag k="name" v="Мир тканей"/>
    <tag k="shop" v="fabric"/>
  </node>
  <node id="7685211366" lat="55.4853608" lon="37.3040237" version="1" timestamp="2020-07-05T16:01:00Z" changeset="87559149" uid="1747708" user="Alexander Prokofyev">
    <tag k="name" v="Вижу всё"/>
    <tag k="shop" v="optician"/>
  </node>
  <node id="8635343943" lat="55.4843753" lon="37.3059601" version="2" timestamp="2023-06-14T18:25:32Z" changeset="137340508" uid="830106" user="literan">
    <tag k="amenity" v="parcel_locker"/>
    <tag k="brand" v="ОмниСДЭК"/>
    <tag k="contact:phone" v="+7 800 7753553"/>
    <tag k="contact:website" v="https://omnicdek.ru"/>
    <tag k="name" v="ОмниСДЭК"/>
    <tag k="opening_hours" v="24/7"/>
  </node>
  <node id="8761375802" lat="55.4836757" lon="37.3041003" version="1" timestamp="2021-05-24T13:51:51Z" changeset="105231441" uid="2281762" user="MisterVolk"/>
  <node id="8761375803" lat="55.4835981" lon="37.3041972" version="1" timestamp="2021-05-24T13:51:51Z" changeset="105231441" uid="2281762" user="MisterVolk"/>
  <node id="9612453419" lat="55.4843693" lon="37.3059413" version="9" timestamp="2026-02-09T07:40:22Z" changeset="178297685" uid="12100948" user="kate_rocketdata">
    <tag k="brand" v="МТС"/>
    <tag k="brand:en" v="MTS"/>
    <tag k="brand:wikidata" v="Q1368919"/>
    <tag k="contact:phone" v="+7 800 2500890"/>
    <tag k="contact:website" v="https://moskva.mts.ru"/>
    <tag k="name" v="МТС"/>
    <tag k="name:en" v="MTS"/>
    <tag k="name:ru" v="МТС"/>
    <tag k="office" v="telecommunication"/>
    <tag k="opening_hours" v="Mo-Su 10:00-20:00"/>
    <tag k="shop" v="mobile_phone"/>
  </node>
  <node id="9718274993" lat="55.4845486" lon="37.3051125" version="1" timestamp="2022-05-05T14:31:33Z" changeset="120592120" uid="12100948" user="kate_rocketdata">
    <tag k="contact:email" v="shop@beeline.ru"/>
    <tag k="contact:phone" v="+7 800 7000611"/>
    <tag k="contact:website" v="https://moskovskaya-obl.beeline.ru"/>
    <tag k="name" v="Билайн"/>
    <tag k="office" v="telecommunication"/>
    <tag k="opening_hours" v="Mo-Su 09:00-21:00"/>
    <tag k="shop" v="mobile_phone"/>
  </node>
  <node id="9992625228" lat="55.4861190" lon="37.3040720" version="2" timestamp="2024-01-15T11:18:38Z" changeset="146276985" uid="12100948" user="kate_rocketdata">
    <tag k="contact:email" v="diana@dryclean.ru"/>
    <tag k="contact:phone" v="+7 800 2228226;+7 916 3794689"/>
    <tag k="contact:website" v="https://dryclean.ru/"/>
    <tag k="name" v="Диана"/>
    <tag k="opening_hours" v="Mo-Su 09:00-20:00"/>
    <tag k="shop" v="dry_cleaning"/>
  </node>
  <node id="10045191246" lat="55.4843237" lon="37.3056275" version="3" timestamp="2023-04-05T08:20:32Z" changeset="134527616" uid="12100948" user="kate_rocketdata">
    <tag k="contact:email" v="order@onlinetrade.ru"/>
    <tag k="contact:phone" v="+7 495 2259522"/>
    <tag k="contact:website" v="https://www.onlinetrade.ru/"/>
    <tag k="name" v="Онлайн Трейд"/>
    <tag k="opening_hours" v="Mo-Su 10:00-21:00"/>
    <tag k="shop" v="outpost"/>
  </node>
  <node id="10134971852" lat="55.4843920" lon="37.3044310" version="6" timestamp="2023-12-04T13:57:53Z" changeset="144755848" uid="12100948" user="kate_rocketdata">
    <tag k="brand" v="Ozon"/>
    <tag k="brand:wikidata" v="Q2365235"/>
    <tag k="brand:wikipedia" v="ru:Ozon.ru"/>
    <tag k="contact:facebook" v="https://www.facebook.com/ozon.ru"/>
    <tag k="contact:instagram" v="https://www.instagram.com/ozonru"/>
    <tag k="contact:phone" v="+7 495 2321000"/>
    <tag k="contact:twitter" v="https://twitter.com/Ozon_ru"/>
    <tag k="contact:vk" v="https://vk.com/ozon"/>
    <tag k="contact:website" v="https://www.ozon.ru/"/>
    <tag k="name" v="Ozon"/>
    <tag k="opening_hours" v="Mo-Su 10:00-22:00"/>
    <tag k="shop" v="outpost"/>
  </node>
  <node id="10272925478" lat="55.4846695" lon="37.3052531" version="1" timestamp="2022-12-19T10:04:54Z" changeset="130241397" uid="17982572" user="Andreyka!"/>
  <node id="10272925479" lat="55.4847385" lon="37.3059179" version="1" timestamp="2022-12-19T10:04:54Z" changeset="130241397" uid="17982572" user="Andreyka!"/>
  <node id="10272925480" lat="55.4854430" lon="37.3056439" version="1" timestamp="2022-12-19T10:04:54Z" changeset="130241397" uid="17982572" user="Andreyka!"/>
  <node id="10272925481" lat="55.4855178" lon="37.3055322" version="1" timestamp="2022-12-19T10:04:54Z" changeset="130241397" uid="17982572" user="Andreyka!"/>
  <node id="10272925482" lat="55.4855609" lon="37.3053647" version="1" timestamp="2022-12-19T10:04:54Z" changeset="130241397" uid="17982572" user="Andreyka!"/>
  <node id="10272925483" lat="55.4854919" lon="37.3049080" version="1" timestamp="2022-12-19T10:04:54Z" changeset="130241397" uid="17982572" user="Andreyka!"/>
  <node id="10272925484" lat="55.4847201" lon="37.3057404" version="1" timestamp="2022-12-19T10:04:54Z" changeset="130241397" uid="17982572" user="Andreyka!"/>
  <node id="10272925485" lat="55.4848384" lon="37.3056976" version="1" timestamp="2022-12-19T10:04:54Z" changeset="130241397" uid="17982572" user="Andreyka!"/>
  <node id="10272925486" lat="55.4848578" lon="37.3058715" version="1" timestamp="2022-12-19T10:04:54Z" changeset="130241397" uid="17982572" user="Andreyka!"/>
  <node id="10272925487" lat="55.4843406" lon="37.3066994" version="1" timestamp="2022-12-19T10:04:54Z" changeset="130241397" uid="17982572" user="Andreyka!"/>
  <node id="10272925488" lat="55.4843761" lon="37.3070380" version="1" timestamp="2022-12-19T10:04:54Z" changeset="130241397" uid="17982572" user="Andreyka!"/>
  <node id="10272925489" lat="55.4845633" lon="37.3069770" version="1" timestamp="2022-12-19T10:04:54Z" changeset="130241397" uid="17982572" user="Andreyka!"/>
  <node id="10272925490" lat="55.4845425" lon="37.3067787" version="1" timestamp="2022-12-19T10:04:54Z" changeset="130241397" uid="17982572" user="Andreyka!"/>
  <node id="10272925491" lat="55.4846748" lon="37.3067355" version="1" timestamp="2022-12-19T10:04:54Z" changeset="130241397" uid="17982572" user="Andreyka!"/>
  <node id="10272925492" lat="55.4846601" lon="37.3065951" version="1" timestamp="2022-12-19T10:04:54Z" changeset="130241397" uid="17982572" user="Andreyka!"/>
  <node id="10272925493" lat="55.4849104" lon="37.3065866" version="1" timestamp="2022-12-19T10:04:54Z" changeset="130241397" uid="17982572" user="Andreyka!"/>
  <node id="10272925494" lat="55.4844279" lon="37.3067705" version="1" timestamp="2022-12-19T10:04:54Z" changeset="130241397" uid="17982572" user="Andreyka!"/>
  <node id="10272925502" lat="55.4846692" lon="37.3066785" version="1" timestamp="2022-12-19T10:04:54Z" changeset="130241397" uid="17982572" user="Andreyka!"/>
  <node id="10272969711" lat="55.4837933" lon="37.3073503" version="1" timestamp="2022-12-19T10:04:54Z" changeset="130241397" uid="17982572" user="Andreyka!"/>
  <node id="10272969712" lat="55.4839055" lon="37.3075734" version="1" timestamp="2022-12-19T10:04:54Z" changeset="130241397" uid="17982572" user="Andreyka!"/>
  <node id="10272969713" lat="55.4841236" lon="37.3072946" version="1" timestamp="2022-12-19T10:04:54Z" changeset="130241397" uid="17982572" user="Andreyka!"/>
  <node id="10272969714" lat="55.4842547" lon="37.3072639" version="1" timestamp="2022-12-19T10:04:54Z" changeset="130241397" uid="17982572" user="Andreyka!"/>
  <node id="10272969715" lat="55.4842136" lon="37.3065807" version="1" timestamp="2022-12-19T10:04:54Z" changeset="130241397" uid="17982572" user="Andreyka!"/>
  <node id="10272969716" lat="55.4841014" lon="37.3066281" version="1" timestamp="2022-12-19T10:04:54Z" changeset="130241397" uid="17982572" user="Andreyka!"/>
  <node id="10272969717" lat="55.4841062" lon="37.3067899" version="1" timestamp="2022-12-19T10:04:54Z" changeset="130241397" uid="17982572" user="Andreyka!"/>
  <node id="10272969718" lat="55.4840161" lon="37.3068038" version="1" timestamp="2022-12-19T10:04:54Z" changeset="130241397" uid="17982572" user="Andreyka!"/>
  <node id="10272969719" lat="55.4839908" lon="37.3069823" version="1" timestamp="2022-12-19T10:04:54Z" changeset="130241397" uid="17982572" user="Andreyka!"/>
  <node id="10272969720" lat="55.4836253" lon="37.3051141" version="1" timestamp="2022-12-19T10:04:54Z" changeset="130241397" uid="17982572" user="Andreyka!"/>
  <node id="10272969843" lat="55.4871293" lon="37.3050499" version="1" timestamp="2022-12-19T10:04:54Z" changeset="130241397" uid="17982572" user="Andreyka!"/>
  <node id="10272969844" lat="55.4869052" lon="37.3052487" version="1" timestamp="2022-12-19T10:04:54Z" changeset="130241397" uid="17982572" user="Andreyka!"/>
  <node id="10272969845" lat="55.4870118" lon="37.3052140" version="1" timestamp="2022-12-19T10:04:54Z" changeset="130241397" uid="17982572" user="Andreyka!"/>
  <node id="10548620666" lat="55.4842249" lon="37.3040879" version="1" timestamp="2023-01-13T11:22:38Z" changeset="131225233" uid="830106" user="literan">
    <tag k="shop" v="pet"/>
  </node>
  <node id="10722897843" lat="55.4844787" lon="37.3058903" version="9" timestamp="2024-08-12T10:00:40Z" changeset="155139886" uid="12100948" user="kate_rocketdata">
    <tag k="brand" v="Копирка"/>
    <tag k="contact:email" v="317@kopirka.ru"/>
    <tag k="contact:phone" v="+7 495 6603649"/>
    <tag k="contact:website" v="https://kopirka.ru/offices/troitsk"/>
    <tag k="name" v="Копирка"/>
    <tag k="name:ru" v="Копирка"/>
    <tag k="opening_hours" v="Mo-Su 09:00-11:30,12:00-21:00"/>
    <tag k="shop" v="copyshop"/>
  </node>
  <node id="10722898473" lat="55.4868024" lon="37.3053915" version="2" timestamp="2024-02-12T10:48:48Z" changeset="147361081" uid="12100948" user="kate_rocketdata">
    <tag k="contact:email" v="support@betboom.ru"/>
    <tag k="contact:phone" v="+7 800 5054343"/>
    <tag k="contact:website" v="https://betboom.ru"/>
    <tag k="name" v="BetBoom"/>
    <tag k="opening_hours" v="24/7"/>
    <tag k="shop" v="bookmaker"/>
  </node>
  <node id="10771167788" lat="55.4859179" lon="37.3040449" version="4" timestamp="2023-12-04T13:57:53Z" changeset="144755848" uid="12100948" user="kate_rocketdata">
    <tag k="brand" v="Ozon"/>
    <tag k="brand:wikidata" v="Q2365235"/>
    <tag k="brand:wikipedia" v="ru:Ozon.ru"/>
    <tag k="contact:facebook" v="https://www.facebook.com/ozon.ru"/>
    <tag k="contact:instagram" v="https://www.instagram.com/ozonru"/>
    <tag k="contact:phone" v="+7 495 2321000"/>
    <tag k="contact:twitter" v="https://twitter.com/Ozon_ru"/>
    <tag k="contact:vk" v="https://vk.com/ozon"/>
    <tag k="contact:website" v="https://www.ozon.ru/"/>
    <tag k="name" v="Ozon"/>
    <tag k="opening_hours" v="Mo-Su 09:00-21:00"/>
    <tag k="shop" v="outpost"/>
  </node>
  <node id="10809810071" lat="55.4858881" lon="37.3051937" version="4" timestamp="2025-01-21T15:28:03Z" changeset="161604848" uid="2055718" user="Bobropiton">
    <tag k="bus" v="yes"/>
    <tag k="name" v="Троицк (Академическая площадь)"/>
    <tag k="public_transport" v="stop_position"/>
  </node>
  <node id="10809810072" lat="55.4851678" lon="37.3058969" version="4" timestamp="2025-01-21T15:28:03Z" changeset="161604848" uid="2055718" user="Bobropiton">
    <tag k="bus" v="yes"/>
    <tag k="name" v="Троицк (Академическая площадь)"/>
    <tag k="public_transport" v="stop_position"/>
  </node>
  <node id="10809810073" lat="55.4836125" lon="37.3042338" version="3" timestamp="2024-07-30T13:42:00Z" changeset="154607276" uid="564990" user="mavl">
    <tag k="bus" v="yes"/>
    <tag k="name" v="Октябрьский проспект, 18"/>
    <tag k="public_transport" v="stop_position"/>
  </node>
  <node id="10809810074" lat="55.4837114" lon="37.3044861" version="3" timestamp="2024-07-30T13:28:35Z" changeset="154606705" uid="564990" user="mavl">
    <tag k="bus" v="yes"/>
    <tag k="name" v="Октябрьский проспект, 18"/>
    <tag k="public_transport" v="stop_position"/>
  </node>
  <node id="11155965954" lat="55.4863739" lon="37.3055389" version="1" timestamp="2023-08-30T12:18:00Z" changeset="140585710" uid="12100948" user="kate_rocketdata">
    <tag k="amenity" v="money_transfer"/>
    <tag k="contact:phone" v="+7 495 7445555"/>
    <tag k="contact:website" v="https://unistream.ru"/>
    <tag k="name" v="Юнистрим"/>
    <tag k="opening_hours" v="Mo-Su 09:30-12:00,12:15-14:00,14:30-17:00,17:15-19:30"/>
  </node>
  <node id="11255167547" lat="55.4864457" lon="37.3071118" version="3" timestamp="2023-12-04T13:57:53Z" changeset="144755848" uid="12100948" user="kate_rocketdata">
    <tag k="brand" v="Ozon"/>
    <tag k="brand:wikidata" v="Q2365235"/>
    <tag k="brand:wikipedia" v="ru:Ozon.ru"/>
    <tag k="contact:facebook" v="https://www.facebook.com/ozon.ru"/>
    <tag k="contact:instagram" v="https://www.instagram.com/ozonru"/>
    <tag k="contact:phone" v="+7 495 2321000"/>
    <tag k="contact:twitter" v="https://twitter.com/Ozon_ru"/>
    <tag k="contact:vk" v="https://vk.com/ozon"/>
    <tag k="contact:website" v="https://www.ozon.ru/"/>
    <tag k="name" v="Ozon"/>
    <tag k="opening_hours" v="Mo-Su 09:00-21:00"/>
    <tag k="shop" v="outpost"/>
  </node>
  <node id="11304187766" lat="55.4868207" lon="37.3070007" version="3" timestamp="2025-05-19T07:39:59Z" changeset="166461432" uid="12100948" user="kate_rocketdata">
    <tag k="contact:email" v="support@fsfera.ru"/>
    <tag k="contact:phone" v="+7 495 2121089-717"/>
    <tag k="contact:website" v="https://fsfera.ru"/>
    <tag k="name" v="Фотосфера"/>
    <tag k="opening_hours" v="Mo-Fr 09:00-21:00; Sa-Su 10:00-20:00"/>
    <tag k="shop" v="photo"/>
  </node>
  <node id="11414416592" lat="55.4844273" lon="37.3060464" version="4" timestamp="2024-06-17T11:51:05Z" changeset="152799306" uid="12100948" user="kate_rocketdata">
    <tag k="amenity" v="doctors"/>
    <tag k="contact:phone" v="+7 495 4924340"/>
    <tag k="contact:website" v="https://picasso-diagnostic.ru"/>
    <tag k="healthcare" v="laboratory"/>
    <tag k="healthcare:speciality" v="diagnostic_radiology"/>
    <tag k="name" v="Пикассо"/>
    <tag k="opening_hours" v="Mo-Fr 09:00-20:00; Sa-Su 09:00-19:00"/>
  </node>
  <node id="11726875588" lat="55.4843849" lon="37.3048705" version="3" timestamp="2025-02-17T08:31:49Z" changeset="162601096" uid="12100948" user="kate_rocketdata">
    <tag k="contact:phone" v="+7 800 2500890"/>
    <tag k="contact:website" v="https://moskva.mts.ru"/>
    <tag k="name" v="МТС"/>
    <tag k="office" v="telecommunication"/>
    <tag k="opening_hours" v="Mo-Su 09:00-19:00"/>
    <tag k="shop" v="mobile_phone"/>
  </node>
  <node id="11944539769" lat="55.4854967" lon="37.3075343" version="1" timestamp="2024-05-30T09:10:05Z" changeset="152023414" uid="21578462" user="karishagi">
    <tag k="addr:postcode" v="108842"/>
    <tag k="name" v="Онлайн Институт Практической Психологии"/>
    <tag k="office" v="company"/>
    <tag k="opening_hours" v="Su,Tu-Sa,Mo 09:00-21:00"/>
    <tag k="phone" v="+79582219216"/>
    <tag k="website" v="https://oipp.ru/"/>
  </node>
  <node id="12199133897" lat="55.4864784" lon="37.3070861" version="1" timestamp="2024-09-25T14:04:01Z" changeset="157085058" uid="12100948" user="kate_rocketdata">
    <tag k="contact:phone" v="+7 499 3915622"/>
    <tag k="contact:website" v="https://boxberry.ru"/>
    <tag k="name" v="Boxberry"/>
    <tag k="opening_hours" v="Mo-Fr 09:00-21:00; Sa-Su 09:00-20:00"/>
    <tag k="shop" v="outpost"/>
  </node>
  <node id="12478690235" lat="55.4838529" lon="37.3045710" version="1" timestamp="2025-01-06T15:12:23Z" changeset="161062363" uid="11926915" user="OrAgi"/>
  <node id="12901748232" lat="55.4840432" lon="37.3044967" version="1" timestamp="2025-06-10T09:43:14Z" changeset="167435707" uid="21501425" user="ollsarks"/>
  <node id="12901748296" lat="55.4840099" lon="37.3046426" version="1" timestamp="2025-06-10T09:43:14Z" changeset="167435707" uid="21501425" user="ollsarks"/>
  <node id="13311819956" lat="55.4858175" lon="37.3060219" version="1" timestamp="2025-11-17T20:02:16Z" changeset="174789040" uid="21851289" user="Ozon OSM1"/>
  <node id="13311819957" lat="55.4858856" lon="37.3061319" version="1" timestamp="2025-11-17T20:02:16Z" changeset="174789040" uid="21851289" user="Ozon OSM1"/>
  <node id="13311819958" lat="55.4859777" lon="37.3067426" version="1" timestamp="2025-11-17T20:02:16Z" changeset="174789040" uid="21851289" user="Ozon OSM1"/>
  <node id="13311819959" lat="55.4855169" lon="37.3063064" version="1" timestamp="2025-11-17T20:02:16Z" changeset="174789040" uid="21851289" user="Ozon OSM1"/>
  <node id="13311819960" lat="55.4857228" lon="37.3069840" version="1" timestamp="2025-11-17T20:02:16Z" changeset="174789040" uid="21851289" user="Ozon OSM1"/>
  <way id="27945813" version="27" timestamp="2024-09-28T00:58:08Z" changeset="157192317" uid="21501425" user="ollsarks">
    <nd ref="306828000"/>
    <nd ref="306828399"/>
    <nd ref="6300743526"/>
    <nd ref="307924935"/>
    <nd ref="606267661"/>
    <nd ref="1704610774"/>
    <nd ref="504915698"/>
    <nd ref="606267665"/>
    <nd ref="306828400"/>
    <nd ref="8761382663"/>
    <nd ref="1657664789"/>
    <nd ref="606267675"/>
    <nd ref="307923945"/>
    <nd ref="598526015"/>
    <nd ref="307923946"/>
    <nd ref="306828402"/>
    <nd ref="306828404"/>
    <nd ref="308216223"/>
    <nd ref="306828406"/>
    <nd ref="2379740651"/>
    <nd ref="2915170486"/>
    <nd ref="606267618"/>
    <nd ref="1010854717"/>
    <tag k="highway" v="residential"/>
    <tag k="lit" v="yes"/>
    <tag k="surface" v="asphalt"/>
  </way>
  <way id="27945815" version="18" timestamp="2017-03-06T18:43:21Z" changeset="46631252" uid="672536" user="xmd5a">
    <nd ref="307925425"/>
    <nd ref="2379443004"/>
    <nd ref="306828822"/>
    <tag k="highway" v="tertiary"/>
    <tag k="lanes" v="2"/>
    <tag k="oneway" v="yes"/>
    <tag k="surface" v="asphalt"/>
  </way>
  <way id="27950594" version="23" timestamp="2025-05-27T23:50:35Z" changeset="166847321" uid="12947812" user="anastasia_">
    <nd ref="306828824"/>
    <nd ref="306828827"/>
    <nd ref="560475797"/>
    <nd ref="3945443642"/>
    <nd ref="306828828"/>
    <tag k="highway" v="secondary"/>
    <tag k="lanes" v="4"/>
    <tag k="maxspeed" v="40"/>
    <tag k="name" v="Октябрьский проспект"/>
    <tag k="name:etymology:wikidata" v="Q42976"/>
    <tag k="name:ru" v="Октябрьский проспект"/>
    <tag k="surface" v="asphalt"/>
  </way>
  <way id="27950717" version="17" timestamp="2023-09-16T23:03:43Z" changeset="141361395" uid="3305165" user="luisforte">
    <nd ref="306826941"/>
    <nd ref="2916555493"/>
    <nd ref="2916555491"/>
    <nd ref="10272925493"/>
    <nd ref="602480739"/>
    <nd ref="306826942"/>
    <tag k="alt_name" v="улица Октябрьская Б."/>
    <tag k="highway" v="secondary"/>
    <tag k="lanes" v="2"/>
    <tag k="name" v="Большая Октябрьская улица"/>
    <tag k="name:ru" v="Большая Октябрьская улица"/>
    <tag k="surface" v="asphalt"/>
  </way>
  <way id="28042527" version="12" timestamp="2023-04-14T03:04:51Z" changeset="134883976" uid="2055718" user="Bobropiton">
    <nd ref="10809810071"/>
    <nd ref="6315680179"/>
    <nd ref="1010854717"/>
    <nd ref="2379443003"/>
    <nd ref="307925424"/>
    <tag k="highway" v="tertiary"/>
    <tag k="name" v="Академическая площадь"/>
    <tag k="name:ru" v="Академическая площадь"/>
    <tag k="oneway" v="yes"/>
    <tag k="surface" v="asphalt"/>
  </way>
  <way id="28069265" version="7" timestamp="2022-06-14T20:40:34Z" changeset="122389128" uid="830106" user="literan">
    <nd ref="606267629"/>
    <nd ref="606267633"/>
    <nd ref="308216223"/>
    <nd ref="308216409"/>
    <nd ref="2379740652"/>
    <nd ref="308216410"/>
    <nd ref="308216411"/>
    <nd ref="1658831727"/>
    <nd ref="489229703"/>
    <tag k="highway" v="footway"/>
    <tag k="surface" v="paved"/>
  </way>
  <way id="39622058" version="9" timestamp="2016-01-14T09:10:26Z" changeset="36565905" uid="22528" user="saintman">
    <nd ref="306828822"/>
    <nd ref="598526012"/>
    <tag k="highway" v="residential"/>
  </way>
  <way id="39622895" version="40" timestamp="2023-09-17T22:42:45Z" changeset="141400332" uid="149719" user="Bloodmage">
    <nd ref="474957384"/>
    <nd ref="474957385"/>
    <nd ref="474957386"/>
    <nd ref="474957387"/>
    <nd ref="474957388"/>
    <nd ref="6782378085"/>
    <nd ref="6782378086"/>
    <nd ref="6782378087"/>
    <nd ref="6782378088"/>
    <nd ref="474957389"/>
    <nd ref="595525147"/>
    <nd ref="3945435471"/>
    <nd ref="474957392"/>
    <nd ref="474957393"/>
    <nd ref="6782368821"/>
    <nd ref="6798760939"/>
    <nd ref="6782378089"/>
    <nd ref="474957394"/>
    <nd ref="474957403"/>
    <nd ref="6782378090"/>
    <nd ref="474957404"/>
    <nd ref="474957405"/>
    <nd ref="474957406"/>
    <nd ref="474957407"/>
    <nd ref="474957408"/>
    <nd ref="474957409"/>
    <nd ref="474957384"/>
    <tag k="leisure" v="park"/>
    <tag k="name" v="Академический"/>
  </way>
  <way id="40076853" version="10" timestamp="2021-05-31T16:54:07Z" changeset="105635983" uid="2121206" user="weeg3">
    <nd ref="482261509"/>
    <nd ref="4053625802"/>
    <nd ref="482261510"/>
    <nd ref="482261511"/>
    <nd ref="482261513"/>
    <nd ref="482261515"/>
    <nd ref="6594526084"/>
    <nd ref="6594526083"/>
    <nd ref="482261516"/>
    <nd ref="482261518"/>
    <nd ref="482261519"/>
    <nd ref="482261520"/>
    <nd ref="482261522"/>
    <nd ref="482261509"/>
    <tag k="addr:housenumber" v="В42"/>
    <tag k="addr:place" v="микрорайон В"/>
    <tag k="building" v="commercial"/>
    <tag k="building:levels" v="2"/>
    <tag k="roof:shape" v="flat"/>
  </way>
  <way id="40076858" version="5" timestamp="2024-06-11T10:22:30Z" changeset="152536189" uid="1185631" user="Dmitry2013">
    <nd ref="482261653"/>
    <nd ref="482261655"/>
    <nd ref="482261657"/>
    <nd ref="482261658"/>
    <nd ref="482261661"/>
    <nd ref="482261663"/>
    <nd ref="482261664"/>
    <nd ref="482261665"/>
    <nd ref="482261653"/>
    <tag k="addr:housenumber" v="В40"/>
    <tag k="addr:place" v="микрорайон В"/>
    <tag k="building" v="apartments"/>
    <tag k="building:flats" v="135"/>
    <tag k="building:levels" v="15"/>
    <tag k="start_date" v="1981"/>
  </way>
  <way id="40077053" version="10" timestamp="2024-06-11T10:22:30Z" changeset="152536189" uid="1185631" user="Dmitry2013">
    <nd ref="482264318"/>
    <nd ref="482264319"/>
    <nd ref="482264321"/>
    <nd ref="482264322"/>
    <nd ref="482264323"/>
    <nd ref="7393840934"/>
    <nd ref="482264325"/>
    <nd ref="7402778771"/>
    <nd ref="482264326"/>
    <nd ref="482264327"/>
    <nd ref="482264318"/>
    <tag k="addr:housenumber" v="39"/>
    <tag k="addr:place" v="микрорайон В"/>
    <tag k="addr:postcode" v="108842"/>
    <tag k="building" v="apartments"/>
    <tag k="building:flats" v="135"/>
    <tag k="building:levels" v="17"/>
    <tag k="start_date" v="1990"/>
  </way>
  <way id="40077205" version="10" timestamp="2024-06-11T10:22:30Z" changeset="152536189" uid="1185631" user="Dmitry2013">
    <nd ref="482264528"/>
    <nd ref="482264530"/>
    <nd ref="7395195127"/>
    <nd ref="482264531"/>
    <nd ref="482264532"/>
    <nd ref="482264535"/>
    <nd ref="482264536"/>
    <nd ref="482264537"/>
    <nd ref="482264538"/>
    <nd ref="482264528"/>
    <tag k="addr:housenumber" v="В37"/>
    <tag k="addr:place" v="микрорайон В"/>
    <tag k="building" v="apartments"/>
    <tag k="building:flats" v="135"/>
    <tag k="building:levels" v="16"/>
    <tag k="start_date" v="1989"/>
  </way>
  <way id="40077260" version="5" timestamp="2024-06-11T10:22:30Z" changeset="152536189" uid="1185631" user="Dmitry2013">
    <nd ref="482264605"/>
    <nd ref="482264606"/>
    <nd ref="482264608"/>
    <nd ref="7402778758"/>
    <nd ref="7402778765"/>
    <nd ref="7402778766"/>
    <nd ref="7402778767"/>
    <nd ref="482264609"/>
    <nd ref="482264605"/>
    <tag k="addr:housenumber" v="В31"/>
    <tag k="building" v="apartments"/>
    <tag k="building:flats" v="144"/>
    <tag k="building:levels" v="9"/>
    <tag k="start_date" v="1974"/>
  </way>
  <way id="40077667" version="10" timestamp="2024-06-11T10:22:30Z" changeset="152536189" uid="1185631" user="Dmitry2013">
    <nd ref="482265401"/>
    <nd ref="482265405"/>
    <nd ref="482265407"/>
    <nd ref="7402778770"/>
    <nd ref="7402778769"/>
    <nd ref="7402778768"/>
    <nd ref="482265408"/>
    <nd ref="482265401"/>
    <tag k="addr:housenumber" v="41"/>
    <tag k="addr:place" v="микрорайон В"/>
    <tag k="addr:postcode" v="108842"/>
    <tag k="building" v="apartments"/>
    <tag k="building:flats" v="143"/>
    <tag k="building:levels" v="12"/>
    <tag k="start_date" v="1986"/>
  </way>
  <way id="45855027" version="31" timestamp="2023-11-22T05:13:23Z" changeset="144310597" uid="10129333" user="solenoid jam">
    <nd ref="583572131"/>
    <nd ref="1586378910"/>
    <nd ref="583572127"/>
    <nd ref="583572130"/>
    <nd ref="1586378918"/>
    <nd ref="1586378923"/>
    <nd ref="583572135"/>
    <nd ref="583572136"/>
    <nd ref="583572108"/>
    <nd ref="583572102"/>
    <nd ref="583572092"/>
    <nd ref="583572093"/>
    <nd ref="2241518241"/>
    <nd ref="583572094"/>
    <nd ref="2241411911"/>
    <nd ref="2241411934"/>
    <nd ref="583572096"/>
    <nd ref="583572095"/>
    <nd ref="583572085"/>
    <nd ref="583572084"/>
    <nd ref="605204186"/>
    <nd ref="583572082"/>
    <nd ref="583572083"/>
    <nd ref="583572101"/>
    <nd ref="583572103"/>
    <nd ref="583572104"/>
    <nd ref="605204195"/>
    <nd ref="583572109"/>
    <nd ref="583572110"/>
    <nd ref="583572137"/>
    <nd ref="583572138"/>
    <nd ref="583572139"/>
    <nd ref="583572140"/>
    <nd ref="605204273"/>
    <nd ref="583572142"/>
    <nd ref="583572141"/>
    <nd ref="583572131"/>
    <tag k="addr:city" v="Троицк"/>
    <tag k="addr:housenumber" v="вл. 12"/>
    <tag k="addr:street" v="улица Пушковых"/>
    <tag k="amenity" v="research_institute"/>
    <tag k="barrier" v="wall"/>
    <tag k="landuse" v="industrial"/>
    <tag k="name" v="Троицкий институт инновационных и термоядерных исследований"/>
    <tag k="official_name" v="Акционерное общество &quot;Государственный научный центр Российской Федерации Троицкий институт инновационных и термоядерных исследований&quot;"/>
    <tag k="short_name" v="ТРИНИТИ"/>
    <tag k="website" v="https://www.triniti.ru/"/>
    <tag k="wikipedia" v="ru:Троицкий_институт_инновационных_и_термоядерных_исследований"/>
  </way>
  <way id="46876798" version="5" timestamp="2014-06-14T22:28:18Z" changeset="22935135" uid="2121206" user="weeg3">
    <nd ref="598526012"/>
    <nd ref="606267638"/>
    <nd ref="598526047"/>
    <nd ref="598526049"/>
    <nd ref="598526057"/>
    <nd ref="2916552152"/>
    <nd ref="598526059"/>
    <nd ref="2916563662"/>
    <tag k="highway" v="service"/>
    <tag k="living_street" v="yes"/>
  </way>
  <way id="46876802" version="4" timestamp="2021-05-31T08:37:11Z" changeset="105608351" uid="2121206" user="weeg3">
    <nd ref="598526015"/>
    <nd ref="4790139310"/>
    <nd ref="598526017"/>
    <nd ref="598526019"/>
    <tag k="highway" v="service"/>
    <tag k="living_street" v="yes"/>
    <tag k="surface" v="asphalt"/>
  </way>
  <way id="46876805" version="5" timestamp="2021-05-31T08:39:19Z" changeset="105608351" uid="2121206" user="weeg3">
    <nd ref="598526061"/>
    <nd ref="2916564565"/>
    <nd ref="598526063"/>
    <nd ref="7129579483"/>
    <nd ref="7129579484"/>
    <nd ref="598526065"/>
    <nd ref="598526067"/>
    <nd ref="598526045"/>
    <tag k="highway" v="service"/>
    <tag k="living_street" v="yes"/>
    <tag k="surface" v="asphalt"/>
  </way>
  <way id="46876806" version="5" timestamp="2022-12-19T10:04:54Z" changeset="130241397" uid="17982572" user="Andreyka!">
    <nd ref="598526067"/>
    <nd ref="598526068"/>
    <nd ref="10272969843"/>
    <nd ref="2916315911"/>
    <tag k="highway" v="service"/>
    <tag k="living_street" v="yes"/>
    <tag k="surface" v="asphalt"/>
  </way>
  <way id="46876807" version="4" timestamp="2021-05-31T17:57:04Z" changeset="105636056" uid="2121206" user="weeg3">
    <nd ref="598526068"/>
    <nd ref="598526052"/>
    <nd ref="598526054"/>
    <nd ref="606967077"/>
    <nd ref="598526087"/>
    <tag k="highway" v="service"/>
    <tag k="living_street" v="yes"/>
    <tag k="surface" v="asphalt"/>
  </way>
  <way id="46876810" version="4" timestamp="2022-12-19T10:04:54Z" changeset="130241397" uid="17982572" user="Andreyka!">
    <nd ref="598526047"/>
    <nd ref="2914895635"/>
    <nd ref="598526055"/>
    <nd ref="598526041"/>
    <nd ref="10272969844"/>
    <nd ref="2914895637"/>
    <nd ref="598526043"/>
    <tag k="highway" v="service"/>
  </way>
  <way id="47028374" version="15" timestamp="2023-08-25T13:13:24Z" changeset="140372443" uid="11978982" user="mappinglander">
    <nd ref="599914548"/>
    <nd ref="599914546"/>
    <nd ref="1657664797"/>
    <nd ref="599914530"/>
    <nd ref="703577866"/>
    <nd ref="703577868"/>
    <nd ref="599914528"/>
    <nd ref="474959361"/>
    <nd ref="599914535"/>
    <nd ref="6782378088"/>
    <nd ref="474957403"/>
    <nd ref="2914870133"/>
    <nd ref="622424392"/>
    <nd ref="599914540"/>
    <nd ref="2914870134"/>
    <nd ref="3945443640"/>
    <nd ref="3945443650"/>
    <nd ref="3945443638"/>
    <nd ref="599914542"/>
    <nd ref="599914544"/>
    <nd ref="599914548"/>
    <tag k="landuse" v="residential"/>
  </way>
  <way id="47028686" version="14" timestamp="2023-08-25T13:13:24Z" changeset="140372443" uid="11978982" user="mappinglander">
    <nd ref="599916142"/>
    <nd ref="2241751426"/>
    <nd ref="606267652"/>
    <nd ref="599916140"/>
    <nd ref="599916145"/>
    <nd ref="599916147"/>
    <nd ref="599916148"/>
    <nd ref="599922843"/>
    <nd ref="1646977013"/>
    <nd ref="844617515"/>
    <nd ref="844617484"/>
    <nd ref="844617514"/>
    <nd ref="4813344004"/>
    <nd ref="4813344002"/>
    <nd ref="4813344001"/>
    <nd ref="599916144"/>
    <nd ref="599916143"/>
    <nd ref="606267651"/>
    <nd ref="599916142"/>
    <tag k="landuse" v="residential"/>
    <tag k="residential" v="rural"/>
  </way>
  <way id="47291297" version="6" timestamp="2020-01-13T23:59:15Z" changeset="79536914" uid="9202957" user="BigPastaDinner">
    <nd ref="3945435506"/>
    <nd ref="602480735"/>
    <nd ref="504916156"/>
    <nd ref="3945365378"/>
    <nd ref="602480732"/>
    <nd ref="7129602888"/>
    <nd ref="7129602887"/>
    <nd ref="602480733"/>
    <nd ref="7129602886"/>
    <nd ref="7129602885"/>
    <nd ref="3945378872"/>
    <nd ref="3945378873"/>
    <tag k="highway" v="service"/>
  </way>
  <way id="47291298" version="4" timestamp="2021-06-03T02:21:12Z" changeset="105746520" uid="2121206" user="weeg3">
    <nd ref="602480737"/>
    <nd ref="602480739"/>
    <nd ref="2916555486"/>
    <nd ref="616115558"/>
    <nd ref="602480740"/>
    <nd ref="602480741"/>
    <nd ref="602480742"/>
    <nd ref="602480743"/>
    <tag k="highway" v="footway"/>
    <tag k="surface" v="asphalt"/>
  </way>
  <way id="47463151" version="4" timestamp="2020-04-13T10:32:09Z" changeset="83469754" uid="2121206" user="weeg3">
    <nd ref="604020910"/>
    <nd ref="606267679"/>
    <nd ref="604020913"/>
    <nd ref="604020917"/>
    <nd ref="7397631551"/>
    <nd ref="7397631552"/>
    <nd ref="7397631553"/>
    <nd ref="7397631554"/>
    <nd ref="7397631555"/>
    <nd ref="7397631550"/>
    <tag k="highway" v="service"/>
  </way>
  <way id="47513092" version="20" timestamp="2023-09-17T00:02:58Z" changeset="141362323" uid="461130" user="Fizzie-DWG">
    <nd ref="604989340"/>
    <nd ref="605204197"/>
    <nd ref="604989333"/>
    <nd ref="604989338"/>
    <nd ref="604989345"/>
    <nd ref="604989348"/>
    <nd ref="604989350"/>
    <nd ref="604989341"/>
    <nd ref="604989342"/>
    <nd ref="604989343"/>
    <nd ref="604989340"/>
    <tag k="barrier" v="fence"/>
    <tag k="landuse" v="retail"/>
    <tag k="name" v="Рынок &quot;СКИД&quot;"/>
  </way>
  <way id="47553175" version="5" timestamp="2020-01-13T23:59:15Z" changeset="79536914" uid="9202957" user="BigPastaDinner">
    <nd ref="306828824"/>
    <nd ref="3945435506"/>
    <nd ref="602480737"/>
    <nd ref="958509263"/>
    <nd ref="7129602890"/>
    <nd ref="7129602889"/>
    <nd ref="958509256"/>
    <nd ref="958509254"/>
    <nd ref="7129602891"/>
    <nd ref="958509251"/>
    <nd ref="7129602893"/>
    <nd ref="7129602892"/>
    <nd ref="958509248"/>
    <tag k="highway" v="service"/>
  </way>
  <way id="47553181" version="45" timestamp="2023-11-15T22:42:11Z" changeset="144071279" uid="1778799" user="SomeoneElse_Revert">
    <nd ref="604020913"/>
    <nd ref="605204229"/>
    <nd ref="605204231"/>
    <nd ref="605204232"/>
    <nd ref="605204233"/>
    <nd ref="605204235"/>
    <nd ref="605204254"/>
    <nd ref="605204255"/>
    <nd ref="605204256"/>
    <nd ref="605204257"/>
    <nd ref="605204259"/>
    <nd ref="605204248"/>
    <nd ref="605204249"/>
    <nd ref="605204250"/>
    <nd ref="7397631550"/>
    <nd ref="605204253"/>
    <nd ref="605204225"/>
    <nd ref="605204230"/>
    <nd ref="604020913"/>
    <tag k="amenity" v="kindergarten"/>
    <tag k="barrier" v="fence"/>
    <tag k="name" v="Детский сад №8 &quot;Улыбка&quot;"/>
    <tag k="source" v="http://mosuzedu.ru/nmit/orgs/org.html?id=781"/>
  </way>
  <way id="47651699" version="6" timestamp="2021-06-04T10:23:09Z" changeset="105831592" uid="2121206" user="weeg3">
    <nd ref="606267682"/>
    <nd ref="1055498328"/>
    <nd ref="1055498326"/>
    <nd ref="2916315920"/>
    <nd ref="1055498340"/>
    <nd ref="606267679"/>
    <nd ref="606267680"/>
    <nd ref="606267676"/>
    <nd ref="606267677"/>
    <nd ref="2914890999"/>
    <nd ref="606267678"/>
    <nd ref="606267703"/>
    <nd ref="2916315911"/>
    <nd ref="2916315909"/>
    <nd ref="606267629"/>
    <nd ref="4053625800"/>
    <nd ref="606267638"/>
    <tag k="highway" v="footway"/>
    <tag k="surface" v="asphalt"/>
  </way>
  <way id="47651700" version="2" timestamp="2010-01-06T17:52:06Z" changeset="3555723" uid="97421" user="vespex">
    <nd ref="598526052"/>
    <nd ref="598526049"/>
    <nd ref="606967076"/>
    <nd ref="606267640"/>
    <tag k="highway" v="footway"/>
  </way>
  <way id="47651704" version="1" timestamp="2010-01-06T00:57:46Z" changeset="3550443" uid="97421" user="vespex">
    <nd ref="606267618"/>
    <nd ref="606267633"/>
    <nd ref="606267631"/>
    <tag k="highway" v="service"/>
  </way>
  <way id="47651714" version="2" timestamp="2014-06-14T19:07:33Z" changeset="22931313" uid="2121206" user="weeg3">
    <nd ref="598526019"/>
    <nd ref="2916315912"/>
    <nd ref="606267703"/>
    <nd ref="606267704"/>
    <nd ref="598526045"/>
    <tag k="highway" v="footway"/>
  </way>
  <way id="47704414" version="21" timestamp="2023-09-16T23:03:43Z" changeset="141361395" uid="3305165" user="luisforte">
    <nd ref="3799896693"/>
    <nd ref="1646976911"/>
    <nd ref="598526093"/>
    <nd ref="598526082"/>
    <nd ref="598526085"/>
    <nd ref="2915163822"/>
    <nd ref="598526083"/>
    <nd ref="1277267303"/>
    <nd ref="598526061"/>
    <nd ref="2915170487"/>
    <nd ref="1646976632"/>
    <nd ref="598526087"/>
    <nd ref="474952899"/>
    <nd ref="1646976486"/>
    <nd ref="306826941"/>
    <tag k="alt_name" v="улица Октябрьская Б."/>
    <tag k="highway" v="secondary"/>
    <tag k="lanes" v="2"/>
    <tag k="name" v="Большая Октябрьская улица"/>
    <tag k="name:ru" v="Большая Октябрьская улица"/>
    <tag k="surface" v="asphalt"/>
  </way>
  <way id="48491196" version="3" timestamp="2021-05-31T16:56:27Z" changeset="105636056" uid="2121206" user="weeg3">
    <nd ref="616115556"/>
    <nd ref="616115558"/>
    <nd ref="616115569"/>
    <nd ref="7129602894"/>
    <nd ref="7129602895"/>
    <nd ref="616115572"/>
    <tag k="highway" v="service"/>
    <tag k="surface" v="asphalt"/>
  </way>
  <way id="48491197" version="3" timestamp="2019-09-08T14:28:56Z" changeset="74227996" uid="334643" user="Steve_32">
    <nd ref="616115552"/>
    <nd ref="616115567"/>
    <nd ref="616115562"/>
    <nd ref="616115565"/>
    <nd ref="616115574"/>
    <nd ref="616115554"/>
    <nd ref="616115552"/>
    <tag k="addr:housenumber" v="4"/>
    <tag k="addr:street" v="Академическая площадь"/>
    <tag k="building" v="apartments"/>
    <tag k="building:flats" v="498"/>
    <tag k="building:levels" v="17"/>
    <tag k="building:year_built" v="2004"/>
    <tag k="design:note" v="Индивидуальный проект на базе серии С222"/>
    <tag k="design:ref" v="222-02/17;222-15/17"/>
    <tag k="loc_name" v="Титаник"/>
    <tag k="start_date" v="2005"/>
  </way>
  <way id="49054697" version="5" timestamp="2016-01-14T09:10:26Z" changeset="36565905" uid="22528" user="saintman">
    <nd ref="3945435515"/>
    <nd ref="622424390"/>
    <nd ref="3945435518"/>
    <nd ref="622424393"/>
    <nd ref="3945435516"/>
    <nd ref="2379740649"/>
    <nd ref="2379740653"/>
    <nd ref="2379740650"/>
    <nd ref="2379740651"/>
    <tag k="highway" v="service"/>
  </way>
  <way id="49055871" version="14" timestamp="2025-01-21T15:28:03Z" changeset="161604848" uid="2055718" user="Bobropiton">
    <nd ref="306828828"/>
    <nd ref="306828829"/>
    <nd ref="10809810074"/>
    <nd ref="10809810073"/>
    <nd ref="8761375803"/>
    <nd ref="3945435461"/>
    <nd ref="8761375806"/>
    <nd ref="306828831"/>
    <nd ref="12206101091"/>
    <tag k="highway" v="secondary"/>
    <tag k="lanes" v="4"/>
    <tag k="maxspeed" v="20"/>
    <tag k="name" v="Октябрьский проспект"/>
    <tag k="name:etymology:wikidata" v="Q42976"/>
    <tag k="name:ru" v="Октябрьский проспект"/>
    <tag k="surface" v="asphalt"/>
  </way>
  <way id="83524117" version="4" timestamp="2025-05-27T23:50:35Z" changeset="166847321" uid="12947812" user="anastasia_">
    <nd ref="306826942"/>
    <nd ref="602480738"/>
    <nd ref="602480734"/>
    <nd ref="306828824"/>
    <tag k="highway" v="secondary"/>
    <tag k="lanes" v="2"/>
    <tag k="maxspeed" v="RU:urban"/>
    <tag k="surface" v="asphalt"/>
  </way>
  <way id="151856254" version="38" timestamp="2025-06-23T19:11:47Z" changeset="168018096" uid="10059160" user="YOT-TAK-YOT">
    <nd ref="1646976632"/>
    <nd ref="12947295561"/>
    <nd ref="8788438767"/>
    <nd ref="12947295568"/>
    <nd ref="12947295566"/>
    <nd ref="1646976767"/>
    <nd ref="1646976727"/>
    <tag k="highway" v="residential"/>
    <tag k="lit" v="yes"/>
    <tag k="name" v="Рабочая улица"/>
    <tag k="sidewalk" v="no"/>
    <tag k="surface" v="asphalt"/>
  </way>
  <way id="153024267" version="8" timestamp="2025-12-18T23:20:38Z" changeset="176116806" uid="23290338" user="Cz9">
    <nd ref="595525061"/>
    <nd ref="1657736902"/>
    <nd ref="595525069"/>
    <nd ref="3945435500"/>
    <nd ref="595525071"/>
    <nd ref="595525074"/>
    <nd ref="595525057"/>
    <nd ref="595525058"/>
    <nd ref="2914870135"/>
    <nd ref="2914870136"/>
    <nd ref="6506423459"/>
    <nd ref="2914870137"/>
    <nd ref="2914870138"/>
    <nd ref="3945435523"/>
    <nd ref="595525061"/>
    <tag k="addr:housenumber" v="3"/>
    <tag k="addr:postcode" v="108842"/>
    <tag k="addr:street" v="Академическая площадь"/>
    <tag k="building" v="apartments"/>
    <tag k="building:flats" v="514"/>
    <tag k="building:levels" v="17"/>
    <tag k="start_date" v="2008"/>
  </way>
  <way id="214687374" version="1" timestamp="2013-04-01T10:37:43Z" changeset="15565384" uid="1307037" user="Sasha85">
    <nd ref="2241751167"/>
    <nd ref="2241751412"/>
    <nd ref="2241751426"/>
    <nd ref="2241751442"/>
    <nd ref="2241751167"/>
    <tag k="building" v="yes"/>
    <tag k="building:levels" v="1"/>
  </way>
  <way id="214687378" version="1" timestamp="2013-04-01T10:37:43Z" changeset="15565384" uid="1307037" user="Sasha85">
    <nd ref="2241751446"/>
    <nd ref="2241751375"/>
    <nd ref="2241751401"/>
    <nd ref="2241751087"/>
    <nd ref="2241751446"/>
    <tag k="building" v="yes"/>
    <tag k="building:levels" v="2"/>
  </way>
  <way id="214687398" version="2" timestamp="2023-12-05T20:53:56Z" changeset="144806710" uid="19934273" user="Tatiana24">
    <nd ref="2241751272"/>
    <nd ref="2241751190"/>
    <nd ref="2241751471"/>
    <nd ref="2241751329"/>
    <nd ref="2241751272"/>
    <tag k="addr:city" v="Троицк"/>
    <tag k="addr:housenumber" v="27/18"/>
    <tag k="addr:street" v="улица Новостройка"/>
    <tag k="building" v="yes"/>
    <tag k="building:levels" v="2"/>
  </way>
  <way id="214687414" version="1" timestamp="2013-04-01T10:37:45Z" changeset="15565384" uid="1307037" user="Sasha85">
    <nd ref="2241751354"/>
    <nd ref="2241751361"/>
    <nd ref="2241751238"/>
    <nd ref="2241751436"/>
    <nd ref="2241751354"/>
    <tag k="building" v="yes"/>
    <tag k="building:levels" v="2"/>
  </way>
  <way id="214687422" version="2" timestamp="2023-12-05T14:36:50Z" changeset="144794294" uid="19932769" user="Любовь007">
    <nd ref="2241751287"/>
    <nd ref="2241751346"/>
    <nd ref="2241751147"/>
    <nd ref="2241751480"/>
    <nd ref="2241751287"/>
    <tag k="addr:city" v="Троицк"/>
    <tag k="addr:housenumber" v="16"/>
    <tag k="addr:street" v="Садовая улица"/>
    <tag k="building" v="yes"/>
    <tag k="building:levels" v="1"/>
  </way>
  <way id="214687436" version="1" timestamp="2013-04-01T10:37:46Z" changeset="15565384" uid="1307037" user="Sasha85">
    <nd ref="2241751440"/>
    <nd ref="2241751130"/>
    <nd ref="2241751266"/>
    <nd ref="2241751158"/>
    <nd ref="2241751440"/>
    <tag k="building" v="yes"/>
    <tag k="building:levels" v="1"/>
  </way>
  <way id="214691048" version="2" timestamp="2023-12-13T13:34:35Z" changeset="145075693" uid="19933255" user="Мерисида">
    <nd ref="2241780381"/>
    <nd ref="2241780406"/>
    <nd ref="2241780347"/>
    <nd ref="2241780285"/>
    <nd ref="2241780381"/>
    <tag k="addr:city" v="Троицк"/>
    <tag k="addr:housenumber" v="36"/>
    <tag k="addr:street" v="Большая Октябрьская улица"/>
    <tag k="building" v="yes"/>
    <tag k="building:levels" v="2"/>
  </way>
  <way id="214691049" version="2" timestamp="2023-12-05T10:53:21Z" changeset="144787096" uid="19935827" user="Vredinka">
    <nd ref="2241780297"/>
    <nd ref="2241780349"/>
    <nd ref="2241780416"/>
    <nd ref="2241780284"/>
    <nd ref="2241780297"/>
    <tag k="addr:city" v="Троицк"/>
    <tag k="addr:housenumber" v="38"/>
    <tag k="addr:street" v="Большая Октябрьская улица"/>
    <tag k="building" v="yes"/>
    <tag k="building:levels" v="2"/>
  </way>
  <way id="214691056" version="5" timestamp="2021-05-31T08:37:38Z" changeset="105608372" uid="2121206" user="weeg3">
    <nd ref="2241780293"/>
    <nd ref="2241780313"/>
    <nd ref="2241780300"/>
    <nd ref="2241780400"/>
    <nd ref="2241780293"/>
    <tag k="addr:housenumber" v="5"/>
    <tag k="addr:street" v="Рабочая улица"/>
    <tag k="building" v="detached"/>
    <tag k="building:levels" v="2"/>
    <tag k="roof:shape" v="gabled"/>
  </way>
  <way id="214697383" version="2" timestamp="2021-06-01T08:14:39Z" changeset="105664074" uid="2121206" user="weeg3">
    <nd ref="2241827020"/>
    <nd ref="2241826980"/>
    <nd ref="2241826889"/>
    <nd ref="2241826924"/>
    <nd ref="2241827020"/>
    <tag k="building" v="detached"/>
    <tag k="building:levels" v="1"/>
  </way>
  <way id="229331272" version="6" timestamp="2020-02-19T11:37:20Z" changeset="81218705" uid="4256181" user="Sowa1980">
    <nd ref="307925425"/>
    <nd ref="2915376910"/>
    <nd ref="616115556"/>
    <nd ref="306826942"/>
    <tag k="highway" v="tertiary"/>
    <tag k="lanes" v="2"/>
    <tag k="name" v="Академическая площадь"/>
    <tag k="name:ru" v="Академическая площадь"/>
    <tag k="surface" v="asphalt"/>
  </way>
  <way id="229332736" version="8" timestamp="2025-01-21T15:28:03Z" changeset="161604848" uid="2055718" user="Bobropiton">
    <nd ref="307925424"/>
    <nd ref="6538478674"/>
    <nd ref="3800837176"/>
    <tag k="highway" v="tertiary"/>
    <tag k="name" v="Академическая площадь"/>
    <tag k="name:ru" v="Академическая площадь"/>
    <tag k="oneway" v="yes"/>
    <tag k="surface" v="asphalt"/>
  </way>
  <way id="229332740" version="2" timestamp="2016-01-14T09:10:25Z" changeset="36565905" uid="22528" user="saintman">
    <nd ref="2379443004"/>
    <nd ref="3945435476"/>
    <nd ref="3945435499"/>
    <nd ref="2379443003"/>
    <tag k="highway" v="service"/>
    <tag k="lanes" v="2"/>
    <tag k="oneway" v="yes"/>
    <tag k="service" v="parking_aisle"/>
  </way>
  <way id="241112479" version="6" timestamp="2021-06-03T07:58:46Z" changeset="105761626" uid="2121206" user="weeg3">
    <nd ref="2916563662"/>
    <nd ref="616115572"/>
    <nd ref="2916555494"/>
    <nd ref="474952899"/>
    <tag k="highway" v="residential"/>
    <tag k="sidewalk" v="both"/>
    <tag k="surface" v="asphalt"/>
  </way>
  <way id="287931395" version="1" timestamp="2014-06-13T19:13:15Z" changeset="22914925" uid="2121206" user="weeg3">
    <nd ref="2914880376"/>
    <nd ref="2914880378"/>
    <nd ref="2914880377"/>
    <nd ref="2914880375"/>
    <nd ref="2914880376"/>
    <tag k="amenity" v="parking"/>
  </way>
  <way id="287932029" version="2" timestamp="2021-05-31T08:37:12Z" changeset="105608344" uid="2121206" user="weeg3">
    <nd ref="2914890997"/>
    <nd ref="2914890998"/>
    <nd ref="2914890996"/>
    <nd ref="2914890993"/>
    <nd ref="2914890992"/>
    <nd ref="2914890997"/>
    <tag k="access" v="yes"/>
    <tag k="leisure" v="playground"/>
  </way>
  <way id="287932142" version="2" timestamp="2021-05-31T08:39:55Z" changeset="105608353" uid="2121206" user="weeg3">
    <nd ref="2914895639"/>
    <nd ref="2914895640"/>
    <nd ref="2914895638"/>
    <nd ref="2914895636"/>
    <nd ref="2914895639"/>
    <tag k="building" v="service"/>
  </way>
  <way id="287932479" version="3" timestamp="2022-05-29T15:38:06Z" changeset="121665557" uid="2121206" user="weeg3">
    <nd ref="2914911565"/>
    <nd ref="2914911566"/>
    <nd ref="2914911564"/>
    <nd ref="2914911563"/>
    <nd ref="2914911565"/>
    <tag k="shop" v="convenience"/>
  </way>
  <way id="287934495" version="1" timestamp="2014-06-13T19:28:21Z" changeset="22915186" uid="2121206" user="weeg3">
    <nd ref="2914926800"/>
    <nd ref="2914927202"/>
    <nd ref="2914927206"/>
    <nd ref="2914927205"/>
    <nd ref="2914926800"/>
    <tag k="amenity" v="parking"/>
  </way>
  <way id="287934496" version="2" timestamp="2021-05-31T08:37:02Z" changeset="105608344" uid="2121206" user="weeg3">
    <nd ref="2914927203"/>
    <nd ref="2914927204"/>
    <nd ref="2914926799"/>
    <nd ref="2914926798"/>
    <nd ref="2914927201"/>
    <nd ref="2914927203"/>
    <tag k="access" v="yes"/>
    <tag k="leisure" v="playground"/>
  </way>
  <way id="287957591" version="37" timestamp="2023-10-25T11:48:16Z" changeset="143111195" uid="17982572" user="Andreyka!">
    <nd ref="2915124967"/>
    <nd ref="2915124968"/>
    <nd ref="2915124966"/>
    <nd ref="6538482445"/>
    <nd ref="6538482446"/>
    <nd ref="2915124965"/>
    <nd ref="2915124967"/>
    <tag k="access" v="yes"/>
    <tag k="leisure" v="playground"/>
    <tag k="name" v="Тоторо"/>
  </way>
  <way id="287960195" version="2" timestamp="2021-05-31T16:56:10Z" changeset="105635959" uid="2121206" user="weeg3">
    <nd ref="2915158473"/>
    <nd ref="2915158474"/>
    <nd ref="2915158472"/>
    <nd ref="2915158471"/>
    <nd ref="2915158473"/>
    <tag k="building" v="service"/>
  </way>
  <way id="287962980" version="6" timestamp="2024-06-11T10:22:30Z" changeset="152536189" uid="1185631" user="Dmitry2013">
    <nd ref="482264423"/>
    <nd ref="2915211532"/>
    <nd ref="482264426"/>
    <nd ref="7402778772"/>
    <nd ref="482264427"/>
    <nd ref="7393840933"/>
    <nd ref="482264431"/>
    <nd ref="2915211537"/>
    <nd ref="2915211535"/>
    <nd ref="2915211536"/>
    <nd ref="2915211533"/>
    <nd ref="2915211534"/>
    <nd ref="2915211529"/>
    <nd ref="2915211530"/>
    <nd ref="2915211527"/>
    <nd ref="2915211526"/>
    <nd ref="2915211525"/>
    <nd ref="2915211524"/>
    <nd ref="2915211528"/>
    <nd ref="2915211531"/>
    <nd ref="482264423"/>
    <tag k="addr:housenumber" v="В38"/>
    <tag k="addr:place" v="микрорайон В"/>
    <tag k="building" v="apartments"/>
    <tag k="building:flats" v="135"/>
    <tag k="building:levels" v="16"/>
    <tag k="start_date" v="1990"/>
  </way>
  <way id="287982685" version="4" timestamp="2021-06-04T10:23:08Z" changeset="105831587" uid="2121206" user="weeg3">
    <nd ref="606267704"/>
    <nd ref="2916315913"/>
    <nd ref="2916315914"/>
    <nd ref="2916315915"/>
    <nd ref="2915369193"/>
    <nd ref="2915369194"/>
    <nd ref="2915369198"/>
    <tag k="highway" v="footway"/>
    <tag k="lit" v="yes"/>
    <tag k="surface" v="asphalt"/>
  </way>
  <way id="288090156" version="3" timestamp="2022-05-29T15:37:11Z" changeset="121665372" uid="2121206" user="weeg3">
    <nd ref="2916315912"/>
    <nd ref="2916315908"/>
    <tag k="highway" v="footway"/>
    <tag k="lit" v="yes"/>
    <tag k="surface" v="asphalt"/>
  </way>
  <way id="288090157" version="3" timestamp="2021-06-04T10:23:09Z" changeset="105831592" uid="2121206" user="weeg3">
    <nd ref="606267673"/>
    <nd ref="4790139310"/>
    <nd ref="2916315910"/>
    <nd ref="2916315907"/>
    <nd ref="2916315908"/>
    <nd ref="2916315909"/>
    <tag k="highway" v="footway"/>
    <tag k="surface" v="asphalt"/>
  </way>
  <way id="288112917" version="3" timestamp="2021-05-31T17:57:07Z" changeset="105638417" uid="2121206" user="weeg3">
    <nd ref="598526054"/>
    <nd ref="2916552152"/>
    <tag k="highway" v="footway"/>
    <tag k="lit" v="no"/>
    <tag k="surface" v="paving_stones"/>
  </way>
  <way id="288114221" version="2" timestamp="2021-05-31T16:56:42Z" changeset="105636063" uid="2121206" user="weeg3">
    <nd ref="2916555486"/>
    <nd ref="2916555492"/>
    <nd ref="2916555494"/>
    <tag k="highway" v="footway"/>
    <tag k="surface" v="asphalt"/>
  </way>
  <way id="288114222" version="2" timestamp="2021-05-31T08:45:43Z" changeset="105608344" uid="2121206" user="weeg3">
    <nd ref="2916555487"/>
    <nd ref="2916555489"/>
    <nd ref="2916555490"/>
    <nd ref="2916555488"/>
    <nd ref="2916555487"/>
    <tag k="access" v="yes"/>
    <tag k="leisure" v="playground"/>
  </way>
  <way id="376687914" version="6" timestamp="2023-04-14T03:04:51Z" changeset="134883976" uid="2055718" user="Bobropiton">
    <nd ref="3800837176"/>
    <nd ref="3800837177"/>
    <nd ref="3800837178"/>
    <nd ref="3800837179"/>
    <nd ref="10809810072"/>
    <tag k="access" v="no"/>
    <tag k="highway" v="service"/>
    <tag k="oneway" v="yes"/>
    <tag k="psv" v="yes"/>
    <tag k="surface" v="asphalt"/>
  </way>
  <way id="391333615" version="37" timestamp="2025-05-14T13:45:26Z" changeset="166258146" uid="3199858" user="Mateusz Konieczny - bot account">
    <nd ref="958509248"/>
    <nd ref="958509242"/>
    <nd ref="605204199"/>
    <nd ref="605204272"/>
    <tag k="highway" v="residential"/>
    <tag k="lit" v="yes"/>
    <tag k="name" v="Садовая улица"/>
    <tag k="sidewalk" v="no"/>
    <tag k="surface" v="asphalt"/>
  </way>
  <way id="391333616" version="1" timestamp="2016-01-14T08:21:34Z" changeset="36565302" uid="22528" user="saintman">
    <nd ref="958509263"/>
    <nd ref="306993155"/>
    <nd ref="306993157"/>
    <tag k="highway" v="service"/>
  </way>
  <way id="391333617" version="1" timestamp="2016-01-14T08:21:34Z" changeset="36565302" uid="22528" user="saintman">
    <nd ref="306993155"/>
    <nd ref="3945365379"/>
    <nd ref="3945365378"/>
    <tag k="highway" v="service"/>
  </way>
  <way id="391339142" version="1" timestamp="2016-01-14T09:10:20Z" changeset="36565905" uid="22528" user="saintman">
    <nd ref="3945435472"/>
    <nd ref="3945435483"/>
    <tag k="highway" v="service"/>
    <tag k="service" v="parking_aisle"/>
  </way>
  <way id="391339143" version="1" timestamp="2016-01-14T09:10:20Z" changeset="36565905" uid="22528" user="saintman">
    <nd ref="3945435491"/>
    <nd ref="3945435505"/>
    <nd ref="3945435495"/>
    <nd ref="3945435465"/>
    <nd ref="3945435487"/>
    <nd ref="3945435475"/>
    <nd ref="3945435491"/>
    <tag k="amenity" v="parking"/>
  </way>
  <way id="391339144" version="1" timestamp="2016-01-14T09:10:20Z" changeset="36565905" uid="22528" user="saintman">
    <nd ref="3945435459"/>
    <nd ref="3945435456"/>
    <nd ref="3945435471"/>
    <nd ref="3945435507"/>
    <nd ref="3945435482"/>
    <nd ref="3945435459"/>
    <tag k="amenity" v="parking"/>
  </way>
  <way id="391339145" version="1" timestamp="2016-01-14T09:10:21Z" changeset="36565905" uid="22528" user="saintman">
    <nd ref="3945435499"/>
    <nd ref="3945435512"/>
    <nd ref="3945435517"/>
    <nd ref="3945435476"/>
    <nd ref="3945435493"/>
    <nd ref="3945435480"/>
    <nd ref="3945435499"/>
    <tag k="amenity" v="parking"/>
  </way>
  <way id="391339146" version="2" timestamp="2018-07-16T14:59:38Z" changeset="60768226" uid="830106" user="literan">
    <nd ref="958509279"/>
    <nd ref="3945435504"/>
    <nd ref="3945435503"/>
    <tag k="highway" v="footway"/>
  </way>
  <way id="391339147" version="1" timestamp="2016-01-14T09:10:21Z" changeset="36565905" uid="22528" user="saintman">
    <nd ref="598526012"/>
    <nd ref="606267640"/>
    <nd ref="3945435490"/>
    <nd ref="474952898"/>
    <nd ref="2916563662"/>
    <tag k="highway" v="residential"/>
    <tag k="oneway" v="yes"/>
  </way>
  <way id="391339148" version="4" timestamp="2019-06-11T00:01:09Z" changeset="71121437" uid="10031919" user="Trutt">
    <nd ref="3945435521"/>
    <nd ref="6538478673"/>
    <nd ref="3945435514"/>
    <nd ref="6506423458"/>
    <nd ref="3945435463"/>
    <nd ref="3945435498"/>
    <nd ref="3945435464"/>
    <nd ref="6538478676"/>
    <nd ref="6538478672"/>
    <tag k="highway" v="footway"/>
  </way>
  <way id="391339149" version="5" timestamp="2025-12-18T23:20:39Z" changeset="176116806" uid="23290338" user="Cz9">
    <nd ref="3945435457"/>
    <nd ref="595525066"/>
    <nd ref="595525064"/>
    <nd ref="7402778773"/>
    <nd ref="7402778774"/>
    <nd ref="7402778775"/>
    <nd ref="7402778776"/>
    <nd ref="3945435484"/>
    <nd ref="3945435457"/>
    <tag k="addr:housenumber" v="1"/>
    <tag k="addr:postcode" v="108840"/>
    <tag k="addr:street" v="Академическая площадь"/>
    <tag k="building" v="apartments"/>
    <tag k="building:flats" v="256"/>
    <tag k="building:levels" v="17"/>
    <tag k="start_date" v="2007"/>
  </way>
  <way id="391339150" version="1" timestamp="2016-01-14T09:10:21Z" changeset="36565905" uid="22528" user="saintman">
    <nd ref="3945435460"/>
    <nd ref="3945435510"/>
    <nd ref="3945435477"/>
    <nd ref="3945435466"/>
    <nd ref="3945435469"/>
    <nd ref="3945435460"/>
    <tag k="amenity" v="parking"/>
  </way>
  <way id="391339151" version="2" timestamp="2018-04-16T07:03:35Z" changeset="58128114" uid="1737245" user="KooLru">
    <nd ref="3945435478"/>
    <nd ref="3945435513"/>
    <nd ref="3945435474"/>
    <nd ref="3945435496"/>
    <nd ref="3945435485"/>
    <nd ref="3945435511"/>
    <nd ref="3945435458"/>
    <nd ref="3945435473"/>
    <nd ref="3945435520"/>
    <nd ref="3945435508"/>
    <nd ref="3945435519"/>
    <nd ref="3945435501"/>
    <nd ref="3945435467"/>
    <nd ref="3945435489"/>
    <nd ref="3945435494"/>
    <nd ref="3945435486"/>
    <nd ref="3945435492"/>
    <nd ref="3945435481"/>
    <nd ref="3945435468"/>
    <nd ref="3945435479"/>
    <nd ref="3945435470"/>
    <nd ref="3945435462"/>
    <nd ref="3945435509"/>
    <nd ref="3945435502"/>
    <nd ref="3945435497"/>
    <nd ref="3945435478"/>
    <tag k="addr:housenumber" v="5"/>
    <tag k="addr:street" v="Академическая площадь"/>
    <tag k="building" v="yes"/>
    <tag k="building:levels" v="3"/>
    <tag k="shop" v="mall"/>
  </way>
  <way id="391340229" version="1" timestamp="2016-01-14T09:20:37Z" changeset="36565905" uid="22528" user="saintman">
    <nd ref="3945435516"/>
    <nd ref="3945443649"/>
    <nd ref="3945443636"/>
    <tag k="highway" v="footway"/>
  </way>
  <way id="391340231" version="4" timestamp="2023-11-05T19:26:57Z" changeset="143663206" uid="17982572" user="Andreyka!">
    <nd ref="3945443644"/>
    <nd ref="3945443641"/>
    <nd ref="6538478675"/>
    <tag k="highway" v="service"/>
    <tag k="service" v="parking_aisle"/>
    <tag k="surface" v="asphalt"/>
  </way>
  <way id="391340233" version="5" timestamp="2023-11-05T19:26:46Z" changeset="143663238" uid="17982572" user="Andreyka!">
    <nd ref="3945443643"/>
    <nd ref="3945443645"/>
    <nd ref="3945443648"/>
    <nd ref="3945443637"/>
    <nd ref="6538478675"/>
    <nd ref="3945443639"/>
    <nd ref="3945443646"/>
    <nd ref="3945443643"/>
    <tag k="access" v="yes"/>
    <tag k="amenity" v="parking"/>
    <tag k="fee" v="no"/>
    <tag k="parking" v="surface"/>
  </way>
  <way id="391340235" version="3" timestamp="2023-11-05T19:26:50Z" changeset="143663206" uid="17982572" user="Andreyka!">
    <nd ref="3945443644"/>
    <nd ref="3945443647"/>
    <tag k="highway" v="service"/>
    <tag k="service" v="parking_aisle"/>
    <tag k="surface" v="asphalt"/>
  </way>
  <way id="402966466" version="1" timestamp="2016-03-10T21:05:46Z" changeset="37745840" uid="1737245" user="KooLru">
    <nd ref="4053625801"/>
    <nd ref="4053625802"/>
    <tag k="highway" v="steps"/>
    <tag k="indoor" v="yes"/>
  </way>
  <way id="402966467" version="1" timestamp="2016-03-10T21:05:46Z" changeset="37745840" uid="1737245" user="KooLru">
    <nd ref="4053625800"/>
    <nd ref="4053625801"/>
    <tag k="highway" v="footway"/>
  </way>
  <way id="402966468" version="1" timestamp="2016-03-10T21:05:46Z" changeset="37745840" uid="1737245" user="KooLru">
    <nd ref="4053625802"/>
    <nd ref="4053625804"/>
    <tag k="highway" v="footway"/>
    <tag k="indoor" v="yes"/>
  </way>
  <way id="402966469" version="1" timestamp="2016-03-10T21:05:46Z" changeset="37745840" uid="1737245" user="KooLru">
    <nd ref="4053625805"/>
    <nd ref="4053625804"/>
    <nd ref="4053625803"/>
    <tag k="highway" v="footway"/>
    <tag k="indoor" v="yes"/>
  </way>
  <way id="693035793" version="1" timestamp="2019-05-28T15:12:14Z" changeset="70700742" uid="1747708" user="Alexander Prokofyev">
    <nd ref="6506423458"/>
    <nd ref="6506423459"/>
    <tag k="highway" v="footway"/>
  </way>
  <way id="693035794" version="1" timestamp="2019-05-28T15:12:14Z" changeset="70700742" uid="1747708" user="Alexander Prokofyev">
    <nd ref="3945435500"/>
    <nd ref="622424393"/>
    <tag k="highway" v="footway"/>
  </way>
  <way id="693035795" version="1" timestamp="2019-05-28T15:12:14Z" changeset="70700742" uid="1747708" user="Alexander Prokofyev">
    <nd ref="6506423459"/>
    <nd ref="3945435500"/>
    <tag k="highway" v="footway"/>
    <tag k="layer" v="-1"/>
    <tag k="tunnel" v="yes"/>
  </way>
  <way id="702236696" version="1" timestamp="2019-07-07T13:33:43Z" changeset="71982472" uid="1747708" user="Alexander Prokofyev">
    <nd ref="306993157"/>
    <nd ref="2241645809"/>
    <tag k="highway" v="path"/>
  </way>
  <way id="702236697" version="1" timestamp="2019-07-07T13:33:43Z" changeset="71982472" uid="1747708" user="Alexander Prokofyev">
    <nd ref="6594513797"/>
    <nd ref="6594513798"/>
    <nd ref="3945378874"/>
    <tag k="highway" v="footway"/>
  </way>
  <way id="791051793" version="1" timestamp="2020-04-12T14:36:50Z" changeset="83429600" uid="2121206" user="weeg3">
    <nd ref="7395136655"/>
    <nd ref="7395136656"/>
    <nd ref="7395136657"/>
    <nd ref="7395136658"/>
    <nd ref="7395136655"/>
    <tag k="leisure" v="playground"/>
  </way>
  <way id="791051794" version="1" timestamp="2020-04-12T14:36:50Z" changeset="83429600" uid="2121206" user="weeg3">
    <nd ref="7395136659"/>
    <nd ref="7395136660"/>
    <nd ref="7395136661"/>
    <nd ref="7395136662"/>
    <nd ref="7395136659"/>
    <tag k="leisure" v="pitch"/>
  </way>
  <way id="791298787" version="2" timestamp="2023-12-05T20:29:28Z" changeset="144806120" uid="19934273" user="Tatiana24">
    <nd ref="7397591996"/>
    <nd ref="7397591997"/>
    <nd ref="7397591998"/>
    <nd ref="7397591999"/>
    <nd ref="7397592000"/>
    <nd ref="7397592003"/>
    <nd ref="7397592004"/>
    <nd ref="7397592005"/>
    <nd ref="7397592001"/>
    <nd ref="7397592002"/>
    <nd ref="7397591996"/>
    <tag k="addr:city" v="Троицк"/>
    <tag k="addr:housenumber" v="18"/>
    <tag k="addr:street" v="Октябрьский проспект"/>
    <tag k="building" v="yes"/>
  </way>
  <way id="968854946" version="1" timestamp="2021-07-30T15:55:17Z" changeset="108900039" uid="13822207" user="Kerkiq">
    <nd ref="8761375805"/>
    <nd ref="8761375801"/>
    <nd ref="6594513797"/>
    <nd ref="504916154"/>
    <nd ref="504916155"/>
    <nd ref="504916156"/>
    <tag k="highway" v="footway"/>
    <tag k="surface" v="asphalt"/>
  </way>
  <way id="968854947" version="1" timestamp="2021-07-30T15:55:17Z" changeset="108900039" uid="13822207" user="Kerkiq">
    <nd ref="958509279"/>
    <nd ref="4790143342"/>
    <nd ref="2130914781"/>
    <nd ref="8761375804"/>
    <tag k="bicycle" v="yes"/>
    <tag k="highway" v="footway"/>
    <tag k="lit" v="yes"/>
    <tag k="surface" v="asphalt"/>
  </way>
  <way id="1123304532" version="1" timestamp="2022-12-19T10:04:54Z" changeset="130241397" uid="17982572" user="Andreyka!">
    <nd ref="10272925478"/>
    <nd ref="10272925484"/>
    <nd ref="10272925479"/>
    <nd ref="10272925486"/>
    <nd ref="10272925480"/>
    <nd ref="10272925481"/>
    <nd ref="10272925482"/>
    <nd ref="10272925483"/>
    <nd ref="10272925478"/>
    <tag k="name" v="Академическая площадь"/>
    <tag k="place" v="square"/>
  </way>
  <way id="1123304533" version="1" timestamp="2022-12-19T10:04:54Z" changeset="130241397" uid="17982572" user="Andreyka!">
    <nd ref="10272925479"/>
    <nd ref="10272925484"/>
    <nd ref="10272925485"/>
    <nd ref="10272925486"/>
    <nd ref="10272925479"/>
    <tag k="landuse" v="grass"/>
  </way>
  <way id="1123304534" version="1" timestamp="2022-12-19T10:04:54Z" changeset="130241397" uid="17982572" user="Andreyka!">
    <nd ref="10272925487"/>
    <nd ref="10272925488"/>
    <nd ref="10272925489"/>
    <nd ref="10272925490"/>
    <nd ref="10272925491"/>
    <nd ref="10272925492"/>
    <nd ref="10272925487"/>
    <tag k="amenity" v="parking"/>
  </way>
  <way id="1123304535" version="1" timestamp="2022-12-19T10:04:54Z" changeset="130241397" uid="17982572" user="Andreyka!">
    <nd ref="10272925502"/>
    <nd ref="10272925494"/>
    <tag k="highway" v="service"/>
    <tag k="service" v="parking_aisle"/>
  </way>
  <way id="1123304538" version="1" timestamp="2022-12-19T10:04:54Z" changeset="130241397" uid="17982572" user="Andreyka!">
    <nd ref="10272925493"/>
    <nd ref="10272925502"/>
    <tag k="highway" v="service"/>
  </way>
  <way id="1123304545" version="2" timestamp="2023-11-05T19:26:54Z" changeset="143663206" uid="17982572" user="Andreyka!">
    <nd ref="3945443642"/>
    <nd ref="3945443644"/>
    <tag k="highway" v="service"/>
    <tag k="surface" v="asphalt"/>
  </way>
  <way id="1123304546" version="1" timestamp="2022-12-19T10:04:54Z" changeset="130241397" uid="17982572" user="Andreyka!">
    <nd ref="10272969711"/>
    <nd ref="10272969712"/>
    <nd ref="10272969713"/>
    <nd ref="10272969714"/>
    <nd ref="10272969715"/>
    <nd ref="10272969716"/>
    <nd ref="10272969717"/>
    <nd ref="10272969718"/>
    <nd ref="10272969719"/>
    <nd ref="10272969711"/>
    <tag k="amenity" v="parking"/>
    <tag k="parking" v="surface"/>
  </way>
  <way id="1123304547" version="1" timestamp="2022-12-19T10:04:54Z" changeset="130241397" uid="17982572" user="Andreyka!">
    <nd ref="3945378874"/>
    <nd ref="10272969720"/>
    <tag k="highway" v="service"/>
  </way>
  <way id="1123304572" version="1" timestamp="2022-12-19T10:04:54Z" changeset="130241397" uid="17982572" user="Andreyka!">
    <nd ref="10272969843"/>
    <nd ref="10272969845"/>
    <nd ref="10272969844"/>
    <tag k="highway" v="service"/>
  </way>
  <way id="1162327690" version="1" timestamp="2023-04-14T03:04:51Z" changeset="134883976" uid="2055718" user="Bobropiton">
    <nd ref="10809810072"/>
    <nd ref="3800837180"/>
    <nd ref="3800837181"/>
    <nd ref="306826942"/>
    <tag k="access" v="no"/>
    <tag k="highway" v="service"/>
    <tag k="oneway" v="yes"/>
    <tag k="psv" v="yes"/>
    <tag k="surface" v="asphalt"/>
  </way>
  <way id="1162327691" version="1" timestamp="2023-04-14T03:04:51Z" changeset="134883976" uid="2055718" user="Bobropiton">
    <nd ref="306828822"/>
    <nd ref="10809810071"/>
    <tag k="highway" v="tertiary"/>
    <tag k="name" v="Академическая площадь"/>
    <tag k="name:ru" v="Академическая площадь"/>
    <tag k="oneway" v="yes"/>
    <tag k="surface" v="asphalt"/>
  </way>
  <way id="1346865190" version="10" timestamp="2026-05-26T13:17:43Z" changeset="183208343" uid="830106" user="literan">
    <nd ref="12901748301"/>
    <nd ref="12901748300"/>
    <nd ref="12901748299"/>
    <nd ref="12901748298"/>
    <nd ref="12901748297"/>
    <nd ref="12901748296"/>
    <nd ref="12901748295"/>
    <nd ref="12901748294"/>
    <nd ref="12901748293"/>
    <nd ref="12901748292"/>
    <nd ref="12901748291"/>
    <nd ref="12901748290"/>
    <nd ref="12901748289"/>
    <nd ref="12901748288"/>
    <nd ref="12901748287"/>
    <nd ref="12901748286"/>
    <nd ref="12901748285"/>
    <nd ref="12901748284"/>
    <nd ref="12901748283"/>
    <nd ref="12901748282"/>
    <nd ref="12901748281"/>
    <nd ref="12901748280"/>
    <nd ref="12901748279"/>
    <nd ref="12901748277"/>
    <nd ref="12901748276"/>
    <nd ref="13410928895"/>
    <nd ref="13410928892"/>
    <nd ref="13410928891"/>
    <nd ref="13410928890"/>
    <nd ref="13410928889"/>
    <nd ref="13410928888"/>
    <nd ref="13410928887"/>
    <nd ref="13410928886"/>
    <nd ref="13410928885"/>
    <nd ref="13410928894"/>
    <nd ref="13410928884"/>
    <nd ref="13410928883"/>
    <nd ref="13410928882"/>
    <nd ref="13410928893"/>
    <nd ref="13410928881"/>
    <nd ref="13410928878"/>
    <nd ref="13410928877"/>
    <nd ref="13410928876"/>
    <nd ref="13410928875"/>
    <nd ref="13410928874"/>
    <nd ref="13410928873"/>
    <nd ref="13410928872"/>
    <nd ref="13410928871"/>
    <nd ref="13410928870"/>
    <nd ref="13410928869"/>
    <nd ref="13410928868"/>
    <nd ref="13410928880"/>
    <nd ref="13410928867"/>
    <nd ref="13410928866"/>
    <nd ref="13410928865"/>
    <nd ref="13410928864"/>
    <nd ref="13410928863"/>
    <nd ref="13410928879"/>
    <nd ref="13410928862"/>
    <nd ref="13410928859"/>
    <nd ref="13410928861"/>
    <nd ref="13410928858"/>
    <nd ref="13410928860"/>
    <nd ref="13410928723"/>
    <nd ref="13410867132"/>
    <nd ref="13410928759"/>
    <nd ref="13410928857"/>
    <nd ref="13410928854"/>
    <nd ref="13410928853"/>
    <nd ref="13410928852"/>
    <nd ref="13410928856"/>
    <nd ref="13410928851"/>
    <nd ref="13410928850"/>
    <nd ref="13410928855"/>
    <nd ref="13410928849"/>
    <nd ref="13410928846"/>
    <nd ref="13410928848"/>
    <nd ref="13410928845"/>
    <nd ref="13410928847"/>
    <nd ref="13410928844"/>
    <nd ref="13410928843"/>
    <nd ref="13410928841"/>
    <nd ref="13410928842"/>
    <nd ref="13410928840"/>
    <nd ref="13410928837"/>
    <nd ref="13410928836"/>
    <nd ref="13410928835"/>
    <nd ref="13410928834"/>
    <nd ref="13410928833"/>
    <nd ref="13410928832"/>
    <nd ref="13410928831"/>
    <nd ref="13410928839"/>
    <nd ref="13410928830"/>
    <nd ref="13410928829"/>
    <nd ref="13410928828"/>
    <nd ref="13410928827"/>
    <nd ref="13410928826"/>
    <nd ref="13410928838"/>
    <nd ref="13410928825"/>
    <nd ref="12901748259"/>
    <nd ref="12901748258"/>
    <nd ref="13883113259"/>
    <nd ref="13883113258"/>
    <nd ref="12901748253"/>
    <nd ref="12901748252"/>
    <nd ref="12901748251"/>
    <nd ref="12901748250"/>
    <nd ref="12901748249"/>
    <nd ref="12901748248"/>
    <nd ref="12901748247"/>
    <nd ref="12901748246"/>
    <nd ref="12901748245"/>
    <nd ref="12901748244"/>
    <nd ref="12856800733"/>
    <nd ref="12856800735"/>
    <nd ref="12856800732"/>
    <nd ref="12856800734"/>
    <nd ref="12856800731"/>
    <tag k="colour" v="#03795F"/>
    <tag k="electrified" v="rail"/>
    <tag k="frequency" v="0"/>
    <tag k="gauge" v="1520"/>
    <tag k="layer" v="-4"/>
    <tag k="name" v="Троицкая линия"/>
    <tag k="proposed" v="subway"/>
    <tag k="railway" v="proposed"/>
    <tag k="tunnel" v="yes"/>
    <tag k="voltage" v="750"/>
  </way>
  <way id="1349011760" version="1" timestamp="2025-01-06T15:12:23Z" changeset="161062363" uid="11926915" user="OrAgi">
    <nd ref="7326635966"/>
    <nd ref="12478690248"/>
    <nd ref="12478690247"/>
    <nd ref="12478690246"/>
    <nd ref="12478690245"/>
    <nd ref="12478690244"/>
    <nd ref="12478690243"/>
    <nd ref="12478690242"/>
    <nd ref="12478690241"/>
    <nd ref="7326635965"/>
    <nd ref="12478690240"/>
    <nd ref="12478690239"/>
    <nd ref="12478690238"/>
    <nd ref="12478690237"/>
    <nd ref="12478690236"/>
    <nd ref="12478690235"/>
    <nd ref="8761375802"/>
    <nd ref="7326635964"/>
    <nd ref="7326635963"/>
    <nd ref="7326635962"/>
  </way>
  <way id="1353174967" version="1" timestamp="2025-01-21T15:28:03Z" changeset="161604848" uid="2055718" user="Bobropiton">
    <nd ref="3800837176"/>
    <nd ref="307925425"/>
    <tag k="highway" v="tertiary"/>
    <tag k="name" v="Академическая площадь"/>
    <tag k="name:ru" v="Академическая площадь"/>
    <tag k="oneway" v="yes"/>
    <tag k="surface" v="asphalt"/>
  </way>
  <way id="1391714788" version="6" timestamp="2026-05-26T13:17:43Z" changeset="183208343" uid="830106" user="literan">
    <nd ref="12856800737"/>
    <nd ref="12856800738"/>
    <nd ref="12856800739"/>
    <nd ref="12856800740"/>
    <nd ref="12856800741"/>
    <nd ref="12901743988"/>
    <nd ref="12901743989"/>
    <nd ref="12901743990"/>
    <nd ref="12901743991"/>
    <nd ref="12901743992"/>
    <nd ref="12901743993"/>
    <nd ref="12901743994"/>
    <nd ref="12901743997"/>
    <nd ref="12901743995"/>
    <nd ref="12901743996"/>
    <nd ref="13883113257"/>
    <nd ref="12901748255"/>
    <nd ref="12901748201"/>
    <nd ref="12901748202"/>
    <nd ref="13410928823"/>
    <nd ref="13410928778"/>
    <nd ref="13410928779"/>
    <nd ref="13410928780"/>
    <nd ref="13410928781"/>
    <nd ref="13410928782"/>
    <nd ref="13410928783"/>
    <nd ref="13410928784"/>
    <nd ref="13410928785"/>
    <nd ref="13410928786"/>
    <nd ref="13410928787"/>
    <nd ref="13410928788"/>
    <nd ref="13410928789"/>
    <nd ref="13410928790"/>
    <nd ref="13410928791"/>
    <nd ref="13410928792"/>
    <nd ref="13410928793"/>
    <nd ref="13410928794"/>
    <nd ref="13410928795"/>
    <nd ref="13410928796"/>
    <nd ref="13410928797"/>
    <nd ref="13410928798"/>
    <nd ref="13410928799"/>
    <nd ref="13410928800"/>
    <nd ref="13410928801"/>
    <nd ref="13410928750"/>
    <nd ref="13410928802"/>
    <nd ref="13410928755"/>
    <nd ref="13410928754"/>
    <nd ref="13410928753"/>
    <nd ref="13410928757"/>
    <nd ref="13410928752"/>
    <nd ref="13410928751"/>
    <nd ref="13410928756"/>
    <nd ref="13410928758"/>
    <nd ref="13410867133"/>
    <nd ref="13410928725"/>
    <nd ref="13410928803"/>
    <nd ref="13410928804"/>
    <nd ref="13410928805"/>
    <nd ref="13410928806"/>
    <nd ref="13410928807"/>
    <nd ref="13410928808"/>
    <nd ref="13410928776"/>
    <nd ref="13410928775"/>
    <nd ref="13410928774"/>
    <nd ref="13410928773"/>
    <nd ref="13410928772"/>
    <nd ref="13410928771"/>
    <nd ref="13410928770"/>
    <nd ref="13410928769"/>
    <nd ref="13410928768"/>
    <nd ref="13410928777"/>
    <nd ref="13410928767"/>
    <nd ref="13410928766"/>
    <nd ref="13410928765"/>
    <nd ref="13410928764"/>
    <nd ref="13410928763"/>
    <nd ref="13410928762"/>
    <nd ref="13410928761"/>
    <nd ref="13410928760"/>
    <nd ref="13410928809"/>
    <nd ref="13410928810"/>
    <nd ref="13410928811"/>
    <nd ref="13410928812"/>
    <nd ref="13410928813"/>
    <nd ref="13410928814"/>
    <nd ref="13410928815"/>
    <nd ref="13410928816"/>
    <nd ref="13410928817"/>
    <nd ref="13410928818"/>
    <nd ref="13410928819"/>
    <nd ref="13410928820"/>
    <nd ref="13410928821"/>
    <nd ref="13410928822"/>
    <nd ref="13410928824"/>
    <nd ref="12901748215"/>
    <nd ref="12901748216"/>
    <nd ref="12901748278"/>
    <nd ref="12901748241"/>
    <nd ref="12901748217"/>
    <nd ref="12901748240"/>
    <nd ref="12901748239"/>
    <nd ref="12901748218"/>
    <nd ref="12901748219"/>
    <nd ref="12901748220"/>
    <nd ref="12901748221"/>
    <nd ref="12901748222"/>
    <nd ref="12901748223"/>
    <nd ref="12901748224"/>
    <nd ref="12901748225"/>
    <nd ref="12901748226"/>
    <nd ref="12901748227"/>
    <nd ref="12901748228"/>
    <nd ref="12901748229"/>
    <nd ref="12901748230"/>
    <nd ref="12901748231"/>
    <nd ref="12901748232"/>
    <nd ref="12901748233"/>
    <nd ref="12901748234"/>
    <nd ref="12901748235"/>
    <nd ref="12901748236"/>
    <nd ref="12901748237"/>
    <nd ref="12901748238"/>
    <tag k="colour" v="#03795F"/>
    <tag k="electrified" v="rail"/>
    <tag k="frequency" v="0"/>
    <tag k="gauge" v="1520"/>
    <tag k="layer" v="-4"/>
    <tag k="name" v="Троицкая линия"/>
    <tag k="proposed" v="subway"/>
    <tag k="railway" v="proposed"/>
    <tag k="tunnel" v="yes"/>
    <tag k="voltage" v="750"/>
  </way>
  <way id="1451434237" version="2" timestamp="2025-11-24T14:55:02Z" changeset="175070681" uid="22779614" user="Ozon OSM12">
    <nd ref="13311819956"/>
    <nd ref="13311819957"/>
    <nd ref="13311819958"/>
    <nd ref="13311819960"/>
    <nd ref="13311819959"/>
    <nd ref="13311819956"/>
    <tag k="addr:housenumber" v="45А"/>
    <tag k="addr:place" v="микрорайон В"/>
    <tag k="building" v="yes"/>
  </way>
  <relation id="376858" version="159" timestamp="2026-05-31T13:35:52Z" changeset="183448454" uid="2055718" user="Bobropiton">
    <member type="node" ref="10809810071" role="stop_entry_only"/>
    <member type="node" ref="538159079" role="platform_entry_only"/>
    <member type="node" ref="10809810072" role="stop"/>
    <member type="node" ref="2484610894" role="platform"/>
    <member type="node" ref="10809810073" role="stop"/>
    <member type="node" ref="544085554" role="platform"/>
    <member type="node" ref="12520831066" role="stop"/>
    <member type="node" ref="12520831067" role="platform"/>
    <member type="node" ref="10812242550" role="stop"/>
    <member type="node" ref="10812242551" role="platform"/>
    <member type="node" ref="10793520583" role="stop"/>
    <member type="node" ref="473397682" role="platform"/>
    <member type="node" ref="10808021255" role="stop"/>
    <member type="node" ref="844617499" role="platform"/>
    <member type="node" ref="10808021259" role="stop"/>
    <member type="node" ref="2471258811" role="platform"/>
    <member type="node" ref="6360266679" role="stop"/>
    <member type="node" ref="4318594809" role="platform"/>
    <member type="node" ref="10808059030" role="stop"/>
    <member type="node" ref="1117490305" role="platform"/>
    <member type="node" ref="10808059053" role="stop"/>
    <member type="node" ref="4827859132" role="platform"/>
    <member type="node" ref="10808059048" role="stop"/>
    <member type="node" ref="10808059051" role="platform"/>
    <member type="node" ref="4357838375" role="stop"/>
    <member type="node" ref="1106644159" role="platform"/>
    <member type="node" ref="10712302578" role="stop"/>
    <member type="node" ref="4415172539" role="platform"/>
    <member type="node" ref="10712302576" role="stop"/>
    <member type="node" ref="530513152" role="platform"/>
    <member type="node" ref="530789343" role="stop_exit_only"/>
    <member type="node" ref="530513110" role="platform_exit_only"/>
    <member type="way" ref="28042527" role=""/>
    <member type="way" ref="229332736" role=""/>
    <member type="way" ref="376687914" role=""/>
    <member type="way" ref="1162327690" role=""/>
    <member type="way" ref="83524117" role=""/>
    <member type="way" ref="27950594" role=""/>
    <member type="way" ref="49055871" role=""/>
    <member type="way" ref="1318907467" role=""/>
    <member type="way" ref="1353174965" role=""/>
    <member type="way" ref="27950675" role=""/>
    <member type="way" ref="40606292" role=""/>
    <member type="way" ref="47521030" role=""/>
    <member type="way" ref="1162581681" role=""/>
    <member type="way" ref="130795577" role=""/>
    <member type="way" ref="1160529457" role=""/>
    <member type="way" ref="45774239" role=""/>
    <member type="way" ref="1160529460" role=""/>
    <member type="way" ref="1370365064" role=""/>
    <member type="way" ref="1370365063" role=""/>
    <member type="way" ref="1167451621" role=""/>
    <member type="way" ref="1207244996" role=""/>
    <member type="way" ref="27950684" role=""/>
    <member type="way" ref="502708480" role=""/>
    <member type="way" ref="1163497944" role=""/>
    <member type="way" ref="40421173" role=""/>
    <member type="way" ref="968744060" role=""/>
    <member type="way" ref="610285453" role=""/>
    <member type="way" ref="610285454" role=""/>
    <member type="way" ref="45770180" role=""/>
    <member type="way" ref="600878208" role=""/>
    <member type="way" ref="541749840" role=""/>
    <member type="way" ref="600878203" role=""/>
    <member type="way" ref="1163495660" role=""/>
    <member type="way" ref="541749842" role=""/>
    <member type="way" ref="600878204" role=""/>
    <member type="way" ref="600878207" role=""/>
    <member type="way" ref="514750931" role=""/>
    <member type="way" ref="514750932" role=""/>
    <member type="way" ref="1162849703" role=""/>
    <member type="way" ref="541682417" role=""/>
    <member type="way" ref="514754578" role=""/>
    <member type="way" ref="541687059" role=""/>
    <member type="way" ref="547036721" role=""/>
    <member type="way" ref="514750935" role=""/>
    <member type="way" ref="514750936" role=""/>
    <member type="way" ref="553904343" role=""/>
    <member type="way" ref="1167769215" role=""/>
    <member type="way" ref="1292112464" role=""/>
    <member type="way" ref="462031977" role=""/>
    <member type="way" ref="1292112465" role=""/>
    <member type="way" ref="499959652" role=""/>
    <member type="way" ref="499959651" role=""/>
    <member type="way" ref="499959650" role=""/>
    <member type="way" ref="462031976" role=""/>
    <member type="way" ref="439132288" role=""/>
    <member type="way" ref="1195286651" role=""/>
    <member type="way" ref="1195286650" role=""/>
    <member type="way" ref="443850160" role=""/>
    <member type="way" ref="444462279" role=""/>
    <member type="way" ref="439060037" role=""/>
    <member type="way" ref="444462278" role=""/>
    <member type="way" ref="439060035" role=""/>
    <member type="way" ref="439060034" role=""/>
    <member type="way" ref="549014875" role=""/>
    <member type="way" ref="626297159" role=""/>
    <member type="way" ref="1195286656" role=""/>
    <member type="way" ref="439143357" role=""/>
    <member type="way" ref="1162136695" role=""/>
    <member type="way" ref="1163795917" role=""/>
    <member type="way" ref="496916082" role=""/>
    <member type="way" ref="458489060" role=""/>
    <member type="way" ref="439060016" role=""/>
    <member type="way" ref="1163006760" role=""/>
    <member type="way" ref="442605589" role=""/>
    <member type="way" ref="442619609" role=""/>
    <member type="way" ref="442619611" role=""/>
    <member type="way" ref="442619607" role=""/>
    <member type="way" ref="437802827" role=""/>
    <member type="way" ref="1163006759" role=""/>
    <member type="way" ref="442605591" role=""/>
    <member type="way" ref="626297160" role=""/>
    <member type="way" ref="374760276" role=""/>
    <member type="way" ref="442753409" role=""/>
    <member type="way" ref="442753408" role=""/>
    <member type="way" ref="440157089" role=""/>
    <member type="way" ref="523905760" role=""/>
    <member type="way" ref="626297163" role=""/>
    <member type="way" ref="523905765" role=""/>
    <member type="way" ref="252705052" role=""/>
    <member type="way" ref="1032025636" role=""/>
    <member type="way" ref="42506972" role=""/>
    <member type="way" ref="140545373" role=""/>
    <member type="way" ref="153685202" role=""/>
    <member type="way" ref="47010205" role=""/>
    <member type="way" ref="360600967" role=""/>
    <member type="way" ref="1174856312" role=""/>
    <member type="way" ref="1174856311" role=""/>
    <member type="way" ref="243271034" role=""/>
    <member type="way" ref="1174856308" role=""/>
    <member type="way" ref="1174856310" role=""/>
    <member type="way" ref="1174856307" role=""/>
    <tag k="air_conditioning" v="yes"/>
    <tag k="bicycle" v="yes"/>
    <tag k="blind" v="limited"/>
    <tag k="bus_class:length" v="4;5"/>
    <tag k="charge:all-in-one" v="90 RUB"/>
    <tag k="charge:cards" v="83 RUB"/>
    <tag k="charge:sbp" v="83 RUB"/>
    <tag k="charge:troika" v="75 RUB"/>
    <tag k="charge:troika_qr" v="75 RUB"/>
    <tag k="check_date" v="2023-04-13"/>
    <tag k="colour" v="#25bbf7"/>
    <tag k="colour_1" v="orange"/>
    <tag k="deaf" v="yes"/>
    <tag k="fee" v="yes"/>
    <tag k="fine:ticketless" v="5000 RUB"/>
    <tag k="from" v="Троицк (Академическая площадь)"/>
    <tag k="name" v="Автобус е132: Троицк (Академическая площадь) =&gt; Метро «Тёплый Стан»"/>
    <tag k="network" v="Московский транспорт"/>
    <tag k="operator" v="ГУП «Мосгортранс»"/>
    <tag k="payment:cards" v="yes"/>
    <tag k="payment:cash" v="no"/>
    <tag k="payment:contactless" v="yes"/>
    <tag k="payment:maestro" v="no"/>
    <tag k="payment:mastercard" v="no"/>
    <tag k="payment:mir" v="yes"/>
    <tag k="payment:nfc" v="yes"/>
    <tag k="payment:podorozhnik" v="no"/>
    <tag k="payment:sbp" v="yes"/>
    <tag k="payment:social_cards" v="yes"/>
    <tag k="payment:strelka" v="no"/>
    <tag k="payment:troika" v="yes"/>
    <tag k="payment:visa" v="no"/>
    <tag k="public_transport:version" v="2"/>
    <tag k="ref" v="е132"/>
    <tag k="route" v="bus"/>
    <tag k="source" v="Реестр маршрутов города Москвы"/>
    <tag k="to" v="Метро «Тёплый Стан»"/>
    <tag k="type" v="route"/>
    <tag k="website" v="https://transport.mos.ru/transport/schedule/route/141503970"/>
    <tag k="wheelchair" v="yes"/>
  </relation>
  <relation id="376859" version="178" timestamp="2026-05-31T13:35:52Z" changeset="183448454" uid="2055718" user="Bobropiton">
    <member type="node" ref="10809810072" role="stop_entry_only"/>
    <member type="node" ref="2484610894" role="platform_entry_only"/>
    <member type="node" ref="10809810073" role="stop"/>
    <member type="node" ref="544085554" role="platform"/>
    <member type="node" ref="10809810075" role="stop"/>
    <member type="node" ref="10809810077" role="platform"/>
    <member type="node" ref="10809810082" role="stop"/>
    <member type="node" ref="10809810083" role="platform"/>
    <member type="node" ref="10809810084" role="stop"/>
    <member type="node" ref="544079505" role="platform"/>
    <member type="node" ref="10809810087" role="stop"/>
    <member type="node" ref="544075107" role="platform"/>
    <member type="node" ref="10809810088" role="stop"/>
    <member type="node" ref="518639902" role="platform"/>
    <member type="node" ref="10809810091" role="stop"/>
    <member type="node" ref="538158973" role="platform"/>
    <member type="node" ref="10809810092" role="stop"/>
    <member type="node" ref="10809810094" role="platform"/>
    <member type="node" ref="10809810101" role="stop"/>
    <member type="node" ref="1578737175" role="platform"/>
    <member type="node" ref="10809810099" role="stop"/>
    <member type="node" ref="538158971" role="platform"/>
    <member type="node" ref="10809810096" role="stop"/>
    <member type="node" ref="538158939" role="platform"/>
    <member type="node" ref="10809818208" role="stop"/>
    <member type="node" ref="518639878" role="platform"/>
    <member type="node" ref="9498015454" role="stop"/>
    <member type="node" ref="837545892" role="platform"/>
    <member type="node" ref="10808021264" role="stop"/>
    <member type="node" ref="6364411417" role="platform"/>
    <member type="node" ref="6360266679" role="stop"/>
    <member type="node" ref="4318594809" role="platform"/>
    <member type="node" ref="10808059030" role="stop"/>
    <member type="node" ref="1117490305" role="platform"/>
    <member type="node" ref="10808059053" role="stop"/>
    <member type="node" ref="4827859132" role="platform"/>
    <member type="node" ref="10808059048" role="stop"/>
    <member type="node" ref="10808059051" role="platform"/>
    <member type="node" ref="4357838375" role="stop"/>
    <member type="node" ref="1106644159" role="platform"/>
    <member type="node" ref="10712302578" role="stop"/>
    <member type="node" ref="4415172539" role="platform"/>
    <member type="node" ref="10712302576" role="stop"/>
    <member type="node" ref="530513152" role="platform"/>
    <member type="node" ref="530789343" role="stop_exit_only"/>
    <member type="node" ref="530513110" role="platform_exit_only"/>
    <member type="way" ref="1162327690" role=""/>
    <member type="way" ref="83524117" role=""/>
    <member type="way" ref="27950594" role=""/>
    <member type="way" ref="49055871" role=""/>
    <member type="way" ref="1353174966" role=""/>
    <member type="way" ref="49055872" role=""/>
    <member type="way" ref="48491564" role=""/>
    <member type="way" ref="1353193818" role=""/>
    <member type="way" ref="1476961979" role=""/>
    <member type="way" ref="1476961906" role=""/>
    <member type="way" ref="1476961800" role=""/>
    <member type="way" ref="1476961843" role=""/>
    <member type="way" ref="1476961725" role=""/>
    <member type="way" ref="1476960932" role=""/>
    <member type="way" ref="1353193817" role=""/>
    <member type="way" ref="49055865" role=""/>
    <member type="way" ref="47521029" role=""/>
    <member type="way" ref="671916959" role=""/>
    <member type="way" ref="1353174958" role=""/>
    <member type="way" ref="1353174959" role=""/>
    <member type="way" ref="1353174960" role=""/>
    <member type="way" ref="1353174961" role=""/>
    <member type="way" ref="1353174962" role=""/>
    <member type="way" ref="1163613388" role=""/>
    <member type="way" ref="1163613384" role=""/>
    <member type="way" ref="1163613385" role=""/>
    <member type="way" ref="27945831" role=""/>
    <member type="way" ref="27950901" role=""/>
    <member type="way" ref="610897240" role=""/>
    <member type="way" ref="541951533" role=""/>
    <member type="way" ref="541951534" role=""/>
    <member type="way" ref="1163495668" role=""/>
    <member type="way" ref="541747573" role=""/>
    <member type="way" ref="1163495667" role=""/>
    <member type="way" ref="541747585" role=""/>
    <member type="way" ref="1163495666" role=""/>
    <member type="way" ref="1163495665" role=""/>
    <member type="way" ref="1163495664" role=""/>
    <member type="way" ref="1163495663" role=""/>
    <member type="way" ref="1163495662" role=""/>
    <member type="way" ref="541747590" role=""/>
    <member type="way" ref="541749844" role=""/>
    <member type="way" ref="647890310" role=""/>
    <member type="way" ref="541749842" role=""/>
    <member type="way" ref="600878204" role=""/>
    <member type="way" ref="600878207" role=""/>
    <member type="way" ref="514750931" role=""/>
    <member type="way" ref="514750932" role=""/>
    <member type="way" ref="1162849703" role=""/>
    <member type="way" ref="541682417" role=""/>
    <member type="way" ref="514754578" role=""/>
    <member type="way" ref="541687059" role=""/>
    <member type="way" ref="547036721" role=""/>
    <member type="way" ref="514750935" role=""/>
    <member type="way" ref="514750936" role=""/>
    <member type="way" ref="553904343" role=""/>
    <member type="way" ref="1167769215" role=""/>
    <member type="way" ref="1292112464" role=""/>
    <member type="way" ref="462031977" role=""/>
    <member type="way" ref="1292112465" role=""/>
    <member type="way" ref="499959652" role=""/>
    <member type="way" ref="499959651" role=""/>
    <member type="way" ref="499959650" role=""/>
    <member type="way" ref="462031976" role=""/>
    <member type="way" ref="439132288" role=""/>
    <member type="way" ref="1195286651" role=""/>
    <member type="way" ref="1195286650" role=""/>
    <member type="way" ref="443850160" role=""/>
    <member type="way" ref="444462279" role=""/>
    <member type="way" ref="439060037" role=""/>
    <member type="way" ref="444462278" role=""/>
    <member type="way" ref="439060035" role=""/>
    <member type="way" ref="439060034" role=""/>
    <member type="way" ref="549014875" role=""/>
    <member type="way" ref="626297159" role=""/>
    <member type="way" ref="1195286656" role=""/>
    <member type="way" ref="439143357" role=""/>
    <member type="way" ref="1162136695" role=""/>
    <member type="way" ref="1163795917" role=""/>
    <member type="way" ref="496916082" role=""/>
    <member type="way" ref="458489060" role=""/>
    <member type="way" ref="439060016" role=""/>
    <member type="way" ref="1163006760" role=""/>
    <member type="way" ref="442605589" role=""/>
    <member type="way" ref="442619609" role=""/>
    <member type="way" ref="442619611" role=""/>
    <member type="way" ref="442619607" role=""/>
    <member type="way" ref="437802827" role=""/>
    <member type="way" ref="1163006759" role=""/>
    <member type="way" ref="442605591" role=""/>
    <member type="way" ref="626297160" role=""/>
    <member type="way" ref="374760276" role=""/>
    <member type="way" ref="442753409" role=""/>
    <member type="way" ref="442753408" role=""/>
    <member type="way" ref="440157089" role=""/>
    <member type="way" ref="523905760" role=""/>
    <member type="way" ref="626297163" role=""/>
    <member type="way" ref="523905765" role=""/>
    <member type="way" ref="252705052" role=""/>
    <member type="way" ref="1032025636" role=""/>
    <member type="way" ref="42506972" role=""/>
    <member type="way" ref="140545373" role=""/>
    <member type="way" ref="153685202" role=""/>
    <member type="way" ref="47010205" role=""/>
    <member type="way" ref="360600967" role=""/>
    <member type="way" ref="1174856312" role=""/>
    <member type="way" ref="1174856311" role=""/>
    <member type="way" ref="243271034" role=""/>
    <member type="way" ref="1174856308" role=""/>
    <member type="way" ref="1174856310" role=""/>
    <member type="way" ref="1174856307" role=""/>
    <tag k="air_conditioning" v="yes"/>
    <tag k="bicycle" v="yes"/>
    <tag k="blind" v="limited"/>
    <tag k="bus_class:length" v="4;5"/>
    <tag k="charge:all-in-one" v="90 RUB"/>
    <tag k="charge:cards" v="83 RUB"/>
    <tag k="charge:sbp" v="83 RUB"/>
    <tag k="charge:troika" v="75 RUB"/>
    <tag k="charge:troika_qr" v="75 RUB"/>
    <tag k="check_date" v="2023-04-14"/>
    <tag k="colour" v="#25bbf7"/>
    <tag k="colour_1" v="red"/>
    <tag k="deaf" v="yes"/>
    <tag k="fee" v="yes"/>
    <tag k="fine:ticketless" v="5000 RUB"/>
    <tag k="from" v="Троицк (Академическая площадь)"/>
    <tag k="name" v="Автобус е131: Академическая площадь =&gt; Метро «Тёплый Стан»"/>
    <tag k="network" v="Московский транспорт"/>
    <tag k="operator" v="ГУП «Мосгортранс»"/>
    <tag k="payment:cards" v="yes"/>
    <tag k="payment:cash" v="no"/>
    <tag k="payment:contactless" v="yes"/>
    <tag k="payment:maestro" v="no"/>
    <tag k="payment:mastercard" v="no"/>
    <tag k="payment:mir" v="yes"/>
    <tag k="payment:nfc" v="yes"/>
    <tag k="payment:podorozhnik" v="no"/>
    <tag k="payment:sbp" v="yes"/>
    <tag k="payment:social_cards" v="yes"/>
    <tag k="payment:strelka" v="no"/>
    <tag k="payment:troika" v="yes"/>
    <tag k="payment:visa" v="no"/>
    <tag k="public_transport:version" v="2"/>
    <tag k="ref" v="е131"/>
    <tag k="route" v="bus"/>
    <tag k="source" v="Реестр маршрутов города Москвы"/>
    <tag k="to" v="Метро «Тёплый Стан»"/>
    <tag k="type" v="route"/>
    <tag k="website" v="https://transport.mos.ru/transport/schedule/route/141503969"/>
    <tag k="wheelchair" v="yes"/>
  </relation>
  <relation id="3227893" version="115" timestamp="2026-02-12T19:46:20Z" changeset="178473203" uid="2055718" user="Bobropiton">
    <member type="node" ref="9129021243" role="stop_entry_only"/>
    <member type="node" ref="9129021242" role="platform_entry_only"/>
    <member type="node" ref="10789292002" role="stop"/>
    <member type="node" ref="9098593830" role="platform"/>
    <member type="node" ref="10789338905" role="stop"/>
    <member type="node" ref="9098593824" role="platform"/>
    <member type="node" ref="10789338907" role="stop"/>
    <member type="node" ref="9098593828" role="platform"/>
    <member type="node" ref="10134903237" role="stop"/>
    <member type="node" ref="9098545016" role="platform"/>
    <member type="node" ref="7553691742" role="stop"/>
    <member type="node" ref="7553691743" role="platform"/>
    <member type="node" ref="6557343316" role="stop"/>
    <member type="node" ref="480312987" role="platform"/>
    <member type="node" ref="6557343315" role="stop"/>
    <member type="node" ref="915450537" role="platform"/>
    <member type="node" ref="6557343314" role="stop"/>
    <member type="node" ref="2471132941" role="platform"/>
    <member type="node" ref="12959324732" role="stop"/>
    <member type="node" ref="12959324733" role="platform"/>
    <member type="node" ref="4169258292" role="stop"/>
    <member type="node" ref="6557343312" role="platform"/>
    <member type="node" ref="6557343311" role="stop"/>
    <member type="node" ref="4056044469" role="platform"/>
    <member type="node" ref="8669788328" role="stop"/>
    <member type="node" ref="480313018" role="platform"/>
    <member type="node" ref="8669788411" role="stop"/>
    <member type="node" ref="5912797981" role="platform"/>
    <member type="node" ref="10794098224" role="stop"/>
    <member type="node" ref="480313081" role="platform"/>
    <member type="node" ref="10794098226" role="stop"/>
    <member type="node" ref="480313067" role="platform"/>
    <member type="node" ref="10794098228" role="stop"/>
    <member type="node" ref="480313055" role="platform"/>
    <member type="node" ref="10794098230" role="stop"/>
    <member type="node" ref="10794098235" role="platform"/>
    <member type="node" ref="10794098218" role="stop"/>
    <member type="node" ref="480313102" role="platform"/>
    <member type="node" ref="10794098217" role="stop"/>
    <member type="node" ref="9902119474" role="platform"/>
    <member type="node" ref="10808059011" role="stop"/>
    <member type="node" ref="10808059013" role="platform"/>
    <member type="node" ref="10808059014" role="stop"/>
    <member type="node" ref="9844655803" role="platform"/>
    <member type="node" ref="10808059016" role="stop"/>
    <member type="node" ref="837545840" role="platform"/>
    <member type="node" ref="10808059019" role="stop"/>
    <member type="node" ref="10808059021" role="platform"/>
    <member type="node" ref="10808059023" role="stop"/>
    <member type="node" ref="10808059025" role="platform"/>
    <member type="node" ref="10808059027" role="stop"/>
    <member type="node" ref="10808059028" role="platform"/>
    <member type="node" ref="10808059033" role="stop"/>
    <member type="node" ref="480177241" role="platform"/>
    <member type="node" ref="10808059009" role="stop"/>
    <member type="node" ref="480177232" role="platform"/>
    <member type="node" ref="10808059006" role="stop"/>
    <member type="node" ref="480177265" role="platform"/>
    <member type="node" ref="10808021301" role="stop"/>
    <member type="node" ref="480177262" role="platform"/>
    <member type="node" ref="11552598887" role="stop"/>
    <member type="node" ref="9967768632" role="platform"/>
    <member type="node" ref="11552598884" role="stop"/>
    <member type="node" ref="6364701388" role="platform"/>
    <member type="node" ref="10809738250" role="stop"/>
    <member type="node" ref="4897326899" role="platform"/>
    <member type="node" ref="10808021293" role="stop"/>
    <member type="node" ref="10808021294" role="platform"/>
    <member type="node" ref="10808021295" role="stop"/>
    <member type="node" ref="837545845" role="platform"/>
    <member type="node" ref="1489855876" role="stop"/>
    <member type="node" ref="837545860" role="platform"/>
    <member type="node" ref="6360266672" role="stop"/>
    <member type="node" ref="480251784" role="platform"/>
    <member type="node" ref="10808021271" role="stop"/>
    <member type="node" ref="480251871" role="platform"/>
    <member type="node" ref="10808021269" role="stop"/>
    <member type="node" ref="837545881" role="platform"/>
    <member type="node" ref="10808021265" role="stop"/>
    <member type="node" ref="6506513657" role="platform"/>
    <member type="node" ref="10808021261" role="stop"/>
    <member type="node" ref="605056368" role="platform"/>
    <member type="node" ref="10808021257" role="stop"/>
    <member type="node" ref="837545893" role="platform"/>
    <member type="node" ref="10809818209" role="stop"/>
    <member type="node" ref="837545891" role="platform"/>
    <member type="node" ref="10809818207" role="stop"/>
    <member type="node" ref="518639864" role="platform"/>
    <member type="node" ref="10809810097" role="stop"/>
    <member type="node" ref="538158905" role="platform"/>
    <member type="node" ref="10809810098" role="stop"/>
    <member type="node" ref="538158968" role="platform"/>
    <member type="node" ref="10809810100" role="stop"/>
    <member type="node" ref="1578737174" role="platform"/>
    <member type="node" ref="10809810093" role="stop"/>
    <member type="node" ref="10809810095" role="platform"/>
    <member type="node" ref="10809810090" role="stop"/>
    <member type="node" ref="538158972" role="platform"/>
    <member type="node" ref="10809810089" role="stop"/>
    <member type="node" ref="518639905" role="platform"/>
    <member type="node" ref="10809810086" role="stop"/>
    <member type="node" ref="544075376" role="platform"/>
    <member type="node" ref="10809810085" role="stop"/>
    <member type="node" ref="538159077" role="platform"/>
    <member type="node" ref="10809810076" role="stop"/>
    <member type="node" ref="10809810081" role="platform"/>
    <member type="node" ref="10809810074" role="stop"/>
    <member type="node" ref="5745017421" role="platform"/>
    <member type="node" ref="10809810072" role="stop"/>
    <member type="node" ref="2484610894" role="platform"/>
    <member type="node" ref="10809810073" role="stop"/>
    <member type="node" ref="544085554" role="platform"/>
    <member type="node" ref="12520831066" role="stop"/>
    <member type="node" ref="12520831067" role="platform"/>
    <member type="node" ref="10812242550" role="stop"/>
    <member type="node" ref="10812242551" role="platform"/>
    <member type="node" ref="10793520584" role="stop_exit_only"/>
    <member type="node" ref="10793520585" role="platform_exit_only"/>
    <member type="way" ref="984021699" role=""/>
    <member type="way" ref="699115619" role=""/>
    <member type="way" ref="699115626" role=""/>
    <member type="way" ref="983987407" role=""/>
    <member type="way" ref="973121555" role=""/>
    <member type="way" ref="983987403" role=""/>
    <member type="way" ref="983987404" role=""/>
    <member type="way" ref="549087644" role=""/>
    <member type="way" ref="1104951234" role=""/>
    <member type="way" ref="1107362041" role=""/>
    <member type="way" ref="1107362038" role=""/>
    <member type="way" ref="1107362040" role=""/>
    <member type="way" ref="1107362042" role=""/>
    <member type="way" ref="1107362043" role=""/>
    <member type="way" ref="1107362044" role=""/>
    <member type="way" ref="1107364347" role=""/>
    <member type="way" ref="1107364349" role=""/>
    <member type="way" ref="1107364350" role=""/>
    <member type="way" ref="1107364351" role=""/>
    <member type="way" ref="1107364352" role=""/>
    <member type="way" ref="495439390" role=""/>
    <member type="way" ref="1107364353" role=""/>
    <member type="way" ref="1107662174" role=""/>
    <member type="way" ref="1107662175" role=""/>
    <member type="way" ref="1107662749" role=""/>
    <member type="way" ref="667788290" role=""/>
    <member type="way" ref="1107671847" role=""/>
    <member type="way" ref="1107671848" role=""/>
    <member type="way" ref="1107671849" role=""/>
    <member type="way" ref="303993177" role=""/>
    <member type="way" ref="1317294045" role=""/>
    <member type="way" ref="549087643" role=""/>
    <member type="way" ref="1317294040" role=""/>
    <member type="way" ref="822434393" role=""/>
    <member type="way" ref="822434392" role=""/>
    <member type="way" ref="807974877" role=""/>
    <member type="way" ref="822137606" role=""/>
    <member type="way" ref="1109029962" role=""/>
    <member type="way" ref="1317294049" role=""/>
    <member type="way" ref="1317294048" role=""/>
    <member type="way" ref="1317294047" role=""/>
    <member type="way" ref="303993176" role=""/>
    <member type="way" ref="1109031562" role=""/>
    <member type="way" ref="1109031563" role=""/>
    <member type="way" ref="1109031564" role=""/>
    <member type="way" ref="1109031561" role=""/>
    <member type="way" ref="1109032858" role=""/>
    <member type="way" ref="275321623" role=""/>
    <member type="way" ref="25495479" role=""/>
    <member type="way" ref="1109041355" role=""/>
    <member type="way" ref="969849896" role=""/>
    <member type="way" ref="69022675" role=""/>
    <member type="way" ref="39977187" role=""/>
    <member type="way" ref="63565585" role=""/>
    <member type="way" ref="239308756" role=""/>
    <member type="way" ref="626297167" role=""/>
    <member type="way" ref="570153657" role=""/>
    <member type="way" ref="63102546" role=""/>
    <member type="way" ref="1110037519" role=""/>
    <member type="way" ref="1110037520" role=""/>
    <member type="way" ref="240550190" role=""/>
    <member type="way" ref="176502833" role=""/>
    <member type="way" ref="984016447" role=""/>
    <member type="way" ref="984016446" role=""/>
    <member type="way" ref="63095908" role=""/>
    <member type="way" ref="626297166" role=""/>
    <member type="way" ref="935560886" role=""/>
    <member type="way" ref="935560885" role=""/>
    <member type="way" ref="1263160218" role=""/>
    <member type="way" ref="626297165" role=""/>
    <member type="way" ref="292244449" role=""/>
    <member type="way" ref="292244450" role=""/>
    <member type="way" ref="1162550936" role=""/>
    <member type="way" ref="821400809" role=""/>
    <member type="way" ref="821400812" role=""/>
    <member type="way" ref="821400811" role=""/>
    <member type="way" ref="292244453" role=""/>
    <member type="way" ref="1053545702" role=""/>
    <member type="way" ref="864640425" role=""/>
    <member type="way" ref="1053546029" role=""/>
    <member type="way" ref="864640416" role=""/>
    <member type="way" ref="1073750095" role=""/>
    <member type="way" ref="816787499" role=""/>
    <member type="way" ref="816787498" role=""/>
    <member type="way" ref="99315307" role=""/>
    <member type="way" ref="1292112449" role=""/>
    <member type="way" ref="677575677" role=""/>
    <member type="way" ref="816787497" role=""/>
    <member type="way" ref="1292112450" role=""/>
    <member type="way" ref="1292112452" role=""/>
    <member type="way" ref="23973807" role=""/>
    <member type="way" ref="39514580" role=""/>
    <member type="way" ref="93848572" role=""/>
    <member type="way" ref="93848569" role=""/>
    <member type="way" ref="292243573" role=""/>
    <member type="way" ref="39514592" role=""/>
    <member type="way" ref="40083203" role=""/>
    <member type="way" ref="292243572" role=""/>
    <member type="way" ref="984001654" role=""/>
    <member type="way" ref="122521860" role=""/>
    <member type="way" ref="612354090" role=""/>
    <member type="way" ref="1162550933" role=""/>
    <member type="way" ref="47457538" role=""/>
    <member type="way" ref="717125699" role=""/>
    <member type="way" ref="717125703" role=""/>
    <member type="way" ref="679189908" role=""/>
    <member type="way" ref="1046197197" role=""/>
    <member type="way" ref="1163024462" role=""/>
    <member type="way" ref="243396961" role=""/>
    <member type="way" ref="679579561" role=""/>
    <member type="way" ref="679579556" role=""/>
    <member type="way" ref="679579558" role=""/>
    <member type="way" ref="1162320080" role=""/>
    <member type="way" ref="739518217" role=""/>
    <member type="way" ref="1334364549" role=""/>
    <member type="way" ref="739276999" role=""/>
    <member type="way" ref="243396963" role=""/>
    <member type="way" ref="289119557" role=""/>
    <member type="way" ref="879916859" role=""/>
    <member type="way" ref="879916858" role=""/>
    <member type="way" ref="492368083" role=""/>
    <member type="way" ref="1110116273" role=""/>
    <member type="way" ref="291298085" role=""/>
    <member type="way" ref="1393142810" role=""/>
    <member type="way" ref="240940895" role=""/>
    <member type="way" ref="432932615" role=""/>
    <member type="way" ref="547036723" role=""/>
    <member type="way" ref="700863292" role=""/>
    <member type="way" ref="514750929" role=""/>
    <member type="way" ref="620293601" role=""/>
    <member type="way" ref="1162327689" role=""/>
    <member type="way" ref="172083021" role=""/>
    <member type="way" ref="647890312" role=""/>
    <member type="way" ref="1092803964" role=""/>
    <member type="way" ref="600878208" role=""/>
    <member type="way" ref="45770180" role=""/>
    <member type="way" ref="610285454" role=""/>
    <member type="way" ref="47521028" role=""/>
    <member type="way" ref="610285455" role=""/>
    <member type="way" ref="48416388" role=""/>
    <member type="way" ref="1092803963" role=""/>
    <member type="way" ref="48416389" role=""/>
    <member type="way" ref="542071130" role=""/>
    <member type="way" ref="48416386" role=""/>
    <member type="way" ref="172083017" role=""/>
    <member type="way" ref="27950901" role=""/>
    <member type="way" ref="27945831" role=""/>
    <member type="way" ref="1163613385" role=""/>
    <member type="way" ref="1163613384" role=""/>
    <member type="way" ref="671916957" role=""/>
    <member type="way" ref="1353174964" role=""/>
    <member type="way" ref="1163613390" role=""/>
    <member type="way" ref="47521029" role=""/>
    <member type="way" ref="49055865" role=""/>
    <member type="way" ref="1353193817" role=""/>
    <member type="way" ref="1476960932" role=""/>
    <member type="way" ref="1476961725" role=""/>
    <member type="way" ref="1476961843" role=""/>
    <member type="way" ref="1476961800" role=""/>
    <member type="way" ref="1476961906" role=""/>
    <member type="way" ref="1476961979" role=""/>
    <member type="way" ref="1353193818" role=""/>
    <member type="way" ref="48491564" role=""/>
    <member type="way" ref="49055872" role=""/>
    <member type="way" ref="1353174966" role=""/>
    <member type="way" ref="49055871" role=""/>
    <member type="way" ref="27950594" role=""/>
    <member type="way" ref="83524117" role=""/>
    <member type="way" ref="229331272" role=""/>
    <member type="way" ref="27945815" role=""/>
    <member type="way" ref="1162327691" role=""/>
    <member type="way" ref="28042527" role=""/>
    <member type="way" ref="229332736" role=""/>
    <member type="way" ref="376687914" role=""/>
    <member type="way" ref="1162327690" role=""/>
    <member type="way" ref="83524117" role=""/>
    <member type="way" ref="27950594" role=""/>
    <member type="way" ref="49055871" role=""/>
    <member type="way" ref="1318907467" role=""/>
    <member type="way" ref="1353174965" role=""/>
    <member type="way" ref="27950675" role=""/>
    <member type="way" ref="40606292" role=""/>
    <member type="way" ref="47521030" role=""/>
    <member type="way" ref="1162581681" role=""/>
    <member type="way" ref="39516376" role=""/>
    <tag k="air_conditioning" v="yes"/>
    <tag k="bicycle" v="yes"/>
    <tag k="blind" v="limited"/>
    <tag k="bus_class:length" v="4"/>
    <tag k="charge:all-in-one" v="90 RUB"/>
    <tag k="charge:cards" v="83 RUB"/>
    <tag k="charge:sbp" v="83 RUB"/>
    <tag k="charge:troika" v="75 RUB"/>
    <tag k="charge:troika_qr" v="75 RUB"/>
    <tag k="check_date" v="2023-04-14"/>
    <tag k="colour" v="#ff9ad2"/>
    <tag k="deaf" v="yes"/>
    <tag k="description" v="Маршрут обслуживается электробусами"/>
    <tag k="electric_bus" v="yes"/>
    <tag k="electric_bus:type" v="OC"/>
    <tag k="fee" v="yes"/>
    <tag k="fine:ticketless" v="5000 RUB"/>
    <tag k="from" v="Метро «Филатов луг»"/>
    <tag k="name" v="Автобус с156: Метро «Филатов луг» =&gt; Троицк (микрорайон «В»)"/>
    <tag k="network" v="Московский транспорт"/>
    <tag k="operator" v="ГУП «Мосгортранс»"/>
    <tag k="payment:cards" v="yes"/>
    <tag k="payment:cash" v="no"/>
    <tag k="payment:contactless" v="yes"/>
    <tag k="payment:maestro" v="no"/>
    <tag k="payment:mastercard" v="no"/>
    <tag k="payment:mir" v="yes"/>
    <tag k="payment:nfc" v="yes"/>
    <tag k="payment:podorozhnik" v="no"/>
    <tag k="payment:sbp" v="yes"/>
    <tag k="payment:social_cards" v="yes"/>
    <tag k="payment:strelka" v="no"/>
    <tag k="payment:troika" v="yes"/>
    <tag k="payment:visa" v="no"/>
    <tag k="public_transport:version" v="2"/>
    <tag k="ref" v="с156"/>
    <tag k="route" v="bus"/>
    <tag k="source" v="Реестр маршрутов города Москвы"/>
    <tag k="source:description" v="https://mosgortrans.ru/electrobus/map/"/>
    <tag k="to" v="Троицк (микрорайон «В»)"/>
    <tag k="type" v="route"/>
    <tag k="website" v="https://transport.mos.ru/transport/schedule/route/141503975"/>
    <tag k="wheelchair" v="yes"/>
  </relation>
  <relation id="3227894" version="124" timestamp="2026-02-12T19:46:20Z" changeset="178473203" uid="2055718" user="Bobropiton">
    <member type="node" ref="10812242546" role="stop_entry_only"/>
    <member type="node" ref="10812242547" role="platform_entry_only"/>
    <member type="node" ref="10812242548" role="stop"/>
    <member type="node" ref="10812242549" role="platform"/>
    <member type="node" ref="12520831064" role="stop"/>
    <member type="node" ref="12520831065" role="platform"/>
    <member type="node" ref="10809810074" role="stop"/>
    <member type="node" ref="5745017421" role="platform"/>
    <member type="node" ref="10809810072" role="stop"/>
    <member type="node" ref="2484610894" role="platform"/>
    <member type="node" ref="10809810073" role="stop"/>
    <member type="node" ref="544085554" role="platform"/>
    <member type="node" ref="10809810075" role="stop"/>
    <member type="node" ref="10809810077" role="platform"/>
    <member type="node" ref="10809810082" role="stop"/>
    <member type="node" ref="10809810083" role="platform"/>
    <member type="node" ref="10809810084" role="stop"/>
    <member type="node" ref="544079505" role="platform"/>
    <member type="node" ref="10809810087" role="stop"/>
    <member type="node" ref="544075107" role="platform"/>
    <member type="node" ref="10809810088" role="stop"/>
    <member type="node" ref="518639902" role="platform"/>
    <member type="node" ref="10809810091" role="stop"/>
    <member type="node" ref="538158973" role="platform"/>
    <member type="node" ref="10809810092" role="stop"/>
    <member type="node" ref="10809810094" role="platform"/>
    <member type="node" ref="10809810101" role="stop"/>
    <member type="node" ref="1578737175" role="platform"/>
    <member type="node" ref="10809810099" role="stop"/>
    <member type="node" ref="538158971" role="platform"/>
    <member type="node" ref="10809810096" role="stop"/>
    <member type="node" ref="538158939" role="platform"/>
    <member type="node" ref="10809818208" role="stop"/>
    <member type="node" ref="518639878" role="platform"/>
    <member type="node" ref="10809818205" role="stop"/>
    <member type="node" ref="837545890" role="platform"/>
    <member type="node" ref="9498015454" role="stop"/>
    <member type="node" ref="837545892" role="platform"/>
    <member type="node" ref="10808021258" role="stop"/>
    <member type="node" ref="837545868" role="platform"/>
    <member type="node" ref="10808021262" role="stop"/>
    <member type="node" ref="605056373" role="platform"/>
    <member type="node" ref="10808021266" role="stop"/>
    <member type="node" ref="6506513658" role="platform"/>
    <member type="node" ref="10808021270" role="stop"/>
    <member type="node" ref="837545883" role="platform"/>
    <member type="node" ref="10808021272" role="stop"/>
    <member type="node" ref="6555532853" role="platform"/>
    <member type="node" ref="6360266679" role="stop"/>
    <member type="node" ref="4318594809" role="platform"/>
    <member type="node" ref="5028284444" role="stop"/>
    <member type="node" ref="837545861" role="platform"/>
    <member type="node" ref="10808021296" role="stop"/>
    <member type="node" ref="837545863" role="platform"/>
    <member type="node" ref="10808021297" role="stop"/>
    <member type="node" ref="5966308987" role="platform"/>
    <member type="node" ref="10808021292" role="stop"/>
    <member type="node" ref="6364701387" role="platform"/>
    <member type="node" ref="10809738251" role="stop"/>
    <member type="node" ref="4897326902" role="platform"/>
    <member type="node" ref="10809738249" role="stop"/>
    <member type="node" ref="2956193294" role="platform"/>
    <member type="node" ref="11552598885" role="stop"/>
    <member type="node" ref="10892402351" role="platform"/>
    <member type="node" ref="11552598886" role="stop"/>
    <member type="node" ref="9967768633" role="platform"/>
    <member type="node" ref="10808021300" role="stop"/>
    <member type="node" ref="480177259" role="platform"/>
    <member type="node" ref="10808059007" role="stop"/>
    <member type="node" ref="10808059008" role="platform"/>
    <member type="node" ref="10808059010" role="stop"/>
    <member type="node" ref="480177235" role="platform"/>
    <member type="node" ref="10808059032" role="stop"/>
    <member type="node" ref="480177238" role="platform"/>
    <member type="node" ref="10808059031" role="stop"/>
    <member type="node" ref="1494585925" role="platform"/>
    <member type="node" ref="10808059030" role="stop"/>
    <member type="node" ref="1117490305" role="platform"/>
    <member type="node" ref="10808059034" role="stop"/>
    <member type="node" ref="1106615111" role="platform"/>
    <member type="node" ref="11978432743" role="stop"/>
    <member type="node" ref="11978432744" role="platform"/>
    <member type="node" ref="10808059026" role="stop"/>
    <member type="node" ref="10808059029" role="platform"/>
    <member type="node" ref="10808059022" role="stop"/>
    <member type="node" ref="10808059024" role="platform"/>
    <member type="node" ref="10808059018" role="stop"/>
    <member type="node" ref="10808059020" role="platform"/>
    <member type="node" ref="10808059017" role="stop"/>
    <member type="node" ref="2471258813" role="platform"/>
    <member type="node" ref="10808059015" role="stop"/>
    <member type="node" ref="9844655797" role="platform"/>
    <member type="node" ref="10808059012" role="stop"/>
    <member type="node" ref="9995572266" role="platform"/>
    <member type="node" ref="10794098216" role="stop"/>
    <member type="node" ref="480313124" role="platform"/>
    <member type="node" ref="10794098219" role="stop"/>
    <member type="node" ref="480313094" role="platform"/>
    <member type="node" ref="10794098229" role="stop"/>
    <member type="node" ref="480313116" role="platform"/>
    <member type="node" ref="10794098227" role="stop"/>
    <member type="node" ref="480313062" role="platform"/>
    <member type="node" ref="10794098225" role="stop"/>
    <member type="node" ref="837545818" role="platform"/>
    <member type="node" ref="10794098222" role="stop"/>
    <member type="node" ref="480313075" role="platform"/>
    <member type="node" ref="8669788410" role="stop"/>
    <member type="node" ref="5912798091" role="platform"/>
    <member type="node" ref="8669788327" role="stop"/>
    <member type="node" ref="480313010" role="platform"/>
    <member type="node" ref="7553691748" role="stop"/>
    <member type="node" ref="4056044428" role="platform"/>
    <member type="node" ref="5912798093" role="stop"/>
    <member type="node" ref="1920063073" role="platform"/>
    <member type="node" ref="7553691747" role="stop"/>
    <member type="node" ref="2471132943" role="platform"/>
    <member type="node" ref="7553691746" role="stop"/>
    <member type="node" ref="1868482057" role="platform"/>
    <member type="node" ref="7553691745" role="stop"/>
    <member type="node" ref="2471132940" role="platform"/>
    <member type="node" ref="10147488188" role="stop"/>
    <member type="node" ref="6252784620" role="platform"/>
    <member type="node" ref="6252784617" role="stop"/>
    <member type="node" ref="6252784619" role="platform"/>
    <member type="node" ref="9098236166" role="stop"/>
    <member type="node" ref="9098236167" role="platform"/>
    <member type="node" ref="10789338906" role="stop"/>
    <member type="node" ref="9098593825" role="platform"/>
    <member type="node" ref="10789292004" role="stop"/>
    <member type="node" ref="9098593819" role="platform"/>
    <member type="node" ref="10789292003" role="stop"/>
    <member type="node" ref="9098593829" role="platform"/>
    <member type="node" ref="9129021243" role="stop_exit_only"/>
    <member type="node" ref="9129021242" role="platform_exit_only"/>
    <member type="way" ref="47521030" role=""/>
    <member type="way" ref="40606292" role=""/>
    <member type="way" ref="27950675" role=""/>
    <member type="way" ref="1353174965" role=""/>
    <member type="way" ref="1318907467" role=""/>
    <member type="way" ref="49055871" role=""/>
    <member type="way" ref="27950594" role=""/>
    <member type="way" ref="83524117" role=""/>
    <member type="way" ref="229331272" role=""/>
    <member type="way" ref="27945815" role=""/>
    <member type="way" ref="1162327691" role=""/>
    <member type="way" ref="28042527" role=""/>
    <member type="way" ref="229332736" role=""/>
    <member type="way" ref="376687914" role=""/>
    <member type="way" ref="1162327690" role=""/>
    <member type="way" ref="83524117" role=""/>
    <member type="way" ref="27950594" role=""/>
    <member type="way" ref="49055871" role=""/>
    <member type="way" ref="1353174966" role=""/>
    <member type="way" ref="49055872" role=""/>
    <member type="way" ref="48491564" role=""/>
    <member type="way" ref="1353193818" role=""/>
    <member type="way" ref="1476961979" role=""/>
    <member type="way" ref="1476961906" role=""/>
    <member type="way" ref="1476961800" role=""/>
    <member type="way" ref="1476961843" role=""/>
    <member type="way" ref="1476961725" role=""/>
    <member type="way" ref="1476960932" role=""/>
    <member type="way" ref="1353193817" role=""/>
    <member type="way" ref="49055865" role=""/>
    <member type="way" ref="47521029" role=""/>
    <member type="way" ref="671916959" role=""/>
    <member type="way" ref="1353174958" role=""/>
    <member type="way" ref="1353174959" role=""/>
    <member type="way" ref="1353174960" role=""/>
    <member type="way" ref="1353174961" role=""/>
    <member type="way" ref="1353174962" role=""/>
    <member type="way" ref="1163613388" role=""/>
    <member type="way" ref="1163613384" role=""/>
    <member type="way" ref="1163613385" role=""/>
    <member type="way" ref="27945831" role=""/>
    <member type="way" ref="27950901" role=""/>
    <member type="way" ref="610897240" role=""/>
    <member type="way" ref="541951533" role=""/>
    <member type="way" ref="541951534" role=""/>
    <member type="way" ref="1163495668" role=""/>
    <member type="way" ref="541747581" role=""/>
    <member type="way" ref="722151457" role=""/>
    <member type="way" ref="1163495672" role=""/>
    <member type="way" ref="722151458" role=""/>
    <member type="way" ref="722151465" role=""/>
    <member type="way" ref="612908902" role=""/>
    <member type="way" ref="1092803963" role=""/>
    <member type="way" ref="48416388" role=""/>
    <member type="way" ref="610285455" role=""/>
    <member type="way" ref="47521028" role=""/>
    <member type="way" ref="610285454" role=""/>
    <member type="way" ref="45770180" role=""/>
    <member type="way" ref="600878208" role=""/>
    <member type="way" ref="541749840" role=""/>
    <member type="way" ref="600878203" role=""/>
    <member type="way" ref="1163495660" role=""/>
    <member type="way" ref="541749842" role=""/>
    <member type="way" ref="600878204" role=""/>
    <member type="way" ref="600878207" role=""/>
    <member type="way" ref="514750931" role=""/>
    <member type="way" ref="514750932" role=""/>
    <member type="way" ref="1162849703" role=""/>
    <member type="way" ref="547036722" role=""/>
    <member type="way" ref="609051288" role=""/>
    <member type="way" ref="514750933" role=""/>
    <member type="way" ref="1162550934" role=""/>
    <member type="way" ref="679196246" role=""/>
    <member type="way" ref="1162550932" role=""/>
    <member type="way" ref="1162550933" role=""/>
    <member type="way" ref="47457538" role=""/>
    <member type="way" ref="717125700" role=""/>
    <member type="way" ref="609051286" role=""/>
    <member type="way" ref="609051287" role=""/>
    <member type="way" ref="492368083" role=""/>
    <member type="way" ref="879916858" role=""/>
    <member type="way" ref="879916859" role=""/>
    <member type="way" ref="243396959" role=""/>
    <member type="way" ref="243396963" role=""/>
    <member type="way" ref="243396960" role=""/>
    <member type="way" ref="1334364549" role=""/>
    <member type="way" ref="739518217" role=""/>
    <member type="way" ref="1162320080" role=""/>
    <member type="way" ref="679579559" role=""/>
    <member type="way" ref="679579556" role=""/>
    <member type="way" ref="1163024463" role=""/>
    <member type="way" ref="243396961" role=""/>
    <member type="way" ref="1163024462" role=""/>
    <member type="way" ref="1046197197" role=""/>
    <member type="way" ref="679189908" role=""/>
    <member type="way" ref="717125703" role=""/>
    <member type="way" ref="717125699" role=""/>
    <member type="way" ref="717125701" role=""/>
    <member type="way" ref="1162550934" role=""/>
    <member type="way" ref="679196246" role=""/>
    <member type="way" ref="541682422" role=""/>
    <member type="way" ref="122521860" role=""/>
    <member type="way" ref="984001654" role=""/>
    <member type="way" ref="292243572" role=""/>
    <member type="way" ref="40083203" role=""/>
    <member type="way" ref="39514592" role=""/>
    <member type="way" ref="292243573" role=""/>
    <member type="way" ref="93848569" role=""/>
    <member type="way" ref="93848572" role=""/>
    <member type="way" ref="23973812" role=""/>
    <member type="way" ref="239330462" role=""/>
    <member type="way" ref="239330460" role=""/>
    <member type="way" ref="541518491" role=""/>
    <member type="way" ref="541334132" role=""/>
    <member type="way" ref="541518490" role=""/>
    <member type="way" ref="553904343" role=""/>
    <member type="way" ref="1167769215" role=""/>
    <member type="way" ref="1292112464" role=""/>
    <member type="way" ref="462031977" role=""/>
    <member type="way" ref="1292112465" role=""/>
    <member type="way" ref="607816245" role=""/>
    <member type="way" ref="607816243" role=""/>
    <member type="way" ref="48803781" role=""/>
    <member type="way" ref="155879858" role=""/>
    <member type="way" ref="1292112454" role=""/>
    <member type="way" ref="1292112453" role=""/>
    <member type="way" ref="53585407" role=""/>
    <member type="way" ref="608467183" role=""/>
    <member type="way" ref="816787496" role=""/>
    <member type="way" ref="1292112451" role=""/>
    <member type="way" ref="677575677" role=""/>
    <member type="way" ref="1292112449" role=""/>
    <member type="way" ref="99315307" role=""/>
    <member type="way" ref="816787498" role=""/>
    <member type="way" ref="816787499" role=""/>
    <member type="way" ref="1073750095" role=""/>
    <member type="way" ref="864640422" role=""/>
    <member type="way" ref="884628000" role=""/>
    <member type="way" ref="1054641482" role=""/>
    <member type="way" ref="677575676" role=""/>
    <member type="way" ref="816436556" role=""/>
    <member type="way" ref="1162550929" role=""/>
    <member type="way" ref="1162550930" role=""/>
    <member type="way" ref="1162550936" role=""/>
    <member type="way" ref="292244450" role=""/>
    <member type="way" ref="292244449" role=""/>
    <member type="way" ref="626297165" role=""/>
    <member type="way" ref="1263160218" role=""/>
    <member type="way" ref="935560885" role=""/>
    <member type="way" ref="935560886" role=""/>
    <member type="way" ref="626297166" role=""/>
    <member type="way" ref="63095908" role=""/>
    <member type="way" ref="984016446" role=""/>
    <member type="way" ref="984016447" role=""/>
    <member type="way" ref="176502833" role=""/>
    <member type="way" ref="240550190" role=""/>
    <member type="way" ref="1110037520" role=""/>
    <member type="way" ref="1110037519" role=""/>
    <member type="way" ref="63102546" role=""/>
    <member type="way" ref="402349847" role=""/>
    <member type="way" ref="239308756" role=""/>
    <member type="way" ref="239314387" role=""/>
    <member type="way" ref="1110031254" role=""/>
    <member type="way" ref="1110031255" role=""/>
    <member type="way" ref="414016069" role=""/>
    <member type="way" ref="25495504" role=""/>
    <member type="way" ref="1109226895" role=""/>
    <member type="way" ref="1109226896" role=""/>
    <member type="way" ref="63565452" role=""/>
    <member type="way" ref="969849894" role=""/>
    <member type="way" ref="69022671" role=""/>
    <member type="way" ref="718422390" role=""/>
    <member type="way" ref="275321621" role=""/>
    <member type="way" ref="303993174" role=""/>
    <member type="way" ref="303993182" role=""/>
    <member type="way" ref="1109035248" role=""/>
    <member type="way" ref="738601268" role=""/>
    <member type="way" ref="1317294044" role=""/>
    <member type="way" ref="303993177" role=""/>
    <member type="way" ref="1107671849" role=""/>
    <member type="way" ref="1107671848" role=""/>
    <member type="way" ref="1107671847" role=""/>
    <member type="way" ref="667788290" role=""/>
    <member type="way" ref="1107662749" role=""/>
    <member type="way" ref="1107662175" role=""/>
    <member type="way" ref="1107662174" role=""/>
    <member type="way" ref="1107364353" role=""/>
    <member type="way" ref="495439390" role=""/>
    <member type="way" ref="1107364352" role=""/>
    <member type="way" ref="1107364351" role=""/>
    <member type="way" ref="1107364350" role=""/>
    <member type="way" ref="1107364349" role=""/>
    <member type="way" ref="1107364347" role=""/>
    <member type="way" ref="1107362044" role=""/>
    <member type="way" ref="1107362043" role=""/>
    <member type="way" ref="1107362042" role=""/>
    <member type="way" ref="1107362040" role=""/>
    <member type="way" ref="1107362038" role=""/>
    <member type="way" ref="1107362041" role=""/>
    <member type="way" ref="1104951234" role=""/>
    <member type="way" ref="549087644" role=""/>
    <member type="way" ref="983987404" role=""/>
    <member type="way" ref="973121557" role=""/>
    <member type="way" ref="983987405" role=""/>
    <member type="way" ref="699115626" role=""/>
    <member type="way" ref="699115619" role=""/>
    <member type="way" ref="987649920" role=""/>
    <tag k="air_conditioning" v="yes"/>
    <tag k="bicycle" v="yes"/>
    <tag k="blind" v="limited"/>
    <tag k="bus_class:length" v="4"/>
    <tag k="charge:all-in-one" v="90 RUB"/>
    <tag k="charge:cards" v="83 RUB"/>
    <tag k="charge:sbp" v="83 RUB"/>
    <tag k="charge:troika" v="75 RUB"/>
    <tag k="charge:troika_qr" v="75 RUB"/>
    <tag k="check_date" v="2023-04-14"/>
    <tag k="colour" v="#ff9ad2"/>
    <tag k="deaf" v="yes"/>
    <tag k="description" v="Маршрут обслуживается электробусами"/>
    <tag k="electric_bus" v="yes"/>
    <tag k="electric_bus:type" v="OC"/>
    <tag k="fee" v="yes"/>
    <tag k="fine:ticketless" v="5000 RUB"/>
    <tag k="from" v="Троицк (микрорайон «В»)"/>
    <tag k="name" v="Автобус с156: Троицк (микрорайон «В») =&gt; Метро «Филатов луг»"/>
    <tag k="network" v="Московский транспорт"/>
    <tag k="operator" v="ГУП «Мосгортранс»"/>
    <tag k="payment:cards" v="yes"/>
    <tag k="payment:cash" v="no"/>
    <tag k="payment:contactless" v="yes"/>
    <tag k="payment:maestro" v="no"/>
    <tag k="payment:mastercard" v="no"/>
    <tag k="payment:mir" v="yes"/>
    <tag k="payment:nfc" v="yes"/>
    <tag k="payment:podorozhnik" v="no"/>
    <tag k="payment:sbp" v="yes"/>
    <tag k="payment:social_cards" v="yes"/>
    <tag k="payment:strelka" v="no"/>
    <tag k="payment:troika" v="yes"/>
    <tag k="payment:visa" v="no"/>
    <tag k="public_transport:version" v="2"/>
    <tag k="ref" v="с156"/>
    <tag k="route" v="bus"/>
    <tag k="source" v="Реестр маршрутов города Москвы"/>
    <tag k="source:description" v="https://mosgortrans.ru/electrobus/map/"/>
    <tag k="to" v="Метро «Филатов луг»"/>
    <tag k="type" v="route"/>
    <tag k="website" v="https://transport.mos.ru/transport/schedule/route/141503975"/>
    <tag k="wheelchair" v="yes"/>
  </relation>
  <relation id="3248261" version="137" timestamp="2026-02-12T19:46:20Z" changeset="178473203" uid="2055718" user="Bobropiton">
    <member type="node" ref="10809810072" role="stop_entry_only"/>
    <member type="node" ref="2484610894" role="platform_entry_only"/>
    <member type="node" ref="10809810073" role="stop"/>
    <member type="node" ref="544085554" role="platform"/>
    <member type="node" ref="10809810075" role="stop"/>
    <member type="node" ref="10809810077" role="platform"/>
    <member type="node" ref="10809810082" role="stop"/>
    <member type="node" ref="10809810083" role="platform"/>
    <member type="node" ref="10809810084" role="stop"/>
    <member type="node" ref="544079505" role="platform"/>
    <member type="node" ref="10809810087" role="stop"/>
    <member type="node" ref="544075107" role="platform"/>
    <member type="node" ref="10809810088" role="stop"/>
    <member type="node" ref="518639902" role="platform"/>
    <member type="node" ref="10809810091" role="stop"/>
    <member type="node" ref="538158973" role="platform"/>
    <member type="node" ref="10809810092" role="stop"/>
    <member type="node" ref="10809810094" role="platform"/>
    <member type="node" ref="10809810101" role="stop"/>
    <member type="node" ref="1578737175" role="platform"/>
    <member type="node" ref="10809810099" role="stop"/>
    <member type="node" ref="538158971" role="platform"/>
    <member type="node" ref="10809810096" role="stop"/>
    <member type="node" ref="538158939" role="platform"/>
    <member type="node" ref="10809818208" role="stop"/>
    <member type="node" ref="518639878" role="platform"/>
    <member type="node" ref="9498015454" role="stop"/>
    <member type="node" ref="837545892" role="platform"/>
    <member type="node" ref="10808021258" role="stop"/>
    <member type="node" ref="837545868" role="platform"/>
    <member type="node" ref="10808021260" role="stop"/>
    <member type="node" ref="2471258812" role="platform"/>
    <member type="node" ref="10808021256" role="stop"/>
    <member type="node" ref="844617495" role="platform"/>
    <member type="node" ref="10808021254" role="stop"/>
    <member type="node" ref="844617500" role="platform"/>
    <member type="node" ref="10793520582" role="stop"/>
    <member type="node" ref="606267702" role="platform"/>
    <member type="node" ref="10793520573" role="stop"/>
    <member type="node" ref="1489743166" role="platform"/>
    <member type="node" ref="10793520567" role="stop"/>
    <member type="node" ref="5139015557" role="platform"/>
    <member type="node" ref="10793520564" role="stop"/>
    <member type="node" ref="1489743154" role="platform"/>
    <member type="node" ref="10793520563" role="stop"/>
    <member type="node" ref="1489743193" role="platform"/>
    <member type="node" ref="10793520560" role="stop"/>
    <member type="node" ref="5140714406" role="platform"/>
    <member type="node" ref="10793520559" role="stop"/>
    <member type="node" ref="1489743194" role="platform"/>
    <member type="node" ref="10793520556" role="stop"/>
    <member type="node" ref="5139015559" role="platform"/>
    <member type="node" ref="10793520555" role="stop"/>
    <member type="node" ref="9039037846" role="platform"/>
    <member type="node" ref="10793520552" role="stop"/>
    <member type="node" ref="9039037839" role="platform"/>
    <member type="node" ref="10793520550" role="stop"/>
    <member type="node" ref="9039037773" role="platform"/>
    <member type="node" ref="10793520548" role="stop"/>
    <member type="node" ref="9039037761" role="platform"/>
    <member type="node" ref="10793520546" role="stop"/>
    <member type="node" ref="5139015561" role="platform"/>
    <member type="node" ref="10793520527" role="stop"/>
    <member type="node" ref="1489733001" role="platform"/>
    <member type="node" ref="10793520524" role="stop"/>
    <member type="node" ref="5140714404" role="platform"/>
    <member type="node" ref="10793520523" role="stop"/>
    <member type="node" ref="1489733032" role="platform"/>
    <member type="node" ref="10793520521" role="stop"/>
    <member type="node" ref="5140714402" role="platform"/>
    <member type="node" ref="10793520518" role="stop"/>
    <member type="node" ref="1489733042" role="platform"/>
    <member type="node" ref="10793520516" role="stop"/>
    <member type="node" ref="5140714400" role="platform"/>
    <member type="node" ref="10793520514" role="stop"/>
    <member type="node" ref="5140714398" role="platform"/>
    <member type="node" ref="10793520511" role="stop"/>
    <member type="node" ref="5140714396" role="platform"/>
    <member type="node" ref="10809694250" role="stop"/>
    <member type="node" ref="9041215214" role="platform"/>
    <member type="node" ref="10809694248" role="stop"/>
    <member type="node" ref="10295084441" role="platform"/>
    <member type="node" ref="10809694241" role="stop"/>
    <member type="node" ref="1486254217" role="platform"/>
    <member type="node" ref="10809694247" role="stop"/>
    <member type="node" ref="8294352853" role="platform"/>
    <member type="node" ref="10809694249" role="stop"/>
    <member type="node" ref="8294352873" role="platform"/>
    <member type="node" ref="10793520509" role="stop"/>
    <member type="node" ref="7077429246" role="platform"/>
    <member type="node" ref="10793520508" role="stop"/>
    <member type="node" ref="1489733069" role="platform"/>
    <member type="node" ref="10816772343" role="stop"/>
    <member type="node" ref="1937472505" role="platform"/>
    <member type="node" ref="10816772341" role="stop"/>
    <member type="node" ref="1937472417" role="platform"/>
    <member type="node" ref="10816772339" role="stop"/>
    <member type="node" ref="6322767151" role="platform"/>
    <member type="node" ref="10816772335" role="stop"/>
    <member type="node" ref="10816772336" role="platform"/>
    <member type="node" ref="10816772334" role="stop"/>
    <member type="node" ref="1251320909" role="platform"/>
    <member type="node" ref="10816772333" role="stop"/>
    <member type="node" ref="2050117003" role="platform"/>
    <member type="node" ref="10816772331" role="stop"/>
    <member type="node" ref="797500648" role="platform"/>
    <member type="node" ref="10816772329" role="stop"/>
    <member type="node" ref="2050117009" role="platform"/>
    <member type="node" ref="10816772327" role="stop"/>
    <member type="node" ref="2050117006" role="platform"/>
    <member type="node" ref="10816772324" role="stop"/>
    <member type="node" ref="2050132826" role="platform"/>
    <member type="node" ref="10816772322" role="stop"/>
    <member type="node" ref="2050132827" role="platform"/>
    <member type="node" ref="12401729716" role="stop"/>
    <member type="node" ref="12401729717" role="platform"/>
    <member type="node" ref="10816770604" role="stop"/>
    <member type="node" ref="2050157239" role="platform"/>
    <member type="node" ref="12716037518" role="stop"/>
    <member type="node" ref="12716037519" role="platform"/>
    <member type="node" ref="10816770603" role="stop"/>
    <member type="node" ref="2050157240" role="platform"/>
    <member type="node" ref="12401729715" role="stop"/>
    <member type="node" ref="12401729718" role="platform"/>
    <member type="node" ref="10816770591" role="stop"/>
    <member type="node" ref="2051103232" role="platform"/>
    <member type="node" ref="10816770589" role="stop"/>
    <member type="node" ref="2279060579" role="platform"/>
    <member type="node" ref="10816770587" role="stop"/>
    <member type="node" ref="800590945" role="platform"/>
    <member type="node" ref="10816770586" role="stop_exit_only"/>
    <member type="node" ref="2623271274" role="platform_exit_only"/>
    <member type="way" ref="1162327690" role=""/>
    <member type="way" ref="83524117" role=""/>
    <member type="way" ref="27950594" role=""/>
    <member type="way" ref="49055871" role=""/>
    <member type="way" ref="1353174966" role=""/>
    <member type="way" ref="49055872" role=""/>
    <member type="way" ref="48491564" role=""/>
    <member type="way" ref="1353193818" role=""/>
    <member type="way" ref="1476961979" role=""/>
    <member type="way" ref="1476961906" role=""/>
    <member type="way" ref="1476961800" role=""/>
    <member type="way" ref="1476961843" role=""/>
    <member type="way" ref="1476961725" role=""/>
    <member type="way" ref="1476960932" role=""/>
    <member type="way" ref="1353193817" role=""/>
    <member type="way" ref="49055865" role=""/>
    <member type="way" ref="47521029" role=""/>
    <member type="way" ref="671916959" role=""/>
    <member type="way" ref="1353174958" role=""/>
    <member type="way" ref="1353174959" role=""/>
    <member type="way" ref="1353174960" role=""/>
    <member type="way" ref="1353174961" role=""/>
    <member type="way" ref="1353174962" role=""/>
    <member type="way" ref="1163613388" role=""/>
    <member type="way" ref="1163613384" role=""/>
    <member type="way" ref="1163613385" role=""/>
    <member type="way" ref="27945831" role=""/>
    <member type="way" ref="27950901" role=""/>
    <member type="way" ref="610897240" role=""/>
    <member type="way" ref="541951533" role=""/>
    <member type="way" ref="541951534" role=""/>
    <member type="way" ref="1163495668" role=""/>
    <member type="way" ref="541747581" role=""/>
    <member type="way" ref="722151457" role=""/>
    <member type="way" ref="1163495672" role=""/>
    <member type="way" ref="722151458" role=""/>
    <member type="way" ref="722151465" role=""/>
    <member type="way" ref="612908902" role=""/>
    <member type="way" ref="1092803963" role=""/>
    <member type="way" ref="48416388" role=""/>
    <member type="way" ref="610285455" role=""/>
    <member type="way" ref="47521028" role=""/>
    <member type="way" ref="610285453" role=""/>
    <member type="way" ref="968744060" role=""/>
    <member type="way" ref="40421173" role=""/>
    <member type="way" ref="1163497944" role=""/>
    <member type="way" ref="502708480" role=""/>
    <member type="way" ref="27950684" role=""/>
    <member type="way" ref="1207244996" role=""/>
    <member type="way" ref="1167451621" role=""/>
    <member type="way" ref="1370365062" role=""/>
    <member type="way" ref="1087036952" role=""/>
    <member type="way" ref="1160529459" role=""/>
    <member type="way" ref="516053069" role=""/>
    <member type="way" ref="47704413" role=""/>
    <member type="way" ref="47704412" role=""/>
    <member type="way" ref="976786484" role=""/>
    <member type="way" ref="47521276" role=""/>
    <member type="way" ref="969757544" role=""/>
    <member type="way" ref="969773630" role=""/>
    <member type="way" ref="737637228" role=""/>
    <member type="way" ref="737637229" role=""/>
    <member type="way" ref="976786454" role=""/>
    <member type="way" ref="27945801" role=""/>
    <member type="way" ref="32786695" role=""/>
    <member type="way" ref="737637230" role=""/>
    <member type="way" ref="47521277" role=""/>
    <member type="way" ref="976786421" role=""/>
    <member type="way" ref="737637232" role=""/>
    <member type="way" ref="737637235" role=""/>
    <member type="way" ref="976786420" role=""/>
    <member type="way" ref="913458470" role=""/>
    <member type="way" ref="737637236" role=""/>
    <member type="way" ref="913458469" role=""/>
    <member type="way" ref="976971119" role=""/>
    <member type="way" ref="135322738" role=""/>
    <member type="way" ref="977012617" role=""/>
    <member type="way" ref="977012588" role=""/>
    <member type="way" ref="977012585" role=""/>
    <member type="way" ref="977012604" role=""/>
    <member type="way" ref="657826996" role=""/>
    <member type="way" ref="737637237" role=""/>
    <member type="way" ref="717264158" role=""/>
    <member type="way" ref="717264156" role=""/>
    <member type="way" ref="977012575" role=""/>
    <member type="way" ref="512015198" role=""/>
    <member type="way" ref="512015205" role=""/>
    <member type="way" ref="512015203" role=""/>
    <member type="way" ref="135322736" role=""/>
    <member type="way" ref="135322735" role=""/>
    <member type="way" ref="1162306426" role=""/>
    <member type="way" ref="1162306428" role=""/>
    <member type="way" ref="959698216" role=""/>
    <member type="way" ref="1162306427" role=""/>
    <member type="way" ref="959698218" role=""/>
    <member type="way" ref="1162306428" role=""/>
    <member type="way" ref="1162306426" role=""/>
    <member type="way" ref="135322735" role=""/>
    <member type="way" ref="135322736" role=""/>
    <member type="way" ref="512015203" role=""/>
    <member type="way" ref="512015205" role=""/>
    <member type="way" ref="512015186" role=""/>
    <member type="way" ref="717264157" role=""/>
    <member type="way" ref="977012570" role=""/>
    <member type="way" ref="977012571" role=""/>
    <member type="way" ref="644855904" role=""/>
    <member type="way" ref="54037350" role=""/>
    <member type="way" ref="54037351" role=""/>
    <member type="way" ref="218676657" role=""/>
    <member type="way" ref="218676661" role=""/>
    <member type="way" ref="47521281" role=""/>
    <member type="way" ref="25782014" role=""/>
    <member type="way" ref="240751488" role=""/>
    <member type="way" ref="47521280" role=""/>
    <member type="way" ref="10346558" role=""/>
    <member type="way" ref="427684619" role=""/>
    <member type="way" ref="49200558" role=""/>
    <member type="way" ref="49430728" role=""/>
    <member type="way" ref="193356899" role=""/>
    <member type="way" ref="54037349" role=""/>
    <member type="way" ref="193356900" role=""/>
    <member type="way" ref="607124769" role=""/>
    <member type="way" ref="195614916" role=""/>
    <member type="way" ref="371483643" role=""/>
    <member type="way" ref="371483646" role=""/>
    <member type="way" ref="1202988008" role=""/>
    <member type="way" ref="511119882" role=""/>
    <member type="way" ref="511119856" role=""/>
    <member type="way" ref="371483642" role=""/>
    <member type="way" ref="511119857" role=""/>
    <member type="way" ref="1127861549" role=""/>
    <member type="way" ref="511119895" role=""/>
    <member type="way" ref="511119858" role=""/>
    <member type="way" ref="511119869" role=""/>
    <member type="way" ref="511119866" role=""/>
    <member type="way" ref="511119867" role=""/>
    <member type="way" ref="1339024295" role=""/>
    <member type="way" ref="1339024296" role=""/>
    <member type="way" ref="1339024294" role=""/>
    <member type="way" ref="511119871" role=""/>
    <member type="way" ref="165167012" role=""/>
    <member type="way" ref="511119824" role=""/>
    <member type="way" ref="224243993" role=""/>
    <member type="way" ref="28050736" role=""/>
    <member type="way" ref="511119885" role=""/>
    <member type="way" ref="224243991" role=""/>
    <member type="way" ref="511119881" role=""/>
    <member type="way" ref="673432304" role=""/>
    <member type="way" ref="224243989" role=""/>
    <member type="way" ref="1163099971" role=""/>
    <member type="way" ref="530852884" role=""/>
    <member type="way" ref="1163099970" role=""/>
    <member type="way" ref="1469417048" role=""/>
    <member type="way" ref="1469417050" role=""/>
    <member type="way" ref="1469417047" role=""/>
    <member type="way" ref="1469417056" role=""/>
    <member type="way" ref="1469417055" role=""/>
    <member type="way" ref="1469417064" role=""/>
    <member type="way" ref="1469417066" role=""/>
    <member type="way" ref="1469417058" role=""/>
    <member type="way" ref="1373368716" role=""/>
    <member type="way" ref="1472603319" role=""/>
    <member type="way" ref="521370650" role=""/>
    <member type="way" ref="228359483" role=""/>
    <member type="way" ref="1373368717" role=""/>
    <member type="way" ref="228359485" role=""/>
    <member type="way" ref="1163099970" role=""/>
    <member type="way" ref="530852884" role=""/>
    <member type="way" ref="1163099971" role=""/>
    <member type="way" ref="224243989" role=""/>
    <member type="way" ref="673432304" role=""/>
    <member type="way" ref="511119881" role=""/>
    <member type="way" ref="224243991" role=""/>
    <member type="way" ref="511119885" role=""/>
    <member type="way" ref="28050736" role=""/>
    <member type="way" ref="34481834" role=""/>
    <member type="way" ref="224243994" role=""/>
    <member type="way" ref="218676810" role=""/>
    <member type="way" ref="498815366" role=""/>
    <member type="way" ref="498814118" role=""/>
    <member type="way" ref="218676817" role=""/>
    <member type="way" ref="952408780" role=""/>
    <member type="way" ref="952408775" role=""/>
    <member type="way" ref="952408778" role=""/>
    <member type="way" ref="61358786" role=""/>
    <member type="way" ref="1163085848" role=""/>
    <tag k="air_conditioning" v="yes"/>
    <tag k="bicycle" v="yes"/>
    <tag k="blind" v="limited"/>
    <tag k="bus_class:length" v="4"/>
    <tag k="charge:all-in-one" v="90 RUB"/>
    <tag k="charge:cards" v="83 RUB"/>
    <tag k="charge:sbp" v="83 RUB"/>
    <tag k="charge:troika" v="75 RUB"/>
    <tag k="charge:troika_qr" v="75 RUB"/>
    <tag k="colour" v="#ff9ad2"/>
    <tag k="deaf" v="yes"/>
    <tag k="fee" v="yes"/>
    <tag k="fine:ticketless" v="5000 RUB"/>
    <tag k="from" v="Троицк (Академическая площадь)"/>
    <tag k="name" v="Автобус с117: Академическая площадь =&gt; Киевский"/>
    <tag k="network" v="Московский транспорт"/>
    <tag k="operator" v="ГУП «Мосгортранс»"/>
    <tag k="payment:cards" v="yes"/>
    <tag k="payment:cash" v="no"/>
    <tag k="payment:contactless" v="yes"/>
    <tag k="payment:maestro" v="no"/>
    <tag k="payment:mastercard" v="no"/>
    <tag k="payment:mir" v="yes"/>
    <tag k="payment:nfc" v="yes"/>
    <tag k="payment:podorozhnik" v="no"/>
    <tag k="payment:sbp" v="yes"/>
    <tag k="payment:social_cards" v="yes"/>
    <tag k="payment:strelka" v="no"/>
    <tag k="payment:troika" v="yes"/>
    <tag k="payment:visa" v="no"/>
    <tag k="public_transport:version" v="2"/>
    <tag k="ref" v="с117"/>
    <tag k="route" v="bus"/>
    <tag k="source" v="Реестр смежных маршрутов города Москвы"/>
    <tag k="to" v="Киевский"/>
    <tag k="type" v="route"/>
    <tag k="website" v="https://transport.mos.ru/transport/schedule/route/141503973"/>
    <tag k="wheelchair" v="yes"/>
  </relation>
  <relation id="3250623" version="128" timestamp="2026-02-12T19:46:20Z" changeset="178473203" uid="2055718" user="Bobropiton">
    <member type="node" ref="10816770585" role="stop_entry_only"/>
    <member type="node" ref="800450321" role="platform_entry_only"/>
    <member type="node" ref="10816770588" role="stop"/>
    <member type="node" ref="800590943" role="platform"/>
    <member type="node" ref="10816770590" role="stop"/>
    <member type="node" ref="2279060581" role="platform"/>
    <member type="node" ref="10816770592" role="stop"/>
    <member type="node" ref="2051103231" role="platform"/>
    <member type="node" ref="12401729716" role="stop"/>
    <member type="node" ref="12401729717" role="platform"/>
    <member type="node" ref="10816770604" role="stop"/>
    <member type="node" ref="2050157239" role="platform"/>
    <member type="node" ref="12716037518" role="stop"/>
    <member type="node" ref="12716037519" role="platform"/>
    <member type="node" ref="10816770603" role="stop"/>
    <member type="node" ref="2050157240" role="platform"/>
    <member type="node" ref="12401729715" role="stop"/>
    <member type="node" ref="12401729718" role="platform"/>
    <member type="node" ref="10816772321" role="stop"/>
    <member type="node" ref="2050132830" role="platform"/>
    <member type="node" ref="10816772323" role="stop"/>
    <member type="node" ref="2050132828" role="platform"/>
    <member type="node" ref="10816772325" role="stop"/>
    <member type="node" ref="2050132825" role="platform"/>
    <member type="node" ref="10816772326" role="stop"/>
    <member type="node" ref="2050117005" role="platform"/>
    <member type="node" ref="10816772328" role="stop"/>
    <member type="node" ref="2050117007" role="platform"/>
    <member type="node" ref="10816772330" role="stop"/>
    <member type="node" ref="797500652" role="platform"/>
    <member type="node" ref="10816772332" role="stop"/>
    <member type="node" ref="2050116998" role="platform"/>
    <member type="node" ref="10816772337" role="stop"/>
    <member type="node" ref="663035947" role="platform"/>
    <member type="node" ref="10816772338" role="stop"/>
    <member type="node" ref="6274987536" role="platform"/>
    <member type="node" ref="10816772340" role="stop"/>
    <member type="node" ref="1937472413" role="platform"/>
    <member type="node" ref="10816772342" role="stop"/>
    <member type="node" ref="1937472496" role="platform"/>
    <member type="node" ref="10793520507" role="stop"/>
    <member type="node" ref="1489733066" role="platform"/>
    <member type="node" ref="10793520510" role="stop"/>
    <member type="node" ref="7077429247" role="platform"/>
    <member type="node" ref="10809694250" role="stop"/>
    <member type="node" ref="9041215214" role="platform"/>
    <member type="node" ref="10809694248" role="stop"/>
    <member type="node" ref="10295084441" role="platform"/>
    <member type="node" ref="10809694241" role="stop"/>
    <member type="node" ref="1486254217" role="platform"/>
    <member type="node" ref="10809694247" role="stop"/>
    <member type="node" ref="8294352853" role="platform"/>
    <member type="node" ref="10809694249" role="stop"/>
    <member type="node" ref="8294352873" role="platform"/>
    <member type="node" ref="10793520513" role="stop"/>
    <member type="node" ref="5140714397" role="platform"/>
    <member type="node" ref="10793520515" role="stop"/>
    <member type="node" ref="5140714399" role="platform"/>
    <member type="node" ref="10793520517" role="stop"/>
    <member type="node" ref="5140714401" role="platform"/>
    <member type="node" ref="10793520519" role="stop"/>
    <member type="node" ref="1489733039" role="platform"/>
    <member type="node" ref="10793520520" role="stop"/>
    <member type="node" ref="5140714403" role="platform"/>
    <member type="node" ref="10793520522" role="stop"/>
    <member type="node" ref="1489733036" role="platform"/>
    <member type="node" ref="10793520525" role="stop"/>
    <member type="node" ref="5140714405" role="platform"/>
    <member type="node" ref="10793520526" role="stop"/>
    <member type="node" ref="1489732995" role="platform"/>
    <member type="node" ref="10793520547" role="stop"/>
    <member type="node" ref="9039037740" role="platform"/>
    <member type="node" ref="10793520549" role="stop"/>
    <member type="node" ref="9039037762" role="platform"/>
    <member type="node" ref="10793520551" role="stop"/>
    <member type="node" ref="9039037772" role="platform"/>
    <member type="node" ref="10793520553" role="stop"/>
    <member type="node" ref="9039037840" role="platform"/>
    <member type="node" ref="10793520554" role="stop"/>
    <member type="node" ref="9039037845" role="platform"/>
    <member type="node" ref="10793520557" role="stop"/>
    <member type="node" ref="5139015560" role="platform"/>
    <member type="node" ref="10793520558" role="stop"/>
    <member type="node" ref="1489743195" role="platform"/>
    <member type="node" ref="10793520561" role="stop"/>
    <member type="node" ref="5140714407" role="platform"/>
    <member type="node" ref="10793520562" role="stop"/>
    <member type="node" ref="1489743188" role="platform"/>
    <member type="node" ref="10793520565" role="stop"/>
    <member type="node" ref="1489743153" role="platform"/>
    <member type="node" ref="10793520566" role="stop"/>
    <member type="node" ref="5139015558" role="platform"/>
    <member type="node" ref="10793520572" role="stop"/>
    <member type="node" ref="1499274466" role="platform"/>
    <member type="node" ref="10793520581" role="stop"/>
    <member type="node" ref="1499274471" role="platform"/>
    <member type="node" ref="10808021255" role="stop"/>
    <member type="node" ref="844617499" role="platform"/>
    <member type="node" ref="10808021259" role="stop"/>
    <member type="node" ref="2471258811" role="platform"/>
    <member type="node" ref="10808021257" role="stop"/>
    <member type="node" ref="837545893" role="platform"/>
    <member type="node" ref="10809818209" role="stop"/>
    <member type="node" ref="837545891" role="platform"/>
    <member type="node" ref="10809818207" role="stop"/>
    <member type="node" ref="518639864" role="platform"/>
    <member type="node" ref="10809810097" role="stop"/>
    <member type="node" ref="538158905" role="platform"/>
    <member type="node" ref="10809810098" role="stop"/>
    <member type="node" ref="538158968" role="platform"/>
    <member type="node" ref="10809810100" role="stop"/>
    <member type="node" ref="1578737174" role="platform"/>
    <member type="node" ref="10809810093" role="stop"/>
    <member type="node" ref="10809810095" role="platform"/>
    <member type="node" ref="10809810090" role="stop"/>
    <member type="node" ref="538158972" role="platform"/>
    <member type="node" ref="10809810089" role="stop"/>
    <member type="node" ref="518639905" role="platform"/>
    <member type="node" ref="10809810086" role="stop"/>
    <member type="node" ref="544075376" role="platform"/>
    <member type="node" ref="10809810085" role="stop"/>
    <member type="node" ref="538159077" role="platform"/>
    <member type="node" ref="10809810076" role="stop"/>
    <member type="node" ref="10809810081" role="platform"/>
    <member type="node" ref="10809810074" role="stop"/>
    <member type="node" ref="5745017421" role="platform"/>
    <member type="node" ref="10809810071" role="stop_exit_only"/>
    <member type="node" ref="538159079" role="platform_exit_only"/>
    <member type="way" ref="61358786" role=""/>
    <member type="way" ref="952408778" role=""/>
    <member type="way" ref="952408776" role=""/>
    <member type="way" ref="952408791" role=""/>
    <member type="way" ref="952408789" role=""/>
    <member type="way" ref="511119893" role=""/>
    <member type="way" ref="511119854" role=""/>
    <member type="way" ref="511119825" role=""/>
    <member type="way" ref="58710977" role=""/>
    <member type="way" ref="224243989" role=""/>
    <member type="way" ref="1163099971" role=""/>
    <member type="way" ref="530852884" role=""/>
    <member type="way" ref="1163099970" role=""/>
    <member type="way" ref="1469417048" role=""/>
    <member type="way" ref="1469417050" role=""/>
    <member type="way" ref="1469417047" role=""/>
    <member type="way" ref="1469417056" role=""/>
    <member type="way" ref="1469417055" role=""/>
    <member type="way" ref="1469417064" role=""/>
    <member type="way" ref="1469417066" role=""/>
    <member type="way" ref="1469417058" role=""/>
    <member type="way" ref="1373368716" role=""/>
    <member type="way" ref="1472603319" role=""/>
    <member type="way" ref="521370650" role=""/>
    <member type="way" ref="228359483" role=""/>
    <member type="way" ref="1373368717" role=""/>
    <member type="way" ref="228359485" role=""/>
    <member type="way" ref="1163099970" role=""/>
    <member type="way" ref="530852884" role=""/>
    <member type="way" ref="1163099971" role=""/>
    <member type="way" ref="224243989" role=""/>
    <member type="way" ref="673432304" role=""/>
    <member type="way" ref="511119881" role=""/>
    <member type="way" ref="224243991" role=""/>
    <member type="way" ref="511119885" role=""/>
    <member type="way" ref="511119896" role=""/>
    <member type="way" ref="56199958" role=""/>
    <member type="way" ref="218676812" role=""/>
    <member type="way" ref="511119823" role=""/>
    <member type="way" ref="511119822" role=""/>
    <member type="way" ref="511119821" role=""/>
    <member type="way" ref="511119819" role=""/>
    <member type="way" ref="371483649" role=""/>
    <member type="way" ref="1339024297" role=""/>
    <member type="way" ref="1339024298" role=""/>
    <member type="way" ref="371483644" role=""/>
    <member type="way" ref="54060831" role=""/>
    <member type="way" ref="1202988007" role=""/>
    <member type="way" ref="42480651" role=""/>
    <member type="way" ref="195614917" role=""/>
    <member type="way" ref="194515410" role=""/>
    <member type="way" ref="371483645" role=""/>
    <member type="way" ref="371483641" role=""/>
    <member type="way" ref="675224280" role=""/>
    <member type="way" ref="49430133" role=""/>
    <member type="way" ref="464739982" role=""/>
    <member type="way" ref="675143946" role=""/>
    <member type="way" ref="49430132" role=""/>
    <member type="way" ref="52626412" role=""/>
    <member type="way" ref="51497546" role=""/>
    <member type="way" ref="1163085846" role=""/>
    <member type="way" ref="194604314" role=""/>
    <member type="way" ref="27547636" role=""/>
    <member type="way" ref="54037350" role=""/>
    <member type="way" ref="644855904" role=""/>
    <member type="way" ref="47521275" role=""/>
    <member type="way" ref="977012566" role=""/>
    <member type="way" ref="512015182" role=""/>
    <member type="way" ref="512015205" role=""/>
    <member type="way" ref="512015203" role=""/>
    <member type="way" ref="135322736" role=""/>
    <member type="way" ref="135322735" role=""/>
    <member type="way" ref="1162306426" role=""/>
    <member type="way" ref="1162306428" role=""/>
    <member type="way" ref="959698216" role=""/>
    <member type="way" ref="1162306427" role=""/>
    <member type="way" ref="959698218" role=""/>
    <member type="way" ref="1162306428" role=""/>
    <member type="way" ref="1162306426" role=""/>
    <member type="way" ref="135322735" role=""/>
    <member type="way" ref="135322736" role=""/>
    <member type="way" ref="512015203" role=""/>
    <member type="way" ref="512015205" role=""/>
    <member type="way" ref="512015215" role=""/>
    <member type="way" ref="512015181" role=""/>
    <member type="way" ref="657826996" role=""/>
    <member type="way" ref="977012604" role=""/>
    <member type="way" ref="977012585" role=""/>
    <member type="way" ref="977012588" role=""/>
    <member type="way" ref="977012617" role=""/>
    <member type="way" ref="135322738" role=""/>
    <member type="way" ref="976971119" role=""/>
    <member type="way" ref="913458469" role=""/>
    <member type="way" ref="737637236" role=""/>
    <member type="way" ref="913458470" role=""/>
    <member type="way" ref="976786420" role=""/>
    <member type="way" ref="737637235" role=""/>
    <member type="way" ref="737637232" role=""/>
    <member type="way" ref="976786421" role=""/>
    <member type="way" ref="47521277" role=""/>
    <member type="way" ref="737637230" role=""/>
    <member type="way" ref="32786695" role=""/>
    <member type="way" ref="27945801" role=""/>
    <member type="way" ref="976786454" role=""/>
    <member type="way" ref="737637229" role=""/>
    <member type="way" ref="737637228" role=""/>
    <member type="way" ref="969773630" role=""/>
    <member type="way" ref="969757544" role=""/>
    <member type="way" ref="47521276" role=""/>
    <member type="way" ref="976786484" role=""/>
    <member type="way" ref="47704412" role=""/>
    <member type="way" ref="47704413" role=""/>
    <member type="way" ref="516053069" role=""/>
    <member type="way" ref="1160529459" role=""/>
    <member type="way" ref="1370365065" role=""/>
    <member type="way" ref="1370365064" role=""/>
    <member type="way" ref="1370365063" role=""/>
    <member type="way" ref="1167451621" role=""/>
    <member type="way" ref="1207244996" role=""/>
    <member type="way" ref="27950684" role=""/>
    <member type="way" ref="502708480" role=""/>
    <member type="way" ref="1163497944" role=""/>
    <member type="way" ref="40421173" role=""/>
    <member type="way" ref="968744060" role=""/>
    <member type="way" ref="610285453" role=""/>
    <member type="way" ref="47521028" role=""/>
    <member type="way" ref="610285455" role=""/>
    <member type="way" ref="48416388" role=""/>
    <member type="way" ref="1092803963" role=""/>
    <member type="way" ref="48416389" role=""/>
    <member type="way" ref="542071130" role=""/>
    <member type="way" ref="48416386" role=""/>
    <member type="way" ref="172083017" role=""/>
    <member type="way" ref="27950901" role=""/>
    <member type="way" ref="27945831" role=""/>
    <member type="way" ref="1163613385" role=""/>
    <member type="way" ref="1163613384" role=""/>
    <member type="way" ref="671916957" role=""/>
    <member type="way" ref="1353174964" role=""/>
    <member type="way" ref="1163613390" role=""/>
    <member type="way" ref="47521029" role=""/>
    <member type="way" ref="49055865" role=""/>
    <member type="way" ref="1353193817" role=""/>
    <member type="way" ref="1476960932" role=""/>
    <member type="way" ref="1476961725" role=""/>
    <member type="way" ref="1476961843" role=""/>
    <member type="way" ref="1476961800" role=""/>
    <member type="way" ref="1476961906" role=""/>
    <member type="way" ref="1476961979" role=""/>
    <member type="way" ref="1353193818" role=""/>
    <member type="way" ref="48491564" role=""/>
    <member type="way" ref="49055872" role=""/>
    <member type="way" ref="1353174966" role=""/>
    <member type="way" ref="49055871" role=""/>
    <member type="way" ref="27950594" role=""/>
    <member type="way" ref="83524117" role=""/>
    <member type="way" ref="229331272" role=""/>
    <member type="way" ref="27945815" role=""/>
    <member type="way" ref="1162327691" role=""/>
    <tag k="air_conditioning" v="yes"/>
    <tag k="bicycle" v="yes"/>
    <tag k="blind" v="limited"/>
    <tag k="bus_class:length" v="4"/>
    <tag k="charge:all-in-one" v="90 RUB"/>
    <tag k="charge:cards" v="83 RUB"/>
    <tag k="charge:sbp" v="83 RUB"/>
    <tag k="charge:troika" v="75 RUB"/>
    <tag k="charge:troika_qr" v="75 RUB"/>
    <tag k="colour" v="#ff9ad2"/>
    <tag k="deaf" v="yes"/>
    <tag k="fee" v="yes"/>
    <tag k="fine:ticketless" v="5000 RUB"/>
    <tag k="from" v="Киевский"/>
    <tag k="name" v="Автобус с117: Киевский =&gt; Академическая площадь"/>
    <tag k="network" v="Московский транспорт"/>
    <tag k="operator" v="ГУП «Мосгортранс»"/>
    <tag k="payment:cards" v="yes"/>
    <tag k="payment:cash" v="no"/>
    <tag k="payment:contactless" v="yes"/>
    <tag k="payment:maestro" v="no"/>
    <tag k="payment:mastercard" v="no"/>
    <tag k="payment:mir" v="yes"/>
    <tag k="payment:nfc" v="yes"/>
    <tag k="payment:podorozhnik" v="no"/>
    <tag k="payment:sbp" v="yes"/>
    <tag k="payment:social_cards" v="yes"/>
    <tag k="payment:strelka" v="no"/>
    <tag k="payment:troika" v="yes"/>
    <tag k="payment:visa" v="no"/>
    <tag k="public_transport:version" v="2"/>
    <tag k="ref" v="с117"/>
    <tag k="route" v="bus"/>
    <tag k="source" v="Реестр смежных маршрутов города Москвы"/>
    <tag k="to" v="Троицк (Академическая площадь)"/>
    <tag k="type" v="route"/>
    <tag k="website" v="https://transport.mos.ru/transport/schedule/route/141503973"/>
    <tag k="wheelchair" v="yes"/>
  </relation>
  <relation id="3250649" version="152" timestamp="2026-05-31T13:35:52Z" changeset="183448454" uid="2055718" user="Bobropiton">
    <member type="node" ref="5019166060" role="stop_entry_only"/>
    <member type="node" ref="313947079" role="platform_entry_only"/>
    <member type="node" ref="10712338011" role="stop"/>
    <member type="node" ref="530513160" role="platform"/>
    <member type="node" ref="1448942145" role="stop"/>
    <member type="node" ref="2201158851" role="platform"/>
    <member type="node" ref="12462825468" role="stop"/>
    <member type="node" ref="12462825469" role="platform"/>
    <member type="node" ref="10808059049" role="stop"/>
    <member type="node" ref="10808059052" role="platform"/>
    <member type="node" ref="10808059055" role="stop"/>
    <member type="node" ref="4960183527" role="platform"/>
    <member type="node" ref="10808059031" role="stop"/>
    <member type="node" ref="1494585925" role="platform"/>
    <member type="node" ref="6360266672" role="stop"/>
    <member type="node" ref="480251784" role="platform"/>
    <member type="node" ref="10808021263" role="stop"/>
    <member type="node" ref="6364411437" role="platform"/>
    <member type="node" ref="10809818209" role="stop"/>
    <member type="node" ref="837545891" role="platform"/>
    <member type="node" ref="10809818207" role="stop"/>
    <member type="node" ref="518639864" role="platform"/>
    <member type="node" ref="10809810097" role="stop"/>
    <member type="node" ref="538158905" role="platform"/>
    <member type="node" ref="10809810098" role="stop"/>
    <member type="node" ref="538158968" role="platform"/>
    <member type="node" ref="10809810100" role="stop"/>
    <member type="node" ref="1578737174" role="platform"/>
    <member type="node" ref="10809810093" role="stop"/>
    <member type="node" ref="10809810095" role="platform"/>
    <member type="node" ref="10809810090" role="stop"/>
    <member type="node" ref="538158972" role="platform"/>
    <member type="node" ref="10809810089" role="stop"/>
    <member type="node" ref="518639905" role="platform"/>
    <member type="node" ref="10809810086" role="stop"/>
    <member type="node" ref="544075376" role="platform"/>
    <member type="node" ref="10809810085" role="stop"/>
    <member type="node" ref="538159077" role="platform"/>
    <member type="node" ref="10809810076" role="stop"/>
    <member type="node" ref="10809810081" role="platform"/>
    <member type="node" ref="10809810074" role="stop"/>
    <member type="node" ref="5745017421" role="platform"/>
    <member type="node" ref="10809810071" role="stop_exit_only"/>
    <member type="node" ref="538159079" role="platform_exit_only"/>
    <member type="way" ref="513466738" role=""/>
    <member type="way" ref="1151524178" role=""/>
    <member type="way" ref="128125364" role=""/>
    <member type="way" ref="47293168" role=""/>
    <member type="way" ref="1095267809" role=""/>
    <member type="way" ref="686182223" role=""/>
    <member type="way" ref="232537183" role=""/>
    <member type="way" ref="1174856318" role=""/>
    <member type="way" ref="31279181" role=""/>
    <member type="way" ref="1174856319" role=""/>
    <member type="way" ref="1174856320" role=""/>
    <member type="way" ref="243271029" role=""/>
    <member type="way" ref="1174856321" role=""/>
    <member type="way" ref="1160172173" role=""/>
    <member type="way" ref="31279182" role=""/>
    <member type="way" ref="647876101" role=""/>
    <member type="way" ref="93848546" role=""/>
    <member type="way" ref="31712004" role=""/>
    <member type="way" ref="355289238" role=""/>
    <member type="way" ref="252705050" role=""/>
    <member type="way" ref="656585477" role=""/>
    <member type="way" ref="699671966" role=""/>
    <member type="way" ref="66437560" role=""/>
    <member type="way" ref="1222938054" role=""/>
    <member type="way" ref="438008347" role=""/>
    <member type="way" ref="610295934" role=""/>
    <member type="way" ref="1429959670" role=""/>
    <member type="way" ref="1421307268" role=""/>
    <member type="way" ref="1421307270" role=""/>
    <member type="way" ref="440976820" role=""/>
    <member type="way" ref="441566751" role=""/>
    <member type="way" ref="374760275" role=""/>
    <member type="way" ref="1158874653" role=""/>
    <member type="way" ref="377671637" role=""/>
    <member type="way" ref="442619608" role=""/>
    <member type="way" ref="442619612" role=""/>
    <member type="way" ref="442619606" role=""/>
    <member type="way" ref="442605590" role=""/>
    <member type="way" ref="1163006767" role=""/>
    <member type="way" ref="1162306414" role=""/>
    <member type="way" ref="442605588" role=""/>
    <member type="way" ref="438015593" role=""/>
    <member type="way" ref="1162307935" role=""/>
    <member type="way" ref="287055810" role=""/>
    <member type="way" ref="287055809" role=""/>
    <member type="way" ref="287053204" role=""/>
    <member type="way" ref="444462280" role=""/>
    <member type="way" ref="444703700" role=""/>
    <member type="way" ref="444462269" role=""/>
    <member type="way" ref="251861118" role=""/>
    <member type="way" ref="432932614" role=""/>
    <member type="way" ref="47497320" role=""/>
    <member type="way" ref="40048861" role=""/>
    <member type="way" ref="155879705" role=""/>
    <member type="way" ref="155879704" role=""/>
    <member type="way" ref="499959648" role=""/>
    <member type="way" ref="499962727" role=""/>
    <member type="way" ref="1292112454" role=""/>
    <member type="way" ref="1292112453" role=""/>
    <member type="way" ref="53585407" role=""/>
    <member type="way" ref="95436231" role=""/>
    <member type="way" ref="93848575" role=""/>
    <member type="way" ref="239330460" role=""/>
    <member type="way" ref="553904342" role=""/>
    <member type="way" ref="155879694" role=""/>
    <member type="way" ref="30023783" role=""/>
    <member type="way" ref="514754580" role=""/>
    <member type="way" ref="541687060" role=""/>
    <member type="way" ref="541682419" role=""/>
    <member type="way" ref="1393142811" role=""/>
    <member type="way" ref="547036723" role=""/>
    <member type="way" ref="700863292" role=""/>
    <member type="way" ref="514750929" role=""/>
    <member type="way" ref="620293601" role=""/>
    <member type="way" ref="1162327689" role=""/>
    <member type="way" ref="679225683" role=""/>
    <member type="way" ref="541747570" role=""/>
    <member type="way" ref="541749841" role=""/>
    <member type="way" ref="541749843" role=""/>
    <member type="way" ref="541747592" role=""/>
    <member type="way" ref="541747588" role=""/>
    <member type="way" ref="542071130" role=""/>
    <member type="way" ref="48416386" role=""/>
    <member type="way" ref="172083017" role=""/>
    <member type="way" ref="27950901" role=""/>
    <member type="way" ref="27945831" role=""/>
    <member type="way" ref="1163613385" role=""/>
    <member type="way" ref="1163613384" role=""/>
    <member type="way" ref="671916957" role=""/>
    <member type="way" ref="1353174964" role=""/>
    <member type="way" ref="1163613390" role=""/>
    <member type="way" ref="47521029" role=""/>
    <member type="way" ref="49055865" role=""/>
    <member type="way" ref="1353193817" role=""/>
    <member type="way" ref="1476960932" role=""/>
    <member type="way" ref="1476961725" role=""/>
    <member type="way" ref="1476961843" role=""/>
    <member type="way" ref="1476961800" role=""/>
    <member type="way" ref="1476961906" role=""/>
    <member type="way" ref="1476961979" role=""/>
    <member type="way" ref="1353193818" role=""/>
    <member type="way" ref="48491564" role=""/>
    <member type="way" ref="49055872" role=""/>
    <member type="way" ref="1353174966" role=""/>
    <member type="way" ref="49055871" role=""/>
    <member type="way" ref="27950594" role=""/>
    <member type="way" ref="83524117" role=""/>
    <member type="way" ref="229331272" role=""/>
    <member type="way" ref="27945815" role=""/>
    <member type="way" ref="1162327691" role=""/>
    <tag k="air_conditioning" v="yes"/>
    <tag k="bicycle" v="yes"/>
    <tag k="blind" v="limited"/>
    <tag k="bus_class:length" v="4;5"/>
    <tag k="charge:all-in-one" v="90 RUB"/>
    <tag k="charge:cards" v="83 RUB"/>
    <tag k="charge:sbp" v="83 RUB"/>
    <tag k="charge:troika" v="75 RUB"/>
    <tag k="charge:troika_qr" v="75 RUB"/>
    <tag k="check_date" v="2023-04-14"/>
    <tag k="colour" v="#25bbf7"/>
    <tag k="colour_1" v="red"/>
    <tag k="deaf" v="yes"/>
    <tag k="fee" v="yes"/>
    <tag k="fine:ticketless" v="5000 RUB"/>
    <tag k="from" v="Метро «Тёплый Стан»"/>
    <tag k="name" v="Автобус е131: Метро «Тёплый Стан» =&gt; Академическая площадь"/>
    <tag k="network" v="Московский транспорт"/>
    <tag k="operator" v="ГУП «Мосгортранс»"/>
    <tag k="payment:cards" v="yes"/>
    <tag k="payment:cash" v="no"/>
    <tag k="payment:contactless" v="yes"/>
    <tag k="payment:maestro" v="no"/>
    <tag k="payment:mastercard" v="no"/>
    <tag k="payment:mir" v="yes"/>
    <tag k="payment:nfc" v="yes"/>
    <tag k="payment:podorozhnik" v="no"/>
    <tag k="payment:sbp" v="yes"/>
    <tag k="payment:social_cards" v="yes"/>
    <tag k="payment:strelka" v="no"/>
    <tag k="payment:troika" v="yes"/>
    <tag k="payment:visa" v="no"/>
    <tag k="public_transport:version" v="2"/>
    <tag k="ref" v="е131"/>
    <tag k="route" v="bus"/>
    <tag k="source" v="Реестр маршрутов города Москвы"/>
    <tag k="to" v="Троицк (Академическая площадь)"/>
    <tag k="type" v="route"/>
    <tag k="website" v="https://transport.mos.ru/transport/schedule/route/141503969"/>
    <tag k="wheelchair" v="yes"/>
  </relation>
  <relation id="3251275" version="149" timestamp="2026-05-31T13:35:52Z" changeset="183448454" uid="2055718" user="Bobropiton">
    <member type="node" ref="5019166060" role="stop_entry_only"/>
    <member type="node" ref="313947079" role="platform_entry_only"/>
    <member type="node" ref="10712338011" role="stop"/>
    <member type="node" ref="530513160" role="platform"/>
    <member type="node" ref="1448942145" role="stop"/>
    <member type="node" ref="2201158851" role="platform"/>
    <member type="node" ref="12462825468" role="stop"/>
    <member type="node" ref="12462825469" role="platform"/>
    <member type="node" ref="10808059049" role="stop"/>
    <member type="node" ref="10808059052" role="platform"/>
    <member type="node" ref="10808059055" role="stop"/>
    <member type="node" ref="4960183527" role="platform"/>
    <member type="node" ref="10808059031" role="stop"/>
    <member type="node" ref="1494585925" role="platform"/>
    <member type="node" ref="6360266672" role="stop"/>
    <member type="node" ref="480251784" role="platform"/>
    <member type="node" ref="10808021260" role="stop"/>
    <member type="node" ref="2471258812" role="platform"/>
    <member type="node" ref="10808021256" role="stop"/>
    <member type="node" ref="844617495" role="platform"/>
    <member type="node" ref="10808021254" role="stop"/>
    <member type="node" ref="844617500" role="platform"/>
    <member type="node" ref="10812242546" role="stop"/>
    <member type="node" ref="10812242547" role="platform"/>
    <member type="node" ref="10812242548" role="stop"/>
    <member type="node" ref="10812242549" role="platform"/>
    <member type="node" ref="12520831064" role="stop"/>
    <member type="node" ref="12520831065" role="platform"/>
    <member type="node" ref="10809810074" role="stop"/>
    <member type="node" ref="5745017421" role="platform"/>
    <member type="node" ref="10809810071" role="stop_exit_only"/>
    <member type="node" ref="538159079" role="platform_exit_only"/>
    <member type="way" ref="513466738" role=""/>
    <member type="way" ref="1151524178" role=""/>
    <member type="way" ref="128125364" role=""/>
    <member type="way" ref="47293168" role=""/>
    <member type="way" ref="1095267809" role=""/>
    <member type="way" ref="686182223" role=""/>
    <member type="way" ref="232537183" role=""/>
    <member type="way" ref="1174856318" role=""/>
    <member type="way" ref="31279181" role=""/>
    <member type="way" ref="1174856319" role=""/>
    <member type="way" ref="1174856320" role=""/>
    <member type="way" ref="243271029" role=""/>
    <member type="way" ref="1174856321" role=""/>
    <member type="way" ref="1160172173" role=""/>
    <member type="way" ref="31279182" role=""/>
    <member type="way" ref="647876101" role=""/>
    <member type="way" ref="93848546" role=""/>
    <member type="way" ref="31712004" role=""/>
    <member type="way" ref="355289238" role=""/>
    <member type="way" ref="252705050" role=""/>
    <member type="way" ref="656585477" role=""/>
    <member type="way" ref="699671966" role=""/>
    <member type="way" ref="66437560" role=""/>
    <member type="way" ref="1222938054" role=""/>
    <member type="way" ref="438008347" role=""/>
    <member type="way" ref="610295934" role=""/>
    <member type="way" ref="1429959670" role=""/>
    <member type="way" ref="1421307268" role=""/>
    <member type="way" ref="1421307270" role=""/>
    <member type="way" ref="440976820" role=""/>
    <member type="way" ref="441566751" role=""/>
    <member type="way" ref="374760275" role=""/>
    <member type="way" ref="1158874653" role=""/>
    <member type="way" ref="377671637" role=""/>
    <member type="way" ref="442619608" role=""/>
    <member type="way" ref="442619612" role=""/>
    <member type="way" ref="442619606" role=""/>
    <member type="way" ref="442605590" role=""/>
    <member type="way" ref="1163006767" role=""/>
    <member type="way" ref="1162306414" role=""/>
    <member type="way" ref="442605588" role=""/>
    <member type="way" ref="438015593" role=""/>
    <member type="way" ref="1162307935" role=""/>
    <member type="way" ref="287055810" role=""/>
    <member type="way" ref="287055809" role=""/>
    <member type="way" ref="287053204" role=""/>
    <member type="way" ref="444462280" role=""/>
    <member type="way" ref="444703700" role=""/>
    <member type="way" ref="444462269" role=""/>
    <member type="way" ref="251861118" role=""/>
    <member type="way" ref="432932614" role=""/>
    <member type="way" ref="47497320" role=""/>
    <member type="way" ref="40048861" role=""/>
    <member type="way" ref="155879705" role=""/>
    <member type="way" ref="155879704" role=""/>
    <member type="way" ref="499959648" role=""/>
    <member type="way" ref="499962727" role=""/>
    <member type="way" ref="1292112454" role=""/>
    <member type="way" ref="1292112453" role=""/>
    <member type="way" ref="53585407" role=""/>
    <member type="way" ref="95436231" role=""/>
    <member type="way" ref="93848575" role=""/>
    <member type="way" ref="239330460" role=""/>
    <member type="way" ref="553904342" role=""/>
    <member type="way" ref="155879694" role=""/>
    <member type="way" ref="30023783" role=""/>
    <member type="way" ref="514754580" role=""/>
    <member type="way" ref="541687060" role=""/>
    <member type="way" ref="541682419" role=""/>
    <member type="way" ref="1393142811" role=""/>
    <member type="way" ref="547036723" role=""/>
    <member type="way" ref="700863292" role=""/>
    <member type="way" ref="514750929" role=""/>
    <member type="way" ref="620293601" role=""/>
    <member type="way" ref="1162327689" role=""/>
    <member type="way" ref="172083021" role=""/>
    <member type="way" ref="647890312" role=""/>
    <member type="way" ref="1092803964" role=""/>
    <member type="way" ref="600878208" role=""/>
    <member type="way" ref="45770180" role=""/>
    <member type="way" ref="610285454" role=""/>
    <member type="way" ref="610285453" role=""/>
    <member type="way" ref="968744060" role=""/>
    <member type="way" ref="40421173" role=""/>
    <member type="way" ref="1163497944" role=""/>
    <member type="way" ref="502708480" role=""/>
    <member type="way" ref="27950684" role=""/>
    <member type="way" ref="1207244996" role=""/>
    <member type="way" ref="1167451621" role=""/>
    <member type="way" ref="1370365062" role=""/>
    <member type="way" ref="1087036952" role=""/>
    <member type="way" ref="1370365065" role=""/>
    <member type="way" ref="1160529460" role=""/>
    <member type="way" ref="45774239" role=""/>
    <member type="way" ref="1160529457" role=""/>
    <member type="way" ref="130795577" role=""/>
    <member type="way" ref="1162581681" role=""/>
    <member type="way" ref="47521030" role=""/>
    <member type="way" ref="40606292" role=""/>
    <member type="way" ref="27950675" role=""/>
    <member type="way" ref="1353174965" role=""/>
    <member type="way" ref="1318907467" role=""/>
    <member type="way" ref="49055871" role=""/>
    <member type="way" ref="27950594" role=""/>
    <member type="way" ref="83524117" role=""/>
    <member type="way" ref="229331272" role=""/>
    <member type="way" ref="27945815" role=""/>
    <member type="way" ref="1162327691" role=""/>
    <tag k="air_conditioning" v="yes"/>
    <tag k="bicycle" v="yes"/>
    <tag k="blind" v="limited"/>
    <tag k="bus_class:length" v="4;5"/>
    <tag k="charge:all-in-one" v="90 RUB"/>
    <tag k="charge:cards" v="83 RUB"/>
    <tag k="charge:sbp" v="83 RUB"/>
    <tag k="charge:troika" v="75 RUB"/>
    <tag k="charge:troika_qr" v="75 RUB"/>
    <tag k="check_date" v="2023-04-13"/>
    <tag k="colour" v="#25bbf7"/>
    <tag k="colour_1" v="orange"/>
    <tag k="deaf" v="yes"/>
    <tag k="fee" v="yes"/>
    <tag k="fine:ticketless" v="5000 RUB"/>
    <tag k="from" v="Метро «Тёплый Стан»"/>
    <tag k="name" v="Автобус е132: Метро «Тёплый Стан» =&gt; Троицк (Академическая площадь)"/>
    <tag k="network" v="Московский транспорт"/>
    <tag k="operator" v="ГУП «Мосгортранс»"/>
    <tag k="payment:cards" v="yes"/>
    <tag k="payment:cash" v="no"/>
    <tag k="payment:contactless" v="yes"/>
    <tag k="payment:maestro" v="no"/>
    <tag k="payment:mastercard" v="no"/>
    <tag k="payment:mir" v="yes"/>
    <tag k="payment:nfc" v="yes"/>
    <tag k="payment:podorozhnik" v="no"/>
    <tag k="payment:sbp" v="yes"/>
    <tag k="payment:social_cards" v="yes"/>
    <tag k="payment:strelka" v="no"/>
    <tag k="payment:troika" v="yes"/>
    <tag k="payment:visa" v="no"/>
    <tag k="public_transport:version" v="2"/>
    <tag k="ref" v="е132"/>
    <tag k="route" v="bus"/>
    <tag k="source" v="Реестр маршрутов города Москвы"/>
    <tag k="to" v="Троицк (Академическая площадь)"/>
    <tag k="type" v="route"/>
    <tag k="website" v="https://transport.mos.ru/transport/schedule/route/141503970"/>
    <tag k="wheelchair" v="yes"/>
  </relation>
  <relation id="15718057" version="2" timestamp="2025-01-21T15:28:03Z" changeset="161604848" uid="2055718" user="Bobropiton">
    <member type="node" ref="10809810071" role="stop"/>
    <member type="node" ref="538159079" role="platform"/>
    <tag k="name" v="Троицк (Академическая площадь)"/>
    <tag k="public_transport" v="stop_area"/>
    <tag k="type" v="public_transport"/>
  </relation>
  <relation id="15718058" version="2" timestamp="2025-01-21T15:28:03Z" changeset="161604848" uid="2055718" user="Bobropiton">
    <member type="node" ref="10809810072" role="stop"/>
    <member type="node" ref="2484610894" role="platform"/>
    <tag k="name" v="Троицк (Академическая площадь)"/>
    <tag k="public_transport" v="stop_area"/>
    <tag k="type" v="public_transport"/>
  </relation>
  <relation id="15718059" version="1" timestamp="2023-04-14T03:04:51Z" changeset="134883976" uid="2055718" user="Bobropiton">
    <member type="node" ref="10809810073" role="stop"/>
    <member type="node" ref="544085554" role="platform"/>
    <tag k="name" v="Октябрьский проспект, 18"/>
    <tag k="public_transport" v="stop_area"/>
    <tag k="type" v="public_transport"/>
  </relation>
  <relation id="15718060" version="1" timestamp="2023-04-14T03:04:51Z" changeset="134883976" uid="2055718" user="Bobropiton">
    <member type="node" ref="10809810074" role="stop"/>
    <member type="node" ref="5745017421" role="platform"/>
    <tag k="name" v="Октябрьский проспект, 18"/>
    <tag k="public_transport" v="stop_area"/>
    <tag k="type" v="public_transport"/>
  </relation>
  <relation id="16319762" version="24" timestamp="2026-06-22T11:11:44Z" changeset="184427141" uid="23926472" user="Максим Баранаускас">
    <member type="node" ref="10822641646" role="stop_entry_only"/>
    <member type="node" ref="10822641648" role="platform_entry_only"/>
    <member type="node" ref="10822641675" role="stop"/>
    <member type="node" ref="10822641678" role="platform"/>
    <member type="node" ref="12691369661" role="stop"/>
    <member type="node" ref="12691369662" role="platform"/>
    <member type="node" ref="12691369659" role="stop"/>
    <member type="node" ref="12691369660" role="platform"/>
    <member type="node" ref="12691369653" role="stop"/>
    <member type="node" ref="12691369656" role="platform"/>
    <member type="node" ref="10809810093" role="stop"/>
    <member type="node" ref="10809810095" role="platform"/>
    <member type="node" ref="10809810090" role="stop"/>
    <member type="node" ref="538158972" role="platform"/>
    <member type="node" ref="10809810089" role="stop"/>
    <member type="node" ref="518639905" role="platform"/>
    <member type="node" ref="10809810086" role="stop"/>
    <member type="node" ref="544075376" role="platform"/>
    <member type="node" ref="10809810085" role="stop"/>
    <member type="node" ref="538159077" role="platform"/>
    <member type="node" ref="10809810076" role="stop"/>
    <member type="node" ref="10809810081" role="platform"/>
    <member type="node" ref="10809810074" role="stop"/>
    <member type="node" ref="5745017421" role="platform"/>
    <member type="node" ref="10808021255" role="stop"/>
    <member type="node" ref="844617499" role="platform"/>
    <member type="node" ref="10808021259" role="stop"/>
    <member type="node" ref="2471258811" role="platform"/>
    <member type="node" ref="10808021261" role="stop"/>
    <member type="node" ref="605056368" role="platform"/>
    <member type="node" ref="10808021257" role="stop"/>
    <member type="node" ref="837545893" role="platform"/>
    <member type="node" ref="10820524642" role="stop"/>
    <member type="node" ref="10820524646" role="platform"/>
    <member type="node" ref="10820524644" role="stop"/>
    <member type="node" ref="10820524648" role="platform"/>
    <member type="node" ref="10809818211" role="stop"/>
    <member type="node" ref="8294200463" role="platform"/>
    <member type="node" ref="10814900241" role="stop"/>
    <member type="node" ref="8294200435" role="platform"/>
    <member type="node" ref="10814900243" role="stop"/>
    <member type="node" ref="8294196601" role="platform"/>
    <member type="node" ref="10814900246" role="stop"/>
    <member type="node" ref="8294196596" role="platform"/>
    <member type="node" ref="10814900262" role="stop"/>
    <member type="node" ref="8294196561" role="platform"/>
    <member type="node" ref="11186282125" role="stop"/>
    <member type="node" ref="11186282126" role="platform"/>
    <member type="node" ref="8680087496" role="stop"/>
    <member type="node" ref="11186282124" role="platform"/>
    <member type="node" ref="11186282122" role="stop"/>
    <member type="node" ref="11186282123" role="platform"/>
    <member type="node" ref="11186282119" role="stop"/>
    <member type="node" ref="8294200584" role="platform"/>
    <member type="node" ref="11186282116" role="stop"/>
    <member type="node" ref="8294200585" role="platform"/>
    <member type="node" ref="11186282104" role="stop"/>
    <member type="node" ref="11186282115" role="platform"/>
    <member type="node" ref="11186282085" role="stop"/>
    <member type="node" ref="11186282088" role="platform"/>
    <member type="node" ref="11186282074" role="stop"/>
    <member type="node" ref="11186282076" role="platform"/>
    <member type="node" ref="11186282069" role="stop"/>
    <member type="node" ref="11186282070" role="platform"/>
    <member type="node" ref="11186282068" role="stop"/>
    <member type="node" ref="11184541079" role="platform"/>
    <member type="node" ref="11186282066" role="stop"/>
    <member type="node" ref="8294200590" role="platform"/>
    <member type="node" ref="11186282046" role="stop"/>
    <member type="node" ref="11186282047" role="platform"/>
    <member type="node" ref="11186282041" role="stop"/>
    <member type="node" ref="11186282042" role="platform"/>
    <member type="node" ref="11186282038" role="stop"/>
    <member type="node" ref="11186282039" role="platform"/>
    <member type="node" ref="11186282028" role="stop"/>
    <member type="node" ref="11186282029" role="platform"/>
    <member type="node" ref="11186282024" role="stop"/>
    <member type="node" ref="11186282025" role="platform"/>
    <member type="node" ref="11186282011" role="stop"/>
    <member type="node" ref="11186282012" role="platform"/>
    <member type="node" ref="11186282008" role="stop"/>
    <member type="node" ref="11184541068" role="platform"/>
    <member type="node" ref="11186282007" role="stop"/>
    <member type="node" ref="11184541075" role="platform"/>
    <member type="node" ref="11186281997" role="stop"/>
    <member type="node" ref="11184541064" role="platform"/>
    <member type="node" ref="11186281993" role="stop"/>
    <member type="node" ref="11184541066" role="platform"/>
    <member type="node" ref="11048209088" role="stop_exit_only"/>
    <member type="node" ref="11048209087" role="platform_exit_only"/>
    <member type="way" ref="46033581" role=""/>
    <member type="way" ref="46033580" role=""/>
    <member type="way" ref="46033579" role=""/>
    <member type="way" ref="1357136491" role=""/>
    <member type="way" ref="1524901955" role=""/>
    <member type="way" ref="1357136492" role=""/>
    <member type="way" ref="1524901953" role=""/>
    <member type="way" ref="1524901946" role=""/>
    <member type="way" ref="1524901951" role=""/>
    <member type="way" ref="1524901942" role=""/>
    <member type="way" ref="959896930" role=""/>
    <member type="way" ref="1531389338" role=""/>
    <member type="way" ref="1531389340" role=""/>
    <member type="way" ref="39621964" role=""/>
    <member type="way" ref="240751492" role=""/>
    <member type="way" ref="27950207" role=""/>
    <member type="way" ref="1353174960" role=""/>
    <member type="way" ref="1353174961" role=""/>
    <member type="way" ref="1353174962" role=""/>
    <member type="way" ref="1353174963" role=""/>
    <member type="way" ref="1353174964" role=""/>
    <member type="way" ref="1163613390" role=""/>
    <member type="way" ref="47521029" role=""/>
    <member type="way" ref="49055865" role=""/>
    <member type="way" ref="1353193817" role=""/>
    <member type="way" ref="1476960932" role=""/>
    <member type="way" ref="1476961725" role=""/>
    <member type="way" ref="1476961843" role=""/>
    <member type="way" ref="1476961800" role=""/>
    <member type="way" ref="1476961906" role=""/>
    <member type="way" ref="1476961979" role=""/>
    <member type="way" ref="1353193818" role=""/>
    <member type="way" ref="48491564" role=""/>
    <member type="way" ref="49055872" role=""/>
    <member type="way" ref="1353174966" role=""/>
    <member type="way" ref="49055871" role=""/>
    <member type="way" ref="27950594" role=""/>
    <member type="way" ref="83524117" role=""/>
    <member type="way" ref="27950717" role=""/>
    <member type="way" ref="47704414" role=""/>
    <member type="way" ref="376583323" role=""/>
    <member type="way" ref="1207244996" role=""/>
    <member type="way" ref="27950684" role=""/>
    <member type="way" ref="502708480" role=""/>
    <member type="way" ref="1163497944" role=""/>
    <member type="way" ref="40421173" role=""/>
    <member type="way" ref="968744060" role=""/>
    <member type="way" ref="610285453" role=""/>
    <member type="way" ref="47521028" role=""/>
    <member type="way" ref="610285455" role=""/>
    <member type="way" ref="48416388" role=""/>
    <member type="way" ref="1092803963" role=""/>
    <member type="way" ref="612908902" role=""/>
    <member type="way" ref="722151465" role=""/>
    <member type="way" ref="1163495673" role=""/>
    <member type="way" ref="1163495674" role=""/>
    <member type="way" ref="1207207251" role=""/>
    <member type="way" ref="1163495669" role=""/>
    <member type="way" ref="1163492869" role=""/>
    <member type="way" ref="1207207141" role=""/>
    <member type="way" ref="1083159699" role=""/>
    <member type="way" ref="1163492873" role=""/>
    <member type="way" ref="1163492870" role=""/>
    <member type="way" ref="1163492872" role=""/>
    <member type="way" ref="1207207245" role=""/>
    <member type="way" ref="1085615622" role=""/>
    <member type="way" ref="1207207141" role=""/>
    <member type="way" ref="1163492869" role=""/>
    <member type="way" ref="1163495669" role=""/>
    <member type="way" ref="968922020" role=""/>
    <member type="way" ref="1530552201" role=""/>
    <member type="way" ref="1530552202" role=""/>
    <member type="way" ref="1530566705" role=""/>
    <member type="way" ref="892392882" role=""/>
    <member type="way" ref="1530566709" role=""/>
    <member type="way" ref="722151464" role=""/>
    <member type="way" ref="936775139" role=""/>
    <member type="way" ref="936775140" role=""/>
    <member type="way" ref="936775092" role=""/>
    <member type="way" ref="739157414" role=""/>
    <member type="way" ref="892106723" role=""/>
    <member type="way" ref="1207232810" role=""/>
    <member type="way" ref="892392849" role=""/>
    <member type="way" ref="1197020043" role=""/>
    <member type="way" ref="1291887515" role=""/>
    <member type="way" ref="892392847" role=""/>
    <member type="way" ref="799310144" role=""/>
    <member type="way" ref="1207028078" role=""/>
    <member type="way" ref="1197020044" role=""/>
    <member type="way" ref="1333161036" role=""/>
    <member type="way" ref="1207232809" role=""/>
    <tag k="air_conditioning" v="yes"/>
    <tag k="bicycle" v="yes"/>
    <tag k="blind" v="limited"/>
    <tag k="bus_class:length" v="4"/>
    <tag k="charge:all-in-one" v="90 RUB"/>
    <tag k="charge:cards" v="83 RUB"/>
    <tag k="charge:sbp" v="83 RUB"/>
    <tag k="charge:troika" v="75 RUB"/>
    <tag k="charge:troika_qr" v="75 RUB"/>
    <tag k="check_date" v="2026-05-31"/>
    <tag k="colour" v="#c2e6ff"/>
    <tag k="deaf" v="yes"/>
    <tag k="description" v="Маршрут обслуживается электробусами"/>
    <tag k="electric_bus" v="yes"/>
    <tag k="electric_bus:type" v="OC"/>
    <tag k="fee" v="yes"/>
    <tag k="fine:ticketless" v="5000 RUB"/>
    <tag k="from" v="Промышленная улица"/>
    <tag k="name" v="Автобус 906: Промышленная улица =&gt; МЦД Остафьево"/>
    <tag k="network" v="Московский транспорт"/>
    <tag k="operator" v="ГУП «Мосгортранс»"/>
    <tag k="payment:cards" v="yes"/>
    <tag k="payment:cash" v="no"/>
    <tag k="payment:contactless" v="yes"/>
    <tag k="payment:maestro" v="no"/>
    <tag k="payment:mastercard" v="no"/>
    <tag k="payment:mir" v="yes"/>
    <tag k="payment:nfc" v="yes"/>
    <tag k="payment:podorozhnik" v="no"/>
    <tag k="payment:sbp" v="yes"/>
    <tag k="payment:social_cards" v="yes"/>
    <tag k="payment:strelka" v="no"/>
    <tag k="payment:troika" v="yes"/>
    <tag k="payment:visa" v="no"/>
    <tag k="public_transport:version" v="2"/>
    <tag k="ref" v="906"/>
    <tag k="route" v="bus"/>
    <tag k="source" v="Реестр маршрутов города Москвы"/>
    <tag k="source:description" v="https://mosgortrans.ru/electrobus/map/"/>
    <tag k="to" v="МЦД Остафьево"/>
    <tag k="type" v="route"/>
    <tag k="website" v="https://transport.mos.ru/transport/schedule/route/141508789"/>
    <tag k="wheelchair" v="yes"/>
  </relation>
  <relation id="16319763" version="23" timestamp="2026-06-22T11:11:44Z" changeset="184427141" uid="23926472" user="Максим Баранаускас">
    <member type="node" ref="10782700798" role="stop_entry_only"/>
    <member type="node" ref="7258281786" role="platform_entry_only"/>
    <member type="node" ref="11186281990" role="stop"/>
    <member type="node" ref="11186281991" role="platform"/>
    <member type="node" ref="11186281992" role="stop"/>
    <member type="node" ref="11184541067" role="platform"/>
    <member type="node" ref="11186281998" role="stop"/>
    <member type="node" ref="11184541065" role="platform"/>
    <member type="node" ref="11186282006" role="stop"/>
    <member type="node" ref="11184541074" role="platform"/>
    <member type="node" ref="11186282009" role="stop"/>
    <member type="node" ref="11184541069" role="platform"/>
    <member type="node" ref="11186282010" role="stop"/>
    <member type="node" ref="11186282013" role="platform"/>
    <member type="node" ref="11186282023" role="stop"/>
    <member type="node" ref="11186282026" role="platform"/>
    <member type="node" ref="11186282027" role="stop"/>
    <member type="node" ref="11186282030" role="platform"/>
    <member type="node" ref="11186282037" role="stop"/>
    <member type="node" ref="11186282040" role="platform"/>
    <member type="node" ref="11186282043" role="stop"/>
    <member type="node" ref="11186282044" role="platform"/>
    <member type="node" ref="11186282045" role="stop"/>
    <member type="node" ref="11186282048" role="platform"/>
    <member type="node" ref="11186282065" role="stop"/>
    <member type="node" ref="8294200589" role="platform"/>
    <member type="node" ref="11186282067" role="stop"/>
    <member type="node" ref="11184541078" role="platform"/>
    <member type="node" ref="11186282071" role="stop"/>
    <member type="node" ref="8294200587" role="platform"/>
    <member type="node" ref="11186282072" role="stop"/>
    <member type="node" ref="11186282075" role="platform"/>
    <member type="node" ref="11186282086" role="stop"/>
    <member type="node" ref="11186282087" role="platform"/>
    <member type="node" ref="11186282105" role="stop"/>
    <member type="node" ref="11186282106" role="platform"/>
    <member type="node" ref="11186282117" role="stop"/>
    <member type="node" ref="8294200586" role="platform"/>
    <member type="node" ref="11186282118" role="stop"/>
    <member type="node" ref="8291855063" role="platform"/>
    <member type="node" ref="11186282120" role="stop"/>
    <member type="node" ref="11186282121" role="platform"/>
    <member type="node" ref="11186282127" role="stop"/>
    <member type="node" ref="11186282128" role="platform"/>
    <member type="node" ref="10814900261" role="stop"/>
    <member type="node" ref="8294196560" role="platform"/>
    <member type="node" ref="10814900263" role="stop"/>
    <member type="node" ref="8291847594" role="platform"/>
    <member type="node" ref="10814900245" role="stop"/>
    <member type="node" ref="8291855047" role="platform"/>
    <member type="node" ref="10814900244" role="stop"/>
    <member type="node" ref="8294196600" role="platform"/>
    <member type="node" ref="10814900242" role="stop"/>
    <member type="node" ref="8294200434" role="platform"/>
    <member type="node" ref="10809818210" role="stop"/>
    <member type="node" ref="8294200439" role="platform"/>
    <member type="node" ref="10820524645" role="stop"/>
    <member type="node" ref="10820524649" role="platform"/>
    <member type="node" ref="10820524643" role="stop"/>
    <member type="node" ref="10820524647" role="platform"/>
    <member type="node" ref="10808021258" role="stop"/>
    <member type="node" ref="837545868" role="platform"/>
    <member type="node" ref="10808021262" role="stop"/>
    <member type="node" ref="605056373" role="platform"/>
    <member type="node" ref="10808021260" role="stop"/>
    <member type="node" ref="2471258812" role="platform"/>
    <member type="node" ref="10808021256" role="stop"/>
    <member type="node" ref="844617495" role="platform"/>
    <member type="node" ref="10808021254" role="stop"/>
    <member type="node" ref="844617500" role="platform"/>
    <member type="node" ref="10809810073" role="stop"/>
    <member type="node" ref="544085554" role="platform"/>
    <member type="node" ref="10809810075" role="stop"/>
    <member type="node" ref="10809810077" role="platform"/>
    <member type="node" ref="10809810082" role="stop"/>
    <member type="node" ref="10809810083" role="platform"/>
    <member type="node" ref="10809810084" role="stop"/>
    <member type="node" ref="544079505" role="platform"/>
    <member type="node" ref="10809810087" role="stop"/>
    <member type="node" ref="544075107" role="platform"/>
    <member type="node" ref="10809810088" role="stop"/>
    <member type="node" ref="518639902" role="platform"/>
    <member type="node" ref="10809810091" role="stop"/>
    <member type="node" ref="538158973" role="platform"/>
    <member type="node" ref="10809810092" role="stop"/>
    <member type="node" ref="10809810094" role="platform"/>
    <member type="node" ref="12691369654" role="stop"/>
    <member type="node" ref="12691369655" role="platform"/>
    <member type="node" ref="12691369657" role="stop"/>
    <member type="node" ref="12691369658" role="platform"/>
    <member type="node" ref="12691369663" role="stop"/>
    <member type="node" ref="12691369664" role="platform"/>
    <member type="node" ref="10822641676" role="stop"/>
    <member type="node" ref="10822641677" role="platform"/>
    <member type="node" ref="10822641647" role="stop_exit_only"/>
    <member type="node" ref="10822641649" role="platform_exit_only"/>
    <member type="way" ref="1159498275" role=""/>
    <member type="way" ref="1159498276" role=""/>
    <member type="way" ref="1207232805" role=""/>
    <member type="way" ref="1008644054" role=""/>
    <member type="way" ref="892105670" role=""/>
    <member type="way" ref="1207232802" role=""/>
    <member type="way" ref="892105668" role=""/>
    <member type="way" ref="800089016" role=""/>
    <member type="way" ref="892105684" role=""/>
    <member type="way" ref="1291887514" role=""/>
    <member type="way" ref="1197020042" role=""/>
    <member type="way" ref="892392848" role=""/>
    <member type="way" ref="852996187" role=""/>
    <member type="way" ref="739157415" role=""/>
    <member type="way" ref="1522718404" role=""/>
    <member type="way" ref="936775138" role=""/>
    <member type="way" ref="936775137" role=""/>
    <member type="way" ref="936775148" role=""/>
    <member type="way" ref="936775147" role=""/>
    <member type="way" ref="629959827" role=""/>
    <member type="way" ref="1530566708" role=""/>
    <member type="way" ref="1530566707" role=""/>
    <member type="way" ref="1207207248" role=""/>
    <member type="way" ref="1163492869" role=""/>
    <member type="way" ref="1207207141" role=""/>
    <member type="way" ref="1085615622" role=""/>
    <member type="way" ref="1207207245" role=""/>
    <member type="way" ref="1163744342" role=""/>
    <member type="way" ref="1163492871" role=""/>
    <member type="way" ref="1083159699" role=""/>
    <member type="way" ref="1207207141" role=""/>
    <member type="way" ref="1163492869" role=""/>
    <member type="way" ref="1207207250" role=""/>
    <member type="way" ref="1163495671" role=""/>
    <member type="way" ref="1207207249" role=""/>
    <member type="way" ref="1163495675" role=""/>
    <member type="way" ref="722151465" role=""/>
    <member type="way" ref="612908902" role=""/>
    <member type="way" ref="1092803963" role=""/>
    <member type="way" ref="48416388" role=""/>
    <member type="way" ref="610285455" role=""/>
    <member type="way" ref="47521028" role=""/>
    <member type="way" ref="610285453" role=""/>
    <member type="way" ref="968744060" role=""/>
    <member type="way" ref="40421173" role=""/>
    <member type="way" ref="1163497944" role=""/>
    <member type="way" ref="502708480" role=""/>
    <member type="way" ref="27950684" role=""/>
    <member type="way" ref="1207244996" role=""/>
    <member type="way" ref="1167451621" role=""/>
    <member type="way" ref="1370365062" role=""/>
    <member type="way" ref="1087036952" role=""/>
    <member type="way" ref="1370365065" role=""/>
    <member type="way" ref="1370365064" role=""/>
    <member type="way" ref="1207244997" role=""/>
    <member type="way" ref="47704414" role=""/>
    <member type="way" ref="27950717" role=""/>
    <member type="way" ref="83524117" role=""/>
    <member type="way" ref="27950594" role=""/>
    <member type="way" ref="49055871" role=""/>
    <member type="way" ref="1353174966" role=""/>
    <member type="way" ref="49055872" role=""/>
    <member type="way" ref="48491564" role=""/>
    <member type="way" ref="1353193818" role=""/>
    <member type="way" ref="1476961979" role=""/>
    <member type="way" ref="1476961906" role=""/>
    <member type="way" ref="1476961800" role=""/>
    <member type="way" ref="1476961843" role=""/>
    <member type="way" ref="1476961725" role=""/>
    <member type="way" ref="1476960932" role=""/>
    <member type="way" ref="1353193817" role=""/>
    <member type="way" ref="49055865" role=""/>
    <member type="way" ref="47521029" role=""/>
    <member type="way" ref="671916959" role=""/>
    <member type="way" ref="1353174958" role=""/>
    <member type="way" ref="1163613387" role=""/>
    <member type="way" ref="240751492" role=""/>
    <member type="way" ref="39621964" role=""/>
    <member type="way" ref="1531389340" role=""/>
    <member type="way" ref="1531389338" role=""/>
    <member type="way" ref="959900070" role=""/>
    <member type="way" ref="1524901944" role=""/>
    <member type="way" ref="1524901949" role=""/>
    <member type="way" ref="1524901937" role=""/>
    <member type="way" ref="1524901943" role=""/>
    <member type="way" ref="1357136493" role=""/>
    <member type="way" ref="1524901946" role=""/>
    <member type="way" ref="1524901940" role=""/>
    <member type="way" ref="1524901958" role=""/>
    <member type="way" ref="1524901954" role=""/>
    <member type="way" ref="1357136491" role=""/>
    <member type="way" ref="46033579" role=""/>
    <member type="way" ref="46033580" role=""/>
    <member type="way" ref="46033581" role=""/>
    <member type="way" ref="46033582" role=""/>
    <tag k="air_conditioning" v="yes"/>
    <tag k="bicycle" v="yes"/>
    <tag k="blind" v="limited"/>
    <tag k="bus_class:length" v="4"/>
    <tag k="charge:all-in-one" v="90 RUB"/>
    <tag k="charge:cards" v="83 RUB"/>
    <tag k="charge:sbp" v="83 RUB"/>
    <tag k="charge:troika" v="75 RUB"/>
    <tag k="charge:troika_qr" v="75 RUB"/>
    <tag k="check_date" v="2026-05-31"/>
    <tag k="colour" v="#c2e6ff"/>
    <tag k="deaf" v="yes"/>
    <tag k="description" v="Маршрут обслуживается электробусами"/>
    <tag k="electric_bus" v="yes"/>
    <tag k="electric_bus:type" v="OC"/>
    <tag k="fee" v="yes"/>
    <tag k="fine:ticketless" v="5000 RUB"/>
    <tag k="from" v="МЦД Остафьево"/>
    <tag k="name" v="Автобус 906: МЦД Остафьево =&gt; Промышленная улица"/>
    <tag k="network" v="Московский транспорт"/>
    <tag k="operator" v="ГУП «Мосгортранс»"/>
    <tag k="payment:cards" v="yes"/>
    <tag k="payment:cash" v="no"/>
    <tag k="payment:contactless" v="yes"/>
    <tag k="payment:maestro" v="no"/>
    <tag k="payment:mastercard" v="no"/>
    <tag k="payment:mir" v="yes"/>
    <tag k="payment:nfc" v="yes"/>
    <tag k="payment:podorozhnik" v="no"/>
    <tag k="payment:sbp" v="yes"/>
    <tag k="payment:social_cards" v="yes"/>
    <tag k="payment:strelka" v="no"/>
    <tag k="payment:troika" v="yes"/>
    <tag k="payment:visa" v="no"/>
    <tag k="public_transport:version" v="2"/>
    <tag k="ref" v="906"/>
    <tag k="route" v="bus"/>
    <tag k="source" v="Реестр маршрутов города Москвы"/>
    <tag k="source:description" v="https://mosgortrans.ru/electrobus/map/"/>
    <tag k="to" v="Промышленная улица"/>
    <tag k="type" v="route"/>
    <tag k="website" v="https://transport.mos.ru/transport/schedule/route/141508789"/>
    <tag k="wheelchair" v="yes"/>
  </relation>
  <relation id="18510795" version="1" timestamp="2025-01-06T15:12:23Z" changeset="161062363" uid="11926915" user="OrAgi">
    <member type="way" ref="784316520" role="outer"/>
    <member type="way" ref="1349011760" role="outer"/>
    <member type="node" ref="7326635971" role="label"/>
    <tag k="addr:city" v="Троицк"/>
    <tag k="name" v="микрорайон В"/>
    <tag k="place" v="quarter"/>
    <tag k="type" v="multipolygon"/>
  </relation>
  <relation id="19885241" version="13" timestamp="2026-06-22T11:11:44Z" changeset="184427141" uid="23926472" user="Максим Баранаускас">
    <member type="node" ref="9498015446" role="stop_entry_only"/>
    <member type="node" ref="843317877" role="platform_entry_only"/>
    <member type="node" ref="10811238581" role="stop"/>
    <member type="node" ref="1489904494" role="platform"/>
    <member type="node" ref="12691369645" role="stop"/>
    <member type="node" ref="12691369648" role="platform"/>
    <member type="node" ref="12691369649" role="stop"/>
    <member type="node" ref="12691369650" role="platform"/>
    <member type="node" ref="12691369641" role="stop"/>
    <member type="node" ref="12691369642" role="platform"/>
    <member type="node" ref="10822641676" role="stop"/>
    <member type="node" ref="10822641677" role="platform"/>
    <member type="node" ref="10822641647" role="stop"/>
    <member type="node" ref="10822641649" role="platform"/>
    <member type="node" ref="10822641646" role="stop"/>
    <member type="node" ref="10822641648" role="platform"/>
    <member type="node" ref="10822641675" role="stop"/>
    <member type="node" ref="10822641678" role="platform"/>
    <member type="node" ref="12691369661" role="stop"/>
    <member type="node" ref="12691369662" role="platform"/>
    <member type="node" ref="12691369659" role="stop"/>
    <member type="node" ref="12691369660" role="platform"/>
    <member type="node" ref="12691369653" role="stop"/>
    <member type="node" ref="12691369656" role="platform"/>
    <member type="node" ref="10809810093" role="stop"/>
    <member type="node" ref="10809810095" role="platform"/>
    <member type="node" ref="10809810090" role="stop"/>
    <member type="node" ref="538158972" role="platform"/>
    <member type="node" ref="10809810089" role="stop"/>
    <member type="node" ref="518639905" role="platform"/>
    <member type="node" ref="10809810086" role="stop"/>
    <member type="node" ref="544075376" role="platform"/>
    <member type="node" ref="10809810085" role="stop"/>
    <member type="node" ref="538159077" role="platform"/>
    <member type="node" ref="10809810076" role="stop"/>
    <member type="node" ref="10809810081" role="platform"/>
    <member type="node" ref="10809810074" role="stop"/>
    <member type="node" ref="5745017421" role="platform"/>
    <member type="node" ref="10808021255" role="stop"/>
    <member type="node" ref="844617499" role="platform"/>
    <member type="node" ref="10808021259" role="stop"/>
    <member type="node" ref="2471258811" role="platform"/>
    <member type="node" ref="10808021261" role="stop"/>
    <member type="node" ref="605056368" role="platform"/>
    <member type="node" ref="10808021257" role="stop"/>
    <member type="node" ref="837545893" role="platform"/>
    <member type="node" ref="10820524642" role="stop"/>
    <member type="node" ref="10820524646" role="platform"/>
    <member type="node" ref="10820524644" role="stop"/>
    <member type="node" ref="10820524648" role="platform"/>
    <member type="node" ref="10809818211" role="stop"/>
    <member type="node" ref="8294200463" role="platform"/>
    <member type="node" ref="10814900241" role="stop"/>
    <member type="node" ref="8294200435" role="platform"/>
    <member type="node" ref="10814900243" role="stop"/>
    <member type="node" ref="8294196601" role="platform"/>
    <member type="node" ref="10814900246" role="stop"/>
    <member type="node" ref="8294196596" role="platform"/>
    <member type="node" ref="10814900262" role="stop"/>
    <member type="node" ref="8294196561" role="platform"/>
    <member type="node" ref="11186282125" role="stop"/>
    <member type="node" ref="11186282126" role="platform"/>
    <member type="node" ref="8680087496" role="stop"/>
    <member type="node" ref="11186282124" role="platform"/>
    <member type="node" ref="11186282122" role="stop"/>
    <member type="node" ref="11186282123" role="platform"/>
    <member type="node" ref="11186282119" role="stop"/>
    <member type="node" ref="8294200584" role="platform"/>
    <member type="node" ref="11186282116" role="stop"/>
    <member type="node" ref="8294200585" role="platform"/>
    <member type="node" ref="11186282104" role="stop"/>
    <member type="node" ref="11186282115" role="platform"/>
    <member type="node" ref="11186282085" role="stop"/>
    <member type="node" ref="11186282088" role="platform"/>
    <member type="node" ref="11186282074" role="stop"/>
    <member type="node" ref="11186282076" role="platform"/>
    <member type="node" ref="11186282069" role="stop"/>
    <member type="node" ref="11186282070" role="platform"/>
    <member type="node" ref="11186282068" role="stop"/>
    <member type="node" ref="11184541079" role="platform"/>
    <member type="node" ref="11186282066" role="stop"/>
    <member type="node" ref="8294200590" role="platform"/>
    <member type="node" ref="11186282046" role="stop"/>
    <member type="node" ref="11186282047" role="platform"/>
    <member type="node" ref="11186282041" role="stop"/>
    <member type="node" ref="11186282042" role="platform"/>
    <member type="node" ref="11186282038" role="stop"/>
    <member type="node" ref="11186282039" role="platform"/>
    <member type="node" ref="11186282028" role="stop"/>
    <member type="node" ref="11186282029" role="platform"/>
    <member type="node" ref="11186282024" role="stop"/>
    <member type="node" ref="11186282025" role="platform"/>
    <member type="node" ref="11186282011" role="stop"/>
    <member type="node" ref="11186282012" role="platform"/>
    <member type="node" ref="11186282008" role="stop"/>
    <member type="node" ref="11184541068" role="platform"/>
    <member type="node" ref="11186282007" role="stop"/>
    <member type="node" ref="11184541075" role="platform"/>
    <member type="node" ref="11186281997" role="stop"/>
    <member type="node" ref="11184541064" role="platform"/>
    <member type="node" ref="11186281993" role="stop"/>
    <member type="node" ref="11184541066" role="platform"/>
    <member type="node" ref="11048209088" role="stop_exit_only"/>
    <member type="node" ref="11048209087" role="platform_exit_only"/>
    <member type="way" ref="1163006765" role=""/>
    <member type="way" ref="541951526" role=""/>
    <member type="way" ref="541951527" role=""/>
    <member type="way" ref="541951528" role=""/>
    <member type="way" ref="546090880" role=""/>
    <member type="way" ref="610266979" role=""/>
    <member type="way" ref="606822805" role=""/>
    <member type="way" ref="1163697156" role=""/>
    <member type="way" ref="679428914" role=""/>
    <member type="way" ref="1163697157" role=""/>
    <member type="way" ref="1163697163" role=""/>
    <member type="way" ref="1370365061" role=""/>
    <member type="way" ref="1163697182" role=""/>
    <member type="way" ref="1163697115" role=""/>
    <member type="way" ref="1163697177" role=""/>
    <member type="way" ref="46033579" role=""/>
    <member type="way" ref="46033580" role=""/>
    <member type="way" ref="46033581" role=""/>
    <member type="way" ref="46033582" role=""/>
    <member type="way" ref="46033582" role=""/>
    <member type="way" ref="46033581" role=""/>
    <member type="way" ref="46033580" role=""/>
    <member type="way" ref="46033579" role=""/>
    <member type="way" ref="1357136491" role=""/>
    <member type="way" ref="1524901955" role=""/>
    <member type="way" ref="1357136492" role=""/>
    <member type="way" ref="1524901953" role=""/>
    <member type="way" ref="1524901946" role=""/>
    <member type="way" ref="1524901951" role=""/>
    <member type="way" ref="1524901942" role=""/>
    <member type="way" ref="959896930" role=""/>
    <member type="way" ref="1531389338" role=""/>
    <member type="way" ref="1531389340" role=""/>
    <member type="way" ref="39621964" role=""/>
    <member type="way" ref="240751492" role=""/>
    <member type="way" ref="27950207" role=""/>
    <member type="way" ref="1353174960" role=""/>
    <member type="way" ref="1353174961" role=""/>
    <member type="way" ref="1353174962" role=""/>
    <member type="way" ref="1353174963" role=""/>
    <member type="way" ref="1353174964" role=""/>
    <member type="way" ref="1163613390" role=""/>
    <member type="way" ref="47521029" role=""/>
    <member type="way" ref="49055865" role=""/>
    <member type="way" ref="1353193817" role=""/>
    <member type="way" ref="1476960932" role=""/>
    <member type="way" ref="1476961725" role=""/>
    <member type="way" ref="1476961843" role=""/>
    <member type="way" ref="1476961800" role=""/>
    <member type="way" ref="1476961906" role=""/>
    <member type="way" ref="1476961979" role=""/>
    <member type="way" ref="1353193818" role=""/>
    <member type="way" ref="48491564" role=""/>
    <member type="way" ref="49055872" role=""/>
    <member type="way" ref="1353174966" role=""/>
    <member type="way" ref="49055871" role=""/>
    <member type="way" ref="27950594" role=""/>
    <member type="way" ref="83524117" role=""/>
    <member type="way" ref="27950717" role=""/>
    <member type="way" ref="47704414" role=""/>
    <member type="way" ref="376583323" role=""/>
    <member type="way" ref="1207244996" role=""/>
    <member type="way" ref="27950684" role=""/>
    <member type="way" ref="502708480" role=""/>
    <member type="way" ref="1163497944" role=""/>
    <member type="way" ref="40421173" role=""/>
    <member type="way" ref="968744060" role=""/>
    <member type="way" ref="610285453" role=""/>
    <member type="way" ref="47521028" role=""/>
    <member type="way" ref="610285455" role=""/>
    <member type="way" ref="48416388" role=""/>
    <member type="way" ref="1092803963" role=""/>
    <member type="way" ref="612908902" role=""/>
    <member type="way" ref="722151465" role=""/>
    <member type="way" ref="1163495673" role=""/>
    <member type="way" ref="1163495674" role=""/>
    <member type="way" ref="1207207251" role=""/>
    <member type="way" ref="1163495669" role=""/>
    <member type="way" ref="1163492869" role=""/>
    <member type="way" ref="1207207141" role=""/>
    <member type="way" ref="1083159699" role=""/>
    <member type="way" ref="1163492873" role=""/>
    <member type="way" ref="1163492870" role=""/>
    <member type="way" ref="1163492872" role=""/>
    <member type="way" ref="1207207245" role=""/>
    <member type="way" ref="1085615622" role=""/>
    <member type="way" ref="1207207141" role=""/>
    <member type="way" ref="1163492869" role=""/>
    <member type="way" ref="1163495669" role=""/>
    <member type="way" ref="968922020" role=""/>
    <member type="way" ref="1530552201" role=""/>
    <member type="way" ref="1530552202" role=""/>
    <member type="way" ref="1530566705" role=""/>
    <member type="way" ref="892392882" role=""/>
    <member type="way" ref="1530566709" role=""/>
    <member type="way" ref="722151464" role=""/>
    <member type="way" ref="936775139" role=""/>
    <member type="way" ref="936775140" role=""/>
    <member type="way" ref="936775092" role=""/>
    <member type="way" ref="739157414" role=""/>
    <member type="way" ref="892106723" role=""/>
    <member type="way" ref="1207232810" role=""/>
    <member type="way" ref="892392849" role=""/>
    <member type="way" ref="1197020043" role=""/>
    <member type="way" ref="1291887515" role=""/>
    <member type="way" ref="892392847" role=""/>
    <member type="way" ref="799310144" role=""/>
    <member type="way" ref="1207028078" role=""/>
    <member type="way" ref="1197020044" role=""/>
    <member type="way" ref="1333161036" role=""/>
    <member type="way" ref="1207232809" role=""/>
    <tag k="air_conditioning" v="yes"/>
    <tag k="bicycle" v="yes"/>
    <tag k="blind" v="limited"/>
    <tag k="bus_class:length" v="4"/>
    <tag k="charge:all-in-one" v="90 RUB"/>
    <tag k="charge:cards" v="83 RUB"/>
    <tag k="charge:sbp" v="83 RUB"/>
    <tag k="charge:troika" v="75 RUB"/>
    <tag k="charge:troika_qr" v="75 RUB"/>
    <tag k="check_date" v="2026-05-31"/>
    <tag k="colour" v="#c2e6ff"/>
    <tag k="deaf" v="yes"/>
    <tag k="description" v="Маршрут обслуживается электробусами"/>
    <tag k="electric_bus" v="yes"/>
    <tag k="electric_bus:type" v="OC"/>
    <tag k="fee" v="yes"/>
    <tag k="fine:ticketless" v="5000 RUB"/>
    <tag k="from" v="Красная Пахра"/>
    <tag k="name" v="Автобус 906а: Красная Пахра =&gt; МЦД Остафьево"/>
    <tag k="network" v="Московский транспорт"/>
    <tag k="operator" v="ГУП «Мосгортранс»"/>
    <tag k="payment:cards" v="yes"/>
    <tag k="payment:cash" v="no"/>
    <tag k="payment:contactless" v="yes"/>
    <tag k="payment:maestro" v="no"/>
    <tag k="payment:mastercard" v="no"/>
    <tag k="payment:mir" v="yes"/>
    <tag k="payment:nfc" v="yes"/>
    <tag k="payment:podorozhnik" v="no"/>
    <tag k="payment:sbp" v="yes"/>
    <tag k="payment:social_cards" v="yes"/>
    <tag k="payment:strelka" v="no"/>
    <tag k="payment:troika" v="yes"/>
    <tag k="payment:visa" v="no"/>
    <tag k="public_transport:version" v="2"/>
    <tag k="ref" v="906а"/>
    <tag k="route" v="bus"/>
    <tag k="source" v="Реестр маршрутов города Москвы"/>
    <tag k="source:description" v="https://mosgortrans.ru/electrobus/map/"/>
    <tag k="to" v="МЦД Остафьево"/>
    <tag k="type" v="route"/>
    <tag k="website" v="https://transport.mos.ru/transport/schedule/route/141509556"/>
    <tag k="wheelchair" v="yes"/>
  </relation>
  <relation id="19885242" version="14" timestamp="2026-06-22T11:11:44Z" changeset="184427141" uid="23926472" user="Максим Баранаускас">
    <member type="node" ref="10782700798" role="stop_entry_only"/>
    <member type="node" ref="7258281786" role="platform_entry_only"/>
    <member type="node" ref="11186281990" role="stop"/>
    <member type="node" ref="11186281991" role="platform"/>
    <member type="node" ref="11186281992" role="stop"/>
    <member type="node" ref="11184541067" role="platform"/>
    <member type="node" ref="11186281998" role="stop"/>
    <member type="node" ref="11184541065" role="platform"/>
    <member type="node" ref="11186282006" role="stop"/>
    <member type="node" ref="11184541074" role="platform"/>
    <member type="node" ref="11186282009" role="stop"/>
    <member type="node" ref="11184541069" role="platform"/>
    <member type="node" ref="11186282010" role="stop"/>
    <member type="node" ref="11186282013" role="platform"/>
    <member type="node" ref="11186282023" role="stop"/>
    <member type="node" ref="11186282026" role="platform"/>
    <member type="node" ref="11186282027" role="stop"/>
    <member type="node" ref="11186282030" role="platform"/>
    <member type="node" ref="11186282037" role="stop"/>
    <member type="node" ref="11186282040" role="platform"/>
    <member type="node" ref="11186282043" role="stop"/>
    <member type="node" ref="11186282044" role="platform"/>
    <member type="node" ref="11186282045" role="stop"/>
    <member type="node" ref="11186282048" role="platform"/>
    <member type="node" ref="11186282065" role="stop"/>
    <member type="node" ref="8294200589" role="platform"/>
    <member type="node" ref="11186282067" role="stop"/>
    <member type="node" ref="11184541078" role="platform"/>
    <member type="node" ref="11186282071" role="stop"/>
    <member type="node" ref="8294200587" role="platform"/>
    <member type="node" ref="11186282072" role="stop"/>
    <member type="node" ref="11186282075" role="platform"/>
    <member type="node" ref="11186282086" role="stop"/>
    <member type="node" ref="11186282087" role="platform"/>
    <member type="node" ref="11186282105" role="stop"/>
    <member type="node" ref="11186282106" role="platform"/>
    <member type="node" ref="11186282117" role="stop"/>
    <member type="node" ref="8294200586" role="platform"/>
    <member type="node" ref="11186282118" role="stop"/>
    <member type="node" ref="8291855063" role="platform"/>
    <member type="node" ref="11186282120" role="stop"/>
    <member type="node" ref="11186282121" role="platform"/>
    <member type="node" ref="11186282127" role="stop"/>
    <member type="node" ref="11186282128" role="platform"/>
    <member type="node" ref="10814900261" role="stop"/>
    <member type="node" ref="8294196560" role="platform"/>
    <member type="node" ref="10814900263" role="stop"/>
    <member type="node" ref="8291847594" role="platform"/>
    <member type="node" ref="10814900245" role="stop"/>
    <member type="node" ref="8291855047" role="platform"/>
    <member type="node" ref="10814900244" role="stop"/>
    <member type="node" ref="8294196600" role="platform"/>
    <member type="node" ref="10814900242" role="stop"/>
    <member type="node" ref="8294200434" role="platform"/>
    <member type="node" ref="10809818210" role="stop"/>
    <member type="node" ref="8294200439" role="platform"/>
    <member type="node" ref="10820524645" role="stop"/>
    <member type="node" ref="10820524649" role="platform"/>
    <member type="node" ref="10820524643" role="stop"/>
    <member type="node" ref="10820524647" role="platform"/>
    <member type="node" ref="10808021258" role="stop"/>
    <member type="node" ref="837545868" role="platform"/>
    <member type="node" ref="10808021262" role="stop"/>
    <member type="node" ref="605056373" role="platform"/>
    <member type="node" ref="10808021260" role="stop"/>
    <member type="node" ref="2471258812" role="platform"/>
    <member type="node" ref="10808021256" role="stop"/>
    <member type="node" ref="844617495" role="platform"/>
    <member type="node" ref="10808021254" role="stop"/>
    <member type="node" ref="844617500" role="platform"/>
    <member type="node" ref="10809810073" role="stop"/>
    <member type="node" ref="544085554" role="platform"/>
    <member type="node" ref="10809810075" role="stop"/>
    <member type="node" ref="10809810077" role="platform"/>
    <member type="node" ref="10809810082" role="stop"/>
    <member type="node" ref="10809810083" role="platform"/>
    <member type="node" ref="10809810084" role="stop"/>
    <member type="node" ref="544079505" role="platform"/>
    <member type="node" ref="10809810087" role="stop"/>
    <member type="node" ref="544075107" role="platform"/>
    <member type="node" ref="10809810088" role="stop"/>
    <member type="node" ref="518639902" role="platform"/>
    <member type="node" ref="10809810091" role="stop"/>
    <member type="node" ref="538158973" role="platform"/>
    <member type="node" ref="10809810092" role="stop"/>
    <member type="node" ref="10809810094" role="platform"/>
    <member type="node" ref="12691369654" role="stop"/>
    <member type="node" ref="12691369655" role="platform"/>
    <member type="node" ref="12691369657" role="stop"/>
    <member type="node" ref="12691369658" role="platform"/>
    <member type="node" ref="12691369663" role="stop"/>
    <member type="node" ref="12691369664" role="platform"/>
    <member type="node" ref="10822641676" role="stop"/>
    <member type="node" ref="10822641677" role="platform"/>
    <member type="node" ref="10822641647" role="stop"/>
    <member type="node" ref="10822641649" role="platform"/>
    <member type="node" ref="10822641646" role="stop"/>
    <member type="node" ref="10822641648" role="platform"/>
    <member type="node" ref="10822641675" role="stop"/>
    <member type="node" ref="10822641678" role="platform"/>
    <member type="node" ref="12691369643" role="stop"/>
    <member type="node" ref="12691369644" role="platform"/>
    <member type="node" ref="12691369651" role="stop"/>
    <member type="node" ref="12691369652" role="platform"/>
    <member type="node" ref="12691369646" role="stop"/>
    <member type="node" ref="12691369647" role="platform"/>
    <member type="node" ref="10811238582" role="stop"/>
    <member type="node" ref="1489904495" role="platform"/>
    <member type="node" ref="10811238577" role="stop_exit_only"/>
    <member type="node" ref="844617907" role="platform_exit_only"/>
    <member type="way" ref="1159498275" role=""/>
    <member type="way" ref="1159498276" role=""/>
    <member type="way" ref="1207232805" role=""/>
    <member type="way" ref="1008644054" role=""/>
    <member type="way" ref="892105670" role=""/>
    <member type="way" ref="1207232802" role=""/>
    <member type="way" ref="892105668" role=""/>
    <member type="way" ref="800089016" role=""/>
    <member type="way" ref="892105684" role=""/>
    <member type="way" ref="1291887514" role=""/>
    <member type="way" ref="1197020042" role=""/>
    <member type="way" ref="892392848" role=""/>
    <member type="way" ref="852996187" role=""/>
    <member type="way" ref="739157415" role=""/>
    <member type="way" ref="1522718404" role=""/>
    <member type="way" ref="936775138" role=""/>
    <member type="way" ref="936775137" role=""/>
    <member type="way" ref="936775148" role=""/>
    <member type="way" ref="936775147" role=""/>
    <member type="way" ref="629959827" role=""/>
    <member type="way" ref="1530566708" role=""/>
    <member type="way" ref="1530566707" role=""/>
    <member type="way" ref="1207207248" role=""/>
    <member type="way" ref="1163492869" role=""/>
    <member type="way" ref="1207207141" role=""/>
    <member type="way" ref="1085615622" role=""/>
    <member type="way" ref="1207207245" role=""/>
    <member type="way" ref="1163744342" role=""/>
    <member type="way" ref="1163492871" role=""/>
    <member type="way" ref="1083159699" role=""/>
    <member type="way" ref="1207207141" role=""/>
    <member type="way" ref="1163492869" role=""/>
    <member type="way" ref="1207207250" role=""/>
    <member type="way" ref="1163495671" role=""/>
    <member type="way" ref="1207207249" role=""/>
    <member type="way" ref="1163495675" role=""/>
    <member type="way" ref="722151465" role=""/>
    <member type="way" ref="612908902" role=""/>
    <member type="way" ref="1092803963" role=""/>
    <member type="way" ref="48416388" role=""/>
    <member type="way" ref="610285455" role=""/>
    <member type="way" ref="47521028" role=""/>
    <member type="way" ref="610285453" role=""/>
    <member type="way" ref="968744060" role=""/>
    <member type="way" ref="40421173" role=""/>
    <member type="way" ref="1163497944" role=""/>
    <member type="way" ref="502708480" role=""/>
    <member type="way" ref="27950684" role=""/>
    <member type="way" ref="1207244996" role=""/>
    <member type="way" ref="1167451621" role=""/>
    <member type="way" ref="1370365062" role=""/>
    <member type="way" ref="1087036952" role=""/>
    <member type="way" ref="1370365065" role=""/>
    <member type="way" ref="1370365064" role=""/>
    <member type="way" ref="1207244997" role=""/>
    <member type="way" ref="47704414" role=""/>
    <member type="way" ref="27950717" role=""/>
    <member type="way" ref="83524117" role=""/>
    <member type="way" ref="27950594" role=""/>
    <member type="way" ref="49055871" role=""/>
    <member type="way" ref="1353174966" role=""/>
    <member type="way" ref="49055872" role=""/>
    <member type="way" ref="48491564" role=""/>
    <member type="way" ref="1353193818" role=""/>
    <member type="way" ref="1476961979" role=""/>
    <member type="way" ref="1476961906" role=""/>
    <member type="way" ref="1476961800" role=""/>
    <member type="way" ref="1476961843" role=""/>
    <member type="way" ref="1476961725" role=""/>
    <member type="way" ref="1476960932" role=""/>
    <member type="way" ref="1353193817" role=""/>
    <member type="way" ref="49055865" role=""/>
    <member type="way" ref="47521029" role=""/>
    <member type="way" ref="671916959" role=""/>
    <member type="way" ref="1353174958" role=""/>
    <member type="way" ref="1163613387" role=""/>
    <member type="way" ref="240751492" role=""/>
    <member type="way" ref="39621964" role=""/>
    <member type="way" ref="1531389340" role=""/>
    <member type="way" ref="1531389338" role=""/>
    <member type="way" ref="959900070" role=""/>
    <member type="way" ref="1524901944" role=""/>
    <member type="way" ref="1524901949" role=""/>
    <member type="way" ref="1524901937" role=""/>
    <member type="way" ref="1524901943" role=""/>
    <member type="way" ref="1357136493" role=""/>
    <member type="way" ref="1524901946" role=""/>
    <member type="way" ref="1524901940" role=""/>
    <member type="way" ref="1524901958" role=""/>
    <member type="way" ref="1524901954" role=""/>
    <member type="way" ref="1357136491" role=""/>
    <member type="way" ref="46033579" role=""/>
    <member type="way" ref="46033580" role=""/>
    <member type="way" ref="46033581" role=""/>
    <member type="way" ref="46033582" role=""/>
    <member type="way" ref="46033582" role=""/>
    <member type="way" ref="46033581" role=""/>
    <member type="way" ref="46033580" role=""/>
    <member type="way" ref="46033579" role=""/>
    <member type="way" ref="1163697177" role=""/>
    <member type="way" ref="1524901956" role=""/>
    <member type="way" ref="1357136490" role=""/>
    <member type="way" ref="1524901957" role=""/>
    <member type="way" ref="1370365060" role=""/>
    <member type="way" ref="1163697180" role=""/>
    <member type="way" ref="1163697152" role=""/>
    <member type="way" ref="1453782689" role=""/>
    <member type="way" ref="1163697160" role=""/>
    <member type="way" ref="1163697157" role=""/>
    <member type="way" ref="679428914" role=""/>
    <member type="way" ref="1163697156" role=""/>
    <member type="way" ref="606822805" role=""/>
    <member type="way" ref="606822804" role=""/>
    <member type="way" ref="186649805" role=""/>
    <member type="way" ref="122682647" role=""/>
    <member type="way" ref="122682648" role=""/>
    <member type="way" ref="1492740967" role=""/>
    <member type="way" ref="1163006766" role=""/>
    <tag k="air_conditioning" v="yes"/>
    <tag k="bicycle" v="yes"/>
    <tag k="blind" v="limited"/>
    <tag k="bus_class:length" v="4"/>
    <tag k="charge:all-in-one" v="90 RUB"/>
    <tag k="charge:cards" v="83 RUB"/>
    <tag k="charge:sbp" v="83 RUB"/>
    <tag k="charge:troika" v="75 RUB"/>
    <tag k="charge:troika_qr" v="75 RUB"/>
    <tag k="check_date" v="2026-05-31"/>
    <tag k="colour" v="#c2e6ff"/>
    <tag k="deaf" v="yes"/>
    <tag k="description" v="Маршрут обслуживается электробусами"/>
    <tag k="electric_bus" v="yes"/>
    <tag k="electric_bus:type" v="OC"/>
    <tag k="fee" v="yes"/>
    <tag k="fine:ticketless" v="5000 RUB"/>
    <tag k="from" v="МЦД Остафьево"/>
    <tag k="name" v="Автобус 906а: МЦД Остафьево =&gt; Красная Пахра"/>
    <tag k="network" v="Московский транспорт"/>
    <tag k="operator" v="ГУП «Мосгортранс»"/>
    <tag k="payment:cards" v="yes"/>
    <tag k="payment:cash" v="no"/>
    <tag k="payment:contactless" v="yes"/>
    <tag k="payment:maestro" v="no"/>
    <tag k="payment:mastercard" v="no"/>
    <tag k="payment:mir" v="yes"/>
    <tag k="payment:nfc" v="yes"/>
    <tag k="payment:podorozhnik" v="no"/>
    <tag k="payment:sbp" v="yes"/>
    <tag k="payment:social_cards" v="yes"/>
    <tag k="payment:strelka" v="no"/>
    <tag k="payment:troika" v="yes"/>
    <tag k="payment:visa" v="no"/>
    <tag k="public_transport:version" v="2"/>
    <tag k="ref" v="906а"/>
    <tag k="route" v="bus"/>
    <tag k="source" v="Реестр маршрутов города Москвы"/>
    <tag k="source:description" v="https://mosgortrans.ru/electrobus/map/"/>
    <tag k="to" v="Красная Пахра"/>
    <tag k="type" v="route"/>
    <tag k="website" v="https://transport.mos.ru/transport/schedule/route/141509556"/>
    <tag k="wheelchair" v="yes"/>
  </relation>

</osm>
