<?xml version='1.0' encoding='utf-8'?>
<osm version="0.6" generator="crop_osm_to_bbox">
  <bounds minlat="55.73874768882501" minlon="37.569373291100256" maxlat="55.74054431117499" maxlon="37.57256470889974" />
  <node id="1414850702" visible="true" version="3" changeset="89208959" timestamp="2020-08-10T16:42:53Z" user="ks1v" uid="279214" lat="55.7405191" lon="37.5721982" />
  <node id="4795893504" visible="true" version="1" changeset="47826593" timestamp="2017-04-15T22:51:48Z" user="Zverik" uid="290271" lat="55.7384368" lon="37.5757313" />
  <node id="1398729325" visible="true" version="2" changeset="103377308" timestamp="2021-04-22T04:53:20Z" user="Alexey Lukin" uid="485808" lat="55.7634927" lon="37.6604827" />
  <node id="1189903125" visible="true" version="8" changeset="139111843" timestamp="2023-07-28T00:49:39Z" user="Alexey Lukin" uid="485808" lat="55.7285485" lon="37.6135682" />
  <node id="1697928233" visible="true" version="1" changeset="11156352" timestamp="2012-03-30T15:43:05Z" user="AlexeyS" uid="39086" lat="55.7398397" lon="37.5713403" />
  <node id="1006136613" visible="true" version="2" changeset="7938976" timestamp="2011-04-22T21:31:35Z" user="AlexeyS" uid="39086" lat="55.7397102" lon="37.5713221" />
  <node id="1061088334" visible="true" version="3" changeset="55422637" timestamp="2018-01-14T05:57:38Z" user="Alexander-II" uid="3580412" lat="55.7393207" lon="37.5721627" />
  <node id="477786840" visible="true" version="2" changeset="7938976" timestamp="2011-04-22T21:31:34Z" user="AlexeyS" uid="39086" lat="55.7389923" lon="37.5739835" />
  <node id="1515283248" visible="true" version="1" changeset="9932972" timestamp="2011-11-24T13:16:59Z" user="AlexeyS" uid="39086" lat="55.7388925" lon="37.5706231" />
  <node id="4493624023" visible="true" version="3" changeset="83209863" timestamp="2020-04-07T16:51:57Z" user="literan" uid="830106" lat="55.7585620" lon="37.6601390" />
  <node id="5338359766" visible="true" version="1" changeset="55422637" timestamp="2018-01-14T05:57:30Z" user="Alexander-II" uid="3580412" lat="55.7390454" lon="37.5719072">
    <tag k="entrance" v="staircase" />
  </node>
  <node id="6937381496" visible="true" version="10" changeset="154607328" timestamp="2024-07-30T13:42:54Z" user="mavl" uid="564990" lat="55.7322255" lon="37.6382698">
    <tag k="name" v="Павелецкая" />
    <tag k="public_transport" v="stop_position" />
    <tag k="railway" v="stop" />
    <tag k="subway" v="yes" />
  </node>
  <node id="5551583473" visible="true" version="1" changeset="58079240" timestamp="2018-04-14T00:18:57Z" user="Alexander-II" uid="3580412" lat="55.7392297" lon="37.5722957" />
  <node id="1414850778" visible="true" version="1" changeset="9138716" timestamp="2011-08-27T15:03:43Z" user="AMDmi3" uid="133332" lat="55.7409507" lon="37.5716158" />
  <node id="1459335087" visible="true" version="1" changeset="9507196" timestamp="2011-10-08T21:42:02Z" user="AMDmi3" uid="133332" lat="55.7361133" lon="37.5669348" />
  <node id="5260294301" visible="true" version="1" changeset="54274700" timestamp="2017-12-02T16:23:43Z" user="Alexander-II" uid="3580412" lat="55.7394265" lon="37.5710762" />
  <node id="1103027628" visible="true" version="3" changeset="7938976" timestamp="2011-04-22T21:31:39Z" user="AlexeyS" uid="39086" lat="55.7399562" lon="37.5720601" />
  <node id="10164527435" visible="true" version="1" changeset="128576898" timestamp="2022-11-07T02:39:12Z" user="89r" uid="12117593" lat="55.7386786" lon="37.5700295" />
  <node id="1398729312" visible="true" version="2" changeset="103377308" timestamp="2021-04-22T04:53:20Z" user="Alexey Lukin" uid="485808" lat="55.7617513" lon="37.6607330" />
  <node id="4515941535" visible="true" version="5" changeset="101534920" timestamp="2021-03-23T01:18:57Z" user="Alexey Lukin" uid="485808" lat="55.7426808" lon="37.5656415" />
  <node id="11071650882" visible="true" version="1" changeset="139099454" timestamp="2023-07-27T17:37:21Z" user="Alexey Lukin" uid="485808" lat="55.7310834" lon="37.6347088" />
  <node id="1127774640" visible="true" version="3" changeset="30349339" timestamp="2015-04-20T09:01:38Z" user="AlexeyS" uid="39086" lat="55.7390690" lon="37.5726475" />
  <node id="10164527431" visible="true" version="1" changeset="128576898" timestamp="2022-11-07T02:39:12Z" user="89r" uid="12117593" lat="55.7392030" lon="37.5704850" />
  <node id="477786800" visible="true" version="5" changeset="51767213" timestamp="2017-09-06T02:35:10Z" user="Alexander-II" uid="3580412" lat="55.7394567" lon="37.5714439" />
  <node id="1149367867" visible="true" version="9" changeset="141935600" timestamp="2023-09-30T02:45:58Z" user="Alexey Lukin" uid="485808" lat="55.7698607" lon="37.6558203" />
  <node id="1459335248" visible="true" version="1" changeset="9507196" timestamp="2011-10-08T21:42:09Z" user="AMDmi3" uid="133332" lat="55.7396050" lon="37.5707981" />
  <node id="659051371" visible="true" version="4" changeset="55422637" timestamp="2018-01-14T05:57:37Z" user="Alexander-II" uid="3580412" lat="55.7390621" lon="37.5715828" />
  <node id="309745438" visible="true" version="13" changeset="97466159" timestamp="2021-01-13T22:01:20Z" user="Alexey Lukin" uid="485808" lat="55.7372198" lon="37.5874875" />
  <node id="8654080226" visible="true" version="1" changeset="103377308" timestamp="2021-04-22T04:53:20Z" user="Alexey Lukin" uid="485808" lat="55.7602757" lon="37.6604701" />
  <node id="1515283235" visible="true" version="3" changeset="51767213" timestamp="2017-09-06T02:35:11Z" user="Alexander-II" uid="3580412" lat="55.7387898" lon="37.5710938" />
  <node id="1459335700" visible="true" version="1" changeset="9507196" timestamp="2011-10-08T21:42:28Z" user="AMDmi3" uid="133332" lat="55.7489267" lon="37.5758114" />
  <node id="8319860613" visible="true" version="1" changeset="97466159" timestamp="2021-01-13T22:01:20Z" user="Alexey Lukin" uid="485808" lat="55.7379384" lon="37.5844532" />
  <node id="13858030021" visible="true" version="1" changeset="182983174" timestamp="2026-05-21T15:51:13Z" user="Fedorrr" uid="23588668" lat="55.7400117" lon="37.5717254" />
  <node id="4515941537" visible="true" version="4" changeset="97466159" timestamp="2021-01-13T22:01:20Z" user="Alexey Lukin" uid="485808" lat="55.7391441" lon="37.5738942" />
  <node id="1103027629" visible="true" version="3" changeset="7938976" timestamp="2011-04-22T21:31:36Z" user="AlexeyS" uid="39086" lat="55.7397508" lon="37.5719583" />
  <node id="9429948038" visible="true" version="2" changeset="116323535" timestamp="2022-01-19T04:33:15Z" user="Alexey Lukin" uid="485808" lat="55.7387764" lon="37.6467848" />
  <node id="4446962104" visible="true" version="5" changeset="97466159" timestamp="2021-01-13T22:01:20Z" user="Alexey Lukin" uid="485808" lat="55.7379865" lon="37.5841396">
    <tag k="layer" v="-4" />
    <tag k="railway" v="switch" />
    <tag k="ref" v="5" />
  </node>
  <node id="1720287070" visible="true" version="1" changeset="11330293" timestamp="2012-04-17T08:45:52Z" user="AlexeyS" uid="39086" lat="55.7404505" lon="37.5725891" />
  <node id="1459335766" visible="true" version="1" changeset="9507196" timestamp="2011-10-08T21:42:31Z" user="AMDmi3" uid="133332" lat="55.7508066" lon="37.5752980" />
  <node id="1454924324" visible="true" version="3" changeset="9932972" timestamp="2011-11-24T13:17:05Z" user="AlexeyS" uid="39086" lat="55.7392521" lon="37.5707969" />
  <node id="8654074716" visible="true" version="2" changeset="141935600" timestamp="2023-09-30T02:45:58Z" user="Alexey Lukin" uid="485808" lat="55.7712096" lon="37.6545342" />
  <node id="5300042182" visible="true" version="1" changeset="54852859" timestamp="2017-12-22T23:12:46Z" user="luch86" uid="266092" lat="55.7398458" lon="37.5709013" />
  <node id="3743138207" visible="true" version="9" changeset="101534920" timestamp="2021-03-23T01:18:57Z" user="Alexey Lukin" uid="485808" lat="55.7430700" lon="37.5656279" />
  <node id="9429833798" visible="true" version="2" changeset="116323472" timestamp="2022-01-19T04:29:52Z" user="Alexey Lukin" uid="485808" lat="55.7346497" lon="37.6420141" />
  <node id="100064577" visible="true" version="7" changeset="6468957" timestamp="2010-11-27T11:54:36Z" user="AlexeyS" uid="39086" lat="55.7384941" lon="37.5701281" />
  <node id="1189903101" visible="true" version="9" changeset="101534920" timestamp="2021-03-23T01:18:57Z" user="Alexey Lukin" uid="485808" lat="55.7396349" lon="37.5685267" />
  <node id="7797579001" visible="true" version="1" changeset="89140958" timestamp="2020-08-08T23:34:18Z" user="ks1v" uid="279214" lat="55.7400570" lon="37.5717655" />
  <node id="1398729267" visible="true" version="7" changeset="82302763" timestamp="2020-03-17T12:44:24Z" user="literan" uid="830106" lat="55.7586167" lon="37.6597515">
    <tag k="layer" v="-4" />
    <tag k="railway" v="switch" />
  </node>
  <node id="11071650880" visible="true" version="2" changeset="139111843" timestamp="2023-07-28T00:49:39Z" user="Alexey Lukin" uid="485808" lat="55.7295104" lon="37.6279028" />
  <node id="5260294307" visible="true" version="2" changeset="163510448" timestamp="2025-03-12T04:24:13Z" user="radio-van" uid="12288220" lat="55.7340613" lon="37.5638785">
    <tag k="crossing" v="traffic_signals" />
    <tag k="highway" v="crossing" />
    <tag k="tactile_paving" v="no" />
  </node>
  <node id="8495683213" visible="true" version="5" changeset="116323472" timestamp="2022-01-19T04:29:52Z" user="Alexey Lukin" uid="485808" lat="55.7338932" lon="37.6411107" />
  <node id="1127774662" visible="true" version="2" changeset="30348047" timestamp="2015-04-20T07:34:03Z" user="AlexeyS" uid="39086" lat="55.7393305" lon="37.5725729" />
  <node id="5300042198" visible="true" version="1" changeset="54852859" timestamp="2017-12-22T23:12:46Z" user="luch86" uid="266092" lat="55.7363537" lon="37.5674473" />
  <node id="1255973574" visible="true" version="2" changeset="11495802" timestamp="2012-05-04T08:52:41Z" user="AlexeyS" uid="39086" lat="55.7403034" lon="37.5722444" />
  <node id="1414850621" visible="true" version="1" changeset="9138716" timestamp="2011-08-27T15:03:41Z" user="AMDmi3" uid="133332" lat="55.7350503" lon="37.5651106" />
  <node id="1414850748" visible="true" version="1" changeset="9138716" timestamp="2011-08-27T15:03:43Z" user="AMDmi3" uid="133332" lat="55.7407942" lon="37.5714584" />
  <node id="1003139113" visible="true" version="3" changeset="6453206" timestamp="2010-11-25T09:57:12Z" user="AlexeyS" uid="39086" lat="55.7394032" lon="37.5717369" />
  <node id="594043028" visible="true" version="4" changeset="9138716" timestamp="2011-08-27T15:05:04Z" user="AMDmi3" uid="133332" lat="55.7349907" lon="37.5654077" />
  <node id="8726876271" visible="true" version="5" changeset="116323472" timestamp="2022-01-19T04:29:52Z" user="Alexey Lukin" uid="485808" lat="55.7332335" lon="37.6399933" />
  <node id="4607133569" visible="true" version="1" changeset="45151553" timestamp="2017-01-14T00:46:23Z" user="Alexander-II" uid="3580412" lat="55.7404118" lon="37.5723919" />
  <node id="5260294279" visible="true" version="34" changeset="163510468" timestamp="2025-03-12T04:19:36Z" user="radio-van" uid="12288220" lat="55.7370198" lon="37.5683010">
    <tag k="bench" v="yes" />
    <tag k="bin" v="yes" />
    <tag k="bus" v="yes" />
    <tag k="highway" v="bus_stop" />
    <tag k="lit" v="yes" />
    <tag k="name" v="2-й переулок Тружеников" />
    <tag k="name:uk" v="2-й провулок Трудівників" />
    <tag k="public_transport" v="platform" />
    <tag k="shelter" v="yes" />
    <tag k="tactile_paving" v="no" />
  </node>
  <node id="315122083" visible="true" version="4" changeset="9507196" timestamp="2011-10-08T21:44:27Z" user="AMDmi3" uid="133332" lat="55.7441144" lon="37.5749150" />
  <node id="1107308987" visible="true" version="2" changeset="7938976" timestamp="2011-04-22T21:31:35Z" user="AlexeyS" uid="39086" lat="55.7398565" lon="37.5719493" />
  <node id="1398729063" visible="true" version="6" changeset="97466159" timestamp="2021-01-13T22:01:20Z" user="Alexey Lukin" uid="485808" lat="55.7390521" lon="37.5754838" />
  <node id="594043024" visible="true" version="4" changeset="9138716" timestamp="2011-08-27T15:05:03Z" user="AMDmi3" uid="133332" lat="55.7326308" lon="37.5605569" />
  <node id="1414850636" visible="true" version="1" changeset="9138716" timestamp="2011-08-27T15:03:41Z" user="AMDmi3" uid="133332" lat="55.7361469" lon="37.5668545" />
  <node id="13858030014" visible="true" version="1" changeset="182983174" timestamp="2026-05-21T15:51:13Z" user="Fedorrr" uid="23588668" lat="55.7400741" lon="37.5718737" />
  <node id="1454924325" visible="true" version="4" changeset="54274700" timestamp="2017-12-02T16:23:47Z" user="Alexander-II" uid="3580412" lat="55.7394565" lon="37.5709794">
    <tag k="crossing" v="traffic_signals" />
    <tag k="highway" v="crossing" />
  </node>
  <node id="1414422034" visible="true" version="1" changeset="9136401" timestamp="2011-08-27T10:22:57Z" user="AMDmi3" uid="133332" lat="55.7319980" lon="37.5590168" />
  <node id="1459335165" visible="true" version="1" changeset="9507196" timestamp="2011-10-08T21:42:05Z" user="AMDmi3" uid="133332" lat="55.7377737" lon="37.5691225" />
  <node id="1123660481" visible="true" version="16" changeset="154594614" timestamp="2024-07-30T08:58:27Z" user="Zenfiric" uid="182327" lat="55.7572097" lon="37.6595224">
    <tag k="name" v="Курская" />
    <tag k="public_transport" v="stop_position" />
    <tag k="railway" v="stop" />
    <tag k="subway" v="yes" />
  </node>
  <node id="7801555818" visible="true" version="1" changeset="89208959" timestamp="2020-08-10T16:42:53Z" user="ks1v" uid="279214" lat="55.7409585" lon="37.5716074" />
  <node id="477786845" visible="true" version="2" changeset="30348047" timestamp="2015-04-20T07:34:03Z" user="AlexeyS" uid="39086" lat="55.7393298" lon="37.5726481" />
  <node id="1061085387" visible="true" version="2" changeset="55422637" timestamp="2018-01-14T05:57:38Z" user="Alexander-II" uid="3580412" lat="55.7393479" lon="37.5720510" />
  <node id="1459335740" visible="true" version="1" changeset="9507196" timestamp="2011-10-08T21:42:30Z" user="AMDmi3" uid="133332" lat="55.7499380" lon="37.5756501" />
  <node id="1720287081" visible="true" version="1" changeset="11330293" timestamp="2012-04-17T08:45:52Z" user="AlexeyS" uid="39086" lat="55.7406430" lon="37.5723547" />
  <node id="1189903003" visible="true" version="7" changeset="139111843" timestamp="2023-07-28T00:49:39Z" user="Alexey Lukin" uid="485808" lat="55.7284128" lon="37.6159901" />
  <node id="9429948039" visible="true" version="1" changeset="116323472" timestamp="2022-01-19T04:29:52Z" user="Alexey Lukin" uid="485808" lat="55.7403145" lon="37.6497531" />
  <node id="1398729091" visible="true" version="7" changeset="101534920" timestamp="2021-03-23T01:18:57Z" user="Alexey Lukin" uid="485808" lat="55.7400577" lon="37.5683209" />
  <node id="1515283255" visible="true" version="2" changeset="54274700" timestamp="2017-12-02T16:23:47Z" user="Alexander-II" uid="3580412" lat="55.7395140" lon="37.5712493" />
  <node id="5260294297" visible="true" version="1" changeset="54274700" timestamp="2017-12-02T16:23:43Z" user="Alexander-II" uid="3580412" lat="55.7395582" lon="37.5706508" />
  <node id="5260294295" visible="true" version="1" changeset="54274700" timestamp="2017-12-02T16:23:43Z" user="Alexander-II" uid="3580412" lat="55.7397720" lon="37.5711788">
    <tag k="crossing" v="traffic_signals" />
    <tag k="highway" v="crossing" />
  </node>
  <node id="4515941536" visible="true" version="4" changeset="97466159" timestamp="2021-01-13T22:01:20Z" user="Alexey Lukin" uid="485808" lat="55.7391185" lon="37.5746039" />
  <node id="7797579009" visible="true" version="1" changeset="89140958" timestamp="2020-08-08T23:34:18Z" user="ks1v" uid="279214" lat="55.7403852" lon="37.5722541" />
  <node id="3836692694" visible="true" version="5" changeset="83209863" timestamp="2020-04-07T16:51:57Z" user="literan" uid="830106" lat="55.7579577" lon="37.6598461" />
  <node id="5300042203" visible="true" version="1" changeset="54852859" timestamp="2017-12-22T23:12:47Z" user="luch86" uid="266092" lat="55.7342962" lon="37.5641079">
    <tag k="highway" v="traffic_signals" />
  </node>
  <node id="4213628962" visible="true" version="1" changeset="39640462" timestamp="2016-05-29T11:35:35Z" user="alex_konstantino" uid="681911" lat="55.7326439" lon="37.5608380" />
  <node id="1398728874" visible="true" version="7" changeset="139111843" timestamp="2023-07-28T00:49:39Z" user="Alexey Lukin" uid="485808" lat="55.7292871" lon="37.6280034" />
  <node id="1045129585" visible="true" version="8" changeset="103377308" timestamp="2021-04-22T04:53:20Z" user="Alexey Lukin" uid="485808" lat="55.7596957" lon="37.6602442" />
  <node id="1697928230" visible="true" version="1" changeset="11156352" timestamp="2012-03-30T15:43:04Z" user="AlexeyS" uid="39086" lat="55.7397240" lon="37.5713079" />
  <node id="1459335486" visible="true" version="1" changeset="9507196" timestamp="2011-10-08T21:42:20Z" user="AMDmi3" uid="133332" lat="55.7447851" lon="37.5752585" />
  <node id="1459335761" visible="true" version="1" changeset="9507196" timestamp="2011-10-08T21:42:31Z" user="AMDmi3" uid="133332" lat="55.7504955" lon="37.5754527" />
  <node id="1414422060" visible="true" version="1" changeset="9136401" timestamp="2011-08-27T10:22:58Z" user="AMDmi3" uid="133332" lat="55.7337611" lon="37.5626949" />
  <node id="5300042197" visible="true" version="1" changeset="54852859" timestamp="2017-12-22T23:12:46Z" user="luch86" uid="266092" lat="55.7360728" lon="37.5670396" />
  <node id="1414422093" visible="true" version="2" changeset="9138716" timestamp="2011-08-27T15:04:45Z" user="AMDmi3" uid="133332" lat="55.7350079" lon="37.5651159" />
  <node id="1398729297" visible="true" version="3" changeset="103377308" timestamp="2021-04-22T04:53:20Z" user="Alexey Lukin" uid="485808" lat="55.7611583" lon="37.6606799" />
  <node id="1003565135" visible="true" version="4" changeset="6512784" timestamp="2010-12-02T09:58:02Z" user="AlexeyS" uid="39086" lat="55.7378794" lon="37.5695337" />
  <node id="1014508455" visible="true" version="1" changeset="6503849" timestamp="2010-12-01T13:43:48Z" user="AlexeyS" uid="39086" lat="55.7399308" lon="37.5709754" />
  <node id="1720287077" visible="true" version="1" changeset="11330293" timestamp="2012-04-17T08:45:52Z" user="AlexeyS" uid="39086" lat="55.7405417" lon="37.5724948" />
  <node id="1459334995" visible="true" version="1" changeset="9507196" timestamp="2011-10-08T21:41:59Z" user="AMDmi3" uid="133332" lat="55.7321845" lon="37.5593590" />
  <node id="10774858946" visible="true" version="3" changeset="154607000" timestamp="2024-07-30T13:35:40Z" user="mavl" uid="564990" lat="55.7338582" lon="37.5631916">
    <tag k="bus" v="yes" />
    <tag k="name" v="Московский шёлк" />
    <tag k="public_transport" v="stop_position" />
  </node>
  <node id="1189903170" visible="true" version="13" changeset="116279524" timestamp="2022-01-18T04:30:56Z" user="Alexey Lukin" uid="485808" lat="55.7313101" lon="37.6359925">
    <tag k="layer" v="-4" />
    <tag k="railway" v="switch" />
    <tag k="ref" v="2" />
  </node>
  <node id="1398729119" visible="true" version="8" changeset="101534920" timestamp="2021-03-23T01:18:57Z" user="Alexey Lukin" uid="485808" lat="55.7410636" lon="37.5666083" />
  <node id="1414850612" visible="true" version="2" changeset="9507196" timestamp="2011-10-08T21:44:23Z" user="AMDmi3" uid="133332" lat="55.7345619" lon="37.5642188" />
  <node id="1459335158" visible="true" version="1" changeset="9507196" timestamp="2011-10-08T21:42:05Z" user="AMDmi3" uid="133332" lat="55.7375940" lon="37.5687701" />
  <node id="1515283236" visible="true" version="1" changeset="9932972" timestamp="2011-11-24T13:16:59Z" user="AlexeyS" uid="39086" lat="55.7388313" lon="37.5704273" />
  <node id="8654080219" visible="true" version="1" changeset="103377308" timestamp="2021-04-22T04:53:20Z" user="Alexey Lukin" uid="485808" lat="55.7640440" lon="37.6606998" />
  <node id="5551583477" visible="true" version="2" changeset="86794950" timestamp="2020-06-18T00:22:55Z" user="ks1v" uid="279214" lat="55.7396187" lon="37.5714633" />
  <node id="5260294290" visible="true" version="1" changeset="54274700" timestamp="2017-12-02T16:23:43Z" user="Alexander-II" uid="3580412" lat="55.7393499" lon="37.5712392" />
  <node id="13858030018" visible="true" version="1" changeset="182983174" timestamp="2026-05-21T15:51:13Z" user="Fedorrr" uid="23588668" lat="55.7400846" lon="37.5718145" />
  <node id="594043029" visible="true" version="4" changeset="9507196" timestamp="2011-10-08T21:44:49Z" user="AMDmi3" uid="133332" lat="55.7409116" lon="37.5719312" />
  <node id="4607133579" visible="true" version="1" changeset="45151553" timestamp="2017-01-14T00:46:23Z" user="Alexander-II" uid="3580412" lat="55.7405711" lon="37.5721785" />
  <node id="1459335146" visible="true" version="1" changeset="9507196" timestamp="2011-10-08T21:42:04Z" user="AMDmi3" uid="133332" lat="55.7374299" lon="37.5686848" />
  <node id="1045128130" visible="true" version="11" changeset="116323472" timestamp="2022-01-19T04:29:52Z" user="Alexey Lukin" uid="485808" lat="55.7335500" lon="37.6405769" />
  <node id="10774858943" visible="true" version="3" changeset="154607086" timestamp="2024-07-30T13:37:33Z" user="mavl" uid="564990" lat="55.7318951" lon="37.5593711">
    <tag k="bus" v="yes" />
    <tag k="name" v="Саввинская набережная" />
    <tag k="public_transport" v="stop_position" />
  </node>
  <node id="1414850516" visible="true" version="1" changeset="9138716" timestamp="2011-08-27T15:03:38Z" user="AMDmi3" uid="133332" lat="55.7333759" lon="37.5621553" />
  <node id="5338359757" visible="true" version="1" changeset="55422637" timestamp="2018-01-14T05:57:29Z" user="Alexander-II" uid="3580412" lat="55.7390428" lon="37.5719560">
    <tag k="entrance" v="yes" />
  </node>
  <node id="1061097379" visible="true" version="2" changeset="55422637" timestamp="2018-01-14T05:57:39Z" user="Alexander-II" uid="3580412" lat="55.7391339" lon="37.5716769" />
  <node id="5338359755" visible="true" version="1" changeset="55422637" timestamp="2018-01-14T05:57:29Z" user="Alexander-II" uid="3580412" lat="55.7391215" lon="37.5718196" />
  <node id="956386259" visible="true" version="3" changeset="11024334" timestamp="2012-03-18T21:32:19Z" user="esaulenka" uid="336354" lat="55.7449850" lon="37.5754822" />
  <node id="1459335211" visible="true" version="1" changeset="9507196" timestamp="2011-10-08T21:42:08Z" user="AMDmi3" uid="133332" lat="55.7392007" lon="37.5703393" />
  <node id="1414850739" visible="true" version="1" changeset="9138716" timestamp="2011-08-27T15:03:43Z" user="AMDmi3" uid="133332" lat="55.7407357" lon="37.5714414" />
  <node id="1398729045" visible="true" version="6" changeset="97466159" timestamp="2021-01-13T22:01:20Z" user="Alexey Lukin" uid="485808" lat="55.7372583" lon="37.5864948" />
  <node id="5300042196" visible="true" version="1" changeset="54852859" timestamp="2017-12-22T23:12:46Z" user="luch86" uid="266092" lat="55.7358402" lon="37.5666936" />
  <node id="1364439054" visible="true" version="4" changeset="50584797" timestamp="2017-07-26T10:56:49Z" user="literan" uid="830106" lat="55.7389513" lon="37.5714017">
    <tag k="barrier" v="gate" />
  </node>
  <node id="1398729122" visible="true" version="9" changeset="101534920" timestamp="2021-03-23T01:18:57Z" user="Alexey Lukin" uid="485808" lat="55.7412121" lon="37.5658524" />
  <node id="5338359764" visible="true" version="1" changeset="55422637" timestamp="2018-01-14T05:57:30Z" user="Alexander-II" uid="3580412" lat="55.7391714" lon="37.5718267" />
  <node id="477786826" visible="true" version="2" changeset="11331764" timestamp="2012-04-17T11:47:24Z" user="AlexeyS" uid="39086" lat="55.7364659" lon="37.5717754" />
  <node id="7797579012" visible="true" version="1" changeset="89140958" timestamp="2020-08-08T23:34:18Z" user="ks1v" uid="279214" lat="55.7403309" lon="37.5724631" />
  <node id="1459335206" visible="true" version="1" changeset="9507196" timestamp="2011-10-08T21:42:08Z" user="AMDmi3" uid="133332" lat="55.7390472" lon="37.5703227" />
  <node id="13858030019" visible="true" version="1" changeset="182983174" timestamp="2026-05-21T15:51:13Z" user="Fedorrr" uid="23588668" lat="55.7400629" lon="37.5717186" />
  <node id="1003701815" visible="true" version="3" changeset="55422637" timestamp="2018-01-14T05:57:38Z" user="Alexander-II" uid="3580412" lat="55.7393084" lon="37.5717068">
    <tag k="barrier" v="gate" />
  </node>
  <node id="7797579006" visible="true" version="1" changeset="89140958" timestamp="2020-08-08T23:34:18Z" user="ks1v" uid="279214" lat="55.7400341" lon="37.5718179" />
  <node id="1003701893" visible="true" version="1" changeset="6454255" timestamp="2010-11-25T12:49:33Z" user="AlexeyS" uid="39086" lat="55.7391758" lon="37.5726292" />
  <node id="6937381520" visible="true" version="8" changeset="154607100" timestamp="2024-07-30T13:37:49Z" user="mavl" uid="564990" lat="55.7357183" lon="37.5911968">
    <tag k="name" v="Парк Культуры" />
    <tag k="public_transport" v="stop_position" />
    <tag k="railway" v="stop" />
    <tag k="subway" v="yes" />
  </node>
  <node id="666487052" visible="true" version="13" changeset="101534920" timestamp="2021-03-23T01:18:57Z" user="Alexey Lukin" uid="485808" lat="55.7421770" lon="37.5657804" />
  <node id="594043073" visible="true" version="5" changeset="9138716" timestamp="2011-08-27T15:05:04Z" user="AMDmi3" uid="133332" lat="55.7374367" lon="37.5688656">
    <tag k="highway" v="traffic_signals" />
  </node>
  <node id="3013744687" visible="true" version="1" changeset="24716616" timestamp="2014-08-13T06:39:56Z" user="Felis Pimeja" uid="260756" lat="55.7423401" lon="37.5734846" />
  <node id="7797579005" visible="true" version="1" changeset="89140958" timestamp="2020-08-08T23:34:18Z" user="ks1v" uid="279214" lat="55.7400045" lon="37.5717752" />
  <node id="1414850491" visible="true" version="1" changeset="9138716" timestamp="2011-08-27T15:03:37Z" user="AMDmi3" uid="133332" lat="55.7322810" lon="37.5598129" />
  <node id="1398729060" visible="true" version="8" changeset="116323472" timestamp="2022-01-19T04:29:52Z" user="Alexey Lukin" uid="485808" lat="55.7395710" lon="37.6484062" />
  <node id="1459335200" visible="true" version="1" changeset="9507196" timestamp="2011-10-08T21:42:07Z" user="AMDmi3" uid="133332" lat="55.7385967" lon="37.5698539" />
  <node id="4487750020" visible="true" version="2" changeset="43550529" timestamp="2016-11-11T04:42:05Z" user="Alexey Lukin" uid="485808" lat="55.7580105" lon="37.6594953" />
  <node id="296045164" visible="true" version="27" changeset="116323472" timestamp="2022-01-19T04:29:52Z" user="Alexey Lukin" uid="485808" lat="55.7400868" lon="37.6488071" />
  <node id="1006136600" visible="true" version="2" changeset="7938976" timestamp="2011-04-22T21:31:40Z" user="AlexeyS" uid="39086" lat="55.7403630" lon="37.5724132" />
  <node id="1255973555" visible="true" version="1" changeset="7938976" timestamp="2011-04-22T21:31:33Z" user="AlexeyS" uid="39086" lat="55.7381314" lon="37.5713043" />
  <node id="13858030024" visible="true" version="1" changeset="182983174" timestamp="2026-05-21T15:51:13Z" user="Fedorrr" uid="23588668" lat="55.7403102" lon="37.5717361" />
  <node id="1694553522" visible="true" version="2" changeset="11330293" timestamp="2012-04-17T08:46:03Z" user="AlexeyS" uid="39086" lat="55.7394705" lon="37.5726241" />
  <node id="5217351056" visible="true" version="2" changeset="121118041" timestamp="2022-05-17T21:03:40Z" user="literan" uid="830106" lat="55.7315780" lon="37.5583520" />
  <node id="1061085362" visible="true" version="2" changeset="55422637" timestamp="2018-01-14T05:57:38Z" user="Alexander-II" uid="3580412" lat="55.7393501" lon="37.5719924" />
  <node id="1006136599" visible="true" version="2" changeset="7938976" timestamp="2011-04-22T21:31:40Z" user="AlexeyS" uid="39086" lat="55.7404552" lon="37.5722480" />
  <node id="1414422099" visible="true" version="3" changeset="9507196" timestamp="2011-10-08T21:44:22Z" user="AMDmi3" uid="133332" lat="55.7367764" lon="37.5678001" />
  <node id="5551583478" visible="true" version="1" changeset="58079240" timestamp="2018-04-14T00:18:57Z" user="Alexander-II" uid="3580412" lat="55.7403560" lon="37.5720593" />
  <node id="4487750019" visible="true" version="3" changeset="83209863" timestamp="2020-04-07T16:51:57Z" user="literan" uid="830106" lat="55.7550849" lon="37.6586345" />
  <node id="1459335089" visible="true" version="1" changeset="9507196" timestamp="2011-10-08T21:42:02Z" user="AMDmi3" uid="133332" lat="55.7363981" lon="37.5673379" />
  <node id="1459335269" visible="true" version="1" changeset="9507196" timestamp="2011-10-08T21:42:10Z" user="AMDmi3" uid="133332" lat="55.7402006" lon="37.5715099" />
  <node id="1459335094" visible="true" version="1" changeset="9507196" timestamp="2011-10-08T21:42:03Z" user="AMDmi3" uid="133332" lat="55.7367693" lon="37.5678272" />
  <node id="1003701806" visible="true" version="2" changeset="55422637" timestamp="2018-01-14T05:57:38Z" user="Alexander-II" uid="3580412" lat="55.7391877" lon="37.5716845" />
  <node id="1023189278" visible="true" version="2" changeset="30347883" timestamp="2015-04-20T07:23:50Z" user="AlexeyS" uid="39086" lat="55.7394205" lon="37.5717506">
    <tag k="barrier" v="lift_gate" />
  </node>
  <node id="1003556947" visible="true" version="3" changeset="55422637" timestamp="2018-01-14T05:57:38Z" user="Alexander-II" uid="3580412" lat="55.7385394" lon="37.5719856" />
  <node id="1398729025" visible="true" version="9" changeset="116323472" timestamp="2022-01-19T04:29:52Z" user="Alexey Lukin" uid="485808" lat="55.7341089" lon="37.6419116" />
  <node id="1419644551" visible="true" version="1" changeset="9180861" timestamp="2011-08-31T23:05:56Z" user="AMDmi3" uid="133332" lat="55.7364010" lon="37.5657503" />
  <node id="1414850643" visible="true" version="1" changeset="9138716" timestamp="2011-08-27T15:03:41Z" user="AMDmi3" uid="133332" lat="55.7364310" lon="37.5678508" />
  <node id="1398728859" visible="true" version="8" changeset="139111843" timestamp="2023-07-28T00:49:39Z" user="Alexey Lukin" uid="485808" lat="55.7291338" lon="37.6109287" />
  <node id="1398729452" visible="true" version="6" changeset="141935600" timestamp="2023-09-30T02:45:58Z" user="Alexey Lukin" uid="485808" lat="55.7702014" lon="37.6551083" />
  <node id="1459335712" visible="true" version="1" changeset="9507196" timestamp="2011-10-08T21:42:29Z" user="AMDmi3" uid="133332" lat="55.7496118" lon="37.5757345" />
  <node id="659051402" visible="true" version="3" changeset="55422637" timestamp="2018-01-14T05:57:37Z" user="Alexander-II" uid="3580412" lat="55.7385107" lon="37.5724866" />
  <node id="1459335608" visible="true" version="1" changeset="9507196" timestamp="2011-10-08T21:42:24Z" user="AMDmi3" uid="133332" lat="55.7457538" lon="37.5757275" />
  <node id="3694670743" visible="true" version="3" changeset="49211550" timestamp="2017-06-03T03:37:53Z" user="Alexey Lukin" uid="485808" lat="55.7449843" lon="37.6539937" />
  <node id="477786639" visible="true" version="5" changeset="9138716" timestamp="2011-08-27T15:05:02Z" user="AMDmi3" uid="133332" lat="55.7353843" lon="37.5663177" />
  <node id="1023189173" visible="true" version="3" changeset="9932972" timestamp="2011-11-24T13:17:05Z" user="AlexeyS" uid="39086" lat="55.7389582" lon="37.5709135" />
  <node id="1414422095" visible="true" version="2" changeset="9138716" timestamp="2011-08-27T15:04:45Z" user="AMDmi3" uid="133332" lat="55.7355533" lon="37.5660329" />
  <node id="13858030009" visible="true" version="1" changeset="182983174" timestamp="2026-05-21T15:51:13Z" user="Fedorrr" uid="23588668" lat="55.7394948" lon="37.5720994" />
  <node id="1189903051" visible="true" version="10" changeset="116323472" timestamp="2022-01-19T04:29:52Z" user="Alexey Lukin" uid="485808" lat="55.7407261" lon="37.6503497" />
  <node id="1414422025" visible="true" version="2" changeset="83015306" timestamp="2020-04-03T07:24:37Z" user="literan" uid="830106" lat="55.7304314" lon="37.5564944" />
  <node id="1459335266" visible="true" version="1" changeset="9507196" timestamp="2011-10-08T21:42:10Z" user="AMDmi3" uid="133332" lat="55.7399517" lon="37.5713083" />
  <node id="5300042186" visible="true" version="1" changeset="54852859" timestamp="2017-12-22T23:12:46Z" user="luch86" uid="266092" lat="55.7385697" lon="37.5699364" />
  <node id="10164527438" visible="true" version="1" changeset="128576898" timestamp="2022-11-07T02:39:12Z" user="89r" uid="12117593" lat="55.7384422" lon="37.5698154" />
  <node id="1419644553" visible="true" version="1" changeset="9180861" timestamp="2011-08-31T23:05:56Z" user="AMDmi3" uid="133332" lat="55.7385525" lon="37.5683267" />
  <node id="659051372" visible="true" version="4" changeset="55422637" timestamp="2018-01-14T05:57:37Z" user="Alexander-II" uid="3580412" lat="55.7385573" lon="37.5716378" />
  <node id="6937381522" visible="true" version="8" changeset="154607308" timestamp="2024-07-30T13:42:38Z" user="mavl" uid="564990" lat="55.7296804" lon="37.6092907">
    <tag k="name" v="Октябрьская" />
    <tag k="public_transport" v="stop_position" />
    <tag k="railway" v="stop" />
    <tag k="subway" v="yes" />
  </node>
  <node id="1398729292" visible="true" version="5" changeset="103377308" timestamp="2021-04-22T04:53:20Z" user="Alexey Lukin" uid="485808" lat="55.7608979" lon="37.6610691" />
  <node id="1515283258" visible="true" version="1" changeset="9932972" timestamp="2011-11-24T13:16:59Z" user="AlexeyS" uid="39086" lat="55.7396391" lon="37.5713721" />
  <node id="1061085357" visible="true" version="2" changeset="55422637" timestamp="2018-01-14T05:57:38Z" user="Alexander-II" uid="3580412" lat="55.7393743" lon="37.5720569" />
  <node id="13858030015" visible="true" version="1" changeset="182983174" timestamp="2026-05-21T15:51:13Z" user="Fedorrr" uid="23588668" lat="55.7401530" lon="37.5719142" />
  <node id="1459335075" visible="true" version="1" changeset="9507196" timestamp="2011-10-08T21:42:01Z" user="AMDmi3" uid="133332" lat="55.7352800" lon="37.5655867" />
  <node id="1103027631" visible="true" version="2" changeset="7938976" timestamp="2011-04-22T21:31:40Z" user="AlexeyS" uid="39086" lat="55.7395441" lon="37.5725795" />
  <node id="4607133572" visible="true" version="1" changeset="45151553" timestamp="2017-01-14T00:46:23Z" user="Alexander-II" uid="3580412" lat="55.7408398" lon="37.5718011" />
  <node id="1003701979" visible="true" version="3" changeset="7938976" timestamp="2011-04-22T21:31:38Z" user="AlexeyS" uid="39086" lat="55.7390988" lon="37.5727135" />
  <node id="1398729113" visible="true" version="9" changeset="101534920" timestamp="2021-03-23T01:18:57Z" user="Alexey Lukin" uid="485808" lat="55.7409131" lon="37.5661433" />
  <node id="5260294283" visible="true" version="1" changeset="54274700" timestamp="2017-12-02T16:23:43Z" user="Alexander-II" uid="3580412" lat="55.7406268" lon="37.5719904" />
  <node id="1398729069" visible="true" version="8" changeset="101534920" timestamp="2021-03-23T01:18:57Z" user="Alexey Lukin" uid="485808" lat="55.7392697" lon="37.5702933" />
  <node id="1103028462" visible="true" version="3" changeset="9138716" timestamp="2011-08-27T15:04:37Z" user="AMDmi3" uid="133332" lat="55.7406854" lon="37.5722755" />
  <node id="9429833797" visible="true" version="2" changeset="116323472" timestamp="2022-01-19T04:29:52Z" user="Alexey Lukin" uid="485808" lat="55.7344980" lon="37.6423348" />
  <node id="1255973586" visible="true" version="1" changeset="7938976" timestamp="2011-04-22T21:31:33Z" user="AlexeyS" uid="39086" lat="55.7385931" lon="37.5715678" />
  <node id="1003556963" visible="true" version="1" changeset="6453119" timestamp="2010-11-25T09:43:32Z" user="AlexeyS" uid="39086" lat="55.7388558" lon="37.5708220" />
  <node id="5260294308" visible="true" version="2" changeset="163510448" timestamp="2025-03-12T04:24:15Z" user="radio-van" uid="12288220" lat="55.7341279" lon="37.5637710">
    <tag k="crossing" v="traffic_signals" />
    <tag k="highway" v="crossing" />
    <tag k="tactile_paving" v="no" />
  </node>
  <node id="1007261025" visible="true" version="6" changeset="163510442" timestamp="2025-03-12T04:19:10Z" user="radio-van" uid="12288220" lat="55.7373624" lon="37.5687829">
    <tag k="button_operated" v="yes" />
    <tag k="check_date:crossing" v="2021-04-03" />
    <tag k="crossing" v="traffic_signals" />
    <tag k="highway" v="crossing" />
    <tag k="tactile_paving" v="no" />
    <tag k="traffic_signals:sound" v="yes" />
  </node>
  <node id="1459335065" visible="true" version="1" changeset="9507196" timestamp="2011-10-08T21:42:01Z" user="AMDmi3" uid="133332" lat="55.7348093" lon="37.5647984" />
  <node id="594043026" visible="true" version="4" changeset="9138716" timestamp="2011-08-27T15:05:03Z" user="AMDmi3" uid="133332" lat="55.7319271" lon="37.5591475" />
  <node id="11071650878" visible="true" version="2" changeset="139111843" timestamp="2023-07-28T00:49:39Z" user="Alexey Lukin" uid="485808" lat="55.7291834" lon="37.6270789" />
  <node id="8654074712" visible="true" version="2" changeset="141935600" timestamp="2023-09-30T02:45:58Z" user="Alexey Lukin" uid="485808" lat="55.7723973" lon="37.6545576" />
  <node id="659051403" visible="true" version="4" changeset="55422637" timestamp="2018-01-14T05:57:37Z" user="Alexander-II" uid="3580412" lat="55.7390113" lon="37.5725681" />
  <node id="6937381501" visible="true" version="11" changeset="154607086" timestamp="2024-07-30T13:37:39Z" user="mavl" uid="564990" lat="55.7417635" lon="37.6511971">
    <tag k="name" v="Таганская" />
    <tag k="public_transport" v="stop_position" />
    <tag k="railway" v="stop" />
    <tag k="subway" v="yes" />
  </node>
  <node id="5338359753" visible="true" version="1" changeset="55422637" timestamp="2018-01-14T05:57:29Z" user="Alexander-II" uid="3580412" lat="55.7391198" lon="37.5718584">
    <tag k="entrance" v="yes" />
  </node>
  <node id="5260294309" visible="true" version="1" changeset="54274700" timestamp="2017-12-02T16:23:44Z" user="Alexander-II" uid="3580412" lat="55.7342839" lon="37.5640111" />
  <node id="6937152874" visible="true" version="9" changeset="154607328" timestamp="2024-07-30T13:43:23Z" user="mavl" uid="564990" lat="55.7292208" lon="37.6243963">
    <tag k="name" v="Добрынинская" />
    <tag k="public_transport" v="stop_position" />
    <tag k="railway" v="stop" />
    <tag k="subway" v="yes" />
  </node>
  <node id="8654080228" visible="true" version="1" changeset="103377308" timestamp="2021-04-22T04:53:20Z" user="Alexey Lukin" uid="485808" lat="55.7629366" lon="37.6606300" />
  <node id="1017859455" visible="true" version="2" changeset="8748052" timestamp="2011-07-17T13:37:46Z" user="djonline" uid="148021" lat="55.7385571" lon="37.5710560" />
  <node id="6937381502" visible="true" version="11" changeset="154606705" timestamp="2024-07-30T13:29:03Z" user="mavl" uid="564990" lat="55.7416251" lon="37.6515195">
    <tag k="name" v="Таганская" />
    <tag k="public_transport" v="stop_position" />
    <tag k="railway" v="stop" />
    <tag k="subway" v="yes" />
  </node>
  <node id="1398728969" visible="true" version="7" changeset="139099454" timestamp="2023-07-27T17:37:21Z" user="Alexey Lukin" uid="485808" lat="55.7310097" lon="37.6352436" />
  <node id="1459335064" visible="true" version="1" changeset="9507196" timestamp="2011-10-08T21:42:01Z" user="AMDmi3" uid="133332" lat="55.7348065" lon="37.5647567" />
  <node id="1398728992" visible="true" version="11" changeset="116279524" timestamp="2022-01-18T04:30:56Z" user="Alexey Lukin" uid="485808" lat="55.7315358" lon="37.6358553">
    <tag k="layer" v="-4" />
    <tag k="railway" v="switch" />
    <tag k="ref" v="1" />
  </node>
  <node id="10164527449" visible="true" version="1" changeset="128576898" timestamp="2022-11-07T02:39:12Z" user="89r" uid="12117593" lat="55.7377083" lon="37.5689275" />
  <node id="4607133549" visible="true" version="2" changeset="45194890" timestamp="2017-01-15T16:55:49Z" user="Alexander-II" uid="3580412" lat="55.7409845" lon="37.5714802">
    <tag k="access" v="permissive" />
    <tag k="access:conditional" v="no @ winter" />
    <tag k="description" v="Выходы могут перекрываться на зиму или от случая. Но летом почти всегда открыты." />
    <tag k="entrance" v="yes" />
    <tag k="layer" v="1" />
  </node>
  <node id="4607133578" visible="true" version="1" changeset="45151553" timestamp="2017-01-14T00:46:23Z" user="Alexander-II" uid="3580412" lat="55.7406678" lon="37.5720207" />
  <node id="1459335186" visible="true" version="1" changeset="9507196" timestamp="2011-10-08T21:42:06Z" user="AMDmi3" uid="133332" lat="55.7383796" lon="37.5696471" />
  <node id="5300042194" visible="true" version="1" changeset="54852859" timestamp="2017-12-22T23:12:46Z" user="luch86" uid="266092" lat="55.7352317" lon="37.5657038" />
  <node id="1398729151" visible="true" version="6" changeset="102895377" timestamp="2021-04-14T03:20:45Z" user="Alexey Lukin" uid="485808" lat="55.7424535" lon="37.6520951" />
  <node id="1003583031" visible="true" version="2" changeset="54274700" timestamp="2017-12-02T16:23:45Z" user="Alexander-II" uid="3580412" lat="55.7395032" lon="37.5714079" />
  <node id="6937381495" visible="true" version="10" changeset="154606817" timestamp="2024-07-30T13:31:27Z" user="mavl" uid="564990" lat="55.7324091" lon="37.6380281">
    <tag k="name" v="Павелецкая" />
    <tag k="public_transport" v="stop_position" />
    <tag k="railway" v="stop" />
    <tag k="subway" v="yes" />
  </node>
  <node id="12156213472" visible="true" version="1" changeset="156201986" timestamp="2024-09-04T19:31:28Z" user="Womhyo666" uid="21666388" lat="55.7415753" lon="37.6514547">
    <tag k="railway" v="crossing" />
  </node>
  <node id="3013744668" visible="true" version="2" changeset="45151553" timestamp="2017-01-14T00:46:35Z" user="Alexander-II" uid="3580412" lat="55.7410517" lon="37.5712876" />
  <node id="3838285931" visible="true" version="7" changeset="101534920" timestamp="2021-03-23T01:18:57Z" user="Alexey Lukin" uid="485808" lat="55.7424255" lon="37.5652398" />
  <node id="4607133571" visible="true" version="1" changeset="45151553" timestamp="2017-01-14T00:46:23Z" user="Alexander-II" uid="3580412" lat="55.7405680" lon="37.5722465" />
  <node id="1149349145" visible="true" version="8" changeset="175505800" timestamp="2025-12-04T16:45:54Z" user="Felis Pimeja" uid="260756" lat="55.7734482" lon="37.6545302" />
  <node id="5217351055" visible="true" version="3" changeset="163510448" timestamp="2025-03-12T04:30:56Z" user="radio-van" uid="12288220" lat="55.7315145" lon="37.5584843">
    <tag k="button_operated" v="yes" />
    <tag k="crossing" v="traffic_signals" />
    <tag k="highway" v="crossing" />
    <tag k="tactile_paving" v="no" />
  </node>
  <node id="1697928246" visible="true" version="1" changeset="11156352" timestamp="2012-03-30T15:43:05Z" user="AlexeyS" uid="39086" lat="55.7404884" lon="37.5725497" />
  <node id="1023189208" visible="true" version="2" changeset="9507196" timestamp="2011-10-08T21:44:07Z" user="AMDmi3" uid="133332" lat="55.7389400" lon="37.5705238" />
  <node id="8654080223" visible="true" version="1" changeset="103377308" timestamp="2021-04-22T04:53:20Z" user="Alexey Lukin" uid="485808" lat="55.7632310" lon="37.6605607" />
  <node id="1017859449" visible="true" version="1" changeset="6523981" timestamp="2010-12-03T09:35:55Z" user="AlexeyS" uid="39086" lat="55.7391883" lon="37.5716020" />
  <node id="477786836" visible="true" version="3" changeset="11330293" timestamp="2012-04-17T08:46:05Z" user="AlexeyS" uid="39086" lat="55.7387995" lon="37.5750162" />
  <node id="1459335272" visible="true" version="1" changeset="9507196" timestamp="2011-10-08T21:42:11Z" user="AMDmi3" uid="133332" lat="55.7407658" lon="37.5717411" />
  <node id="4215584796" visible="true" version="2" changeset="39668405" timestamp="2016-05-30T15:39:49Z" user="alex_konstantino" uid="681911" lat="55.7338169" lon="37.5633574" />
  <node id="1459335270" visible="true" version="1" changeset="9507196" timestamp="2011-10-08T21:42:10Z" user="AMDmi3" uid="133332" lat="55.7403396" lon="37.5713651" />
  <node id="4607133564" visible="true" version="1" changeset="45151553" timestamp="2017-01-14T00:46:23Z" user="Alexander-II" uid="3580412" lat="55.7409720" lon="37.5716892" />
  <node id="4607133822" visible="true" version="1" changeset="45151553" timestamp="2017-01-14T00:46:24Z" user="Alexander-II" uid="3580412" lat="55.7404868" lon="37.5723766">
    <tag k="entrance" v="main" />
  </node>
  <node id="1515283232" visible="true" version="5" changeset="51767213" timestamp="2017-09-06T02:35:11Z" user="Alexander-II" uid="3580412" lat="55.7387451" lon="37.5708029">
    <tag k="access" v="private" />
    <tag k="addr:flats" v="93-124" />
    <tag k="entrance" v="staircase" />
    <tag k="ref" v="4" />
  </node>
  <node id="1414422041" visible="true" version="1" changeset="9136401" timestamp="2011-08-27T10:22:57Z" user="AMDmi3" uid="133332" lat="55.7323782" lon="37.5597334" />
  <node id="1014508483" visible="true" version="2" changeset="9138716" timestamp="2011-08-27T15:04:36Z" user="AMDmi3" uid="133332" lat="55.7351067" lon="37.5653308" />
  <node id="1414850598" visible="true" version="1" changeset="9138716" timestamp="2011-08-27T15:03:40Z" user="AMDmi3" uid="133332" lat="55.7344566" lon="37.5646927" />
  <node id="477786842" visible="true" version="2" changeset="30349339" timestamp="2015-04-20T09:01:38Z" user="AlexeyS" uid="39086" lat="55.7390729" lon="37.5729084" />
  <node id="3838285928" visible="true" version="7" changeset="101534920" timestamp="2021-03-23T01:18:57Z" user="Alexey Lukin" uid="485808" lat="55.7392016" lon="37.5712083" />
  <node id="1459335670" visible="true" version="1" changeset="9507196" timestamp="2011-10-08T21:42:27Z" user="AMDmi3" uid="133332" lat="55.7479571" lon="37.5759118" />
  <node id="477786634" visible="true" version="4" changeset="9138716" timestamp="2011-08-27T15:05:02Z" user="AMDmi3" uid="133332" lat="55.7349364" lon="37.5655621" />
  <node id="9429948030" visible="true" version="1" changeset="116323472" timestamp="2022-01-19T04:29:52Z" user="Alexey Lukin" uid="485808" lat="55.7397291" lon="37.6481093" />
  <node id="565333591" visible="true" version="5" changeset="9507196" timestamp="2011-10-08T21:44:45Z" user="AMDmi3" uid="133332" lat="55.7408819" lon="37.5720538" />
  <node id="1003701840" visible="true" version="3" changeset="55422637" timestamp="2018-01-14T05:57:38Z" user="Alexander-II" uid="3580412" lat="55.7393161" lon="37.5725990" />
  <node id="5300042188" visible="true" version="1" changeset="54852859" timestamp="2017-12-22T23:12:46Z" user="luch86" uid="266092" lat="55.7375655" lon="37.5689386" />
  <node id="1003591963" visible="true" version="3" changeset="7938976" timestamp="2011-04-22T21:31:39Z" user="AlexeyS" uid="39086" lat="55.7389805" lon="37.5738906" />
  <node id="1414850733" visible="true" version="3" changeset="44201871" timestamp="2016-12-06T07:42:29Z" user="AlexeyS" uid="39086" lat="55.7409828" lon="37.5726390" />
  <node id="1740091780" visible="true" version="2" changeset="51767213" timestamp="2017-09-06T02:35:11Z" user="Alexander-II" uid="3580412" lat="55.7381975" lon="37.5704800" />
  <node id="1414850800" visible="true" version="1" changeset="9138716" timestamp="2011-08-27T15:03:44Z" user="AMDmi3" uid="133332" lat="55.7410046" lon="37.5718143" />
  <node id="1459335157" visible="true" version="1" changeset="9507196" timestamp="2011-10-08T21:42:05Z" user="AMDmi3" uid="133332" lat="55.7375910" lon="37.5688501" />
  <node id="1459335291" visible="true" version="1" changeset="9507196" timestamp="2011-10-08T21:42:11Z" user="AMDmi3" uid="133332" lat="55.7420424" lon="37.5730644" />
  <node id="1003556971" visible="true" version="1" changeset="6453119" timestamp="2010-11-25T09:43:33Z" user="AlexeyS" uid="39086" lat="55.7387545" lon="37.5711613" />
  <node id="1459335263" visible="true" version="1" changeset="9507196" timestamp="2011-10-08T21:42:10Z" user="AMDmi3" uid="133332" lat="55.7398660" lon="37.5709866" />
  <node id="5260294294" visible="true" version="2" changeset="120139495" timestamp="2022-04-24T21:24:28Z" user="literan" uid="830106" lat="55.7398077" lon="37.5710403">
    <tag k="crossing" v="traffic_signals" />
    <tag k="highway" v="crossing" />
  </node>
  <node id="8319860612" visible="true" version="1" changeset="97466159" timestamp="2021-01-13T22:01:20Z" user="Alexey Lukin" uid="485808" lat="55.7376514" lon="37.5847445" />
  <node id="1697928237" visible="true" version="4" changeset="118773621" timestamp="2022-03-22T11:09:33Z" user="Alexandrcfif" uid="103003" lat="55.7401240" lon="37.5729938">
    <tag k="crossing" v="uncontrolled" />
    <tag k="highway" v="crossing" />
    <tag k="tactile_paving" v="no" />
  </node>
  <node id="11071650883" visible="true" version="1" changeset="139099454" timestamp="2023-07-27T17:37:21Z" user="Alexey Lukin" uid="485808" lat="55.7308822" lon="37.6349057" />
  <node id="1398729079" visible="true" version="7" changeset="101534920" timestamp="2021-03-23T01:18:57Z" user="Alexey Lukin" uid="485808" lat="55.7395244" lon="37.5703999" />
  <node id="5260294305" visible="true" version="2" changeset="163510448" timestamp="2025-03-12T04:24:09Z" user="radio-van" uid="12288220" lat="55.7341962" lon="37.5641587">
    <tag k="crossing" v="traffic_signals" />
    <tag k="highway" v="crossing" />
    <tag k="tactile_paving" v="no" />
  </node>
  <node id="1459335809" visible="true" version="1" changeset="9507196" timestamp="2011-10-08T21:42:33Z" user="AMDmi3" uid="133332" lat="55.7532161" lon="37.5720203" />
  <node id="1694556481" visible="true" version="1" changeset="11125551" timestamp="2012-03-28T10:41:42Z" user="AlexeyS" uid="39086" lat="55.7394906" lon="37.5726182" />
  <node id="1398729001" visible="true" version="10" changeset="116323472" timestamp="2022-01-19T04:29:52Z" user="Alexey Lukin" uid="485808" lat="55.7327943" lon="37.6396849" />
  <node id="1720287069" visible="true" version="1" changeset="11330293" timestamp="2012-04-17T08:45:52Z" user="AlexeyS" uid="39086" lat="55.7404386" lon="37.5731026" />
  <node id="1515283252" visible="true" version="2" changeset="54274700" timestamp="2017-12-02T16:23:47Z" user="Alexander-II" uid="3580412" lat="55.7394898" lon="37.5711921" />
  <node id="1006136603" visible="true" version="1" changeset="6466128" timestamp="2010-11-26T23:01:44Z" user="AlexeyS" uid="39086" lat="55.7397666" lon="37.5726866" />
  <node id="1189903226" visible="true" version="11" changeset="116323472" timestamp="2022-01-19T04:29:52Z" user="Alexey Lukin" uid="485808" lat="55.7337414" lon="37.6414314" />
  <node id="8654074708" visible="true" version="2" changeset="141935600" timestamp="2023-09-30T02:45:58Z" user="Alexey Lukin" uid="485808" lat="55.7708424" lon="37.6551154" />
  <node id="5260294286" visible="true" version="1" changeset="54274700" timestamp="2017-12-02T16:23:43Z" user="Alexander-II" uid="3580412" lat="55.7395149" lon="37.5711784" />
  <node id="1459335325" visible="true" version="1" changeset="9507196" timestamp="2011-10-08T21:42:15Z" user="AMDmi3" uid="133332" lat="55.7438058" lon="37.5744550" />
  <node id="3013744688" visible="true" version="1" changeset="24716616" timestamp="2014-08-13T06:39:56Z" user="Felis Pimeja" uid="260756" lat="55.7441044" lon="37.5750418" />
  <node id="4795893505" visible="true" version="1" changeset="47826593" timestamp="2017-04-15T22:51:48Z" user="Zverik" uid="290271" lat="55.7401370" lon="37.5697770" />
  <node id="5338359756" visible="true" version="1" changeset="55422637" timestamp="2018-01-14T05:57:29Z" user="Alexander-II" uid="3580412" lat="55.7391679" lon="37.5719048" />
  <node id="13858030010" visible="true" version="1" changeset="182983174" timestamp="2026-05-21T15:51:13Z" user="Fedorrr" uid="23588668" lat="55.7395799" lon="37.5718161" />
  <node id="87240247" visible="true" version="9" changeset="7876844" timestamp="2011-04-16T10:02:30Z" user="AMDmi3" uid="133332" lat="55.7318505" lon="37.5592907" />
  <node id="1515283224" visible="true" version="5" changeset="51767213" timestamp="2017-09-06T02:35:11Z" user="Alexander-II" uid="3580412" lat="55.7383384" lon="37.5704365">
    <tag k="access" v="private" />
    <tag k="addr:flats" v="155-185" />
    <tag k="entrance" v="staircase" />
    <tag k="ref" v="6" />
  </node>
  <node id="4607133570" visible="true" version="2" changeset="89208959" timestamp="2020-08-10T16:42:53Z" user="ks1v" uid="279214" lat="55.7406165" lon="37.5722864" />
  <node id="1003701989" visible="true" version="3" changeset="7938976" timestamp="2011-04-22T21:31:38Z" user="AlexeyS" uid="39086" lat="55.7390848" lon="37.5715563" />
  <node id="10883936298" visible="true" version="1" changeset="135938665" timestamp="2023-05-10T14:08:18Z" user="Bobropiton" uid="2055718" lat="55.7434061" lon="37.5727693" />
  <node id="1007261092" visible="true" version="3" changeset="9507196" timestamp="2011-10-08T21:44:06Z" user="AMDmi3" uid="133332" lat="55.7389607" lon="37.5703529" />
  <node id="13758187963" visible="true" version="1" changeset="181754831" timestamp="2026-04-24T09:18:31Z" user="OSMchik" uid="8923703" lat="55.7347405" lon="37.5652071" />
  <node id="1003556949" visible="true" version="3" changeset="55422637" timestamp="2018-01-14T05:57:38Z" user="Alexander-II" uid="3580412" lat="55.7385303" lon="37.5721068" />
  <node id="1255973581" visible="true" version="1" changeset="7938976" timestamp="2011-04-22T21:31:33Z" user="AlexeyS" uid="39086" lat="55.7384905" lon="37.5715158" />
  <node id="1459335176" visible="true" version="1" changeset="9507196" timestamp="2011-10-08T21:42:06Z" user="AMDmi3" uid="133332" lat="55.7381604" lon="37.5693899" />
  <node id="1414850566" visible="true" version="1" changeset="9138716" timestamp="2011-08-27T15:03:39Z" user="AMDmi3" uid="133332" lat="55.7342078" lon="37.5636440" />
  <node id="1398728861" visible="true" version="8" changeset="139111843" timestamp="2023-07-28T00:49:39Z" user="Alexey Lukin" uid="485808" lat="55.7293690" lon="37.6110188" />
  <node id="1459335177" visible="true" version="1" changeset="9507196" timestamp="2011-10-08T21:42:06Z" user="AMDmi3" uid="133332" lat="55.7381712" lon="37.5695385" />
  <node id="1398729053" visible="true" version="9" changeset="116323535" timestamp="2022-01-19T04:33:15Z" user="Alexey Lukin" uid="485808" lat="55.7370912" lon="37.6445054" />
  <node id="12156213474" visible="true" version="1" changeset="156201986" timestamp="2024-09-04T19:31:28Z" user="Womhyo666" uid="21666388" lat="55.7416271" lon="37.6515222">
    <tag k="railway" v="crossing" />
  </node>
  <node id="5137182902" visible="true" version="1" changeset="52469732" timestamp="2017-09-29T09:33:34Z" user="Alexander-II" uid="3580412" lat="55.7404706" lon="37.5722764" />
  <node id="1255973548" visible="true" version="1" changeset="7938976" timestamp="2011-04-22T21:31:33Z" user="AlexeyS" uid="39086" lat="55.7398597" lon="37.5727086" />
  <node id="1189903126" visible="true" version="7" changeset="97466159" timestamp="2021-01-13T22:01:20Z" user="Alexey Lukin" uid="485808" lat="55.7374731" lon="37.5856325" />
  <node id="1414850730" visible="true" version="1" changeset="9138716" timestamp="2011-08-27T15:03:43Z" user="AMDmi3" uid="133332" lat="55.7406771" lon="37.5714475" />
  <node id="10774858950" visible="true" version="3" changeset="154607347" timestamp="2024-07-30T13:43:37Z" user="mavl" uid="564990" lat="55.7404623" lon="37.5715423">
    <tag k="bus" v="yes" />
    <tag k="name" v="Мост Богдана Хмельницкого" />
    <tag k="public_transport" v="stop_position" />
  </node>
  <node id="1414850600" visible="true" version="1" changeset="9138716" timestamp="2011-08-27T15:03:40Z" user="AMDmi3" uid="133332" lat="55.7345293" lon="37.5645637" />
  <node id="1459335249" visible="true" version="1" changeset="9507196" timestamp="2011-10-08T21:42:09Z" user="AMDmi3" uid="133332" lat="55.7396114" lon="37.5707516" />
  <node id="10774858942" visible="true" version="3" changeset="154606740" timestamp="2024-07-30T13:29:41Z" user="mavl" uid="564990" lat="55.7312589" lon="37.5580669">
    <tag k="bus" v="yes" />
    <tag k="name" v="Саввинская набережная" />
    <tag k="public_transport" v="stop_position" />
  </node>
  <node id="8319860607" visible="true" version="1" changeset="97466159" timestamp="2021-01-13T22:01:20Z" user="Alexey Lukin" uid="485808" lat="55.7392825" lon="37.5755511" />
  <node id="1459335403" visible="true" version="1" changeset="9507196" timestamp="2011-10-08T21:42:17Z" user="AMDmi3" uid="133332" lat="55.7441586" lon="37.5747433" />
  <node id="1398729049" visible="true" version="6" changeset="97466159" timestamp="2021-01-13T22:01:20Z" user="Alexey Lukin" uid="485808" lat="55.7377266" lon="37.5842924" />
  <node id="5137182900" visible="true" version="1" changeset="52469732" timestamp="2017-09-29T09:33:34Z" user="Alexander-II" uid="3580412" lat="55.7406142" lon="37.5720448" />
  <node id="1003701931" visible="true" version="2" changeset="55422637" timestamp="2018-01-14T05:57:38Z" user="Alexander-II" uid="3580412" lat="55.7393157" lon="37.5716593" />
  <node id="4607133568" visible="true" version="1" changeset="45151553" timestamp="2017-01-14T00:46:23Z" user="Alexander-II" uid="3580412" lat="55.7409139" lon="37.5715765" />
  <node id="1003701994" visible="true" version="3" changeset="7938976" timestamp="2011-04-22T21:31:39Z" user="AlexeyS" uid="39086" lat="55.7390343" lon="37.5715137" />
  <node id="1003701981" visible="true" version="4" changeset="55422637" timestamp="2018-01-14T05:57:38Z" user="Alexander-II" uid="3580412" lat="55.7390296" lon="37.5725692">
    <tag k="barrier" v="lift_gate" />
  </node>
  <node id="1414850650" visible="true" version="1" changeset="9138716" timestamp="2011-08-27T15:03:41Z" user="AMDmi3" uid="133332" lat="55.7367938" lon="37.5677509" />
  <node id="1003139109" visible="true" version="3" changeset="9138716" timestamp="2011-08-27T15:04:34Z" user="AMDmi3" uid="133332" lat="55.7394647" lon="37.5713649">
    <tag k="barrier" v="bollard" />
    <tag k="bicycle" v="yes" />
    <tag k="foot" v="yes" />
  </node>
  <node id="13858030023" visible="true" version="1" changeset="182983174" timestamp="2026-05-21T15:51:13Z" user="Fedorrr" uid="23588668" lat="55.7400594" lon="37.5715180" />
  <node id="4000356590" visible="true" version="1" changeset="37141719" timestamp="2016-02-11T09:28:04Z" user="literan" uid="830106" lat="55.7378427" lon="37.5696203" />
  <node id="4607133550" visible="true" version="2" changeset="45194890" timestamp="2017-01-15T16:55:49Z" user="Alexander-II" uid="3580412" lat="55.7410296" lon="37.5715730">
    <tag k="access" v="permissive" />
    <tag k="access:conditional" v="no @ winter" />
    <tag k="description" v="Выходы могут перекрываться на зиму или от случая. Но летом почти всегда открыты." />
    <tag k="entrance" v="yes" />
    <tag k="layer" v="1" />
  </node>
  <node id="7797579011" visible="true" version="1" changeset="89140958" timestamp="2020-08-08T23:34:18Z" user="ks1v" uid="279214" lat="55.7403381" lon="37.5723908" />
  <node id="1023189242" visible="true" version="4" changeset="112350253" timestamp="2021-10-10T22:02:00Z" user="alexey_zakharenkov" uid="2580205" lat="55.7389081" lon="37.5706345">
    <tag k="barrier" v="lift_gate" />
  </node>
  <node id="1459335273" visible="true" version="1" changeset="9507196" timestamp="2011-10-08T21:42:11Z" user="AMDmi3" uid="133332" lat="55.7408244" lon="37.5720705" />
  <node id="1398729095" visible="true" version="9" changeset="101534920" timestamp="2021-03-23T01:18:57Z" user="Alexey Lukin" uid="485808" lat="55.7403186" lon="37.5669510" />
  <node id="1519153427" visible="true" version="1" changeset="9963859" timestamp="2011-11-27T07:56:58Z" user="AlexeyS" uid="39086" lat="55.7386319" lon="37.5702504" />
  <node id="12156213473" visible="true" version="1" changeset="156201986" timestamp="2024-09-04T19:31:28Z" user="Womhyo666" uid="21666388" lat="55.7412072" lon="37.6509757" />
  <node id="594043021" visible="true" version="4" changeset="9138716" timestamp="2011-08-27T15:05:03Z" user="AMDmi3" uid="133332" lat="55.7315947" lon="37.5586060" />
  <node id="5300042184" visible="true" version="1" changeset="54852859" timestamp="2017-12-22T23:12:46Z" user="luch86" uid="266092" lat="55.7394209" lon="37.5709476">
    <tag k="highway" v="traffic_signals" />
  </node>
  <node id="1720287079" visible="true" version="1" changeset="11330293" timestamp="2012-04-17T08:45:52Z" user="AlexeyS" uid="39086" lat="55.7406143" lon="37.5723775" />
  <node id="5338359750" visible="true" version="1" changeset="55422637" timestamp="2018-01-14T05:57:29Z" user="Alexander-II" uid="3580412" lat="55.7391313" lon="37.5717349">
    <tag k="entrance" v="service" />
  </node>
  <node id="4620041113" visible="true" version="1" changeset="45318280" timestamp="2017-01-20T05:47:14Z" user="Alexander-II" uid="3580412" lat="55.7405139" lon="37.5724318" />
  <node id="3838326142" visible="true" version="5" changeset="139111843" timestamp="2023-07-28T00:49:39Z" user="Alexey Lukin" uid="485808" lat="55.7284193" lon="37.6151769" />
  <node id="1459335558" visible="true" version="2" changeset="154364502" timestamp="2024-07-24T18:53:39Z" user="literan" uid="830106" lat="55.7453793" lon="37.5756299" />
  <node id="5137182901" visible="true" version="1" changeset="52469732" timestamp="2017-09-29T09:33:34Z" user="Alexander-II" uid="3580412" lat="55.7405402" lon="37.5724129" />
  <node id="1189903147" visible="true" version="11" changeset="97466159" timestamp="2021-01-13T22:01:20Z" user="Alexey Lukin" uid="485808" lat="55.7391702" lon="37.5726732">
    <tag k="layer" v="-4" />
    <tag k="railway" v="switch" />
    <tag k="ref" v="4" />
  </node>
  <node id="1515283214" visible="true" version="1" changeset="9932972" timestamp="2011-11-24T13:16:58Z" user="AlexeyS" uid="39086" lat="55.7380050" lon="37.5700403" />
  <node id="1697928240" visible="true" version="2" changeset="11330293" timestamp="2012-04-17T08:46:04Z" user="AlexeyS" uid="39086" lat="55.7401424" lon="37.5729080" />
  <node id="1414850736" visible="true" version="1" changeset="9138716" timestamp="2011-08-27T15:03:43Z" user="AMDmi3" uid="133332" lat="55.7407047" lon="37.5716151" />
  <node id="8319860608" visible="true" version="1" changeset="97466159" timestamp="2021-01-13T22:01:20Z" user="Alexey Lukin" uid="485808" lat="55.7393760" lon="37.5740656" />
  <node id="477786806" visible="true" version="5" changeset="51767213" timestamp="2017-09-06T02:35:10Z" user="Alexander-II" uid="3580412" lat="55.7381793" lon="37.5705438" />
  <node id="1459335452" visible="true" version="1" changeset="9507196" timestamp="2011-10-08T21:42:18Z" user="AMDmi3" uid="133332" lat="55.7443924" lon="37.5749344" />
  <node id="1003556952" visible="true" version="3" changeset="55422637" timestamp="2018-01-14T05:57:38Z" user="Alexander-II" uid="3580412" lat="55.7389570" lon="37.5717029" />
  <node id="1398729073" visible="true" version="8" changeset="101534920" timestamp="2021-03-23T01:18:57Z" user="Alexey Lukin" uid="485808" lat="55.7393391" lon="37.5697974" />
  <node id="477786821" visible="true" version="3" changeset="11331764" timestamp="2012-04-17T11:47:24Z" user="AlexeyS" uid="39086" lat="55.7364195" lon="37.5715027" />
  <node id="1364439045" visible="true" version="3" changeset="51767213" timestamp="2017-09-06T02:35:11Z" user="Alexander-II" uid="3580412" lat="55.7386815" lon="37.5715443" />
  <node id="1189903315" visible="true" version="7" changeset="139111843" timestamp="2023-07-28T00:49:39Z" user="Alexey Lukin" uid="485808" lat="55.7284451" lon="37.6168013" />
  <node id="9429948035" visible="true" version="2" changeset="116323535" timestamp="2022-01-19T04:33:15Z" user="Alexey Lukin" uid="485808" lat="55.7366165" lon="37.6440813" />
  <node id="1414850709" visible="true" version="1" changeset="9138716" timestamp="2011-08-27T15:03:42Z" user="AMDmi3" uid="133332" lat="55.7406173" lon="37.5714683" />
  <node id="1414850691" visible="true" version="1" changeset="9138716" timestamp="2011-08-27T15:03:42Z" user="AMDmi3" uid="133332" lat="55.7388923" lon="37.5699622" />
  <node id="1149367746" visible="true" version="9" changeset="141935600" timestamp="2023-09-30T02:45:58Z" user="Alexey Lukin" uid="485808" lat="55.7729263" lon="37.6545093" />
  <node id="1459335167" visible="true" version="1" changeset="9507196" timestamp="2011-10-08T21:42:05Z" user="AMDmi3" uid="133332" lat="55.7378732" lon="37.5691450" />
  <node id="4893123321" visible="true" version="3" changeset="83209863" timestamp="2020-04-07T16:51:57Z" user="literan" uid="830106" lat="55.7442173" lon="37.6540708" />
  <node id="1697928244" visible="true" version="2" changeset="45151553" timestamp="2017-01-14T00:46:32Z" user="Alexander-II" uid="3580412" lat="55.7404372" lon="37.5723302" />
  <node id="1398728849" visible="true" version="8" changeset="139111843" timestamp="2023-07-28T00:49:39Z" user="Alexey Lukin" uid="485808" lat="55.7286702" lon="37.6127842" />
  <node id="1398729042" visible="true" version="6" changeset="97466159" timestamp="2021-01-13T22:01:20Z" user="Alexey Lukin" uid="485808" lat="55.7370081" lon="37.5873267" />
  <node id="11071650886" visible="true" version="2" changeset="139111843" timestamp="2023-07-28T00:49:39Z" user="Alexey Lukin" uid="485808" lat="55.7286999" lon="37.6144578" />
  <node id="1414850782" visible="true" version="1" changeset="9138716" timestamp="2011-08-27T15:03:43Z" user="AMDmi3" uid="133332" lat="55.7409810" lon="37.5716834" />
  <node id="1003591964" visible="true" version="2" changeset="7938976" timestamp="2011-04-22T21:31:38Z" user="AlexeyS" uid="39086" lat="55.7389871" lon="37.5739436" />
  <node id="6937381519" visible="true" version="8" changeset="154607139" timestamp="2024-07-30T13:39:16Z" user="mavl" uid="564990" lat="55.7359102" lon="37.5914052">
    <tag k="name" v="Парк Культуры" />
    <tag k="public_transport" v="stop_position" />
    <tag k="railway" v="stop" />
    <tag k="subway" v="yes" />
  </node>
  <node id="1515283229" visible="true" version="5" changeset="51767213" timestamp="2017-09-06T02:35:11Z" user="Alexander-II" uid="3580412" lat="55.7385417" lon="37.5706197">
    <tag k="access" v="private" />
    <tag k="addr:flats" v="125-154" />
    <tag k="entrance" v="staircase" />
    <tag k="ref" v="5" />
  </node>
  <node id="1003701928" visible="true" version="3" changeset="58079240" timestamp="2018-04-14T00:18:59Z" user="Alexander-II" uid="3580412" lat="55.7392472" lon="37.5721462" />
  <node id="9429948037" visible="true" version="2" changeset="116323535" timestamp="2022-01-19T04:33:15Z" user="Alexey Lukin" uid="485808" lat="55.7383918" lon="37.6461334" />
  <node id="1419644522" visible="true" version="1" changeset="9180861" timestamp="2011-08-31T23:05:55Z" user="AMDmi3" uid="133332" lat="55.7350954" lon="37.5636326" />
  <node id="1398729130" visible="true" version="9" changeset="101534920" timestamp="2021-03-23T01:18:57Z" user="Alexey Lukin" uid="485808" lat="55.7414828" lon="37.5656420" />
  <node id="1459335154" visible="true" version="1" changeset="9507196" timestamp="2011-10-08T21:42:05Z" user="AMDmi3" uid="133332" lat="55.7375305" lon="37.5688693" />
  <node id="1414850706" visible="true" version="1" changeset="9138716" timestamp="2011-08-27T15:03:42Z" user="AMDmi3" uid="133332" lat="55.7405388" lon="37.5724708" />
  <node id="3467157675" visible="true" version="1" changeset="30348047" timestamp="2015-04-20T07:34:03Z" user="AlexeyS" uid="39086" lat="55.7393483" lon="37.5725950" />
  <node id="477786850" visible="true" version="3" changeset="30348047" timestamp="2015-04-20T07:34:03Z" user="AlexeyS" uid="39086" lat="55.7395474" lon="37.5712791" />
  <node id="11071650885" visible="true" version="2" changeset="139111843" timestamp="2023-07-28T00:49:39Z" user="Alexey Lukin" uid="485808" lat="55.7290641" lon="37.6121114" />
  <node id="1103027630" visible="true" version="3" changeset="7938976" timestamp="2011-04-22T21:31:35Z" user="AlexeyS" uid="39086" lat="55.7395702" lon="37.5722500" />
  <node id="1459335144" visible="true" version="1" changeset="9507196" timestamp="2011-10-08T21:42:04Z" user="AMDmi3" uid="133332" lat="55.7374092" lon="37.5687411" />
  <node id="477786834" visible="true" version="1" changeset="2317161" timestamp="2009-08-30T19:05:08Z" user="KekcuHa" uid="30590" lat="55.7387391" lon="37.5749192" />
  <node id="13858030025" visible="true" version="1" changeset="182983174" timestamp="2026-05-21T15:51:13Z" user="Fedorrr" uid="23588668" lat="55.7403371" lon="37.5718256" />
  <node id="1459335296" visible="true" version="1" changeset="9507196" timestamp="2011-10-08T21:42:12Z" user="AMDmi3" uid="133332" lat="55.7426637" lon="37.5734176" />
  <node id="1459335789" visible="true" version="1" changeset="9507196" timestamp="2011-10-08T21:42:32Z" user="AMDmi3" uid="133332" lat="55.7522096" lon="37.5738994" />
  <node id="1255973588" visible="true" version="1" changeset="7938976" timestamp="2011-04-22T21:31:33Z" user="AlexeyS" uid="39086" lat="55.7401932" lon="37.5722256" />
  <node id="1149367769" visible="true" version="9" changeset="141935600" timestamp="2023-09-30T02:45:58Z" user="Alexey Lukin" uid="485808" lat="55.7713525" lon="37.6548614" />
  <node id="315122096" visible="true" version="5" changeset="30349339" timestamp="2015-04-20T09:01:38Z" user="AlexeyS" uid="39086" lat="55.7391793" lon="37.5728294" />
  <node id="1398729062" visible="true" version="7" changeset="97466159" timestamp="2021-01-13T22:01:20Z" user="Alexey Lukin" uid="485808" lat="55.7389676" lon="37.5762089" />
  <node id="5338359762" visible="true" version="1" changeset="55422637" timestamp="2018-01-14T05:57:30Z" user="Alexander-II" uid="3580412" lat="55.7392203" lon="37.5719793" />
  <node id="1414850510" visible="true" version="1" changeset="9138716" timestamp="2011-08-27T15:03:38Z" user="AMDmi3" uid="133332" lat="55.7332738" lon="37.5621965" />
  <node id="1459335058" visible="true" version="1" changeset="9507196" timestamp="2011-10-08T21:42:01Z" user="AMDmi3" uid="133332" lat="55.7345269" lon="37.5642807" />
  <node id="1014508469" visible="true" version="2" changeset="9138716" timestamp="2011-08-27T15:04:36Z" user="AMDmi3" uid="133332" lat="55.7374261" lon="37.5686253" />
  <node id="1459335294" visible="true" version="1" changeset="9507196" timestamp="2011-10-08T21:42:12Z" user="AMDmi3" uid="133332" lat="55.7423571" lon="37.5731446" />
  <node id="666487106" visible="true" version="6" changeset="139111843" timestamp="2023-07-28T00:49:39Z" user="Alexey Lukin" uid="485808" lat="55.7286803" lon="37.6168914" />
  <node id="13858030012" visible="true" version="1" changeset="182983174" timestamp="2026-05-21T15:51:13Z" user="Fedorrr" uid="23588668" lat="55.7399873" lon="37.5718021" />
  <node id="1459335772" visible="true" version="1" changeset="9507196" timestamp="2011-10-08T21:42:31Z" user="AMDmi3" uid="133332" lat="55.7511595" lon="37.5750446" />
  <node id="1398728845" visible="true" version="7" changeset="139111843" timestamp="2023-07-28T00:49:39Z" user="Alexey Lukin" uid="485808" lat="55.7284647" lon="37.6143677" />
  <node id="5338359763" visible="true" version="1" changeset="55422637" timestamp="2018-01-14T05:57:30Z" user="Alexander-II" uid="3580412" lat="55.7391649" lon="37.5719714" />
  <node id="1414850666" visible="true" version="1" changeset="9138716" timestamp="2011-08-27T15:03:42Z" user="AMDmi3" uid="133332" lat="55.7374258" lon="37.5685088" />
  <node id="8654080221" visible="true" version="1" changeset="103377308" timestamp="2021-04-22T04:53:20Z" user="Alexey Lukin" uid="485808" lat="55.7650464" lon="37.6600847" />
  <node id="1720287072" visible="true" version="1" changeset="11330293" timestamp="2012-04-17T08:45:52Z" user="AlexeyS" uid="39086" lat="55.7404677" lon="37.5729128" />
  <node id="1149349205" visible="true" version="8" changeset="175505800" timestamp="2025-12-04T16:45:54Z" user="Felis Pimeja" uid="260756" lat="55.7733119" lon="37.6542188" />
  <node id="594043032" visible="true" version="4" changeset="9138716" timestamp="2011-08-27T15:05:04Z" user="AMDmi3" uid="133332" lat="55.7354534" lon="37.5661773" />
  <node id="7797579010" visible="true" version="1" changeset="89140958" timestamp="2020-08-08T23:34:18Z" user="ks1v" uid="279214" lat="55.7403627" lon="37.5723183" />
  <node id="1461979527" visible="true" version="3" changeset="44772414" timestamp="2016-12-30T00:44:21Z" user="Alexander-II" uid="3580412" lat="55.7302781" lon="37.5564803">
    <tag k="highway" v="traffic_signals" />
  </node>
  <node id="4038142919" visible="true" version="7" changeset="119312710" timestamp="2022-04-04T18:02:59Z" user="Alexey Lukin" uid="485808" lat="55.7364736" lon="37.5897242">
    <tag k="layer" v="-4" />
    <tag k="railway" v="switch" />
    <tag k="ref" v="1" />
  </node>
  <node id="13858030007" visible="true" version="1" changeset="182983174" timestamp="2026-05-21T15:51:13Z" user="Fedorrr" uid="23588668" lat="55.7403198" lon="37.5723721" />
  <node id="477786847" visible="true" version="2" changeset="30348047" timestamp="2015-04-20T07:34:03Z" user="AlexeyS" uid="39086" lat="55.7394059" lon="37.5718391" />
  <node id="1107308988" visible="true" version="2" changeset="7938976" timestamp="2011-04-22T21:31:41Z" user="AlexeyS" uid="39086" lat="55.7396307" lon="37.5720352" />
  <node id="5260294300" visible="true" version="1" changeset="54274700" timestamp="2017-12-02T16:23:43Z" user="Alexander-II" uid="3580412" lat="55.7395211" lon="37.5707708" />
  <node id="477786832" visible="true" version="2" changeset="7938976" timestamp="2011-04-22T21:31:38Z" user="AlexeyS" uid="39086" lat="55.7381752" lon="37.5739817" />
  <node id="1398729313" visible="true" version="4" changeset="103377308" timestamp="2021-04-22T04:53:20Z" user="Alexey Lukin" uid="485808" lat="55.7622071" lon="37.6611238" />
  <node id="1398729099" visible="true" version="8" changeset="101534920" timestamp="2021-03-23T01:18:57Z" user="Alexey Lukin" uid="485808" lat="55.7405254" lon="37.5673551" />
  <node id="1061088336" visible="true" version="4" changeset="58079240" timestamp="2018-04-14T00:19:00Z" user="Alexander-II" uid="3580412" lat="55.7391288" lon="37.5724278" />
  <node id="477787105" visible="true" version="1" changeset="2317161" timestamp="2009-08-30T19:05:15Z" user="KekcuHa" uid="30590" lat="55.7391795" lon="37.5727294" />
  <node id="1255973545" visible="true" version="1" changeset="7938976" timestamp="2011-04-22T21:31:32Z" user="AlexeyS" uid="39086" lat="55.7405374" lon="37.5721047" />
  <node id="7797579002" visible="true" version="1" changeset="89140958" timestamp="2020-08-08T23:34:18Z" user="ks1v" uid="279214" lat="55.7400433" lon="37.5717520" />
  <node id="10164527444" visible="true" version="1" changeset="128576898" timestamp="2022-11-07T02:39:12Z" user="89r" uid="12117593" lat="55.7380419" lon="37.5694259" />
  <node id="13858030020" visible="true" version="1" changeset="182983174" timestamp="2026-05-21T15:51:13Z" user="Fedorrr" uid="23588668" lat="55.7400320" lon="37.5717044" />
  <node id="1515283245" visible="true" version="1" changeset="9932972" timestamp="2011-11-24T13:16:59Z" user="AlexeyS" uid="39086" lat="55.7388695" lon="37.5708143" />
  <node id="4213628979" visible="true" version="1" changeset="39640462" timestamp="2016-05-29T11:35:35Z" user="alex_konstantino" uid="681911" lat="55.7331819" lon="37.5619984" />
  <node id="1459335160" visible="true" version="1" changeset="9507196" timestamp="2011-10-08T21:42:05Z" user="AMDmi3" uid="133332" lat="55.7376171" lon="37.5688322" />
  <node id="1720287076" visible="true" version="1" changeset="11330293" timestamp="2012-04-17T08:45:52Z" user="AlexeyS" uid="39086" lat="55.7405153" lon="37.5729466" />
  <node id="13858030011" visible="true" version="1" changeset="182983174" timestamp="2026-05-21T15:51:13Z" user="Fedorrr" uid="23588668" lat="55.7396754" lon="37.5715561" />
  <node id="4215639514" visible="true" version="1" changeset="39668405" timestamp="2016-05-30T15:39:46Z" user="alex_konstantino" uid="681911" lat="55.7323154" lon="37.5601623" />
  <node id="1003701833" visible="true" version="4" changeset="55422637" timestamp="2018-01-14T05:57:38Z" user="Alexander-II" uid="3580412" lat="55.7394074" lon="37.5718008" />
  <node id="594043074" visible="true" version="3" changeset="11024334" timestamp="2012-03-18T21:31:55Z" user="esaulenka" uid="336354" lat="55.7441550" lon="37.5748129" />
  <node id="4607133819" visible="true" version="2" changeset="45194890" timestamp="2017-01-15T16:55:49Z" user="Alexander-II" uid="3580412" lat="55.7411334" lon="37.5714523">
    <tag k="access" v="permissive" />
    <tag k="access:conditional" v="no @ winter" />
    <tag k="description" v="Выходы могут перекрываться на зиму или от случая. Но летом почти всегда открыты." />
    <tag k="entrance" v="yes" />
    <tag k="layer" v="1" />
  </node>
  <node id="1189903182" visible="true" version="9" changeset="101534920" timestamp="2021-03-23T01:18:57Z" user="Alexey Lukin" uid="485808" lat="55.7392295" lon="37.5707069" />
  <node id="3836635758" visible="true" version="2" changeset="49211550" timestamp="2017-06-03T03:37:53Z" user="Alexey Lukin" uid="485808" lat="55.7436491" lon="37.6532630" />
  <node id="1454924311" visible="true" version="2" changeset="51767213" timestamp="2017-09-06T02:35:11Z" user="Alexander-II" uid="3580412" lat="55.7387348" lon="37.5713338" />
  <node id="1003588843" visible="true" version="2" changeset="6468957" timestamp="2010-11-27T11:54:36Z" user="AlexeyS" uid="39086" lat="55.7374866" lon="37.5691393" />
  <node id="663130658" visible="true" version="2" changeset="15636326" timestamp="2013-04-07T07:39:15Z" user="MosKartograf" uid="382604" lat="55.7280681" lon="37.5477856" />
  <node id="1023189136" visible="true" version="9" changeset="51767213" timestamp="2017-09-06T02:35:10Z" user="Alexander-II" uid="3580412" lat="55.7393550" lon="37.5713523">
    <tag k="access" v="private" />
    <tag k="addr:flats" v="1-30" />
    <tag k="entrance" v="staircase" />
    <tag k="ref" v="1" />
  </node>
  <node id="1003556958" visible="true" version="3" changeset="55422637" timestamp="2018-01-14T05:57:38Z" user="Alexander-II" uid="3580412" lat="55.7389640" lon="37.5715668" />
  <node id="5338359754" visible="true" version="1" changeset="55422637" timestamp="2018-01-14T05:57:29Z" user="Alexander-II" uid="3580412" lat="55.7391180" lon="37.5718976" />
  <node id="1045128732" visible="true" version="6" changeset="103377308" timestamp="2021-04-22T04:53:20Z" user="Alexey Lukin" uid="485808" lat="55.7623449" lon="37.6607163" />
  <node id="1398729152" visible="true" version="9" changeset="101534920" timestamp="2021-03-23T01:18:57Z" user="Alexey Lukin" uid="485808" lat="55.7421014" lon="37.5653244" />
  <node id="1045129052" visible="true" version="6" changeset="103377308" timestamp="2021-04-22T04:53:20Z" user="Alexey Lukin" uid="485808" lat="55.7614545" lon="37.6607152" />
  <node id="4607133584" visible="true" version="1" changeset="45151553" timestamp="2017-01-14T00:46:23Z" user="Alexander-II" uid="3580412" lat="55.7408242" lon="37.5717709" />
  <node id="8654074715" visible="true" version="2" changeset="141935600" timestamp="2023-09-30T02:45:58Z" user="Alexey Lukin" uid="485808" lat="55.7717289" lon="37.6543479" />
  <node id="1515283263" visible="true" version="1" changeset="9932972" timestamp="2011-11-24T13:17:00Z" user="AlexeyS" uid="39086" lat="55.7396876" lon="37.5713170" />
  <node id="1459335234" visible="true" version="1" changeset="9507196" timestamp="2011-10-08T21:42:09Z" user="AMDmi3" uid="133332" lat="55.7394426" lon="37.5706714" />
  <node id="11071650881" visible="true" version="2" changeset="139111843" timestamp="2023-07-28T00:49:39Z" user="Alexey Lukin" uid="485808" lat="55.7294067" lon="37.6269783" />
  <node id="1459335072" visible="true" version="1" changeset="9507196" timestamp="2011-10-08T21:42:01Z" user="AMDmi3" uid="133332" lat="55.7352709" lon="37.5656182" />
  <node id="1459335173" visible="true" version="1" changeset="9507196" timestamp="2011-10-08T21:42:05Z" user="AMDmi3" uid="133332" lat="55.7380281" lon="37.5698089" />
  <node id="5260294288" visible="true" version="2" changeset="120139495" timestamp="2022-04-24T21:24:28Z" user="literan" uid="830106" lat="55.7395696" lon="37.5713208">
    <tag k="crossing" v="traffic_signals" />
    <tag k="highway" v="crossing" />
  </node>
  <node id="1398729066" visible="true" version="6" changeset="116323535" timestamp="2022-01-19T04:33:15Z" user="Alexey Lukin" uid="485808" lat="55.7385344" lon="37.6458012" />
  <node id="1003556950" visible="true" version="3" changeset="55422637" timestamp="2018-01-14T05:57:38Z" user="Alexander-II" uid="3580412" lat="55.7388913" lon="37.5720429" />
  <node id="1398729124" visible="true" version="8" changeset="101534920" timestamp="2021-03-23T01:18:57Z" user="Alexey Lukin" uid="485808" lat="55.7415918" lon="37.5661162" />
  <node id="1003556976" visible="true" version="5" changeset="120139495" timestamp="2022-04-24T21:24:28Z" user="literan" uid="830106" lat="55.7399729" lon="37.5711419" />
  <node id="87240249" visible="true" version="11" changeset="9507196" timestamp="2011-10-08T21:44:56Z" user="AMDmi3" uid="133332" lat="55.7358709" lon="37.5670573" />
  <node id="1398729082" visible="true" version="8" changeset="101534920" timestamp="2021-03-23T01:18:57Z" user="Alexey Lukin" uid="485808" lat="55.7398118" lon="37.5680112" />
  <node id="4607133801" visible="true" version="1" changeset="45151553" timestamp="2017-01-14T00:46:23Z" user="Alexander-II" uid="3580412" lat="55.7407680" lon="37.5717086" />
  <node id="1454924308" visible="true" version="2" changeset="51767213" timestamp="2017-09-06T02:35:11Z" user="Alexander-II" uid="3580412" lat="55.7386188" lon="37.5714053" />
  <node id="4893123322" visible="true" version="1" changeset="49211550" timestamp="2017-06-03T03:37:53Z" user="Alexey Lukin" uid="485808" lat="55.7443065" lon="37.6536865" />
  <node id="4516485100" visible="true" version="5" changeset="101534920" timestamp="2021-03-23T01:18:57Z" user="Alexey Lukin" uid="485808" lat="55.7426828" lon="37.5652104" />
  <node id="1023189180" visible="true" version="9" changeset="51767213" timestamp="2017-09-06T02:35:10Z" user="Alexander-II" uid="3580412" lat="55.7389484" lon="37.5709860">
    <tag k="access" v="private" />
    <tag k="addr:flats" v="61-92" />
    <tag k="entrance" v="staircase" />
    <tag k="ref" v="3" />
  </node>
  <node id="1398729329" visible="true" version="2" changeset="103377308" timestamp="2021-04-22T04:53:20Z" user="Alexey Lukin" uid="485808" lat="55.7654920" lon="37.6592559" />
  <node id="1414422097" visible="true" version="2" changeset="9138716" timestamp="2011-08-27T15:04:45Z" user="AMDmi3" uid="133332" lat="55.7361239" lon="37.5669053" />
  <node id="10774858944" visible="true" version="3" changeset="154606922" timestamp="2024-07-30T13:33:37Z" user="mavl" uid="564990" lat="55.7344781" lon="37.5647316">
    <tag k="bus" v="yes" />
    <tag k="name" v="Московский шёлк" />
    <tag k="public_transport" v="stop_position" />
  </node>
  <node id="1003565254" visible="true" version="4" changeset="6468957" timestamp="2010-11-27T11:54:36Z" user="AlexeyS" uid="39086" lat="55.7380648" lon="37.5697266" />
  <node id="1003591961" visible="true" version="2" changeset="7938976" timestamp="2011-04-22T21:31:41Z" user="AlexeyS" uid="39086" lat="55.7390594" lon="37.5727741" />
  <node id="3838330118" visible="true" version="3" changeset="139099454" timestamp="2023-07-27T17:37:21Z" user="Alexey Lukin" uid="485808" lat="55.7308533" lon="37.6340056" />
  <node id="3694670742" visible="true" version="5" changeset="83209863" timestamp="2020-04-07T16:51:57Z" user="literan" uid="830106" lat="55.7448949" lon="37.6543778" />
  <node id="7797579008" visible="true" version="1" changeset="89140958" timestamp="2020-08-08T23:34:18Z" user="ks1v" uid="279214" lat="55.7404030" lon="37.5722180" />
  <node id="13858030022" visible="true" version="1" changeset="182983174" timestamp="2026-05-21T15:51:13Z" user="Fedorrr" uid="23588668" lat="55.7400057" lon="37.5715177" />
  <node id="594043083" visible="true" version="2" changeset="154364502" timestamp="2024-07-24T18:53:39Z" user="literan" uid="830106" lat="55.7454238" lon="37.5757257" />
  <node id="4994198929" visible="true" version="3" changeset="51767213" timestamp="2017-09-06T02:35:11Z" user="Alexander-II" uid="3580412" lat="55.7388849" lon="37.5709288">
    <tag k="historic" v="memorial" />
    <tag k="inscription" v="В этом доме с 1947 по 1950 жил Герой Советского Союза гвардии генерал лейтенант танковых войск Теляков Николай Матвеевич" />
    <tag k="memorial" v="plaque" />
  </node>
  <node id="1364439049" visible="true" version="3" changeset="51767213" timestamp="2017-09-06T02:35:11Z" user="Alexander-II" uid="3580412" lat="55.7388242" lon="37.5715785" />
  <node id="5300042192" visible="true" version="1" changeset="54852859" timestamp="2017-12-22T23:12:46Z" user="luch86" uid="266092" lat="55.7347363" lon="37.5648388" />
  <node id="3836635656" visible="true" version="4" changeset="102895418" timestamp="2021-04-14T03:22:21Z" user="Alexey Lukin" uid="485808" lat="55.7430195" lon="37.6527027" />
  <node id="5300042202" visible="true" version="1" changeset="54852859" timestamp="2017-12-22T23:12:47Z" user="luch86" uid="266092" lat="55.7340307" lon="37.5638132">
    <tag k="highway" v="traffic_signals" />
  </node>
  <node id="3836635757" visible="true" version="4" changeset="83209863" timestamp="2020-04-07T16:51:57Z" user="literan" uid="830106" lat="55.7435601" lon="37.6536474" />
  <node id="3838326150" visible="true" version="4" changeset="139111843" timestamp="2023-07-28T00:49:39Z" user="Alexey Lukin" uid="485808" lat="55.7289054" lon="37.6128743" />
  <node id="1459335257" visible="true" version="1" changeset="9507196" timestamp="2011-10-08T21:42:10Z" user="AMDmi3" uid="133332" lat="55.7396781" lon="37.5708551" />
  <node id="1414850784" visible="true" version="1" changeset="9138716" timestamp="2011-08-27T15:03:43Z" user="AMDmi3" uid="133332" lat="55.7409969" lon="37.5717478" />
  <node id="1459335288" visible="true" version="1" changeset="9507196" timestamp="2011-10-08T21:42:11Z" user="AMDmi3" uid="133332" lat="55.7418534" lon="37.5726892" />
  <node id="1459335756" visible="true" version="1" changeset="9507196" timestamp="2011-10-08T21:42:30Z" user="AMDmi3" uid="133332" lat="55.7501973" lon="37.5755695" />
  <node id="1398729266" visible="true" version="10" changeset="103558245" timestamp="2021-04-25T02:34:45Z" user="Alexey Lukin" uid="485808" lat="55.7587080" lon="37.6602057">
    <tag k="layer" v="-4" />
    <tag k="railway" v="switch" />
  </node>
  <node id="1459335090" visible="true" version="1" changeset="9507196" timestamp="2011-10-08T21:42:02Z" user="AMDmi3" uid="133332" lat="55.7364195" lon="37.5673179" />
  <node id="1003591968" visible="true" version="2" changeset="7938976" timestamp="2011-04-22T21:31:39Z" user="AlexeyS" uid="39086" lat="55.7387948" lon="37.5749948" />
  <node id="1515283241" visible="true" version="3" changeset="51767213" timestamp="2017-09-06T02:35:11Z" user="Alexander-II" uid="3580412" lat="55.7388467" lon="37.5708944" />
  <node id="1398728943" visible="true" version="6" changeset="139099454" timestamp="2023-07-27T17:37:21Z" user="Alexey Lukin" uid="485808" lat="55.7306522" lon="37.6342026" />
  <node id="5260294293" visible="true" version="1" changeset="54274700" timestamp="2017-12-02T16:23:43Z" user="Alexander-II" uid="3580412" lat="55.7395352" lon="37.5712960" />
  <node id="10164527434" visible="true" version="1" changeset="128576898" timestamp="2022-11-07T02:39:12Z" user="89r" uid="12117593" lat="55.7387124" lon="37.5699043" />
  <node id="5260294292" visible="true" version="1" changeset="54274700" timestamp="2017-12-02T16:23:43Z" user="Alexander-II" uid="3580412" lat="55.7394320" lon="37.5711428" />
  <node id="1255973569" visible="true" version="1" changeset="7938976" timestamp="2011-04-22T21:31:33Z" user="AlexeyS" uid="39086" lat="55.7399769" lon="37.5721843" />
  <node id="315122093" visible="true" version="10" changeset="119111296" timestamp="2022-03-30T11:12:31Z" user="Alexandrcfif" uid="103003" lat="55.7404195" lon="37.5731988">
    <tag k="crossing" v="unmarked" />
    <tag k="highway" v="crossing" />
    <tag k="kerb" v="lowered" />
    <tag k="tactile_paving" v="no" />
  </node>
  <node id="3838326145" visible="true" version="3" changeset="139111843" timestamp="2023-07-28T00:49:39Z" user="Alexey Lukin" uid="485808" lat="55.7286545" lon="37.6152670" />
  <node id="1255973572" visible="true" version="2" changeset="8748052" timestamp="2011-07-17T13:37:47Z" user="djonline" uid="148021" lat="55.7388532" lon="37.5716418" />
  <node id="1364439046" visible="true" version="3" changeset="51767213" timestamp="2017-09-06T02:35:11Z" user="Alexander-II" uid="3580412" lat="55.7386583" lon="37.5712752" />
  <node id="1459335001" visible="true" version="1" changeset="9507196" timestamp="2011-10-08T21:41:59Z" user="AMDmi3" uid="133332" lat="55.7326645" lon="37.5603444" />
  <node id="1014508476" visible="true" version="3" changeset="9507196" timestamp="2011-10-08T21:44:07Z" user="AMDmi3" uid="133332" lat="55.7355405" lon="37.5660631" />
  <node id="1045128260" visible="true" version="10" changeset="82302763" timestamp="2020-03-17T12:44:24Z" user="literan" uid="830106" lat="55.7479834" lon="37.6552479">
    <tag k="layer" v="-4" />
    <tag k="railway" v="switch" />
    <tag k="ref" v="5" />
  </node>
  <node id="5260294284" visible="true" version="1" changeset="54274700" timestamp="2017-12-02T16:23:43Z" user="Alexander-II" uid="3580412" lat="55.7405089" lon="37.5721836" />
  <node id="5551583472" visible="true" version="1" changeset="58079240" timestamp="2018-04-14T00:18:57Z" user="Alexander-II" uid="3580412" lat="55.7391530" lon="37.5722693" />
  <node id="3467370387" visible="true" version="1" changeset="30349339" timestamp="2015-04-20T09:01:37Z" user="AlexeyS" uid="39086" lat="55.7391305" lon="37.5727933" />
  <node id="1255973579" visible="true" version="1" changeset="7938976" timestamp="2011-04-22T21:31:33Z" user="AlexeyS" uid="39086" lat="55.7398460" lon="37.5724944" />
  <node id="10164527443" visible="true" version="1" changeset="128576898" timestamp="2022-11-07T02:39:12Z" user="89r" uid="12117593" lat="55.7380792" lon="37.5693092" />
  <node id="8654080230" visible="true" version="1" changeset="103377308" timestamp="2021-04-22T04:53:20Z" user="Alexey Lukin" uid="485808" lat="55.7650127" lon="37.6596604" />
  <node id="1414422086" visible="true" version="3" changeset="9507196" timestamp="2011-10-08T21:44:22Z" user="AMDmi3" uid="133332" lat="55.7345390" lon="37.5642547" />
  <node id="477786810" visible="true" version="5" changeset="51767213" timestamp="2017-09-06T02:35:10Z" user="Alexander-II" uid="3580412" lat="55.7393998" lon="37.5716432" />
  <node id="10774858947" visible="true" version="3" changeset="154606643" timestamp="2024-07-30T13:27:38Z" user="mavl" uid="564990" lat="55.7370012" lon="37.5683501">
    <tag k="bus" v="yes" />
    <tag k="name" v="2-й переулок Тружеников" />
    <tag k="public_transport" v="stop_position" />
  </node>
  <node id="1454924323" visible="true" version="2" changeset="51767213" timestamp="2017-09-06T02:35:11Z" user="Alexander-II" uid="3580412" lat="55.7387600" lon="37.5712395" />
  <node id="1398729055" visible="true" version="6" changeset="116323535" timestamp="2022-01-19T04:33:15Z" user="Alexey Lukin" uid="485808" lat="55.7367590" lon="37.6437490" />
  <node id="1003556964" visible="true" version="1" changeset="6453119" timestamp="2010-11-25T09:43:32Z" user="AlexeyS" uid="39086" lat="55.7382461" lon="37.5702810" />
  <node id="5300042193" visible="true" version="1" changeset="54852859" timestamp="2017-12-22T23:12:46Z" user="luch86" uid="266092" lat="55.7349515" lon="37.5652291" />
  <node id="1459335166" visible="true" version="1" changeset="9507196" timestamp="2011-10-08T21:42:05Z" user="AMDmi3" uid="133332" lat="55.7377938" lon="37.5689786" />
  <node id="1045129582" visible="true" version="9" changeset="141935600" timestamp="2023-09-30T02:45:58Z" user="Alexey Lukin" uid="485808" lat="55.7706995" lon="37.6547881" />
  <node id="5260294306" visible="true" version="2" changeset="163510448" timestamp="2025-03-12T04:24:11Z" user="radio-van" uid="12288220" lat="55.7342639" lon="37.5640447">
    <tag k="crossing" v="traffic_signals" />
    <tag k="highway" v="crossing" />
    <tag k="tactile_paving" v="no" />
  </node>
  <node id="1398729070" visible="true" version="5" changeset="97466159" timestamp="2021-01-13T22:01:20Z" user="Alexey Lukin" uid="485808" lat="55.7391947" lon="37.5762716" />
  <node id="1149367807" visible="true" version="8" changeset="103377308" timestamp="2021-04-22T04:53:20Z" user="Alexey Lukin" uid="485808" lat="55.7617375" lon="37.6611128">
    <tag k="layer" v="-4" />
    <tag k="railway" v="switch" />
  </node>
  <node id="1003701856" visible="true" version="3" changeset="55422637" timestamp="2018-01-14T05:57:38Z" user="Alexander-II" uid="3580412" lat="55.7390886" lon="37.5723976" />
  <node id="312355886" visible="true" version="11" changeset="9138716" timestamp="2011-08-27T15:04:57Z" user="AMDmi3" uid="133332" lat="55.7373669" lon="37.5690101">
    <tag k="highway" v="traffic_signals" />
  </node>
  <node id="5300042199" visible="true" version="1" changeset="54852859" timestamp="2017-12-22T23:12:46Z" user="luch86" uid="266092" lat="55.7367372" lon="37.5679542" />
  <node id="4487750018" visible="true" version="2" changeset="49211550" timestamp="2017-06-03T03:37:54Z" user="Alexey Lukin" uid="485808" lat="55.7551394" lon="37.6582410" />
  <node id="1189903053" visible="true" version="11" changeset="101534920" timestamp="2021-03-23T01:18:57Z" user="Alexey Lukin" uid="485808" lat="55.7406244" lon="37.5664920" />
  <node id="1398729012" visible="true" version="8" changeset="116323472" timestamp="2022-01-19T04:29:52Z" user="Alexey Lukin" uid="485808" lat="55.7329460" lon="37.6393641" />
  <node id="5137182899" visible="true" version="1" changeset="52469732" timestamp="2017-09-29T09:33:34Z" user="Alexander-II" uid="3580412" lat="55.7406820" lon="37.5721777" />
  <node id="9690634230" visible="true" version="1" changeset="120139495" timestamp="2022-04-24T21:24:28Z" user="literan" uid="830106" lat="55.7400872" lon="37.5713700" />
  <node id="1697928235" visible="true" version="1" changeset="11156352" timestamp="2012-03-30T15:43:05Z" user="AlexeyS" uid="39086" lat="55.7399194" lon="37.5713782" />
  <node id="4607133829" visible="true" version="1" changeset="45151553" timestamp="2017-01-14T00:46:24Z" user="Alexander-II" uid="3580412" lat="55.7405088" lon="37.5724218" />
  <node id="1006136598" visible="true" version="3" changeset="7938976" timestamp="2011-04-22T21:31:36Z" user="AlexeyS" uid="39086" lat="55.7405336" lon="37.5720673" />
  <node id="1023189158" visible="true" version="9" changeset="51767213" timestamp="2017-09-06T02:35:10Z" user="Alexander-II" uid="3580412" lat="55.7391517" lon="37.5711692">
    <tag k="access" v="private" />
    <tag k="addr:flats" v="31-60" />
    <tag k="entrance" v="staircase" />
    <tag k="ref" v="2" />
  </node>
  <node id="1014508471" visible="true" version="2" changeset="9138716" timestamp="2011-08-27T15:04:36Z" user="AMDmi3" uid="133332" lat="55.7365652" lon="37.5675556" />
  <node id="5338359765" visible="true" version="1" changeset="55422637" timestamp="2018-01-14T05:57:30Z" user="Alexander-II" uid="3580412" lat="55.7392268" lon="37.5718346" />
  <node id="1255973562" visible="true" version="3" changeset="89140958" timestamp="2020-08-08T23:34:18Z" user="ks1v" uid="279214" lat="55.7403971" lon="37.5722555" />
  <node id="1459335221" visible="true" version="1" changeset="9507196" timestamp="2011-10-08T21:42:08Z" user="AMDmi3" uid="133332" lat="55.7393322" lon="37.5704907" />
  <node id="1694556479" visible="true" version="1" changeset="11125551" timestamp="2012-03-28T10:41:42Z" user="AlexeyS" uid="39086" lat="55.7394762" lon="37.5718004" />
  <node id="594043027" visible="true" version="4" changeset="9138716" timestamp="2011-08-27T15:05:03Z" user="AMDmi3" uid="133332" lat="55.7341678" lon="37.5638568" />
  <node id="1459335196" visible="true" version="1" changeset="9507196" timestamp="2011-10-08T21:42:06Z" user="AMDmi3" uid="133332" lat="55.7385729" lon="37.5699157" />
  <node id="1006136614" visible="true" version="3" changeset="7938976" timestamp="2011-04-22T21:31:35Z" user="AlexeyS" uid="39086" lat="55.7398439" lon="37.5713603" />
  <node id="1398729317" visible="true" version="2" changeset="103377308" timestamp="2021-04-22T04:53:20Z" user="Alexey Lukin" uid="485808" lat="55.7620482" lon="37.6607334" />
  <node id="1045128311" visible="true" version="6" changeset="116323535" timestamp="2022-01-19T04:33:15Z" user="Alexey Lukin" uid="485808" lat="55.7381238" lon="37.6452020" />
  <node id="3836635655" visible="true" version="6" changeset="102895418" timestamp="2021-04-14T03:22:21Z" user="Alexey Lukin" uid="485808" lat="55.7429304" lon="37.6530870" />
  <node id="1459335245" visible="true" version="1" changeset="9507196" timestamp="2011-10-08T21:42:09Z" user="AMDmi3" uid="133332" lat="55.7395441" lon="37.5711983" />
  <node id="13858030008" visible="true" version="1" changeset="182983174" timestamp="2026-05-21T15:51:13Z" user="Fedorrr" uid="23588668" lat="55.7402610" lon="37.5725017" />
  <node id="1003702021" visible="true" version="3" changeset="7938976" timestamp="2011-04-22T21:31:38Z" user="AlexeyS" uid="39086" lat="55.7389218" lon="37.5715038" />
  <node id="1149367785" visible="true" version="6" changeset="103377308" timestamp="2021-04-22T04:53:20Z" user="Alexey Lukin" uid="485808" lat="55.7655257" lon="37.6596802" />
  <node id="1414422043" visible="true" version="2" changeset="9507196" timestamp="2011-10-08T21:44:22Z" user="AMDmi3" uid="133332" lat="55.7329657" lon="37.5609900" />
  <node id="4607133565" visible="true" version="1" changeset="45151553" timestamp="2017-01-14T00:46:23Z" user="Alexander-II" uid="3580412" lat="55.7404675" lon="37.5725071" />
  <node id="5260294298" visible="true" version="1" changeset="54274700" timestamp="2017-12-02T16:23:43Z" user="Alexander-II" uid="3580412" lat="55.7395063" lon="37.5708186">
    <tag k="crossing" v="traffic_signals" />
    <tag k="highway" v="crossing" />
  </node>
  <node id="8319860611" visible="true" version="1" changeset="97466159" timestamp="2021-01-13T22:01:20Z" user="Alexey Lukin" uid="485808" lat="55.7378633" lon="37.5849046" />
  <node id="1398728986" visible="true" version="5" changeset="139099454" timestamp="2023-07-27T17:37:21Z" user="Alexey Lukin" uid="485808" lat="55.7312108" lon="37.6350467" />
  <node id="1398729324" visible="true" version="5" changeset="103377308" timestamp="2021-04-22T04:53:20Z" user="Alexey Lukin" uid="485808" lat="55.7635264" lon="37.6609070" />
  <node id="8654074713" visible="true" version="2" changeset="141935600" timestamp="2023-09-30T02:45:58Z" user="Alexey Lukin" uid="485808" lat="55.7727834" lon="37.6541821" />
  <node id="297148175" visible="true" version="29" changeset="154594614" timestamp="2024-07-30T08:50:25Z" user="Zenfiric" uid="182327" lat="55.7572646" lon="37.6591730">
    <tag k="name" v="Курская" />
    <tag k="public_transport" v="stop_position" />
    <tag k="railway" v="stop" />
    <tag k="subway" v="yes" />
  </node>
  <node id="7797579013" visible="true" version="1" changeset="89140958" timestamp="2020-08-08T23:34:18Z" user="ks1v" uid="279214" lat="55.7403766" lon="37.5725505" />
  <node id="1414850627" visible="true" version="1" changeset="9138716" timestamp="2011-08-27T15:03:41Z" user="AMDmi3" uid="133332" lat="55.7355767" lon="37.5659890" />
  <node id="1419644518" visible="true" version="1" changeset="9180861" timestamp="2011-08-31T23:05:55Z" user="AMDmi3" uid="133332" lat="55.7330687" lon="37.5590625" />
  <node id="1720287073" visible="true" version="1" changeset="11330293" timestamp="2012-04-17T08:45:52Z" user="AlexeyS" uid="39086" lat="55.7404924" lon="37.5729300">
    <tag k="barrier" v="gate" />
    <tag k="motorcar" v="yes" />
  </node>
  <node id="1414850679" visible="true" version="1" changeset="9138716" timestamp="2011-08-27T15:03:42Z" user="AMDmi3" uid="133332" lat="55.7385600" lon="37.5696578" />
  <node id="8654080231" visible="true" version="1" changeset="103377308" timestamp="2021-04-22T04:53:20Z" user="Alexey Lukin" uid="485808" lat="55.7640103" lon="37.6602755" />
  <node id="1697928242" visible="true" version="2" changeset="45151553" timestamp="2017-01-14T00:46:32Z" user="Alexander-II" uid="3580412" lat="55.7404408" lon="37.5724524" />
  <node id="5551583474" visible="true" version="1" changeset="58079240" timestamp="2018-04-14T00:18:57Z" user="Alexander-II" uid="3580412" lat="55.7392889" lon="37.5724146" />
  <node id="5300042190" visible="true" version="1" changeset="54852859" timestamp="2017-12-22T23:12:46Z" user="luch86" uid="266092" lat="55.7343758" lon="37.5641629" />
  <node id="1459335252" visible="true" version="1" changeset="9507196" timestamp="2011-10-08T21:42:09Z" user="AMDmi3" uid="133332" lat="55.7396269" lon="37.5711993" />
  <node id="13858030006" visible="true" version="1" changeset="182983174" timestamp="2026-05-21T15:51:13Z" user="Fedorrr" uid="23588668" lat="55.7403521" lon="37.5721369" />
  <node id="9429948031" visible="true" version="1" changeset="116323472" timestamp="2022-01-19T04:29:52Z" user="Alexey Lukin" uid="485808" lat="55.7404725" lon="37.6494562" />
  <node id="477786852" visible="true" version="2" changeset="9507196" timestamp="2011-10-08T21:44:43Z" user="AMDmi3" uid="133332" lat="55.7395098" lon="37.5711308" />
  <node id="1414422104" visible="true" version="2" changeset="9138716" timestamp="2011-08-27T15:04:46Z" user="AMDmi3" uid="133332" lat="55.7385446" lon="37.5697133" />
  <node id="1189903234" visible="true" version="10" changeset="116323472" timestamp="2022-01-19T04:29:52Z" user="Alexey Lukin" uid="485808" lat="55.7330817" lon="37.6403140" />
  <node id="3467157676" visible="true" version="1" changeset="30348047" timestamp="2015-04-20T07:34:03Z" user="AlexeyS" uid="39086" lat="55.7393625" lon="37.5722265" />
  <node id="477786839" visible="true" version="3" changeset="11330293" timestamp="2012-04-17T08:46:05Z" user="AlexeyS" uid="39086" lat="55.7388814" lon="37.5746235" />
  <node id="5300042183" visible="true" version="2" changeset="120139495" timestamp="2022-04-24T21:24:28Z" user="literan" uid="830106" lat="55.7398575" lon="37.5710743">
    <tag k="highway" v="traffic_signals" />
  </node>
  <node id="1459335380" visible="true" version="1" changeset="9507196" timestamp="2011-10-08T21:42:16Z" user="AMDmi3" uid="133332" lat="55.7439796" lon="37.5748604" />
  <node id="13858030017" visible="true" version="1" changeset="182983174" timestamp="2026-05-21T15:51:13Z" user="Fedorrr" uid="23588668" lat="55.7403037" lon="37.5719655" />
  <node id="1459335661" visible="true" version="1" changeset="9507196" timestamp="2011-10-08T21:42:27Z" user="AMDmi3" uid="133332" lat="55.7473524" lon="37.5758805" />
  <node id="5260294299" visible="true" version="2" changeset="54852859" timestamp="2017-12-22T23:12:52Z" user="luch86" uid="266092" lat="55.7398248" lon="37.5709654" />
  <node id="1023189133" visible="true" version="3" changeset="9932972" timestamp="2011-11-24T13:17:04Z" user="AlexeyS" uid="39086" lat="55.7393656" lon="37.5712729" />
  <node id="4515941533" visible="true" version="2" changeset="97466159" timestamp="2021-01-13T22:01:20Z" user="Alexey Lukin" uid="485808" lat="55.7393465" lon="37.5747624" />
  <node id="7801555820" visible="true" version="1" changeset="89208959" timestamp="2020-08-10T16:42:53Z" user="ks1v" uid="279214" lat="55.7408037" lon="37.5717394" />
  <node id="10164527450" visible="true" version="1" changeset="128576898" timestamp="2022-11-07T02:39:12Z" user="89r" uid="12117593" lat="55.7376705" lon="37.5690460" />
  <node id="1255973557" visible="true" version="2" changeset="11495802" timestamp="2012-05-04T08:52:41Z" user="AlexeyS" uid="39086" lat="55.7404735" lon="37.5721268" />
  <node id="6937381521" visible="true" version="8" changeset="154606945" timestamp="2024-07-30T13:34:01Z" user="mavl" uid="564990" lat="55.7298759" lon="37.6094998">
    <tag k="name" v="Октябрьская" />
    <tag k="public_transport" v="stop_position" />
    <tag k="railway" v="stop" />
    <tag k="subway" v="yes" />
  </node>
  <node id="4795893503" visible="true" version="1" changeset="47826593" timestamp="2017-04-15T22:51:48Z" user="Zverik" uid="290271" lat="55.7360267" lon="37.5797868" />
  <node id="5260294287" visible="true" version="1" changeset="54274700" timestamp="2017-12-02T16:23:43Z" user="Alexander-II" uid="3580412" lat="55.7395299" lon="37.5712334" />
  <node id="1127774639" visible="true" version="2" changeset="7938976" timestamp="2011-04-22T21:31:34Z" user="AlexeyS" uid="39086" lat="55.7390553" lon="37.5726815" />
  <node id="477786830" visible="true" version="2" changeset="11331764" timestamp="2012-04-17T11:47:24Z" user="AlexeyS" uid="39086" lat="55.7368049" lon="37.5724200" />
  <node id="1003591967" visible="true" version="2" changeset="7938976" timestamp="2011-04-22T21:31:40Z" user="AlexeyS" uid="39086" lat="55.7388604" lon="37.5746695" />
  <node id="5338359751" visible="true" version="1" changeset="55422637" timestamp="2018-01-14T05:57:29Z" user="Alexander-II" uid="3580412" lat="55.7391287" lon="37.5717933" />
  <node id="1123660540" visible="true" version="6" changeset="83209863" timestamp="2020-04-07T16:51:57Z" user="literan" uid="830106" lat="55.7561688" lon="37.6590720" />
  <node id="1694556465" visible="true" version="1" changeset="11125551" timestamp="2012-03-28T10:41:42Z" user="AlexeyS" uid="39086" lat="55.7394268" lon="37.5720763" />
  <node id="13353776235" visible="true" version="1" changeset="175505800" timestamp="2025-12-04T16:45:54Z" user="Felis Pimeja" uid="260756" lat="55.7731953" lon="37.6545104" />
  <node id="11071650879" visible="true" version="2" changeset="139111843" timestamp="2023-07-28T00:49:39Z" user="Alexey Lukin" uid="485808" lat="55.7296524" lon="37.6288112" />
  <node id="3838326144" visible="true" version="3" changeset="139111843" timestamp="2023-07-28T00:49:39Z" user="Alexey Lukin" uid="485808" lat="55.7286480" lon="37.6160802" />
  <node id="10774858949" visible="true" version="3" changeset="154606852" timestamp="2024-07-30T13:32:05Z" user="mavl" uid="564990" lat="55.7410272" lon="37.5721804">
    <tag k="bus" v="yes" />
    <tag k="name" v="Мост Богдана Хмельницкого" />
    <tag k="public_transport" v="stop_position" />
  </node>
  <node id="1459335636" visible="true" version="1" changeset="9507196" timestamp="2011-10-08T21:42:25Z" user="AMDmi3" uid="133332" lat="55.7464197" lon="37.5758196" />
  <node id="1007261093" visible="true" version="2" changeset="9138716" timestamp="2011-08-27T15:04:36Z" user="AMDmi3" uid="133332" lat="55.7368590" lon="37.5681797" />
  <node id="1697928250" visible="true" version="1" changeset="11156352" timestamp="2012-03-30T15:43:05Z" user="AlexeyS" uid="39086" lat="55.7406011" lon="37.5719681" />
  <node id="1189903317" visible="true" version="9" changeset="116323535" timestamp="2022-01-19T04:33:15Z" user="Alexey Lukin" uid="485808" lat="55.7391327" lon="37.6474848" />
  <node id="968727700" visible="true" version="4" changeset="9138716" timestamp="2011-08-27T15:05:19Z" user="AMDmi3" uid="133332" lat="55.7407409" lon="37.5717804" />
  <node id="1454924307" visible="true" version="2" changeset="51767213" timestamp="2017-09-06T02:35:11Z" user="Alexander-II" uid="3580412" lat="55.7386000" lon="37.5714756" />
  <node id="666487053" visible="true" version="11" changeset="101534920" timestamp="2021-03-23T01:18:57Z" user="Alexey Lukin" uid="485808" lat="55.7397697" lon="37.5691958" />
  <node id="1461131041" visible="true" version="2" changeset="181707582" timestamp="2026-04-23T09:14:40Z" user="BodhidharmaI" uid="10255266" lat="55.7315543" lon="37.5587879" />
  <node id="1007260977" visible="true" version="5" changeset="163510442" timestamp="2025-03-12T04:19:09Z" user="radio-van" uid="12288220" lat="55.7373033" lon="37.5689325">
    <tag k="button_operated" v="yes" />
    <tag k="crossing" v="traffic_signals" />
    <tag k="highway" v="crossing" />
    <tag k="tactile_paving" v="no" />
    <tag k="traffic_signals:sound" v="yes" />
  </node>
  <node id="1255973571" visible="true" version="1" changeset="7938976" timestamp="2011-04-22T21:31:33Z" user="AlexeyS" uid="39086" lat="55.7398919" lon="37.5723230" />
  <node id="477786818" visible="true" version="2" changeset="6512784" timestamp="2010-12-02T09:58:02Z" user="AlexeyS" uid="39086" lat="55.7373242" lon="37.5692483" />
  <node id="4607133830" visible="true" version="1" changeset="45151553" timestamp="2017-01-14T00:46:24Z" user="Alexander-II" uid="3580412" lat="55.7404648" lon="37.5723314" />
  <node id="1398729034" visible="true" version="9" changeset="116323472" timestamp="2022-01-19T04:29:52Z" user="Alexey Lukin" uid="485808" lat="55.7349058" lon="37.6426978" />
  <node id="1414850773" visible="true" version="1" changeset="9138716" timestamp="2011-08-27T15:03:43Z" user="AMDmi3" uid="133332" lat="55.7408912" lon="37.5715285" />
  <node id="1014508467" visible="true" version="1" changeset="6503849" timestamp="2010-12-01T13:43:49Z" user="AlexeyS" uid="39086" lat="55.7379622" lon="37.5691930" />
  <node id="1459335330" visible="true" version="1" changeset="9507196" timestamp="2011-10-08T21:42:15Z" user="AMDmi3" uid="133332" lat="55.7438208" lon="37.5747296" />
  <node id="1459335105" visible="true" version="1" changeset="9507196" timestamp="2011-10-08T21:42:03Z" user="AMDmi3" uid="133332" lat="55.7370881" lon="37.5681797" />
  <node id="1459335702" visible="true" version="1" changeset="9507196" timestamp="2011-10-08T21:42:29Z" user="AMDmi3" uid="133332" lat="55.7492786" lon="37.5757783" />
  <node id="1459335782" visible="true" version="1" changeset="9507196" timestamp="2011-10-08T21:42:32Z" user="AMDmi3" uid="133332" lat="55.7517938" lon="37.5744243" />
  <node id="1515283249" visible="true" version="1" changeset="9932972" timestamp="2011-11-24T13:16:59Z" user="AlexeyS" uid="39086" lat="55.7389178" lon="37.5706476" />
  <node id="1414422076" visible="true" version="1" changeset="9136401" timestamp="2011-08-27T10:22:58Z" user="AMDmi3" uid="133332" lat="55.7343145" lon="37.5638735" />
  <node id="1061088335" visible="true" version="4" changeset="58079240" timestamp="2018-04-14T00:19:00Z" user="Alexander-II" uid="3580412" lat="55.7391636" lon="37.5721086" />
  <node id="315122106" visible="true" version="8" changeset="9507196" timestamp="2011-10-08T21:44:27Z" user="AMDmi3" uid="133332" lat="55.7396159" lon="37.5711021" />
  <node id="1398729067" visible="true" version="8" changeset="101534920" timestamp="2021-03-23T01:18:57Z" user="Alexey Lukin" uid="485808" lat="55.7392122" lon="37.5709679" />
  <node id="4607133580" visible="true" version="2" changeset="55446995" timestamp="2018-01-15T00:29:45Z" user="VlIvYur" uid="345975" lat="55.7405547" lon="37.5722171" />
  <node id="5300042210" visible="true" version="1" changeset="54852859" timestamp="2017-12-22T23:12:47Z" user="luch86" uid="266092" lat="55.7317046" lon="37.5587850">
    <tag k="highway" v="traffic_signals" />
  </node>
  <node id="1414850713" visible="true" version="1" changeset="9138716" timestamp="2011-08-27T15:03:42Z" user="AMDmi3" uid="133332" lat="55.7406310" lon="37.5723264" />
  <node id="5300042189" visible="true" version="1" changeset="54852859" timestamp="2017-12-22T23:12:46Z" user="luch86" uid="266092" lat="55.7343433" lon="37.5641327" />
  <node id="1364439042" visible="true" version="3" changeset="51767213" timestamp="2017-09-06T02:35:11Z" user="Alexander-II" uid="3580412" lat="55.7384322" lon="37.5710846" />
  <node id="1364439053" visible="true" version="3" changeset="51767213" timestamp="2017-09-06T02:35:11Z" user="Alexander-II" uid="3580412" lat="55.7388611" lon="37.5714404" />
  <node id="1149367752" visible="true" version="6" changeset="103377308" timestamp="2021-04-22T04:53:20Z" user="Alexey Lukin" uid="485808" lat="55.7630015" lon="37.6610458" />
  <node id="7797579000" visible="true" version="1" changeset="89140958" timestamp="2020-08-08T23:34:18Z" user="ks1v" uid="279214" lat="55.7400646" lon="37.5717936" />
  <node id="1414850617" visible="true" version="1" changeset="9138716" timestamp="2011-08-27T15:03:41Z" user="AMDmi3" uid="133332" lat="55.7347385" lon="37.5649568" />
  <node id="1459335400" visible="true" version="1" changeset="9507196" timestamp="2011-10-08T21:42:17Z" user="AMDmi3" uid="133332" lat="55.7440761" lon="37.5749432" />
  <node id="5300042200" visible="true" version="1" changeset="54852859" timestamp="2017-12-22T23:12:46Z" user="luch86" uid="266092" lat="55.7373797" lon="37.5687400" />
  <node id="8654080222" visible="true" version="1" changeset="103377308" timestamp="2021-04-22T04:53:20Z" user="Alexey Lukin" uid="485808" lat="55.7604445" lon="37.6609656" />
  <node id="1189903233" visible="true" version="12" changeset="101534920" timestamp="2021-03-23T01:18:57Z" user="Alexey Lukin" uid="485808" lat="55.7417875" lon="37.5654588" />
  <node id="594043030" visible="true" version="5" changeset="120139495" timestamp="2022-04-24T21:24:28Z" user="literan" uid="830106" lat="55.7401940" lon="37.5713129" />
  <node id="1398729078" visible="true" version="8" changeset="101534920" timestamp="2021-03-23T01:18:57Z" user="Alexey Lukin" uid="485808" lat="55.7395003" lon="37.5690120" />
  <node id="1459335507" visible="true" version="1" changeset="9507196" timestamp="2011-10-08T21:42:21Z" user="AMDmi3" uid="133332" lat="55.7450379" lon="37.5754593" />
  <node id="5260294291" visible="true" version="1" changeset="54274700" timestamp="2017-12-02T16:23:43Z" user="Alexander-II" uid="3580412" lat="55.7393931" lon="37.5712774" />
  <node id="4038142918" visible="true" version="6" changeset="119312710" timestamp="2022-04-04T18:02:59Z" user="Alexey Lukin" uid="485808" lat="55.7362774" lon="37.5895170">
    <tag k="layer" v="-4" />
    <tag k="railway" v="switch" />
    <tag k="ref" v="2" />
  </node>
  <node id="7797578999" visible="true" version="1" changeset="89140958" timestamp="2020-08-08T23:34:18Z" user="ks1v" uid="279214" lat="55.7400679" lon="37.5718264" />
  <node id="1459335179" visible="true" version="1" changeset="9507196" timestamp="2011-10-08T21:42:06Z" user="AMDmi3" uid="133332" lat="55.7381804" lon="37.5694584" />
  <node id="1414422102" visible="true" version="3" changeset="9507196" timestamp="2011-10-08T21:44:22Z" user="AMDmi3" uid="133332" lat="55.7381619" lon="37.5693552" />
  <node id="1519153422" visible="true" version="1" changeset="9963859" timestamp="2011-11-27T07:56:57Z" user="AlexeyS" uid="39086" lat="55.7385492" lon="37.5705499" />
  <node id="1398729291" visible="true" version="5" changeset="103377308" timestamp="2021-04-22T04:53:20Z" user="Alexey Lukin" uid="485808" lat="55.7608628" lon="37.6606273" />
  <node id="6937152875" visible="true" version="9" changeset="154606705" timestamp="2024-07-30T13:29:01Z" user="mavl" uid="564990" lat="55.7289940" lon="37.6244426">
    <tag k="name" v="Добрынинская" />
    <tag k="public_transport" v="stop_position" />
    <tag k="railway" v="stop" />
    <tag k="subway" v="yes" />
  </node>
  <node id="1023189151" visible="true" version="3" changeset="9932972" timestamp="2011-11-24T13:17:04Z" user="AlexeyS" uid="39086" lat="55.7391626" lon="37.5710944" />
  <node id="1459335299" visible="true" version="1" changeset="9507196" timestamp="2011-10-08T21:42:12Z" user="AMDmi3" uid="133332" lat="55.7432076" lon="37.5741767" />
  <node id="1003701847" visible="true" version="5" changeset="58079240" timestamp="2018-04-14T00:18:59Z" user="Alexander-II" uid="3580412" lat="55.7392115" lon="37.5724506" />
  <node id="1003556951" visible="true" version="3" changeset="55422637" timestamp="2018-01-14T05:57:38Z" user="Alexander-II" uid="3580412" lat="55.7388851" lon="37.5721645" />
  <node id="1189903098" visible="true" version="8" changeset="102895377" timestamp="2021-04-14T03:20:45Z" user="Alexey Lukin" uid="485808" lat="55.7423166" lon="37.6524195" />
  <node id="1006136602" visible="true" version="2" changeset="7938976" timestamp="2011-04-22T21:31:38Z" user="AlexeyS" uid="39086" lat="55.7400789" lon="37.5728545" />
  <node id="594043071" visible="true" version="6" changeset="9507196" timestamp="2011-10-08T21:44:49Z" user="AMDmi3" uid="133332" lat="55.7361645" lon="37.5672713" />
  <node id="8654080225" visible="true" version="1" changeset="103377308" timestamp="2021-04-22T04:53:20Z" user="Alexey Lukin" uid="485808" lat="55.7599847" lon="37.6603657" />
  <node id="1364439041" visible="true" version="3" changeset="51767213" timestamp="2017-09-06T02:35:10Z" user="Alexander-II" uid="3580412" lat="55.7383966" lon="37.5712179" />
  <node id="1459335204" visible="true" version="1" changeset="9507196" timestamp="2011-10-08T21:42:07Z" user="AMDmi3" uid="133332" lat="55.7387842" lon="37.5705077" />
  <node id="666487195" visible="true" version="10" changeset="141935600" timestamp="2023-09-30T02:45:58Z" user="Alexey Lukin" uid="485808" lat="55.7697179" lon="37.6554931" />
  <node id="594043025" visible="true" version="4" changeset="9138716" timestamp="2011-08-27T15:05:03Z" user="AMDmi3" uid="133332" lat="55.7325414" lon="37.5606170" />
  <node id="1398728917" visible="true" version="6" changeset="139099454" timestamp="2023-07-27T17:37:21Z" user="Alexey Lukin" uid="485808" lat="55.7304565" lon="37.6334671" />
  <node id="1014508465" visible="true" version="1" changeset="6503849" timestamp="2010-12-01T13:43:49Z" user="AlexeyS" uid="39086" lat="55.7384778" lon="37.5696953" />
  <node id="4620041114" visible="true" version="1" changeset="45318280" timestamp="2017-01-20T05:47:14Z" user="Alexander-II" uid="3580412" lat="55.7404581" lon="37.5723167" />
  <node id="1459335645" visible="true" version="1" changeset="9507196" timestamp="2011-10-08T21:42:26Z" user="AMDmi3" uid="133332" lat="55.7468726" lon="37.5758591" />
  <node id="5300042191" visible="true" version="1" changeset="54852859" timestamp="2017-12-22T23:12:46Z" user="luch86" uid="266092" lat="55.7344966" lon="37.5643983" />
  <node id="4607133828" visible="true" version="1" changeset="45151553" timestamp="2017-01-14T00:46:24Z" user="Alexander-II" uid="3580412" lat="55.7411201" lon="37.5714255" />
  <node id="1414850528" visible="true" version="2" changeset="9507196" timestamp="2011-10-08T21:44:22Z" user="AMDmi3" uid="133332" lat="55.7341120" lon="37.5634449" />
  <node id="8654074710" visible="true" version="2" changeset="141935600" timestamp="2023-09-30T02:45:58Z" user="Alexey Lukin" uid="485808" lat="55.7718717" lon="37.6546752" />
  <node id="5338359761" visible="true" version="1" changeset="55422637" timestamp="2018-01-14T05:57:30Z" user="Alexander-II" uid="3580412" lat="55.7390551" lon="37.5717188" />
  <node id="1515283243" visible="true" version="1" changeset="9932972" timestamp="2011-11-24T13:16:59Z" user="AlexeyS" uid="39086" lat="55.7388465" lon="37.5707867" />
  <node id="1459335627" visible="true" version="1" changeset="9507196" timestamp="2011-10-08T21:42:25Z" user="AMDmi3" uid="133332" lat="55.7460780" lon="37.5757818" />
  <node id="477786824" visible="true" version="2" changeset="11331764" timestamp="2012-04-17T11:47:24Z" user="AlexeyS" uid="39086" lat="55.7364115" lon="37.5715469" />
  <node id="477786643" visible="true" version="5" changeset="9138716" timestamp="2011-08-27T15:05:03Z" user="AMDmi3" uid="133332" lat="55.7361025" lon="37.5673871" />
  <node id="1398729296" visible="true" version="6" changeset="103377308" timestamp="2021-04-22T04:53:20Z" user="Alexey Lukin" uid="485808" lat="55.7613547" lon="37.6611038" />
  <node id="5260294303" visible="true" version="1" changeset="54274700" timestamp="2017-12-02T16:23:43Z" user="Alexander-II" uid="3580412" lat="55.7342636" lon="37.5637639" />
  <node id="1103027627" visible="true" version="3" changeset="7938976" timestamp="2011-04-22T21:31:39Z" user="AlexeyS" uid="39086" lat="55.7400969" lon="37.5721568" />
  <node id="1414850453" visible="true" version="6" changeset="163510442" timestamp="2025-03-12T04:35:11Z" user="radio-van" uid="12288220" lat="55.7303654" lon="37.5566080">
    <tag k="button_operated" v="yes" />
    <tag k="crossing" v="traffic_signals" />
    <tag k="highway" v="crossing" />
    <tag k="tactile_paving" v="no" />
    <tag k="traffic_signals:sound" v="yes" />
  </node>
  <node id="594043033" visible="true" version="5" changeset="9507196" timestamp="2011-10-08T21:44:49Z" user="AMDmi3" uid="133332" lat="55.7359255" lon="37.5669163" />
  <node id="5300042195" visible="true" version="1" changeset="54852859" timestamp="2017-12-22T23:12:46Z" user="luch86" uid="266092" lat="55.7355050" lon="37.5661585" />
  <node id="3836612983" visible="true" version="4" changeset="116323535" timestamp="2022-01-19T04:33:15Z" user="Alexey Lukin" uid="485808" lat="55.7376895" lon="37.6446583" />
  <node id="4607133583" visible="true" version="1" changeset="45151553" timestamp="2017-01-14T00:46:23Z" user="Alexander-II" uid="3580412" lat="55.7409429" lon="37.5715773" />
  <node id="11071650884" visible="true" version="2" changeset="139111843" timestamp="2023-07-28T00:49:39Z" user="Alexey Lukin" uid="485808" lat="55.7292587" lon="37.6113752" />
  <node id="3013744669" visible="true" version="2" changeset="45151553" timestamp="2017-01-14T00:46:35Z" user="Alexander-II" uid="3580412" lat="55.7411485" lon="37.5714828" />
  <node id="1364439044" visible="true" version="3" changeset="51767213" timestamp="2017-09-06T02:35:11Z" user="Alexander-II" uid="3580412" lat="55.7387003" lon="37.5714740" />
  <node id="1459335522" visible="true" version="1" changeset="9507196" timestamp="2011-10-08T21:42:22Z" user="AMDmi3" uid="133332" lat="55.7451861" lon="37.5755481" />
  <node id="255967962" visible="true" version="9" changeset="47873" timestamp="2009-04-02T08:09:54Z" user="Upliner" uid="67668" lat="55.7299466" lon="37.5530345" />
  <node id="1720287075" visible="true" version="1" changeset="11330293" timestamp="2012-04-17T08:45:52Z" user="AlexeyS" uid="39086" lat="55.7405103" lon="37.5727416" />
  <node id="8654080229" visible="true" version="1" changeset="103377308" timestamp="2021-04-22T04:53:20Z" user="Alexey Lukin" uid="485808" lat="55.7645179" lon="37.6600009" />
  <node id="1697928248" visible="true" version="2" changeset="45151553" timestamp="2017-01-14T00:46:32Z" user="Alexander-II" uid="3580412" lat="55.7405077" lon="37.5724669" />
  <node id="1006136615" visible="true" version="3" changeset="7938976" timestamp="2011-04-22T21:31:40Z" user="AlexeyS" uid="39086" lat="55.7399505" lon="37.5714234" />
  <node id="1003701852" visible="true" version="3" changeset="55422637" timestamp="2018-01-14T05:57:38Z" user="Alexander-II" uid="3580412" lat="55.7391453" lon="37.5725819" />
  <node id="10164527430" visible="true" version="1" changeset="128576898" timestamp="2022-11-07T02:39:12Z" user="89r" uid="12117593" lat="55.7392332" lon="37.5703676" />
  <node id="3838330116" visible="true" version="3" changeset="139099454" timestamp="2023-07-27T17:37:21Z" user="Alexey Lukin" uid="485808" lat="55.7306576" lon="37.6332704" />
  <node id="7797579003" visible="true" version="1" changeset="89140958" timestamp="2020-08-08T23:34:18Z" user="ks1v" uid="279214" lat="55.7400268" lon="37.5717569" />
  <node id="5551583475" visible="true" version="1" changeset="58079240" timestamp="2018-04-14T00:18:57Z" user="Alexander-II" uid="3580412" lat="55.7392823" lon="37.5724749" />
  <node id="1003591959" visible="true" version="3" changeset="30349339" timestamp="2015-04-20T09:01:38Z" user="AlexeyS" uid="39086" lat="55.7390879" lon="37.5726208" />
  <node id="1694556477" visible="true" version="2" changeset="58079240" timestamp="2018-04-14T00:19:01Z" user="Alexander-II" uid="3580412" lat="55.7394696" lon="37.5725381" />
  <node id="9429948036" visible="true" version="2" changeset="116323535" timestamp="2022-01-19T04:33:15Z" user="Alexey Lukin" uid="485808" lat="55.7379813" lon="37.6455342" />
  <node id="1515283256" visible="true" version="2" changeset="54274700" timestamp="2017-12-02T16:23:47Z" user="Alexander-II" uid="3580412" lat="55.7395221" lon="37.5713189" />
  <node id="7797579007" visible="true" version="1" changeset="89140958" timestamp="2020-08-08T23:34:18Z" user="ks1v" uid="279214" lat="55.7404406" lon="37.5721281" />
  <node id="1123660488" visible="true" version="9" changeset="103377308" timestamp="2021-04-22T04:53:20Z" user="Alexey Lukin" uid="485808" lat="55.7599976" lon="37.6607942" />
  <node id="1398729027" visible="true" version="7" changeset="116323472" timestamp="2022-01-19T04:29:52Z" user="Alexey Lukin" uid="485808" lat="55.7342607" lon="37.6415910" />
  <node id="477786641" visible="true" version="13" changeset="154594614" timestamp="2024-07-30T08:50:27Z" user="Zenfiric" uid="182327" lat="55.7368130" lon="37.5683405">
    <tag k="bus" v="yes" />
    <tag k="name" v="2-й переулок Тружеников" />
    <tag k="public_transport" v="stop_position" />
  </node>
  <node id="1003701836" visible="true" version="3" changeset="55422637" timestamp="2018-01-14T05:57:38Z" user="Alexander-II" uid="3580412" lat="55.7393842" lon="37.5720022" />
  <node id="1414850674" visible="true" version="1" changeset="9138716" timestamp="2011-08-27T15:03:42Z" user="AMDmi3" uid="133332" lat="55.7381939" lon="37.5693217" />
  <node id="1515283218" visible="true" version="1" changeset="9932972" timestamp="2011-11-24T13:16:58Z" user="AlexeyS" uid="39086" lat="55.7380476" lon="37.5698543" />
  <node id="1515283253" visible="true" version="2" changeset="54274700" timestamp="2017-12-02T16:23:47Z" user="Alexander-II" uid="3580412" lat="55.7395058" lon="37.5713771" />
  <node id="1694556487" visible="true" version="1" changeset="11125551" timestamp="2012-03-28T10:41:42Z" user="AlexeyS" uid="39086" lat="55.7405179" lon="37.5719166" />
  <node id="1515283234" visible="true" version="1" changeset="9932972" timestamp="2011-11-24T13:16:59Z" user="AlexeyS" uid="39086" lat="55.7387523" lon="37.5707302" />
  <node id="13858030026" visible="true" version="1" changeset="182983174" timestamp="2026-05-21T15:51:13Z" user="Fedorrr" uid="23588668" lat="55.7403657" lon="37.5719093" />
  <node id="594043075" visible="true" version="5" changeset="54811728" timestamp="2017-12-21T11:18:16Z" user="literan" uid="830106" lat="55.7383725" lon="37.5698178">
    <tag k="highway" v="speed_camera" />
    <tag k="maxspeed" v="RU:urban" />
  </node>
  <node id="594043082" visible="true" version="2" changeset="154364502" timestamp="2024-07-24T18:53:39Z" user="literan" uid="830106" lat="55.7452757" lon="37.5756688" />
  <node id="1414850698" visible="true" version="2" changeset="47826593" timestamp="2017-04-15T22:51:49Z" user="Zverik" uid="290271" lat="55.7398483" lon="37.5707883" />
  <node id="1398729017" visible="true" version="9" changeset="116323472" timestamp="2022-01-19T04:29:52Z" user="Alexey Lukin" uid="485808" lat="55.7333982" lon="37.6408976" />
  <node id="1694556464" visible="true" version="1" changeset="11125551" timestamp="2012-03-28T10:41:42Z" user="AlexeyS" uid="39086" lat="55.7393983" lon="37.5723734" />
  <node id="1061088337" visible="true" version="3" changeset="55422637" timestamp="2018-01-14T05:57:38Z" user="Alexander-II" uid="3580412" lat="55.7392859" lon="37.5724818" />
  <node id="1045128303" visible="true" version="6" changeset="139111843" timestamp="2023-07-28T00:49:39Z" user="Alexey Lukin" uid="485808" lat="55.7298317" lon="37.6296985" />
  <node id="1459335292" visible="true" version="1" changeset="9507196" timestamp="2011-10-08T21:42:11Z" user="AMDmi3" uid="133332" lat="55.7421197" lon="37.5729972" />
  <node id="1189903312" visible="true" version="9" changeset="101534920" timestamp="2021-03-23T01:18:57Z" user="Alexey Lukin" uid="485808" lat="55.7400295" lon="37.5674974" />
  <node id="1694556461" visible="true" version="3" changeset="86793825" timestamp="2020-06-17T22:53:28Z" user="ks1v" uid="279214" lat="55.7393941" lon="37.5725987">
    <tag k="crossing" v="uncontrolled" />
    <tag k="highway" v="crossing" />
  </node>
  <node id="1697928267" visible="true" version="1" changeset="11156352" timestamp="2012-03-30T15:43:06Z" user="AlexeyS" uid="39086" lat="55.7412557" lon="37.5725362" />
  <node id="1189903132" visible="true" version="8" changeset="139111843" timestamp="2023-07-28T00:49:39Z" user="Alexey Lukin" uid="485808" lat="55.7296083" lon="37.6297991" />
  <node id="1459335259" visible="true" version="1" changeset="9507196" timestamp="2011-10-08T21:42:10Z" user="AMDmi3" uid="133332" lat="55.7397242" lon="37.5712437" />
  <node id="1003701805" visible="true" version="2" changeset="55422637" timestamp="2018-01-14T05:57:38Z" user="Alexander-II" uid="3580412" lat="55.7391824" lon="37.5718010" />
  <node id="5551583479" visible="true" version="1" changeset="58079240" timestamp="2018-04-14T00:18:57Z" user="Alexander-II" uid="3580412" lat="55.7394500" lon="37.5724027" />
  <node id="2127382425" visible="true" version="7" changeset="116323472" timestamp="2022-01-19T04:29:52Z" user="Alexey Lukin" uid="485808" lat="55.7408842" lon="37.6500528" />
  <node id="1459335793" visible="true" version="1" changeset="9507196" timestamp="2011-10-08T21:42:32Z" user="AMDmi3" uid="133332" lat="55.7526216" lon="37.5732264" />
  <node id="9429948032" visible="true" version="2" changeset="116323535" timestamp="2022-01-19T04:33:15Z" user="Alexey Lukin" uid="485808" lat="55.7392753" lon="37.6471526" />
  <node id="1459335287" visible="true" version="1" changeset="9507196" timestamp="2011-10-08T21:42:11Z" user="AMDmi3" uid="133332" lat="55.7417108" lon="37.5728209" />
  <node id="1459335786" visible="true" version="1" changeset="9507196" timestamp="2011-10-08T21:42:32Z" user="AMDmi3" uid="133332" lat="55.7520373" lon="37.5741330" />
  <node id="5260294296" visible="true" version="1" changeset="54274700" timestamp="2017-12-02T16:23:43Z" user="Alexander-II" uid="3580412" lat="55.7397385" lon="37.5713120" />
  <node id="1414422027" visible="true" version="1" changeset="9136401" timestamp="2011-08-27T10:22:57Z" user="AMDmi3" uid="133332" lat="55.7314245" lon="37.5580945" />
  <node id="3838326152" visible="true" version="6" changeset="139111843" timestamp="2023-07-28T00:49:39Z" user="Alexey Lukin" uid="485808" lat="55.7290235" lon="37.6112851" />
  <node id="1398729098" visible="true" version="8" changeset="116323472" timestamp="2022-01-19T04:29:52Z" user="Alexey Lukin" uid="485808" lat="55.7399287" lon="37.6491040" />
  <node id="1398729318" visible="true" version="4" changeset="103377308" timestamp="2021-04-22T04:53:20Z" user="Alexey Lukin" uid="485808" lat="55.7627373" lon="37.6610892" />
  <node id="1414850766" visible="true" version="1" changeset="9138716" timestamp="2011-08-27T15:03:43Z" user="AMDmi3" uid="133332" lat="55.7408491" lon="37.5714886" />
  <node id="13858030013" visible="true" version="1" changeset="182983174" timestamp="2026-05-21T15:51:13Z" user="Fedorrr" uid="23588668" lat="55.7400312" lon="37.5718862" />
  <node id="1007261059" visible="true" version="4" changeset="9932972" timestamp="2011-11-24T13:17:04Z" user="AlexeyS" uid="39086" lat="55.7390435" lon="37.5706177" />
  <node id="9939650504" visible="true" version="1" changeset="124647551" timestamp="2022-08-08T16:06:28Z" user="Руслан Т" uid="12947635" lat="55.7360202" lon="37.5672699" />
  <node id="477786816" visible="true" version="2" changeset="9507196" timestamp="2011-10-08T21:44:43Z" user="AMDmi3" uid="133332" lat="55.7374291" lon="37.5691996" />
  <node id="1014508473" visible="true" version="2" changeset="9507196" timestamp="2011-10-08T21:44:06Z" user="AMDmi3" uid="133332" lat="55.7359087" lon="37.5666331" />
  <node id="8319860614" visible="true" version="1" changeset="97466159" timestamp="2021-01-13T22:01:20Z" user="Alexey Lukin" uid="485808" lat="55.7374702" lon="37.5866549" />
  <node id="1459335207" visible="true" version="1" changeset="9507196" timestamp="2011-10-08T21:42:08Z" user="AMDmi3" uid="133332" lat="55.7391189" lon="37.5702333" />
  <node id="477786804" visible="true" version="5" changeset="51767213" timestamp="2017-09-06T02:35:10Z" user="Alexander-II" uid="3580412" lat="55.7382362" lon="37.5703444" />
  <node id="666487174" visible="true" version="7" changeset="43475577" timestamp="2016-11-07T23:02:08Z" user="Alexey Lukin" uid="485808" lat="55.7562198" lon="37.6587217" />
  <node id="1364439047" visible="true" version="3" changeset="51767213" timestamp="2017-09-06T02:35:11Z" user="Alexander-II" uid="3580412" lat="55.7386848" lon="37.5711760" />
  <node id="7196444560" visible="true" version="3" changeset="156201986" timestamp="2024-09-04T19:31:28Z" user="Womhyo666" uid="21666388" lat="55.7416771" lon="37.6515872">
    <tag k="railway" v="crossing" />
  </node>
  <node id="1003556972" visible="true" version="3" changeset="11495802" timestamp="2012-05-04T08:52:39Z" user="AlexeyS" uid="39086" lat="55.7381561" lon="37.5706195" />
  <node id="565333590" visible="true" version="5" changeset="9507196" timestamp="2011-10-08T21:44:45Z" user="AMDmi3" uid="133332" lat="55.7403549" lon="37.5715882" />
  <node id="5260294285" visible="true" version="1" changeset="54274700" timestamp="2017-12-02T16:23:43Z" user="Alexander-II" uid="3580412" lat="55.7394829" lon="37.5711386" />
  <node id="315122095" visible="true" version="8" changeset="11330293" timestamp="2012-04-17T08:46:04Z" user="AlexeyS" uid="39086" lat="55.7394064" lon="37.5726900" />
  <node id="1398729076" visible="true" version="7" changeset="101534920" timestamp="2021-03-23T01:18:57Z" user="Alexey Lukin" uid="485808" lat="55.7394324" lon="37.5713613" />
  <node id="87240248" visible="true" version="9" changeset="44772414" timestamp="2016-12-30T00:44:05Z" user="Alexander-II" uid="3580412" lat="55.7341072" lon="37.5639762" />
  <node id="1414422101" visible="true" version="3" changeset="9507196" timestamp="2011-10-08T21:44:22Z" user="AMDmi3" uid="133332" lat="55.7374140" lon="37.5685779" />
  <node id="1720287083" visible="true" version="1" changeset="11330293" timestamp="2012-04-17T08:45:53Z" user="AlexeyS" uid="39086" lat="55.7406798" lon="37.5723665" />
  <node id="1720287074" visible="true" version="1" changeset="11330293" timestamp="2012-04-17T08:45:52Z" user="AlexeyS" uid="39086" lat="55.7404999" lon="37.5726580" />
  <node id="1003139116" visible="true" version="4" changeset="55422637" timestamp="2018-01-14T05:57:38Z" user="Alexander-II" uid="3580412" lat="55.7394178" lon="37.5718184" />
  <node id="1459335302" visible="true" version="1" changeset="9507196" timestamp="2011-10-08T21:42:12Z" user="AMDmi3" uid="133332" lat="55.7432442" lon="37.5739450" />
  <node id="1459335267" visible="true" version="1" changeset="9507196" timestamp="2011-10-08T21:42:10Z" user="AMDmi3" uid="133332" lat="55.7400323" lon="37.5711058" />
  <node id="1459335279" visible="true" version="1" changeset="9507196" timestamp="2011-10-08T21:42:11Z" user="AMDmi3" uid="133332" lat="55.7412527" lon="37.5721667" />
  <node id="8654080224" visible="true" version="1" changeset="103377308" timestamp="2021-04-22T04:53:20Z" user="Alexey Lukin" uid="485808" lat="55.7605686" lon="37.6605573" />
  <node id="1414851080" visible="true" version="1" changeset="9138716" timestamp="2011-08-27T15:03:49Z" user="AMDmi3" uid="133332" lat="55.7422729" lon="37.5729189" />
  <node id="5551583480" visible="true" version="1" changeset="58079240" timestamp="2018-04-14T00:18:57Z" user="Alexander-II" uid="3580412" lat="55.7394983" lon="37.5719011" />
  <node id="1459335683" visible="true" version="1" changeset="9507196" timestamp="2011-10-08T21:42:28Z" user="AMDmi3" uid="133332" lat="55.7484303" lon="37.5758772" />
  <node id="5260294289" visible="true" version="1" changeset="54274700" timestamp="2017-12-02T16:23:43Z" user="Alexander-II" uid="3580412" lat="55.7394013" lon="37.5710602" />
  <node id="8654074706" visible="true" version="2" changeset="141935600" timestamp="2023-09-30T02:45:58Z" user="Alexey Lukin" uid="485808" lat="55.7703442" lon="37.6554356" />
  <node id="9429948033" visible="true" version="2" changeset="116323535" timestamp="2022-01-19T04:33:15Z" user="Alexey Lukin" uid="485808" lat="55.7389189" lon="37.6464525" />
  <node id="5338359752" visible="true" version="1" changeset="55422637" timestamp="2018-01-14T05:57:29Z" user="Alexander-II" uid="3580412" lat="55.7391067" lon="37.5719589" />
  <node id="4607133581" visible="true" version="1" changeset="45151553" timestamp="2017-01-14T00:46:23Z" user="Alexander-II" uid="3580412" lat="55.7406849" lon="37.5720537" />
  <node id="8654080227" visible="true" version="1" changeset="103377308" timestamp="2021-04-22T04:53:20Z" user="Alexey Lukin" uid="485808" lat="55.7626412" lon="37.6606818" />
  <node id="1459335271" visible="true" version="1" changeset="9507196" timestamp="2011-10-08T21:42:10Z" user="AMDmi3" uid="133332" lat="55.7405399" lon="37.5718143" />
  <node id="1003139132" visible="true" version="3" changeset="30348047" timestamp="2015-04-20T07:34:03Z" user="AlexeyS" uid="39086" lat="55.7393201" lon="37.5726107" />
  <node id="3743138206" visible="true" version="7" changeset="101534920" timestamp="2021-03-23T01:18:57Z" user="Alexey Lukin" uid="485808" lat="55.7429393" lon="37.5652137" />
  <node id="8654080220" visible="true" version="1" changeset="103377308" timestamp="2021-04-22T04:53:20Z" user="Alexey Lukin" uid="485808" lat="55.7645516" lon="37.6604252" />
  <node id="13858030016" visible="true" version="1" changeset="182983174" timestamp="2026-05-21T15:51:13Z" user="Fedorrr" uid="23588668" lat="55.7401714" lon="37.5719702" />
  <node id="1459335806" visible="true" version="1" changeset="9507196" timestamp="2011-10-08T21:42:33Z" user="AMDmi3" uid="133332" lat="55.7529957" lon="37.5725189" />
  <node id="1045128029" visible="true" version="8" changeset="116323472" timestamp="2022-01-19T04:29:52Z" user="Alexey Lukin" uid="485808" lat="55.7350576" lon="37.6423771" />
  <node id="1189902999" visible="true" version="9" changeset="101534920" timestamp="2021-03-23T01:18:57Z" user="Alexey Lukin" uid="485808" lat="55.7394149" lon="37.5693880" />
  <node id="1720435818" visible="true" version="1" changeset="11331764" timestamp="2012-04-17T11:46:52Z" user="AlexeyS" uid="39086" lat="55.7365197" lon="37.5719815" />
  <node id="1045128631" visible="true" version="9" changeset="141935600" timestamp="2023-09-30T02:45:58Z" user="Alexey Lukin" uid="485808" lat="55.7722544" lon="37.6542303" />
  <node id="666487059" visible="true" version="7" changeset="97466159" timestamp="2021-01-13T22:01:20Z" user="Alexey Lukin" uid="485808" lat="55.7376849" lon="37.5857926" />
  <node id="1003581719" visible="true" version="3" changeset="9507196" timestamp="2011-10-08T21:44:05Z" user="AMDmi3" uid="133332" lat="55.7399275" lon="37.5712553" />
  <node id="1459335295" visible="true" version="1" changeset="9507196" timestamp="2011-10-08T21:42:12Z" user="AMDmi3" uid="133332" lat="55.7424981" lon="37.5735317" />
  <node id="1189903343" visible="true" version="9" changeset="139111843" timestamp="2023-07-28T00:49:39Z" user="Alexey Lukin" uid="485808" lat="55.7288289" lon="37.6120213" />
  <node id="7797579004" visible="true" version="1" changeset="89140958" timestamp="2020-08-08T23:34:18Z" user="ks1v" uid="279214" lat="55.7400158" lon="37.5717642" />
  <node id="9429948034" visible="true" version="2" changeset="116323535" timestamp="2022-01-19T04:33:15Z" user="Alexey Lukin" uid="485808" lat="55.7372337" lon="37.6441731" />
  <node id="1459335247" visible="true" version="1" changeset="9507196" timestamp="2011-10-08T21:42:09Z" user="AMDmi3" uid="133332" lat="55.7395976" lon="37.5707128" />
  <node id="594043076" visible="true" version="5" changeset="120139495" timestamp="2022-04-24T21:24:28Z" user="literan" uid="830106" lat="55.7396423" lon="37.5709342" />
  <node id="3838326147" visible="true" version="3" changeset="139111843" timestamp="2023-07-28T00:49:39Z" user="Alexey Lukin" uid="485808" lat="55.7287837" lon="37.6136583" />
  <node id="255967961" visible="true" version="9" changeset="47873" timestamp="2009-04-02T08:09:54Z" user="Upliner" uid="67668" lat="55.7284242" lon="37.5488288" />
  <node id="5300042185" visible="true" version="1" changeset="54852859" timestamp="2017-12-22T23:12:46Z" user="luch86" uid="266092" lat="55.7390415" lon="37.5703400" />
  <node id="5338359767" visible="true" version="1" changeset="55422637" timestamp="2018-01-14T05:57:30Z" user="Alexander-II" uid="3580412" lat="55.7390218" lon="37.5723633">
    <tag k="entrance" v="staircase" />
  </node>
  <node id="4607133823" visible="true" version="1" changeset="45151553" timestamp="2017-01-14T00:46:24Z" user="Alexander-II" uid="3580412" lat="55.7410744" lon="37.5713333" />
  <node id="1459335778" visible="true" version="1" changeset="9507196" timestamp="2011-10-08T21:42:32Z" user="AMDmi3" uid="133332" lat="55.7514780" lon="37.5747632" />
  <node id="594043072" visible="true" version="5" changeset="9138716" timestamp="2011-08-27T15:05:04Z" user="AMDmi3" uid="133332" lat="55.7364803" lon="37.5677058" />
  <node id="3836612982" visible="true" version="7" changeset="116323535" timestamp="2022-01-19T04:33:15Z" user="Alexey Lukin" uid="485808" lat="55.7375470" lon="37.6449906" />
  <node id="11071650877" visible="true" version="2" changeset="139111843" timestamp="2023-07-28T00:49:39Z" user="Alexey Lukin" uid="485808" lat="55.7294290" lon="37.6289118" />
  <node id="4607133820" visible="true" version="2" changeset="45194890" timestamp="2017-01-15T16:55:49Z" user="Alexander-II" uid="3580412" lat="55.7410626" lon="37.5713095">
    <tag k="access" v="permissive" />
    <tag k="access:conditional" v="no @ winter" />
    <tag k="description" v="Выходы могут перекрываться на зиму или от случая. Но летом почти всегда открыты." />
    <tag k="entrance" v="yes" />
    <tag k="layer" v="1" />
  </node>
  <node id="5300042187" visible="true" version="1" changeset="54852859" timestamp="2017-12-22T23:12:46Z" user="luch86" uid="266092" lat="55.7381725" lon="37.5695595" />
  <node id="1414850489" visible="true" version="1" changeset="9138716" timestamp="2011-08-27T15:03:37Z" user="AMDmi3" uid="133332" lat="55.7321548" lon="37.5598392" />
  <node id="666487050" visible="true" version="11" changeset="101534920" timestamp="2021-03-23T01:18:57Z" user="Alexey Lukin" uid="485808" lat="55.7402801" lon="37.5678124" />
  <way id="27009070" visible="true" version="49" changeset="174777129" timestamp="2025-11-17T15:20:21Z" user="WindStream" uid="9557728">
    <nd ref="1149349205" />
    <nd ref="8654074713" />
    <nd ref="1045128631" />
    <nd ref="8654074715" />
    <nd ref="8654074716" />
    <nd ref="1045129582" />
    <nd ref="1398729452" />
    <nd ref="666487195" />
    <nd ref="1398729329" />
    <nd ref="8654080230" />
    <nd ref="8654080229" />
    <nd ref="8654080231" />
    <nd ref="1398729325" />
    <nd ref="8654080223" />
    <nd ref="8654080228" />
    <nd ref="8654080227" />
    <nd ref="1045128732" />
    <nd ref="1398729317" />
    <nd ref="1398729312" />
    <nd ref="1045129052" />
    <nd ref="1398729297" />
    <nd ref="1398729291" />
    <nd ref="8654080224" />
    <nd ref="8654080226" />
    <nd ref="8654080225" />
    <nd ref="1045129585" />
    <nd ref="1398729267" />
    <nd ref="4487750020" />
    <nd ref="297148175" />
    <nd ref="666487174" />
    <nd ref="4487750018" />
    <nd ref="1045128260" />
    <nd ref="3694670743" />
    <nd ref="4893123322" />
    <nd ref="3836635758" />
    <nd ref="3836635656" />
    <nd ref="1398729151" />
    <nd ref="6937381501" />
    <nd ref="2127382425" />
    <nd ref="9429948031" />
    <nd ref="296045164" />
    <nd ref="9429948030" />
    <nd ref="9429948032" />
    <nd ref="9429948033" />
    <nd ref="1398729066" />
    <nd ref="1045128311" />
    <nd ref="3836612983" />
    <nd ref="9429948034" />
    <nd ref="1398729055" />
    <nd ref="1045128029" />
    <nd ref="9429833798" />
    <nd ref="1398729027" />
    <nd ref="8495683213" />
    <nd ref="1045128130" />
    <nd ref="8726876271" />
    <nd ref="1398729012" />
    <nd ref="6937381495" />
    <nd ref="1398728992" />
    <nd ref="1398728986" />
    <nd ref="11071650882" />
    <nd ref="3838330118" />
    <nd ref="3838330116" />
    <nd ref="1045128303" />
    <nd ref="11071650879" />
    <nd ref="11071650880" />
    <nd ref="11071650881" />
    <nd ref="6937152874" />
    <nd ref="666487106" />
    <nd ref="3838326144" />
    <nd ref="3838326145" />
    <nd ref="11071650886" />
    <nd ref="3838326147" />
    <nd ref="3838326150" />
    <nd ref="11071650885" />
    <nd ref="11071650884" />
    <nd ref="1398728861" />
    <nd ref="6937381521" />
    <nd ref="6937381519" />
    <nd ref="4038142919" />
    <nd ref="309745438" />
    <nd ref="8319860614" />
    <nd ref="666487059" />
    <nd ref="8319860611" />
    <nd ref="8319860613" />
    <nd ref="4446962104" />
    <nd ref="1398729070" />
    <nd ref="8319860607" />
    <nd ref="4515941533" />
    <nd ref="8319860608" />
    <nd ref="1398729076" />
    <nd ref="1398729079" />
    <nd ref="666487053" />
    <nd ref="1398729091" />
    <nd ref="666487050" />
    <nd ref="1398729099" />
    <nd ref="1398729119" />
    <nd ref="1398729124" />
    <nd ref="666487052" />
    <nd ref="4515941535" />
    <nd ref="3743138207" />
    <tag k="colour" v="brown" />
    <tag k="electrified" v="rail" />
    <tag k="frequency" v="0" />
    <tag k="gauge" v="1520" />
    <tag k="layer" v="-4" />
    <tag k="name" v="Кольцевая линия" />
    <tag k="name:de" v="Ringlinie" />
    <tag k="name:ru" v="Кольцевая линия" />
    <tag k="operator" v="ГУП «Московский метрополитен»" />
    <tag k="railway" v="subway" />
    <tag k="railway:preferred_direction" v="forward" />
    <tag k="tunnel" v="yes" />
    <tag k="voltage" v="750" />
  </way>
  <way id="39851108" visible="true" version="14" changeset="55422637" timestamp="2018-01-14T05:57:56Z" user="Alexander-II" uid="3580412">
    <nd ref="477786800" />
    <nd ref="477786810" />
    <nd ref="1515283235" />
    <nd ref="477786806" />
    <nd ref="1740091780" />
    <nd ref="477786804" />
    <nd ref="1515283224" />
    <nd ref="1515283229" />
    <nd ref="1515283232" />
    <nd ref="1515283241" />
    <nd ref="4994198929" />
    <nd ref="1023189180" />
    <nd ref="1023189158" />
    <nd ref="1023189136" />
    <nd ref="477786800" />
    <tag k="addr:housenumber" v="3" />
    <tag k="addr:postcode" v="119121" />
    <tag k="addr:street" v="Саввинская набережная" />
    <tag k="building" v="apartments" />
    <tag k="building:levels" v="9" />
  </way>
  <way id="39851109" visible="true" version="7" changeset="30348047" timestamp="2015-04-20T07:34:03Z" user="AlexeyS" uid="39086">
    <nd ref="477786816" />
    <nd ref="477786818" />
    <nd ref="477786821" />
    <nd ref="477786824" />
    <nd ref="477786826" />
    <nd ref="1720435818" />
    <nd ref="477786830" />
    <nd ref="477786832" />
    <nd ref="477786834" />
    <nd ref="477786836" />
    <nd ref="477786839" />
    <nd ref="477786840" />
    <nd ref="477786842" />
    <nd ref="477787105" />
    <nd ref="477786845" />
    <nd ref="3467157675" />
    <nd ref="3467157676" />
    <nd ref="477786847" />
    <nd ref="477786850" />
    <nd ref="1459335245" />
    <nd ref="477786852" />
  </way>
  <way id="46115608" visible="true" version="21" changeset="164540073" timestamp="2025-04-05T08:18:37Z" user="BodhidharmaI" uid="10255266">
    <nd ref="315122106" />
    <nd ref="5260294295" />
    <nd ref="1003581719" />
    <nd ref="9690634230" />
    <nd ref="565333590" />
    <nd ref="565333591" />
    <nd ref="10774858949" />
    <nd ref="1459335291" />
    <nd ref="315122083" />
    <tag k="highway" v="secondary" />
    <tag k="lit" v="yes" />
    <tag k="maxspeed" v="RU:urban" />
    <tag k="name" v="Ростовская набережная" />
    <tag k="name:en" v="Rostovskaya Embankment" />
    <tag k="name:ru" v="Ростовская набережная" />
    <tag k="name:uk" v="Ростовська набережна" />
    <tag k="oneway" v="yes" />
    <tag k="postal_code" v="119121" />
    <tag k="surface" v="asphalt" />
    <tag k="wikidata" v="Q4398461" />
    <tag k="wikipedia" v="ru:Ростовская набережная" />
  </way>
  <way id="46494574" visible="true" version="22" changeset="163510479" timestamp="2025-03-12T04:20:01Z" user="radio-van" uid="12288220">
    <nd ref="594043076" />
    <nd ref="5260294298" />
    <nd ref="1007261092" />
    <nd ref="594043075" />
    <nd ref="594043073" />
    <nd ref="1007261025" />
    <nd ref="10774858947" />
    <nd ref="1007261093" />
    <nd ref="594043072" />
    <nd ref="594043071" />
    <nd ref="594043033" />
    <nd ref="594043032" />
    <nd ref="594043028" />
    <nd ref="1414850617" />
    <nd ref="1414850600" />
    <nd ref="5300042203" />
    <nd ref="5260294306" />
    <nd ref="594043027" />
    <nd ref="5260294308" />
    <nd ref="10774858946" />
    <nd ref="1414850516" />
    <nd ref="594043024" />
    <nd ref="1414850491" />
    <nd ref="594043026" />
    <nd ref="5300042210" />
    <nd ref="594043021" />
    <nd ref="5217351055" />
    <nd ref="10774858942" />
    <nd ref="1414850453" />
    <nd ref="1461979527" />
    <tag k="highway" v="secondary" />
    <tag k="lanes" v="2" />
    <tag k="lit" v="yes" />
    <tag k="maxspeed" v="RU:urban" />
    <tag k="name" v="Саввинская набережная" />
    <tag k="name:en" v="Savvinskaya Embankment" />
    <tag k="name:ru" v="Саввинская набережная" />
    <tag k="name:uk" v="Савинська набережна" />
    <tag k="oneway" v="yes" />
    <tag k="surface" v="asphalt" />
    <tag k="wikidata" v="Q4403756" />
    <tag k="wikipedia" v="ru:Саввинская набережная" />
  </way>
  <way id="46494577" visible="true" version="26" changeset="164540073" timestamp="2025-04-05T08:18:37Z" user="BodhidharmaI" uid="10255266">
    <nd ref="594043083" />
    <nd ref="594043082" />
    <nd ref="956386259" />
    <nd ref="594043074" />
    <nd ref="1459335292" />
    <nd ref="594043029" />
    <nd ref="968727700" />
    <nd ref="10774858950" />
    <nd ref="594043030" />
    <nd ref="1003556976" />
    <nd ref="5300042183" />
    <nd ref="5260294294" />
    <nd ref="594043076" />
    <tag k="highway" v="secondary" />
    <tag k="lanes" v="2" />
    <tag k="lit" v="yes" />
    <tag k="maxheight:signed" v="no" />
    <tag k="maxspeed" v="RU:urban" />
    <tag k="name" v="Ростовская набережная" />
    <tag k="name:en" v="Rostovskaya Embankment" />
    <tag k="name:ru" v="Ростовская набережная" />
    <tag k="name:uk" v="Ростовська набережна" />
    <tag k="oneway" v="yes" />
    <tag k="postal_code" v="119121" />
    <tag k="surface" v="asphalt" />
    <tag k="wikidata" v="Q4398461" />
    <tag k="wikipedia" v="ru:Ростовская набережная" />
  </way>
  <way id="46494578" visible="true" version="15" changeset="140296403" timestamp="2023-08-23T23:17:45Z" user="SillyWillyDon" uid="19874231">
    <nd ref="315122106" />
    <nd ref="594043076" />
    <tag k="highway" v="tertiary" />
    <tag k="lit" v="yes" />
    <tag k="maxspeed" v="RU:urban" />
    <tag k="name" v="1-й Вражский переулок" />
    <tag k="name:en" v="1st Vrajskiy Lane" />
    <tag k="name:ru" v="1-й Вражский переулок" />
    <tag k="name:uk" v="1-й Вражський провулок" />
    <tag k="oneway" v="yes" />
    <tag k="postal_code" v="119121" />
    <tag k="surface" v="asphalt" />
    <tag k="wikidata" v="Q4349678" />
    <tag k="wikipedia" v="ru:1-й Вражский переулок" />
  </way>
  <way id="46494579" visible="true" version="33" changeset="181754831" timestamp="2026-04-24T09:18:31Z" user="OSMchik" uid="8923703">
    <nd ref="1461131041" />
    <nd ref="87240247" />
    <nd ref="10774858943" />
    <nd ref="1414850489" />
    <nd ref="4215639514" />
    <nd ref="594043025" />
    <nd ref="4213628962" />
    <nd ref="4213628979" />
    <nd ref="1414850510" />
    <nd ref="4215584796" />
    <nd ref="5300042202" />
    <nd ref="5260294307" />
    <nd ref="87240248" />
    <nd ref="5260294305" />
    <nd ref="1414850598" />
    <nd ref="10774858944" />
    <nd ref="13758187963" />
    <nd ref="477786634" />
    <nd ref="477786639" />
    <nd ref="87240249" />
    <nd ref="9939650504" />
    <nd ref="477786643" />
    <nd ref="1414850643" />
    <nd ref="477786641" />
    <nd ref="1007260977" />
    <nd ref="312355886" />
    <nd ref="1003588843" />
    <nd ref="1003565135" />
    <nd ref="1003565254" />
    <nd ref="100064577" />
    <nd ref="1519153427" />
    <nd ref="1515283236" />
    <nd ref="1023189208" />
    <nd ref="1007261059" />
    <nd ref="1454924324" />
    <nd ref="5300042184" />
    <nd ref="1454924325" />
    <nd ref="315122106" />
    <tag k="highway" v="secondary" />
    <tag k="lanes" v="2" />
    <tag k="lit" v="yes" />
    <tag k="maxspeed" v="RU:urban" />
    <tag k="name" v="Саввинская набережная" />
    <tag k="name:en" v="Savvinskaya Embankment" />
    <tag k="name:ru" v="Саввинская набережная" />
    <tag k="name:uk" v="Савинська набережна" />
    <tag k="oneway" v="yes" />
    <tag k="surface" v="asphalt" />
    <tag k="wikidata" v="Q4403756" />
    <tag k="wikipedia" v="ru:Саввинская набережная" />
  </way>
  <way id="51550586" visible="true" version="12" changeset="134207782" timestamp="2023-03-28T07:59:13Z" user="Mateusz Konieczny - bot account" uid="3199858">
    <nd ref="4607133822" />
    <nd ref="4607133580" />
    <nd ref="4607133579" />
    <nd ref="4607133578" />
    <nd ref="4607133581" />
    <nd ref="4607133572" />
    <nd ref="4607133584" />
    <nd ref="4607133583" />
    <nd ref="7801555818" />
    <tag k="bicycle" v="dismount" />
    <tag k="bridge" v="yes" />
    <tag k="bridge:name" v="мост Богдана Хмельницкого" />
    <tag k="bridge:name:uk" v="міст Богдана Хмельницького" />
    <tag k="bridge:structure" v="arch" />
    <tag k="highway" v="footway" />
    <tag k="indoor" v="yes" />
    <tag k="layer" v="1" />
    <tag k="lit" v="yes" />
    <tag k="material" v="granite" />
    <tag k="width" v="5" />
  </way>
  <way id="51551211" visible="true" version="9" changeset="55422637" timestamp="2018-01-14T05:58:02Z" user="Alexander-II" uid="3580412">
    <nd ref="5338359761" />
    <nd ref="5338359766" />
    <nd ref="5338359757" />
    <nd ref="5338359767" />
    <nd ref="659051403" />
    <nd ref="659051402" />
    <nd ref="1003556949" />
    <nd ref="1003556951" />
    <nd ref="1003556950" />
    <nd ref="1003556947" />
    <nd ref="659051372" />
    <nd ref="1003556952" />
  </way>
  <way id="51551213" visible="true" version="7" changeset="118779721" timestamp="2022-03-22T14:03:37Z" user="Alexandrcfif" uid="103003">
    <nd ref="1697928242" />
    <nd ref="1720287070" />
    <nd ref="1720287069" />
    <nd ref="315122093" />
    <tag k="highway" v="footway" />
    <tag k="lit" v="yes" />
    <tag k="smoothness" v="excellent" />
    <tag k="surface" v="paving_stones" />
  </way>
  <way id="83946751" visible="true" version="37" changeset="154816414" timestamp="2024-08-04T14:57:37Z" user="TrickyFoxy" uid="11528195">
    <nd ref="10883936298" />
    <nd ref="4795893505" />
    <nd ref="1419644553" />
    <nd ref="1419644551" />
    <nd ref="1419644522" />
    <nd ref="1419644518" />
    <nd ref="255967962" />
    <nd ref="255967961" />
    <nd ref="663130658" />
    <tag k="admin_level" v="5" />
    <tag k="boat" v="yes" />
    <tag k="boundary" v="administrative" />
    <tag k="CEMT" v="III" />
    <tag k="gvr:code" v="09010101012110000023004" />
    <tag k="motorboat" v="yes" />
    <tag k="name" v="Москва" />
    <tag k="name:af" v="Moskwa" />
    <tag k="name:ar" v="نهر موسكفا" />
    <tag k="name:be" v="Масква" />
    <tag k="name:bg" v="Москва" />
    <tag k="name:bn" v="মস্কোভা নদী" />
    <tag k="name:br" v="Moskva" />
    <tag k="name:bs" v="Moskva" />
    <tag k="name:ca" v="Riu Moskvà" />
    <tag k="name:cs" v="Moskva" />
    <tag k="name:cv" v="Мускав" />
    <tag k="name:cy" v="Moscfa" />
    <tag k="name:da" v="Moskva" />
    <tag k="name:de" v="Moskwa" />
    <tag k="name:el" v="Μόσχοβας" />
    <tag k="name:en" v="Moskva River" />
    <tag k="name:eo" v="Moskva" />
    <tag k="name:es" v="Moscova" />
    <tag k="name:et" v="Moskva" />
    <tag k="name:eu" v="Moskova" />
    <tag k="name:fa" v="رود موسکوا" />
    <tag k="name:fi" v="Moskova" />
    <tag k="name:fr" v="Moskova" />
    <tag k="name:fy" v="Moskwa" />
    <tag k="name:he" v="מוסקבה (נהר)" />
    <tag k="name:hi" v="मोस्कवा नदी" />
    <tag k="name:hr" v="Moskva" />
    <tag k="name:hu" v="Moszkva" />
    <tag k="name:hy" v="Մոսկվա" />
    <tag k="name:id" v="Moskwa" />
    <tag k="name:it" v="Moscova" />
    <tag k="name:ja" v="モスクワ川" />
    <tag k="name:ko" v="모스크바 강" />
    <tag k="name:ky" v="Москва" />
    <tag k="name:la" v="Moscus" />
    <tag k="name:lt" v="Maskva" />
    <tag k="name:lv" v="Maskava" />
    <tag k="name:mk" v="Москва" />
    <tag k="name:ml" v="മോസ്ക്വ നദി" />
    <tag k="name:mn" v="Москва" />
    <tag k="name:mr" v="मोस्कवा नदी" />
    <tag k="name:ms" v="Sungai Moskva" />
    <tag k="name:nl" v="Moskva" />
    <tag k="name:nn" v="Moskvaelva" />
    <tag k="name:no" v="Moskva" />
    <tag k="name:pl" v="Moskwa" />
    <tag k="name:pt" v="Moscou" />
    <tag k="name:ro" v="Moscova" />
    <tag k="name:ru" v="Москва" />
    <tag k="name:sk" v="Moskva" />
    <tag k="name:sr" v="Москва" />
    <tag k="name:sv" v="Moskvafloden" />
    <tag k="name:sw" v="Moskva" />
    <tag k="name:ta" v="மசுகுவா ஆறு" />
    <tag k="name:tr" v="Moskova" />
    <tag k="name:uk" v="Москва" />
    <tag k="name:uz" v="Moskva" />
    <tag k="name:vi" v="Moskva" />
    <tag k="name:zh" v="莫斯科河" />
    <tag k="waterway" v="river" />
  </way>
  <way id="86352405" visible="true" version="9" changeset="86793800" timestamp="2020-06-17T22:53:22Z" user="ks1v" uid="279214">
    <nd ref="1003139109" />
    <nd ref="1003583031" />
    <nd ref="1003139113" />
    <nd ref="1003139116" />
    <nd ref="1127774662" />
    <nd ref="1003139132" />
    <nd ref="1003701893" />
    <nd ref="1003591959" />
    <nd ref="1127774640" />
    <nd ref="1127774639" />
    <nd ref="1003591961" />
    <nd ref="1003591963" />
    <nd ref="1003591964" />
    <nd ref="1003591967" />
    <nd ref="1003591968" />
    <tag k="highway" v="footway" />
    <tag k="lit" v="yes" />
    <tag k="surface" v="asphalt" />
  </way>
  <way id="86380132" visible="true" version="5" changeset="9963859" timestamp="2011-11-27T07:56:59Z" user="AlexeyS" uid="39086">
    <nd ref="1003139109" />
    <nd ref="1023189133" />
    <nd ref="1023189151" />
    <nd ref="1023189173" />
    <nd ref="1003556963" />
    <nd ref="1515283234" />
    <nd ref="1519153422" />
    <nd ref="1003556964" />
    <tag k="highway" v="service" />
  </way>
  <way id="86380135" visible="true" version="6" changeset="30347883" timestamp="2015-04-20T07:23:50Z" user="AlexeyS" uid="39086">
    <nd ref="1694556479" />
    <nd ref="1023189278" />
    <nd ref="1003139113" />
    <nd ref="1003701931" />
    <nd ref="1003556971" />
    <nd ref="1003556972" />
    <tag k="highway" v="service" />
  </way>
  <way id="86380136" visible="true" version="4" changeset="9932972" timestamp="2011-11-24T13:17:03Z" user="AlexeyS" uid="39086">
    <nd ref="1003556971" />
    <nd ref="1515283235" />
    <tag k="highway" v="service" />
  </way>
  <way id="86387082" visible="true" version="5" changeset="55422637" timestamp="2018-01-14T05:58:04Z" user="Alexander-II" uid="3580412">
    <nd ref="1003701806" />
    <nd ref="1017859449" />
    <nd ref="1003701815" />
    <nd ref="1003701833" />
    <nd ref="1003701836" />
    <nd ref="1061085362" />
    <nd ref="1061085387" />
    <nd ref="1061085357" />
    <nd ref="1003701840" />
    <nd ref="1003701852" />
    <nd ref="1003701856" />
    <nd ref="5338359752" />
    <nd ref="5338359763" />
    <tag k="barrier" v="fence" />
  </way>
  <way id="86387083" visible="true" version="3" changeset="58079240" timestamp="2018-04-14T00:19:04Z" user="Alexander-II" uid="3580412">
    <nd ref="5551583474" />
    <nd ref="5551583475" />
    <nd ref="1003701847" />
    <nd ref="5551583473" />
    <nd ref="1003701928" />
    <nd ref="1003701815" />
    <nd ref="1003701931" />
    <tag k="highway" v="footway" />
    <tag k="surface" v="paving_stones" />
  </way>
  <way id="86387084" visible="true" version="5" changeset="58079240" timestamp="2018-04-14T00:19:04Z" user="Alexander-II" uid="3580412">
    <nd ref="315122096" />
    <nd ref="3467370387" />
    <nd ref="1003701979" />
    <nd ref="1127774640" />
    <nd ref="1003701981" />
    <nd ref="1003701989" />
    <nd ref="1003701994" />
    <nd ref="1003702021" />
    <nd ref="1255973572" />
    <nd ref="1255973586" />
    <nd ref="1255973581" />
    <nd ref="1255973555" />
    <tag k="highway" v="service" />
    <tag k="surface" v="asphalt" />
  </way>
  <way id="86572872" visible="true" version="5" changeset="182983174" timestamp="2026-05-21T15:51:13Z" user="Fedorrr" uid="23588668">
    <nd ref="1006136613" />
    <nd ref="1006136614" />
    <nd ref="1006136615" />
    <nd ref="13858030023" />
    <nd ref="13858030024" />
    <nd ref="1694556487" />
    <nd ref="1006136598" />
    <nd ref="1006136599" />
    <nd ref="1006136600" />
    <nd ref="7797579012" />
    <nd ref="1006136602" />
    <nd ref="1006136603" />
    <nd ref="1694556481" />
    <nd ref="1694556477" />
    <tag k="barrier" v="fence" />
  </way>
  <way id="86572873" visible="true" version="7" changeset="126239816" timestamp="2022-09-15T20:42:00Z" user="Mateusz Konieczny" uid="1722488">
    <nd ref="1515283258" />
    <nd ref="1515283263" />
    <nd ref="1697928230" />
    <nd ref="5260294296" />
    <nd ref="1697928233" />
    <nd ref="1697928235" />
    <nd ref="1697928250" />
    <nd ref="5260294283" />
    <nd ref="1697928267" />
    <nd ref="3013744687" />
    <nd ref="3013744688" />
    <tag k="footway" v="sidewalk" />
    <tag k="highway" v="footway" />
    <tag k="surface" v="asphalt" />
  </way>
  <way id="87500428" visible="true" version="4" changeset="45016566" timestamp="2017-01-09T03:13:25Z" user="Alexander-II" uid="3580412">
    <nd ref="1017859449" />
    <nd ref="1364439054" />
    <nd ref="1454924323" />
    <nd ref="1364439047" />
    <nd ref="1017859455" />
    <tag k="barrier" v="retaining_wall" />
    <tag k="fixme" v="Есть сомнения в типе объекта retaining_wall" />
  </way>
  <way id="88028234" visible="true" version="4" changeset="54274700" timestamp="2017-12-02T16:23:49Z" user="Alexander-II" uid="3580412">
    <nd ref="5260294301" />
    <nd ref="1023189133" />
    <nd ref="1023189136" />
    <tag k="highway" v="footway" />
  </way>
  <way id="88028236" visible="true" version="4" changeset="54274700" timestamp="2017-12-02T16:23:49Z" user="Alexander-II" uid="3580412">
    <nd ref="1454924324" />
    <nd ref="1023189151" />
    <nd ref="1023189158" />
    <tag k="highway" v="footway" />
  </way>
  <way id="88028239" visible="true" version="4" changeset="54274700" timestamp="2017-12-02T16:23:49Z" user="Alexander-II" uid="3580412">
    <nd ref="1007261059" />
    <nd ref="1023189173" />
    <nd ref="1023189180" />
    <tag k="highway" v="footway" />
  </way>
  <way id="88028242" visible="true" version="1" changeset="6553882" timestamp="2010-12-05T17:38:27Z" user="AlexeyS" uid="39086">
    <nd ref="1003556963" />
    <nd ref="1023189242" />
    <nd ref="1023189208" />
    <tag k="highway" v="service" />
  </way>
  <way id="91370401" visible="true" version="2" changeset="58079240" timestamp="2018-04-14T00:19:05Z" user="Alexander-II" uid="3580412">
    <nd ref="1061088334" />
    <nd ref="1061088335" />
    <nd ref="1061088336" />
    <nd ref="1061088337" />
    <nd ref="1061088334" />
    <tag k="leisure" v="playground" />
    <tag k="playground:chain_ladder" v="yes" />
    <tag k="playground:climbingframe" v="yes" />
    <tag k="playground:sandpit" v="yes" />
    <tag k="playground:seesaw" v="yes" />
    <tag k="playground:springy" v="yes" />
    <tag k="playground:stepping_stones" v="yes" />
    <tag k="playground:structure" v="yes" />
    <tag k="playground:swing" v="yes" />
    <tag k="source" v="Bing" />
    <tag k="surface" v="tartan" />
  </way>
  <way id="91370453" visible="true" version="2" changeset="55422637" timestamp="2018-01-14T05:58:05Z" user="Alexander-II" uid="3580412">
    <nd ref="1003701805" />
    <nd ref="5338359751" />
    <nd ref="5338359750" />
    <nd ref="1061097379" />
    <nd ref="1003701806" />
  </way>
  <way id="92003071" visible="true" version="6" changeset="86617981" timestamp="2020-06-14T09:06:41Z" user="ks1v" uid="279214">
    <nd ref="1697928242" />
    <nd ref="4607133565" />
    <nd ref="1697928246" />
    <nd ref="1414850706" />
    <tag k="highway" v="footway" />
    <tag k="lit" v="yes" />
    <tag k="source" v="Bing" />
    <tag k="surface" v="paving_stones" />
  </way>
  <way id="95066627" visible="true" version="3" changeset="44993517" timestamp="2017-01-08T04:42:30Z" user="Alexander-II" uid="3580412">
    <nd ref="1103027627" />
    <nd ref="1103027628" />
    <nd ref="1107308987" />
    <nd ref="1103027629" />
    <nd ref="1107308988" />
    <nd ref="1103027630" />
    <nd ref="1103027631" />
    <tag k="earth_bank" v="grassy_steep_slope" />
    <tag k="natural" v="earth_bank" />
    <tag k="source" v="Bing" />
  </way>
  <way id="109800434" visible="true" version="4" changeset="89140958" timestamp="2020-08-08T23:34:18Z" user="ks1v" uid="279214">
    <nd ref="1103028462" />
    <nd ref="1255973545" />
    <nd ref="1255973557" />
    <nd ref="1255973562" />
    <nd ref="7797579009" />
    <tag k="earth_bank" v="grassy_steep_slope" />
    <tag k="natural" v="earth_bank" />
    <tag k="source" v="Bing" />
  </way>
  <way id="122020535" visible="true" version="5" changeset="50927748" timestamp="2017-08-07T21:12:48Z" user="literan" uid="830106">
    <nd ref="1364439053" />
    <nd ref="1364439049" />
    <nd ref="1364439044" />
    <nd ref="1364439045" />
    <nd ref="1454924307" />
    <nd ref="1454924308" />
    <nd ref="1364439041" />
    <nd ref="1364439042" />
    <nd ref="1364439046" />
    <nd ref="1364439047" />
    <nd ref="1454924323" />
    <nd ref="1454924311" />
    <nd ref="1364439053" />
    <tag k="addr:city" v="Москва" />
    <tag k="addr:country" v="RU" />
    <tag k="addr:housenumber" v="7" />
    <tag k="addr:street" v="2-й Вражский переулок" />
    <tag k="building" v="yes" />
  </way>
  <way id="127945897" visible="true" version="5" changeset="89208959" timestamp="2020-08-10T16:42:53Z" user="ks1v" uid="279214">
    <nd ref="4607133570" />
    <nd ref="4607133571" />
    <nd ref="1414850702" />
    <tag k="covered" v="yes" />
    <tag k="highway" v="footway" />
    <tag k="lit" v="no" />
    <tag k="surface" v="sett" />
    <tag k="tunnel" v="building_passage" />
  </way>
  <way id="127945898" visible="true" version="6" changeset="119110912" timestamp="2022-03-30T11:13:15Z" user="Alexandrcfif" uid="103003">
    <nd ref="1414850706" />
    <nd ref="1414850713" />
    <tag k="handrail" v="yes" />
    <tag k="highway" v="steps" />
    <tag k="incline" v="down" />
    <tag k="lit" v="no" />
    <tag k="ramp" v="no" />
    <tag k="source" v="survey" />
    <tag k="surface" v="paving_stones" />
  </way>
  <way id="127946006" visible="true" version="3" changeset="128574143" timestamp="2022-11-06T23:57:14Z" user="89r" uid="12117593">
    <nd ref="1414850612" />
    <nd ref="1414422086" />
    <nd ref="1459335064" />
    <nd ref="1414422093" />
    <nd ref="1459335075" />
    <nd ref="1414422095" />
    <nd ref="1414422097" />
    <nd ref="1459335090" />
    <nd ref="1414422099" />
    <nd ref="1459335105" />
    <nd ref="1414422101" />
    <nd ref="1459335158" />
    <nd ref="1459335166" />
    <nd ref="1414422102" />
    <nd ref="1414422104" />
    <nd ref="1459335207" />
    <nd ref="1414850736" />
    <tag k="barrier" v="fence" />
    <tag k="fence_type" v="bars" />
    <tag k="height" v="1.3" />
    <tag k="material" v="metal" />
  </way>
  <way id="127946057" visible="true" version="1" changeset="9138716" timestamp="2011-08-27T15:04:06Z" user="AMDmi3" uid="133332">
    <nd ref="1414851080" />
    <nd ref="1414850800" />
    <nd ref="1414850784" />
    <nd ref="1414850782" />
    <nd ref="1414850778" />
    <nd ref="1414850773" />
    <nd ref="1414850766" />
    <nd ref="1414850748" />
    <nd ref="1414850739" />
    <nd ref="1414850730" />
    <nd ref="1414850709" />
    <nd ref="1414850698" />
    <nd ref="1414850691" />
    <nd ref="1414850679" />
    <nd ref="1414850674" />
    <nd ref="1414850666" />
    <nd ref="1414850650" />
    <nd ref="1414850636" />
    <nd ref="1414850627" />
    <nd ref="1414850621" />
    <nd ref="1414850612" />
  </way>
  <way id="132673772" visible="true" version="11" changeset="128576898" timestamp="2022-11-07T02:39:12Z" user="89r" uid="12117593">
    <nd ref="1414422025" />
    <nd ref="1414422027" />
    <nd ref="5217351056" />
    <nd ref="1414422034" />
    <nd ref="1459334995" />
    <nd ref="1414422041" />
    <nd ref="1459335001" />
    <nd ref="1414422043" />
    <nd ref="1414422060" />
    <nd ref="1414850528" />
    <nd ref="1414850566" />
    <nd ref="5260294303" />
    <nd ref="1414422076" />
    <nd ref="1459335058" />
    <nd ref="1459335065" />
    <nd ref="1014508483" />
    <nd ref="1459335072" />
    <nd ref="1014508476" />
    <nd ref="1014508473" />
    <nd ref="1459335087" />
    <nd ref="1459335089" />
    <nd ref="1014508471" />
    <nd ref="1459335094" />
    <nd ref="1014508469" />
    <nd ref="1459335160" />
    <nd ref="10164527449" />
    <nd ref="1014508467" />
    <nd ref="10164527443" />
    <nd ref="1459335176" />
    <nd ref="1014508465" />
    <nd ref="10164527434" />
    <nd ref="1459335211" />
    <nd ref="10164527430" />
    <nd ref="5260294297" />
    <nd ref="5300042182" />
    <nd ref="1014508455" />
    <tag k="highway" v="footway" />
    <tag k="surface" v="paving_stones" />
  </way>
  <way id="132673782" visible="true" version="1" changeset="9507196" timestamp="2011-10-08T21:42:39Z" user="AMDmi3" uid="133332">
    <nd ref="1459335248" />
    <nd ref="1459335249" />
    <nd ref="1459335247" />
    <nd ref="1459335221" />
    <nd ref="1459335200" />
    <nd ref="1459335186" />
    <nd ref="1459335179" />
    <nd ref="1459335167" />
    <nd ref="1459335157" />
    <nd ref="1459335146" />
    <nd ref="1459335144" />
  </way>
  <way id="132673783" visible="true" version="2" changeset="9507661" timestamp="2011-10-08T22:51:25Z" user="AMDmi3" uid="133332">
    <nd ref="477786852" />
    <nd ref="1459335252" />
    <nd ref="1459335259" />
    <nd ref="1459335266" />
    <nd ref="1459335269" />
    <nd ref="1459335271" />
    <nd ref="1459335273" />
    <nd ref="1459335287" />
    <nd ref="1459335295" />
    <nd ref="1459335299" />
    <nd ref="1459335330" />
    <nd ref="1459335380" />
    <nd ref="1459335400" />
  </way>
  <way id="132673911" visible="true" version="3" changeset="37141719" timestamp="2016-02-11T09:28:05Z" user="literan" uid="830106">
    <nd ref="477786852" />
    <nd ref="1459335204" />
    <nd ref="1459335173" />
    <nd ref="4000356590" />
  </way>
  <way id="132673932" visible="true" version="2" changeset="9507661" timestamp="2011-10-08T22:51:27Z" user="AMDmi3" uid="133332">
    <nd ref="1459335248" />
    <nd ref="1459335257" />
    <nd ref="1459335263" />
    <nd ref="1459335267" />
    <nd ref="1459335270" />
    <nd ref="1459335272" />
    <nd ref="1459335279" />
    <nd ref="1459335288" />
    <nd ref="1459335294" />
    <nd ref="1459335296" />
    <nd ref="1459335302" />
    <nd ref="1459335325" />
    <nd ref="1459335403" />
    <nd ref="1459335452" />
    <nd ref="1459335486" />
    <nd ref="1459335507" />
    <nd ref="1459335522" />
    <nd ref="1459335558" />
    <nd ref="1459335608" />
    <nd ref="1459335627" />
    <nd ref="1459335636" />
    <nd ref="1459335645" />
    <nd ref="1459335661" />
    <nd ref="1459335670" />
    <nd ref="1459335683" />
    <nd ref="1459335700" />
    <nd ref="1459335702" />
    <nd ref="1459335712" />
    <nd ref="1459335740" />
    <nd ref="1459335756" />
    <nd ref="1459335761" />
    <nd ref="1459335766" />
    <nd ref="1459335772" />
    <nd ref="1459335778" />
    <nd ref="1459335782" />
    <nd ref="1459335786" />
    <nd ref="1459335789" />
    <nd ref="1459335793" />
    <nd ref="1459335806" />
    <nd ref="1459335809" />
  </way>
  <way id="132673954" visible="true" version="2" changeset="9507661" timestamp="2011-10-08T22:51:28Z" user="AMDmi3" uid="133332">
    <nd ref="1459335144" />
    <nd ref="1459335154" />
    <nd ref="1459335165" />
    <nd ref="1459335177" />
    <nd ref="1459335196" />
    <nd ref="1459335206" />
    <nd ref="1459335234" />
    <nd ref="1459335248" />
  </way>
  <way id="138226309" visible="true" version="1" changeset="9932972" timestamp="2011-11-24T13:17:00Z" user="AlexeyS" uid="39086">
    <nd ref="1515283241" />
    <nd ref="1003556963" />
    <tag k="highway" v="service" />
  </way>
  <way id="138226310" visible="true" version="2" changeset="55422637" timestamp="2018-01-14T05:58:10Z" user="Alexander-II" uid="3580412">
    <nd ref="1515283235" />
    <nd ref="1515283241" />
    <tag k="highway" v="service" />
    <tag k="tunnel" v="building_passage" />
  </way>
  <way id="138226311" visible="true" version="3" changeset="54274700" timestamp="2017-12-02T16:23:50Z" user="Alexander-II" uid="3580412">
    <nd ref="1515283232" />
    <nd ref="1515283234" />
    <nd ref="1515283236" />
    <tag k="highway" v="footway" />
  </way>
  <way id="138226313" visible="true" version="4" changeset="54274700" timestamp="2017-12-02T16:23:50Z" user="Alexander-II" uid="3580412">
    <nd ref="1515283218" />
    <nd ref="1515283248" />
    <nd ref="1515283243" />
    <nd ref="1515283214" />
    <nd ref="1515283218" />
  </way>
  <way id="138226315" visible="true" version="3" changeset="54274700" timestamp="2017-12-02T16:23:50Z" user="Alexander-II" uid="3580412">
    <nd ref="5260294292" />
    <nd ref="1515283252" />
    <nd ref="1515283255" />
    <nd ref="1515283256" />
    <nd ref="1515283253" />
    <nd ref="5260294291" />
    <nd ref="5260294292" />
  </way>
  <way id="157242891" visible="true" version="13" changeset="140296403" timestamp="2023-08-23T23:17:45Z" user="SillyWillyDon" uid="19874231">
    <nd ref="315122106" />
    <nd ref="5260294288" />
    <nd ref="1694556479" />
    <nd ref="1694556465" />
    <nd ref="1694556464" />
    <nd ref="1694556461" />
    <nd ref="315122095" />
    <tag k="highway" v="tertiary" />
    <tag k="maxspeed" v="RU:urban" />
    <tag k="name" v="1-й Вражский переулок" />
    <tag k="name:en" v="1st Vrajskiy Lane" />
    <tag k="name:ru" v="1-й Вражский переулок" />
    <tag k="name:uk" v="1-й Вражський провулок" />
    <tag k="postal_code" v="119121" />
    <tag k="surface" v="asphalt" />
    <tag k="wikidata" v="Q4349678" />
    <tag k="wikipedia" v="ru:1-й Вражский переулок" />
  </way>
  <way id="159961382" visible="true" version="6" changeset="118541838" timestamp="2022-03-16T10:00:00Z" user="Alexandrcfif" uid="103003">
    <nd ref="1697928237" />
    <nd ref="1697928240" />
    <nd ref="7797579013" />
    <nd ref="1697928242" />
    <tag k="highway" v="footway" />
    <tag k="lit" v="yes" />
    <tag k="oneway" v="no" />
    <tag k="smoothness" v="excellent" />
    <tag k="surface" v="paving_stones" />
  </way>
  <way id="159961387" visible="true" version="1" changeset="11330293" timestamp="2012-04-17T08:45:55Z" user="AlexeyS" uid="39086">
    <nd ref="1720287076" />
    <nd ref="1720287073" />
    <nd ref="1720287072" />
    <nd ref="1720287075" />
    <nd ref="1720287074" />
    <nd ref="1720287077" />
    <nd ref="1720287079" />
    <nd ref="1720287081" />
    <nd ref="1720287083" />
    <nd ref="1414850733" />
    <tag k="barrier" v="fence" />
  </way>
  <way id="370614074" visible="true" version="46" changeset="175505800" timestamp="2025-12-04T16:45:54Z" user="Felis Pimeja" uid="260756">
    <nd ref="3743138206" />
    <nd ref="4516485100" />
    <nd ref="3838285931" />
    <nd ref="1398729152" />
    <nd ref="1189903233" />
    <nd ref="1398729130" />
    <nd ref="1398729122" />
    <nd ref="1398729113" />
    <nd ref="1189903053" />
    <nd ref="1398729095" />
    <nd ref="1189903312" />
    <nd ref="1398729082" />
    <nd ref="1189903101" />
    <nd ref="1398729078" />
    <nd ref="1189902999" />
    <nd ref="1398729073" />
    <nd ref="1398729069" />
    <nd ref="1189903182" />
    <nd ref="1398729067" />
    <nd ref="3838285928" />
    <nd ref="1189903147" />
    <nd ref="4515941537" />
    <nd ref="4515941536" />
    <nd ref="1398729063" />
    <nd ref="1398729062" />
    <nd ref="1398729049" />
    <nd ref="8319860612" />
    <nd ref="1189903126" />
    <nd ref="1398729045" />
    <nd ref="1398729042" />
    <nd ref="4038142918" />
    <nd ref="6937381520" />
    <nd ref="6937381522" />
    <nd ref="1398728859" />
    <nd ref="3838326152" />
    <nd ref="1189903343" />
    <nd ref="1398728849" />
    <nd ref="1189903125" />
    <nd ref="1398728845" />
    <nd ref="3838326142" />
    <nd ref="1189903003" />
    <nd ref="1189903315" />
    <nd ref="6937152875" />
    <nd ref="11071650878" />
    <nd ref="1398728874" />
    <nd ref="11071650877" />
    <nd ref="1189903132" />
    <nd ref="1398728917" />
    <nd ref="1398728943" />
    <nd ref="11071650883" />
    <nd ref="1398728969" />
    <nd ref="1189903170" />
    <nd ref="6937381496" />
    <nd ref="1398729001" />
    <nd ref="1189903234" />
    <nd ref="1398729017" />
    <nd ref="1189903226" />
    <nd ref="1398729025" />
    <nd ref="9429833797" />
    <nd ref="1398729034" />
    <nd ref="9429948035" />
    <nd ref="1398729053" />
    <nd ref="3836612982" />
    <nd ref="9429948036" />
    <nd ref="9429948037" />
    <nd ref="9429948038" />
    <nd ref="1189903317" />
    <nd ref="1398729060" />
    <nd ref="1398729098" />
    <nd ref="9429948039" />
    <nd ref="1189903051" />
    <nd ref="12156213473" />
    <nd ref="12156213472" />
    <nd ref="6937381502" />
    <nd ref="12156213474" />
    <nd ref="7196444560" />
    <nd ref="1189903098" />
    <nd ref="3836635655" />
    <nd ref="3836635757" />
    <nd ref="4893123321" />
    <nd ref="3694670742" />
    <nd ref="4487750019" />
    <nd ref="1123660540" />
    <nd ref="1123660481" />
    <nd ref="3836692694" />
    <nd ref="4493624023" />
    <nd ref="1398729266" />
    <nd ref="1123660488" />
    <nd ref="8654080222" />
    <nd ref="1398729292" />
    <nd ref="1398729296" />
    <nd ref="1149367807" />
    <nd ref="1398729313" />
    <nd ref="1398729318" />
    <nd ref="1149367752" />
    <nd ref="1398729324" />
    <nd ref="8654080219" />
    <nd ref="8654080220" />
    <nd ref="8654080221" />
    <nd ref="1149367785" />
    <nd ref="1149367867" />
    <nd ref="8654074706" />
    <nd ref="8654074708" />
    <nd ref="1149367769" />
    <nd ref="8654074710" />
    <nd ref="8654074712" />
    <nd ref="1149367746" />
    <nd ref="13353776235" />
    <nd ref="1149349145" />
    <tag k="colour" v="brown" />
    <tag k="electrified" v="rail" />
    <tag k="frequency" v="0" />
    <tag k="gauge" v="1520" />
    <tag k="layer" v="-4" />
    <tag k="name" v="Кольцевая линия" />
    <tag k="name:de" v="Ringlinie" />
    <tag k="name:ru" v="Кольцевая линия" />
    <tag k="operator" v="ГУП «Московский метрополитен»" />
    <tag k="railway" v="subway" />
    <tag k="railway:preferred_direction" v="forward" />
    <tag k="tunnel" v="yes" />
    <tag k="voltage" v="750" />
  </way>
  <way id="465792153" visible="true" version="4" changeset="134208037" timestamp="2023-03-28T08:09:19Z" user="Mateusz Konieczny - bot account" uid="3199858">
    <nd ref="1697928242" />
    <nd ref="4607133569" />
    <nd ref="4620041114" />
    <tag k="bicycle" v="no" />
    <tag k="highway" v="footway" />
    <tag k="layer" v="1" />
    <tag k="lit" v="yes" />
    <tag k="material" v="granite" />
  </way>
  <way id="465792154" visible="true" version="4" changeset="134208037" timestamp="2023-03-28T08:09:20Z" user="Mateusz Konieczny - bot account" uid="3199858">
    <nd ref="4607133565" />
    <nd ref="4620041113" />
    <tag k="bicycle" v="no" />
    <tag k="highway" v="footway" />
    <tag k="layer" v="1" />
    <tag k="lit" v="yes" />
    <tag k="material" v="granite" />
  </way>
  <way id="465792216" visible="true" version="1" changeset="45151553" timestamp="2017-01-14T00:46:30Z" user="Alexander-II" uid="3580412">
    <nd ref="1697928244" />
    <nd ref="1697928248" />
  </way>
  <way id="467374003" visible="true" version="5" changeset="118773580" timestamp="2022-03-22T11:09:10Z" user="Alexandrcfif" uid="103003">
    <nd ref="1697928242" />
    <nd ref="4607133822" />
    <tag k="highway" v="footway" />
    <tag k="lit" v="yes" />
    <tag k="oneway" v="no" />
    <tag k="smoothness" v="excellent" />
    <tag k="surface" v="paving_stones" />
  </way>
  <way id="467374004" visible="true" version="3" changeset="134208037" timestamp="2023-03-28T08:09:25Z" user="Mateusz Konieczny - bot account" uid="3199858">
    <nd ref="4620041114" />
    <nd ref="4607133568" />
    <tag k="bicycle" v="no" />
    <tag k="bridge" v="yes" />
    <tag k="bridge:structure" v="arch" />
    <tag k="highway" v="footway" />
    <tag k="layer" v="1" />
    <tag k="lit" v="yes" />
    <tag k="material" v="granite" />
  </way>
  <way id="467374005" visible="true" version="4" changeset="151562817" timestamp="2024-05-20T06:53:10Z" user="Aracturat" uid="2415522">
    <nd ref="4620041113" />
    <nd ref="4607133564" />
    <tag k="bicycle" v="no" />
    <tag k="bridge" v="yes" />
    <tag k="bridge:structure" v="arch" />
    <tag k="highway" v="footway" />
    <tag k="layer" v="1" />
    <tag k="lit" v="yes" />
    <tag k="material" v="granite" />
    <tag k="surface" v="paving_stones" />
  </way>
  <way id="487074286" visible="true" version="31" changeset="141362347" timestamp="2023-09-17T00:04:22Z" user="Fizzie-DWG" uid="461130">
    <nd ref="1414850698" />
    <nd ref="4795893505" />
    <tag k="name" v="Помётный Вражек" />
    <tag k="waterway" v="stream" />
  </way>
  <way id="487074287" visible="true" version="31" changeset="141362347" timestamp="2023-09-17T00:04:22Z" user="Fizzie-DWG" uid="461130">
    <nd ref="4795893503" />
    <nd ref="4795893504" />
    <nd ref="1414850698" />
    <tag k="layer" v="-1" />
    <tag k="name" v="Помётный Вражек" />
    <tag k="tunnel" v="culvert" />
    <tag k="waterway" v="stream" />
  </way>
  <way id="489594925" visible="true" version="5" changeset="126239929" timestamp="2022-09-15T20:45:02Z" user="Mateusz Konieczny" uid="1722488">
    <nd ref="1014508455" />
    <nd ref="4607133801" />
    <nd ref="7801555820" />
    <tag k="highway" v="footway" />
    <tag k="lit" v="yes" />
    <tag k="surface" v="paving_stones" />
  </way>
  <way id="528680348" visible="true" version="1" changeset="52469732" timestamp="2017-09-29T09:33:34Z" user="Alexander-II" uid="3580412">
    <nd ref="5137182902" />
    <nd ref="5137182901" />
  </way>
  <way id="528680350" visible="true" version="2" changeset="89208959" timestamp="2020-08-10T16:42:53Z" user="ks1v" uid="279214">
    <nd ref="5137182900" />
    <nd ref="1414850702" />
    <nd ref="5137182902" />
    <tag k="barrier" v="wall" />
    <tag k="height" v="1" />
    <tag k="layer" v="1" />
    <tag k="material" v="granite" />
  </way>
  <way id="528680352" visible="true" version="1" changeset="52469732" timestamp="2017-09-29T09:33:35Z" user="Alexander-II" uid="3580412">
    <nd ref="5137182902" />
    <nd ref="1697928244" />
    <tag k="barrier" v="wall" />
    <tag k="height" v="1" />
    <tag k="layer" v="1" />
    <tag k="material" v="granite" />
  </way>
  <way id="528680353" visible="true" version="2" changeset="89208959" timestamp="2020-08-10T16:42:53Z" user="ks1v" uid="279214">
    <nd ref="5137182901" />
    <nd ref="4607133570" />
    <nd ref="5137182899" />
    <tag k="barrier" v="wall" />
    <tag k="height" v="1" />
    <tag k="layer" v="1" />
    <tag k="material" v="granite" />
  </way>
  <way id="528680359" visible="true" version="1" changeset="52469732" timestamp="2017-09-29T09:33:35Z" user="Alexander-II" uid="3580412">
    <nd ref="1697928248" />
    <nd ref="5137182901" />
    <tag k="barrier" v="wall" />
    <tag k="height" v="1" />
    <tag k="layer" v="1" />
    <tag k="material" v="granite" />
  </way>
  <way id="528680365" visible="true" version="1" changeset="52469732" timestamp="2017-09-29T09:33:36Z" user="Alexander-II" uid="3580412">
    <nd ref="3013744668" />
    <nd ref="4607133820" />
    <nd ref="4607133823" />
    <nd ref="4607133549" />
    <nd ref="4607133830" />
    <nd ref="4607133822" />
    <nd ref="4607133829" />
    <nd ref="4607133550" />
    <nd ref="4607133828" />
    <nd ref="4607133819" />
    <nd ref="3013744669" />
  </way>
  <way id="544164428" visible="true" version="3" changeset="88827705" timestamp="2020-08-02T00:58:16Z" user="ks1v" uid="279214">
    <nd ref="5260294284" />
    <nd ref="5260294283" />
    <tag k="handrail" v="yes" />
    <tag k="handrail:left" v="yes" />
    <tag k="handrail:right" v="yes" />
    <tag k="highway" v="steps" />
    <tag k="incline" v="down" />
    <tag k="lit" v="yes" />
    <tag k="surface" v="paving_stones" />
  </way>
  <way id="544164429" visible="true" version="3" changeset="88827705" timestamp="2020-08-02T00:58:26Z" user="ks1v" uid="279214">
    <nd ref="1414850702" />
    <nd ref="5260294284" />
    <tag k="highway" v="footway" />
    <tag k="lit" v="yes" />
    <tag k="surface" v="paving_stones" />
  </way>
  <way id="544164430" visible="true" version="1" changeset="54274700" timestamp="2017-12-02T16:23:44Z" user="Alexander-II" uid="3580412">
    <nd ref="5260294290" />
    <nd ref="1515283245" />
    <nd ref="1515283249" />
    <nd ref="5260294289" />
    <nd ref="5260294290" />
  </way>
  <way id="544164431" visible="true" version="3" changeset="87657932" timestamp="2020-07-07T13:24:39Z" user="ks1v" uid="279214">
    <nd ref="5260294301" />
    <nd ref="5260294285" />
    <nd ref="5260294286" />
    <nd ref="5260294287" />
    <nd ref="5260294293" />
    <nd ref="1003583031" />
    <tag k="highway" v="footway" />
    <tag k="lit" v="yes" />
    <tag k="surface" v="paving_stones" />
  </way>
  <way id="544164432" visible="true" version="3" changeset="89147784" timestamp="2020-08-09T09:28:15Z" user="ks1v" uid="279214">
    <nd ref="1515283258" />
    <nd ref="5260294288" />
    <nd ref="5260294293" />
    <tag k="footway" v="crossing" />
    <tag k="highway" v="footway" />
    <tag k="lit" v="yes" />
    <tag k="surface" v="asphalt" />
  </way>
  <way id="544164433" visible="true" version="3" changeset="89147784" timestamp="2020-08-09T09:28:16Z" user="ks1v" uid="279214">
    <nd ref="5260294299" />
    <nd ref="5260294294" />
    <nd ref="5260294295" />
    <nd ref="5260294296" />
    <tag k="footway" v="crossing" />
    <tag k="highway" v="footway" />
    <tag k="lit" v="yes" />
    <tag k="surface" v="asphalt" />
  </way>
  <way id="544164434" visible="true" version="3" changeset="89147784" timestamp="2020-08-09T09:28:13Z" user="ks1v" uid="279214">
    <nd ref="5260294300" />
    <nd ref="5260294297" />
    <tag k="highway" v="footway" />
    <tag k="lit" v="yes" />
    <tag k="surface" v="paving_stones" />
  </way>
  <way id="544164435" visible="true" version="4" changeset="89147784" timestamp="2020-08-09T09:28:11Z" user="ks1v" uid="279214">
    <nd ref="5260294300" />
    <nd ref="5260294299" />
    <nd ref="5300042182" />
    <tag k="highway" v="footway" />
    <tag k="lit" v="yes" />
    <tag k="surface" v="paving_stones" />
  </way>
  <way id="544164436" visible="true" version="3" changeset="86793818" timestamp="2020-06-17T22:54:31Z" user="ks1v" uid="279214">
    <nd ref="5260294300" />
    <nd ref="5260294298" />
    <nd ref="1454924325" />
    <nd ref="5260294301" />
    <tag k="footway" v="crossing" />
    <tag k="highway" v="footway" />
    <tag k="lit" v="yes" />
    <tag k="surface" v="asphalt" />
  </way>
  <way id="548628348" visible="true" version="2" changeset="128576898" timestamp="2022-11-07T02:39:12Z" user="89r" uid="12117593">
    <nd ref="5260294300" />
    <nd ref="10164527431" />
    <nd ref="5300042185" />
    <nd ref="10164527435" />
    <nd ref="5300042186" />
    <nd ref="10164527438" />
    <nd ref="5300042187" />
    <nd ref="10164527444" />
    <nd ref="10164527450" />
    <nd ref="5300042188" />
    <nd ref="5300042200" />
    <nd ref="5260294279" />
    <nd ref="5300042199" />
    <nd ref="5300042198" />
    <nd ref="5300042197" />
    <nd ref="5300042196" />
    <nd ref="5300042195" />
    <nd ref="5300042194" />
    <nd ref="5300042193" />
    <nd ref="5300042192" />
    <nd ref="5300042191" />
    <nd ref="5300042190" />
    <nd ref="5300042189" />
    <nd ref="5260294309" />
    <tag k="footway" v="sidewalk" />
    <tag k="highway" v="footway" />
    <tag k="surface" v="paving_stones" />
  </way>
  <way id="552964983" visible="true" version="1" changeset="55422637" timestamp="2018-01-14T05:57:32Z" user="Alexander-II" uid="3580412">
    <nd ref="5338359763" />
    <nd ref="5338359756" />
  </way>
  <way id="552964984" visible="true" version="1" changeset="55422637" timestamp="2018-01-14T05:57:32Z" user="Alexander-II" uid="3580412">
    <nd ref="1003701805" />
    <nd ref="5338359764" />
  </way>
  <way id="552964985" visible="true" version="1" changeset="55422637" timestamp="2018-01-14T05:57:32Z" user="Alexander-II" uid="3580412">
    <nd ref="1003701806" />
    <nd ref="1003701805" />
  </way>
  <way id="552964986" visible="true" version="1" changeset="55422637" timestamp="2018-01-14T05:57:33Z" user="Alexander-II" uid="3580412">
    <nd ref="5338359764" />
    <nd ref="5338359765" />
    <nd ref="5338359762" />
    <nd ref="5338359763" />
  </way>
  <way id="552964987" visible="true" version="1" changeset="55422637" timestamp="2018-01-14T05:57:33Z" user="Alexander-II" uid="3580412">
    <nd ref="5338359764" />
    <nd ref="5338359755" />
    <nd ref="5338359753" />
    <nd ref="5338359754" />
    <nd ref="5338359756" />
  </way>
  <way id="552964988" visible="true" version="1" changeset="55422637" timestamp="2018-01-14T05:57:33Z" user="Alexander-II" uid="3580412">
    <nd ref="1003556952" />
    <nd ref="1003556958" />
    <nd ref="659051371" />
    <nd ref="5338359761" />
  </way>
  <way id="552964989" visible="true" version="1" changeset="55422637" timestamp="2018-01-14T05:57:33Z" user="Alexander-II" uid="3580412">
    <nd ref="1003556952" />
    <nd ref="5338359761" />
  </way>
  <way id="552964990" visible="true" version="1" changeset="55422637" timestamp="2018-01-14T05:57:33Z" user="Alexander-II" uid="3580412">
    <nd ref="5338359756" />
    <nd ref="5338359764" />
  </way>
  <way id="579739414" visible="true" version="1" changeset="58079240" timestamp="2018-04-14T00:18:59Z" user="Alexander-II" uid="3580412">
    <nd ref="5551583473" />
    <nd ref="5551583472" />
    <tag k="highway" v="footway" />
    <tag k="surface" v="paving_stones" />
  </way>
  <way id="579739415" visible="true" version="4" changeset="89140958" timestamp="2020-08-08T23:34:18Z" user="ks1v" uid="279214">
    <nd ref="5260294284" />
    <nd ref="7797579007" />
    <nd ref="5551583478" />
    <nd ref="7797578999" />
    <nd ref="7797579006" />
    <nd ref="7797579005" />
    <nd ref="5551583477" />
    <tag k="highway" v="footway" />
    <tag k="incline" v="down" />
    <tag k="lit" v="yes" />
    <tag k="surface" v="paving_stones" />
  </way>
  <way id="579739416" visible="true" version="3" changeset="86793818" timestamp="2020-06-17T22:53:59Z" user="ks1v" uid="279214">
    <nd ref="1515283258" />
    <nd ref="5551583477" />
    <nd ref="5551583480" />
    <nd ref="5551583479" />
    <nd ref="1694553522" />
    <tag k="footway" v="sidewalk" />
    <tag k="highway" v="footway" />
    <tag k="lit" v="no" />
    <tag k="surface" v="asphalt" />
  </way>
  <way id="835387643" visible="true" version="1" changeset="89140958" timestamp="2020-08-08T23:34:18Z" user="ks1v" uid="279214">
    <nd ref="7797578999" />
    <nd ref="7797579000" />
    <nd ref="7797579001" />
    <nd ref="7797579002" />
    <nd ref="7797579003" />
    <nd ref="7797579004" />
    <nd ref="7797579005" />
    <tag k="highway" v="footway" />
    <tag k="incline" v="down" />
    <tag k="lit" v="yes" />
    <tag k="surface" v="paving_stones" />
  </way>
  <way id="835387644" visible="true" version="1" changeset="89140958" timestamp="2020-08-08T23:34:18Z" user="ks1v" uid="279214">
    <nd ref="7797579007" />
    <nd ref="7797579008" />
    <nd ref="7797579009" />
    <tag k="highway" v="footway" />
    <tag k="incline" v="40%" />
    <tag k="surface" v="grass" />
  </way>
  <way id="835387645" visible="true" version="1" changeset="89140958" timestamp="2020-08-08T23:34:18Z" user="ks1v" uid="279214">
    <nd ref="7797579009" />
    <nd ref="7797579010" />
    <nd ref="7797579011" />
    <nd ref="7797579012" />
    <tag k="highway" v="footway" />
    <tag k="surface" v="grass" />
  </way>
  <way id="835387646" visible="true" version="1" changeset="89140958" timestamp="2020-08-08T23:34:18Z" user="ks1v" uid="279214">
    <nd ref="7797579009" />
    <nd ref="1255973574" />
    <nd ref="1255973588" />
    <nd ref="1103027627" />
    <nd ref="1255973569" />
    <nd ref="1255973571" />
    <nd ref="1255973579" />
    <nd ref="1255973548" />
    <tag k="earth_bank" v="grassy_steep_slope" />
    <tag k="natural" v="earth_bank" />
    <tag k="source" v="Bing" />
  </way>
  <way id="835387647" visible="true" version="1" changeset="89140958" timestamp="2020-08-08T23:34:18Z" user="ks1v" uid="279214">
    <nd ref="7797579012" />
    <nd ref="7797579013" />
    <tag k="highway" v="footway" />
    <tag k="surface" v="paving_stones" />
  </way>
  <way id="1110931241" visible="true" version="1" changeset="128576898" timestamp="2022-11-07T02:39:12Z" user="89r" uid="12117593">
    <nd ref="10164527430" />
    <nd ref="10164527431" />
    <tag k="highway" v="footway" />
    <tag k="surface" v="paving_stones" />
  </way>
  <way id="1518351052" visible="true" version="1" changeset="182983174" timestamp="2026-05-21T15:51:13Z" user="Fedorrr" uid="23588668">
    <nd ref="13858030006" />
    <nd ref="13858030007" />
    <nd ref="13858030008" />
    <nd ref="1006136602" />
    <nd ref="1006136603" />
    <nd ref="1694556481" />
    <nd ref="1694556477" />
    <nd ref="13858030009" />
    <nd ref="13858030010" />
    <nd ref="13858030011" />
    <nd ref="13858030012" />
    <nd ref="13858030013" />
    <nd ref="13858030014" />
    <nd ref="13858030015" />
    <nd ref="13858030016" />
    <nd ref="13858030006" />
    <tag k="natural" v="wood" />
  </way>
  <way id="1518351053" visible="true" version="1" changeset="182983174" timestamp="2026-05-21T15:51:13Z" user="Fedorrr" uid="23588668">
    <nd ref="13858030017" />
    <nd ref="13858030018" />
    <nd ref="13858030019" />
    <nd ref="13858030020" />
    <nd ref="13858030021" />
    <nd ref="13858030022" />
    <nd ref="13858030023" />
    <nd ref="13858030024" />
    <nd ref="13858030025" />
    <nd ref="13858030026" />
    <nd ref="13858030017" />
    <tag k="natural" v="wood" />
  </way>
</osm>