<?xml version='1.0' encoding='utf-8'?>
<osm version="0.6" generator="crop_osm_to_bbox">
  <bounds minlat="55.755814688825005" minlon="37.55718959289085" maxlat="55.75761131117499" maxlon="37.560382407109145" />
  <node id="612557015" visible="true" version="3" changeset="43105524" timestamp="2016-10-23T17:50:26Z" user="literan" uid="830106" lat="55.7557910" lon="37.5604997" />
  <node id="12537235119" visible="true" version="1" changeset="161834946" timestamp="2025-01-27T21:04:17Z" user="literan" uid="830106" lat="55.7569428" lon="37.5594342" />
  <node id="1108028337" visible="true" version="4" changeset="161834946" timestamp="2025-01-27T21:04:17Z" user="literan" uid="830106" lat="55.7567274" lon="37.5596183" />
  <node id="2973775771" visible="true" version="2" changeset="65939295" timestamp="2019-01-01T18:23:47Z" user="literan" uid="830106" lat="55.7570128" lon="37.5636803" />
  <node id="11698565362" visible="true" version="1" changeset="148310820" timestamp="2024-03-06T18:59:58Z" user="sirorezka" uid="4823594" lat="55.7560782" lon="37.5583127" />
  <node id="469657895" visible="true" version="1" changeset="2174262" timestamp="2009-08-17T08:14:54Z" user="KekcuHa" uid="30590" lat="55.7589140" lon="37.5598125" />
  <node id="469657903" visible="true" version="4" changeset="34321930" timestamp="2015-09-29T10:45:46Z" user="literan" uid="830106" lat="55.7568693" lon="37.5586032" />
  <node id="6178469416" visible="true" version="1" changeset="65958099" timestamp="2019-01-02T13:16:47Z" user="literan" uid="830106" lat="55.7565074" lon="37.5589916" />
  <node id="9603558852" visible="true" version="1" changeset="118870418" timestamp="2022-03-24T15:42:42Z" user="literan" uid="830106" lat="55.7575496" lon="37.5575809" />
  <node id="3641616321" visible="true" version="2" changeset="65958099" timestamp="2019-01-02T13:16:50Z" user="literan" uid="830106" lat="55.7565481" lon="37.5590064" />
  <node id="5118328998" visible="true" version="1" changeset="52223777" timestamp="2017-09-20T21:02:00Z" user="Uterouter" uid="6503009" lat="55.7569760" lon="37.5590142" />
  <node id="9654139463" visible="true" version="1" changeset="119509676" timestamp="2022-04-09T15:59:05Z" user="literan" uid="830106" lat="55.7571156" lon="37.5588012" />
  <node id="11698565365" visible="true" version="1" changeset="148310820" timestamp="2024-03-06T18:59:58Z" user="sirorezka" uid="4823594" lat="55.7557047" lon="37.5580844" />
  <node id="9603558862" visible="true" version="1" changeset="118870418" timestamp="2022-03-24T15:42:42Z" user="literan" uid="830106" lat="55.7577193" lon="37.5575466" />
  <node id="5118329006" visible="true" version="2" changeset="161834946" timestamp="2025-01-27T21:04:17Z" user="literan" uid="830106" lat="55.7569306" lon="37.5596158" />
  <node id="597205311" visible="true" version="7" changeset="172557479" timestamp="2025-09-28T09:19:04Z" user="Svetlaya Lana" uid="22867320" lat="55.7587968" lon="37.5581158">
    <tag k="crossing" v="traffic_signals" />
    <tag k="highway" v="crossing" />
    <tag k="tactile_paving" v="no" />
  </node>
  <node id="3641616322" visible="true" version="2" changeset="65958099" timestamp="2019-01-02T13:16:50Z" user="literan" uid="830106" lat="55.7566312" lon="37.5590949" />
  <node id="462887100" visible="true" version="2" changeset="34321930" timestamp="2015-09-29T10:45:45Z" user="literan" uid="830106" lat="55.7574237" lon="37.5571924" />
  <node id="3763579730" visible="true" version="1" changeset="34321930" timestamp="2015-09-29T10:45:36Z" user="literan" uid="830106" lat="55.7579093" lon="37.5578415" />
  <node id="6178121659" visible="true" version="2" changeset="100852451" timestamp="2021-03-11T16:18:01Z" user="augxcgrwxo" uid="371263" lat="55.7570043" lon="37.5674548">
    <tag k="crossing" v="uncontrolled" />
    <tag k="highway" v="crossing" />
    <tag k="tactile_paving" v="no" />
  </node>
  <node id="2973775677" visible="true" version="1" changeset="24283318" timestamp="2014-07-21T21:57:48Z" user="literan" uid="830106" lat="55.7560237" lon="37.5592194" />
  <node id="6177029325" visible="true" version="1" changeset="65939295" timestamp="2019-01-01T18:23:36Z" user="literan" uid="830106" lat="55.7568425" lon="37.5590989" />
  <node id="427616436" visible="true" version="4" changeset="148319555" timestamp="2024-03-07T00:32:30Z" user="sirorezka" uid="4823594" lat="55.7557554" lon="37.5553817" />
  <node id="12537235110" visible="true" version="1" changeset="161834946" timestamp="2025-01-27T21:04:17Z" user="literan" uid="830106" lat="55.7569625" lon="37.5594677" />
  <node id="10774195345" visible="true" version="1" changeset="134320888" timestamp="2023-03-30T21:22:20Z" user="Bobropiton" uid="2055718" lat="55.7547155" lon="37.5591093" />
  <node id="5620601905" visible="true" version="1" changeset="58997811" timestamp="2018-05-15T20:48:00Z" user="literan" uid="830106" lat="55.7564733" lon="37.5579758" />
  <node id="3763579709" visible="true" version="1" changeset="34321930" timestamp="2015-09-29T10:45:36Z" user="literan" uid="830106" lat="55.7574619" lon="37.5579421" />
  <node id="6178469414" visible="true" version="1" changeset="65958099" timestamp="2019-01-02T13:16:47Z" user="literan" uid="830106" lat="55.7564591" lon="37.5590359" />
  <node id="462758721" visible="true" version="6" changeset="34321930" timestamp="2015-09-29T10:45:45Z" user="literan" uid="830106" lat="55.7569600" lon="37.5583578" />
  <node id="5118329000" visible="true" version="1" changeset="52223777" timestamp="2017-09-20T21:02:00Z" user="Uterouter" uid="6503009" lat="55.7569547" lon="37.5592207" />
  <node id="11698565322" visible="true" version="1" changeset="148310820" timestamp="2024-03-06T18:59:58Z" user="sirorezka" uid="4823594" lat="55.7554690" lon="37.5571440" />
  <node id="462758792" visible="true" version="4" changeset="43105524" timestamp="2016-10-23T17:50:26Z" user="literan" uid="830106" lat="55.7566995" lon="37.5601113" />
  <node id="12537235114" visible="true" version="1" changeset="161834946" timestamp="2025-01-27T21:04:17Z" user="literan" uid="830106" lat="55.7569356" lon="37.5595355" />
  <node id="4195919059" visible="true" version="3" changeset="119509676" timestamp="2022-04-09T15:59:05Z" user="literan" uid="830106" lat="55.7586906" lon="37.5581434" />
  <node id="3763579723" visible="true" version="1" changeset="34321930" timestamp="2015-09-29T10:45:36Z" user="literan" uid="830106" lat="55.7577795" lon="37.5577055" />
  <node id="4460723891" visible="true" version="1" changeset="43105524" timestamp="2016-10-23T17:50:22Z" user="literan" uid="830106" lat="55.7559524" lon="37.5598001" />
  <node id="3641616324" visible="true" version="2" changeset="52223777" timestamp="2017-09-20T21:02:03Z" user="Uterouter" uid="6503009" lat="55.7566652" lon="37.5592703" />
  <node id="462758723" visible="true" version="5" changeset="34321930" timestamp="2015-09-29T10:45:45Z" user="literan" uid="830106" lat="55.7566665" lon="37.5564616" />
  <node id="469657902" visible="true" version="4" changeset="119509676" timestamp="2022-04-09T15:59:05Z" user="literan" uid="830106" lat="55.7587985" lon="37.5580564" />
  <node id="4354432214" visible="true" version="2" changeset="148310820" timestamp="2024-03-06T18:59:58Z" user="sirorezka" uid="4823594" lat="55.7554420" lon="37.5576286" />
  <node id="2973775747" visible="true" version="3" changeset="161834946" timestamp="2025-01-27T21:04:17Z" user="literan" uid="830106" lat="55.7567064" lon="37.5592597" />
  <node id="8843259911" visible="true" version="1" changeset="106553159" timestamp="2021-06-17T21:25:13Z" user="literan" uid="830106" lat="55.7563225" lon="37.5598754" />
  <node id="3971026972" visible="true" version="2" changeset="43105524" timestamp="2016-10-23T17:50:26Z" user="literan" uid="830106" lat="55.7561854" lon="37.5602710" />
  <node id="6178469419" visible="true" version="2" changeset="106553159" timestamp="2021-06-17T21:25:13Z" user="literan" uid="830106" lat="55.7562878" lon="37.5599693" />
  <node id="3763579714" visible="true" version="1" changeset="34321930" timestamp="2015-09-29T10:45:36Z" user="literan" uid="830106" lat="55.7576241" lon="37.5581113" />
  <node id="462758798" visible="true" version="3" changeset="65958099" timestamp="2019-01-02T13:16:49Z" user="literan" uid="830106" lat="55.7560641" lon="37.5597663" />
  <node id="11851428605" visible="true" version="1" changeset="150557300" timestamp="2024-04-26T21:04:37Z" user="literan" uid="830106" lat="55.7564680" lon="37.5582165" />
  <node id="6177029388" visible="true" version="1" changeset="65939295" timestamp="2019-01-01T18:23:37Z" user="literan" uid="830106" lat="55.7570289" lon="37.5666264" />
  <node id="462758743" visible="true" version="2" changeset="34321930" timestamp="2015-09-29T10:45:45Z" user="literan" uid="830106" lat="55.7573826" lon="37.5573666" />
  <node id="2303359527" visible="true" version="1" changeset="16119973" timestamp="2013-05-14T04:39:15Z" user="deep125" uid="65083" lat="55.7541013" lon="37.5594974" />
  <node id="612570535" visible="true" version="1" changeset="3606219" timestamp="2010-01-12T21:19:28Z" user="hauler" uid="65320" lat="55.7544251" lon="37.5601723" />
  <node id="6178469400" visible="true" version="1" changeset="65958099" timestamp="2019-01-02T13:16:47Z" user="literan" uid="830106" lat="55.7564881" lon="37.5591311" />
  <node id="8843259852" visible="true" version="1" changeset="106553159" timestamp="2021-06-17T21:25:13Z" user="literan" uid="830106" lat="55.7569985" lon="37.5634415" />
  <node id="9654139474" visible="true" version="1" changeset="119509676" timestamp="2022-04-09T15:59:05Z" user="literan" uid="830106" lat="55.7562202" lon="37.5589975" />
  <node id="1166176669" visible="true" version="1" changeset="7360518" timestamp="2011-02-22T06:43:24Z" user="Marcklar" uid="148834" lat="55.7572649" lon="37.5595845" />
  <node id="612570533" visible="true" version="2" changeset="41177739" timestamp="2016-08-01T21:00:38Z" user="literan" uid="830106" lat="55.7545633" lon="37.5601084" />
  <node id="3763579726" visible="true" version="1" changeset="34321930" timestamp="2015-09-29T10:45:36Z" user="literan" uid="830106" lat="55.7578267" lon="37.5580584" />
  <node id="5118329003" visible="true" version="2" changeset="161834946" timestamp="2025-01-27T21:04:17Z" user="literan" uid="830106" lat="55.7569214" lon="37.5595363" />
  <node id="1583929199" visible="true" version="4" changeset="172552954" timestamp="2025-09-28T06:43:29Z" user="Svetlaya Lana" uid="22867320" lat="55.7564880" lon="37.5551251">
    <tag k="crossing" v="uncontrolled" />
    <tag k="highway" v="crossing" />
    <tag k="tactile_paving" v="no" />
  </node>
  <node id="4327757511" visible="true" version="2" changeset="148420417" timestamp="2024-03-09T12:30:53Z" user="literan" uid="830106" lat="55.7556383" lon="37.5576082" />
  <node id="11698565355" visible="true" version="1" changeset="148310820" timestamp="2024-03-06T18:59:58Z" user="sirorezka" uid="4823594" lat="55.7549354" lon="37.5588321" />
  <node id="9654139478" visible="true" version="1" changeset="119509676" timestamp="2022-04-09T15:59:05Z" user="literan" uid="830106" lat="55.7562600" lon="37.5594038">
    <tag k="barrier" v="lift_gate" />
    <tag k="bicycle" v="yes" />
    <tag k="foot" v="yes" />
    <tag k="motorcar" v="permissive" />
  </node>
  <node id="3763579725" visible="true" version="1" changeset="34321930" timestamp="2015-09-29T10:45:36Z" user="literan" uid="830106" lat="55.7577920" lon="37.5578558" />
  <node id="3548120099" visible="true" version="2" changeset="148420417" timestamp="2024-03-09T12:30:53Z" user="literan" uid="830106" lat="55.7556848" lon="37.5579104" />
  <node id="569680558" visible="true" version="3" changeset="3606219" timestamp="2010-01-12T21:19:28Z" user="hauler" uid="65320" lat="55.7558706" lon="37.5589582" />
  <node id="4327757519" visible="true" version="2" changeset="148420417" timestamp="2024-03-09T12:30:53Z" user="literan" uid="830106" lat="55.7557547" lon="37.5574243" />
  <node id="3763579715" visible="true" version="1" changeset="34321930" timestamp="2015-09-29T10:45:36Z" user="literan" uid="830106" lat="55.7576255" lon="37.5581276" />
  <node id="11698565340" visible="true" version="1" changeset="148310820" timestamp="2024-03-06T18:59:58Z" user="sirorezka" uid="4823594" lat="55.7560430" lon="37.5586328" />
  <node id="255854580" visible="true" version="7" changeset="65939295" timestamp="2019-01-01T18:23:44Z" user="literan" uid="830106" lat="55.7569071" lon="37.5607184" />
  <node id="5118329004" visible="true" version="1" changeset="52223777" timestamp="2017-09-20T21:02:00Z" user="Uterouter" uid="6503009" lat="55.7569519" lon="37.5597157" />
  <node id="4460723903" visible="true" version="1" changeset="43105524" timestamp="2016-10-23T17:50:22Z" user="literan" uid="830106" lat="55.7564399" lon="37.5602376" />
  <node id="9580996451" visible="true" version="1" changeset="118517769" timestamp="2022-03-15T16:09:58Z" user="somix" uid="12176526" lat="55.7589086" lon="37.5597185" />
  <node id="13176594734" visible="true" version="1" changeset="172560571" timestamp="2025-09-28T10:48:11Z" user="literan" uid="830106" lat="55.7571901" lon="37.5573961" />
  <node id="4327757520" visible="true" version="2" changeset="148420417" timestamp="2024-03-09T12:30:53Z" user="literan" uid="830106" lat="55.7557843" lon="37.5578045" />
  <node id="3548120114" visible="true" version="2" changeset="41123881" timestamp="2016-07-30T09:08:23Z" user="osmer120311" uid="624271" lat="55.7559928" lon="37.5571576" />
  <node id="4331433679" visible="true" version="1" changeset="41177739" timestamp="2016-08-01T21:00:35Z" user="literan" uid="830106" lat="55.7542977" lon="37.5602851" />
  <node id="11698565342" visible="true" version="1" changeset="148310820" timestamp="2024-03-06T18:59:58Z" user="sirorezka" uid="4823594" lat="55.7563962" lon="37.5585837" />
  <node id="462758720" visible="true" version="5" changeset="34321930" timestamp="2015-09-29T10:45:45Z" user="literan" uid="830106" lat="55.7567842" lon="37.5564277" />
  <node id="469657898" visible="true" version="4" changeset="119509676" timestamp="2022-04-09T15:59:05Z" user="literan" uid="830106" lat="55.7587622" lon="37.5583157" />
  <node id="4460723916" visible="true" version="1" changeset="43105524" timestamp="2016-10-23T17:50:22Z" user="literan" uid="830106" lat="55.7566173" lon="37.5613071" />
  <node id="9580996450" visible="true" version="1" changeset="118517769" timestamp="2022-03-15T16:09:58Z" user="somix" uid="12176526" lat="55.7588905" lon="37.5597936" />
  <node id="462758822" visible="true" version="7" changeset="58997811" timestamp="2018-05-15T20:48:05Z" user="literan" uid="830106" lat="55.7564712" lon="37.5585668" />
  <node id="597205294" visible="true" version="1" changeset="3412882" timestamp="2009-12-20T11:54:03Z" user="physiocrat" uid="70202" lat="55.7558874" lon="37.5592215" />
  <node id="3763579721" visible="true" version="1" changeset="34321930" timestamp="2015-09-29T10:45:36Z" user="literan" uid="830106" lat="55.7577777" lon="37.5580712" />
  <node id="1569671134" visible="true" version="7" changeset="172557479" timestamp="2025-09-28T09:18:43Z" user="Svetlaya Lana" uid="22867320" lat="55.7589400" lon="37.5579376">
    <tag k="crossing" v="traffic_signals" />
    <tag k="crossing:island" v="no" />
    <tag k="highway" v="crossing" />
    <tag k="tactile_paving" v="no" />
  </node>
  <node id="5620601904" visible="true" version="2" changeset="161834946" timestamp="2025-01-27T21:04:17Z" user="literan" uid="830106" lat="55.7566631" lon="37.5584848">
    <tag k="crossing" v="traffic_signals" />
    <tag k="highway" v="crossing" />
  </node>
  <node id="469657910" visible="true" version="3" changeset="34321930" timestamp="2015-09-29T10:45:46Z" user="literan" uid="830106" lat="55.7566298" lon="37.5563274" />
  <node id="444863445" visible="true" version="5" changeset="134320888" timestamp="2023-03-30T21:22:20Z" user="Bobropiton" uid="2055718" lat="55.7550292" lon="37.5589142" />
  <node id="3763579687" visible="true" version="1" changeset="34321930" timestamp="2015-09-29T10:45:35Z" user="literan" uid="830106" lat="55.7567075" lon="37.5577559" />
  <node id="10774195328" visible="true" version="3" changeset="154606972" timestamp="2024-07-30T13:34:52Z" user="mavl" uid="564990" lat="55.7563089" lon="37.5583910">
    <tag k="bus" v="yes" />
    <tag k="name" v="Центр международной торговли" />
    <tag k="public_transport" v="stop_position" />
  </node>
  <node id="3548120095" visible="true" version="2" changeset="148420417" timestamp="2024-03-09T12:30:53Z" user="literan" uid="830106" lat="55.7556335" lon="37.5578637" />
  <node id="1140895227" visible="true" version="5" changeset="58997811" timestamp="2018-05-15T20:48:06Z" user="literan" uid="830106" lat="55.7564915" lon="37.5579711" />
  <node id="462758768" visible="true" version="2" changeset="7360518" timestamp="2011-02-22T06:43:26Z" user="Marcklar" uid="148834" lat="55.7573433" lon="37.5598109" />
  <node id="3763579695" visible="true" version="2" changeset="161834946" timestamp="2025-01-27T21:04:17Z" user="literan" uid="830106" lat="55.7568495" lon="37.5586017" />
  <node id="462758761" visible="true" version="2" changeset="7360518" timestamp="2011-02-22T06:43:27Z" user="Marcklar" uid="148834" lat="55.7578429" lon="37.5596649" />
  <node id="2973775776" visible="true" version="2" changeset="65939295" timestamp="2019-01-01T18:23:47Z" user="literan" uid="830106" lat="55.7570179" lon="37.5637991" />
  <node id="12537235122" visible="true" version="1" changeset="161834946" timestamp="2025-01-27T21:04:17Z" user="literan" uid="830106" lat="55.7567175" lon="37.5594349" />
  <node id="6178121658" visible="true" version="2" changeset="100852451" timestamp="2021-03-11T16:18:01Z" user="augxcgrwxo" uid="371263" lat="55.7570010" lon="37.5675236">
    <tag k="crossing" v="uncontrolled" />
    <tag k="highway" v="crossing" />
    <tag k="tactile_paving" v="no" />
  </node>
  <node id="255854604" visible="true" version="8" changeset="58997811" timestamp="2018-05-15T20:48:04Z" user="literan" uid="830106" lat="55.7566899" lon="37.5586822">
    <tag k="highway" v="traffic_signals" />
  </node>
  <node id="10774195361" visible="true" version="1" changeset="134320888" timestamp="2023-03-30T21:22:20Z" user="Bobropiton" uid="2055718" lat="55.7558191" lon="37.5581910">
    <tag k="amenity" v="parking_entrance" />
    <tag k="parking" v="underground" />
  </node>
  <node id="621950241" visible="true" version="4" changeset="148310820" timestamp="2024-03-06T18:59:58Z" user="sirorezka" uid="4823594" lat="55.7541163" lon="37.5594871">
    <tag k="barrier" v="toll_booth" />
    <tag k="name" v="Въезд 1" />
  </node>
  <node id="10774195330" visible="true" version="1" changeset="134320888" timestamp="2023-03-30T21:22:20Z" user="Bobropiton" uid="2055718" lat="55.7544221" lon="37.5591924" />
  <node id="612570210" visible="true" version="3" changeset="148310820" timestamp="2024-03-06T18:59:58Z" user="sirorezka" uid="4823594" lat="55.7547470" lon="37.5578584" />
  <node id="10774195359" visible="true" version="1" changeset="134320888" timestamp="2023-03-30T21:22:20Z" user="Bobropiton" uid="2055718" lat="55.7561957" lon="37.5582446" />
  <node id="6178469410" visible="true" version="1" changeset="65958099" timestamp="2019-01-02T13:16:47Z" user="literan" uid="830106" lat="55.7565731" lon="37.5595844" />
  <node id="2973775754" visible="true" version="1" changeset="24283318" timestamp="2014-07-21T21:57:50Z" user="literan" uid="830106" lat="55.7568770" lon="37.5602418" />
  <node id="4327757516" visible="true" version="2" changeset="148420417" timestamp="2024-03-09T12:30:53Z" user="literan" uid="830106" lat="55.7557002" lon="37.5577957" />
  <node id="462758742" visible="true" version="3" changeset="34321930" timestamp="2015-09-29T10:45:45Z" user="literan" uid="830106" lat="55.7572776" lon="37.5577288" />
  <node id="1140895229" visible="true" version="6" changeset="150557300" timestamp="2024-04-26T21:04:37Z" user="literan" uid="830106" lat="55.7563700" lon="37.5582753" />
  <node id="3641616336" visible="true" version="2" changeset="65939295" timestamp="2019-01-01T18:23:49Z" user="literan" uid="830106" lat="55.7570435" lon="37.5656394" />
  <node id="9654139475" visible="true" version="1" changeset="119509676" timestamp="2022-04-09T15:59:05Z" user="literan" uid="830106" lat="55.7563508" lon="37.5595995" />
  <node id="11851428613" visible="true" version="1" changeset="150557300" timestamp="2024-04-26T21:04:37Z" user="literan" uid="830106" lat="55.7567665" lon="37.5582200" />
  <node id="11699106811" visible="true" version="1" changeset="148319555" timestamp="2024-03-07T00:32:30Z" user="sirorezka" uid="4823594" lat="55.7554864" lon="37.5555603" />
  <node id="1583929198" visible="true" version="6" changeset="172553019" timestamp="2025-09-28T06:46:01Z" user="Svetlaya Lana" uid="22867320" lat="55.7563296" lon="37.5534656">
    <tag k="crossing" v="uncontrolled" />
    <tag k="crossing:island" v="no" />
    <tag k="highway" v="crossing" />
    <tag k="tactile_paving" v="no" />
  </node>
  <node id="569680548" visible="true" version="4" changeset="58997811" timestamp="2018-05-15T20:48:05Z" user="literan" uid="830106" lat="55.7564877" lon="37.5582414" />
  <node id="3723683135" visible="true" version="2" changeset="34321930" timestamp="2015-09-29T10:45:45Z" user="literan" uid="830106" lat="55.7565900" lon="37.5564343" />
  <node id="6178469405" visible="true" version="1" changeset="65958099" timestamp="2019-01-02T13:16:47Z" user="literan" uid="830106" lat="55.7563377" lon="37.5596728" />
  <node id="462887857" visible="true" version="3" changeset="34321930" timestamp="2015-09-29T10:45:45Z" user="literan" uid="830106" lat="55.7568138" lon="37.5562735" />
  <node id="5620601911" visible="true" version="1" changeset="58997811" timestamp="2018-05-15T20:48:00Z" user="literan" uid="830106" lat="55.7562749" lon="37.5554422" />
  <node id="11547120110" visible="true" version="1" changeset="146640915" timestamp="2024-01-24T18:02:03Z" user="ig4map" uid="599809" lat="55.7578036" lon="37.5580810">
    <tag k="entrance" v="staircase" />
    <tag k="ref" v="2" />
  </node>
  <node id="10775025214" visible="true" version="10" changeset="172557460" timestamp="2025-09-28T09:18:26Z" user="Svetlaya Lana" uid="22867320" lat="55.7585472" lon="37.5580933">
    <tag k="bench" v="no" />
    <tag k="bin" v="no" />
    <tag k="bus" v="yes" />
    <tag k="highway" v="bus_stop" />
    <tag k="name" v="Управа Пресненского района" />
    <tag k="name:uk" v="Управа Пресненського району" />
    <tag k="public_transport" v="platform" />
    <tag k="shelter" v="no" />
    <tag k="tactile_paving" v="no" />
  </node>
  <node id="9603558867" visible="true" version="1" changeset="118870418" timestamp="2022-03-24T15:42:42Z" user="literan" uid="830106" lat="55.7570034" lon="37.5583977" />
  <node id="11698565356" visible="true" version="1" changeset="148310820" timestamp="2024-03-06T18:59:58Z" user="sirorezka" uid="4823594" lat="55.7551587" lon="37.5587051" />
  <node id="9603558853" visible="true" version="1" changeset="118870418" timestamp="2022-03-24T15:42:42Z" user="literan" uid="830106" lat="55.7576755" lon="37.5575471" />
  <node id="11698565344" visible="true" version="1" changeset="148310820" timestamp="2024-03-06T18:59:58Z" user="sirorezka" uid="4823594" lat="55.7555184" lon="37.5591726" />
  <node id="462758821" visible="true" version="6" changeset="58997811" timestamp="2018-05-15T20:48:05Z" user="literan" uid="830106" lat="55.7564840" lon="37.5582915" />
  <node id="612556922" visible="true" version="3" changeset="43105524" timestamp="2016-10-23T17:50:26Z" user="literan" uid="830106" lat="55.7555807" lon="37.5602214" />
  <node id="462758796" visible="true" version="3" changeset="65958099" timestamp="2019-01-02T13:16:49Z" user="literan" uid="830106" lat="55.7561754" lon="37.5592130" />
  <node id="3763579728" visible="true" version="1" changeset="34321930" timestamp="2015-09-29T10:45:36Z" user="literan" uid="830106" lat="55.7578854" lon="37.5575517" />
  <node id="416809501" visible="true" version="7" changeset="148319555" timestamp="2024-03-07T00:32:30Z" user="sirorezka" uid="4823594" lat="55.7554104" lon="37.5556832" />
  <node id="5620601907" visible="true" version="1" changeset="58997811" timestamp="2018-05-15T20:48:00Z" user="literan" uid="830106" lat="55.7565226" lon="37.5581205" />
  <node id="1437282592" visible="true" version="3" changeset="58997811" timestamp="2018-05-15T20:48:06Z" user="literan" uid="830106" lat="55.7562501" lon="37.5553810" />
  <node id="3723683131" visible="true" version="2" changeset="58997811" timestamp="2018-05-15T20:48:07Z" user="literan" uid="830106" lat="55.7563082" lon="37.5533162" />
  <node id="3763579678" visible="true" version="1" changeset="34321930" timestamp="2015-09-29T10:45:35Z" user="literan" uid="830106" lat="55.7560824" lon="37.5589161" />
  <node id="4354432216" visible="true" version="1" changeset="41516732" timestamp="2016-08-17T17:16:16Z" user="karlbekk" uid="2071478" lat="55.7550620" lon="37.5578687" />
  <node id="5620601910" visible="true" version="1" changeset="58997811" timestamp="2018-05-15T20:48:00Z" user="literan" uid="830106" lat="55.7565039" lon="37.5581240" />
  <node id="4354432237" visible="true" version="2" changeset="148310820" timestamp="2024-03-06T18:59:58Z" user="sirorezka" uid="4823594" lat="55.7545816" lon="37.5577349" />
  <node id="4460722381" visible="true" version="1" changeset="43105524" timestamp="2016-10-23T17:50:22Z" user="literan" uid="830106" lat="55.7552798" lon="37.5611585" />
  <node id="9654139461" visible="true" version="1" changeset="119509676" timestamp="2022-04-09T15:59:05Z" user="literan" uid="830106" lat="55.7587887" lon="37.5580023" />
  <node id="1569671114" visible="true" version="3" changeset="39434551" timestamp="2016-05-19T20:32:40Z" user="s-tikhomirov" uid="1437066" lat="55.7586843" lon="37.5580629" />
  <node id="5118329007" visible="true" version="2" changeset="65939295" timestamp="2019-01-01T18:23:50Z" user="literan" uid="830106" lat="55.7570319" lon="37.5606698">
    <tag k="crossing" v="uncontrolled" />
    <tag k="highway" v="crossing" />
  </node>
  <node id="569685145" visible="true" version="3" changeset="31484724" timestamp="2015-05-26T19:40:26Z" user="s-tikhomirov" uid="1437066" lat="55.7564761" lon="37.5584523" />
  <node id="10775025208" visible="true" version="6" changeset="140296394" timestamp="2023-08-23T23:17:23Z" user="SillyWillyDon" uid="19874231" lat="55.7559222" lon="37.5593502">
    <tag k="bus" v="yes" />
    <tag k="highway" v="bus_stop" />
    <tag k="name" v="Центр международной торговли" />
    <tag k="name:uk" v="Центр міжнародної торгівлі" />
    <tag k="public_transport" v="platform" />
  </node>
  <node id="2973775676" visible="true" version="1" changeset="24283318" timestamp="2014-07-21T21:57:48Z" user="literan" uid="830106" lat="55.7558645" lon="37.5593555" />
  <node id="5118329002" visible="true" version="1" changeset="52223777" timestamp="2017-09-20T21:02:00Z" user="Uterouter" uid="6503009" lat="55.7570067" lon="37.5591974" />
  <node id="9603558851" visible="true" version="1" changeset="118870418" timestamp="2022-03-24T15:42:42Z" user="literan" uid="830106" lat="55.7571006" lon="37.5574064" />
  <node id="13605052005" visible="true" version="1" changeset="179121562" timestamp="2026-02-27T09:26:23Z" user="literan" uid="830106" lat="55.7607030" lon="37.5585182" />
  <node id="4327757523" visible="true" version="2" changeset="148420417" timestamp="2024-03-09T12:30:53Z" user="literan" uid="830106" lat="55.7558214" lon="37.5577659" />
  <node id="3641616316" visible="true" version="1" changeset="32507609" timestamp="2015-07-08T22:26:11Z" user="literan" uid="830106" lat="55.7558726" lon="37.5593911" />
  <node id="12537235121" visible="true" version="1" changeset="161834946" timestamp="2025-01-27T21:04:17Z" user="literan" uid="830106" lat="55.7566905" lon="37.5594458" />
  <node id="612557017" visible="true" version="3" changeset="43105524" timestamp="2016-10-23T17:50:26Z" user="literan" uid="830106" lat="55.7556760" lon="37.5605499" />
  <node id="1140895222" visible="true" version="4" changeset="150557300" timestamp="2024-04-26T21:04:37Z" user="literan" uid="830106" lat="55.7567479" lon="37.5581736" />
  <node id="10774195358" visible="true" version="2" changeset="148420417" timestamp="2024-03-09T12:30:53Z" user="literan" uid="830106" lat="55.7558472" lon="37.5578479" />
  <node id="1569671151" visible="true" version="2" changeset="34321930" timestamp="2015-09-29T10:45:44Z" user="literan" uid="830106" lat="55.7604304" lon="37.5583552" />
  <node id="4327757532" visible="true" version="1" changeset="41123881" timestamp="2016-07-30T09:08:21Z" user="osmer120311" uid="624271" lat="55.7560644" lon="37.5557220" />
  <node id="612570534" visible="true" version="2" changeset="41177739" timestamp="2016-08-01T21:00:38Z" user="literan" uid="830106" lat="55.7543478" lon="37.5602642" />
  <node id="3763579727" visible="true" version="1" changeset="34321930" timestamp="2015-09-29T10:45:36Z" user="literan" uid="830106" lat="55.7578281" lon="37.5580746" />
  <node id="11698565334" visible="true" version="1" changeset="148310820" timestamp="2024-03-06T18:59:58Z" user="sirorezka" uid="4823594" lat="55.7549211" lon="37.5587825" />
  <node id="9654139465" visible="true" version="1" changeset="119509676" timestamp="2022-04-09T15:59:05Z" user="literan" uid="830106" lat="55.7588475" lon="37.5584337" />
  <node id="612557012" visible="true" version="3" changeset="43105524" timestamp="2016-10-23T17:50:26Z" user="literan" uid="830106" lat="55.7558778" lon="37.5603561" />
  <node id="3641616315" visible="true" version="1" changeset="32507609" timestamp="2015-07-08T22:26:11Z" user="literan" uid="830106" lat="55.7547393" lon="37.5604278" />
  <node id="11851428604" visible="true" version="1" changeset="150557300" timestamp="2024-04-26T21:04:37Z" user="literan" uid="830106" lat="55.7564732" lon="37.5582875" />
  <node id="1108028324" visible="true" version="4" changeset="161834946" timestamp="2025-01-27T21:04:17Z" user="literan" uid="830106" lat="55.7566976" lon="37.5593850" />
  <node id="10774195336" visible="true" version="1" changeset="134320888" timestamp="2023-03-30T21:22:20Z" user="Bobropiton" uid="2055718" lat="55.7562636" lon="37.5582661" />
  <node id="8843259854" visible="true" version="1" changeset="106553159" timestamp="2021-06-17T21:25:13Z" user="literan" uid="830106" lat="55.7569848" lon="37.5634438" />
  <node id="469657916" visible="true" version="2" changeset="34321930" timestamp="2015-09-29T10:45:46Z" user="literan" uid="830106" lat="55.7587643" lon="37.5563646" />
  <node id="462887071" visible="true" version="2" changeset="34321930" timestamp="2015-09-29T10:45:45Z" user="literan" uid="830106" lat="55.7578124" lon="37.5567730" />
  <node id="4460722385" visible="true" version="1" changeset="43105524" timestamp="2016-10-23T17:50:22Z" user="literan" uid="830106" lat="55.7557135" lon="37.5609121" />
  <node id="597205290" visible="true" version="2" changeset="28717073" timestamp="2015-02-08T22:33:11Z" user="literan" uid="830106" lat="55.7542074" lon="37.5607505">
    <tag k="highway" v="traffic_signals" />
  </node>
  <node id="11547120109" visible="true" version="1" changeset="146640915" timestamp="2024-01-24T18:02:03Z" user="ig4map" uid="599809" lat="55.7577682" lon="37.5577085">
    <tag k="entrance" v="staircase" />
  </node>
  <node id="6178469402" visible="true" version="1" changeset="65958099" timestamp="2019-01-02T13:16:47Z" user="literan" uid="830106" lat="55.7565534" lon="37.5593859" />
  <node id="462758825" visible="true" version="4" changeset="16083112" timestamp="2013-05-11T17:04:40Z" user="Erelen" uid="1419157" lat="55.7541593" lon="37.5596647" />
  <node id="3763579859" visible="true" version="2" changeset="119509676" timestamp="2022-04-09T15:59:05Z" user="literan" uid="830106" lat="55.7587560" lon="37.5580792" />
  <node id="4354432238" visible="true" version="2" changeset="148310820" timestamp="2024-03-06T18:59:58Z" user="sirorezka" uid="4823594" lat="55.7545922" lon="37.5577733" />
  <node id="11698565350" visible="true" version="1" changeset="148310820" timestamp="2024-03-06T18:59:58Z" user="sirorezka" uid="4823594" lat="55.7555568" lon="37.5580428" />
  <node id="2973775732" visible="true" version="3" changeset="161834946" timestamp="2025-01-27T21:04:17Z" user="literan" uid="830106" lat="55.7565454" lon="37.5589750" />
  <node id="4354432239" visible="true" version="2" changeset="148310820" timestamp="2024-03-06T18:59:58Z" user="sirorezka" uid="4823594" lat="55.7546280" lon="37.5577420" />
  <node id="3763579680" visible="true" version="1" changeset="34321930" timestamp="2015-09-29T10:45:35Z" user="literan" uid="830106" lat="55.7563912" lon="37.5587544" />
  <node id="9654139460" visible="true" version="2" changeset="140110654" timestamp="2023-08-19T21:06:01Z" user="Ivanerr" uid="1726278" lat="55.7590875" lon="37.5579336" />
  <node id="2973775778" visible="true" version="2" changeset="65939295" timestamp="2019-01-01T18:23:47Z" user="literan" uid="830106" lat="55.7570611" lon="37.5664364" />
  <node id="4460722384" visible="true" version="1" changeset="43105524" timestamp="2016-10-23T17:50:22Z" user="literan" uid="830106" lat="55.7556936" lon="37.5594001" />
  <node id="469657914" visible="true" version="2" changeset="34321930" timestamp="2015-09-29T10:45:46Z" user="literan" uid="830106" lat="55.7587370" lon="37.5562549" />
  <node id="462758722" visible="true" version="6" changeset="34321930" timestamp="2015-09-29T10:45:45Z" user="literan" uid="830106" lat="55.7568423" lon="37.5583916" />
  <node id="4327757528" visible="true" version="2" changeset="148420417" timestamp="2024-03-09T12:30:53Z" user="literan" uid="830106" lat="55.7558581" lon="37.5576311" />
  <node id="1140895213" visible="true" version="2" changeset="161834946" timestamp="2025-01-27T21:04:17Z" user="literan" uid="830106" lat="55.7567201" lon="37.5593753" />
  <node id="255854599" visible="true" version="8" changeset="119509676" timestamp="2022-04-09T15:59:05Z" user="literan" uid="830106" lat="55.7589475" lon="37.5580810">
    <tag k="highway" v="traffic_signals" />
  </node>
  <node id="3641616331" visible="true" version="1" changeset="32507609" timestamp="2015-07-08T22:26:11Z" user="literan" uid="830106" lat="55.7568878" lon="37.5618394" />
  <node id="11698745359" visible="true" version="1" changeset="148314547" timestamp="2024-03-06T20:38:55Z" user="sirorezka" uid="4823594" lat="55.7541669" lon="37.5567872" />
  <node id="462758797" visible="true" version="2" changeset="3606030" timestamp="2010-01-12T20:53:40Z" user="hauler" uid="65320" lat="55.7557778" lon="37.5595609" />
  <node id="6177029321" visible="true" version="1" changeset="65939295" timestamp="2019-01-01T18:23:36Z" user="literan" uid="830106" lat="55.7570153" lon="37.5605540" />
  <node id="12537235111" visible="true" version="1" changeset="161834946" timestamp="2025-01-27T21:04:17Z" user="literan" uid="830106" lat="55.7569889" lon="37.5593161" />
  <node id="3971026977" visible="true" version="2" changeset="43105524" timestamp="2016-10-23T17:50:26Z" user="literan" uid="830106" lat="55.7565411" lon="37.5608947" />
  <node id="3763579722" visible="true" version="1" changeset="34321930" timestamp="2015-09-29T10:45:36Z" user="literan" uid="830106" lat="55.7577790" lon="37.5580874" />
  <node id="4460723890" visible="true" version="1" changeset="43105524" timestamp="2016-10-23T17:50:22Z" user="literan" uid="830106" lat="55.7558395" lon="37.5599035" />
  <node id="6178469404" visible="true" version="1" changeset="65958099" timestamp="2019-01-02T13:16:47Z" user="literan" uid="830106" lat="55.7560572" lon="37.5599380" />
  <node id="5118328994" visible="true" version="2" changeset="119509676" timestamp="2022-04-09T15:59:05Z" user="literan" uid="830106" lat="55.7588137" lon="37.5583997" />
  <node id="3548120112" visible="true" version="2" changeset="148420417" timestamp="2024-03-09T12:30:53Z" user="literan" uid="830106" lat="55.7558920" lon="37.5577339" />
  <node id="612557008" visible="true" version="1" changeset="3606030" timestamp="2010-01-12T20:53:36Z" user="hauler" uid="65320" lat="55.7558505" lon="37.5598012" />
  <node id="10774195331" visible="true" version="1" changeset="134320888" timestamp="2023-03-30T21:22:20Z" user="Bobropiton" uid="2055718" lat="55.7546914" lon="37.5590182" />
  <node id="462758832" visible="true" version="5" changeset="148319555" timestamp="2024-03-07T00:32:30Z" user="sirorezka" uid="4823594" lat="55.7560394" lon="37.5555843" />
  <node id="10774195347" visible="true" version="1" changeset="134320888" timestamp="2023-03-30T21:22:20Z" user="Bobropiton" uid="2055718" lat="55.7547384" lon="37.5590962" />
  <node id="10775025213" visible="true" version="4" changeset="154606817" timestamp="2024-07-30T13:31:41Z" user="mavl" uid="564990" lat="55.7585549" lon="37.5581810">
    <tag k="bus" v="yes" />
    <tag k="name" v="Управа Пресненского района" />
    <tag k="name:de" v="Bezirksverwaltung Presnensky" />
    <tag k="public_transport" v="stop_position" />
  </node>
  <node id="3548120115" visible="true" version="1" changeset="31484724" timestamp="2015-05-26T19:40:22Z" user="s-tikhomirov" uid="1437066" lat="55.7560044" lon="37.5569935" />
  <node id="4820600691" visible="true" version="2" changeset="58997811" timestamp="2018-05-15T20:48:09Z" user="literan" uid="830106" lat="55.7564124" lon="37.5543510" />
  <node id="3763579707" visible="true" version="1" changeset="34321930" timestamp="2015-09-29T10:45:36Z" user="literan" uid="830106" lat="55.7573954" lon="37.5575218" />
  <node id="462758740" visible="true" version="2" changeset="34321930" timestamp="2015-09-29T10:45:45Z" user="literan" uid="830106" lat="55.7573814" lon="37.5581747" />
  <node id="469657908" visible="true" version="3" changeset="34321930" timestamp="2015-09-29T10:45:46Z" user="literan" uid="830106" lat="55.7566057" lon="37.5563353" />
  <node id="3763579683" visible="true" version="1" changeset="34321930" timestamp="2015-09-29T10:45:35Z" user="literan" uid="830106" lat="55.7565738" lon="37.5564086" />
  <node id="462758823" visible="true" version="6" changeset="3606219" timestamp="2010-01-12T21:19:28Z" user="hauler" uid="65320" lat="55.7558397" lon="37.5589293" />
  <node id="1171834573" visible="true" version="2" changeset="65939295" timestamp="2019-01-01T18:23:46Z" user="literan" uid="830106" lat="55.7571949" lon="37.5606063" />
  <node id="12537235124" visible="true" version="1" changeset="161834946" timestamp="2025-01-27T21:04:17Z" user="literan" uid="830106" lat="55.7567240" lon="37.5596603" />
  <node id="11698565361" visible="true" version="1" changeset="148310820" timestamp="2024-03-06T18:59:58Z" user="sirorezka" uid="4823594" lat="55.7560493" lon="37.5583613" />
  <node id="612570197" visible="true" version="3" changeset="148310820" timestamp="2024-03-06T18:59:58Z" user="sirorezka" uid="4823594" lat="55.7539800" lon="37.5573428" />
  <node id="597205300" visible="true" version="2" changeset="34321930" timestamp="2015-09-29T10:45:46Z" user="literan" uid="830106" lat="55.7564214" lon="37.5588996" />
  <node id="6177029415" visible="true" version="1" changeset="65939295" timestamp="2019-01-01T18:23:38Z" user="literan" uid="830106" lat="55.7570492" lon="37.5670852" />
  <node id="11698565359" visible="true" version="1" changeset="148310820" timestamp="2024-03-06T18:59:58Z" user="sirorezka" uid="4823594" lat="55.7558545" lon="37.5581347" />
  <node id="3763579737" visible="true" version="1" changeset="34321930" timestamp="2015-09-29T10:45:36Z" user="literan" uid="830106" lat="55.7580194" lon="37.5582737" />
  <node id="3763579702" visible="true" version="1" changeset="34321930" timestamp="2015-09-29T10:45:36Z" user="literan" uid="830106" lat="55.7573346" lon="37.5578220" />
  <node id="3641616323" visible="true" version="1" changeset="32507609" timestamp="2015-07-08T22:26:11Z" user="literan" uid="830106" lat="55.7566523" lon="37.5591940" />
  <node id="3763579711" visible="true" version="1" changeset="34321930" timestamp="2015-09-29T10:45:36Z" user="literan" uid="830106" lat="55.7574686" lon="37.5581704" />
  <node id="11698565351" visible="true" version="1" changeset="148310820" timestamp="2024-03-06T18:59:58Z" user="sirorezka" uid="4823594" lat="55.7549206" lon="37.5588687" />
  <node id="4195919051" visible="true" version="1" changeset="39434551" timestamp="2016-05-19T20:32:37Z" user="s-tikhomirov" uid="1437066" lat="55.7570227" lon="37.5585938" />
  <node id="3763579729" visible="true" version="1" changeset="34321930" timestamp="2015-09-29T10:45:36Z" user="literan" uid="830106" lat="55.7579080" lon="37.5580085" />
  <node id="4327757505" visible="true" version="2" changeset="148310820" timestamp="2024-03-06T18:59:58Z" user="sirorezka" uid="4823594" lat="55.7551275" lon="37.5579087" />
  <node id="3641616320" visible="true" version="2" changeset="65958099" timestamp="2019-01-02T13:16:50Z" user="literan" uid="830106" lat="55.7564655" lon="37.5589910" />
  <node id="2973775760" visible="true" version="3" changeset="129199512" timestamp="2022-11-21T14:21:59Z" user="nedforik" uid="8691385" lat="55.7569202" lon="37.5689549">
    <tag k="barrier" v="kerb" />
    <tag k="kerb" v="lowered" />
    <tag k="tactile_paving" v="no" />
  </node>
  <node id="12537235112" visible="true" version="1" changeset="161834946" timestamp="2025-01-27T21:04:17Z" user="literan" uid="830106" lat="55.7570044" lon="37.5594471" />
  <node id="6178121656" visible="true" version="1" changeset="65953123" timestamp="2019-01-02T09:46:16Z" user="literan" uid="830106" lat="55.7569689" lon="37.5682076" />
  <node id="6178469423" visible="true" version="2" changeset="106553159" timestamp="2021-06-17T21:25:13Z" user="literan" uid="830106" lat="55.7557835" lon="37.5607938" />
  <node id="9654139468" visible="true" version="1" changeset="119509676" timestamp="2022-04-09T15:59:05Z" user="literan" uid="830106" lat="55.7562149" lon="37.5591189" />
  <node id="6177029320" visible="true" version="1" changeset="65939295" timestamp="2019-01-01T18:23:36Z" user="literan" uid="830106" lat="55.7570266" lon="37.5605755" />
  <node id="462758767" visible="true" version="3" changeset="34321930" timestamp="2015-09-29T10:45:45Z" user="literan" uid="830106" lat="55.7570466" lon="37.5597908" />
  <node id="2973775750" visible="true" version="1" changeset="24283318" timestamp="2014-07-21T21:57:50Z" user="literan" uid="830106" lat="55.7567875" lon="37.5600060" />
  <node id="3548119691" visible="true" version="2" changeset="148420417" timestamp="2024-03-09T12:30:53Z" user="literan" uid="830106" lat="55.7555869" lon="37.5574800" />
  <node id="612558222" visible="true" version="2" changeset="43105524" timestamp="2016-10-23T17:50:26Z" user="literan" uid="830106" lat="55.7565860" lon="37.5613866" />
  <node id="3763579712" visible="true" version="1" changeset="34321930" timestamp="2015-09-29T10:45:36Z" user="literan" uid="830106" lat="55.7575162" lon="37.5581395" />
  <node id="4327757517" visible="true" version="2" changeset="148420417" timestamp="2024-03-09T12:30:53Z" user="literan" uid="830106" lat="55.7557121" lon="37.5574348" />
  <node id="11547134324" visible="true" version="1" changeset="146641057" timestamp="2024-01-24T18:06:19Z" user="ig4map" uid="599809" lat="55.7568813" lon="37.5574937">
    <tag k="entrance" v="staircase" />
    <tag k="ref" v="3" />
  </node>
  <node id="12537235102" visible="true" version="1" changeset="161834946" timestamp="2025-01-27T21:04:17Z" user="literan" uid="830106" lat="55.7565364" lon="37.5588727">
    <tag k="crossing" v="traffic_signals" />
    <tag k="highway" v="crossing" />
  </node>
  <node id="462758835" visible="true" version="3" changeset="41123881" timestamp="2016-07-30T09:08:23Z" user="osmer120311" uid="624271" lat="55.7555852" lon="37.5563730" />
  <node id="4195919050" visible="true" version="1" changeset="39434551" timestamp="2016-05-19T20:32:37Z" user="s-tikhomirov" uid="1437066" lat="55.7570128" lon="37.5585020" />
  <node id="11741210037" visible="true" version="2" changeset="172560571" timestamp="2025-09-28T10:48:11Z" user="literan" uid="830106" lat="55.7578087" lon="37.5563935" />
  <node id="3548120110" visible="true" version="2" changeset="41123881" timestamp="2016-07-30T09:08:23Z" user="osmer120311" uid="624271" lat="55.7559586" lon="37.5573107" />
  <node id="3641616335" visible="true" version="2" changeset="65939295" timestamp="2019-01-01T18:23:49Z" user="literan" uid="830106" lat="55.7570252" lon="37.5668804" />
  <node id="1140895237" visible="true" version="3" changeset="150557300" timestamp="2024-04-26T21:04:37Z" user="literan" uid="830106" lat="55.7567700" lon="37.5584098" />
  <node id="8509321040" visible="true" version="1" changeset="100885398" timestamp="2021-03-12T07:05:09Z" user="augxcgrwxo" uid="371263" lat="55.7569299" lon="37.5689011" />
  <node id="5118328996" visible="true" version="1" changeset="52223777" timestamp="2017-09-20T21:02:00Z" user="Uterouter" uid="6503009" lat="55.7573118" lon="37.5588365" />
  <node id="9603558848" visible="true" version="1" changeset="118870418" timestamp="2022-03-24T15:42:42Z" user="literan" uid="830106" lat="55.7570348" lon="37.5574238" />
  <node id="462758833" visible="true" version="3" changeset="41123881" timestamp="2016-07-30T09:08:23Z" user="osmer120311" uid="624271" lat="55.7560585" lon="37.5558255" />
  <node id="612557009" visible="true" version="3" changeset="43105524" timestamp="2016-10-23T17:50:26Z" user="literan" uid="830106" lat="55.7559713" lon="37.5598636" />
  <node id="10774195335" visible="true" version="1" changeset="134320888" timestamp="2023-03-30T21:22:20Z" user="Bobropiton" uid="2055718" lat="55.7562060" lon="37.5582896" />
  <node id="4354431983" visible="true" version="3" changeset="148314693" timestamp="2024-03-06T20:41:54Z" user="sirorezka" uid="4823594" lat="55.7547188" lon="37.5564051" />
  <node id="255854744" visible="true" version="7" changeset="3412882" timestamp="2009-12-20T11:54:10Z" user="physiocrat" uid="70202" lat="55.7558591" lon="37.5590651" />
  <node id="612557018" visible="true" version="3" changeset="43105524" timestamp="2016-10-23T17:50:26Z" user="literan" uid="830106" lat="55.7560645" lon="37.5601850" />
  <node id="462758793" visible="true" version="4" changeset="43105524" timestamp="2016-10-23T17:50:26Z" user="literan" uid="830106" lat="55.7566289" lon="37.5596530" />
  <node id="416809498" visible="true" version="6" changeset="148314547" timestamp="2024-03-06T20:38:55Z" user="sirorezka" uid="4823594" lat="55.7542605" lon="37.5567162" />
  <node id="3641616326" visible="true" version="2" changeset="52223777" timestamp="2017-09-20T21:02:03Z" user="Uterouter" uid="6503009" lat="55.7566562" lon="37.5594027" />
  <node id="3763579682" visible="true" version="2" changeset="58997811" timestamp="2018-05-15T20:48:08Z" user="literan" uid="830106" lat="55.7565468" lon="37.5583696" />
  <node id="416809494" visible="true" version="8" changeset="148310820" timestamp="2024-03-06T18:59:58Z" user="sirorezka" uid="4823594" lat="55.7549985" lon="37.5576390" />
  <node id="416809509" visible="true" version="5" changeset="148314693" timestamp="2024-03-06T20:41:54Z" user="sirorezka" uid="4823594" lat="55.7543840" lon="37.5565988" />
  <node id="9654139476" visible="true" version="1" changeset="119509676" timestamp="2022-04-09T15:59:05Z" user="literan" uid="830106" lat="55.7561869" lon="37.5590199" />
  <node id="9654139467" visible="true" version="1" changeset="119509676" timestamp="2022-04-09T15:59:05Z" user="literan" uid="830106" lat="55.7587954" lon="37.5583304" />
  <node id="6178121657" visible="true" version="2" changeset="100852451" timestamp="2021-03-11T16:18:01Z" user="augxcgrwxo" uid="371263" lat="55.7569980" lon="37.5675879">
    <tag k="crossing" v="uncontrolled" />
    <tag k="highway" v="crossing" />
    <tag k="tactile_paving" v="no" />
  </node>
  <node id="10774195332" visible="true" version="1" changeset="134320888" timestamp="2023-03-30T21:22:20Z" user="Bobropiton" uid="2055718" lat="55.7549830" lon="37.5588280" />
  <node id="5630823193" visible="true" version="1" changeset="59127358" timestamp="2018-05-20T16:27:57Z" user="literan" uid="830106" lat="55.7562460" lon="37.5526258" />
  <node id="6178469398" visible="true" version="2" changeset="106553159" timestamp="2021-06-17T21:25:13Z" user="literan" uid="830106" lat="55.7561843" lon="37.5605296" />
  <node id="6177029414" visible="true" version="2" changeset="65953123" timestamp="2019-01-02T09:46:19Z" user="literan" uid="830106" lat="55.7570203" lon="37.5670499" />
  <node id="9580996439" visible="true" version="2" changeset="179121562" timestamp="2026-02-27T09:26:23Z" user="literan" uid="830106" lat="55.7605778" lon="37.5584584" />
  <node id="4460723892" visible="true" version="1" changeset="43105524" timestamp="2016-10-23T17:50:22Z" user="literan" uid="830106" lat="55.7560300" lon="37.5598443" />
  <node id="11698565326" visible="true" version="1" changeset="148310820" timestamp="2024-03-06T18:59:58Z" user="sirorezka" uid="4823594" lat="55.7555995" lon="37.5570845" />
  <node id="12537235109" visible="true" version="1" changeset="161834946" timestamp="2025-01-27T21:04:17Z" user="literan" uid="830106" lat="55.7569078" lon="37.5593411" />
  <node id="4327757526" visible="true" version="2" changeset="148420417" timestamp="2024-03-09T12:30:53Z" user="literan" uid="830106" lat="55.7558473" lon="37.5577050" />
  <node id="416809502" visible="true" version="7" changeset="148319555" timestamp="2024-03-07T00:32:30Z" user="sirorezka" uid="4823594" lat="55.7554389" lon="37.5555513" />
  <node id="9603558866" visible="true" version="1" changeset="118870418" timestamp="2022-03-24T15:42:42Z" user="literan" uid="830106" lat="55.7568117" lon="37.5584528" />
  <node id="6178469422" visible="true" version="1" changeset="65958099" timestamp="2019-01-02T13:16:47Z" user="literan" uid="830106" lat="55.7560466" lon="37.5598092" />
  <node id="3763579689" visible="true" version="1" changeset="34321930" timestamp="2015-09-29T10:45:36Z" user="literan" uid="830106" lat="55.7567498" lon="37.5577853" />
  <node id="8843259913" visible="true" version="1" changeset="106553159" timestamp="2021-06-17T21:25:13Z" user="literan" uid="830106" lat="55.7557223" lon="37.5606216" />
  <node id="6178469420" visible="true" version="2" changeset="106553159" timestamp="2021-06-17T21:25:13Z" user="literan" uid="830106" lat="55.7563427" lon="37.5597636" />
  <node id="3641616332" visible="true" version="2" changeset="65939295" timestamp="2019-01-01T18:23:49Z" user="literan" uid="830106" lat="55.7569991" lon="37.5636808" />
  <node id="12537235108" visible="true" version="1" changeset="161834946" timestamp="2025-01-27T21:04:17Z" user="literan" uid="830106" lat="55.7567038" lon="37.5594331" />
  <node id="577328689" visible="true" version="2" changeset="24283318" timestamp="2014-07-21T21:57:53Z" user="literan" uid="830106" lat="55.7553751" lon="37.5597962" />
  <node id="6178121693" visible="true" version="1" changeset="65953123" timestamp="2019-01-02T09:46:17Z" user="literan" uid="830106" lat="55.7570260" lon="37.5668251" />
  <node id="4327757514" visible="true" version="2" changeset="148420417" timestamp="2024-03-09T12:30:53Z" user="literan" uid="830106" lat="55.7556659" lon="37.5577497" />
  <node id="11547134323" visible="true" version="1" changeset="146641057" timestamp="2024-01-24T18:06:19Z" user="ig4map" uid="599809" lat="55.7569099" lon="37.5578081">
    <tag k="entrance" v="staircase" />
    <tag k="ref" v="2" />
  </node>
  <node id="469657905" visible="true" version="3" changeset="34321930" timestamp="2015-09-29T10:45:46Z" user="literan" uid="830106" lat="55.7567513" lon="37.5584243" />
  <node id="8843259912" visible="true" version="1" changeset="106553159" timestamp="2021-06-17T21:25:13Z" user="literan" uid="830106" lat="55.7562508" lon="37.5601436" />
  <node id="12537227899" visible="true" version="1" changeset="161834946" timestamp="2025-01-27T21:04:17Z" user="literan" uid="830106" lat="55.7566767" lon="37.5591414" />
  <node id="11698565357" visible="true" version="1" changeset="148310820" timestamp="2024-03-06T18:59:58Z" user="sirorezka" uid="4823594" lat="55.7558210" lon="37.5584341" />
  <node id="5118328997" visible="true" version="1" changeset="52223777" timestamp="2017-09-20T21:02:00Z" user="Uterouter" uid="6503009" lat="55.7570304" lon="37.5589504" />
  <node id="1166176680" visible="true" version="2" changeset="65939295" timestamp="2019-01-01T18:23:46Z" user="literan" uid="830106" lat="55.7576497" lon="37.5599246" />
  <node id="3763579861" visible="true" version="2" changeset="119509676" timestamp="2022-04-09T15:59:05Z" user="literan" uid="830106" lat="55.7588522" lon="37.5579573" />
  <node id="9603558861" visible="true" version="1" changeset="118870418" timestamp="2022-03-24T15:42:42Z" user="literan" uid="830106" lat="55.7579009" lon="37.5574982" />
  <node id="9654139470" visible="true" version="1" changeset="119509676" timestamp="2022-04-09T15:59:05Z" user="literan" uid="830106" lat="55.7562892" lon="37.5593816">
    <tag k="barrier" v="lift_gate" />
    <tag k="bicycle" v="yes" />
    <tag k="foot" v="yes" />
    <tag k="motorcar" v="permissive" />
  </node>
  <node id="3763579690" visible="true" version="1" changeset="34321930" timestamp="2015-09-29T10:45:36Z" user="literan" uid="830106" lat="55.7567644" lon="37.5584926" />
  <node id="462887095" visible="true" version="2" changeset="34321930" timestamp="2015-09-29T10:45:45Z" user="literan" uid="830106" lat="55.7574168" lon="37.5567851" />
  <node id="4331433681" visible="true" version="3" changeset="118486147" timestamp="2022-03-14T21:03:13Z" user="literan" uid="830106" lat="55.7542925" lon="37.5606748">
    <tag k="crossing" v="traffic_signals" />
    <tag k="highway" v="crossing" />
  </node>
  <node id="9654139466" visible="true" version="1" changeset="119509676" timestamp="2022-04-09T15:59:05Z" user="literan" uid="830106" lat="55.7588271" lon="37.5583747" />
  <node id="462758749" visible="true" version="2" changeset="34321930" timestamp="2015-09-29T10:45:45Z" user="literan" uid="830106" lat="55.7573976" lon="37.5576974" />
  <node id="13176594727" visible="true" version="1" changeset="172560571" timestamp="2025-09-28T10:48:11Z" user="literan" uid="830106" lat="55.7568217" lon="37.5563616">
    <tag k="barrier" v="sliding_beam" />
    <tag k="bicycle" v="yes" />
    <tag k="foot" v="yes" />
    <tag k="motor_vehicle" v="private" />
  </node>
  <node id="4327757510" visible="true" version="2" changeset="148310820" timestamp="2024-03-06T18:59:58Z" user="sirorezka" uid="4823594" lat="55.7554029" lon="37.5574898" />
  <node id="13176594733" visible="true" version="1" changeset="172560571" timestamp="2025-09-28T10:48:11Z" user="literan" uid="830106" lat="55.7572417" lon="37.5578611" />
  <node id="5118329009" visible="true" version="1" changeset="52223777" timestamp="2017-09-20T21:02:00Z" user="Uterouter" uid="6503009" lat="55.7566681" lon="37.5593426" />
  <node id="6178121695" visible="true" version="1" changeset="65953123" timestamp="2019-01-02T09:46:17Z" user="literan" uid="830106" lat="55.7570305" lon="37.5665181" />
  <node id="12537235123" visible="true" version="1" changeset="161834946" timestamp="2025-01-27T21:04:17Z" user="literan" uid="830106" lat="55.7567395" lon="37.5596072" />
  <node id="6178469424" visible="true" version="2" changeset="106553159" timestamp="2021-06-17T21:25:13Z" user="literan" uid="830106" lat="55.7561316" lon="37.5605062" />
  <node id="11741210042" visible="true" version="1" changeset="148814466" timestamp="2024-03-18T12:32:20Z" user="sirorezka" uid="4823594" lat="55.7564794" lon="37.5550366" />
  <node id="1171834586" visible="true" version="1" changeset="7388525" timestamp="2011-02-25T09:02:24Z" user="Marcklar" uid="148834" lat="55.7571291" lon="37.5600029" />
  <node id="11698565333" visible="true" version="1" changeset="148310820" timestamp="2024-03-06T18:59:58Z" user="sirorezka" uid="4823594" lat="55.7555981" lon="37.5579731" />
  <node id="3763579860" visible="true" version="2" changeset="119509676" timestamp="2022-04-09T15:59:05Z" user="literan" uid="830106" lat="55.7588189" lon="37.5580333" />
  <node id="462887919" visible="true" version="4" changeset="39434551" timestamp="2016-05-19T20:32:40Z" user="s-tikhomirov" uid="1437066" lat="55.7569962" lon="37.5583182">
    <tag k="barrier" v="lift_gate" />
  </node>
  <node id="11851428611" visible="true" version="1" changeset="150557300" timestamp="2024-04-26T21:04:37Z" user="literan" uid="830106" lat="55.7567546" lon="37.5584156" />
  <node id="2973775706" visible="true" version="1" changeset="24283318" timestamp="2014-07-21T21:57:49Z" user="literan" uid="830106" lat="55.7563102" lon="37.5590260" />
  <node id="9603558854" visible="true" version="1" changeset="118870418" timestamp="2022-03-24T15:42:42Z" user="literan" uid="830106" lat="55.7576898" lon="37.5577160" />
  <node id="462758824" visible="true" version="5" changeset="16083112" timestamp="2013-05-11T17:04:40Z" user="Erelen" uid="1419157" lat="55.7542774" lon="37.5601856" />
  <node id="3763579698" visible="true" version="1" changeset="34321930" timestamp="2015-09-29T10:45:36Z" user="literan" uid="830106" lat="55.7573134" lon="37.5578276" />
  <node id="1569671087" visible="true" version="5" changeset="59127358" timestamp="2018-05-20T16:27:59Z" user="literan" uid="830106" lat="55.7561801" lon="37.5518904" />
  <node id="3763579703" visible="true" version="1" changeset="34321930" timestamp="2015-09-29T10:45:36Z" user="literan" uid="830106" lat="55.7573404" lon="37.5578927" />
  <node id="1108028327" visible="true" version="3" changeset="52223777" timestamp="2017-09-20T21:02:03Z" user="Uterouter" uid="6503009" lat="55.7569248" lon="37.5594837" />
  <node id="569685146" visible="true" version="4" changeset="65958099" timestamp="2019-01-02T13:16:49Z" user="literan" uid="830106" lat="55.7564568" lon="37.5589648" />
  <node id="4331433673" visible="true" version="1" changeset="41177739" timestamp="2016-08-01T21:00:35Z" user="literan" uid="830106" lat="55.7542170" lon="37.5602408" />
  <node id="3548120128" visible="true" version="2" changeset="58997811" timestamp="2018-05-15T20:48:07Z" user="literan" uid="830106" lat="55.7562462" lon="37.5552958" />
  <node id="416809500" visible="true" version="6" changeset="148319555" timestamp="2024-03-07T00:32:30Z" user="sirorezka" uid="4823594" lat="55.7552948" lon="37.5557753" />
  <node id="3641616317" visible="true" version="1" changeset="32507609" timestamp="2015-07-08T22:26:11Z" user="literan" uid="830106" lat="55.7561290" lon="37.5591796" />
  <node id="4460723897" visible="true" version="2" changeset="119509676" timestamp="2022-04-09T15:59:05Z" user="literan" uid="830106" lat="55.7561853" lon="37.5591398" />
  <node id="3548120096" visible="true" version="3" changeset="148310820" timestamp="2024-03-06T18:59:58Z" user="sirorezka" uid="4823594" lat="55.7557183" lon="37.5571600">
    <tag k="entrance" v="yes" />
    <tag k="ref" v="5" />
  </node>
  <node id="612557010" visible="true" version="3" changeset="43105524" timestamp="2016-10-23T17:50:26Z" user="literan" uid="830106" lat="55.7557846" lon="37.5600346" />
  <node id="569685117" visible="true" version="4" changeset="34755069" timestamp="2015-10-20T13:22:30Z" user="literan" uid="830106" lat="55.7547154" lon="37.5604206" />
  <node id="3548120103" visible="true" version="2" changeset="148420417" timestamp="2024-03-09T12:30:53Z" user="literan" uid="830106" lat="55.7557420" lon="37.5579237" />
  <node id="3548120104" visible="true" version="2" changeset="148420417" timestamp="2024-03-09T12:30:53Z" user="literan" uid="830106" lat="55.7557372" lon="37.5573240" />
  <node id="12537235125" visible="true" version="1" changeset="161834946" timestamp="2025-01-27T21:04:17Z" user="literan" uid="830106" lat="55.7566927" lon="37.5596736" />
  <node id="6178469417" visible="true" version="1" changeset="65958099" timestamp="2019-01-02T13:16:47Z" user="literan" uid="830106" lat="55.7564953" lon="37.5589634" />
  <node id="427616438" visible="true" version="4" changeset="148319555" timestamp="2024-03-07T00:32:30Z" user="sirorezka" uid="4823594" lat="55.7557848" lon="37.5554822" />
  <node id="10774895415" visible="true" version="3" changeset="154607170" timestamp="2024-07-30T13:40:05Z" user="mavl" uid="564990" lat="55.7568223" lon="37.5596993">
    <tag k="bus" v="yes" />
    <tag k="name" v="Центр международной торговли" />
    <tag k="public_transport" v="stop_position" />
  </node>
  <node id="3763579692" visible="true" version="1" changeset="34321930" timestamp="2015-09-29T10:45:36Z" user="literan" uid="830106" lat="55.7567864" lon="37.5585482" />
  <node id="4327757524" visible="true" version="2" changeset="148420417" timestamp="2024-03-09T12:30:53Z" user="literan" uid="830106" lat="55.7558305" lon="37.5574896" />
  <node id="569680556" visible="true" version="4" changeset="3606219" timestamp="2010-01-12T21:19:28Z" user="hauler" uid="65320" lat="55.7553866" lon="37.5593914" />
  <node id="6177029328" visible="true" version="1" changeset="65939295" timestamp="2019-01-01T18:23:36Z" user="literan" uid="830106" lat="55.7570041" lon="37.5637914" />
  <node id="3971026973" visible="true" version="2" changeset="43105524" timestamp="2016-10-23T17:50:26Z" user="literan" uid="830106" lat="55.7562995" lon="37.5610121" />
  <node id="12537235106" visible="true" version="1" changeset="161834946" timestamp="2025-01-27T21:04:17Z" user="literan" uid="830106" lat="55.7566440" lon="37.5591552" />
  <node id="11547134327" visible="true" version="1" changeset="146641057" timestamp="2024-01-24T18:06:19Z" user="ig4map" uid="599809" lat="55.7567947" lon="37.5565431">
    <tag k="addr:flats" v="185-220" />
    <tag k="entrance" v="staircase" />
    <tag k="ref" v="6" />
  </node>
  <node id="3548120113" visible="true" version="2" changeset="148420417" timestamp="2024-03-09T12:30:53Z" user="literan" uid="830106" lat="55.7559037" lon="37.5576155" />
  <node id="2973775773" visible="true" version="3" changeset="65953123" timestamp="2019-01-02T09:46:19Z" user="literan" uid="830106" lat="55.7570339" lon="37.5674435" />
  <node id="6178469426" visible="true" version="2" changeset="106553159" timestamp="2021-06-17T21:25:13Z" user="literan" uid="830106" lat="55.7557482" lon="37.5606588" />
  <node id="6178121655" visible="true" version="1" changeset="65953123" timestamp="2019-01-02T09:46:16Z" user="literan" uid="830106" lat="55.7569353" lon="37.5688420" />
  <node id="13605052009" visible="true" version="1" changeset="179121562" timestamp="2026-02-27T09:26:23Z" user="literan" uid="830106" lat="55.7606791" lon="37.5585012" />
  <node id="1569671112" visible="true" version="2" changeset="34321930" timestamp="2015-09-29T10:45:44Z" user="literan" uid="830106" lat="55.7578026" lon="37.5582656" />
  <node id="462758795" visible="true" version="4" changeset="43105524" timestamp="2016-10-23T17:50:26Z" user="literan" uid="830106" lat="55.7564728" lon="37.5602216" />
  <node id="462758738" visible="true" version="2" changeset="34321930" timestamp="2015-09-29T10:45:45Z" user="literan" uid="830106" lat="55.7579294" lon="37.5578362" />
  <node id="6178469406" visible="true" version="1" changeset="65958099" timestamp="2019-01-02T13:16:47Z" user="literan" uid="830106" lat="55.7563534" lon="37.5590815" />
  <node id="612558211" visible="true" version="3" changeset="43105524" timestamp="2016-10-23T17:50:26Z" user="literan" uid="830106" lat="55.7564269" lon="37.5601535" />
  <node id="569680541" visible="true" version="6" changeset="58997811" timestamp="2018-05-15T20:48:05Z" user="literan" uid="830106" lat="55.7565401" lon="37.5582800" />
  <node id="9654139462" visible="true" version="1" changeset="119509676" timestamp="2022-04-09T15:59:05Z" user="literan" uid="830106" lat="55.7568485" lon="37.5590466" />
  <node id="469657886" visible="true" version="5" changeset="119509676" timestamp="2022-04-09T15:59:05Z" user="literan" uid="830106" lat="55.7572047" lon="37.5587583" />
  <node id="612562527" visible="true" version="2" changeset="24283318" timestamp="2014-07-21T21:57:55Z" user="literan" uid="830106" lat="55.7568103" lon="37.5603761" />
  <node id="3763579688" visible="true" version="1" changeset="34321930" timestamp="2015-09-29T10:45:35Z" user="literan" uid="830106" lat="55.7567199" lon="37.5578694" />
  <node id="2973775717" visible="true" version="1" changeset="24283318" timestamp="2014-07-21T21:57:49Z" user="literan" uid="830106" lat="55.7563782" lon="37.5589940" />
  <node id="12537227900" visible="true" version="1" changeset="161834946" timestamp="2025-01-27T21:04:17Z" user="literan" uid="830106" lat="55.7568460" lon="37.5590682" />
  <node id="9603558855" visible="true" version="1" changeset="118870418" timestamp="2022-03-24T15:42:42Z" user="literan" uid="830106" lat="55.7575639" lon="37.5577497" />
  <node id="4327757531" visible="true" version="1" changeset="41123881" timestamp="2016-07-30T09:08:21Z" user="osmer120311" uid="624271" lat="55.7559588" lon="37.5572240" />
  <node id="4460723907" visible="true" version="1" changeset="43105524" timestamp="2016-10-23T17:50:22Z" user="literan" uid="830106" lat="55.7564944" lon="37.5611653" />
  <node id="3641616319" visible="true" version="2" changeset="65958099" timestamp="2019-01-02T13:16:50Z" user="literan" uid="830106" lat="55.7563813" lon="37.5590218" />
  <node id="11547120111" visible="true" version="1" changeset="146640915" timestamp="2024-01-24T18:02:03Z" user="ig4map" uid="599809" lat="55.7576500" lon="37.5581212">
    <tag k="entrance" v="staircase" />
    <tag k="ref" v="3" />
  </node>
  <node id="9580996447" visible="true" version="1" changeset="118517769" timestamp="2022-03-15T16:09:58Z" user="somix" uid="12176526" lat="55.7585615" lon="37.5599706" />
  <node id="2973775779" visible="true" version="2" changeset="65939295" timestamp="2019-01-01T18:23:47Z" user="literan" uid="830106" lat="55.7570541" lon="37.5656425" />
  <node id="1108028322" visible="true" version="1" changeset="7003355" timestamp="2011-01-17T19:44:02Z" user="Marcklar" uid="148834" lat="55.7582128" lon="37.5585914" />
  <node id="2973775742" visible="true" version="2" changeset="65958099" timestamp="2019-01-02T13:16:50Z" user="literan" uid="830106" lat="55.7566598" lon="37.5590949" />
  <node id="612557011" visible="true" version="1" changeset="3606030" timestamp="2010-01-12T20:53:36Z" user="hauler" uid="65320" lat="55.7559654" lon="37.5597099" />
  <node id="11698565358" visible="true" version="1" changeset="148310820" timestamp="2024-03-06T18:59:58Z" user="sirorezka" uid="4823594" lat="55.7557746" lon="37.5581946" />
  <node id="1140895224" visible="true" version="6" changeset="150557300" timestamp="2024-04-26T21:04:37Z" user="literan" uid="830106" lat="55.7565134" lon="37.5582416" />
  <node id="11741210041" visible="true" version="1" changeset="148814466" timestamp="2024-03-18T12:32:20Z" user="sirorezka" uid="4823594" lat="55.7565901" lon="37.5564132" />
  <node id="4460723906" visible="true" version="1" changeset="43105524" timestamp="2016-10-23T17:50:22Z" user="literan" uid="830106" lat="55.7564811" lon="37.5611717" />
  <node id="5118329001" visible="true" version="2" changeset="161834946" timestamp="2025-01-27T21:04:17Z" user="literan" uid="830106" lat="55.7569735" lon="37.5594305" />
  <node id="469657888" visible="true" version="3" changeset="65939295" timestamp="2019-01-01T18:23:45Z" user="literan" uid="830106" lat="55.7568463" lon="37.5591886" />
  <node id="3548120098" visible="true" version="2" changeset="148420417" timestamp="2024-03-09T12:30:53Z" user="literan" uid="830106" lat="55.7556774" lon="37.5573419" />
  <node id="12537235117" visible="true" version="1" changeset="161834946" timestamp="2025-01-27T21:04:17Z" user="literan" uid="830106" lat="55.7568825" lon="37.5593600" />
  <node id="11741210038" visible="true" version="2" changeset="172560571" timestamp="2025-09-28T10:48:11Z" user="literan" uid="830106" lat="55.7571614" lon="37.5564310" />
  <node id="4460723915" visible="true" version="1" changeset="43105524" timestamp="2016-10-23T17:50:22Z" user="literan" uid="830106" lat="55.7565844" lon="37.5600647" />
  <node id="569685147" visible="true" version="4" changeset="24283318" timestamp="2014-07-21T21:57:53Z" user="literan" uid="830106" lat="55.7562052" lon="37.5590860" />
  <node id="469657892" visible="true" version="2" changeset="65939295" timestamp="2019-01-01T18:23:45Z" user="literan" uid="830106" lat="55.7570634" lon="37.5605832" />
  <node id="462887066" visible="true" version="2" changeset="34321930" timestamp="2015-09-29T10:45:45Z" user="literan" uid="830106" lat="55.7578070" lon="37.5562189" />
  <node id="4327757518" visible="true" version="2" changeset="148420417" timestamp="2024-03-09T12:30:53Z" user="literan" uid="830106" lat="55.7557418" lon="37.5578150" />
  <node id="11547120112" visible="true" version="1" changeset="146640915" timestamp="2024-01-24T18:02:03Z" user="ig4map" uid="599809" lat="55.7574931" lon="37.5581640">
    <tag k="entrance" v="staircase" />
    <tag k="ref" v="4" />
  </node>
  <node id="3763579708" visible="true" version="1" changeset="34321930" timestamp="2015-09-29T10:45:36Z" user="literan" uid="830106" lat="55.7574407" lon="37.5576862" />
  <node id="3763579706" visible="true" version="1" changeset="34321930" timestamp="2015-09-29T10:45:36Z" user="literan" uid="830106" lat="55.7573833" lon="37.5575250" />
  <node id="462758789" visible="true" version="4" changeset="43105524" timestamp="2016-10-23T17:50:26Z" user="literan" uid="830106" lat="55.7568484" lon="37.5612395" />
  <node id="4327757512" visible="true" version="2" changeset="148420417" timestamp="2024-03-09T12:30:53Z" user="literan" uid="830106" lat="55.7556442" lon="37.5576838" />
  <node id="3548120106" visible="true" version="2" changeset="148420417" timestamp="2024-03-09T12:30:53Z" user="literan" uid="830106" lat="55.7557967" lon="37.5573447" />
  <node id="9654139480" visible="true" version="1" changeset="119509676" timestamp="2022-04-09T15:59:05Z" user="literan" uid="830106" lat="55.7563483" lon="37.5592110" />
  <node id="612558225" visible="true" version="3" changeset="43105524" timestamp="2016-10-23T17:50:26Z" user="literan" uid="830106" lat="55.7564588" lon="37.5609347" />
  <node id="462758764" visible="true" version="3" changeset="34321930" timestamp="2015-09-29T10:45:45Z" user="literan" uid="830106" lat="55.7576206" lon="37.5594674" />
  <node id="462758836" visible="true" version="3" changeset="41123881" timestamp="2016-07-30T09:08:23Z" user="osmer120311" uid="624271" lat="55.7557313" lon="37.5569065" />
  <node id="10774195340" visible="true" version="1" changeset="134320888" timestamp="2023-03-30T21:22:20Z" user="Bobropiton" uid="2055718" lat="55.7544415" lon="37.5592659" />
  <node id="2973775749" visible="true" version="1" changeset="24283318" timestamp="2014-07-21T21:57:50Z" user="literan" uid="830106" lat="55.7567801" lon="37.5601249" />
  <node id="462758763" visible="true" version="3" changeset="34321930" timestamp="2015-09-29T10:45:45Z" user="literan" uid="830106" lat="55.7575658" lon="37.5596621" />
  <node id="11851428606" visible="true" version="1" changeset="150557300" timestamp="2024-04-26T21:04:37Z" user="literan" uid="830106" lat="55.7563667" lon="37.5582399" />
  <node id="3763579701" visible="true" version="1" changeset="34321930" timestamp="2015-09-29T10:45:36Z" user="literan" uid="830106" lat="55.7573258" lon="37.5577162" />
  <node id="3763579700" visible="true" version="1" changeset="34321930" timestamp="2015-09-29T10:45:36Z" user="literan" uid="830106" lat="55.7573192" lon="37.5578982" />
  <node id="3763579724" visible="true" version="1" changeset="34321930" timestamp="2015-09-29T10:45:36Z" user="literan" uid="830106" lat="55.7577852" lon="37.5577745" />
  <node id="3548119684" visible="true" version="3" changeset="148310820" timestamp="2024-03-06T18:59:58Z" user="sirorezka" uid="4823594" lat="55.7554426" lon="37.5572823">
    <tag k="entrance" v="yes" />
    <tag k="name" v="Конгресс-центр" />
    <tag k="ref" v="Подъезд 4" />
  </node>
  <node id="9603558850" visible="true" version="1" changeset="118870418" timestamp="2022-03-24T15:42:42Z" user="literan" uid="830106" lat="55.7571149" lon="37.5575781" />
  <node id="3763579699" visible="true" version="2" changeset="118870418" timestamp="2022-03-24T15:42:42Z" user="literan" uid="830106" lat="55.7573295" lon="37.5582996" />
  <node id="462758744" visible="true" version="3" changeset="34321930" timestamp="2015-09-29T10:45:45Z" user="literan" uid="830106" lat="55.7572505" lon="37.5574011" />
  <node id="3548119689" visible="true" version="2" changeset="148420417" timestamp="2024-03-09T12:30:53Z" user="literan" uid="830106" lat="55.7555678" lon="37.5575823" />
  <node id="3548120093" visible="true" version="3" changeset="148310820" timestamp="2024-03-06T18:59:58Z" user="sirorezka" uid="4823594" lat="55.7556548" lon="37.5566273">
    <tag k="entrance" v="yes" />
    <tag k="ref" v="6" />
  </node>
  <node id="5620601908" visible="true" version="1" changeset="58997811" timestamp="2018-05-15T20:48:00Z" user="literan" uid="830106" lat="55.7565100" lon="37.5579657" />
  <node id="3763579685" visible="true" version="1" changeset="34321930" timestamp="2015-09-29T10:45:35Z" user="literan" uid="830106" lat="55.7565885" lon="37.5563543" />
  <node id="416809503" visible="true" version="6" changeset="148319555" timestamp="2024-03-07T00:32:30Z" user="sirorezka" uid="4823594" lat="55.7559845" lon="37.5553307" />
  <node id="3763579691" visible="true" version="2" changeset="150557300" timestamp="2024-04-26T21:04:37Z" user="literan" uid="830106" lat="55.7567742" lon="37.5584506" />
  <node id="12537227897" visible="true" version="1" changeset="161834946" timestamp="2025-01-27T21:04:17Z" user="literan" uid="830106" lat="55.7567573" lon="37.5584558" />
  <node id="3763579679" visible="true" version="1" changeset="34321930" timestamp="2015-09-29T10:45:35Z" user="literan" uid="830106" lat="55.7562828" lon="37.5589553" />
  <node id="11547134322" visible="true" version="1" changeset="146641057" timestamp="2024-01-24T18:06:19Z" user="ig4map" uid="599809" lat="55.7569395" lon="37.5581330">
    <tag k="entrance" v="staircase" />
    <tag k="ref" v="1" />
  </node>
  <node id="6178469412" visible="true" version="1" changeset="65958099" timestamp="2019-01-02T13:16:47Z" user="literan" uid="830106" lat="55.7565210" lon="37.5591297" />
  <node id="12537235105" visible="true" version="1" changeset="161834946" timestamp="2025-01-27T21:04:17Z" user="literan" uid="830106" lat="55.7567475" lon="37.5591113">
    <tag k="crossing" v="traffic_signals" />
    <tag k="highway" v="crossing" />
  </node>
  <node id="11698753275" visible="true" version="2" changeset="148314693" timestamp="2024-03-06T20:41:54Z" user="sirorezka" uid="4823594" lat="55.7546955" lon="37.5563192" />
  <node id="10774895416" visible="true" version="3" changeset="154607086" timestamp="2024-07-30T13:37:13Z" user="mavl" uid="564990" lat="55.7568357" lon="37.5598321">
    <tag k="bus" v="yes" />
    <tag k="name" v="Центр международной торговли" />
    <tag k="public_transport" v="stop_position" />
  </node>
  <node id="1583929208" visible="true" version="3" changeset="39434551" timestamp="2016-05-19T20:32:40Z" user="s-tikhomirov" uid="1437066" lat="55.7579518" lon="37.5582255" />
  <node id="9654139473" visible="true" version="1" changeset="119509676" timestamp="2022-04-09T15:59:05Z" user="literan" uid="830106" lat="55.7562479" lon="37.5590955" />
  <node id="6177029326" visible="true" version="1" changeset="65939295" timestamp="2019-01-01T18:23:36Z" user="literan" uid="830106" lat="55.7570070" lon="37.5604507" />
  <node id="11698565349" visible="true" version="1" changeset="148310820" timestamp="2024-03-06T18:59:58Z" user="sirorezka" uid="4823594" lat="55.7555426" lon="37.5582295" />
  <node id="11698565363" visible="true" version="1" changeset="148310820" timestamp="2024-03-06T18:59:58Z" user="sirorezka" uid="4823594" lat="55.7559489" lon="37.5580853" />
  <node id="462887153" visible="true" version="3" changeset="39434551" timestamp="2016-05-19T20:32:40Z" user="s-tikhomirov" uid="1437066" lat="55.7579612" lon="37.5583452" />
  <node id="11851428607" visible="true" version="1" changeset="150557300" timestamp="2024-04-26T21:04:37Z" user="literan" uid="830106" lat="55.7567086" lon="37.5579114" />
  <node id="4327757522" visible="true" version="2" changeset="148420417" timestamp="2024-03-09T12:30:53Z" user="literan" uid="830106" lat="55.7557962" lon="37.5574435" />
  <node id="597205297" visible="true" version="4" changeset="58997811" timestamp="2018-05-15T20:48:05Z" user="literan" uid="830106" lat="55.7567116" lon="37.5588318">
    <tag k="highway" v="traffic_signals" />
  </node>
  <node id="612557013" visible="true" version="3" changeset="43105524" timestamp="2016-10-23T17:50:26Z" user="literan" uid="830106" lat="55.7558339" lon="37.5603963" />
  <node id="6178469411" visible="true" version="1" changeset="65958099" timestamp="2019-01-02T13:16:47Z" user="literan" uid="830106" lat="55.7565814" lon="37.5594597" />
  <node id="12537227896" visible="true" version="1" changeset="161834946" timestamp="2025-01-27T21:04:17Z" user="literan" uid="830106" lat="55.7568528" lon="37.5586389">
    <tag k="crossing" v="traffic_signals" />
    <tag k="highway" v="crossing" />
  </node>
  <node id="3763579720" visible="true" version="1" changeset="34321930" timestamp="2015-09-29T10:45:36Z" user="literan" uid="830106" lat="55.7577693" lon="37.5575820" />
  <node id="7843493616" visible="true" version="1" changeset="89918320" timestamp="2020-08-25T13:34:06Z" user="ks1v" uid="279214" lat="55.7560004" lon="37.5570496" />
  <node id="3641616327" visible="true" version="3" changeset="161834946" timestamp="2025-01-27T21:04:17Z" user="literan" uid="830106" lat="55.7566825" lon="37.5596062" />
  <node id="11698565339" visible="true" version="1" changeset="148310820" timestamp="2024-03-06T18:59:58Z" user="sirorezka" uid="4823594" lat="55.7560123" lon="37.5586130" />
  <node id="11698565341" visible="true" version="1" changeset="148310820" timestamp="2024-03-06T18:59:58Z" user="sirorezka" uid="4823594" lat="55.7563738" lon="37.5585095" />
  <node id="11547120114" visible="true" version="1" changeset="146640915" timestamp="2024-01-24T18:02:03Z" user="ig4map" uid="599809" lat="55.7573890" lon="37.5574442">
    <tag k="addr:flats" v="71-88" />
    <tag k="entrance" v="staircase" />
    <tag k="ref" v="6" />
  </node>
  <node id="11698565343" visible="true" version="1" changeset="148310820" timestamp="2024-03-06T18:59:58Z" user="sirorezka" uid="4823594" lat="55.7558434" lon="37.5588991" />
  <node id="4331433676" visible="true" version="1" changeset="41177739" timestamp="2016-08-01T21:00:35Z" user="literan" uid="830106" lat="55.7542441" lon="37.5602703" />
  <node id="6178469409" visible="true" version="2" changeset="119509676" timestamp="2022-04-09T15:59:05Z" user="literan" uid="830106" lat="55.7564244" lon="37.5596850" />
  <node id="11547134326" visible="true" version="1" changeset="146641057" timestamp="2024-01-24T18:06:19Z" user="ig4map" uid="599809" lat="55.7568237" lon="37.5568611">
    <tag k="entrance" v="staircase" />
    <tag k="ref" v="5" />
  </node>
  <node id="612558212" visible="true" version="3" changeset="43105524" timestamp="2016-10-23T17:50:26Z" user="literan" uid="830106" lat="55.7565133" lon="37.5598717" />
  <node id="569685144" visible="true" version="4" changeset="65958099" timestamp="2019-01-02T13:16:49Z" user="literan" uid="830106" lat="55.7566281" lon="37.5590412" />
  <node id="11851428609" visible="true" version="1" changeset="150557300" timestamp="2024-04-26T21:04:37Z" user="literan" uid="830106" lat="55.7567506" lon="37.5580595" />
  <node id="569680554" visible="true" version="3" changeset="34321930" timestamp="2015-09-29T10:45:46Z" user="literan" uid="830106" lat="55.7562745" lon="37.5587971" />
  <node id="6177029386" visible="true" version="1" changeset="65939295" timestamp="2019-01-01T18:23:37Z" user="literan" uid="830106" lat="55.7570586" lon="37.5666277" />
  <node id="462887928" visible="true" version="5" changeset="172560571" timestamp="2025-09-28T10:48:11Z" user="literan" uid="830106" lat="55.7573050" lon="37.5582117">
    <tag k="barrier" v="lift_gate" />
    <tag k="bicycle" v="yes" />
    <tag k="foot" v="yes" />
    <tag k="motor_vehicle" v="private" />
  </node>
  <node id="3641616329" visible="true" version="1" changeset="32507609" timestamp="2015-07-08T22:26:11Z" user="literan" uid="830106" lat="55.7567944" lon="37.5603908" />
  <node id="9654139459" visible="true" version="1" changeset="119509676" timestamp="2022-04-09T15:59:05Z" user="literan" uid="830106" lat="55.7590353" lon="37.5579217" />
  <node id="3811700299" visible="true" version="5" changeset="96809831" timestamp="2021-01-02T15:00:04Z" user="SpcCw" uid="2991976" lat="55.7561923" lon="37.5520091">
    <tag k="crossing" v="unmarked" />
    <tag k="highway" v="crossing" />
    <tag k="tactile_paving" v="no" />
  </node>
  <node id="11851428612" visible="true" version="1" changeset="150557300" timestamp="2024-04-26T21:04:37Z" user="literan" uid="830106" lat="55.7567371" lon="37.5582287" />
  <node id="12537235120" visible="true" version="1" changeset="161834946" timestamp="2025-01-27T21:04:17Z" user="literan" uid="830106" lat="55.7567125" lon="37.5596180" />
  <node id="10774195334" visible="true" version="1" changeset="134320888" timestamp="2023-03-30T21:22:20Z" user="Bobropiton" uid="2055718" lat="55.7560788" lon="37.5583774" />
  <node id="1569671109" visible="true" version="2" changeset="34321930" timestamp="2015-09-29T10:45:44Z" user="literan" uid="830106" lat="55.7568451" lon="37.5585524" />
  <node id="3723683132" visible="true" version="2" changeset="58997811" timestamp="2018-05-15T20:48:07Z" user="literan" uid="830106" lat="55.7563433" lon="37.5536426" />
  <node id="469657890" visible="true" version="2" changeset="65939295" timestamp="2019-01-01T18:23:45Z" user="literan" uid="830106" lat="55.7570057" lon="37.5605229" />
  <node id="3763579857" visible="true" version="1" changeset="34321930" timestamp="2015-09-29T10:45:36Z" user="literan" uid="830106" lat="55.7587168" lon="37.5562333" />
  <node id="13332590281" visible="true" version="1" changeset="175130604" timestamp="2025-11-25T22:19:46Z" user="Bobropiton" uid="2055718" lat="55.7564267" lon="37.5544971">
    <tag k="bus" v="yes" />
    <tag k="highway" v="bus_stop" />
    <tag k="name" v="2-я Звенигородская улица" />
    <tag k="public_transport" v="platform" />
  </node>
  <node id="1140895211" visible="true" version="4" changeset="150557300" timestamp="2024-04-26T21:04:37Z" user="literan" uid="830106" lat="55.7566203" lon="37.5582105" />
  <node id="4331433682" visible="true" version="1" changeset="41177739" timestamp="2016-08-01T21:00:35Z" user="literan" uid="830106" lat="55.7543831" lon="37.5607684" />
  <node id="462887146" visible="true" version="3" changeset="39434551" timestamp="2016-05-19T20:32:40Z" user="s-tikhomirov" uid="1437066" lat="55.7579441" lon="37.5581277" />
  <node id="5070892585" visible="true" version="1" changeset="51602787" timestamp="2017-08-31T07:21:11Z" user="augxcgrwxo" uid="371263" lat="55.7564925" lon="37.5596949" />
  <node id="416809507" visible="true" version="6" changeset="148310820" timestamp="2024-03-06T18:59:58Z" user="sirorezka" uid="4823594" lat="55.7559886" lon="37.5570973" />
  <node id="462758799" visible="true" version="3" changeset="65958099" timestamp="2019-01-02T13:16:49Z" user="literan" uid="830106" lat="55.7562779" lon="37.5595656" />
  <node id="255857387" visible="true" version="3" changeset="34321930" timestamp="2015-09-29T10:45:44Z" user="literan" uid="830106" lat="55.7564651" lon="37.5562991" />
  <node id="469657896" visible="true" version="1" changeset="2174262" timestamp="2009-08-17T08:14:54Z" user="KekcuHa" uid="30590" lat="55.7589300" lon="37.5597375" />
  <node id="9654139456" visible="true" version="1" changeset="119509676" timestamp="2022-04-09T15:59:05Z" user="literan" uid="830106" lat="55.7580318" lon="37.5584337" />
  <node id="9645148760" visible="true" version="1" changeset="119376212" timestamp="2022-04-06T09:07:13Z" user="literan" uid="830106" lat="55.7559746" lon="37.5593887">
    <tag k="entrance" v="main" />
  </node>
  <node id="2973775748" visible="true" version="2" changeset="161834946" timestamp="2025-01-27T21:04:17Z" user="literan" uid="830106" lat="55.7567753" lon="37.5598014" />
  <node id="3763579731" visible="true" version="1" changeset="34321930" timestamp="2015-09-29T10:45:36Z" user="literan" uid="830106" lat="55.7579103" lon="37.5580366" />
  <node id="5118328995" visible="true" version="5" changeset="172557479" timestamp="2025-09-28T09:19:14Z" user="Svetlaya Lana" uid="22867320" lat="55.7588051" lon="37.5582401">
    <tag k="crossing" v="traffic_signals" />
    <tag k="highway" v="crossing" />
    <tag k="tactile_paving" v="no" />
  </node>
  <node id="6178469415" visible="true" version="1" changeset="65958099" timestamp="2019-01-02T13:16:47Z" user="literan" uid="830106" lat="55.7565957" lon="37.5590412" />
  <node id="3548120094" visible="true" version="2" changeset="148420417" timestamp="2024-03-09T12:30:53Z" user="literan" uid="830106" lat="55.7556250" lon="37.5573963" />
  <node id="3548120111" visible="true" version="2" changeset="148420417" timestamp="2024-03-09T12:30:53Z" user="literan" uid="830106" lat="55.7558883" lon="37.5574984" />
  <node id="569680552" visible="true" version="4" changeset="31484724" timestamp="2015-05-26T19:40:26Z" user="s-tikhomirov" uid="1437066" lat="55.7564111" lon="37.5586358" />
  <node id="3763579717" visible="true" version="1" changeset="34321930" timestamp="2015-09-29T10:45:36Z" user="literan" uid="830106" lat="55.7576745" lon="37.5581148" />
  <node id="5620601906" visible="true" version="1" changeset="58997811" timestamp="2018-05-15T20:48:00Z" user="literan" uid="830106" lat="55.7564857" lon="37.5581300" />
  <node id="1583929205" visible="true" version="3" changeset="34321930" timestamp="2015-09-29T10:45:44Z" user="literan" uid="830106" lat="55.7565908" lon="37.5562845">
    <tag k="crossing" v="uncontrolled" />
    <tag k="highway" v="crossing" />
  </node>
  <node id="3763579710" visible="true" version="1" changeset="34321930" timestamp="2015-09-29T10:45:36Z" user="literan" uid="830106" lat="55.7574671" lon="37.5581524" />
  <node id="13176594732" visible="true" version="1" changeset="172560571" timestamp="2025-09-28T10:48:11Z" user="literan" uid="830106" lat="55.7571599" lon="37.5563194">
    <tag k="barrier" v="lift_gate" />
    <tag k="bicycle" v="yes" />
    <tag k="foot" v="yes" />
    <tag k="motor_vehicle" v="private" />
  </node>
  <node id="597205309" visible="true" version="3" changeset="119509676" timestamp="2022-04-09T15:59:05Z" user="literan" uid="830106" lat="55.7589522" lon="37.5582072">
    <tag k="highway" v="traffic_signals" />
  </node>
  <node id="569685119" visible="true" version="4" changeset="161834946" timestamp="2025-01-27T21:04:17Z" user="literan" uid="830106" lat="55.7566851" lon="37.5591646" />
  <node id="3763579713" visible="true" version="1" changeset="34321930" timestamp="2015-09-29T10:45:36Z" user="literan" uid="830106" lat="55.7575176" lon="37.5581576" />
  <node id="11851428610" visible="true" version="1" changeset="150557300" timestamp="2024-04-26T21:04:37Z" user="literan" uid="830106" lat="55.7567361" lon="37.5579033" />
  <node id="1166176660" visible="true" version="2" changeset="52223777" timestamp="2017-09-20T21:02:03Z" user="Uterouter" uid="6503009" lat="55.7571010" lon="37.5591594" />
  <node id="462758837" visible="true" version="3" changeset="41123881" timestamp="2016-07-30T09:08:23Z" user="osmer120311" uid="624271" lat="55.7559195" lon="37.5572876" />
  <node id="462758762" visible="true" version="2" changeset="7360518" timestamp="2011-02-22T06:43:27Z" user="Marcklar" uid="148834" lat="55.7577881" lon="37.5598597" />
  <node id="12537235115" visible="true" version="1" changeset="161834946" timestamp="2025-01-27T21:04:17Z" user="literan" uid="830106" lat="55.7569440" lon="37.5596058" />
  <node id="3763579732" visible="true" version="1" changeset="34321930" timestamp="2015-09-29T10:45:36Z" user="literan" uid="830106" lat="55.7579429" lon="37.5579993" />
  <node id="12537235103" visible="true" version="1" changeset="161834946" timestamp="2025-01-27T21:04:17Z" user="literan" uid="830106" lat="55.7565232" lon="37.5587225">
    <tag k="crossing" v="traffic_signals" />
    <tag k="highway" v="crossing" />
  </node>
  <node id="4354431979" visible="true" version="4" changeset="148319555" timestamp="2024-03-07T00:32:30Z" user="sirorezka" uid="4823594" lat="55.7547227" lon="37.5562242" />
  <node id="9654139464" visible="true" version="1" changeset="119509676" timestamp="2022-04-09T15:59:05Z" user="literan" uid="830106" lat="55.7586709" lon="37.5583197" />
  <node id="1108028329" visible="true" version="3" changeset="52223777" timestamp="2017-09-20T21:02:03Z" user="Uterouter" uid="6503009" lat="55.7569028" lon="37.5592986" />
  <node id="4327757527" visible="true" version="2" changeset="148420417" timestamp="2024-03-09T12:30:53Z" user="literan" uid="830106" lat="55.7558522" lon="37.5575554" />
  <node id="11547120113" visible="true" version="1" changeset="146640915" timestamp="2024-01-24T18:02:03Z" user="ig4map" uid="599809" lat="55.7574524" lon="37.5578279">
    <tag k="entrance" v="staircase" />
    <tag k="ref" v="5" />
  </node>
  <node id="9654139471" visible="true" version="1" changeset="119509676" timestamp="2022-04-09T15:59:05Z" user="literan" uid="830106" lat="55.7563466" lon="37.5595041" />
  <node id="4354432236" visible="true" version="2" changeset="148310820" timestamp="2024-03-06T18:59:58Z" user="sirorezka" uid="4823594" lat="55.7541839" lon="37.5580816" />
  <node id="469657901" visible="true" version="4" changeset="119509676" timestamp="2022-04-09T15:59:05Z" user="literan" uid="830106" lat="55.7588380" lon="37.5579984" />
  <node id="5118329008" visible="true" version="1" changeset="52223777" timestamp="2017-09-20T21:02:00Z" user="Uterouter" uid="6503009" lat="55.7570395" lon="37.5607541" />
  <node id="462887925" visible="true" version="2" changeset="172560571" timestamp="2025-09-28T10:48:11Z" user="literan" uid="830106" lat="55.7571751" lon="37.5572103" />
  <node id="469657907" visible="true" version="3" changeset="34321930" timestamp="2015-09-29T10:45:46Z" user="literan" uid="830106" lat="55.7565722" lon="37.5564543" />
  <node id="9654139472" visible="true" version="1" changeset="119509676" timestamp="2022-04-09T15:59:05Z" user="literan" uid="830106" lat="55.7563436" lon="37.5594335" />
  <node id="6177029324" visible="true" version="2" changeset="119509676" timestamp="2022-04-09T15:59:05Z" user="literan" uid="830106" lat="55.7568711" lon="37.5590064" />
  <node id="427616435" visible="true" version="4" changeset="148319555" timestamp="2024-03-07T00:32:30Z" user="sirorezka" uid="4823594" lat="55.7557365" lon="37.5553589" />
  <node id="1583929207" visible="true" version="2" changeset="34321930" timestamp="2015-09-29T10:45:44Z" user="literan" uid="830106" lat="55.7568082" lon="37.5584419" />
  <node id="462758765" visible="true" version="3" changeset="34321930" timestamp="2015-09-29T10:45:45Z" user="literan" uid="830106" lat="55.7571014" lon="37.5595960" />
  <node id="612558221" visible="true" version="2" changeset="43105524" timestamp="2016-10-23T17:50:26Z" user="literan" uid="830106" lat="55.7565768" lon="37.5613269" />
  <node id="462758794" visible="true" version="4" changeset="43105524" timestamp="2016-10-23T17:50:26Z" user="literan" uid="830106" lat="55.7564255" lon="37.5599145" />
  <node id="569680545" visible="true" version="4" changeset="58997811" timestamp="2018-05-15T20:48:05Z" user="literan" uid="830106" lat="55.7561416" lon="37.5538787" />
  <node id="444863444" visible="true" version="4" changeset="3736748" timestamp="2010-01-28T16:05:39Z" user="vespex" uid="97421" lat="55.7544515" lon="37.5592591" />
  <node id="5070892584" visible="true" version="2" changeset="161834946" timestamp="2025-01-27T21:04:17Z" user="literan" uid="830106" lat="55.7566261" lon="37.5596316" />
  <node id="6178469418" visible="true" version="2" changeset="106553159" timestamp="2021-06-17T21:25:13Z" user="literan" uid="830106" lat="55.7561355" lon="37.5601131" />
  <node id="4460723913" visible="true" version="1" changeset="43105524" timestamp="2016-10-23T17:50:22Z" user="literan" uid="830106" lat="55.7565459" lon="37.5600834" />
  <node id="1569671107" visible="true" version="2" changeset="34321930" timestamp="2015-09-29T10:45:44Z" user="literan" uid="830106" lat="55.7567553" lon="37.5578606" />
  <node id="3763579718" visible="true" version="1" changeset="34321930" timestamp="2015-09-29T10:45:36Z" user="literan" uid="830106" lat="55.7577568" lon="37.5577114" />
  <node id="4327757513" visible="true" version="2" changeset="148420417" timestamp="2024-03-09T12:30:53Z" user="literan" uid="830106" lat="55.7556491" lon="37.5575343" />
  <node id="4460722382" visible="true" version="1" changeset="43105524" timestamp="2016-10-23T17:50:22Z" user="literan" uid="830106" lat="55.7555085" lon="37.5610929" />
  <node id="4327757515" visible="true" version="2" changeset="148420417" timestamp="2024-03-09T12:30:53Z" user="literan" uid="830106" lat="55.7556750" lon="37.5574734" />
  <node id="5118328999" visible="true" version="1" changeset="52223777" timestamp="2017-09-20T21:02:00Z" user="Uterouter" uid="6503009" lat="55.7569443" lon="37.5590973" />
  <node id="4460722387" visible="true" version="3" changeset="106553159" timestamp="2021-06-17T21:25:13Z" user="literan" uid="830106" lat="55.7556875" lon="37.5608198" />
  <node id="599077982" visible="true" version="4" changeset="109222861" timestamp="2021-08-05T21:30:32Z" user="Vl_8" uid="13568411" lat="55.7538292" lon="37.5585351" />
  <node id="11698565364" visible="true" version="1" changeset="148310820" timestamp="2024-03-06T18:59:58Z" user="sirorezka" uid="4823594" lat="55.7558305" lon="37.5580619" />
  <node id="4460723895" visible="true" version="2" changeset="119509676" timestamp="2022-04-09T15:59:05Z" user="literan" uid="830106" lat="55.7561570" lon="37.5590400" />
  <node id="3763579716" visible="true" version="1" changeset="34321930" timestamp="2015-09-29T10:45:36Z" user="literan" uid="830106" lat="55.7576732" lon="37.5580985" />
  <node id="4460723893" visible="true" version="3" changeset="106553159" timestamp="2021-06-17T21:25:13Z" user="literan" uid="830106" lat="55.7561481" lon="37.5602698" />
  <node id="3548119692" visible="true" version="2" changeset="148420417" timestamp="2024-03-09T12:30:53Z" user="literan" uid="830106" lat="55.7555940" lon="37.5577891" />
  <node id="3763579704" visible="true" version="1" changeset="34321930" timestamp="2015-09-29T10:45:36Z" user="literan" uid="830106" lat="55.7573509" lon="37.5580197" />
  <node id="9629519932" visible="true" version="1" changeset="119210228" timestamp="2022-04-01T16:55:13Z" user="literan" uid="830106" lat="55.7564437" lon="37.5546717" />
  <node id="4354431978" visible="true" version="3" changeset="148319555" timestamp="2024-03-07T00:32:30Z" user="sirorezka" uid="4823594" lat="55.7552412" lon="37.5557484" />
  <node id="12537235118" visible="true" version="1" changeset="161834946" timestamp="2025-01-27T21:04:17Z" user="literan" uid="830106" lat="55.7569318" lon="37.5593415" />
  <node id="4354431984" visible="true" version="3" changeset="148314693" timestamp="2024-03-06T20:41:54Z" user="sirorezka" uid="4823594" lat="55.7544043" lon="37.5566737" />
  <node id="6178469407" visible="true" version="1" changeset="65958099" timestamp="2019-01-02T13:16:47Z" user="literan" uid="830106" lat="55.7562878" lon="37.5591257" />
  <node id="11741210039" visible="true" version="2" changeset="172560571" timestamp="2025-09-28T10:48:11Z" user="literan" uid="830106" lat="55.7568223" lon="37.5563690" />
  <node id="11851428603" visible="true" version="1" changeset="150557300" timestamp="2024-04-26T21:04:37Z" user="literan" uid="830106" lat="55.7563719" lon="37.5583109" />
  <node id="475257502" visible="true" version="6" changeset="148420417" timestamp="2024-03-09T12:30:53Z" user="literan" uid="830106" lat="55.7558734" lon="37.5577956" />
  <node id="612558224" visible="true" version="3" changeset="43105524" timestamp="2016-10-23T17:50:26Z" user="literan" uid="830106" lat="55.7565192" lon="37.5614190" />
  <node id="10775025207" visible="true" version="3" changeset="154606682" timestamp="2024-07-30T13:28:06Z" user="mavl" uid="564990" lat="55.7558938" lon="37.5592172">
    <tag k="bus" v="yes" />
    <tag k="name" v="Центр международной торговли" />
    <tag k="public_transport" v="stop_position" />
  </node>
  <node id="612557014" visible="true" version="3" changeset="43105524" timestamp="2016-10-23T17:50:26Z" user="literan" uid="830106" lat="55.7558486" lon="37.5604469" />
  <node id="11851428608" visible="true" version="1" changeset="150557300" timestamp="2024-04-26T21:04:37Z" user="literan" uid="830106" lat="55.7567231" lon="37.5580676" />
  <node id="4460722388" visible="true" version="1" changeset="43105524" timestamp="2016-10-23T17:50:22Z" user="literan" uid="830106" lat="55.7557539" lon="37.5596084" />
  <node id="2973775735" visible="true" version="2" changeset="65958099" timestamp="2019-01-02T13:16:50Z" user="literan" uid="830106" lat="55.7565912" lon="37.5590064" />
  <node id="569680543" visible="true" version="4" changeset="39982692" timestamp="2016-06-13T02:41:24Z" user="Erelen" uid="1419157" lat="55.7532766" lon="37.5563306" />
  <node id="612557016" visible="true" version="3" changeset="43105524" timestamp="2016-10-23T17:50:26Z" user="literan" uid="830106" lat="55.7557784" lon="37.5604561" />
  <node id="9603558863" visible="true" version="1" changeset="118870418" timestamp="2022-03-24T15:42:42Z" user="literan" uid="830106" lat="55.7577382" lon="37.5577690" />
  <node id="469657912" visible="true" version="2" changeset="34321930" timestamp="2015-09-29T10:45:46Z" user="literan" uid="830106" lat="55.7586894" lon="37.5562246" />
  <node id="12537227898" visible="true" version="1" changeset="161834946" timestamp="2025-01-27T21:04:17Z" user="literan" uid="830106" lat="55.7568844" lon="37.5589952" />
  <node id="1569671142" visible="true" version="3" changeset="39982692" timestamp="2016-06-13T02:41:22Z" user="Erelen" uid="1419157" lat="55.7591237" lon="37.5579418" />
  <node id="612558214" visible="true" version="3" changeset="43105524" timestamp="2016-10-23T17:50:26Z" user="literan" uid="830106" lat="55.7564900" lon="37.5597205" />
  <node id="11698565360" visible="true" version="1" changeset="148310820" timestamp="2024-03-06T18:59:58Z" user="sirorezka" uid="4823594" lat="55.7559192" lon="37.5584066" />
  <node id="3548119690" visible="true" version="2" changeset="148420417" timestamp="2024-03-09T12:30:53Z" user="literan" uid="830106" lat="55.7555703" lon="37.5576899" />
  <node id="469657897" visible="true" version="4" changeset="119509676" timestamp="2022-04-09T15:59:05Z" user="literan" uid="830106" lat="55.7588542" lon="37.5585250" />
  <node id="569680550" visible="true" version="5" changeset="41177739" timestamp="2016-08-01T21:00:38Z" user="literan" uid="830106" lat="55.7541995" lon="37.5601869" />
  <node id="1171834581" visible="true" version="2" changeset="52223777" timestamp="2017-09-20T21:02:03Z" user="Uterouter" uid="6503009" lat="55.7570275" lon="37.5598861" />
  <node id="6178469425" visible="true" version="2" changeset="106553159" timestamp="2021-06-17T21:25:13Z" user="literan" uid="830106" lat="55.7560963" lon="37.5603713" />
  <node id="10774195329" visible="true" version="6" changeset="140296394" timestamp="2023-08-23T23:17:23Z" user="SillyWillyDon" uid="19874231" lat="55.7563119" lon="37.5582651">
    <tag k="bus" v="yes" />
    <tag k="highway" v="bus_stop" />
    <tag k="name" v="Центр международной торговли" />
    <tag k="name:uk" v="Центр міжнародної торгівлі" />
    <tag k="public_transport" v="platform" />
  </node>
  <node id="3763579684" visible="true" version="1" changeset="34321930" timestamp="2015-09-29T10:45:35Z" user="literan" uid="830106" lat="55.7565777" lon="37.5563774" />
  <node id="469657893" visible="true" version="1" changeset="2174262" timestamp="2009-08-17T08:14:54Z" user="KekcuHa" uid="30590" lat="55.7588798" lon="37.5598804" />
  <node id="569685135" visible="true" version="2" changeset="24283318" timestamp="2014-07-21T21:57:53Z" user="literan" uid="830106" lat="55.7568715" lon="37.5613253" />
  <node id="4460723900" visible="true" version="2" changeset="119509676" timestamp="2022-04-09T15:59:05Z" user="literan" uid="830106" lat="55.7563569" lon="37.5598351" />
  <node id="9580996449" visible="true" version="1" changeset="118517769" timestamp="2022-03-15T16:09:58Z" user="somix" uid="12176526" lat="55.7588716" lon="37.5598363" />
  <node id="5118329005" visible="true" version="2" changeset="161834946" timestamp="2025-01-27T21:04:17Z" user="literan" uid="830106" lat="55.7569609" lon="37.5593272" />
  <node id="2973775777" visible="true" version="2" changeset="65939295" timestamp="2019-01-01T18:23:47Z" user="literan" uid="830106" lat="55.7570555" lon="37.5668742" />
  <node id="11741203306" visible="true" version="1" changeset="148814308" timestamp="2024-03-18T12:29:18Z" user="sirorezka" uid="4823594" lat="55.7606518" lon="37.5585102" />
  <node id="2973775751" visible="true" version="1" changeset="24283318" timestamp="2014-07-21T21:57:50Z" user="literan" uid="830106" lat="55.7568199" lon="37.5596759" />
  <node id="462758834" visible="true" version="3" changeset="41123881" timestamp="2016-07-30T09:08:23Z" user="osmer120311" uid="624271" lat="55.7556207" lon="37.5561784" />
  <node id="3812559215" visible="true" version="2" changeset="36779334" timestamp="2016-01-24T16:41:01Z" user="Валентин Кабанов" uid="2441997" lat="55.7542201" lon="37.5594165" />
  <node id="87240258" visible="true" version="8" changeset="27312270" timestamp="2014-12-07T14:06:56Z" user="literan" uid="830106" lat="55.7539757" lon="37.5595957" />
  <node id="10774195346" visible="true" version="1" changeset="134320888" timestamp="2023-03-30T21:22:20Z" user="Bobropiton" uid="2055718" lat="55.7561572" lon="37.5584833" />
  <node id="3763579705" visible="true" version="1" changeset="34321930" timestamp="2015-09-29T10:45:36Z" user="literan" uid="830106" lat="55.7573682" lon="37.5580152" />
  <node id="3548120105" visible="true" version="2" changeset="148420417" timestamp="2024-03-09T12:30:53Z" user="literan" uid="830106" lat="55.7557983" lon="37.5579020" />
  <node id="6177029319" visible="true" version="1" changeset="65939295" timestamp="2019-01-01T18:23:36Z" user="literan" uid="830106" lat="55.7570417" lon="37.5605869" />
  <node id="9603558849" visible="true" version="1" changeset="118870418" timestamp="2022-03-24T15:42:42Z" user="literan" uid="830106" lat="55.7570491" lon="37.5575954" />
  <node id="1140895235" visible="true" version="2" changeset="34321930" timestamp="2015-09-29T10:45:44Z" user="literan" uid="830106" lat="55.7567228" lon="37.5579053" />
  <node id="612558215" visible="true" version="2" changeset="43105524" timestamp="2016-10-23T17:50:26Z" user="literan" uid="830106" lat="55.7568136" lon="37.5608519" />
  <node id="11698565320" visible="true" version="1" changeset="148310820" timestamp="2024-03-06T18:59:58Z" user="sirorezka" uid="4823594" lat="55.7546770" lon="37.5579194" />
  <node id="6178469413" visible="true" version="1" changeset="65958099" timestamp="2019-01-02T13:16:47Z" user="literan" uid="830106" lat="55.7564682" lon="37.5590855" />
  <node id="9654139477" visible="true" version="1" changeset="119509676" timestamp="2022-04-09T15:59:05Z" user="literan" uid="830106" lat="55.7563531" lon="37.5597262" />
  <node id="10774195362" visible="true" version="1" changeset="134320888" timestamp="2023-03-30T21:22:20Z" user="Bobropiton" uid="2055718" lat="55.7558963" lon="37.5585723" />
  <node id="3641616318" visible="true" version="2" changeset="65958099" timestamp="2019-01-02T13:16:50Z" user="literan" uid="830106" lat="55.7562712" lon="37.5590790" />
  <node id="11539219916" visible="true" version="1" changeset="146538156" timestamp="2024-01-22T06:23:29Z" user="ig4map" uid="599809" lat="55.7571676" lon="37.5598983">
    <tag k="entrance" v="staircase" />
    <tag k="ref" v="1" />
  </node>
  <node id="1569671120" visible="true" version="3" changeset="119509676" timestamp="2022-04-09T15:59:05Z" user="literan" uid="830106" lat="55.7588384" lon="37.5579545" />
  <node id="612558216" visible="true" version="2" changeset="43105524" timestamp="2016-10-23T17:50:26Z" user="literan" uid="830106" lat="55.7567922" lon="37.5608623" />
  <node id="5620601909" visible="true" version="2" changeset="150557300" timestamp="2024-04-26T21:04:37Z" user="literan" uid="830106" lat="55.7564687" lon="37.5582525" />
  <node id="469657900" visible="true" version="3" changeset="119509676" timestamp="2022-04-09T15:59:05Z" user="literan" uid="830106" lat="55.7588541" lon="37.5579053" />
  <node id="597205292" visible="true" version="2" changeset="28717073" timestamp="2015-02-08T22:33:11Z" user="literan" uid="830106" lat="55.7548044" lon="37.5602191" />
  <node id="12537227895" visible="true" version="1" changeset="161834946" timestamp="2025-01-27T21:04:17Z" user="literan" uid="830106" lat="55.7568658" lon="37.5587853">
    <tag k="crossing" v="traffic_signals" />
    <tag k="highway" v="crossing" />
  </node>
  <node id="1569671148" visible="true" version="3" changeset="57183649" timestamp="2018-03-14T16:19:16Z" user="literan" uid="830106" lat="55.7598252" lon="37.5578765" />
  <node id="11539219917" visible="true" version="1" changeset="146538156" timestamp="2024-01-22T06:23:29Z" user="ig4map" uid="599809" lat="55.7576770" lon="37.5597609">
    <tag k="entrance" v="staircase" />
    <tag k="ref" v="1" />
  </node>
  <node id="12537235104" visible="true" version="1" changeset="161834946" timestamp="2025-01-27T21:04:17Z" user="literan" uid="830106" lat="55.7565066" lon="37.5585330" />
  <node id="10774195357" visible="true" version="1" changeset="134320888" timestamp="2023-03-30T21:22:20Z" user="Bobropiton" uid="2055718" lat="55.7561421" lon="37.5583318" />
  <node id="6178469421" visible="true" version="1" changeset="65958099" timestamp="2019-01-02T13:16:47Z" user="literan" uid="830106" lat="55.7562897" lon="37.5595793" />
  <node id="462887852" visible="true" version="2" changeset="172560571" timestamp="2025-09-28T10:48:11Z" user="literan" uid="830106" lat="55.7571587" lon="37.5562540" />
  <node id="12537235101" visible="true" version="1" changeset="161834946" timestamp="2025-01-27T21:04:17Z" user="literan" uid="830106" lat="55.7568893" lon="37.5590493" />
  <node id="4331433678" visible="true" version="1" changeset="41177739" timestamp="2016-08-01T21:00:35Z" user="literan" uid="830106" lat="55.7542728" lon="37.5602824" />
  <node id="10774195333" visible="true" version="1" changeset="134320888" timestamp="2023-03-30T21:22:20Z" user="Bobropiton" uid="2055718" lat="55.7558737" lon="37.5584608" />
  <node id="1569671110" visible="true" version="2" changeset="34321930" timestamp="2015-09-29T10:45:44Z" user="literan" uid="830106" lat="55.7573108" lon="37.5584123" />
  <node id="1583929210" visible="true" version="2" changeset="34321930" timestamp="2015-09-29T10:45:44Z" user="literan" uid="830106" lat="55.7596046" lon="37.5578986" />
  <node id="10774195356" visible="true" version="1" changeset="134320888" timestamp="2023-03-30T21:22:20Z" user="Bobropiton" uid="2055718" lat="55.7542677" lon="37.5593841" />
  <node id="11299558047" visible="true" version="1" changeset="143354750" timestamp="2023-10-30T09:40:11Z" user="Bobropiton" uid="2055718" lat="55.7553073" lon="37.5595595" />
  <node id="4195919054" visible="true" version="1" changeset="39434551" timestamp="2016-05-19T20:32:37Z" user="s-tikhomirov" uid="1437066" lat="55.7579342" lon="37.5580016" />
  <node id="12537235116" visible="true" version="1" changeset="161834946" timestamp="2025-01-27T21:04:17Z" user="literan" uid="830106" lat="55.7569136" lon="37.5596211" />
  <node id="11547134325" visible="true" version="1" changeset="146641057" timestamp="2024-01-24T18:06:19Z" user="ig4map" uid="599809" lat="55.7568527" lon="37.5571803">
    <tag k="entrance" v="staircase" />
    <tag k="ref" v="4" />
  </node>
  <node id="1171834584" visible="true" version="2" changeset="52223777" timestamp="2017-09-20T21:02:03Z" user="Uterouter" uid="6503009" lat="55.7569941" lon="37.5598254" />
  <node id="3763579719" visible="true" version="1" changeset="34321930" timestamp="2015-09-29T10:45:36Z" user="literan" uid="830106" lat="55.7577625" lon="37.5577804" />
  <node id="3971026976" visible="true" version="2" changeset="43105524" timestamp="2016-10-23T17:50:26Z" user="literan" uid="830106" lat="55.7565991" lon="37.5601602" />
  <node id="462887105" visible="true" version="3" changeset="118870418" timestamp="2022-03-24T15:42:42Z" user="literan" uid="830106" lat="55.7574785" lon="37.5578386" />
  <node id="9654139469" visible="true" version="1" changeset="119509676" timestamp="2022-04-09T15:59:05Z" user="literan" uid="830106" lat="55.7563210" lon="37.5593537">
    <tag k="barrier" v="lift_gate" />
    <tag k="bicycle" v="yes" />
    <tag k="foot" v="yes" />
    <tag k="motorcar" v="permissive" />
  </node>
  <node id="3641616330" visible="true" version="2" changeset="43105524" timestamp="2016-10-23T17:50:25Z" user="literan" uid="830106" lat="55.7568629" lon="37.5613275" />
  <node id="462758766" visible="true" version="2" changeset="7360518" timestamp="2011-02-22T06:43:27Z" user="Marcklar" uid="148834" lat="55.7572885" lon="37.5600057" />
  <node id="9654139479" visible="true" version="1" changeset="119509676" timestamp="2022-04-09T15:59:05Z" user="literan" uid="830106" lat="55.7564107" lon="37.5594675" />
  <node id="12537235113" visible="true" version="1" changeset="161834946" timestamp="2025-01-27T21:04:17Z" user="literan" uid="830106" lat="55.7569779" lon="37.5595196" />
  <node id="3548120107" visible="true" version="2" changeset="148420417" timestamp="2024-03-09T12:30:53Z" user="literan" uid="830106" lat="55.7558482" lon="37.5574015" />
  <node id="444863446" visible="true" version="5" changeset="3736748" timestamp="2010-01-28T16:05:39Z" user="vespex" uid="97421" lat="55.7562277" lon="37.5583849" />
  <node id="11851428614" visible="true" version="1" changeset="150557300" timestamp="2024-04-26T21:04:37Z" user="literan" uid="830106" lat="55.7567840" lon="37.5584069" />
  <node id="10774195360" visible="true" version="1" changeset="134320888" timestamp="2023-03-30T21:22:20Z" user="Bobropiton" uid="2055718" lat="55.7564485" lon="37.5584015">
    <tag k="highway" v="turning_circle" />
  </node>
  <node id="11698565338" visible="true" version="1" changeset="148310820" timestamp="2024-03-06T18:59:58Z" user="sirorezka" uid="4823594" lat="55.7554468" lon="37.5588303" />
  <node id="3763579694" visible="true" version="1" changeset="34321930" timestamp="2015-09-29T10:45:36Z" user="literan" uid="830106" lat="55.7568213" lon="37.5585923" />
  <node id="4195919053" visible="true" version="1" changeset="39434551" timestamp="2016-05-19T20:32:37Z" user="s-tikhomirov" uid="1437066" lat="55.7579213" lon="37.5578384" />
  <node id="3763579858" visible="true" version="1" changeset="34321930" timestamp="2015-09-29T10:45:36Z" user="literan" uid="830106" lat="55.7587563" lon="37.5563043" />
  <way id="26619974" visible="true" version="30" changeset="141361395" timestamp="2023-09-16T23:03:43Z" user="luisforte" uid="3305165">
    <nd ref="255854604" />
    <nd ref="597205297" />
    <tag k="highway" v="tertiary" />
    <tag k="lanes" v="4" />
    <tag k="maxspeed" v="RU:urban" />
    <tag k="name" v="Рочдельская улица" />
    <tag k="name:ru" v="Рочдельская улица" />
    <tag k="name:uk" v="Рочдельська вулиця" />
    <tag k="old_name" v="Нижняя Пресненская улица (до 1917 г.)" />
    <tag k="surface" v="asphalt" />
  </way>
  <way id="37905316" visible="true" version="8" changeset="134320888" timestamp="2023-03-30T21:22:20Z" user="Bobropiton" uid="2055718">
    <nd ref="87240258" />
    <nd ref="2303359527" />
    <nd ref="621950241" />
    <nd ref="3812559215" />
    <nd ref="10774195356" />
    <nd ref="10774195340" />
    <nd ref="444863444" />
    <nd ref="10774195345" />
    <nd ref="10774195347" />
    <nd ref="444863445" />
    <nd ref="10774195362" />
    <nd ref="10774195346" />
    <nd ref="444863446" />
    <tag k="highway" v="service" />
    <tag k="surface" v="paved" />
  </way>
  <way id="38938863" visible="true" version="10" changeset="146641057" timestamp="2024-01-24T18:06:19Z" user="ig4map" uid="599809">
    <nd ref="462758720" />
    <nd ref="11547134327" />
    <nd ref="11547134326" />
    <nd ref="11547134325" />
    <nd ref="11547134324" />
    <nd ref="11547134323" />
    <nd ref="11547134322" />
    <nd ref="462758721" />
    <nd ref="462758722" />
    <nd ref="462758723" />
    <nd ref="462758720" />
    <tag k="addr:housenumber" v="2" />
    <tag k="addr:street" v="Мантулинская улица" />
    <tag k="building" v="apartments" />
    <tag k="building:flats" v="220" />
    <tag k="building:levels" v="9" />
    <tag k="design:ref" v="II-49-06/Ю вариант «П»" />
    <tag k="start_date" v="1970" />
  </way>
  <way id="38938868" visible="true" version="15" changeset="150180688" timestamp="2024-04-18T15:12:49Z" user="Dmitry2013" uid="1185631">
    <nd ref="3763579713" />
    <nd ref="11547120112" />
    <nd ref="3763579711" />
    <nd ref="3763579710" />
    <nd ref="462758740" />
    <nd ref="3763579705" />
    <nd ref="3763579704" />
    <nd ref="3763579703" />
    <nd ref="3763579700" />
    <nd ref="3763579698" />
    <nd ref="3763579702" />
    <nd ref="3763579701" />
    <nd ref="462758749" />
    <nd ref="3763579708" />
    <nd ref="11547120113" />
    <nd ref="3763579709" />
    <nd ref="3763579725" />
    <nd ref="3763579724" />
    <nd ref="3763579719" />
    <nd ref="3763579718" />
    <nd ref="11547120109" />
    <nd ref="3763579723" />
    <nd ref="3763579720" />
    <nd ref="3763579728" />
    <nd ref="3763579730" />
    <nd ref="4195919053" />
    <nd ref="462758738" />
    <nd ref="3763579732" />
    <nd ref="4195919054" />
    <nd ref="3763579729" />
    <nd ref="3763579731" />
    <nd ref="3763579726" />
    <nd ref="3763579727" />
    <nd ref="11547120110" />
    <nd ref="3763579722" />
    <nd ref="3763579721" />
    <nd ref="3763579716" />
    <nd ref="3763579717" />
    <nd ref="11547120111" />
    <nd ref="3763579715" />
    <nd ref="3763579714" />
    <nd ref="3763579712" />
    <nd ref="3763579713" />
  </way>
  <way id="38938869" visible="true" version="6" changeset="150180688" timestamp="2024-04-18T15:12:49Z" user="Dmitry2013" uid="1185631">
    <nd ref="462758742" />
    <nd ref="462758744" />
    <nd ref="462758743" />
    <nd ref="11547120114" />
    <nd ref="3763579707" />
    <nd ref="3763579706" />
    <nd ref="462758749" />
    <nd ref="3763579701" />
    <nd ref="462758742" />
  </way>
  <way id="38938873" visible="true" version="9" changeset="146538156" timestamp="2024-01-22T06:23:29Z" user="ig4map" uid="599809">
    <nd ref="462758761" />
    <nd ref="462758762" />
    <nd ref="11539219917" />
    <nd ref="462758763" />
    <nd ref="462758764" />
    <nd ref="462758761" />
    <tag k="addr:housenumber" v="3" />
    <tag k="addr:street" v="улица Трёхгорный Вал" />
    <tag k="building" v="apartments" />
    <tag k="building:flats" v="84" />
    <tag k="building:levels" v="12" />
    <tag k="design:ref" v="II-18-01/12" />
    <tag k="start_date" v="1964" />
  </way>
  <way id="38938874" visible="true" version="9" changeset="146538156" timestamp="2024-01-22T06:23:29Z" user="ig4map" uid="599809">
    <nd ref="462758768" />
    <nd ref="462758766" />
    <nd ref="11539219916" />
    <nd ref="462758767" />
    <nd ref="462758765" />
    <nd ref="462758768" />
    <tag k="addr:housenumber" v="1" />
    <tag k="addr:street" v="улица Трёхгорный Вал" />
    <tag k="building" v="apartments" />
    <tag k="building:flats" v="84" />
    <tag k="building:levels" v="12" />
    <tag k="design:ref" v="II-18-01/12" />
    <tag k="start_date" v="1965" />
  </way>
  <way id="38938881" visible="true" version="8" changeset="50927748" timestamp="2017-08-07T20:56:36Z" user="literan" uid="830106">
    <nd ref="612558212" />
    <nd ref="612558214" />
    <nd ref="462758793" />
    <nd ref="462758792" />
    <nd ref="3971026976" />
    <nd ref="4460723915" />
    <nd ref="4460723913" />
    <nd ref="612558212" />
    <tag k="addr:housenumber" v="15 с7" />
    <tag k="addr:street" v="Рочдельская улица" />
    <tag k="building" v="yes" />
    <tag k="building:levels" v="2" />
  </way>
  <way id="38938882" visible="true" version="10" changeset="164546843" timestamp="2025-04-05T11:33:23Z" user="literan" uid="830106">
    <nd ref="462758796" />
    <nd ref="462758799" />
    <nd ref="462758798" />
    <nd ref="612557011" />
    <nd ref="612557008" />
    <nd ref="462758797" />
    <nd ref="9645148760" />
    <nd ref="462758796" />
    <tag k="addr:housenumber" v="15/56" />
    <tag k="addr:street" v="Рочдельская улица" />
    <tag k="building" v="office" />
    <tag k="building:levels" v="4" />
  </way>
  <way id="38941073" visible="true" version="5" changeset="148814466" timestamp="2024-03-18T12:32:20Z" user="sirorezka" uid="4823594">
    <nd ref="462887066" />
    <nd ref="11741210037" />
    <nd ref="462887071" />
    <nd ref="462887095" />
    <nd ref="462887100" />
    <nd ref="462887105" />
    <nd ref="9603558863" />
    <nd ref="9603558862" />
    <nd ref="9603558861" />
    <tag k="highway" v="service" />
    <tag k="living_street" v="yes" />
    <tag k="surface" v="asphalt" />
  </way>
  <way id="38941110" visible="true" version="7" changeset="172560571" timestamp="2025-09-28T10:48:11Z" user="literan" uid="830106">
    <nd ref="462887857" />
    <nd ref="13176594727" />
    <nd ref="11741210039" />
    <nd ref="462887919" />
    <nd ref="9603558867" />
    <tag k="highway" v="service" />
    <tag k="living_street" v="yes" />
    <tag k="surface" v="asphalt" />
  </way>
  <way id="38941111" visible="true" version="7" changeset="172560571" timestamp="2025-09-28T10:48:11Z" user="literan" uid="830106">
    <nd ref="462887852" />
    <nd ref="13176594732" />
    <nd ref="11741210038" />
    <nd ref="462887925" />
    <nd ref="13176594734" />
    <nd ref="13176594733" />
    <nd ref="462887928" />
    <nd ref="3763579699" />
    <tag k="highway" v="service" />
    <tag k="living_street" v="yes" />
    <tag k="surface" v="asphalt" />
  </way>
  <way id="39208683" visible="true" version="11" changeset="161834946" timestamp="2025-01-27T21:04:17Z" user="literan" uid="830106">
    <nd ref="469657886" />
    <nd ref="9654139463" />
    <nd ref="12537227898" />
    <nd ref="6177029324" />
    <nd ref="9654139462" />
    <nd ref="12537227900" />
    <nd ref="6177029325" />
    <nd ref="469657888" />
    <nd ref="469657890" />
    <nd ref="6177029321" />
    <nd ref="6177029320" />
    <nd ref="6177029319" />
    <nd ref="469657892" />
    <nd ref="469657893" />
    <nd ref="469657895" />
    <nd ref="469657896" />
    <nd ref="469657897" />
    <nd ref="9654139465" />
    <nd ref="9654139466" />
    <nd ref="9654139467" />
    <nd ref="469657898" />
    <nd ref="9654139464" />
    <nd ref="469657886" />
    <tag k="barrier" v="kerb" />
    <tag k="landuse" v="residential" />
    <tag k="residential" v="urban" />
  </way>
  <way id="39208684" visible="true" version="9" changeset="161834946" timestamp="2025-01-27T21:04:17Z" user="literan" uid="830106">
    <nd ref="469657900" />
    <nd ref="3763579861" />
    <nd ref="469657901" />
    <nd ref="3763579860" />
    <nd ref="469657902" />
    <nd ref="3763579859" />
    <nd ref="3763579737" />
    <nd ref="469657903" />
    <nd ref="3763579695" />
    <nd ref="3763579694" />
    <nd ref="3763579692" />
    <nd ref="3763579690" />
    <nd ref="12537227897" />
    <nd ref="469657905" />
    <nd ref="469657907" />
    <nd ref="3763579683" />
    <nd ref="3763579684" />
    <nd ref="3763579685" />
    <nd ref="469657908" />
    <nd ref="469657910" />
    <nd ref="469657912" />
    <nd ref="3763579857" />
    <nd ref="469657914" />
    <nd ref="3763579858" />
    <nd ref="469657916" />
    <nd ref="469657900" />
    <tag k="landuse" v="residential" />
    <tag k="residential" v="urban" />
  </way>
  <way id="44923445" visible="true" version="29" changeset="141970063" timestamp="2023-09-30T23:00:48Z" user="user_10558809" uid="10558809">
    <nd ref="569680543" />
    <nd ref="569680545" />
    <nd ref="569680548" />
    <nd ref="569685145" />
    <nd ref="569680552" />
    <nd ref="569680558" />
    <nd ref="569680556" />
    <nd ref="612570533" />
    <nd ref="612570534" />
    <nd ref="4331433679" />
    <nd ref="4331433678" />
    <nd ref="4331433676" />
    <nd ref="4331433673" />
    <nd ref="569680550" />
    <nd ref="599077982" />
    <nd ref="569680543" />
    <tag k="contact:website" v="https://wtcmoscow.ru" />
    <tag k="landuse" v="commercial" />
    <tag k="name" v="Центр международной торговли" />
    <tag k="name:de" v="Internationales Handelszentrum" />
    <tag k="name:en" v="World Trade Center" />
    <tag k="short_name" v="ЦМТ" />
    <tag k="wikidata" v="Q4504006" />
    <tag k="wikipedia" v="ru:Центр международной торговли (Москва)" />
  </way>
  <way id="46710981" visible="true" version="27" changeset="173383974" timestamp="2025-10-16T21:38:39Z" user="solenoid jam" uid="10129333">
    <nd ref="255854604" />
    <nd ref="12537235103" />
    <nd ref="3763579680" />
    <nd ref="569680554" />
    <nd ref="3763579678" />
    <nd ref="255854744" />
    <nd ref="11299558047" />
    <tag k="highway" v="secondary" />
    <tag k="lanes" v="3" />
    <tag k="lit" v="yes" />
    <tag k="maxspeed" v="RU:urban" />
    <tag k="name" v="улица 1905 года" />
    <tag k="name:be" v="вуліца 1905 году" />
    <tag k="name:etymology:wikidata" v="Q184928" />
    <tag k="name:ru" v="улица 1905 года" />
    <tag k="name:uk" v="вулиця 1905 року" />
    <tag k="old_name" v="Воскресенская улица" />
    <tag k="omkum:old_name" v="Воскресенская улица (до 1917 г.)" />
    <tag k="oneway" v="yes" />
    <tag k="surface" v="asphalt" />
  </way>
  <way id="46710984" visible="true" version="25" changeset="161834946" timestamp="2025-01-27T21:04:17Z" user="literan" uid="830106">
    <nd ref="597205297" />
    <nd ref="12537235105" />
    <nd ref="2973775751" />
    <nd ref="10774895415" />
    <nd ref="10774895416" />
    <nd ref="2973775754" />
    <nd ref="255854580" />
    <tag k="highway" v="tertiary" />
    <tag k="lanes" v="4" />
    <tag k="maxspeed" v="RU:urban" />
    <tag k="name" v="Рочдельская улица" />
    <tag k="name:ru" v="Рочдельская улица" />
    <tag k="name:uk" v="Рочдельська вулиця" />
    <tag k="old_name" v="Нижняя Пресненская улица (до 1917 г.)" />
    <tag k="surface" v="asphalt" />
  </way>
  <way id="46710989" visible="true" version="28" changeset="173383974" timestamp="2025-10-16T21:38:39Z" user="solenoid jam" uid="10129333">
    <nd ref="255854599" />
    <nd ref="597205311" />
    <nd ref="4195919059" />
    <nd ref="10775025213" />
    <nd ref="462887153" />
    <nd ref="4195919051" />
    <nd ref="12537227896" />
    <nd ref="255854604" />
    <tag k="highway" v="secondary" />
    <tag k="lanes" v="2" />
    <tag k="lit" v="yes" />
    <tag k="maxspeed" v="RU:urban" />
    <tag k="name" v="улица 1905 года" />
    <tag k="name:be" v="вуліца 1905 году" />
    <tag k="name:en" v="1905 year Street" />
    <tag k="name:etymology:wikidata" v="Q184928" />
    <tag k="name:ru" v="улица 1905 года" />
    <tag k="name:uk" v="вулиця 1905 року" />
    <tag k="old_name" v="Воскресенская улица" />
    <tag k="omkum:old_name" v="Воскресенская улица (до 1917 г.)" />
    <tag k="oneway" v="yes" />
    <tag k="surface" v="asphalt" />
  </way>
  <way id="46710990" visible="true" version="30" changeset="173383974" timestamp="2025-10-16T21:38:39Z" user="solenoid jam" uid="10129333">
    <nd ref="597205290" />
    <nd ref="4331433681" />
    <nd ref="597205292" />
    <nd ref="4460722384" />
    <nd ref="597205294" />
    <nd ref="10775025207" />
    <nd ref="4460723895" />
    <nd ref="9654139476" />
    <nd ref="9654139474" />
    <nd ref="3763579679" />
    <nd ref="597205300" />
    <nd ref="12537235102" />
    <nd ref="597205297" />
    <tag k="highway" v="secondary" />
    <tag k="lanes" v="3" />
    <tag k="lit" v="yes" />
    <tag k="maxspeed" v="RU:urban" />
    <tag k="name" v="улица 1905 года" />
    <tag k="name:be" v="вуліца 1905 году" />
    <tag k="name:etymology:wikidata" v="Q184928" />
    <tag k="name:ru" v="улица 1905 года" />
    <tag k="name:uk" v="вулиця 1905 року" />
    <tag k="old_name" v="Воскресенская улица" />
    <tag k="omkum:old_name" v="Воскресенская улица (до 1917 г.)" />
    <tag k="oneway" v="yes" />
    <tag k="surface" v="asphalt" />
  </way>
  <way id="46710991" visible="true" version="27" changeset="173383974" timestamp="2025-10-16T21:38:39Z" user="solenoid jam" uid="10129333">
    <nd ref="597205297" />
    <nd ref="12537227895" />
    <nd ref="9654139456" />
    <nd ref="5118328995" />
    <nd ref="597205309" />
    <tag k="highway" v="secondary" />
    <tag k="lanes" v="2" />
    <tag k="lit" v="yes" />
    <tag k="maxspeed" v="RU:urban" />
    <tag k="name" v="улица 1905 года" />
    <tag k="name:be" v="вуліца 1905 году" />
    <tag k="name:etymology:wikidata" v="Q184928" />
    <tag k="name:ru" v="улица 1905 года" />
    <tag k="name:uk" v="вулиця 1905 року" />
    <tag k="old_name" v="Воскресенская улица" />
    <tag k="omkum:old_name" v="Воскресенская улица (до 1917 г.)" />
    <tag k="oneway" v="yes" />
    <tag k="surface" v="asphalt" />
  </way>
  <way id="46934779" visible="true" version="22" changeset="141361395" timestamp="2023-09-16T23:03:43Z" user="luisforte" uid="3305165">
    <nd ref="255857387" />
    <nd ref="5620601904" />
    <nd ref="255854604" />
    <tag k="highway" v="tertiary" />
    <tag k="lanes" v="4" />
    <tag k="maxspeed" v="RU:urban" />
    <tag k="name" v="Мантулинская улица" />
    <tag k="name:ru" v="Мантулинская улица" />
    <tag k="name:uk" v="Мантулінська вулиця" />
    <tag k="omkum:old_name" v="Студенецкая улица (1923 г.) Студенецкий проезд (до 1917 г.)" />
    <tag k="postal_code" v="123100" />
    <tag k="surface" v="asphalt" />
  </way>
  <way id="48200338" visible="true" version="5" changeset="177340272" timestamp="2026-01-17T15:26:33Z" user="empty_child" uid="13256444">
    <nd ref="612557012" />
    <nd ref="612557013" />
    <nd ref="612557014" />
    <nd ref="612557015" />
    <nd ref="612557016" />
    <nd ref="612557017" />
    <nd ref="612556922" />
    <nd ref="612557010" />
    <nd ref="612557012" />
    <tag k="addr:housenumber" v="15 с33" />
    <tag k="addr:street" v="Рочдельская улица" />
    <tag k="building" v="yes" />
    <tag k="building:levels" v="1" />
  </way>
  <way id="48200348" visible="true" version="5" changeset="177340272" timestamp="2026-01-17T15:26:33Z" user="empty_child" uid="13256444">
    <nd ref="612557010" />
    <nd ref="612557009" />
    <nd ref="612557018" />
    <nd ref="612557012" />
    <nd ref="612557010" />
    <tag k="addr:housenumber" v="15 с28" />
    <tag k="addr:street" v="Рочдельская улица" />
    <tag k="building" v="yes" />
    <tag k="building:levels" v="3" />
  </way>
  <way id="48200411" visible="true" version="7" changeset="50927748" timestamp="2017-08-07T21:02:14Z" user="literan" uid="830106">
    <nd ref="462758795" />
    <nd ref="3971026976" />
    <nd ref="462758792" />
    <nd ref="612558215" />
    <nd ref="612558216" />
    <nd ref="462758789" />
    <nd ref="4460723916" />
    <nd ref="612558221" />
    <nd ref="612558222" />
    <nd ref="612558224" />
    <nd ref="4460723906" />
    <nd ref="4460723907" />
    <nd ref="612558225" />
    <nd ref="3971026977" />
    <nd ref="4460723903" />
    <nd ref="462758795" />
    <tag k="addr:housenumber" v="15 с5" />
    <tag k="addr:street" v="Рочдельская улица" />
    <tag k="building" v="yes" />
    <tag k="building:levels" v="5" />
  </way>
  <way id="95552398" visible="true" version="6" changeset="161834946" timestamp="2025-01-27T21:04:17Z" user="literan" uid="830106">
    <nd ref="1108028327" />
    <nd ref="12537235109" />
    <tag k="handrail" v="yes" />
    <tag k="highway" v="steps" />
    <tag k="lit" v="yes" />
    <tag k="ramp" v="yes" />
    <tag k="surface" v="paving_stones" />
  </way>
  <way id="95552399" visible="true" version="5" changeset="161834946" timestamp="2025-01-27T21:04:17Z" user="literan" uid="830106">
    <nd ref="12537235109" />
    <nd ref="1108028329" />
    <nd ref="1140895213" />
    <nd ref="1108028324" />
    <nd ref="12537235108" />
    <tag k="highway" v="footway" />
    <tag k="layer" v="-1" />
    <tag k="lit" v="yes" />
    <tag k="surface" v="paving_stones" />
    <tag k="tunnel" v="yes" />
  </way>
  <way id="95552402" visible="true" version="7" changeset="161834946" timestamp="2025-01-27T21:04:17Z" user="literan" uid="830106">
    <nd ref="1108028337" />
    <nd ref="12537235108" />
    <tag k="handrail" v="yes" />
    <tag k="highway" v="steps" />
    <tag k="incline" v="down" />
    <tag k="lit" v="yes" />
    <tag k="ramp" v="yes" />
    <tag k="surface" v="paving_stones" />
  </way>
  <way id="98615114" visible="true" version="3" changeset="88180207" timestamp="2020-07-18T16:44:59Z" user="ks1v" uid="279214">
    <nd ref="1140895211" />
    <nd ref="1140895213" />
    <tag k="highway" v="footway" />
    <tag k="layer" v="-1" />
    <tag k="lit" v="yes" />
    <tag k="surface" v="paving_stones" />
    <tag k="tunnel" v="yes" />
  </way>
  <way id="98615119" visible="true" version="3" changeset="88180207" timestamp="2020-07-18T16:44:57Z" user="ks1v" uid="279214">
    <nd ref="1140895222" />
    <nd ref="1140895211" />
    <nd ref="1140895224" />
    <tag k="highway" v="footway" />
    <tag k="layer" v="-1" />
    <tag k="lit" v="yes" />
    <tag k="surface" v="paving_stones" />
    <tag k="tunnel" v="yes" />
  </way>
  <way id="98615123" visible="true" version="4" changeset="88180207" timestamp="2020-07-18T16:44:55Z" user="ks1v" uid="279214">
    <nd ref="5620601910" />
    <nd ref="1140895224" />
    <nd ref="5620601909" />
    <tag k="highway" v="footway" />
    <tag k="layer" v="-1" />
    <tag k="lit" v="yes" />
    <tag k="surface" v="paving_stones" />
    <tag k="tunnel" v="yes" />
  </way>
  <way id="98615126" visible="true" version="4" changeset="88180207" timestamp="2020-07-18T16:44:53Z" user="ks1v" uid="279214">
    <nd ref="1140895235" />
    <nd ref="1140895222" />
    <nd ref="1140895237" />
    <tag k="handrail" v="yes" />
    <tag k="highway" v="steps" />
    <tag k="lit" v="yes" />
    <tag k="surface" v="paving_stones" />
  </way>
  <way id="100949204" visible="true" version="5" changeset="161834946" timestamp="2025-01-27T21:04:17Z" user="literan" uid="830106">
    <nd ref="1108028327" />
    <nd ref="12537235110" />
    <nd ref="5118329001" />
    <tag k="highway" v="footway" />
    <tag k="lit" v="yes" />
    <tag k="surface" v="paving_stones" />
  </way>
  <way id="101492256" visible="true" version="1" changeset="7388525" timestamp="2011-02-25T09:02:24Z" user="Marcklar" uid="148834">
    <nd ref="1171834573" />
    <nd ref="1171834586" />
    <tag k="highway" v="service" />
  </way>
  <way id="101492257" visible="true" version="2" changeset="52223777" timestamp="2017-09-20T21:02:05Z" user="Uterouter" uid="6503009">
    <nd ref="1171834586" />
    <nd ref="1171834581" />
    <nd ref="1171834584" />
    <nd ref="5118329004" />
    <tag k="highway" v="path" />
    <tag k="surface" v="ground" />
  </way>
  <way id="130520736" visible="true" version="2" changeset="34321930" timestamp="2015-09-29T10:45:37Z" user="literan" uid="830106">
    <nd ref="1437282592" />
    <nd ref="462758821" />
    <nd ref="569680541" />
    <nd ref="3763579682" />
    <nd ref="462758822" />
    <nd ref="462758823" />
    <nd ref="612570535" />
    <nd ref="462758824" />
    <nd ref="462758825" />
    <tag k="barrier" v="fence" />
  </way>
  <way id="144910747" visible="true" version="3" changeset="88180203" timestamp="2020-07-18T16:44:32Z" user="ks1v" uid="279214">
    <nd ref="1569671107" />
    <nd ref="3763579688" />
    <nd ref="1140895235" />
    <tag k="highway" v="footway" />
    <tag k="lit" v="yes" />
    <tag k="surface" v="asphalt" />
  </way>
  <way id="144910748" visible="true" version="3" changeset="88180203" timestamp="2020-07-18T16:44:34Z" user="ks1v" uid="279214">
    <nd ref="1583929207" />
    <nd ref="3763579691" />
    <nd ref="1140895237" />
    <tag k="highway" v="footway" />
    <tag k="lit" v="yes" />
    <tag k="surface" v="asphalt" />
  </way>
  <way id="161412432" visible="true" version="13" changeset="148358218" timestamp="2024-03-07T20:06:16Z" user="sirorezka" uid="4823594">
    <nd ref="4354432236" />
    <nd ref="612570197" />
    <nd ref="11698745359" />
    <nd ref="416809498" />
    <nd ref="416809509" />
    <nd ref="4354431984" />
    <nd ref="4354431983" />
    <nd ref="11698753275" />
    <nd ref="4354431979" />
    <nd ref="4354431978" />
    <nd ref="416809500" />
    <nd ref="416809501" />
    <nd ref="416809502" />
    <nd ref="11699106811" />
    <nd ref="427616435" />
    <nd ref="427616436" />
    <nd ref="427616438" />
    <nd ref="416809503" />
    <nd ref="462758832" />
    <nd ref="4327757532" />
    <nd ref="462758833" />
    <nd ref="462758834" />
    <nd ref="462758835" />
    <nd ref="3548120093" />
    <nd ref="462758836" />
    <nd ref="416809507" />
    <nd ref="4327757531" />
    <nd ref="462758837" />
    <nd ref="3548120096" />
    <nd ref="11698565326" />
    <nd ref="11698565322" />
    <nd ref="3548119684" />
    <nd ref="4327757510" />
    <nd ref="4354432214" />
    <nd ref="4327757505" />
    <nd ref="4354432216" />
    <nd ref="416809494" />
    <nd ref="612570210" />
    <nd ref="11698565320" />
    <nd ref="4354432239" />
    <nd ref="4354432238" />
    <nd ref="4354432237" />
    <nd ref="4354432236" />
    <tag k="addr:housenumber" v="12" />
    <tag k="addr:street" v="Краснопресненская набережная" />
    <tag k="building" v="office" />
    <tag k="layer" v="1" />
  </way>
  <way id="218410102" visible="true" version="4" changeset="134320888" timestamp="2023-03-30T21:22:20Z" user="Bobropiton" uid="2055718">
    <nd ref="10774195360" />
    <nd ref="10774195328" />
    <tag k="highway" v="service" />
  </way>
  <way id="348755379" visible="true" version="3" changeset="134320888" timestamp="2023-03-30T21:22:20Z" user="Bobropiton" uid="2055718">
    <nd ref="3548120098" />
    <nd ref="3548120094" />
    <nd ref="3548119691" />
    <nd ref="3548119689" />
    <nd ref="3548119690" />
    <nd ref="3548119692" />
    <nd ref="3548120095" />
    <nd ref="3548120099" />
    <nd ref="3548120103" />
    <nd ref="3548120105" />
    <nd ref="10774195358" />
    <nd ref="475257502" />
    <nd ref="3548120112" />
    <nd ref="3548120113" />
    <nd ref="3548120111" />
    <nd ref="3548120107" />
    <nd ref="3548120106" />
    <nd ref="3548120104" />
    <nd ref="3548120098" />
    <tag k="highway" v="service" />
    <tag k="surface" v="paved" />
  </way>
  <way id="348755383" visible="true" version="2" changeset="89918320" timestamp="2020-08-25T13:34:06Z" user="ks1v" uid="279214">
    <nd ref="3548120115" />
    <nd ref="7843493616" />
    <nd ref="3548120114" />
    <nd ref="3548120110" />
    <nd ref="3548120107" />
    <tag k="highway" v="footway" />
  </way>
  <way id="359437474" visible="true" version="7" changeset="161834946" timestamp="2025-01-27T21:04:17Z" user="literan" uid="830106">
    <nd ref="1108028337" />
    <nd ref="12537235124" />
    <nd ref="3641616329" />
    <nd ref="3641616330" />
    <nd ref="3641616331" />
    <nd ref="8843259854" />
    <nd ref="3641616332" />
    <nd ref="6177029328" />
    <nd ref="3641616336" />
    <nd ref="6178121695" />
    <nd ref="6177029388" />
    <nd ref="6178121693" />
    <nd ref="3641616335" />
    <nd ref="6177029414" />
    <nd ref="6178121659" />
    <nd ref="6178121658" />
    <nd ref="6178121657" />
    <nd ref="6178121656" />
    <nd ref="6178121655" />
    <nd ref="8509321040" />
    <nd ref="2973775760" />
    <tag k="footway" v="sidewalk" />
    <tag k="highway" v="footway" />
    <tag k="surface" v="asphalt" />
  </way>
  <way id="377779041" visible="true" version="20" changeset="179121562" timestamp="2026-02-27T09:26:23Z" user="literan" uid="830106">
    <nd ref="1569671087" />
    <nd ref="3811700299" />
    <nd ref="5630823193" />
    <nd ref="3723683131" />
    <nd ref="1583929198" />
    <nd ref="3723683132" />
    <nd ref="4820600691" />
    <nd ref="13332590281" />
    <nd ref="9629519932" />
    <nd ref="11741210042" />
    <nd ref="1583929199" />
    <nd ref="1583929205" />
    <nd ref="11741210041" />
    <nd ref="3723683135" />
    <nd ref="3763579687" />
    <nd ref="3763579689" />
    <nd ref="1569671107" />
    <nd ref="1583929207" />
    <nd ref="9603558866" />
    <nd ref="1569671109" />
    <nd ref="4195919050" />
    <nd ref="1569671110" />
    <nd ref="1569671112" />
    <nd ref="1583929208" />
    <nd ref="10775025214" />
    <nd ref="1569671114" />
    <nd ref="9654139461" />
    <nd ref="1569671120" />
    <nd ref="1569671134" />
    <nd ref="9654139459" />
    <nd ref="9654139460" />
    <nd ref="1569671142" />
    <nd ref="1583929210" />
    <nd ref="1569671148" />
    <nd ref="1569671151" />
    <nd ref="9580996439" />
    <nd ref="11741203306" />
    <nd ref="13605052009" />
    <nd ref="13605052005" />
    <tag k="footway" v="sidewalk" />
    <tag k="highway" v="footway" />
    <tag k="lit" v="yes" />
    <tag k="surface" v="asphalt" />
  </way>
  <way id="394070804" visible="true" version="3" changeset="177340272" timestamp="2026-01-17T15:26:33Z" user="empty_child" uid="13256444">
    <nd ref="3971026976" />
    <nd ref="462758795" />
    <nd ref="462758794" />
    <nd ref="612558212" />
    <nd ref="4460723913" />
    <nd ref="4460723915" />
    <nd ref="3971026976" />
    <tag k="addr:housenumber" v="15 с48" />
    <tag k="addr:street" v="Рочдельская улица" />
    <tag k="building" v="yes" />
    <tag k="building:levels" v="1" />
  </way>
  <way id="394070805" visible="true" version="3" changeset="106553159" timestamp="2021-06-17T21:25:13Z" user="literan" uid="830106">
    <nd ref="3971026977" />
    <nd ref="4460723903" />
    <nd ref="612558211" />
    <nd ref="3971026972" />
    <nd ref="3971026973" />
    <nd ref="612558225" />
    <nd ref="3971026977" />
    <tag k="landuse" v="construction" />
  </way>
  <way id="434857588" visible="true" version="1" changeset="41123881" timestamp="2016-07-30T09:08:21Z" user="osmer120311" uid="624271">
    <nd ref="4327757514" />
    <nd ref="4327757516" />
    <nd ref="4327757518" />
    <nd ref="4327757520" />
    <nd ref="4327757523" />
    <nd ref="4327757526" />
    <nd ref="4327757528" />
    <nd ref="4327757527" />
    <nd ref="4327757524" />
    <nd ref="4327757522" />
    <nd ref="4327757519" />
    <nd ref="4327757517" />
    <nd ref="4327757515" />
    <nd ref="4327757513" />
    <nd ref="4327757511" />
    <nd ref="4327757512" />
    <nd ref="4327757514" />
    <tag k="amenity" v="fountain" />
  </way>
  <way id="449106636" visible="true" version="4" changeset="106553159" timestamp="2021-06-17T21:25:13Z" user="literan" uid="830106">
    <nd ref="4460722388" />
    <nd ref="4460723890" />
    <nd ref="4460723891" />
    <nd ref="4460723892" />
    <nd ref="6178469404" />
    <nd ref="4460723893" />
    <nd ref="8843259913" />
    <nd ref="4460722387" />
    <nd ref="4460722385" />
    <nd ref="4460722382" />
    <nd ref="4460722381" />
    <tag k="highway" v="service" />
    <tag k="surface" v="asphalt" />
  </way>
  <way id="449106641" visible="true" version="5" changeset="119509676" timestamp="2022-04-09T15:59:05Z" user="literan" uid="830106">
    <nd ref="4460723893" />
    <nd ref="8843259912" />
    <nd ref="4460723900" />
    <nd ref="9654139477" />
    <nd ref="6178469405" />
    <nd ref="9654139478" />
    <nd ref="4460723897" />
    <nd ref="4460723895" />
    <tag k="highway" v="service" />
    <tag k="surface" v="asphalt" />
  </way>
  <way id="489594923" visible="true" version="6" changeset="161834946" timestamp="2025-01-27T21:04:17Z" user="literan" uid="830106">
    <nd ref="4331433682" />
    <nd ref="3641616315" />
    <nd ref="3641616316" />
    <nd ref="10775025208" />
    <nd ref="3641616317" />
    <nd ref="4460723897" />
    <nd ref="9654139468" />
    <nd ref="9654139473" />
    <nd ref="3641616318" />
    <nd ref="3641616319" />
    <nd ref="3641616320" />
    <nd ref="6178469416" />
    <nd ref="3641616321" />
    <nd ref="6178469415" />
    <nd ref="3641616322" />
    <nd ref="12537235106" />
    <nd ref="3641616323" />
    <nd ref="3641616324" />
    <nd ref="5118329009" />
    <nd ref="3641616326" />
    <nd ref="3641616327" />
    <tag k="highway" v="footway" />
    <tag k="surface" v="asphalt" />
  </way>
  <way id="520218896" visible="true" version="3" changeset="161834946" timestamp="2025-01-27T21:04:17Z" user="literan" uid="830106">
    <nd ref="12537235124" />
    <nd ref="12537235125" />
    <nd ref="3641616327" />
    <nd ref="5070892584" />
    <tag k="highway" v="footway" />
    <tag k="surface" v="asphalt" />
  </way>
  <way id="520218897" visible="true" version="1" changeset="51602787" timestamp="2017-08-31T07:21:12Z" user="augxcgrwxo" uid="371263">
    <nd ref="5070892584" />
    <nd ref="5070892585" />
    <tag k="highway" v="steps" />
    <tag k="incline" v="down" />
  </way>
  <way id="520218898" visible="true" version="1" changeset="51602787" timestamp="2017-08-31T07:21:12Z" user="augxcgrwxo" uid="371263">
    <nd ref="5070892585" />
    <nd ref="4460723900" />
    <tag k="highway" v="footway" />
  </way>
  <way id="526299731" visible="true" version="3" changeset="119509676" timestamp="2022-04-09T15:59:05Z" user="literan" uid="830106">
    <nd ref="9580996447" />
    <nd ref="9580996449" />
    <nd ref="9580996450" />
    <nd ref="9580996451" />
    <nd ref="5118328994" />
    <nd ref="1108028322" />
    <nd ref="5118328996" />
    <nd ref="5118328997" />
    <nd ref="5118328998" />
    <nd ref="5118328999" />
    <nd ref="5118329000" />
    <nd ref="5118329005" />
    <tag k="footway" v="sidewalk" />
    <tag k="highway" v="footway" />
    <tag k="surface" v="asphalt" />
  </way>
  <way id="526299732" visible="true" version="3" changeset="88180207" timestamp="2020-07-18T16:45:41Z" user="ks1v" uid="279214">
    <nd ref="5118329003" />
    <nd ref="1108028327" />
    <tag k="highway" v="footway" />
    <tag k="lit" v="yes" />
    <tag k="surface" v="paving_stones" />
  </way>
  <way id="526299733" visible="true" version="4" changeset="88180207" timestamp="2020-07-18T16:45:40Z" user="ks1v" uid="279214">
    <nd ref="5118329006" />
    <nd ref="5118329003" />
    <tag k="handrail" v="yes" />
    <tag k="highway" v="steps" />
    <tag k="lit" v="yes" />
    <tag k="surface" v="paving_stones" />
  </way>
  <way id="526299734" visible="true" version="2" changeset="119509676" timestamp="2022-04-09T15:59:05Z" user="literan" uid="830106">
    <nd ref="5118329000" />
    <nd ref="5118329002" />
    <nd ref="1166176660" />
    <nd ref="1166176669" />
    <nd ref="1166176680" />
    <tag k="highway" v="path" />
    <tag k="surface" v="ground" />
  </way>
  <way id="526299735" visible="true" version="5" changeset="118872850" timestamp="2022-03-24T16:44:41Z" user="literan" uid="830106">
    <nd ref="5118329001" />
    <nd ref="5118329005" />
    <tag k="handrail" v="yes" />
    <tag k="highway" v="steps" />
    <tag k="lit" v="yes" />
    <tag k="ramp" v="yes" />
    <tag k="surface" v="paving_stones" />
  </way>
  <way id="526299736" visible="true" version="2" changeset="65939295" timestamp="2019-01-01T18:23:56Z" user="literan" uid="830106">
    <nd ref="5118329006" />
    <nd ref="5118329004" />
    <nd ref="6177029326" />
    <nd ref="5118329007" />
    <nd ref="5118329008" />
    <tag k="highway" v="footway" />
    <tag k="surface" v="asphalt" />
  </way>
  <way id="588485120" visible="true" version="1" changeset="58997811" timestamp="2018-05-15T20:48:02Z" user="literan" uid="830106">
    <nd ref="5620601908" />
    <nd ref="5620601907" />
    <nd ref="5620601906" />
    <nd ref="5620601905" />
    <tag k="barrier" v="wall" />
  </way>
  <way id="588485121" visible="true" version="6" changeset="172557361" timestamp="2025-09-28T09:14:33Z" user="Svetlaya Lana" uid="22867320">
    <nd ref="5620601909" />
    <nd ref="1140895229" />
    <tag k="handrail" v="yes" />
    <tag k="highway" v="steps" />
    <tag k="incline" v="up" />
    <tag k="lit" v="yes" />
    <tag k="ramp" v="yes" />
    <tag k="ramp:stroller" v="yes" />
    <tag k="surface" v="paving_stones" />
  </way>
  <way id="588485122" visible="true" version="4" changeset="88180207" timestamp="2020-07-18T16:44:49Z" user="ks1v" uid="279214">
    <nd ref="1140895227" />
    <nd ref="5620601910" />
    <tag k="handrail" v="yes" />
    <tag k="highway" v="steps" />
    <tag k="lit" v="yes" />
    <tag k="surface" v="paving_stones" />
  </way>
  <way id="588485123" visible="true" version="3" changeset="89983266" timestamp="2020-08-26T17:23:08Z" user="ks1v" uid="279214">
    <nd ref="3548120128" />
    <nd ref="5620601911" />
    <nd ref="1140895227" />
    <tag k="highway" v="footway" />
    <tag k="lit" v="yes" />
    <tag k="surface" v="asphalt" />
  </way>
  <way id="659763348" visible="true" version="5" changeset="161834946" timestamp="2025-01-27T21:04:17Z" user="literan" uid="830106">
    <nd ref="2973775773" />
    <nd ref="6177029415" />
    <nd ref="2973775777" />
    <nd ref="6177029386" />
    <nd ref="2973775778" />
    <nd ref="2973775779" />
    <nd ref="2973775776" />
    <nd ref="2973775771" />
    <nd ref="8843259852" />
    <nd ref="569685135" />
    <nd ref="612562527" />
    <nd ref="2973775749" />
    <nd ref="2973775750" />
    <nd ref="2973775748" />
    <nd ref="2973775747" />
    <nd ref="569685119" />
    <nd ref="12537227899" />
    <nd ref="2973775742" />
    <nd ref="569685144" />
    <nd ref="2973775735" />
    <nd ref="2973775732" />
    <nd ref="6178469417" />
    <nd ref="569685146" />
    <nd ref="2973775717" />
    <nd ref="2973775706" />
    <nd ref="569685147" />
    <nd ref="2973775677" />
    <nd ref="2973775676" />
    <nd ref="577328689" />
    <nd ref="569685117" />
    <tag k="barrier" v="kerb" />
  </way>
  <way id="659911920" visible="true" version="1" changeset="65958099" timestamp="2019-01-02T13:16:48Z" user="literan" uid="830106">
    <nd ref="6178469405" />
    <nd ref="6178469404" />
    <tag k="highway" v="service" />
    <tag k="service" v="parking_aisle" />
    <tag k="surface" v="asphalt" />
  </way>
  <way id="659911921" visible="true" version="2" changeset="119509676" timestamp="2022-04-09T15:59:05Z" user="literan" uid="830106">
    <nd ref="6178469414" />
    <nd ref="6178469413" />
    <nd ref="6178469412" />
    <nd ref="6178469411" />
    <nd ref="6178469410" />
    <nd ref="6178469409" />
    <nd ref="6178469407" />
    <nd ref="6178469406" />
    <nd ref="6178469414" />
    <tag k="access" v="permissive" />
    <tag k="amenity" v="parking" />
    <tag k="fee" v="yes" />
    <tag k="parking" v="surface" />
  </way>
  <way id="659911922" visible="true" version="2" changeset="106553159" timestamp="2021-06-17T21:25:13Z" user="literan" uid="830106">
    <nd ref="6178469422" />
    <nd ref="6178469421" />
    <nd ref="6178469420" />
    <nd ref="8843259911" />
    <nd ref="6178469419" />
    <nd ref="6178469418" />
    <nd ref="6178469422" />
    <tag k="access" v="permissive" />
    <tag k="amenity" v="parking" />
    <tag k="fee" v="yes" />
    <tag k="parking" v="surface" />
  </way>
  <way id="659911923" visible="true" version="1" changeset="65958099" timestamp="2019-01-02T13:16:48Z" user="literan" uid="830106">
    <nd ref="6178469426" />
    <nd ref="6178469425" />
    <nd ref="6178469424" />
    <nd ref="6178469423" />
    <nd ref="6178469426" />
    <tag k="access" v="permissive" />
    <tag k="amenity" v="parking" />
    <tag k="fee" v="yes" />
    <tag k="parking" v="surface" />
  </way>
  <way id="955488385" visible="true" version="1" changeset="106553159" timestamp="2021-06-17T21:25:13Z" user="literan" uid="830106">
    <nd ref="4460723893" />
    <nd ref="6178469398" />
    <tag k="highway" v="service" />
    <tag k="surface" v="asphalt" />
  </way>
  <way id="1043477962" visible="true" version="3" changeset="176563450" timestamp="2025-12-29T08:09:23Z" user="Ozon OSM9" uid="22491755">
    <nd ref="9603558851" />
    <nd ref="9603558850" />
    <nd ref="9603558849" />
    <nd ref="9603558848" />
    <nd ref="9603558851" />
    <tag k="addr:housenumber" v="2А" />
    <tag k="addr:street" v="Мантулинская улица" />
    <tag k="building" v="service" />
  </way>
  <way id="1043477963" visible="true" version="1" changeset="118870418" timestamp="2022-03-24T15:42:42Z" user="literan" uid="830106">
    <nd ref="9603558855" />
    <nd ref="9603558854" />
    <nd ref="9603558853" />
    <nd ref="9603558852" />
    <nd ref="9603558855" />
    <tag k="leisure" v="playground" />
  </way>
  <way id="1043477965" visible="true" version="1" changeset="118870418" timestamp="2022-03-24T15:42:42Z" user="literan" uid="830106">
    <nd ref="9603558867" />
    <nd ref="9603558866" />
    <tag k="highway" v="footway" />
    <tag k="surface" v="asphalt" />
  </way>
  <way id="1043477966" visible="true" version="1" changeset="118870418" timestamp="2022-03-24T15:42:42Z" user="literan" uid="830106">
    <nd ref="9603558867" />
    <nd ref="3763579699" />
    <nd ref="462887146" />
    <tag k="highway" v="service" />
    <tag k="living_street" v="yes" />
    <tag k="surface" v="asphalt" />
  </way>
  <way id="1050564275" visible="true" version="1" changeset="119509676" timestamp="2022-04-09T15:59:05Z" user="literan" uid="830106">
    <nd ref="9654139471" />
    <nd ref="9654139479" />
    <nd ref="6178469402" />
    <tag k="highway" v="service" />
    <tag k="service" v="parking_aisle" />
    <tag k="surface" v="asphalt" />
  </way>
  <way id="1050564276" visible="true" version="1" changeset="119509676" timestamp="2022-04-09T15:59:05Z" user="literan" uid="830106">
    <nd ref="9654139474" />
    <nd ref="9654139473" />
    <nd ref="9654139469" />
    <nd ref="9654139472" />
    <nd ref="9654139471" />
    <nd ref="9654139475" />
    <tag k="highway" v="service" />
  </way>
  <way id="1050564277" visible="true" version="1" changeset="119509676" timestamp="2022-04-09T15:59:05Z" user="literan" uid="830106">
    <nd ref="9654139476" />
    <nd ref="9654139468" />
    <nd ref="9654139470" />
    <nd ref="9654139475" />
    <nd ref="9654139477" />
    <tag k="highway" v="service" />
  </way>
  <way id="1050564278" visible="true" version="1" changeset="119509676" timestamp="2022-04-09T15:59:05Z" user="literan" uid="830106">
    <nd ref="6178469400" />
    <nd ref="9654139480" />
    <nd ref="9654139479" />
    <tag k="highway" v="service" />
    <tag k="service" v="parking_aisle" />
    <tag k="surface" v="asphalt" />
  </way>
  <way id="1158548641" visible="true" version="1" changeset="134320888" timestamp="2023-03-30T21:22:20Z" user="Bobropiton" uid="2055718">
    <nd ref="10774195328" />
    <nd ref="444863446" />
    <tag k="highway" v="service" />
  </way>
  <way id="1158548642" visible="true" version="2" changeset="148310820" timestamp="2024-03-06T18:59:58Z" user="sirorezka" uid="4823594">
    <nd ref="10774195330" />
    <nd ref="10774195331" />
    <nd ref="11698565351" />
    <nd ref="10774195332" />
    <nd ref="10774195333" />
    <nd ref="10774195334" />
    <nd ref="10774195357" />
    <nd ref="10774195335" />
    <nd ref="10774195336" />
    <nd ref="10774195329" />
    <nd ref="1140895229" />
    <tag k="highway" v="footway" />
    <tag k="lit" v="yes" />
    <tag k="surface" v="asphalt" />
  </way>
  <way id="1158548648" visible="true" version="1" changeset="134320888" timestamp="2023-03-30T21:22:20Z" user="Bobropiton" uid="2055718">
    <nd ref="10774195358" />
    <nd ref="10774195357" />
    <nd ref="444863446" />
    <tag k="highway" v="service" />
    <tag k="lanes" v="1" />
    <tag k="oneway" v="yes" />
    <tag k="surface" v="asphalt" />
  </way>
  <way id="1158548649" visible="true" version="1" changeset="134320888" timestamp="2023-03-30T21:22:20Z" user="Bobropiton" uid="2055718">
    <nd ref="444863446" />
    <nd ref="10774195335" />
    <nd ref="10774195359" />
    <nd ref="3548120112" />
    <tag k="highway" v="service" />
    <tag k="lanes" v="1" />
    <tag k="oneway" v="yes" />
    <tag k="surface" v="asphalt" />
  </way>
  <way id="1158548650" visible="true" version="1" changeset="134320888" timestamp="2023-03-30T21:22:20Z" user="Bobropiton" uid="2055718">
    <nd ref="10774195362" />
    <nd ref="10774195333" />
    <nd ref="10774195361" />
    <tag k="highway" v="service" />
  </way>
  <way id="1258385135" visible="true" version="1" changeset="148310820" timestamp="2024-03-06T18:59:58Z" user="sirorezka" uid="4823594">
    <nd ref="11698565338" />
    <nd ref="11698565339" />
    <nd ref="11698565340" />
    <nd ref="11698565341" />
    <nd ref="11698565342" />
    <nd ref="11698565343" />
    <nd ref="11698565344" />
    <nd ref="11698565338" />
    <tag k="landuse" v="grass" />
  </way>
  <way id="1258385138" visible="true" version="1" changeset="148310820" timestamp="2024-03-06T18:59:58Z" user="sirorezka" uid="4823594">
    <nd ref="11698565334" />
    <nd ref="11698565355" />
    <nd ref="11698565356" />
    <nd ref="11698565357" />
    <nd ref="11698565358" />
    <nd ref="11698565359" />
    <nd ref="11698565360" />
    <nd ref="11698565361" />
    <nd ref="11698565362" />
    <nd ref="11698565363" />
    <nd ref="11698565364" />
    <nd ref="11698565365" />
    <nd ref="11698565333" />
    <nd ref="11698565350" />
    <nd ref="11698565349" />
    <nd ref="11698565334" />
    <tag k="landuse" v="grass" />
  </way>
  <way id="1276577391" visible="true" version="1" changeset="150557300" timestamp="2024-04-26T21:04:37Z" user="literan" uid="830106">
    <nd ref="11851428606" />
    <nd ref="11851428605" />
    <nd ref="11851428604" />
    <nd ref="11851428603" />
    <tag k="barrier" v="wall" />
  </way>
  <way id="1276577392" visible="true" version="1" changeset="150557300" timestamp="2024-04-26T21:04:37Z" user="literan" uid="830106">
    <nd ref="11851428610" />
    <nd ref="11851428609" />
    <nd ref="11851428608" />
    <nd ref="11851428607" />
    <tag k="barrier" v="wall" />
  </way>
  <way id="1276577393" visible="true" version="1" changeset="150557300" timestamp="2024-04-26T21:04:37Z" user="literan" uid="830106">
    <nd ref="11851428614" />
    <nd ref="11851428613" />
    <nd ref="11851428612" />
    <nd ref="11851428611" />
    <tag k="barrier" v="wall" />
  </way>
  <way id="1354745543" visible="true" version="1" changeset="161834946" timestamp="2025-01-27T21:04:17Z" user="literan" uid="830106">
    <nd ref="3763579691" />
    <nd ref="12537227897" />
    <tag k="highway" v="footway" />
    <tag k="lit" v="yes" />
    <tag k="surface" v="asphalt" />
  </way>
  <way id="1354745544" visible="true" version="1" changeset="161834946" timestamp="2025-01-27T21:04:17Z" user="literan" uid="830106">
    <nd ref="3641616321" />
    <nd ref="2973775732" />
    <tag k="highway" v="footway" />
    <tag k="lit" v="yes" />
    <tag k="surface" v="asphalt" />
  </way>
  <way id="1354745545" visible="true" version="1" changeset="161834946" timestamp="2025-01-27T21:04:17Z" user="literan" uid="830106">
    <nd ref="12537227898" />
    <nd ref="12537235101" />
    <tag k="highway" v="footway" />
    <tag k="lit" v="yes" />
    <tag k="surface" v="asphalt" />
  </way>
  <way id="1354745546" visible="true" version="1" changeset="161834946" timestamp="2025-01-27T21:04:17Z" user="literan" uid="830106">
    <nd ref="3763579695" />
    <nd ref="12537227896" />
    <nd ref="12537227895" />
    <nd ref="12537227898" />
    <tag k="footway" v="crossing" />
    <tag k="highway" v="footway" />
    <tag k="lit" v="yes" />
    <tag k="surface" v="asphalt" />
  </way>
  <way id="1354745547" visible="true" version="1" changeset="161834946" timestamp="2025-01-27T21:04:17Z" user="literan" uid="830106">
    <nd ref="12537227899" />
    <nd ref="12537235106" />
    <tag k="highway" v="footway" />
    <tag k="lit" v="yes" />
    <tag k="surface" v="asphalt" />
  </way>
  <way id="1354745548" visible="true" version="1" changeset="161834946" timestamp="2025-01-27T21:04:17Z" user="literan" uid="830106">
    <nd ref="12537235101" />
    <nd ref="12537227900" />
    <tag k="highway" v="footway" />
    <tag k="lit" v="yes" />
    <tag k="surface" v="asphalt" />
  </way>
  <way id="1354745549" visible="true" version="1" changeset="161834946" timestamp="2025-01-27T21:04:17Z" user="literan" uid="830106">
    <nd ref="12537235101" />
    <nd ref="5118328999" />
    <tag k="highway" v="footway" />
    <tag k="lit" v="yes" />
    <tag k="surface" v="asphalt" />
  </way>
  <way id="1354745550" visible="true" version="1" changeset="161834946" timestamp="2025-01-27T21:04:17Z" user="literan" uid="830106">
    <nd ref="1569671109" />
    <nd ref="3763579695" />
    <tag k="highway" v="footway" />
    <tag k="lit" v="yes" />
    <tag k="surface" v="asphalt" />
  </way>
  <way id="1354745551" visible="true" version="1" changeset="161834946" timestamp="2025-01-27T21:04:17Z" user="literan" uid="830106">
    <nd ref="12537227897" />
    <nd ref="5620601904" />
    <nd ref="12537235104" />
    <tag k="footway" v="crossing" />
    <tag k="highway" v="footway" />
    <tag k="lit" v="yes" />
    <tag k="surface" v="asphalt" />
  </way>
  <way id="1354745552" visible="true" version="1" changeset="161834946" timestamp="2025-01-27T21:04:17Z" user="literan" uid="830106">
    <nd ref="2973775732" />
    <nd ref="12537235102" />
    <nd ref="12537235103" />
    <nd ref="12537235104" />
    <tag k="footway" v="crossing" />
    <tag k="highway" v="footway" />
    <tag k="lit" v="yes" />
    <tag k="surface" v="asphalt" />
  </way>
  <way id="1354745553" visible="true" version="1" changeset="161834946" timestamp="2025-01-27T21:04:17Z" user="literan" uid="830106">
    <nd ref="12537227900" />
    <nd ref="12537235105" />
    <nd ref="12537227899" />
    <tag k="footway" v="crossing" />
    <tag k="highway" v="footway" />
    <tag k="lit" v="yes" />
    <tag k="surface" v="asphalt" />
  </way>
  <way id="1354745554" visible="true" version="1" changeset="161834946" timestamp="2025-01-27T21:04:17Z" user="literan" uid="830106">
    <nd ref="12537235115" />
    <nd ref="12537235114" />
    <nd ref="12537235113" />
    <nd ref="12537235112" />
    <nd ref="12537235111" />
    <tag k="barrier" v="wall" />
  </way>
  <way id="1354745555" visible="true" version="1" changeset="161834946" timestamp="2025-01-27T21:04:17Z" user="literan" uid="830106">
    <nd ref="12537235119" />
    <nd ref="12537235118" />
    <nd ref="12537235117" />
    <nd ref="12537235116" />
    <tag k="barrier" v="wall" />
  </way>
  <way id="1354745556" visible="true" version="1" changeset="161834946" timestamp="2025-01-27T21:04:17Z" user="literan" uid="830106">
    <nd ref="12537235123" />
    <nd ref="12537235122" />
    <nd ref="12537235121" />
    <nd ref="12537235120" />
    <tag k="barrier" v="wall" />
  </way>
</osm>